{
  "type" : "FeatureCollection",
  "features" : [{"type":"Feature","id":1,"geometry":{"type":"Polygon","coordinates":[[[-106.59834522401577,31.898872356470118],[-106.59903328701995,31.898870474022029],[-106.59901391054512,31.898638325192362],[-106.59895374191446,31.898642688135919],[-106.59833041410656,31.898643162048845],[-106.59834522401577,31.898872356470118]]]},"properties":{"OBJECTID":1,"Join_Count":1,"TARGET_FID":268,"PlaceType":"Regional Corridor","SB840":"Y","TRACTCE":"010228","BLKGRPCE":"2","GEOID":"481410102282","INTPTLAT":"+31.9024075","INTPTLON":"-106.5957772","GrowthArea":"Y","LotArea":17715,"ZONELABEL":"C-4","Shape_Length":593.91811429960103,"Shape_Area":17715.340987250096}},{"type":"Feature","id":2,"geometry":{"type":"Polygon","coordinates":[[[-106.59514083792519,31.899427019602655],[-106.59907956593401,31.899424893118812],[-106.59903328701995,31.898870474022029],[-106.59834522401577,31.898872356470118],[-106.59833041410656,31.898643162048845],[-106.59746301337887,31.898643818036238],[-106.59745764393988,31.898688006452883],[-106.59740990340084,31.898766736417233],[-106.59733993553706,31.898814924667107],[-106.59706584209474,31.898872811440839],[-106.59590800772173,31.898936134823639],[-106.59558012572093,31.898941628317139],[-106.59532481271648,31.898955542751342],[-106.59514465612288,31.898978676397665],[-106.59514151630881,31.899347284081401],[-106.59514083792519,31.899427019602655]]]},"properties":{"OBJECTID":2,"Join_Count":2,"TARGET_FID":272,"PlaceType":"Regional Corridor","SB840":"Y","TRACTCE":"010228","BLKGRPCE":"2","GEOID":"481410102282","INTPTLAT":"+31.9024075","INTPTLON":"-106.5957772","GrowthArea":"Y","LotArea":258939,"ZONELABEL":"R-4","Shape_Length":2915.7354665022885,"Shape_Area":258938.98634107894}},{"type":"Feature","id":3,"geometry":{"type":"Polygon","coordinates":[[[-106.59009760706647,31.908959792393144],[-106.59042512151463,31.908957439240922],[-106.59042708801849,31.908435770498603],[-106.59041997513158,31.908436103105604],[-106.58996330221458,31.90845744514332],[-106.58991896331821,31.908459518620962],[-106.58988306102985,31.908461196835347],[-106.58988237380734,31.908461228937245],[-106.58988960886536,31.908477570916371],[-106.59009760706647,31.908959792393144]]]},"properties":{"OBJECTID":3,"Join_Count":2,"TARGET_FID":320,"PlaceType":"Regional Corridor","SB840":"Y","TRACTCE":" ","BLKGRPCE":" ","GEOID":" ","INTPTLAT":" ","INTPTLON":" ","GrowthArea":"Y","LotArea":25278,"ZONELABEL":"C-3","Shape_Length":653.99914752337975,"Shape_Area":25278.187566740515}},{"type":"Feature","id":4,"geometry":{"type":"Polygon","coordinates":[[[-106.59061124645879,31.908956102081287],[-106.59077193693929,31.908954946716317],[-106.59078133226477,31.908707643683488],[-106.59076760625364,31.908630768394723],[-106.59076887117189,31.908419794617817],[-106.59042708801849,31.908435770498603],[-106.59042512151463,31.908957439240922],[-106.59045013039299,31.908957258721035],[-106.59061124645879,31.908956102081287]]]},"properties":{"OBJECTID":4,"Join_Count":1,"TARGET_FID":321,"PlaceType":"Regional Corridor","SB840":"Y","TRACTCE":" ","BLKGRPCE":" ","GEOID":" ","INTPTLAT":" ","INTPTLON":" ","GrowthArea":"Y","LotArea":20698,"ZONELABEL":"C-3","Shape_Length":598.69382608091064,"Shape_Area":20697.513360160377}},{"type":"Feature","id":5,"geometry":{"type":"Polygon","coordinates":[[[-106.59077193693929,31.908954946716317],[-106.59093347845972,31.90895378640387],[-106.59094006597404,31.908412558638538],[-106.59076887117189,31.908419794617817],[-106.59076760625364,31.908630768394723],[-106.59078133226477,31.908707643683488],[-106.59077193693929,31.908954946716317]]]},"properties":{"OBJECTID":5,"Join_Count":1,"TARGET_FID":322,"PlaceType":"Regional Corridor","SB840":"Y","TRACTCE":" ","BLKGRPCE":" ","GEOID":" ","INTPTLAT":" ","INTPTLON":" ","GrowthArea":"Y","LotArea":9950,"ZONELABEL":"C-3","Shape_Length":495.29001518267506,"Shape_Area":9949.9318527536707}},{"type":"Feature","id":6,"geometry":{"type":"Polygon","coordinates":[[[-106.59015260328968,31.909488047606096],[-106.59032438685425,31.909486814389993],[-106.59018631155389,31.909165938219083],[-106.59009760706647,31.908959792393144],[-106.58988960886536,31.908477570916371],[-106.58988237380734,31.908461228937245],[-106.58987152919046,31.908461735317942],[-106.58982768100201,31.908463783390665],[-106.5897467536395,31.908467567049708],[-106.58974637463494,31.90854329252975],[-106.5897464935878,31.908544260526568],[-106.59000613560457,31.909147662078158],[-106.59015260328968,31.909488047606096]]]},"properties":{"OBJECTID":6,"Join_Count":1,"TARGET_FID":323,"PlaceType":"Regional Corridor","SB840":"Y","TRACTCE":" ","BLKGRPCE":" ","GEOID":" ","INTPTLAT":" ","INTPTLON":" ","GrowthArea":"Y","LotArea":19731,"ZONELABEL":"C-3","Shape_Length":886.63101682116837,"Shape_Area":19731.493683448305}},{"type":"Feature","id":7,"geometry":{"type":"Polygon","coordinates":[[[-106.58338046609407,31.912213861504394],[-106.5841338815229,31.912216628172516],[-106.58413422100543,31.911616338754012],[-106.58349806544163,31.911613588404634],[-106.58338165273369,31.9119789998676],[-106.58338046609407,31.912213861504394]]]},"properties":{"OBJECTID":7,"Join_Count":1,"TARGET_FID":348,"PlaceType":"Regional Corridor","SB840":"Y","TRACTCE":" ","BLKGRPCE":" ","GEOID":" ","INTPTLAT":" ","INTPTLON":" ","GrowthArea":"Y","LotArea":48621,"ZONELABEL":"C-4","Shape_Length":872.79381146035769,"Shape_Area":48620.720042736626}},{"type":"Feature","id":8,"geometry":{"type":"Polygon","coordinates":[[[-106.58337240727202,31.913809151833089],[-106.58412583431212,31.913811918596455],[-106.58412851674578,31.913280155244976],[-106.58337509392801,31.913277388496454],[-106.58337240727202,31.913809151833089]]]},"properties":{"OBJECTID":8,"Join_Count":1,"TARGET_FID":361,"PlaceType":"Regional Corridor","SB840":"Y","TRACTCE":" ","BLKGRPCE":" ","GEOID":" ","INTPTLAT":" ","INTPTLON":" ","GrowthArea":"Y","LotArea":45230,"ZONELABEL":"C-4","Shape_Length":854.50753286136376,"Shape_Area":45229.614281363647}},{"type":"Feature","id":9,"geometry":{"type":"Polygon","coordinates":[[[-106.58336972058594,31.91434091504652],[-106.58412315290403,31.914343681774113],[-106.58412416845046,31.914142367079709],[-106.58412583431212,31.913811918596455],[-106.58337240727202,31.913809151833089],[-106.58336972058594,31.91434091504652]]]},"properties":{"OBJECTID":9,"Join_Count":1,"TARGET_FID":370,"PlaceType":"Regional Corridor","SB840":"Y","TRACTCE":" ","BLKGRPCE":" ","GEOID":" ","INTPTLAT":" ","INTPTLON":" ","GrowthArea":"Y","LotArea":45230,"ZONELABEL":"C-4","Shape_Length":854.50784055140457,"Shape_Area":45229.656142869542}},{"type":"Feature","id":10,"geometry":{"type":"Polygon","coordinates":[[[-106.58558265438644,31.917819713460151],[-106.5861989008725,31.917824231295089],[-106.58619941848598,31.917659306345332],[-106.58503095386671,31.917650738052071],[-106.58328999891829,31.917637953967589],[-106.58329177439984,31.917802896923359],[-106.58496639535059,31.917815194221745],[-106.58502201222109,31.917815601950611],[-106.58558265438644,31.917819713460151]]]},"properties":{"OBJECTID":10,"Join_Count":2,"TARGET_FID":432,"PlaceType":"Regional Corridor","SB840":"Y","TRACTCE":" ","BLKGRPCE":" ","GEOID":" ","INTPTLAT":" ","INTPTLON":" ","GrowthArea":"Y","LotArea":54147,"ZONELABEL":"R-3","Shape_Length":1924.9241611341959,"Shape_Area":54146.628293203212}},{"type":"Feature","id":11,"geometry":{"type":"Polygon","coordinates":[[[-106.58330262535826,31.921629229080466],[-106.58515379317014,31.921622818101746],[-106.58509464132339,31.920244483523515],[-106.58475901294857,31.920348091862333],[-106.58474641701899,31.919068284790068],[-106.58331617336182,31.919064991326575],[-106.58330262535826,31.921629229080466]]]},"properties":{"OBJECTID":11,"Join_Count":2,"TARGET_FID":473,"PlaceType":"Regional Corridor","SB840":"Y","TRACTCE":" ","BLKGRPCE":" ","GEOID":" ","INTPTLAT":" ","INTPTLON":" ","GrowthArea":"Y","LotArea":472896,"ZONELABEL":"C-3","Shape_Length":3029.2010420142947,"Shape_Area":472896.30648519739}},{"type":"Feature","id":12,"geometry":{"type":"Polygon","coordinates":[[[-106.5850616297772,31.922958041903009],[-106.58521012922705,31.922958086473656],[-106.58515379317014,31.921622818101746],[-106.58330262535826,31.921629229080466],[-106.58330398830957,31.922972429733218],[-106.5848271682715,31.922959962017618],[-106.5850616297772,31.922958041903009]]]},"properties":{"OBJECTID":12,"Join_Count":2,"TARGET_FID":481,"PlaceType":"Regional Corridor","SB840":"Y","TRACTCE":" ","BLKGRPCE":" ","GEOID":" ","INTPTLAT":" ","INTPTLON":" ","GrowthArea":"Y","LotArea":283911,"ZONELABEL":"C-3","Shape_Length":2140.5930677497431,"Shape_Area":283910.75083268632}},{"type":"Feature","id":13,"geometry":{"type":"Polygon","coordinates":[[[-106.58482122767201,31.925576247896032],[-106.58493403419432,31.925574999476563],[-106.58493491057438,31.925189017220607],[-106.58501290918825,31.924643305818467],[-106.58505813894503,31.924496591705072],[-106.58505857585854,31.924304179072397],[-106.5850590127702,31.924111766423401],[-106.58505944862448,31.923919353808834],[-106.58505988553263,31.923726941127381],[-106.58506032138335,31.923534528480332],[-106.58506108967667,31.923196220842382],[-106.5850616297772,31.922958041903009],[-106.5848271682715,31.922959962017618],[-106.58482408118851,31.924319358474229],[-106.58482122767201,31.925576247896032]]]},"properties":{"OBJECTID":13,"Join_Count":1,"TARGET_FID":495,"PlaceType":"Regional Corridor","SB840":"Y","TRACTCE":" ","BLKGRPCE":" ","GEOID":" ","INTPTLAT":" ","INTPTLON":" ","GrowthArea":"Y","LotArea":58439,"ZONELABEL":"C-3","Shape_Length":2014.9002108009506,"Shape_Area":58439.300056118976}},{"type":"Feature","id":14,"geometry":{"type":"Polygon","coordinates":[[[-106.58493403419432,31.925574999476563],[-106.58505569592852,31.925573818349488],[-106.58505602402326,31.92542946285986],[-106.58505683030542,31.925073829404472],[-106.58505726616848,31.924881416871141],[-106.58505770308552,31.924689004270888],[-106.58505813894503,31.924496591705072],[-106.58501290918825,31.924643305818467],[-106.58493491057438,31.925189017220607],[-106.58493403419432,31.925574999476563]]]},"properties":{"OBJECTID":14,"Join_Count":1,"TARGET_FID":496,"PlaceType":"Regional Corridor","SB840":"Y","TRACTCE":" ","BLKGRPCE":" ","GEOID":" ","INTPTLAT":" ","INTPTLON":" ","GrowthArea":"Y","LotArea":10794,"ZONELABEL":"C-3","Shape_Length":825.25693938332643,"Shape_Area":10793.927566382641}},{"type":"Feature","id":15,"geometry":{"type":"Polygon","coordinates":[[[-106.58338774069519,31.927150945452734],[-106.58506066235041,31.927160812666845],[-106.58506070801924,31.927132461190926],[-106.58506102891214,31.92691799617079],[-106.58506134761336,31.926703578204314],[-106.58506167289117,31.926489099384487],[-106.58506199153011,31.926274680477235],[-106.58506231344619,31.926060182809991],[-106.58506268487031,31.925812446881206],[-106.58506273421355,31.925801763621209],[-106.58348291997655,31.925801778543438],[-106.58346406640769,31.92580313183338],[-106.58344574352454,31.925807152240765],[-106.58342846604889,31.925813727460607],[-106.58341271955159,31.92582267252045],[-106.58339894708426,31.925833735840776],[-106.58338753587033,31.925846606196238],[-106.58337880628576,31.92586092227657],[-106.58338774069519,31.927150945452734]]]},"properties":{"OBJECTID":15,"Join_Count":1,"TARGET_FID":505,"PlaceType":"Regional Corridor","SB840":"Y","TRACTCE":" ","BLKGRPCE":" ","GEOID":" ","INTPTLAT":" ","INTPTLON":" ","GrowthArea":"Y","LotArea":256369,"ZONELABEL":"C-3","Shape_Length":2014.0647573524834,"Shape_Area":256369.15843740298}},{"type":"Feature","id":16,"geometry":{"type":"Polygon","coordinates":[[[-106.58339609332097,31.928356872098259],[-106.58505885314324,31.928366679508091],[-106.58505907989209,31.928215698331282],[-106.58505941874454,31.927990250888975],[-106.5850597417087,31.927775801205836],[-106.5850600636157,31.927561351553067],[-106.58506038552123,31.927346901880146],[-106.58506066235041,31.927160812666845],[-106.58338774069519,31.927150945452734],[-106.58339609332097,31.928356872098259]]]},"properties":{"OBJECTID":16,"Join_Count":1,"TARGET_FID":507,"PlaceType":"Regional Corridor","SB840":"Y","TRACTCE":" ","BLKGRPCE":" ","GEOID":" ","INTPTLAT":" ","INTPTLON":" ","GrowthArea":"Y","LotArea":227014,"ZONELABEL":"C-3","Shape_Length":1912.3845458478345,"Shape_Area":227013.76002910969}},{"type":"Feature","id":17,"geometry":{"type":"Polygon","coordinates":[[[-106.58330735424882,31.929799428199278],[-106.58501636617449,31.929809509108104],[-106.58501432419381,31.929156991622467],[-106.58492915485684,31.929172407301305],[-106.58484309000819,31.929183640505805],[-106.58475641311691,31.929190653247371],[-106.58466940660981,31.929193423846481],[-106.58456645362841,31.929193331989147],[-106.58446365750382,31.929188504940612],[-106.58436131465606,31.929178956482254],[-106.58425972562256,31.929164714650739],[-106.58332065920952,31.928966290343638],[-106.58330735424882,31.929799428199278]]]},"properties":{"OBJECTID":17,"Join_Count":3,"TARGET_FID":516,"PlaceType":"Regional Corridor","SB840":"Y","TRACTCE":" ","BLKGRPCE":" ","GEOID":" ","INTPTLAT":" ","INTPTLON":" ","GrowthArea":"Y","LotArea":131968,"ZONELABEL":"C-3","Shape_Length":1606.7400482313369,"Shape_Area":131968.22661989633}},{"type":"Feature","id":20,"geometry":{"type":"Polygon","coordinates":[[[-106.58329967236484,31.931471302057158],[-106.58432825116354,31.931447800379431],[-106.58501986905908,31.930928917595921],[-106.58501973838179,31.930887248156431],[-106.58501855484943,31.930509091974123],[-106.58501706061551,31.930031499748864],[-106.58501636617449,31.929809509108104],[-106.58330735424882,31.929799428199278],[-106.58329967236484,31.931471302057158]]]},"properties":{"OBJECTID":20,"Join_Count":3,"TARGET_FID":529,"PlaceType":"Regional Corridor","SB840":"Y","TRACTCE":" ","BLKGRPCE":" ","GEOID":" ","INTPTLAT":" ","INTPTLON":" ","GrowthArea":"Y","LotArea":299237,"ZONELABEL":"I-MU","Shape_Length":2150.7475635866554,"Shape_Area":299236.65639084461}},{"type":"Feature","id":13669,"geometry":{"type":"Polygon","coordinates":[[[-106.54663713369983,31.809848649822971],[-106.54652013419722,31.809748402177178],[-106.54620931008404,31.810014337557533],[-106.54644360537105,31.810013515685402],[-106.54663713369983,31.809848649822971]]]},"properties":{"OBJECTID":13669,"Join_Count":1,"TARGET_FID":25781,"PlaceType":"Urban Center","SB840":"Y","TRACTCE":"001204","BLKGRPCE":"1","GEOID":"481410012041","INTPTLAT":"+31.8236933","INTPTLON":"-106.5623813","GrowthArea":"Y","LotArea":5692,"ZONELABEL":"C-4","Shape_Length":345.87490511803554,"Shape_Area":5692.3501596956039}},{"type":"Feature","id":13673,"geometry":{"type":"Polygon","coordinates":[[[-106.54681441716104,31.809478780923069],[-106.54829270062041,31.810187850355192],[-106.54862322828076,31.80964647720802],[-106.54890206852427,31.809136382559362],[-106.5489054114355,31.809130267600199],[-106.54890542618375,31.8091302343779],[-106.54891203304328,31.80911815546451],[-106.54983766152837,31.809193105304708],[-106.55092373086296,31.80894106878123],[-106.55091287451501,31.808900119911371],[-106.55105279247358,31.808867927969541],[-106.55110638646728,31.808855597391723],[-106.55005071330206,31.808334402413909],[-106.54977005366366,31.80820066827247],[-106.5496120191674,31.808329633155992],[-106.54945398529648,31.808458597790708],[-106.54852919670536,31.808017922767441],[-106.54681441716104,31.809478780923069]]]},"properties":{"OBJECTID":13673,"Join_Count":3,"TARGET_FID":25788,"PlaceType":"Heavy Industrial","SB840":"Y","TRACTCE":"001204","BLKGRPCE":"1","GEOID":"481410012041","INTPTLAT":"+31.8236933","INTPTLON":"-106.5623813","GrowthArea":"Y","LotArea":431759,"ZONELABEL":"C-4","Shape_Length":3372.8257281594824,"Shape_Area":431758.90740801551}},{"type":"Feature","id":13674,"geometry":{"type":"Polygon","coordinates":[[[-106.55166993559065,31.809153795438707],[-106.55334734312497,31.809957088470508],[-106.55337138222154,31.809921327718168],[-106.55173027450688,31.809135419147701],[-106.551677026194,31.809112332269699],[-106.55166993559065,31.809153795438707]]]},"properties":{"OBJECTID":13674,"Join_Count":2,"TARGET_FID":25789,"PlaceType":"Urban Center","SB840":"Y","TRACTCE":"001204","BLKGRPCE":"1","GEOID":"481410012041","INTPTLAT":"+31.8236933","INTPTLON":"-106.5623813","GrowthArea":"Y","LotArea":8998,"ZONELABEL":"C-4","Shape_Length":1230.7313370848096,"Shape_Area":8998.1384952896115}},{"type":"Feature","id":13677,"geometry":{"type":"Polygon","coordinates":[[[-106.54681441716104,31.809478780923069],[-106.54852919670536,31.808017922767441],[-106.54870500355185,31.807868143478331],[-106.54822179567709,31.80779073167777],[-106.54803365806352,31.807941932899887],[-106.54549518659046,31.80998196673913],[-106.54561794920481,31.810115275422419],[-106.54581909576763,31.810295717066353],[-106.54670776855565,31.809507003189875],[-106.54675042376699,31.809533296816809],[-106.54681441716104,31.809478780923069]]]},"properties":{"OBJECTID":13677,"Join_Count":3,"TARGET_FID":25794,"PlaceType":"Heavy Industrial","SB840":"Y","TRACTCE":"001204","BLKGRPCE":"1","GEOID":"481410012041","INTPTLAT":"+31.8236933","INTPTLON":"-106.5623813","GrowthArea":"Y","LotArea":167812,"ZONELABEL":"C-4","Shape_Length":2740.3751795061312,"Shape_Area":167812.09867403089}},{"type":"Feature","id":13695,"geometry":{"type":"Polygon","coordinates":[[[-106.54983808430929,31.810186291820372],[-106.55041412997711,31.810448607417182],[-106.55089348560988,31.809698961016029],[-106.55134517587332,31.808968452204805],[-106.5511931573662,31.808896606143907],[-106.55111881614852,31.80886147184982],[-106.55110638646728,31.808855597391723],[-106.55105279247358,31.808867927969541],[-106.54971693386419,31.810131507359451],[-106.54983808430929,31.810186291820372]]]},"properties":{"OBJECTID":13695,"Join_Count":3,"TARGET_FID":25817,"PlaceType":"Heavy Industrial","SB840":"Y","TRACTCE":"001204","BLKGRPCE":"1","GEOID":"481410012041","INTPTLAT":"+31.8236933","INTPTLON":"-106.5623813","GrowthArea":"Y","LotArea":104604,"ZONELABEL":"C-4","Shape_Length":1577.9255870199652,"Shape_Area":104604.28320377614}},{"type":"Feature","id":13727,"geometry":{"type":"Polygon","coordinates":[[[-106.54839884697661,31.810546883445156],[-106.54848267940061,31.81058775973592],[-106.54950683686423,31.811050763115354],[-106.54951379524755,31.811031260543583],[-106.54950433313343,31.811025266758069],[-106.54983808430929,31.810186291820372],[-106.54971693386419,31.810131507359451],[-106.54920519314149,31.809900096665999],[-106.54869345168972,31.809668683191209],[-106.54862322828076,31.80964647720802],[-106.54829270062041,31.810187850355192],[-106.54815310478209,31.810397932615594],[-106.5483837207625,31.810540085198298],[-106.54839884697661,31.810546883445156]]]},"properties":{"OBJECTID":13727,"Join_Count":2,"TARGET_FID":25857,"PlaceType":"Urban Center","SB840":"Y","TRACTCE":"001204","BLKGRPCE":"1","GEOID":"481410012041","INTPTLAT":"+31.8236933","INTPTLON":"-106.5623813","GrowthArea":"Y","LotArea":146484,"ZONELABEL":"C-4","Shape_Length":1552.6404381820957,"Shape_Area":146484.30071158425}},{"type":"Feature","id":13735,"geometry":{"type":"Polygon","coordinates":[[[-106.55809474723171,31.81033223683486],[-106.55849133976896,31.810736640477892],[-106.55886883494665,31.810460164666768],[-106.55809474723171,31.81033223683486]]]},"properties":{"OBJECTID":13735,"Join_Count":2,"TARGET_FID":25868,"PlaceType":"Urban Center","SB840":"Y","TRACTCE":"001302","BLKGRPCE":"4","GEOID":"481410013024","INTPTLAT":"+31.8181120","INTPTLON":"-106.5674295","GrowthArea":"Y","LotArea":14821,"ZONELABEL":"C-1","Shape_Length":591.30887649482054,"Shape_Area":14821.474003497175}},{"type":"Feature","id":13747,"geometry":{"type":"Polygon","coordinates":[[[-106.54815310478209,31.810397932615594],[-106.54676270072177,31.809540864480901],[-106.54652013419722,31.809748402177178],[-106.54620931008404,31.810014337557533],[-106.54591284317745,31.810267986842696],[-106.54709640470233,31.811466650410182],[-106.54710730389469,31.811473333591984],[-106.54711932301862,31.811478429540184],[-106.5471321454275,31.811481803430734],[-106.54714543855989,31.811483368169576],[-106.54715885276686,31.811483082642468],[-106.5471720373656,31.811480954561397],[-106.54718464790302,31.811477038311089],[-106.54719635377309,31.811471438198691],[-106.54811840462054,31.810806985220463],[-106.54815712636703,31.810776256526164],[-106.54818991322385,31.81074084957039],[-106.54821599945036,31.810701589485312],[-106.54823272305094,31.810674391728018],[-106.54825418945516,31.810649741415872],[-106.54827987934172,31.81062823692703],[-106.54830916902095,31.810610401232985],[-106.54834134636297,31.810596666685463],[-106.54837563241077,31.81058736585512],[-106.54841119262541,31.810582725575028],[-106.54844716699391,31.810582858276643],[-106.54845482797526,31.810583915952812],[-106.5483837207625,31.810540085198298],[-106.54815310478209,31.810397932615594]]]},"properties":{"OBJECTID":13747,"Join_Count":1,"TARGET_FID":25884,"PlaceType":"Urban Center","SB840":"Y","TRACTCE":"001204","BLKGRPCE":"1","GEOID":"481410012041","INTPTLAT":"+31.8236933","INTPTLON":"-106.5623813","GrowthArea":"Y","LotArea":273586,"ZONELABEL":"C-4","Shape_Length":2141.6044601981876,"Shape_Area":273586.12378124025}},{"type":"Feature","id":13751,"geometry":{"type":"Polygon","coordinates":[[[-106.55849133976896,31.810736640477892],[-106.55873091970631,31.810980609560641],[-106.55934635255065,31.81053907749569],[-106.55886883494665,31.810460164666768],[-106.55849133976896,31.810736640477892]]]},"properties":{"OBJECTID":13751,"Join_Count":3,"TARGET_FID":25894,"PlaceType":"Urban Center","SB840":"Y","TRACTCE":"001302","BLKGRPCE":"4","GEOID":"481410013024","INTPTLAT":"+31.8181120","INTPTLON":"-106.5674295","GrowthArea":"Y","LotArea":23604,"ZONELABEL":"C-1","Shape_Length":671.10850284838602,"Shape_Area":23603.961022316234}},{"type":"Feature","id":13769,"geometry":{"type":"Polygon","coordinates":[[[-106.55873091970631,31.810980609560641],[-106.55891474061315,31.811167942799759],[-106.55966927484296,31.810634364922024],[-106.55972203029343,31.810601160014059],[-106.55934635255065,31.81053907749569],[-106.55873091970631,31.810980609560641]]]},"properties":{"OBJECTID":13769,"Join_Count":1,"TARGET_FID":25928,"PlaceType":"Urban Center","SB840":"Y","TRACTCE":"001302","BLKGRPCE":"4","GEOID":"481410013024","INTPTLAT":"+31.8181120","INTPTLON":"-106.5674295","GrowthArea":"Y","LotArea":25789,"ZONELABEL":"C-1","Shape_Length":782.16712391857038,"Shape_Area":25788.657901126819}},{"type":"Feature","id":13782,"geometry":{"type":"Polygon","coordinates":[[[-106.55920318219651,31.811485249317077],[-106.5592166298421,31.811490019306259],[-106.55923083977265,31.811492735804197],[-106.55924538568391,31.811493318038547],[-106.55925983058503,31.811491748074818],[-106.55927374179808,31.811488073711626],[-106.55928670232107,31.811482404323961],[-106.55977782815275,31.811189103741476],[-106.55980476203364,31.811173019345738],[-106.56001769531785,31.811020408357376],[-106.56016350882646,31.810923088097514],[-106.56030676156172,31.810823034021862],[-106.56044738594184,31.810720296342733],[-106.55972203029343,31.810601160014059],[-106.55966927484296,31.810634364922024],[-106.55891474061315,31.811167942799759],[-106.55917849534252,31.811461904558662],[-106.5591881059464,31.811472005001079],[-106.55919956926282,31.811480581496543],[-106.55920318219651,31.811485249317077]]]},"properties":{"OBJECTID":13782,"Join_Count":1,"TARGET_FID":25974,"PlaceType":"Urban Center","SB840":"Y","TRACTCE":"001302","BLKGRPCE":"4","GEOID":"481410013024","INTPTLAT":"+31.8181120","INTPTLON":"-106.5674295","GrowthArea":"Y","LotArea":69215,"ZONELABEL":"C-1","Shape_Length":1182.7233704281384,"Shape_Area":69214.728486468099}},{"type":"Feature","id":13794,"geometry":{"type":"Polygon","coordinates":[[[-106.55194335930237,31.812045601270604],[-106.55200745669832,31.81195025433556],[-106.55270487297852,31.810912816618814],[-106.55334734312497,31.809957088470508],[-106.55166993559065,31.809153795438707],[-106.5515294929565,31.809975049688944],[-106.55133500090379,31.811303798654702],[-106.5511151108236,31.811261657701703],[-106.55194335930237,31.812045601270604]]]},"properties":{"OBJECTID":13794,"Join_Count":4,"TARGET_FID":26002,"PlaceType":"Urban Center","SB840":"Y","TRACTCE":"001204","BLKGRPCE":"1","GEOID":"481410012041","INTPTLAT":"+31.8236933","INTPTLON":"-106.5623813","GrowthArea":"Y","LotArea":358908,"ZONELABEL":"C-4","Shape_Length":2716.6487401828253,"Shape_Area":358907.91969534609}},{"type":"Feature","id":13795,"geometry":{"type":"Polygon","coordinates":[[[-106.55158438971829,31.812066367406995],[-106.55075101354576,31.811214725066016],[-106.55065614138633,31.811872638653075],[-106.55069176882687,31.81189391311581],[-106.55076246140018,31.811929961817551],[-106.55083600429063,31.811961579233248],[-106.55091201866618,31.811988601899298],[-106.5509901102961,31.812010889670532],[-106.55106987505968,31.812028329069829],[-106.5512744277198,31.812056570851723],[-106.55147756750577,31.812091466507027],[-106.55150578690443,31.812091230962725],[-106.55153353879648,31.812086863590213],[-106.55156000229238,31.812078493038065],[-106.55158438971829,31.812066367406995]]]},"properties":{"OBJECTID":13795,"Join_Count":1,"TARGET_FID":26005,"PlaceType":"Urban Center","SB840":"Y","TRACTCE":"001204","BLKGRPCE":"1","GEOID":"481410012041","INTPTLAT":"+31.8236933","INTPTLON":"-106.5623813","GrowthArea":"Y","LotArea":40779,"ZONELABEL":"C-4","Shape_Length":950.07775680050838,"Shape_Area":40778.634012759438}},{"type":"Feature","id":13802,"geometry":{"type":"Polygon","coordinates":[[[-106.55194335930237,31.812045601270604],[-106.5511151108236,31.811261657701703],[-106.55075421858935,31.811192493195374],[-106.55075101354576,31.811214725066016],[-106.55158438971829,31.812066367406995],[-106.55184510112259,31.812191762040804],[-106.55194335930237,31.812045601270604]]]},"properties":{"OBJECTID":13802,"Join_Count":1,"TARGET_FID":26020,"PlaceType":"Urban Center","SB840":"Y","TRACTCE":"001204","BLKGRPCE":"1","GEOID":"481410012041","INTPTLAT":"+31.8236933","INTPTLON":"-106.5623813","GrowthArea":"Y","LotArea":35498,"ZONELABEL":"C-4","Shape_Length":1065.1388762564604,"Shape_Area":35498.294265380398}},{"type":"Feature","id":13804,"geometry":{"type":"Polygon","coordinates":[[[-106.54716980051175,31.811802161348972],[-106.54777422652532,31.812415625785246],[-106.54942042964936,31.811241104097579],[-106.54935847465886,31.811199213186214],[-106.54906778362789,31.811052214980968],[-106.54877421905857,31.810909440720831],[-106.54847786618257,31.810770932382304],[-106.54846612129595,31.810765678937532],[-106.54845353693645,31.810762111349252],[-106.54844044396685,31.81076032311173],[-106.54842718500504,31.810760361090797],[-106.54841410692426,31.810762224075589],[-106.54840155136338,31.810765863232174],[-106.54838984746308,31.810771184256275],[-106.54826957653235,31.810896729388755],[-106.54817478391216,31.810970424620258],[-106.54714768971463,31.811719070920297],[-106.54714264894383,31.81172977512378],[-106.54713984335406,31.811741061797306],[-106.54713935435217,31.811752591036495],[-106.54714119866691,31.81176402060548],[-106.54714532003075,31.811775008140643],[-106.54715159545465,31.811785226206705],[-106.54715983769077,31.811794367598726],[-106.54716980051175,31.811802161348972]]]},"properties":{"OBJECTID":13804,"Join_Count":1,"TARGET_FID":26024,"PlaceType":"Urban Center","SB840":"Y","TRACTCE":"001204","BLKGRPCE":"1","GEOID":"481410012041","INTPTLAT":"+31.8236933","INTPTLON":"-106.5623813","GrowthArea":"Y","LotArea":197483,"ZONELABEL":"C-4","Shape_Length":1878.1521477313001,"Shape_Area":197482.5547049336}},{"type":"Feature","id":13819,"geometry":{"type":"Polygon","coordinates":[[[-106.54777422652532,31.812415625785246],[-106.54807579474254,31.812706886759386],[-106.54977236649937,31.811496424970709],[-106.54948042762685,31.811281668515001],[-106.54942042964936,31.811241104097579],[-106.54777422652532,31.812415625785246]]]},"properties":{"OBJECTID":13819,"Join_Count":1,"TARGET_FID":26056,"PlaceType":"Urban Center","SB840":"Y","TRACTCE":"001204","BLKGRPCE":"1","GEOID":"481410012041","INTPTLAT":"+31.8236933","INTPTLON":"-106.5623813","GrowthArea":"Y","LotArea":95710,"ZONELABEL":"C-4","Shape_Length":1638.0630689074296,"Shape_Area":95710.302266205108}},{"type":"Feature","id":13830,"geometry":{"type":"Polygon","coordinates":[[[-106.55413999035774,31.811757516989221],[-106.55530033872925,31.812532620431067],[-106.55560146435963,31.812065414931268],[-106.55602958904738,31.81142060262253],[-106.55577082039214,31.811183583915223],[-106.55556050063194,31.811038803245779],[-106.55524706786292,31.810852830972081],[-106.55504660371679,31.81074052172352],[-106.55450377135246,31.81047622084094],[-106.5538710629417,31.810172990446585],[-106.55337138222154,31.809921327718168],[-106.55334734312497,31.809957088470508],[-106.55270487297852,31.810912816618814],[-106.55392947682007,31.811668607952509],[-106.55412064612703,31.81178658957948],[-106.55413999035774,31.811757516989221]]]},"properties":{"OBJECTID":13830,"Join_Count":3,"TARGET_FID":26075,"PlaceType":"Urban Center","SB840":"Y","TRACTCE":"001204","BLKGRPCE":"1","GEOID":"481410012041","INTPTLAT":"+31.8236933","INTPTLON":"-106.5623813","GrowthArea":"Y","LotArea":453015,"ZONELABEL":"C-4","Shape_Length":2886.5474866140644,"Shape_Area":453015.18406841089}},{"type":"Feature","id":13831,"geometry":{"type":"Polygon","coordinates":[[[-106.55313165668072,31.812538436575252],[-106.55331100787494,31.812628146254102],[-106.55392947682007,31.811668607952509],[-106.55270487297852,31.810912816618814],[-106.55200745669832,31.81195025433556],[-106.5525998587412,31.812265850228389],[-106.55313165668072,31.812538436575252]]]},"properties":{"OBJECTID":13831,"Join_Count":2,"TARGET_FID":26076,"PlaceType":"Urban Center","SB840":"Y","TRACTCE":"001204","BLKGRPCE":"1","GEOID":"481410012041","INTPTLAT":"+31.8236933","INTPTLON":"-106.5623813","GrowthArea":"Y","LotArea":196552,"ZONELABEL":"C-4","Shape_Length":1777.124225396087,"Shape_Area":196552.2494642793}},{"type":"Feature","id":13860,"geometry":{"type":"Polygon","coordinates":[[[-106.553548011926,31.813010790861576],[-106.55359402831031,31.813032922017719],[-106.55372845999634,31.812836950396193],[-106.55331100787494,31.812628146254102],[-106.55313165668072,31.812538436575252],[-106.5525998587412,31.812265850228389],[-106.55200745669832,31.81195025433556],[-106.55194335930237,31.812045601270604],[-106.55184510112259,31.812191762040804],[-106.553548011926,31.813010790861576]]]},"properties":{"OBJECTID":13860,"Join_Count":2,"TARGET_FID":26126,"PlaceType":"Urban Center","SB840":"Y","TRACTCE":"001204","BLKGRPCE":"1","GEOID":"481410012041","INTPTLAT":"+31.8236933","INTPTLON":"-106.5623813","GrowthArea":"Y","LotArea":56143,"ZONELABEL":"C-4","Shape_Length":1431.8894598610898,"Shape_Area":56143.051084613384}},{"type":"Feature","id":13863,"geometry":{"type":"Polygon","coordinates":[[[-106.54955217648734,31.812828215874799],[-106.54996011807519,31.813222558651368],[-106.55010485366118,31.813113383186117],[-106.55015956659913,31.813103949778593],[-106.54973312623592,31.812691723927454],[-106.54955217648734,31.812828215874799]]]},"properties":{"OBJECTID":13863,"Join_Count":2,"TARGET_FID":26129,"PlaceType":"Urban Center","SB840":"Y","TRACTCE":"001204","BLKGRPCE":"1","GEOID":"481410012041","INTPTLAT":"+31.8236933","INTPTLON":"-106.5623813","GrowthArea":"Y","LotArea":14421,"ZONELABEL":"C-4","Shape_Length":543.83052653159302,"Shape_Area":14420.949122155884}},{"type":"Feature","id":13878,"geometry":{"type":"Polygon","coordinates":[[[-106.55813117205111,31.812577382227207],[-106.55865534695948,31.813082952434634],[-106.5591345032073,31.812743622915793],[-106.55899490977596,31.81259496435252],[-106.55880433906866,31.812396841967569],[-106.55875165829376,31.812343185445396],[-106.55866434635786,31.812255738226991],[-106.55813117205111,31.812577382227207]]]},"properties":{"OBJECTID":13878,"Join_Count":3,"TARGET_FID":26146,"PlaceType":"Urban Center","SB840":"Y","TRACTCE":"001302","BLKGRPCE":"4","GEOID":"481410013024","INTPTLAT":"+31.8181120","INTPTLON":"-106.5674295","GrowthArea":"Y","LotArea":47133,"ZONELABEL":"R-4","Shape_Length":871.6632633686155,"Shape_Area":47133.304590862143}},{"type":"Feature","id":13879,"geometry":{"type":"Polygon","coordinates":[[[-106.55165086775004,31.813175386600641],[-106.55222212888685,31.813446637497719],[-106.5529074877267,31.812949790858088],[-106.55204001709623,31.812537778177472],[-106.55200020715377,31.812518869979819],[-106.55159114819585,31.813147030208125],[-106.55165086775004,31.813175386600641]]]},"properties":{"OBJECTID":13879,"Join_Count":1,"TARGET_FID":26147,"PlaceType":"Urban Center","SB840":"Y","TRACTCE":"001204","BLKGRPCE":"1","GEOID":"481410012041","INTPTLAT":"+31.8236933","INTPTLON":"-106.5623813","GrowthArea":"Y","LotArea":71477,"ZONELABEL":"C-4","Shape_Length":1087.5140663715458,"Shape_Area":71477.308351687025}},{"type":"Feature","id":13880,"geometry":{"type":"Polygon","coordinates":[[[-106.55626273756765,31.812723430036389],[-106.55674870481677,31.8132358187429],[-106.55685605714186,31.813179800620023],[-106.55696002251688,31.813119303340923],[-106.55706034294312,31.813054473839845],[-106.55715677197321,31.812985473855019],[-106.5574320827785,31.812782043196425],[-106.55701662878703,31.812357413566069],[-106.55686128709276,31.812209069747365],[-106.55623437338423,31.812693523957446],[-106.55626273756765,31.812723430036389]]]},"properties":{"OBJECTID":13880,"Join_Count":1,"TARGET_FID":26149,"PlaceType":"Urban Center","SB840":"Y","TRACTCE":"001204","BLKGRPCE":"1","GEOID":"481410012041","INTPTLAT":"+31.8236933","INTPTLON":"-106.5623813","GrowthArea":"Y","LotArea":71466,"ZONELABEL":"C-4","Shape_Length":1059.6149685890748,"Shape_Area":71466.472960038489}},{"type":"Feature","id":13894,"geometry":{"type":"Polygon","coordinates":[[[-106.54891208511633,31.813510230829873],[-106.54920670052321,31.813790857535775],[-106.54935146208777,31.813681665515652],[-106.5490592688185,31.813399211730356],[-106.54894446544645,31.813485806196461],[-106.54891208511633,31.813510230829873]]]},"properties":{"OBJECTID":13894,"Join_Count":2,"TARGET_FID":26165,"PlaceType":"Urban Center","SB840":"Y","TRACTCE":"001204","BLKGRPCE":"1","GEOID":"481410012041","INTPTLAT":"+31.8236933","INTPTLON":"-106.5623813","GrowthArea":"Y","LotArea":8295,"ZONELABEL":"C-4","Shape_Length":395.2076927588829,"Shape_Area":8294.8251111554055}},{"type":"Feature","id":13902,"geometry":{"type":"Polygon","coordinates":[[[-106.55465950133433,31.813545350030878],[-106.554682798052,31.813611393052398],[-106.55491737442556,31.813590637436544],[-106.55476627719776,31.813356043191551],[-106.55372845999634,31.812836950396193],[-106.55359402831031,31.813032922017719],[-106.55465950133433,31.813545350030878]]]},"properties":{"OBJECTID":13902,"Join_Count":2,"TARGET_FID":26173,"PlaceType":"Urban Center","SB840":"Y","TRACTCE":"001204","BLKGRPCE":"1","GEOID":"481410012041","INTPTLAT":"+31.8236933","INTPTLON":"-106.5623813","GrowthArea":"Y","LotArea":33857,"ZONELABEL":"C-4","Shape_Length":1031.8496235120506,"Shape_Area":33856.816270345509}},{"type":"Feature","id":13904,"geometry":{"type":"Polygon","coordinates":[[[-106.5539197639152,31.813364264166974],[-106.55395561150878,31.813437962398019],[-106.55398505349041,31.813513701099563],[-106.55400793210977,31.813591075018845],[-106.55402412605083,31.813669669934388],[-106.554682798052,31.813611393052398],[-106.55465950133433,31.813545350030878],[-106.55359402831031,31.813032922017719],[-106.553548011926,31.813010790861576],[-106.55362707585944,31.813069704521727],[-106.55370165305325,31.813132739262507],[-106.55375529623284,31.813171456681605],[-106.55380435546694,31.813214378440122],[-106.55384838080266,31.813261111447112],[-106.55388696860756,31.813311226976385],[-106.5539197639152,31.813364264166974]]]},"properties":{"OBJECTID":13904,"Join_Count":1,"TARGET_FID":26176,"PlaceType":"Urban Center","SB840":"Y","TRACTCE":"001204","BLKGRPCE":"1","GEOID":"481410012041","INTPTLAT":"+31.8236933","INTPTLON":"-106.5623813","GrowthArea":"Y","LotArea":23904,"ZONELABEL":"C-4","Shape_Length":917.47041503123398,"Shape_Area":23903.55611455992}},{"type":"Feature","id":13906,"geometry":{"type":"Polygon","coordinates":[[[-106.55222212888685,31.813446637497719],[-106.55289790352199,31.813767508565391],[-106.55371832458589,31.813696724279851],[-106.55373004517223,31.813694593259832],[-106.55374121398626,31.813690887105746],[-106.55375154429817,31.813685701720953],[-106.55376076767519,31.81367917007201],[-106.55376864769026,31.813671461533175],[-106.55377498056377,31.81366277553283],[-106.55377960318604,31.813653334847217],[-106.55377800162194,31.81360221376092],[-106.55376983466451,31.813551551918785],[-106.55375519964329,31.813501962508123],[-106.55373427449391,31.813454045829694],[-106.55370731300854,31.813408381395536],[-106.55367464026314,31.8133655227277],[-106.55363665196769,31.813325987453663],[-106.55359380796186,31.813290254907578],[-106.55351100725964,31.813240856083631],[-106.55342506090838,31.813195543130739],[-106.55333624613991,31.813154462671687],[-106.5529074877267,31.812949790858088],[-106.55222212888685,31.813446637497719]]]},"properties":{"OBJECTID":13906,"Join_Count":1,"TARGET_FID":26182,"PlaceType":"Urban Center","SB840":"Y","TRACTCE":"001204","BLKGRPCE":"1","GEOID":"481410012041","INTPTLAT":"+31.8236933","INTPTLON":"-106.5623813","GrowthArea":"Y","LotArea":86365,"ZONELABEL":"C-4","Shape_Length":1197.2198742870746,"Shape_Area":86364.555926380126}},{"type":"Feature","id":13908,"geometry":{"type":"Polygon","coordinates":[[[-106.55262218858289,31.813777138965644],[-106.55263498157612,31.813790191425777],[-106.5526942451439,31.813785078443907],[-106.55264096252571,31.813748309799266],[-106.55180217926997,31.813350036178488],[-106.55172928969139,31.813312849163296],[-106.55165871317692,31.813272540068482],[-106.55159063414652,31.813229211188521],[-106.55145713016049,31.813138741154393],[-106.55136816534522,31.813086154334183],[-106.55082190726442,31.81285119661548],[-106.55080238229347,31.812844271865576],[-106.55078188608078,31.812839846807556],[-106.55076085313465,31.812838014494499],[-106.55073002845575,31.812840644263691],[-106.55069991693901,31.812846861179693],[-106.55067109055206,31.812856547589512],[-106.5506251047986,31.812876282531953],[-106.55058103875544,31.812898985132961],[-106.55053915235946,31.812924521937173],[-106.55052692626587,31.812906553683963],[-106.55040484516805,31.812967126151047],[-106.55045821593738,31.81304555947445],[-106.55058029716096,31.812984987859735],[-106.55055540608396,31.812948407517354],[-106.55063111810345,31.812907856432457],[-106.55067669340808,31.812886684117089],[-106.55069278690397,31.812878627629356],[-106.55071012750341,31.81287274987158],[-106.55072831062343,31.812869188501548],[-106.55074691747819,31.812868025852683],[-106.55076551396557,31.812869288084226],[-106.55078367187497,31.812872945974327],[-106.55080096789186,31.812878915871252],[-106.55134722613931,31.813113874575549],[-106.55143411448492,31.813165234619252],[-106.5515716168578,31.813258414039819],[-106.55163982628872,31.813301569593182],[-106.55171048137966,31.813341753905011],[-106.55178340620581,31.813378865178183],[-106.55262218858289,31.813777138965644]]]},"properties":{"OBJECTID":13908,"Join_Count":2,"TARGET_FID":26184,"PlaceType":"Urban Center","SB840":"Y","TRACTCE":"001204","BLKGRPCE":"1","GEOID":"481410012041","INTPTLAT":"+31.8236933","INTPTLON":"-106.5623813","GrowthArea":"Y","LotArea":10428,"ZONELABEL":"C-4","Shape_Length":1679.0363141289902,"Shape_Area":10427.659999374833}},{"type":"Feature","id":13920,"geometry":{"type":"Polygon","coordinates":[[[-106.55719820029171,31.813337736973622],[-106.55754530657666,31.813690190637846],[-106.55797138639434,31.813366733101169],[-106.55788048404462,31.813276834903206],[-106.5577815623777,31.813179290075396],[-106.55768077595603,31.813083147733],[-106.55766327863695,31.813075084623136],[-106.55764449664379,31.813069513674414],[-106.55762491425772,31.81306657702341],[-106.55760503265643,31.813066351866169],[-106.55758536516419,31.813068842555779],[-106.55756641745296,31.813073985162767],[-106.55754867494777,31.81308164898039],[-106.55719820029171,31.813337736973622]]]},"properties":{"OBJECTID":13920,"Join_Count":2,"TARGET_FID":26197,"PlaceType":"Urban Center","SB840":"Y","TRACTCE":"001204","BLKGRPCE":"1","GEOID":"481410012041","INTPTLAT":"+31.8236933","INTPTLON":"-106.5623813","GrowthArea":"Y","LotArea":28882,"ZONELABEL":"C-3","Shape_Length":668.23901370317822,"Shape_Area":28881.664961964656}},{"type":"Feature","id":13936,"geometry":{"type":"Polygon","coordinates":[[[-106.55308652608318,31.81408442424075],[-106.55308753974104,31.814090964280659],[-106.5538598101174,31.814008720017551],[-106.55384963135307,31.814007633048906],[-106.55382126463458,31.814010132496655],[-106.55308652608318,31.81408442424075]]]},"properties":{"OBJECTID":13936,"Join_Count":2,"TARGET_FID":26215,"PlaceType":"Urban Center","SB840":"Y","TRACTCE":"001204","BLKGRPCE":"1","GEOID":"481410012041","INTPTLAT":"+31.8236933","INTPTLON":"-106.5623813","GrowthArea":"Y","LotArea":396,"ZONELABEL":"C-3","Shape_Length":486.02723344820299,"Shape_Area":396.42987277029169}},{"type":"Feature","id":13937,"geometry":{"type":"Polygon","coordinates":[[[-106.55688014631272,31.813521621877491],[-106.55725292594229,31.813900145524716],[-106.55754530657666,31.813690190637846],[-106.55719820029171,31.813337736973622],[-106.5570806257347,31.813410374964985],[-106.55688014631272,31.813521621877491]]]},"properties":{"OBJECTID":13937,"Join_Count":2,"TARGET_FID":26216,"PlaceType":"Urban Center","SB840":"Y","TRACTCE":"001204","BLKGRPCE":"1","GEOID":"481410012041","INTPTLAT":"+31.8236933","INTPTLON":"-106.5623813","GrowthArea":"Y","LotArea":20532,"ZONELABEL":"C-3","Shape_Length":585.4673934867501,"Shape_Area":20532.011007128098}},{"type":"Feature","id":13948,"geometry":{"type":"Polygon","coordinates":[[[-106.55765942654692,31.813739698693833],[-106.5580380697923,31.814120208834495],[-106.5584029320777,31.813851211840472],[-106.55840760711929,31.813839867967051],[-106.55840994437025,31.813828008142387],[-106.55840987582692,31.813815982477994],[-106.55840740238369,31.813804143209229],[-106.55840259658281,31.813792838240968],[-106.55804967963613,31.813444100706416],[-106.55765942654692,31.813739698693833]]]},"properties":{"OBJECTID":13948,"Join_Count":1,"TARGET_FID":26230,"PlaceType":"Urban Center","SB840":"Y","TRACTCE":"001204","BLKGRPCE":"1","GEOID":"481410012041","INTPTLAT":"+31.8236933","INTPTLON":"-106.5623813","GrowthArea":"Y","LotArea":29665,"ZONELABEL":"C-4","Shape_Length":682.97757046025845,"Shape_Area":29665.286507322988}},{"type":"Feature","id":13949,"geometry":{"type":"Polygon","coordinates":[[[-106.54920670052321,31.813790857535775],[-106.54995108673863,31.814509617203974],[-106.55062599220105,31.814037541379886],[-106.55118774463263,31.813939937644665],[-106.55143291460068,31.813558400515479],[-106.55167471090148,31.81351638776561],[-106.55192376673475,31.813631429549346],[-106.55198805490897,31.813901202411618],[-106.55261896685053,31.813791573703494],[-106.55155378464879,31.813285797973911],[-106.5509014224921,31.81297603381514],[-106.55069977168591,31.813010804233528],[-106.5504481054399,31.813054198148311],[-106.55015956659913,31.813103949778593],[-106.55010485366118,31.813113383186117],[-106.54996011807519,31.813222558651368],[-106.54935146208777,31.813681665515652],[-106.54920670052321,31.813790857535775]]]},"properties":{"OBJECTID":13949,"Join_Count":2,"TARGET_FID":26232,"PlaceType":"Urban Center","SB840":"Y","TRACTCE":"001204","BLKGRPCE":"1","GEOID":"481410012041","INTPTLAT":"+31.8236933","INTPTLON":"-106.5623813","GrowthArea":"Y","LotArea":249752,"ZONELABEL":"C-4","Shape_Length":2656.3868525219837,"Shape_Area":249752.29787842929}},{"type":"Feature","id":13951,"geometry":{"type":"Polygon","coordinates":[[[-106.55403910986038,31.814010021401103],[-106.55408705992741,31.814388308074221],[-106.55499841027692,31.814303451994206],[-106.55476274501069,31.813927750691818],[-106.5542192910147,31.813985799912562],[-106.55403910986038,31.814010021401103]]]},"properties":{"OBJECTID":13951,"Join_Count":1,"TARGET_FID":26235,"PlaceType":"Urban Center","SB840":"Y","TRACTCE":"001204","BLKGRPCE":"1","GEOID":"481410012041","INTPTLAT":"+31.8236933","INTPTLON":"-106.5623813","GrowthArea":"Y","LotArea":36319,"ZONELABEL":"C-3","Shape_Length":805.02873463316689,"Shape_Area":36318.514960380504}},{"type":"Feature","id":13961,"geometry":{"type":"Polygon","coordinates":[[[-106.55583407830726,31.81415065246394],[-106.55603783252315,31.814363656891167],[-106.55607095944332,31.814341137669107],[-106.5562005932606,31.814246631142893],[-106.55637445809187,31.814122741316275],[-106.55652906642838,31.814012570594567],[-106.55632334986512,31.813800425799894],[-106.55583407830726,31.81415065246394]]]},"properties":{"OBJECTID":13961,"Join_Count":2,"TARGET_FID":26248,"PlaceType":"Urban Center","SB840":"Y","TRACTCE":"001204","BLKGRPCE":"1","GEOID":"481410012041","INTPTLAT":"+31.8236933","INTPTLON":"-106.5623813","GrowthArea":"Y","LotArea":19882,"ZONELABEL":"C-3","Shape_Length":597.56893258316188,"Shape_Area":19881.998479719834}},{"type":"Feature","id":13973,"geometry":{"type":"Polygon","coordinates":[[[-106.55637445809187,31.814122741316275],[-106.55675769611322,31.814502755215962],[-106.55718202005269,31.814190737018379],[-106.55709130898799,31.814093691458282],[-106.55801104765206,31.813405925226903],[-106.55797138639434,31.813366733101169],[-106.55754530657666,31.813690190637846],[-106.55725292594229,31.813900145524716],[-106.55688014631272,31.813521621877491],[-106.5566936384448,31.813606986256509],[-106.55650332835944,31.813685994255746],[-106.55627446305581,31.813750010332271],[-106.55632334986512,31.813800425799894],[-106.55652906642838,31.814012570594567],[-106.55637445809187,31.814122741316275]]]},"properties":{"OBJECTID":13973,"Join_Count":2,"TARGET_FID":26264,"PlaceType":"Urban Center","SB840":"Y","TRACTCE":"001204","BLKGRPCE":"1","GEOID":"481410012041","INTPTLAT":"+31.8236933","INTPTLON":"-106.5623813","GrowthArea":"Y","LotArea":66592,"ZONELABEL":"C-3","Shape_Length":1668.6958970817229,"Shape_Area":66592.101346780386}},{"type":"Feature","id":13980,"geometry":{"type":"Polygon","coordinates":[[[-106.55308753974104,31.814090964280659],[-106.55319754415207,31.814800736272879],[-106.55401982196514,31.814721188547242],[-106.55398284126012,31.814647157004256],[-106.55393758871084,31.81447897595509],[-106.55391823301278,31.81437049919122],[-106.55387528873571,31.814029076141182],[-106.55387525110231,31.814025823439785],[-106.5538745999235,31.81402261903424],[-106.5538733532843,31.814019545161358],[-106.55387154403296,31.814016683352339],[-106.55386921825436,31.814014107279466],[-106.55386643749679,31.814011884456178],[-106.5538632743181,31.814010072836911],[-106.5538598101174,31.814008720017551],[-106.55308753974104,31.814090964280659]]]},"properties":{"OBJECTID":13980,"Join_Count":2,"TARGET_FID":26273,"PlaceType":"Urban Center","SB840":"Y","TRACTCE":"001204","BLKGRPCE":"1","GEOID":"481410012041","INTPTLAT":"+31.8236933","INTPTLON":"-106.5623813","GrowthArea":"Y","LotArea":64240,"ZONELABEL":"C-3","Shape_Length":1025.6243323901972,"Shape_Area":64240.139964144932}},{"type":"Feature","id":14000,"geometry":{"type":"Polygon","coordinates":[[[-106.55675769611322,31.814502755215962],[-106.55708219524598,31.814823572697005],[-106.5580380697923,31.814120208834495],[-106.55765942654692,31.813739698693833],[-106.55804967963613,31.813444100706416],[-106.55801104765206,31.813405925226903],[-106.55709130898799,31.814093691458282],[-106.55718202005269,31.814190737018379],[-106.55675769611322,31.814502755215962]]]},"properties":{"OBJECTID":14000,"Join_Count":1,"TARGET_FID":26301,"PlaceType":"Urban Center","SB840":"Y","TRACTCE":"001204","BLKGRPCE":"1","GEOID":"481410012041","INTPTLAT":"+31.8236933","INTPTLON":"-106.5623813","GrowthArea":"Y","LotArea":73635,"ZONELABEL":"C-4","Shape_Length":1507.1131306837488,"Shape_Area":73635.04413232737}},{"type":"Feature","id":14005,"geometry":{"type":"Polygon","coordinates":[[[-106.55900567028593,31.814780999133234],[-106.55903541154716,31.81480754091254],[-106.55927455496038,31.814608036249005],[-106.55913116177747,31.814452103030451],[-106.55908657256312,31.81448666200097],[-106.55887887154601,31.814667841375798],[-106.55900567028593,31.814780999133234]]]},"properties":{"OBJECTID":14005,"Join_Count":2,"TARGET_FID":26308,"PlaceType":"Urban Neighborhood","SB840":"Y","TRACTCE":"001204","BLKGRPCE":"1","GEOID":"481410012041","INTPTLAT":"+31.8236933","INTPTLON":"-106.5623813","GrowthArea":"Y","LotArea":7674,"ZONELABEL":"C-4","Shape_Length":357.25328517556954,"Shape_Area":7673.7803135649929}},{"type":"Feature","id":14014,"geometry":{"type":"Polygon","coordinates":[[[-106.55555247702657,31.814555880980812],[-106.55568660634323,31.814804058890761],[-106.55581525322377,31.815054344199034],[-106.55607095944332,31.814341137669107],[-106.55603783252315,31.814363656891167],[-106.55583407830726,31.81415065246394],[-106.55632334986512,31.813800425799894],[-106.55627446305581,31.813750010332271],[-106.55614691282508,31.813781817604124],[-106.55592871280052,31.813823035632307],[-106.55573903806456,31.813847173287524],[-106.55554867597669,31.81386697618651],[-106.55535776206398,31.813882429718412],[-106.55535170223746,31.813894390670541],[-106.55535077134216,31.813932366439076],[-106.55536522199388,31.81404838690516],[-106.55539107611641,31.814152744637973],[-106.55542280884892,31.814255911702531],[-106.55546034843664,31.814357648545016],[-106.55550360414212,31.814457716518554],[-106.55555247702657,31.814555880980812]]]},"properties":{"OBJECTID":14014,"Join_Count":2,"TARGET_FID":26317,"PlaceType":"Urban Center","SB840":"Y","TRACTCE":"001204","BLKGRPCE":"1","GEOID":"481410012041","INTPTLAT":"+31.8236933","INTPTLON":"-106.5623813","GrowthArea":"Y","LotArea":61373,"ZONELABEL":"C-3","Shape_Length":1349.9744940126636,"Shape_Area":61372.878875441267}},{"type":"Feature","id":14020,"geometry":{"type":"Polygon","coordinates":[[[-106.55866210745729,31.814850152140604],[-106.55881578265162,31.814986785949756],[-106.55903541154716,31.81480754091254],[-106.55900567028593,31.814780999133234],[-106.55887887154601,31.814667841375798],[-106.55866210745729,31.814850152140604]]]},"properties":{"OBJECTID":14020,"Join_Count":3,"TARGET_FID":26327,"PlaceType":"Urban Center","SB840":"Y","TRACTCE":"001204","BLKGRPCE":"1","GEOID":"481410012041","INTPTLAT":"+31.8236933","INTPTLON":"-106.5623813","GrowthArea":"Y","LotArea":6575,"ZONELABEL":"R-4","Shape_Length":328.13743698911043,"Shape_Area":6575.3647630417108}},{"type":"Feature","id":14022,"geometry":{"type":"Polygon","coordinates":[[[-106.55581525322377,31.815054344199034],[-106.5558795474207,31.815171794104838],[-106.5562005932606,31.814246631142893],[-106.55607095944332,31.814341137669107],[-106.55581525322377,31.815054344199034]]]},"properties":{"OBJECTID":14022,"Join_Count":2,"TARGET_FID":26331,"PlaceType":"Urban Center","SB840":"Y","TRACTCE":"001204","BLKGRPCE":"1","GEOID":"481410012041","INTPTLAT":"+31.8236933","INTPTLON":"-106.5623813","GrowthArea":"Y","LotArea":9350,"ZONELABEL":"C-3","Shape_Length":722.47579500305289,"Shape_Area":9349.8649846054977}},{"type":"Feature","id":14026,"geometry":{"type":"Polygon","coordinates":[[[-106.5513116976734,31.815048049920961],[-106.55155238154506,31.815395709707651],[-106.55184487285457,31.815198622281141],[-106.55184117974194,31.815181363759169],[-106.5518523207061,31.81517385542605],[-106.55186861047699,31.815162478033919],[-106.5520615317951,31.815027742342522],[-106.55212608085633,31.81498266104067],[-106.55181518740865,31.814696415894449],[-106.5513116976734,31.815048049920961]]]},"properties":{"OBJECTID":14026,"Join_Count":1,"TARGET_FID":26335,"PlaceType":"Urban Center","SB840":"Y","TRACTCE":"001204","BLKGRPCE":"1","GEOID":"481410012041","INTPTLAT":"+31.8236933","INTPTLON":"-106.5623813","GrowthArea":"Y","LotArea":31329,"ZONELABEL":"C-3","Shape_Length":727.37881520323424,"Shape_Area":31328.673647654232}},{"type":"Feature","id":14028,"geometry":{"type":"Polygon","coordinates":[[[-106.55920542332794,31.814876104033956],[-106.55936096168013,31.815033784792245],[-106.5595555752267,31.81488093342379],[-106.5594025638578,31.814726330495105],[-106.55920542332794,31.814876104033956]]]},"properties":{"OBJECTID":14028,"Join_Count":1,"TARGET_FID":26337,"PlaceType":"Urban Neighborhood","SB840":"Y","TRACTCE":"001204","BLKGRPCE":"1","GEOID":"481410012041","INTPTLAT":"+31.8236933","INTPTLON":"-106.5623813","GrowthArea":"Y","LotArea":6094,"ZONELABEL":"C-4","Shape_Length":312.73941895970336,"Shape_Area":6094.0583095180391}},{"type":"Feature","id":14035,"geometry":{"type":"Polygon","coordinates":[[[-106.55850160095827,31.814986983229666],[-106.55864693434353,31.815131022973688],[-106.55881578265162,31.814986785949756],[-106.55866210745729,31.814850152140604],[-106.55850160095827,31.814986983229666]]]},"properties":{"OBJECTID":14035,"Join_Count":2,"TARGET_FID":26347,"PlaceType":"Urban Center","SB840":"Y","TRACTCE":"001204","BLKGRPCE":"1","GEOID":"481410012041","INTPTLAT":"+31.8236933","INTPTLON":"-106.5623813","GrowthArea":"Y","LotArea":4986,"ZONELABEL":"R-4","Shape_Length":282.72355839243096,"Shape_Area":4985.768559535526}},{"type":"Feature","id":14036,"geometry":{"type":"Polygon","coordinates":[[[-106.55904905110532,31.814994902841669],[-106.55919843640324,31.815157814545934],[-106.55936096168013,31.815033784792245],[-106.55920542332794,31.814876104033956],[-106.55904905110532,31.814994902841669]]]},"properties":{"OBJECTID":14036,"Join_Count":1,"TARGET_FID":26354,"PlaceType":"Urban Neighborhood","SB840":"Y","TRACTCE":"001204","BLKGRPCE":"1","GEOID":"481410012041","INTPTLAT":"+31.8236933","INTPTLON":"-106.5623813","GrowthArea":"Y","LotArea":4980,"ZONELABEL":"C-4","Shape_Length":282.99475429706075,"Shape_Area":4980.0419930892831}},{"type":"Feature","id":14039,"geometry":{"type":"Polygon","coordinates":[[[-106.55202857163199,31.815194138621692],[-106.55234086814599,31.815520172318053],[-106.55289781659874,31.815092054604317],[-106.55320598042539,31.814855170867652],[-106.55319754415207,31.814800736272879],[-106.55308753974104,31.814090964280659],[-106.55308652608318,31.81408442424075],[-106.55271423150644,31.814122066320547],[-106.55247914628237,31.814160469596931],[-106.55247323706723,31.814161434864822],[-106.55246736241514,31.814162394867637],[-106.55246155472123,31.814163343540887],[-106.5524498304915,31.814169309919478],[-106.55243937285351,31.814176799208912],[-106.55243044945234,31.814185617964188],[-106.55242329206396,31.814195541936851],[-106.55241808270961,31.814206314028251],[-106.55241495454075,31.814217657796576],[-106.55241399014324,31.814229283860698],[-106.55241521210556,31.814240891254126],[-106.55245498470272,31.814418406175164],[-106.55248849005713,31.814596861001199],[-106.55248759424281,31.81465853421356],[-106.55247831683741,31.814719701078417],[-106.55246078561667,31.814779535314219],[-106.55243523727731,31.814837226208144],[-106.55240201627296,31.814891993124466],[-106.55236157236,31.814943096461562],[-106.55231445257455,31.814989844358511],[-106.55226129561422,31.815031603803376],[-106.55202857163199,31.815194138621692]]]},"properties":{"OBJECTID":14039,"Join_Count":1,"TARGET_FID":26357,"PlaceType":"Urban Center","SB840":"Y","TRACTCE":"001204","BLKGRPCE":"1","GEOID":"481410012041","INTPTLAT":"+31.8236933","INTPTLON":"-106.5623813","GrowthArea":"Y","LotArea":99170,"ZONELABEL":"C-3","Shape_Length":1432.3103413706381,"Shape_Area":99170.34773960989}},{"type":"Feature","id":14047,"geometry":{"type":"Polygon","coordinates":[[[-106.55831544133743,31.815145678321343],[-106.55845640251282,31.815293779877262],[-106.55864693434353,31.815131022973688],[-106.55850160095827,31.814986983229666],[-106.55831544133743,31.815145678321343]]]},"properties":{"OBJECTID":14047,"Join_Count":4,"TARGET_FID":26367,"PlaceType":"Urban Center","SB840":"Y","TRACTCE":"001204","BLKGRPCE":"1","GEOID":"481410012041","INTPTLAT":"+31.8236933","INTPTLON":"-106.5623813","GrowthArea":"Y","LotArea":5709,"ZONELABEL":"R-4","Shape_Length":304.01972518824994,"Shape_Area":5708.8120126825952}},{"type":"Feature","id":14052,"geometry":{"type":"Polygon","coordinates":[[[-106.55744253582985,31.814775735501446],[-106.55804307476119,31.815373442964358],[-106.55831544133743,31.815145678321343],[-106.55850160095827,31.814986983229666],[-106.55866210745729,31.814850152140604],[-106.55887887154601,31.814667841375798],[-106.55908657256312,31.81448666200097],[-106.5589439296522,31.814336835888643],[-106.55862690965786,31.814024031143408],[-106.55859296007004,31.813996302250608],[-106.55858079800673,31.813991219578725],[-106.55856789872982,31.81398770232239],[-106.55855453704787,31.813985827663551],[-106.5585409978835,31.813985633459509],[-106.55852757035966,31.813987124848698],[-106.55851454006374,31.813990269201206],[-106.55776312315285,31.814540840401015],[-106.55744253582985,31.814775735501446]]]},"properties":{"OBJECTID":14052,"Join_Count":5,"TARGET_FID":26373,"PlaceType":"Urban Center","SB840":"Y","TRACTCE":"001204","BLKGRPCE":"1","GEOID":"481410012041","INTPTLAT":"+31.8236933","INTPTLON":"-106.5623813","GrowthArea":"Y","LotArea":123491,"ZONELABEL":"C-4","Shape_Length":1443.1738561014452,"Shape_Area":123490.93926887323}},{"type":"Feature","id":14056,"geometry":{"type":"Polygon","coordinates":[[[-106.55120699543293,31.814365466097637],[-106.55117602745592,31.814371792667519],[-106.55110214195307,31.814391317945599],[-106.55102990492547,31.814414917672977],[-106.55096284476753,31.814436756138246],[-106.55089854518052,31.814463981679474],[-106.55083759705798,31.814496345671159],[-106.55078056262411,31.814533549371742],[-106.55072796840659,31.814575249678896],[-106.55068029598192,31.814621063184596],[-106.55063798625245,31.814670566873712],[-106.55060727151417,31.814723899292094],[-106.55058362406682,31.814779798094648],[-106.55056733448909,31.81483758007802],[-106.55055859902907,31.814896543059358],[-106.55055752511214,31.814955969226201],[-106.550564125544,31.815015133542325],[-106.55057832050819,31.815073318105199],[-106.55059993651071,31.815129812195917],[-106.55062870955041,31.815183928387025],[-106.55066429080381,31.815235008594133],[-106.55070624703758,31.815282430378989],[-106.55086364600589,31.815517719543376],[-106.55102513253864,31.815750979598494],[-106.55104360050773,31.815738535365739],[-106.55155238154506,31.815395709707651],[-106.5513116976734,31.815048049920961],[-106.55181518740865,31.814696415894449],[-106.55212608085633,31.81498266104067],[-106.55217609639138,31.814951268699382],[-106.55222095286187,31.814914630962548],[-106.55225990340655,31.814873360717225],[-106.5522922971098,31.814828146657202],[-106.55231759212073,31.81477974362296],[-106.55233536748031,31.814728959390369],[-106.55234532545836,31.814676641912708],[-106.55234730115335,31.814623664409041],[-106.55233022582027,31.814537412886949],[-106.55223021831561,31.814551611266076],[-106.5514795911137,31.814552656739387],[-106.55142632731136,31.814334326861239],[-106.55120699543293,31.814365466097637]]]},"properties":{"OBJECTID":14056,"Join_Count":1,"TARGET_FID":26378,"PlaceType":"Urban Center","SB840":"Y","TRACTCE":"001204","BLKGRPCE":"1","GEOID":"481410012041","INTPTLAT":"+31.8236933","INTPTLON":"-106.5623813","GrowthArea":"Y","LotArea":133210,"ZONELABEL":"C-3","Shape_Length":1949.5387018514243,"Shape_Area":133210.10377613379}},{"type":"Feature","id":14060,"geometry":{"type":"Polygon","coordinates":[[[-106.55606415699046,31.815521182650055],[-106.55607216582986,31.815530101635694],[-106.55608178041935,31.815537777712358],[-106.5560927405255,31.815544001117143],[-106.55610474849949,31.815548604523592],[-106.5561174787682,31.81555146258798],[-106.55616270586577,31.815540463265361],[-106.55620649575332,31.815525824702505],[-106.55624844670754,31.815507679922245],[-106.5563270926455,31.815449493325588],[-106.55640149441705,31.815387370813824],[-106.55647138222987,31.815321537564785],[-106.55653650405246,31.815252231456416],[-106.55661242423146,31.815179812919261],[-106.55676635685377,31.815058527015015],[-106.55692296598976,31.814939765829248],[-106.55708219524598,31.814823572697005],[-106.55675769611322,31.814502755215962],[-106.55637445809187,31.814122741316275],[-106.5562005932606,31.814246631142893],[-106.5558795474207,31.815171794104838],[-106.55606415699046,31.815521182650055]]]},"properties":{"OBJECTID":14060,"Join_Count":2,"TARGET_FID":26382,"PlaceType":"Urban Center","SB840":"Y","TRACTCE":"001204","BLKGRPCE":"1","GEOID":"481410012041","INTPTLAT":"+31.8236933","INTPTLON":"-106.5623813","GrowthArea":"Y","LotArea":101511,"ZONELABEL":"C-3","Shape_Length":1321.5656915006796,"Shape_Area":101511.03769892764}},{"type":"Feature","id":14062,"geometry":{"type":"Polygon","coordinates":[[[-106.55867942514851,31.815288784212949],[-106.55883226061202,31.815440823825082],[-106.55907605721619,31.815249846220919],[-106.55919843640324,31.815157814545934],[-106.55904905110532,31.814994902841669],[-106.55867942514851,31.815288784212949]]]},"properties":{"OBJECTID":14062,"Join_Count":1,"TARGET_FID":26385,"PlaceType":"Urban Neighborhood","SB840":"Y","TRACTCE":"001204","BLKGRPCE":"1","GEOID":"481410012041","INTPTLAT":"+31.8236933","INTPTLON":"-106.5623813","GrowthArea":"Y","LotArea":11419,"ZONELABEL":"C-4","Shape_Length":458.4717873032406,"Shape_Area":11419.487329053223}},{"type":"Feature","id":14070,"geometry":{"type":"Polygon","coordinates":[[[-106.55907605721619,31.815249846220919],[-106.55928483697856,31.815458083715185],[-106.55976330862123,31.815090824475394],[-106.5595555752267,31.81488093342379],[-106.55936096168013,31.815033784792245],[-106.55919843640324,31.815157814545934],[-106.55907605721619,31.815249846220919]]]},"properties":{"OBJECTID":14070,"Join_Count":1,"TARGET_FID":26394,"PlaceType":"Urban Neighborhood","SB840":"Y","TRACTCE":"001204","BLKGRPCE":"1","GEOID":"481410012041","INTPTLAT":"+31.8236933","INTPTLON":"-106.5623813","GrowthArea":"Y","LotArea":19881,"ZONELABEL":"C-4","Shape_Length":600.04499544884061,"Shape_Area":19881.322959245739}},{"type":"Feature","id":14076,"geometry":{"type":"Polygon","coordinates":[[[-106.55571527947886,31.815664960161442],[-106.55573889102567,31.815732639131909],[-106.55585737663111,31.815649832425002],[-106.55586555083815,31.815645496981578],[-106.55587280702937,31.815640099822318],[-106.55587895867755,31.81563378084099],[-106.55588384615903,31.81562670303331],[-106.55588734495335,31.815619048491918],[-106.55588936435284,31.815611014855008],[-106.55588985226282,31.815602807850496],[-106.5558887952015,31.815594641296066],[-106.55588622163226,31.815586723390599],[-106.55588219792276,31.815579259617373],[-106.5553248757391,31.814540805414641],[-106.5550999661138,31.814078993327517],[-106.55500283541024,31.813902104778339],[-106.55476274501069,31.813927750691818],[-106.55499841027692,31.814303451994206],[-106.55571527947886,31.815664960161442]]]},"properties":{"OBJECTID":14076,"Join_Count":3,"TARGET_FID":26407,"PlaceType":"Urban Center","SB840":"Y","TRACTCE":"001204","BLKGRPCE":"1","GEOID":"481410012041","INTPTLAT":"+31.8236933","INTPTLON":"-106.5623813","GrowthArea":"Y","LotArea":42393,"ZONELABEL":"C-3","Shape_Length":1544.971842043986,"Shape_Area":42393.200129564757}},{"type":"Feature","id":14087,"geometry":{"type":"Polygon","coordinates":[[[-106.55786785129457,31.815520310634628],[-106.55802215662511,31.815665745631247],[-106.55803293041818,31.815656516408467],[-106.55807346375283,31.815621796868008],[-106.5581472619518,31.815558583025219],[-106.55816237757672,31.815545635981625],[-106.5582655494232,31.815457260898935],[-106.55835195904922,31.815383244791427],[-106.55845640251282,31.815293779877262],[-106.55831544133743,31.815145678321343],[-106.55804307476119,31.815373442964358],[-106.55800102013353,31.81540869142205],[-106.55786785129457,31.815520310634628]]]},"properties":{"OBJECTID":14087,"Join_Count":4,"TARGET_FID":26419,"PlaceType":"Urban Center","SB840":"Y","TRACTCE":"001204","BLKGRPCE":"1","GEOID":"481410012041","INTPTLAT":"+31.8236933","INTPTLON":"-106.5623813","GrowthArea":"Y","LotArea":13546,"ZONELABEL":"R-4","Shape_Length":526.57158855518423,"Shape_Area":13545.629030600443}},{"type":"Feature","id":14094,"geometry":{"type":"Polygon","coordinates":[[[-106.55883226061202,31.815440823825082],[-106.55904242901649,31.815641916277368],[-106.55928483697856,31.815458083715185],[-106.55907605721619,31.815249846220919],[-106.55883226061202,31.815440823825082]]]},"properties":{"OBJECTID":14094,"Join_Count":1,"TARGET_FID":26427,"PlaceType":"Urban Neighborhood","SB840":"Y","TRACTCE":"001204","BLKGRPCE":"1","GEOID":"481410012041","INTPTLAT":"+31.8236933","INTPTLON":"-106.5623813","GrowthArea":"Y","LotArea":10058,"ZONELABEL":"C-4","Shape_Length":401.25115485370668,"Shape_Area":10058.451268784551}},{"type":"Feature","id":14106,"geometry":{"type":"Polygon","coordinates":[[[-106.55904242901649,31.815641916277368],[-106.55915189604782,31.815747522433149],[-106.55927115033006,31.815658399739409],[-106.55985675127602,31.815185236444464],[-106.55976330862123,31.815090824475394],[-106.55928483697856,31.815458083715185],[-106.55904242901649,31.815641916277368]]]},"properties":{"OBJECTID":14106,"Join_Count":1,"TARGET_FID":26441,"PlaceType":"Urban Neighborhood","SB840":"Y","TRACTCE":"001204","BLKGRPCE":"1","GEOID":"481410012041","INTPTLAT":"+31.8236933","INTPTLON":"-106.5623813","GrowthArea":"Y","LotArea":14618,"ZONELABEL":"C-4","Shape_Length":696.49563503687023,"Shape_Area":14617.57504561928}},{"type":"Feature","id":14107,"geometry":{"type":"Polygon","coordinates":[[[-106.55193460786398,31.815259763072152],[-106.55270878257959,31.816067986560309],[-106.5527369774328,31.816048249393294],[-106.55289304622789,31.815938997294801],[-106.5530388051597,31.815836962591622],[-106.55303744034038,31.815829745623432],[-106.55303080909775,31.815794714718805],[-106.55289781659874,31.815092054604317],[-106.55234086814599,31.815520172318053],[-106.55202857163199,31.815194138621692],[-106.55193460786398,31.815259763072152]]]},"properties":{"OBJECTID":14107,"Join_Count":1,"TARGET_FID":26443,"PlaceType":"Urban Center","SB840":"Y","TRACTCE":"001204","BLKGRPCE":"1","GEOID":"481410012041","INTPTLAT":"+31.8236933","INTPTLON":"-106.5623813","GrowthArea":"Y","LotArea":51919,"ZONELABEL":"C-3","Shape_Length":1210.6159814748617,"Shape_Area":51918.904574216802}},{"type":"Feature","id":14118,"geometry":{"type":"Polygon","coordinates":[[[-106.55662918999715,31.815417590735979],[-106.55736887256133,31.815952028100948],[-106.55748767701895,31.815851117414354],[-106.55786785129457,31.815520310634628],[-106.55800102013353,31.81540869142205],[-106.55804307476119,31.815373442964358],[-106.55744253582985,31.814775735501446],[-106.55680526187444,31.815249118521795],[-106.55662918999715,31.815417590735979]]]},"properties":{"OBJECTID":14118,"Join_Count":6,"TARGET_FID":26461,"PlaceType":"Urban Center","SB840":"Y","TRACTCE":"001204","BLKGRPCE":"1","GEOID":"481410012041","INTPTLAT":"+31.8236933","INTPTLON":"-106.5623813","GrowthArea":"Y","LotArea":95062,"ZONELABEL":"R-4","Shape_Length":1228.9309755440095,"Shape_Area":95061.995680867665}},{"type":"Feature","id":14120,"geometry":{"type":"Polygon","coordinates":[[[-106.55927115033006,31.815658399739409],[-106.55947502045657,31.815871789274162],[-106.56007603766183,31.815406798339119],[-106.55985675127602,31.815185236444464],[-106.55927115033006,31.815658399739409]]]},"properties":{"OBJECTID":14120,"Join_Count":2,"TARGET_FID":26467,"PlaceType":"Urban Neighborhood","SB840":"Y","TRACTCE":"001204","BLKGRPCE":"1","GEOID":"481410012041","INTPTLAT":"+31.8236933","INTPTLON":"-106.5623813","GrowthArea":"Y","LotArea":25796,"ZONELABEL":"C-4","Shape_Length":708.07654976380286,"Shape_Area":25795.787361122657}},{"type":"Feature","id":14130,"geometry":{"type":"Polygon","coordinates":[[[-106.55915189604782,31.815747522433149],[-106.55935978929409,31.815955320789012],[-106.55947502045657,31.815871789274162],[-106.55927115033006,31.815658399739409],[-106.55915189604782,31.815747522433149]]]},"properties":{"OBJECTID":14130,"Join_Count":2,"TARGET_FID":26484,"PlaceType":"Urban Neighborhood","SB840":"Y","TRACTCE":"001204","BLKGRPCE":"1","GEOID":"481410012041","INTPTLAT":"+31.8236933","INTPTLON":"-106.5623813","GrowthArea":"Y","LotArea":4798,"ZONELABEL":"C-4","Shape_Length":295.78541698820783,"Shape_Area":4798.4871112722803}},{"type":"Feature","id":14138,"geometry":{"type":"Polygon","coordinates":[[[-106.55935378829403,31.815959805407751],[-106.55945695082617,31.816058698089162],[-106.55989300936174,31.815732835204294],[-106.55998375960077,31.815824524265718],[-106.56027446374146,31.815607281913572],[-106.56026646944258,31.815599203422948],[-106.56017658806751,31.815508391607853],[-106.56007603766183,31.815406798339119],[-106.55947502045657,31.815871789274162],[-106.55935978929409,31.815955320789012],[-106.55935378829403,31.815959805407751]]]},"properties":{"OBJECTID":14138,"Join_Count":2,"TARGET_FID":26496,"PlaceType":"Urban Neighborhood","SB840":"Y","TRACTCE":"001204","BLKGRPCE":"1","GEOID":"481410012041","INTPTLAT":"+31.8236933","INTPTLON":"-106.5623813","GrowthArea":"Y","LotArea":20075,"ZONELABEL":"C-4","Shape_Length":788.69915117891253,"Shape_Area":20075.026156827993}},{"type":"Feature","id":14149,"geometry":{"type":"Polygon","coordinates":[[[-106.5600394997641,31.816113337670082],[-106.56006605222028,31.816136154035338],[-106.56017015706306,31.816065091049889],[-106.56016408979085,31.816058393596265],[-106.56028876696683,31.815965914956138],[-106.56048666664864,31.815821686703689],[-106.56030478082926,31.815637913913474],[-106.55992223079035,31.815923792698698],[-106.5600394997641,31.816113337670082]]]},"properties":{"OBJECTID":14149,"Join_Count":3,"TARGET_FID":26514,"PlaceType":"Urban Neighborhood","SB840":"Y","TRACTCE":"001204","BLKGRPCE":"1","GEOID":"481410012041","INTPTLAT":"+31.8236933","INTPTLON":"-106.5623813","GrowthArea":"Y","LotArea":14585,"ZONELABEL":"C-2","Shape_Length":511.72961415926335,"Shape_Area":14584.994112277083}},{"type":"Feature","id":14156,"geometry":{"type":"Polygon","coordinates":[[[-106.55947161466551,31.816072755193531],[-106.55958168952723,31.81617827503047],[-106.55992223079035,31.815923792698698],[-106.56030478082926,31.815637913913474],[-106.56027446374146,31.815607281913572],[-106.55998375960077,31.815824524265718],[-106.55989300936174,31.815732835204294],[-106.55945695082617,31.816058698089162],[-106.55935378829403,31.815959805407751],[-106.55934044004739,31.815969780263725],[-106.55944559735002,31.816070586410945],[-106.55947161466551,31.816072755193531]]]},"properties":{"OBJECTID":14156,"Join_Count":2,"TARGET_FID":26521,"PlaceType":"Urban Neighborhood","SB840":"Y","TRACTCE":"001204","BLKGRPCE":"1","GEOID":"481410012041","INTPTLAT":"+31.8236933","INTPTLON":"-106.5623813","GrowthArea":"Y","LotArea":12479,"ZONELABEL":"C-4","Shape_Length":819.06988535006008,"Shape_Area":12478.763463792237}},{"type":"Feature","id":14168,"geometry":{"type":"Polygon","coordinates":[[[-106.55184560603904,31.816515922252098],[-106.55193923922467,31.816606679401691],[-106.55270878257959,31.816067986560309],[-106.55193460786398,31.815259763072152],[-106.5518809074936,31.815203698468586],[-106.5518656542928,31.815210861335792],[-106.55148912621357,31.815473826624356],[-106.55231406879723,31.816273442791214],[-106.55196983827535,31.816532375514811],[-106.55190599840139,31.816470495082957],[-106.55184560603904,31.816515922252098]]]},"properties":{"OBJECTID":14168,"Join_Count":1,"TARGET_FID":26535,"PlaceType":"Urban Center","SB840":"Y","TRACTCE":"001204","BLKGRPCE":"1","GEOID":"481410012041","INTPTLAT":"+31.8236933","INTPTLON":"-106.5623813","GrowthArea":"Y","LotArea":64254,"ZONELABEL":"C-3","Shape_Length":1500.9577844519115,"Shape_Area":64253.728176592165}},{"type":"Feature","id":14172,"geometry":{"type":"Polygon","coordinates":[[[-106.55193923922467,31.816606679401691],[-106.55195215182871,31.816619195990871],[-106.55274661708854,31.816063057659822],[-106.55290248764686,31.815953944193197],[-106.55304240751026,31.815855995841506],[-106.55318559705498,31.815755758423361],[-106.55406816781981,31.81513792488046],[-106.554112978788,31.815084998981042],[-106.5530388051597,31.815836962591622],[-106.55289304622789,31.815938997294801],[-106.5527369774328,31.816048249393294],[-106.55270878257959,31.816067986560309],[-106.55193923922467,31.816606679401691]]]},"properties":{"OBJECTID":14172,"Join_Count":2,"TARGET_FID":26539,"PlaceType":"Urban Center","SB840":"Y","TRACTCE":"001204","BLKGRPCE":"1","GEOID":"481410012041","INTPTLAT":"+31.8236933","INTPTLON":"-106.5623813","GrowthArea":"Y","LotArea":5225,"ZONELABEL":"C-3","Shape_Length":1752.9074912861929,"Shape_Area":5224.5371293701264}},{"type":"Feature","id":14193,"geometry":{"type":"Polygon","coordinates":[[[-106.55336994195575,31.815947761993151],[-106.55409799273423,31.816706048917556],[-106.55544545231524,31.815746558721045],[-106.55461917952825,31.814881184133512],[-106.55453561054003,31.814810690506981],[-106.55436841789962,31.814927734366535],[-106.554442662974,31.815089049182475],[-106.55336994195575,31.815947761993151]]]},"properties":{"OBJECTID":14193,"Join_Count":3,"TARGET_FID":26573,"PlaceType":"Urban Center","SB840":"Y","TRACTCE":"001204","BLKGRPCE":"1","GEOID":"481410012041","INTPTLAT":"+31.8236933","INTPTLON":"-106.5623813","GrowthArea":"Y","LotArea":207739,"ZONELABEL":"C-3","Shape_Length":1931.3374939225748,"Shape_Area":207738.97125186614}},{"type":"Feature","id":14196,"geometry":{"type":"Polygon","coordinates":[[[-106.55927685166964,31.816418512650788],[-106.55936208570377,31.81650216399958],[-106.55951046634233,31.816406233491001],[-106.55960932532118,31.816342318484384],[-106.55979110197102,31.81631192142417],[-106.55979998777374,31.816310435847139],[-106.55980679476815,31.816312930205559],[-106.56006605222028,31.816136154035338],[-106.5600394997641,31.816113337670082],[-106.55992223079035,31.815923792698698],[-106.55958168952723,31.81617827503047],[-106.55956110400516,31.816193659021415],[-106.5594673323918,31.816263733041698],[-106.55946053673505,31.816268811196668],[-106.55946665852701,31.81627467957415],[-106.55946545722939,31.816275588835758],[-106.55945762710095,31.816281523107101],[-106.55936817264909,31.816349311164775],[-106.55927685166964,31.816418512650788]]]},"properties":{"OBJECTID":14196,"Join_Count":3,"TARGET_FID":26579,"PlaceType":"Urban Neighborhood","SB840":"Y","TRACTCE":"001204","BLKGRPCE":"1","GEOID":"481410012041","INTPTLAT":"+31.8236933","INTPTLON":"-106.5623813","GrowthArea":"Y","LotArea":17190,"ZONELABEL":"C-2","Shape_Length":664.33039862431679,"Shape_Area":17189.860443271613}},{"type":"Feature","id":14199,"geometry":{"type":"Polygon","coordinates":[[[-106.56037563214497,31.816348090325253],[-106.56059153854439,31.816562078396817],[-106.56076734034076,31.816524036908785],[-106.56101200891284,31.816352466972258],[-106.56100177921654,31.816342131616512],[-106.5609475262676,31.816287316356821],[-106.56085925003093,31.816198126327272],[-106.56075225722988,31.816090026591819],[-106.56056025285616,31.816221586494091],[-106.56037563214497,31.816348090325253]]]},"properties":{"OBJECTID":14199,"Join_Count":3,"TARGET_FID":26588,"PlaceType":"Urban Neighborhood","SB840":"Y","TRACTCE":"001204","BLKGRPCE":"1","GEOID":"481410012041","INTPTLAT":"+31.8236933","INTPTLON":"-106.5623813","GrowthArea":"Y","LotArea":18191,"ZONELABEL":"C-2","Shape_Length":532.43124774467822,"Shape_Area":18191.046404382923}},{"type":"Feature","id":14200,"geometry":{"type":"Polygon","coordinates":[[[-106.56036687764524,31.816541561223559],[-106.56047012178119,31.816588364487636],[-106.5605828990138,31.816563947878475],[-106.56059153854439,31.816562078396817],[-106.56037563214497,31.816348090325253],[-106.56056025285616,31.816221586494091],[-106.56075225722988,31.816090026591819],[-106.56072306044415,31.816060527986902],[-106.56070207318437,31.816039323363018],[-106.56069004437524,31.816027169964901],[-106.56065612868093,31.815992902024949],[-106.56062765832149,31.815964139136177],[-106.56048666664864,31.815821686703689],[-106.56028876696683,31.815965914956138],[-106.56016408979085,31.816058393596265],[-106.56017015706306,31.816065091049889],[-106.56006605222028,31.816136154035338],[-106.55980679476815,31.816312930205559],[-106.56009724569378,31.816419331142399],[-106.56032504969231,31.816522599344907],[-106.56034667890741,31.816532404664251],[-106.56036687764524,31.816541561223559]]]},"properties":{"OBJECTID":14200,"Join_Count":4,"TARGET_FID":26590,"PlaceType":"Urban Neighborhood","SB840":"Y","TRACTCE":"001204","BLKGRPCE":"1","GEOID":"481410012041","INTPTLAT":"+31.8236933","INTPTLON":"-106.5623813","GrowthArea":"Y","LotArea":35168,"ZONELABEL":"C-2","Shape_Length":928.44068290833536,"Shape_Area":35167.695901370709}},{"type":"Feature","id":14201,"geometry":{"type":"Polygon","coordinates":[[[-106.55607368559282,31.816315367327146],[-106.55610234771063,31.816801165675631],[-106.55612967085304,31.816702330792673],[-106.55614885912283,31.816602109934625],[-106.55615981753348,31.816500989996975],[-106.5561624949267,31.816399464810875],[-106.55615687705368,31.816298026441057],[-106.55614299003354,31.816197169537023],[-106.5561209041574,31.81609738482814],[-106.55609863949559,31.816023085544966],[-106.55606957656576,31.815950519524616],[-106.55603389623799,31.81588013788221],[-106.55599182097147,31.815812380710753],[-106.55598973337391,31.815810050717673],[-106.5559872199611,31.815808050908302],[-106.5559843500118,31.815806437586136],[-106.55598120586406,31.815805256494372],[-106.55597787424304,31.815804539617357],[-106.55593445153833,31.815822037469463],[-106.55589343976163,31.815843360117501],[-106.55585530021681,31.815868266914237],[-106.55607368559282,31.816315367327146]]]},"properties":{"OBJECTID":14201,"Join_Count":1,"TARGET_FID":26591,"PlaceType":"Urban Center","SB840":"Y","TRACTCE":"001204","BLKGRPCE":"1","GEOID":"481410012041","INTPTLAT":"+31.8236933","INTPTLON":"-106.5623813","GrowthArea":"Y","LotArea":11232,"ZONELABEL":"C-4","Shape_Length":773.45655537543666,"Shape_Area":11231.777253643191}},{"type":"Feature","id":14203,"geometry":{"type":"Polygon","coordinates":[[[-106.55619805008422,31.815762893971623],[-106.55624518567113,31.815857999667372],[-106.55628476485538,31.815955584851675],[-106.55631661086738,31.816055212668022],[-106.55634058008995,31.816156435640572],[-106.55635656563585,31.816258801825963],[-106.55636449711221,31.816361851211582],[-106.55636433687505,31.816465123120597],[-106.55635608729388,31.8165681540581],[-106.55633978372471,31.816670483466893],[-106.55631550071961,31.816771651624077],[-106.55628334617285,31.816871207147038],[-106.5563310461623,31.816834239626683],[-106.5569385273116,31.816317557999984],[-106.55729743653627,31.816012705897183],[-106.55736887256133,31.815952028100948],[-106.55662918999715,31.815417590735979],[-106.55655485490203,31.815490050895939],[-106.55649873551489,31.815542635936882],[-106.5564370697673,31.815590478406278],[-106.55637040633952,31.815633153715471],[-106.55629933506781,31.815670284085233],[-106.55622448799885,31.815701538495965],[-106.55621654410427,31.815706998367002],[-106.55620967883026,31.815713436395892],[-106.55620405455892,31.815720699390891],[-106.55619980489631,31.815728614760886],[-106.5561970327996,31.815736994218089],[-106.55619580343142,31.815745637732643],[-106.55619614457325,31.815754339835966],[-106.55619805008422,31.815762893971623]]]},"properties":{"OBJECTID":14203,"Join_Count":6,"TARGET_FID":26599,"PlaceType":"Urban Center","SB840":"Y","TRACTCE":"001204","BLKGRPCE":"1","GEOID":"481410012041","INTPTLAT":"+31.8236933","INTPTLON":"-106.5623813","GrowthArea":"Y","LotArea":89883,"ZONELABEL":"R-4","Shape_Length":1378.9299578748562,"Shape_Area":89882.887364222232}},{"type":"Feature","id":14207,"geometry":{"type":"Polygon","coordinates":[[[-106.560812692478,31.816770563383258],[-106.56082158947733,31.816778564323489],[-106.56117272176517,31.816514841754767],[-106.56101200891284,31.816352466972258],[-106.56076734034076,31.816524036908785],[-106.56059153854439,31.816562078396817],[-106.5605828990138,31.816563947878475],[-106.56063117969694,31.816607357937059],[-106.560812692478,31.816770563383258]]]},"properties":{"OBJECTID":14207,"Join_Count":2,"TARGET_FID":26610,"PlaceType":"Urban Neighborhood","SB840":"Y","TRACTCE":"001204","BLKGRPCE":"1","GEOID":"481410012041","INTPTLAT":"+31.8236933","INTPTLON":"-106.5623813","GrowthArea":"Y","LotArea":12435,"ZONELABEL":"C-2","Shape_Length":487.71772740054314,"Shape_Area":12435.261120433148}},{"type":"Feature","id":14214,"geometry":{"type":"Polygon","coordinates":[[[-106.55532467262466,31.816545744667422],[-106.55597738315689,31.817210825224436],[-106.55610234771063,31.816801165675631],[-106.55607368559282,31.816315367327146],[-106.55585530021681,31.815868266914237],[-106.55582480211696,31.815890941265529],[-106.55532467262466,31.816545744667422]]]},"properties":{"OBJECTID":14214,"Join_Count":1,"TARGET_FID":26638,"PlaceType":"Urban Center","SB840":"Y","TRACTCE":"001204","BLKGRPCE":"1","GEOID":"481410012041","INTPTLAT":"+31.8236933","INTPTLON":"-106.5623813","GrowthArea":"Y","LotArea":62987,"ZONELABEL":"C-4","Shape_Length":1119.7944237489496,"Shape_Area":62986.704986884019}},{"type":"Feature","id":14215,"geometry":{"type":"Polygon","coordinates":[[[-106.56095226489472,31.816902596364411],[-106.56109757785879,31.817049412135624],[-106.56119467964793,31.816976378324647],[-106.56120238601262,31.816970589878746],[-106.56142341420021,31.816804583796106],[-106.56144411271021,31.816789037832397],[-106.56123630957336,31.816579086648158],[-106.56107572292446,31.816699698210648],[-106.56088971600406,31.816839400913899],[-106.56095226489472,31.816902596364411]]]},"properties":{"OBJECTID":14215,"Join_Count":2,"TARGET_FID":26643,"PlaceType":"Urban Neighborhood","SB840":"Y","TRACTCE":"001204","BLKGRPCE":"1","GEOID":"481410012041","INTPTLAT":"+31.8236933","INTPTLON":"-106.5623813","GrowthArea":"Y","LotArea":14336,"ZONELABEL":"C-4","Shape_Length":486.79482108176728,"Shape_Area":14336.044051601444}},{"type":"Feature","id":14220,"geometry":{"type":"Polygon","coordinates":[[[-106.55195215182871,31.816619195990871],[-106.55289305911575,31.817564022139425],[-106.55409799273423,31.816706048917556],[-106.55336994195575,31.815947761993151],[-106.55318559705498,31.815755758423361],[-106.55304240751026,31.815855995841506],[-106.55290248764686,31.815953944193197],[-106.55274661708854,31.816063057659822],[-106.55195215182871,31.816619195990871]]]},"properties":{"OBJECTID":14220,"Join_Count":2,"TARGET_FID":26654,"PlaceType":"Urban Center","SB840":"Y","TRACTCE":"001204","BLKGRPCE":"1","GEOID":"481410012041","INTPTLAT":"+31.8236933","INTPTLON":"-106.5623813","GrowthArea":"Y","LotArea":220671,"ZONELABEL":"C-3","Shape_Length":1880.9862346469342,"Shape_Area":220671.16250171899}},{"type":"Feature","id":14226,"geometry":{"type":"Polygon","coordinates":[[[-106.56175272443427,31.817100838583254],[-106.56144411271021,31.816789037832397],[-106.56142341420021,31.816804583796106],[-106.56120238601262,31.816970589878746],[-106.56119467964793,31.816976378324647],[-106.56139396762232,31.817192725805793],[-106.56140106255458,31.817200427248842],[-106.56149281108219,31.81730002815118],[-106.56175272443427,31.817100838583254]]]},"properties":{"OBJECTID":14226,"Join_Count":2,"TARGET_FID":26668,"PlaceType":"Urban Neighborhood","SB840":"Y","TRACTCE":"001204","BLKGRPCE":"1","GEOID":"481410012041","INTPTLAT":"+31.8236933","INTPTLON":"-106.5623813","GrowthArea":"Y","LotArea":15769,"ZONELABEL":"C-4","Shape_Length":509.97911157440694,"Shape_Area":15768.928473689999}},{"type":"Feature","id":14227,"geometry":{"type":"Polygon","coordinates":[[[-106.55501515433158,31.816950981665695],[-106.55482555123959,31.817198504829911],[-106.55470805252169,31.817348922091046],[-106.55466885872058,31.817429254106202],[-106.55465490978845,31.817444162839998],[-106.55465248837496,31.817448422814195],[-106.55465091357954,31.817452962076125],[-106.55465022729148,31.81745766119769],[-106.55465044755032,31.817462391954844],[-106.55465156931342,31.817467029033594],[-106.55465356111512,31.817471447479665],[-106.55465637081195,31.817475529650252],[-106.55468175259178,31.817492977954192],[-106.55526303270612,31.818085275408578],[-106.55527757362944,31.818091865143838],[-106.55529309505867,31.818096549062947],[-106.55530925595662,31.818099224237852],[-106.55532570341532,31.818099832568254],[-106.55534207476515,31.818098360681521],[-106.55535801239793,31.818094840126651],[-106.55543867572489,31.818044066726866],[-106.55551534865681,31.817988969486926],[-106.55558771393402,31.817929775851116],[-106.55565547030326,31.817866731467888],[-106.55571833866796,31.817800097185348],[-106.55577605781099,31.81773014835267],[-106.55584192457816,31.817618532986629],[-106.5558764334385,31.817533686905719],[-106.55597738315689,31.817210825224436],[-106.55532467262466,31.816545744667422],[-106.55501515433158,31.816950981665695]]]},"properties":{"OBJECTID":14227,"Join_Count":2,"TARGET_FID":26671,"PlaceType":"Urban Center","SB840":"Y","TRACTCE":"001204","BLKGRPCE":"1","GEOID":"481410012041","INTPTLAT":"+31.8236933","INTPTLON":"-106.5623813","GrowthArea":"Y","LotArea":130908,"ZONELABEL":"C-4","Shape_Length":1424.0913333708538,"Shape_Area":130907.68075408805}},{"type":"Feature","id":14232,"geometry":{"type":"Polygon","coordinates":[[[-106.56026511345792,31.817347170055708],[-106.56045933600682,31.817529070887421],[-106.56049101286052,31.817505280396478],[-106.56059234331295,31.81742917594984],[-106.56060134018919,31.817422418000742],[-106.5607158200291,31.817336437409541],[-106.56051340514816,31.817144702032813],[-106.56043275929869,31.817156376870933],[-106.5603512315266,31.817162028351476],[-106.5602837793648,31.817270406213687],[-106.56025116878469,31.817287850650047],[-106.56022345773781,31.817308157085048],[-106.56026511345792,31.817347170055708]]]},"properties":{"OBJECTID":14232,"Join_Count":3,"TARGET_FID":26686,"PlaceType":"Urban Neighborhood","SB840":"Y","TRACTCE":"001204","BLKGRPCE":"1","GEOID":"481410012041","INTPTLAT":"+31.8236933","INTPTLON":"-106.5623813","GrowthArea":"Y","LotArea":11749,"ZONELABEL":"C-1","Shape_Length":427.5220168302792,"Shape_Area":11749.414510142744}},{"type":"Feature","id":14235,"geometry":{"type":"Polygon","coordinates":[[[-106.56096609140023,31.81742414547136],[-106.56111085267574,31.817592747580708],[-106.56111703488166,31.817588009425609],[-106.56149281108219,31.81730002815118],[-106.56140106255458,31.817200427248842],[-106.56139396762232,31.817192725805793],[-106.56119467964793,31.816976378324647],[-106.56109757785879,31.817049412135624],[-106.56103958607855,31.817093029808316],[-106.56082218857834,31.817256542711473],[-106.56096609140023,31.81742414547136]]]},"properties":{"OBJECTID":14235,"Join_Count":3,"TARGET_FID":26697,"PlaceType":"Urban Neighborhood","SB840":"Y","TRACTCE":"001204","BLKGRPCE":"1","GEOID":"481410012041","INTPTLAT":"+31.8236933","INTPTLON":"-106.5623813","GrowthArea":"Y","LotArea":23560,"ZONELABEL":"C-4","Shape_Length":615.06458773478528,"Shape_Area":23560.320772528092}},{"type":"Feature","id":14245,"geometry":{"type":"Polygon","coordinates":[[[-106.5598678520998,31.817791000728192],[-106.55997587638373,31.817892172454798],[-106.56004984158653,31.817836621153614],[-106.56022912297647,31.817700068906635],[-106.56023026936721,31.817701111537204],[-106.56045933600682,31.817529070887421],[-106.56026511345792,31.817347170055708],[-106.55978145670768,31.817710085261311],[-106.5598678520998,31.817791000728192]]]},"properties":{"OBJECTID":14245,"Join_Count":2,"TARGET_FID":26722,"PlaceType":"Urban Neighborhood","SB840":"Y","TRACTCE":"001204","BLKGRPCE":"1","GEOID":"481410012041","INTPTLAT":"+31.8236933","INTPTLON":"-106.5623813","GrowthArea":"Y","LotArea":17896,"ZONELABEL":"C-4","Shape_Length":579.69073959712284,"Shape_Area":17896.136665617123}},{"type":"Feature","id":14246,"geometry":{"type":"Polygon","coordinates":[[[-106.56081605528782,31.817261155667186],[-106.56081599584687,31.817261200965536],[-106.5608069978875,31.817267958079924],[-106.56074066842744,31.817317775413908],[-106.5607158200291,31.817336437409541],[-106.56060134018919,31.817422418000742],[-106.56059234331295,31.81742917594984],[-106.56049101286052,31.817505280396478],[-106.56045933600682,31.817529070887421],[-106.56045365794799,31.817533335055668],[-106.560748281716,31.817870605908915],[-106.56077371179533,31.817851117587104],[-106.56111085267574,31.817592747580708],[-106.56096609140023,31.81742414547136],[-106.56082218857834,31.817256542711473],[-106.56081605528782,31.817261155667186]]]},"properties":{"OBJECTID":14246,"Join_Count":3,"TARGET_FID":26723,"PlaceType":"Urban Neighborhood","SB840":"Y","TRACTCE":"001204","BLKGRPCE":"1","GEOID":"481410012041","INTPTLAT":"+31.8236933","INTPTLON":"-106.5623813","GrowthArea":"Y","LotArea":23049,"ZONELABEL":"C-1","Shape_Length":608.50833018868252,"Shape_Area":23049.023010574783}},{"type":"Feature","id":14257,"geometry":{"type":"Polygon","coordinates":[[[-106.55368911811,31.818316318824621],[-106.55394066806485,31.818583850613091],[-106.55397316111944,31.818348464395136],[-106.55440227542601,31.817613630400562],[-106.55437420334498,31.817586385468839],[-106.5543518723854,31.817555511339673],[-106.55355366594831,31.818172260455707],[-106.55368911811,31.818316318824621]]]},"properties":{"OBJECTID":14257,"Join_Count":2,"TARGET_FID":26754,"PlaceType":"Urban Center","SB840":"Y","TRACTCE":"001204","BLKGRPCE":"1","GEOID":"481410012041","INTPTLAT":"+31.8236933","INTPTLON":"-106.5623813","GrowthArea":"Y","LotArea":31954,"ZONELABEL":"C-4","Shape_Length":937.73473121693428,"Shape_Area":31953.824349082577}},{"type":"Feature","id":14259,"geometry":{"type":"Polygon","coordinates":[[[-106.55398890534751,31.818635151556766],[-106.55400250811265,31.818649618558872],[-106.55403528996968,31.818385157500266],[-106.55447193436451,31.817654945803419],[-106.55443513232505,31.817636713749003],[-106.55440227542601,31.817613630400562],[-106.55397316111944,31.818348464395136],[-106.55394066806485,31.818583850613091],[-106.55398890534751,31.818635151556766]]]},"properties":{"OBJECTID":14259,"Join_Count":2,"TARGET_FID":26757,"PlaceType":"Urban Center","SB840":"Y","TRACTCE":"001204","BLKGRPCE":"1","GEOID":"481410012041","INTPTLAT":"+31.8236933","INTPTLON":"-106.5623813","GrowthArea":"Y","LotArea":9288,"ZONELABEL":"C-4","Shape_Length":837.05384303986159,"Shape_Area":9287.534212517945}},{"type":"Feature","id":14262,"geometry":{"type":"Polygon","coordinates":[[[-106.56071496358561,31.818109524414108],[-106.56103041659222,31.818410079733429],[-106.5611288692282,31.818368839110345],[-106.56085750989475,31.818001242044016],[-106.56071496358561,31.818109524414108]]]},"properties":{"OBJECTID":14262,"Join_Count":3,"TARGET_FID":26767,"PlaceType":"Urban Neighborhood","SB840":"Y","TRACTCE":"001204","BLKGRPCE":"1","GEOID":"481410012041","INTPTLAT":"+31.8236933","INTPTLON":"-106.5623813","GrowthArea":"Y","LotArea":7028,"ZONELABEL":"C-1","Shape_Length":398.22105099281305,"Shape_Area":7027.5840379152196}},{"type":"Feature","id":14264,"geometry":{"type":"Polygon","coordinates":[[[-106.56059027973915,31.818196087124072],[-106.56090872060884,31.818459562966982],[-106.56092546633528,31.818452753970071],[-106.56103041659222,31.818410079733429],[-106.56071496358561,31.818109524414108],[-106.56059027973915,31.818196087124072]]]},"properties":{"OBJECTID":14264,"Join_Count":3,"TARGET_FID":26771,"PlaceType":"Urban Neighborhood","SB840":"Y","TRACTCE":"001204","BLKGRPCE":"1","GEOID":"481410012041","INTPTLAT":"+31.8236933","INTPTLON":"-106.5623813","GrowthArea":"Y","LotArea":6362,"ZONELABEL":"R-4","Shape_Length":376.33921203039722,"Shape_Area":6361.9753590439605}},{"type":"Feature","id":14275,"geometry":{"type":"Polygon","coordinates":[[[-106.55556369821039,31.818269950028018],[-106.55569864447922,31.819067976783856],[-106.55608777626301,31.818996625725894],[-106.55612123088795,31.817294926891059],[-106.55609054606425,31.817387363798538],[-106.55606466178196,31.817480865550504],[-106.5560354623632,31.817567435094482],[-106.5559986647355,31.81765186675787],[-106.55595448247777,31.817733675199161],[-106.55590316720344,31.817812390419764],[-106.55584501611975,31.817887560112432],[-106.55577218432525,31.817959785166302],[-106.5556956794218,31.818029186013504],[-106.55561564903968,31.818095626421158],[-106.55560533378133,31.818116904846743],[-106.55559897426424,31.818139285827787],[-106.55559672266459,31.818162234577112],[-106.55559272713036,31.818199532116438],[-106.55558161847451,31.818235765143644],[-106.55556369821039,31.818269950028018]]]},"properties":{"OBJECTID":14275,"Join_Count":1,"TARGET_FID":26803,"PlaceType":"Urban Center","SB840":"Y","TRACTCE":"001204","BLKGRPCE":"1","GEOID":"481410012041","INTPTLAT":"+31.8236933","INTPTLON":"-106.5623813","GrowthArea":"Y","LotArea":66103,"ZONELABEL":"C-4","Shape_Length":1439.8783111700875,"Shape_Area":66102.690790197317}},{"type":"Feature","id":14279,"geometry":{"type":"Polygon","coordinates":[[[-106.55400250811265,31.818649618558872],[-106.55455890117031,31.819241353491172],[-106.55490133608622,31.81917856748662],[-106.55477080311468,31.818331245374999],[-106.55500735056397,31.818176102596826],[-106.55500823805819,31.818134316259428],[-106.5550115142635,31.818114246055995],[-106.55501138310738,31.818093982854474],[-106.55500784767396,31.818073944723345],[-106.55500098176194,31.818054547253695],[-106.55499092700808,31.81803619195389],[-106.55467402634066,31.817702486881934],[-106.55462151511706,31.817697778127762],[-106.55456992018237,31.81768819935801],[-106.55451986046685,31.817673864608413],[-106.55447193436451,31.817654945803419],[-106.55403528996968,31.818385157500266],[-106.55400250811265,31.818649618558872]]]},"properties":{"OBJECTID":14279,"Join_Count":2,"TARGET_FID":26810,"PlaceType":"Urban Center","SB840":"Y","TRACTCE":"001204","BLKGRPCE":"1","GEOID":"481410012041","INTPTLAT":"+31.8236933","INTPTLON":"-106.5623813","GrowthArea":"Y","LotArea":110798,"ZONELABEL":"C-4","Shape_Length":1457.3598826427776,"Shape_Area":110798.22437462478}},{"type":"Feature","id":14292,"geometry":{"type":"Polygon","coordinates":[[[-106.56122837684742,31.818828947836256],[-106.56167881326832,31.819388352665865],[-106.56286395171169,31.818685886572393],[-106.56224367659102,31.81791556597576],[-106.56145616513209,31.818238721504748],[-106.5611288692282,31.818368839110345],[-106.56103041659222,31.818410079733429],[-106.56092546633528,31.818452753970071],[-106.56122837684742,31.818828947836256]]]},"properties":{"OBJECTID":14292,"Join_Count":5,"TARGET_FID":26844,"PlaceType":"Urban Neighborhood","SB840":"Y","TRACTCE":"001204","BLKGRPCE":"1","GEOID":"481410012041","INTPTLAT":"+31.8236933","INTPTLON":"-106.5623813","GrowthArea":"Y","LotArea":168628,"ZONELABEL":"C-1","Shape_Length":1654.9580843817032,"Shape_Area":168627.60420705893}},{"type":"Feature","id":14294,"geometry":{"type":"Polygon","coordinates":[[[-106.55936492398759,31.819370124281516],[-106.55974471927378,31.819713265079063],[-106.5604594874154,31.819285282467533],[-106.56122837684742,31.818828947836256],[-106.56092546633528,31.818452753970071],[-106.56090872060884,31.818459562966982],[-106.56076547896555,31.818513514912855],[-106.56054986214315,31.818600603280426],[-106.56036246945544,31.818677588992021],[-106.56021603893427,31.818740409492012],[-106.56007496682376,31.818798432676537],[-106.55993072534812,31.818856652495811],[-106.55978840396673,31.81891543967534],[-106.55963259741367,31.818978238344606],[-106.55949943620826,31.81903287087858],[-106.55934409713643,31.819097430786783],[-106.55916074586564,31.819167742128212],[-106.55936492398759,31.819370124281516]]]},"properties":{"OBJECTID":14294,"Join_Count":3,"TARGET_FID":26852,"PlaceType":"Urban Neighborhood","SB840":"Y","TRACTCE":"001204","BLKGRPCE":"1","GEOID":"481410012041","INTPTLAT":"+31.8236933","INTPTLON":"-106.5623813","GrowthArea":"Y","LotArea":124903,"ZONELABEL":"R-4","Shape_Length":1603.8207350644418,"Shape_Area":124902.8558109942}},{"type":"Feature","id":14295,"geometry":{"type":"Polygon","coordinates":[[[-106.5604594874154,31.819285282467533],[-106.56103122228926,31.820039887032827],[-106.56169304124685,31.819647618524957],[-106.56226915138831,31.819306144295904],[-106.56300986789651,31.818867098117952],[-106.56286395171169,31.818685886572393],[-106.56167881326832,31.819388352665865],[-106.56122837684742,31.818828947836256],[-106.5604594874154,31.819285282467533]]]},"properties":{"OBJECTID":14295,"Join_Count":3,"TARGET_FID":26871,"PlaceType":"Urban Neighborhood","SB840":"Y","TRACTCE":"001204","BLKGRPCE":"1","GEOID":"481410012041","INTPTLAT":"+31.8236933","INTPTLON":"-106.5623813","GrowthArea":"Y","LotArea":132422,"ZONELABEL":"R-4","Shape_Length":2141.0684641413663,"Shape_Area":132421.87642680787}},{"type":"Feature","id":14296,"geometry":{"type":"Polygon","coordinates":[[[-106.55515605357624,31.819876425121684],[-106.55585819792451,31.820676794852261],[-106.55587557835167,31.820664296288562],[-106.55590069640144,31.820646234855523],[-106.55605730637265,31.82052560475217],[-106.55605965051825,31.820427189390863],[-106.55608777626301,31.818996625725894],[-106.55569864447922,31.819067976783856],[-106.55556369821039,31.818269950028018],[-106.55554160183247,31.818305447402452],[-106.55550777187609,31.818331432435812],[-106.55547085203439,31.81835414538833],[-106.55543127666647,31.818373321607247],[-106.55538950710397,31.818388736701252],[-106.55533921912036,31.818394837092722],[-106.55528843489418,31.818394031269538],[-106.55523844638195,31.818386339664219],[-106.55519052746646,31.818371958810602],[-106.55514589545957,31.818351255054193],[-106.55510568818741,31.81832475390501],[-106.55507092742606,31.818293130945662],[-106.55504249844297,31.818257190226941],[-106.55502112561538,31.818217847367414],[-106.55500735056397,31.818176102596826],[-106.55477080311468,31.818331245374999],[-106.55490133608622,31.81917856748662],[-106.55455890117031,31.819241353491172],[-106.55515605357624,31.819876425121684]]]},"properties":{"OBJECTID":14296,"Join_Count":4,"TARGET_FID":26880,"PlaceType":"Urban Center","SB840":"Y","TRACTCE":"001204","BLKGRPCE":"1","GEOID":"481410012041","INTPTLAT":"+31.8236933","INTPTLON":"-106.5623813","GrowthArea":"Y","LotArea":230526,"ZONELABEL":"R-4","Shape_Length":2457.3585470426433,"Shape_Area":230526.01718983185}},{"type":"Feature","id":14433,"geometry":{"type":"Polygon","coordinates":[[[-106.56761455229501,31.824746744048007],[-106.56769236292867,31.824845044831282],[-106.56768591026434,31.824746844282672],[-106.56421276846272,31.820362234083689],[-106.56416609148934,31.820364468763788],[-106.56420878868454,31.820419761962604],[-106.56427604900185,31.820506865955981],[-106.56429964659662,31.820537425878545],[-106.56448578095755,31.820778472907225],[-106.56467663272537,31.821025629415828],[-106.56514612609982,31.821630567271079],[-106.56562228471526,31.82223169684956],[-106.56609844935794,31.82283282454063],[-106.56657462108257,31.823433950293683],[-106.56705079783919,31.824035075110064],[-106.56761455229501,31.824746744048007]]]},"properties":{"OBJECTID":14433,"Join_Count":2,"TARGET_FID":27127,"PlaceType":"Innovation, Light Manufacturing and Logistics","SB840":"Y","TRACTCE":"001204","BLKGRPCE":"1","GEOID":"481410012041","INTPTLAT":"+31.8236933","INTPTLON":"-106.5623813","GrowthArea":"Y","LotArea":34151,"ZONELABEL":"C-4","Shape_Length":3939.7161155618105,"Shape_Area":34151.397085589313}},{"type":"Feature","id":14460,"geometry":{"type":"Polygon","coordinates":[[[-106.52545636025245,31.827493635279556],[-106.52573115279246,31.827747335594491],[-106.52606970082103,31.82747060806529],[-106.52581570270522,31.827254909123191],[-106.52581362076967,31.827253257661049],[-106.52581125910757,31.827251907646378],[-106.52580867714005,31.827250894189007],[-106.5258059400287,31.827250243092926],[-106.52580311551137,31.827249971007102],[-106.52580027694883,31.827250083473928],[-106.52579749512216,31.827250578932311],[-106.5256863172747,31.827334166278071],[-106.52557257870103,31.827415204409892],[-106.52545636025245,31.827493635279556]]]},"properties":{"OBJECTID":14460,"Join_Count":2,"TARGET_FID":27154,"PlaceType":"Neighborhood Center","SB840":"Y","TRACTCE":" ","BLKGRPCE":" ","GEOID":" ","INTPTLAT":" ","INTPTLON":" ","GrowthArea":"Y","LotArea":17177,"ZONELABEL":"A-O","Shape_Length":526.75877178202711,"Shape_Area":17177.034216552645}},{"type":"Feature","id":14480,"geometry":{"type":"Polygon","coordinates":[[[-106.56684072040795,31.825892917164989],[-106.56691427481748,31.825997205896815],[-106.56808725346525,31.825345922709964],[-106.56800361287974,31.825238255311632],[-106.56769236292867,31.824845044831282],[-106.56761455229501,31.824746744048007],[-106.56644735114638,31.825403853705915],[-106.56664465215758,31.825639031075884],[-106.56684072040795,31.825892917164989]]]},"properties":{"OBJECTID":14480,"Join_Count":3,"TARGET_FID":27175,"PlaceType":"Innovation, Light Manufacturing and Logistics","SB840":"Y","TRACTCE":"001204","BLKGRPCE":"1","GEOID":"481410012041","INTPTLAT":"+31.8236933","INTPTLON":"-106.5623813","GrowthArea":"Y","LotArea":113093,"ZONELABEL":"C-4","Shape_Length":1391.7995921188592,"Shape_Area":113093.42140657506}},{"type":"Feature","id":14499,"geometry":{"type":"Polygon","coordinates":[[[-106.56715078842106,31.826382320944955],[-106.5671767620115,31.826573376392002],[-106.56847940398224,31.825840040550972],[-106.56800361287974,31.825238255311632],[-106.56808725346525,31.825345922709964],[-106.56691427481748,31.825997205896815],[-106.5671187935414,31.826287177448492],[-106.56715078842106,31.826382320944955]]]},"properties":{"OBJECTID":14499,"Join_Count":4,"TARGET_FID":27197,"PlaceType":"Innovation, Light Manufacturing and Logistics","SB840":"Y","TRACTCE":"001204","BLKGRPCE":"1","GEOID":"481410012041","INTPTLAT":"+31.8236933","INTPTLON":"-106.5623813","GrowthArea":"Y","LotArea":97937,"ZONELABEL":"C-4","Shape_Length":1459.4652205414136,"Shape_Area":97937.444783148239}},{"type":"Feature","id":14520,"geometry":{"type":"Polygon","coordinates":[[[-106.5673868197141,31.826902466023103],[-106.56767600120848,31.827165419485954],[-106.56895709125781,31.826444215556471],[-106.56847940398224,31.825840040550972],[-106.5671767620115,31.826573376392002],[-106.56717114365986,31.826629676631047],[-106.5673868197141,31.826902466023103]]]},"properties":{"OBJECTID":14520,"Join_Count":4,"TARGET_FID":27220,"PlaceType":"Innovation, Light Manufacturing and Logistics","SB840":"Y","TRACTCE":"001204","BLKGRPCE":"1","GEOID":"481410012041","INTPTLAT":"+31.8236933","INTPTLON":"-106.5623813","GrowthArea":"Y","LotArea":130472,"ZONELABEL":"R-4","Shape_Length":1497.9226005699118,"Shape_Area":130471.87764948844}},{"type":"Feature","id":14535,"geometry":{"type":"Polygon","coordinates":[[[-106.56793689642325,31.827402039150382],[-106.56809289024898,31.827827031302089],[-106.56944748313049,31.827064446616934],[-106.56895709125781,31.826444215556471],[-106.56767600120848,31.827165419485954],[-106.56785553532627,31.827328248261647],[-106.56793689642325,31.827402039150382]]]},"properties":{"OBJECTID":14535,"Join_Count":2,"TARGET_FID":27235,"PlaceType":"Innovation, Light Manufacturing and Logistics","SB840":"Y","TRACTCE":"001204","BLKGRPCE":"1","GEOID":"481410012041","INTPTLAT":"+31.8236933","INTPTLON":"-106.5623813","GrowthArea":"Y","LotArea":129282,"ZONELABEL":"R-4","Shape_Length":1533.0316341018645,"Shape_Area":129282.25882014939}},{"type":"Feature","id":14561,"geometry":{"type":"Polygon","coordinates":[[[-106.52473509513801,31.831032597933671],[-106.52590511601238,31.831034923851593],[-106.52591226279472,31.830960670388787],[-106.5259256570437,31.83088704914821],[-106.52594523061521,31.830814442737044],[-106.52595896251019,31.830739657383987],[-106.52598390751584,31.830666695148683],[-106.52600613340903,31.830501002092348],[-106.5260242805083,31.830426983079882],[-106.52602601812231,31.830415886101374],[-106.52602553645613,31.83040469779818],[-106.52602284905154,31.830393739085313],[-106.52601803261588,31.830383326066013],[-106.52601122508533,31.830373756575046],[-106.52600262216687,31.830365305826831],[-106.52599247247289,31.83035821671147],[-106.52592276238919,31.830340985048014],[-106.5258517378023,31.830328251778131],[-106.52577979693433,31.830320088279702],[-106.5257073426892,31.830316540417549],[-106.52563478048505,31.830317627743181],[-106.52550843280522,31.830312775909885],[-106.52538198290247,31.83031498144204],[-106.52509405415341,31.830336528508468],[-106.5248067410586,31.830363409181111],[-106.52473509513801,31.831032597933671]]]},"properties":{"OBJECTID":14561,"Join_Count":1,"TARGET_FID":27271,"PlaceType":"Urban Neighborhood","SB840":"Y","TRACTCE":" ","BLKGRPCE":" ","GEOID":" ","INTPTLAT":" ","INTPTLON":" ","GrowthArea":"Y","LotArea":95139,"ZONELABEL":"A-O","Shape_Length":1231.831281790129,"Shape_Area":95139.201318083127}},{"type":"Feature","id":14562,"geometry":{"type":"Polygon","coordinates":[[[-106.56828393441324,31.828724397233938],[-106.56853751186949,31.829045111814434],[-106.57020266769898,31.828108434443315],[-106.57021036278003,31.828103031747926],[-106.57021692251296,31.828096629330727],[-106.5702221698217,31.828089398266869],[-106.57022596514669,31.828081533125623],[-106.57022820597088,31.828073244766774],[-106.57022883285192,31.828064755535141],[-106.57022782795308,31.828056293008132],[-106.57022521990227,31.828048083439871],[-106.56944748313049,31.827064446616934],[-106.56809289024898,31.827827031302089],[-106.56841305084387,31.828599354541844],[-106.56828393441324,31.828724397233938]]]},"properties":{"OBJECTID":14562,"Join_Count":4,"TARGET_FID":27274,"PlaceType":"Innovation, Light Manufacturing and Logistics","SB840":"Y","TRACTCE":"001204","BLKGRPCE":"1","GEOID":"481410012041","INTPTLAT":"+31.8236933","INTPTLON":"-106.5623813","GrowthArea":"Y","LotArea":256005,"ZONELABEL":"R-4","Shape_Length":2079.2288582905721,"Shape_Area":256005.39826792935}},{"type":"Feature","id":14564,"geometry":{"type":"Polygon","coordinates":[[[-106.52447622498534,31.831242111661098],[-106.52474917794127,31.83130283339089],[-106.52473199368805,31.831050197259625],[-106.52473509513801,31.831032597933671],[-106.5248067410586,31.830363409181111],[-106.52491435764942,31.830273481627277],[-106.52504085732237,31.830210971900627],[-106.52460458683876,31.829627644522212],[-106.52309868095772,31.830915861611235],[-106.5234732190938,31.831000313377434],[-106.52348689942249,31.83100218467774],[-106.52355187195913,31.831017943922575],[-106.52380008702463,31.831080441095786],[-106.52404947425775,31.831134921672025],[-106.52430337955448,31.831200347515786],[-106.52447622498534,31.831242111661098]]]},"properties":{"OBJECTID":14564,"Join_Count":2,"TARGET_FID":27279,"PlaceType":"Urban Neighborhood","SB840":"Y","TRACTCE":" ","BLKGRPCE":" ","GEOID":" ","INTPTLAT":" ","INTPTLON":" ","GrowthArea":"Y","LotArea":175534,"ZONELABEL":"A-O","Shape_Length":1880.7087814267968,"Shape_Area":175533.969083017}},{"type":"Feature","id":14566,"geometry":{"type":"Polygon","coordinates":[[[-106.5678594409239,31.829135491676332],[-106.56801871461964,31.82933693476614],[-106.56853751186949,31.829045111814434],[-106.56828393441324,31.828724397233938],[-106.56796742417191,31.829030916519066],[-106.5678594409239,31.829135491676332]]]},"properties":{"OBJECTID":14566,"Join_Count":3,"TARGET_FID":27282,"PlaceType":"Innovation, Light Manufacturing and Logistics","SB840":"Y","TRACTCE":"001204","BLKGRPCE":"1","GEOID":"481410012041","INTPTLAT":"+31.8236933","INTPTLON":"-106.5623813","GrowthArea":"Y","LotArea":22110,"ZONELABEL":"C-4","Shape_Length":621.50896338724851,"Shape_Area":22110.01757756521}},{"type":"Feature","id":14571,"geometry":{"type":"Polygon","coordinates":[[[-106.52586944485127,31.831735389701148],[-106.52587999659647,31.831735669023438],[-106.52588715131178,31.831732985595071],[-106.52589087944575,31.831726951519297],[-106.5258920438603,31.831709714388751],[-106.52588844916626,31.831484706405572],[-106.52589280702426,31.831259707557653],[-106.52590511601238,31.831034923851593],[-106.52473509513801,31.831032597933671],[-106.52473199368805,31.831050197259625],[-106.52474917794127,31.83130283339089],[-106.52472885427667,31.831631590615267],[-106.52482217897924,31.831644498544431],[-106.52499456760813,31.83167404285356],[-106.52516816685782,31.831697866841907],[-106.52534271634619,31.831715936823805],[-106.52551795498802,31.831728224567971],[-106.52569361812527,31.83173471195007],[-106.52586944485127,31.831735389701148]]]},"properties":{"OBJECTID":14571,"Join_Count":2,"TARGET_FID":27296,"PlaceType":"Urban Neighborhood","SB840":"Y","TRACTCE":" ","BLKGRPCE":" ","GEOID":" ","INTPTLAT":" ","INTPTLON":" ","GrowthArea":"Y","LotArea":87190,"ZONELABEL":"A-O","Shape_Length":1198.7515101725987,"Shape_Area":87190.462640040147}},{"type":"Feature","id":14576,"geometry":{"type":"Polygon","coordinates":[[[-106.56684434785505,31.830141288849124],[-106.56685880232288,31.830154701253534],[-106.56755540945159,31.82960749825239],[-106.56778515317636,31.829468312073985],[-106.56801871461964,31.82933693476614],[-106.5678594409239,31.829135491676332],[-106.56710618419591,31.829864960152598],[-106.56684434785505,31.830141288849124]]]},"properties":{"OBJECTID":14576,"Join_Count":3,"TARGET_FID":27322,"PlaceType":"Innovation, Light Manufacturing and Logistics","SB840":"Y","TRACTCE":"001204","BLKGRPCE":"1","GEOID":"481410012041","INTPTLAT":"+31.8236933","INTPTLON":"-106.5623813","GrowthArea":"Y","LotArea":19311,"ZONELABEL":"R-4","Shape_Length":1046.4811945792844,"Shape_Area":19311.112659302318}},{"type":"Feature","id":14610,"geometry":{"type":"Polygon","coordinates":[[[-106.5718967135397,31.831034572340879],[-106.57226002770788,31.831491517182361],[-106.57281776819723,31.831192368509534],[-106.57244216127764,31.830716486374548],[-106.5718967135397,31.831034572340879]]]},"properties":{"OBJECTID":14610,"Join_Count":2,"TARGET_FID":27540,"PlaceType":"Innovation, Light Manufacturing and Logistics","SB840":"Y","TRACTCE":"001204","BLKGRPCE":"1","GEOID":"481410012041","INTPTLAT":"+31.8236933","INTPTLON":"-106.5623813","GrowthArea":"Y","LotArea":41950,"ZONELABEL":"C-4","Shape_Length":819.38978961745102,"Shape_Area":41950.296265967096}},{"type":"Feature","id":14619,"geometry":{"type":"Polygon","coordinates":[[[-106.57013955649175,31.831821509342554],[-106.57022655985992,31.831913508707622],[-106.57089086544693,31.831535452212503],[-106.57030024553431,31.830787187575748],[-106.56963321662661,31.831168432995046],[-106.56980118100431,31.831379148945185],[-106.56996290405391,31.831593393858199],[-106.57013955649175,31.831821509342554]]]},"properties":{"OBJECTID":14619,"Join_Count":2,"TARGET_FID":27582,"PlaceType":"Innovation, Light Manufacturing and Logistics","SB840":"Y","TRACTCE":"001204","BLKGRPCE":"1","GEOID":"481410012041","INTPTLAT":"+31.8236933","INTPTLON":"-106.5623813","GrowthArea":"Y","LotArea":82012,"ZONELABEL":"C-4","Shape_Length":1153.4474802580214,"Shape_Area":82012.441515493003}},{"type":"Feature","id":14621,"geometry":{"type":"Polygon","coordinates":[[[-106.5258252257229,31.83407547074188],[-106.52583767079868,31.834074554424362],[-106.52584975514283,31.834071855982707],[-106.52586113139976,31.834067451556699],[-106.52587147150331,31.834061469660501],[-106.52588047874595,31.834054081576156],[-106.52588789404872,31.834045500151777],[-106.52589350287433,31.834035972246706],[-106.52589714536315,31.834025771926534],[-106.52589871474949,31.834015192409005],[-106.52590187290834,31.832802027217586],[-106.52470590361652,31.832822739952622],[-106.52470668063411,31.832850890871395],[-106.52471229684856,31.833058961289719],[-106.52471584692566,31.833278966217641],[-106.524712122648,31.833521466740581],[-106.52471214086516,31.833856526378394],[-106.52471054152326,31.834044917474575],[-106.5258252257229,31.83407547074188]]]},"properties":{"OBJECTID":14621,"Join_Count":2,"TARGET_FID":27589,"PlaceType":"Urban Neighborhood","SB840":"Y","TRACTCE":"001110","BLKGRPCE":"1","GEOID":"481410011101","INTPTLAT":"+31.8388269","INTPTLON":"-106.5196237","GrowthArea":"Y","LotArea":167519,"ZONELABEL":"A-O","Shape_Length":1638.7780937663417,"Shape_Area":167518.64380973511}},{"type":"Feature","id":14626,"geometry":{"type":"Polygon","coordinates":[[[-106.57254364057782,31.83184821765656],[-106.57262169948106,31.831946391826879],[-106.57317760500626,31.831648226655602],[-106.57310028301491,31.831550274898319],[-106.57300255256085,31.831426466865281],[-106.57291042119087,31.83130974936374],[-106.57281834757919,31.831193102199059],[-106.57281776819723,31.831192368509534],[-106.57226002770788,31.831491517182361],[-106.57226399894672,31.831496511644168],[-106.57235757900295,31.831614207926823],[-106.57245058137795,31.831731176698138],[-106.57254364057782,31.83184821765656]]]},"properties":{"OBJECTID":14626,"Join_Count":3,"TARGET_FID":27607,"PlaceType":"Innovation, Light Manufacturing and Logistics","SB840":"Y","TRACTCE":"001204","BLKGRPCE":"1","GEOID":"481410012041","INTPTLAT":"+31.8236933","INTPTLON":"-106.5623813","GrowthArea":"Y","LotArea":40821,"ZONELABEL":"C-4","Shape_Length":808.44459484627362,"Shape_Area":40820.987383596541}},{"type":"Feature","id":14647,"geometry":{"type":"Polygon","coordinates":[[[-106.57375869806489,31.83264431754586],[-106.57383921962919,31.832658010490753],[-106.5739182069216,31.832677137897075],[-106.57399515792491,31.83270157931269],[-106.57361762851784,31.832205629506586],[-106.57317760500626,31.831648226655602],[-106.57262169948106,31.831946391826879],[-106.57271595622299,31.832064936131651],[-106.5727751547832,31.832126750494332],[-106.57286633451261,31.832205405344478],[-106.57296131759539,31.832280707312741],[-106.57305993553003,31.832352523557336],[-106.57316201372188,31.832420725141951],[-106.57326736961045,31.832485190738236],[-106.57338567563875,31.832534561313931],[-106.57350730624256,31.832577643668575],[-106.57363180311569,31.832614274592334],[-106.57375869806489,31.83264431754586]]]},"properties":{"OBJECTID":14647,"Join_Count":2,"TARGET_FID":27734,"PlaceType":"Innovation, Light Manufacturing and Logistics","SB840":"Y","TRACTCE":"001204","BLKGRPCE":"1","GEOID":"481410012041","INTPTLAT":"+31.8236933","INTPTLON":"-106.5623813","GrowthArea":"Y","LotArea":65152,"ZONELABEL":"C-4","Shape_Length":1186.1403414453341,"Shape_Area":65151.588529393179}},{"type":"Feature","id":14657,"geometry":{"type":"Polygon","coordinates":[[[-106.57309377570812,31.832660016299734],[-106.57367709211347,31.833421270752019],[-106.57420521360388,31.83311858582837],[-106.57421605906508,31.83310107789594],[-106.57422362190596,31.833082355272623],[-106.57422772184452,31.833062861982487],[-106.57422826141197,31.833043062467354],[-106.57422522922359,31.833023426977558],[-106.5741935580499,31.832976227216424],[-106.5741583089309,31.83293091431878],[-106.57411963553383,31.832887685054953],[-106.57399960850805,31.8328374979614],[-106.57387640426161,31.832793277485532],[-106.57375042819754,31.832755171287932],[-106.57362209589661,31.832723304863865],[-106.57349183311786,31.832697781543441],[-106.57336006765726,31.832678687398118],[-106.57322723637598,31.832666085484632],[-106.57309377570812,31.832660016299734]]]},"properties":{"OBJECTID":14657,"Join_Count":2,"TARGET_FID":27753,"PlaceType":"Innovation, Light Manufacturing and Logistics","SB840":"Y","TRACTCE":"001204","BLKGRPCE":"1","GEOID":"481410012041","INTPTLAT":"+31.8236933","INTPTLON":"-106.5623813","GrowthArea":"Y","LotArea":49931,"ZONELABEL":"C-4","Shape_Length":955.93346789897214,"Shape_Area":49931.403694232868}},{"type":"Feature","id":14665,"geometry":{"type":"Polygon","coordinates":[[[-106.57294056314906,31.833760932682004],[-106.57294890125677,31.833769581108925],[-106.57295883020184,31.833776903142404],[-106.57297006628175,31.833782687465881],[-106.57298228533332,31.83378676715612],[-106.57299513691801,31.833789026229937],[-106.57300825065026,31.833789399340617],[-106.57302124909145,31.833787874772931],[-106.57303375847468,31.833784496638906],[-106.57304542024794,31.833779363421357],[-106.57367709211347,31.833421270752019],[-106.57309377570812,31.832660016299734],[-106.57210153144561,31.832728812472656],[-106.57290220569685,31.833721425695106],[-106.57294056314906,31.833760932682004]]]},"properties":{"OBJECTID":14665,"Join_Count":2,"TARGET_FID":27774,"PlaceType":"Innovation, Light Manufacturing and Logistics","SB840":"Y","TRACTCE":"001204","BLKGRPCE":"1","GEOID":"481410012041","INTPTLAT":"+31.8236933","INTPTLON":"-106.5623813","GrowthArea":"Y","LotArea":107274,"ZONELABEL":"C-4","Shape_Length":1369.377016369699,"Shape_Area":107273.84002787473}},{"type":"Feature","id":14670,"geometry":{"type":"Polygon","coordinates":[[[-106.57397979717935,31.833815912919249],[-106.57404759690166,31.833900878165668],[-106.57467818917243,31.833556763526456],[-106.57451513477655,31.833349824862406],[-106.57450409514784,31.833331603959277],[-106.57448973763064,31.833315154491451],[-106.57447244224915,31.833300913488383],[-106.57445266861802,31.833289257256716],[-106.57443094082046,31.833280496686132],[-106.57440783585432,31.833274862447361],[-106.57438396570193,31.833272505852339],[-106.57435996396293,31.833273488655543],[-106.57433646792424,31.833277783914191],[-106.57431409969391,31.833285278698778],[-106.5742934534854,31.833295773799932],[-106.57427507599289,31.833308990992151],[-106.57425945625886,31.833324579842152],[-106.57425216506196,31.833323338755626],[-106.57379752383024,31.833587492687993],[-106.57388036668674,31.833691309917409],[-106.57389505045514,31.833709712046542],[-106.57395346242261,31.833782911498446],[-106.57397979717935,31.833815912919249]]]},"properties":{"OBJECTID":14670,"Join_Count":1,"TARGET_FID":27780,"PlaceType":"Innovation, Light Manufacturing and Logistics","SB840":"Y","TRACTCE":"001204","BLKGRPCE":"1","GEOID":"481410012041","INTPTLAT":"+31.8236933","INTPTLON":"-106.5623813","GrowthArea":"Y","LotArea":32520,"ZONELABEL":"C-3","Shape_Length":731.23079122285083,"Shape_Area":32519.561889008382}},{"type":"Feature","id":14676,"geometry":{"type":"Polygon","coordinates":[[[-106.57407575368538,31.833936163315023],[-106.57414695287825,31.834025387068966],[-106.57476708135451,31.83366957857913],[-106.57467818917243,31.833556763526456],[-106.57404759690166,31.833900878165668],[-106.57407575368538,31.833936163315023]]]},"properties":{"OBJECTID":14676,"Join_Count":1,"TARGET_FID":27787,"PlaceType":"Innovation, Light Manufacturing and Logistics","SB840":"Y","TRACTCE":"001204","BLKGRPCE":"1","GEOID":"481410012041","INTPTLAT":"+31.8236933","INTPTLON":"-106.5623813","GrowthArea":"Y","LotArea":12106,"ZONELABEL":"C-3","Shape_Length":568.75139731431398,"Shape_Area":12105.533026988716}},{"type":"Feature","id":14683,"geometry":{"type":"Polygon","coordinates":[[[-106.57425788872541,31.834164406454583],[-106.57432823841688,31.83425256523644],[-106.57494676695092,31.833897625752257],[-106.57476708135451,31.83366957857913],[-106.57414695287825,31.834025387068966],[-106.5741686488392,31.834052576067918],[-106.57422695970443,31.834125647472785],[-106.57425788872541,31.834164406454583]]]},"properties":{"OBJECTID":14683,"Join_Count":1,"TARGET_FID":27795,"PlaceType":"Innovation, Light Manufacturing and Logistics","SB840":"Y","TRACTCE":"001204","BLKGRPCE":"1","GEOID":"481410012041","INTPTLAT":"+31.8236933","INTPTLON":"-106.5623813","GrowthArea":"Y","LotArea":23173,"ZONELABEL":"C-3","Shape_Length":663.49091463826164,"Shape_Area":23173.208323995223}},{"type":"Feature","id":14687,"geometry":{"type":"Polygon","coordinates":[[[-106.52445509092522,31.835431298278426],[-106.52444598569343,31.835470667902587],[-106.52442804091973,31.8355482582161],[-106.52439317274037,31.835699019401975],[-106.52431657847421,31.836179270382843],[-106.52426057435795,31.836447727108947],[-106.524230471292,31.836630723562177],[-106.52419965021259,31.836830330640773],[-106.52418868650932,31.836935490335385],[-106.52455374565713,31.836791177580359],[-106.52486050143791,31.836679045034806],[-106.52554621007052,31.836412768932963],[-106.52557347902409,31.836268349347634],[-106.52563039266956,31.835926563058322],[-106.52569355804472,31.835587291105924],[-106.52566405903129,31.835583472689716],[-106.52493101097171,31.835488588104813],[-106.52467855047132,31.835455908627956],[-106.52465675896167,31.835453088209054],[-106.52453365529206,31.835437153256848],[-106.52445605967849,31.835427108977356],[-106.52445509092522,31.835431298278426]]]},"properties":{"OBJECTID":14687,"Join_Count":3,"TARGET_FID":27801,"PlaceType":"Urban Neighborhood","SB840":"Y","TRACTCE":"001110","BLKGRPCE":"1","GEOID":"481410011101","INTPTLAT":"+31.8388269","INTPTLON":"-106.5196237","GrowthArea":"Y","LotArea":168392,"ZONELABEL":"A-2","Shape_Length":1710.2334177444459,"Shape_Area":168391.58829325993}},{"type":"Feature","id":14691,"geometry":{"type":"Polygon","coordinates":[[[-106.57335038575097,31.834355372237443],[-106.57352484722435,31.834575532218373],[-106.57425788872541,31.834164406454583],[-106.57422695970443,31.834125647472785],[-106.5741686488392,31.834052576067918],[-106.57414695287825,31.834025387068966],[-106.57407575368538,31.833936163315023],[-106.57335038575097,31.834355372237443]]]},"properties":{"OBJECTID":14691,"Join_Count":3,"TARGET_FID":27805,"PlaceType":"Innovation, Light Manufacturing and Logistics","SB840":"Y","TRACTCE":"001204","BLKGRPCE":"1","GEOID":"481410012041","INTPTLAT":"+31.8236933","INTPTLON":"-106.5623813","GrowthArea":"Y","LotArea":26834,"ZONELABEL":"C-4","Shape_Length":741.5999156176324,"Shape_Area":26834.342842215567}},{"type":"Feature","id":14693,"geometry":{"type":"Polygon","coordinates":[[[-106.5249565218321,31.836741009729511],[-106.52510805971346,31.837003226070529],[-106.52525247044296,31.836985956906645],[-106.52539763982334,31.836974200180183],[-106.52541469550319,31.836968051546332],[-106.52543051748776,31.836959844368227],[-106.52544476698547,31.836949753734618],[-106.52545714072453,31.836937996401165],[-106.52546737159683,31.836924824436544],[-106.52548460980933,31.836790657075404],[-106.52550563822419,31.83665688297204],[-106.52553044301159,31.836523582268136],[-106.52512540154991,31.836674517400652],[-106.52497362361282,31.836734530175072],[-106.5249565218321,31.836741009729511]]]},"properties":{"OBJECTID":14693,"Join_Count":1,"TARGET_FID":27810,"PlaceType":"Urban Neighborhood","SB840":"Y","TRACTCE":"001110","BLKGRPCE":"1","GEOID":"481410011101","INTPTLAT":"+31.8388269","INTPTLON":"-106.5196237","GrowthArea":"Y","LotArea":18885,"ZONELABEL":"A-O","Shape_Length":568.00197349517362,"Shape_Area":18884.528736812808}},{"type":"Feature","id":14695,"geometry":{"type":"Polygon","coordinates":[[[-106.52441461690101,31.836956063657507],[-106.52454757873917,31.837186139309317],[-106.52465512084346,31.837140099804241],[-106.5247652156217,31.83709869171075],[-106.52487759043984,31.837062017412851],[-106.52499196674522,31.837030169641242],[-106.52510805971346,31.837003226070529],[-106.5249565218321,31.836741009729511],[-106.52486338012474,31.836779228875223],[-106.52476893187732,31.836815036082236],[-106.52464809498723,31.836856931635854],[-106.52452989036816,31.836903981392922],[-106.52441461690101,31.836956063657507]]]},"properties":{"OBJECTID":14695,"Join_Count":2,"TARGET_FID":27812,"PlaceType":"Urban Neighborhood","SB840":"Y","TRACTCE":"001110","BLKGRPCE":"1","GEOID":"481410011101","INTPTLAT":"+31.8388269","INTPTLON":"-106.5196237","GrowthArea":"Y","LotArea":17995,"ZONELABEL":"A-O","Shape_Length":572.21062014916197,"Shape_Area":17995.075258022236}},{"type":"Feature","id":14700,"geometry":{"type":"Polygon","coordinates":[[[-106.57472153343906,31.834494704134784],[-106.57513012977094,31.835014432253878],[-106.57560060258498,31.834744722875765],[-106.57519077379473,31.834223428403902],[-106.57475512798077,31.834473732461039],[-106.57472153343906,31.834494704134784]]]},"properties":{"OBJECTID":14700,"Join_Count":1,"TARGET_FID":27819,"PlaceType":"Innovation, Light Manufacturing and Logistics","SB840":"Y","TRACTCE":"001204","BLKGRPCE":"1","GEOID":"481410012041","INTPTLAT":"+31.8236933","INTPTLON":"-106.5623813","GrowthArea":"Y","LotArea":40178,"ZONELABEL":"C-3","Shape_Length":808.11060729497331,"Shape_Area":40177.89302532492}},{"type":"Feature","id":14705,"geometry":{"type":"Polygon","coordinates":[[[-106.52401902322363,31.837277155856231],[-106.52396510691628,31.837324527630717],[-106.52391629016388,31.837375770276349],[-106.52387295116299,31.837430485543674],[-106.5238354271461,31.837488247324043],[-106.52380401157032,31.837548607202407],[-106.52399204072694,31.837464497434759],[-106.52417766725253,31.837376586040701],[-106.5243607863631,31.837284921369022],[-106.52445331876224,31.837234339872076],[-106.52454757873917,31.837186139309317],[-106.52441461690101,31.836956063657507],[-106.52437246801315,31.836978293922119],[-106.52428583809166,31.837031572683767],[-106.52421353466023,31.837088375576961],[-106.52414483889945,31.837148352499163],[-106.52407994105425,31.837211338145497],[-106.52401902322363,31.837277155856231]]]},"properties":{"OBJECTID":14705,"Join_Count":2,"TARGET_FID":27824,"PlaceType":"Urban Neighborhood","SB840":"Y","TRACTCE":"001110","BLKGRPCE":"1","GEOID":"481410011101","INTPTLAT":"+31.8388269","INTPTLON":"-106.5196237","GrowthArea":"Y","LotArea":16483,"ZONELABEL":"A-O","Shape_Length":650.09961331625846,"Shape_Area":16482.805191050982}},{"type":"Feature","id":14706,"geometry":{"type":"Polygon","coordinates":[[[-106.57513012977094,31.835014432253878],[-106.57523193909294,31.835170913477906],[-106.57573007394242,31.834883989451161],[-106.57560995544664,31.834739361426333],[-106.57520011871185,31.834218059232853],[-106.57519077379473,31.834223428403902],[-106.57560060258498,31.834744722875765],[-106.57513012977094,31.835014432253878]]]},"properties":{"OBJECTID":14706,"Join_Count":1,"TARGET_FID":27826,"PlaceType":"Innovation, Light Manufacturing and Logistics","SB840":"Y","TRACTCE":"001204","BLKGRPCE":"1","GEOID":"481410012041","INTPTLAT":"+31.8236933","INTPTLON":"-106.5623813","GrowthArea":"Y","LotArea":12639,"ZONELABEL":"C-3","Shape_Length":952.52621085703424,"Shape_Area":12639.228356923533}},{"type":"Feature","id":14707,"geometry":{"type":"Polygon","coordinates":[[[-106.52454895910154,31.837575152682948],[-106.52559922011942,31.837569616893379],[-106.52555644468237,31.837476025130272],[-106.52550719999446,31.837285363118166],[-106.5251974071067,31.837310926519251],[-106.52505500078045,31.837343140328962],[-106.5248569062063,31.837409351944363],[-106.52467092253856,31.837497522486807],[-106.52454895910154,31.837575152682948]]]},"properties":{"OBJECTID":14707,"Join_Count":1,"TARGET_FID":27827,"PlaceType":"Urban Neighborhood","SB840":"Y","TRACTCE":"001110","BLKGRPCE":"1","GEOID":"481410011101","INTPTLAT":"+31.8388269","INTPTLON":"-106.5196237","GrowthArea":"Y","LotArea":22237,"ZONELABEL":"A-O","Shape_Length":755.53649382442245,"Shape_Area":22237.344172332196}},{"type":"Feature","id":14715,"geometry":{"type":"Polygon","coordinates":[[[-106.57526633085345,31.835540875159957],[-106.57541195230557,31.835710069072626],[-106.57607497202387,31.835334287908193],[-106.57593639504891,31.835153749503682],[-106.57526633085345,31.835540875159957]]]},"properties":{"OBJECTID":14715,"Join_Count":2,"TARGET_FID":27871,"PlaceType":"Innovation, Light Manufacturing and Logistics","SB840":"Y","TRACTCE":"001204","BLKGRPCE":"1","GEOID":"481410012041","INTPTLAT":"+31.8236933","INTPTLON":"-106.5623813","GrowthArea":"Y","LotArea":19292,"ZONELABEL":"C-3","Shape_Length":653.33305834441819,"Shape_Area":19292.35291734161}},{"type":"Feature","id":14719,"geometry":{"type":"Polygon","coordinates":[[[-106.52351639007824,31.838242587592603],[-106.52361163926224,31.838256337296567],[-106.52368216542047,31.837946504491821],[-106.52357628350298,31.837979463651269],[-106.52351639007824,31.838242587592603]]]},"properties":{"OBJECTID":14719,"Join_Count":2,"TARGET_FID":27881,"PlaceType":"Urban Neighborhood","SB840":"Y","TRACTCE":"001110","BLKGRPCE":"1","GEOID":"481410011101","INTPTLAT":"+31.8388269","INTPTLON":"-106.5196237","GrowthArea":"Y","LotArea":3184,"ZONELABEL":"A-O","Shape_Length":277.33346401010897,"Shape_Area":3184.0744271595031}},{"type":"Feature","id":14721,"geometry":{"type":"Polygon","coordinates":[[[-106.5225330910415,31.838366895853401],[-106.52276047941491,31.838405506736095],[-106.52281073201705,31.838189822515108],[-106.52258334419841,31.838151212617117],[-106.52256796438611,31.838217224594285],[-106.5225330910415,31.838366895853401]]]},"properties":{"OBJECTID":14721,"Join_Count":1,"TARGET_FID":27889,"PlaceType":"Urban Neighborhood","SB840":"Y","TRACTCE":"001110","BLKGRPCE":"1","GEOID":"481410011101","INTPTLAT":"+31.8388269","INTPTLON":"-106.5196237","GrowthArea":"Y","LotArea":5760,"ZONELABEL":"A-O","Shape_Length":304.00002168275114,"Shape_Area":5759.992783745638}},{"type":"Feature","id":14722,"geometry":{"type":"Polygon","coordinates":[[[-106.52321954270643,31.83839238345443],[-106.52344712840544,31.838430136521065],[-106.52350117928896,31.838192679095762],[-106.52327359519234,31.838154926069581],[-106.52321954270643,31.83839238345443]]]},"properties":{"OBJECTID":14722,"Join_Count":1,"TARGET_FID":27896,"PlaceType":"Urban Neighborhood","SB840":"Y","TRACTCE":"001110","BLKGRPCE":"1","GEOID":"481410011101","INTPTLAT":"+31.8388269","INTPTLON":"-106.5196237","GrowthArea":"Y","LotArea":6336,"ZONELABEL":"A-O","Shape_Length":319.99921876291717,"Shape_Area":6335.9680143548685}},{"type":"Feature","id":14723,"geometry":{"type":"Polygon","coordinates":[[[-106.52450037297083,31.837606077646388],[-106.52443553209802,31.837632404929352],[-106.5241796773161,31.837765105999583],[-106.52390748799822,31.837871518270312],[-106.52387718743552,31.837885795369637],[-106.52368216542047,31.837946504491821],[-106.52361163926224,31.838256337296567],[-106.52367513801082,31.838265503460388],[-106.52439721562331,31.838397387446477],[-106.52441674986233,31.838402510196666],[-106.52441542949903,31.838426085565338],[-106.5244695382779,31.838435482961],[-106.52449743230228,31.838440328238885],[-106.52449829939043,31.838423896574721],[-106.5245428740524,31.837579026203844],[-106.52450037297083,31.837606077646388]]]},"properties":{"OBJECTID":14723,"Join_Count":3,"TARGET_FID":27900,"PlaceType":"Urban Neighborhood","SB840":"Y","TRACTCE":"001110","BLKGRPCE":"1","GEOID":"481410011101","INTPTLAT":"+31.8388269","INTPTLON":"-106.5196237","GrowthArea":"Y","LotArea":54289,"ZONELABEL":"A-O","Shape_Length":1018.6334669547568,"Shape_Area":54289.476813789908}},{"type":"Feature","id":14724,"geometry":{"type":"Polygon","coordinates":[[[-106.52249654907469,31.838456562109599],[-106.52253756101112,31.838673665216138],[-106.52276644749928,31.838642155898231],[-106.52272543616671,31.838425053711195],[-106.52266943557848,31.838432762815394],[-106.52249654907469,31.838456562109599]]]},"properties":{"OBJECTID":14724,"Join_Count":1,"TARGET_FID":27912,"PlaceType":"Urban Neighborhood","SB840":"Y","TRACTCE":"001110","BLKGRPCE":"1","GEOID":"481410011101","INTPTLAT":"+31.8388269","INTPTLON":"-106.5196237","GrowthArea":"Y","LotArea":5760,"ZONELABEL":"A-O","Shape_Length":303.99943026253408,"Shape_Area":5759.9795055290515}},{"type":"Feature","id":14726,"geometry":{"type":"Polygon","coordinates":[[[-106.57173845875825,31.835944757706006],[-106.57191305835229,31.836349745715143],[-106.57229524155302,31.83622862397063],[-106.57292591968486,31.836028746521499],[-106.57287372967593,31.835899064656552],[-106.57283647213225,31.835805011201728],[-106.57279719106343,31.835711560565553],[-106.57276353424544,31.835633191499387],[-106.57243091882968,31.835734288971281],[-106.57173845875825,31.835944757706006]]]},"properties":{"OBJECTID":14726,"Join_Count":2,"TARGET_FID":27916,"PlaceType":"Innovation, Light Manufacturing and Logistics","SB840":"Y","TRACTCE":"001204","BLKGRPCE":"1","GEOID":"481410012041","INTPTLAT":"+31.8236933","INTPTLON":"-106.5623813","GrowthArea":"Y","LotArea":52154,"ZONELABEL":"C-4","Shape_Length":982.93672960332265,"Shape_Area":52153.872731669981}},{"type":"Feature","id":14727,"geometry":{"type":"Polygon","coordinates":[[[-106.52322781875804,31.838651381367075],[-106.52339061897889,31.838678388140192],[-106.52343975772423,31.838462517243791],[-106.52321217089579,31.838424764214956],[-106.52318956865035,31.838524062216479],[-106.52316303264867,31.8386406340782],[-106.52322781875804,31.838651381367075]]]},"properties":{"OBJECTID":14727,"Join_Count":1,"TARGET_FID":27917,"PlaceType":"Urban Neighborhood","SB840":"Y","TRACTCE":"001110","BLKGRPCE":"1","GEOID":"481410011101","INTPTLAT":"+31.8388269","INTPTLON":"-106.5196237","GrowthArea":"Y","LotArea":5760,"ZONELABEL":"A-O","Shape_Length":304.00004252067453,"Shape_Area":5759.991588687436}},{"type":"Feature","id":14730,"geometry":{"type":"Polygon","coordinates":[[[-106.57299281857169,31.836187003880745],[-106.5731032069305,31.83646639143905],[-106.57363140219884,31.836160266908106],[-106.57426071980115,31.835795530576135],[-106.57408336930891,31.835565404155684],[-106.57299281857169,31.836187003880745]]]},"properties":{"OBJECTID":14730,"Join_Count":2,"TARGET_FID":27927,"PlaceType":"Innovation, Light Manufacturing and Logistics","SB840":"Y","TRACTCE":"001204","BLKGRPCE":"1","GEOID":"481410012041","INTPTLAT":"+31.8236933","INTPTLON":"-106.5623813","GrowthArea":"Y","LotArea":42856,"ZONELABEL":"C-4","Shape_Length":1049.2076797418447,"Shape_Area":42856.005029492793}},{"type":"Feature","id":14731,"geometry":{"type":"Polygon","coordinates":[[[-106.5225426867546,31.838700803590037],[-106.5225826729633,31.838912479926847],[-106.52281156001207,31.838880970532777],[-106.52280498118108,31.838846141420795],[-106.52277157336528,31.838669295163886],[-106.52264011392751,31.838687391748135],[-106.5225426867546,31.838700803590037]]]},"properties":{"OBJECTID":14731,"Join_Count":1,"TARGET_FID":27929,"PlaceType":"Urban Neighborhood","SB840":"Y","TRACTCE":"001110","BLKGRPCE":"1","GEOID":"481410011101","INTPTLAT":"+31.8388269","INTPTLON":"-106.5196237","GrowthArea":"Y","LotArea":5616,"ZONELABEL":"A-O","Shape_Length":299.99969227461833,"Shape_Area":5615.9972237965712}},{"type":"Feature","id":14732,"geometry":{"type":"Polygon","coordinates":[[[-106.57077842571032,31.836244076639669],[-106.57094034914084,31.836629627674963],[-106.5709872238409,31.836615071657423],[-106.5708232005349,31.83623017319324],[-106.57077842571032,31.836244076639669]]]},"properties":{"OBJECTID":14732,"Join_Count":3,"TARGET_FID":27931,"PlaceType":"Innovation, Light Manufacturing and Logistics","SB840":"Y","TRACTCE":"001204","BLKGRPCE":"1","GEOID":"481410012041","INTPTLAT":"+31.8236933","INTPTLON":"-106.5623813","GrowthArea":"Y","LotArea":2256,"ZONELABEL":"C-4","Shape_Length":328.2872888812156,"Shape_Area":2256.3914164886883}},{"type":"Feature","id":14734,"geometry":{"type":"Polygon","coordinates":[[[-106.5245428740524,31.837579026203844],[-106.52449829939043,31.838423896574721],[-106.52449743230228,31.838440328238885],[-106.52468551346915,31.838472994840551],[-106.52539331860336,31.838595928099242],[-106.52567486267434,31.838790522222478],[-106.52616060752557,31.838297403199839],[-106.52616540346902,31.838290687873648],[-106.5261689264331,31.838283419797943],[-106.52617109054472,31.838275774676326],[-106.52617184532713,31.838267935560918],[-106.52617117247677,31.838260092102477],[-106.52616908732632,31.838252430545122],[-106.52616564113049,31.838245136327249],[-106.5261609151453,31.838238384427267],[-106.52598244298166,31.838100988530158],[-106.52580304019895,31.837912370713358],[-106.5256598961212,31.83770237125248],[-106.52559922011942,31.837569616893379],[-106.52454895910154,31.837575152682948],[-106.5245428740524,31.837579026203844]]]},"properties":{"OBJECTID":14734,"Join_Count":3,"TARGET_FID":27935,"PlaceType":"Urban Neighborhood","SB840":"Y","TRACTCE":"001110","BLKGRPCE":"1","GEOID":"481410011101","INTPTLAT":"+31.8388269","INTPTLON":"-106.5196237","GrowthArea":"Y","LotArea":157435,"ZONELABEL":"A-O","Shape_Length":1599.1264970777236,"Shape_Area":157435.16965593086}},{"type":"Feature","id":14735,"geometry":{"type":"Polygon","coordinates":[[[-106.52320550962095,31.8388997056249],[-106.52333533790173,31.838921243066054],[-106.52338447689841,31.838705372212132],[-106.52315689056469,31.83866761904034],[-106.52310775101145,31.8388834889113],[-106.52320550962095,31.8388997056249]]]},"properties":{"OBJECTID":14735,"Join_Count":1,"TARGET_FID":27939,"PlaceType":"Urban Neighborhood","SB840":"Y","TRACTCE":"001110","BLKGRPCE":"1","GEOID":"481410011101","INTPTLAT":"+31.8388269","INTPTLON":"-106.5196237","GrowthArea":"Y","LotArea":5760,"ZONELABEL":"A-O","Shape_Length":303.99980484032841,"Shape_Area":5759.9873168295808}},{"type":"Feature","id":14736,"geometry":{"type":"Polygon","coordinates":[[[-106.52441674986233,31.838402510196666],[-106.52439721562331,31.838397387446477],[-106.52367513801082,31.838265503460388],[-106.52358583621984,31.838722605603515],[-106.52367773604226,31.838747171123352],[-106.52438424425985,31.838872081033692],[-106.5244695382779,31.838435482961],[-106.52441542949903,31.838426085565338],[-106.52441674986233,31.838402510196666]]]},"properties":{"OBJECTID":14736,"Join_Count":3,"TARGET_FID":27940,"PlaceType":"Urban Neighborhood","SB840":"Y","TRACTCE":"001110","BLKGRPCE":"1","GEOID":"481410011101","INTPTLAT":"+31.8388269","INTPTLON":"-106.5196237","GrowthArea":"Y","LotArea":43076,"ZONELABEL":"A-O","Shape_Length":844.97907342927101,"Shape_Area":43075.785167857473}},{"type":"Feature","id":14739,"geometry":{"type":"Polygon","coordinates":[[[-106.57363140219884,31.836160266908106],[-106.57343946166701,31.836271509629821],[-106.57363078164477,31.836520823868771],[-106.57361250579014,31.836530835737005],[-106.57369961359673,31.836656167876132],[-106.57385364659285,31.836611032817249],[-106.57419258790257,31.836418369649834],[-106.57452831633883,31.836221649395391],[-106.57453523712729,31.836207478469376],[-106.57453956940662,31.836192577154105],[-106.57454121292253,31.836177287179002],[-106.57454013059946,31.836161961696241],[-106.57453634554209,31.836146951875904],[-106.57446460246408,31.836059542883202],[-106.5743674887555,31.835931216038016],[-106.57426071980115,31.835795530576135],[-106.57363140219884,31.836160266908106]]]},"properties":{"OBJECTID":14739,"Join_Count":2,"TARGET_FID":27950,"PlaceType":"Innovation, Light Manufacturing and Logistics","SB840":"Y","TRACTCE":"001204","BLKGRPCE":"1","GEOID":"481410012041","INTPTLAT":"+31.8236933","INTPTLON":"-106.5623813","GrowthArea":"Y","LotArea":54157,"ZONELABEL":"C-4","Shape_Length":961.75868969183387,"Shape_Area":54156.870068313554}},{"type":"Feature","id":14741,"geometry":{"type":"Polygon","coordinates":[[[-106.56995915100853,31.83635978324228],[-106.57014037944072,31.836878034224004],[-106.57094034914084,31.836629627674963],[-106.57077842571032,31.836244076639669],[-106.5708232005349,31.83623017319324],[-106.5707712282782,31.836104581061971],[-106.57072564013534,31.836118907357651],[-106.57045146669155,31.835470896520111],[-106.56968115692702,31.835710093373947],[-106.56995915100853,31.83635978324228]]]},"properties":{"OBJECTID":14741,"Join_Count":3,"TARGET_FID":27955,"PlaceType":"Innovation, Light Manufacturing and Logistics","SB840":"Y","TRACTCE":"001204","BLKGRPCE":"1","GEOID":"481410012041","INTPTLAT":"+31.8236933","INTPTLON":"-106.5623813","GrowthArea":"Y","LotArea":115541,"ZONELABEL":"C-4","Shape_Length":1445.2915956170325,"Shape_Area":115541.42548169634}},{"type":"Feature","id":14743,"geometry":{"type":"Polygon","coordinates":[[[-106.5244695382779,31.838435482961],[-106.52438424425985,31.838872081033692],[-106.52542702906472,31.839056540850308],[-106.52566536907678,31.838800159910694],[-106.52567486267434,31.838790522222478],[-106.52539331860336,31.838595928099242],[-106.52500495917522,31.838528476953613],[-106.52468551346915,31.838472994840551],[-106.5244695382779,31.838435482961]]]},"properties":{"OBJECTID":14743,"Join_Count":2,"TARGET_FID":27957,"PlaceType":"Urban Neighborhood","SB840":"Y","TRACTCE":"001110","BLKGRPCE":"1","GEOID":"481410011101","INTPTLAT":"+31.8388269","INTPTLON":"-106.5196237","GrowthArea":"Y","LotArea":57284,"ZONELABEL":"A-O","Shape_Length":1020.6538233242783,"Shape_Area":57283.981671596077}},{"type":"Feature","id":14747,"geometry":{"type":"Polygon","coordinates":[[[-106.57343946166701,31.836271509629821],[-106.5731032069305,31.83646639143905],[-106.57314035717462,31.836576950998726],[-106.5731836559418,31.83668586812361],[-106.57323300222711,31.836792893830115],[-106.57369961359673,31.836656167876132],[-106.57361250579014,31.836530835737005],[-106.57363078164477,31.836520823868771],[-106.57343946166701,31.836271509629821]]]},"properties":{"OBJECTID":14747,"Join_Count":2,"TARGET_FID":27962,"PlaceType":"Innovation, Light Manufacturing and Logistics","SB840":"Y","TRACTCE":"001204","BLKGRPCE":"1","GEOID":"481410012041","INTPTLAT":"+31.8236933","INTPTLON":"-106.5623813","GrowthArea":"Y","LotArea":20261,"ZONELABEL":"C-4","Shape_Length":573.14190200284395,"Shape_Area":20260.927989228589}},{"type":"Feature","id":14750,"geometry":{"type":"Polygon","coordinates":[[[-106.52303618300918,31.83918194998537],[-106.52305461277679,31.839200047379485],[-106.52324902109754,31.839055765354718],[-106.52309690775066,31.838906402441623],[-106.52290249950455,31.839050684248427],[-106.52293092735759,31.839078597019313],[-106.52301235963131,31.839158557661779],[-106.52303618300918,31.83918194998537]]]},"properties":{"OBJECTID":14750,"Join_Count":1,"TARGET_FID":27965,"PlaceType":"Urban Neighborhood","SB840":"Y","TRACTCE":"001110","BLKGRPCE":"1","GEOID":"481410011101","INTPTLAT":"+31.8388269","INTPTLON":"-106.5196237","GrowthArea":"Y","LotArea":5760,"ZONELABEL":"A-O","Shape_Length":304.00006850383983,"Shape_Area":5759.9893777453926}},{"type":"Feature","id":14758,"geometry":{"type":"Polygon","coordinates":[[[-106.52263556420559,31.839284391911207],[-106.52286084239267,31.839290837082835],[-106.52286752905368,31.839120503683723],[-106.52264225127023,31.839114058523172],[-106.52263556420559,31.839284391911207]]]},"properties":{"OBJECTID":14758,"Join_Count":2,"TARGET_FID":27981,"PlaceType":"Urban Neighborhood","SB840":"Y","TRACTCE":"001110","BLKGRPCE":"1","GEOID":"481410011101","INTPTLAT":"+31.8388269","INTPTLON":"-106.5196237","GrowthArea":"Y","LotArea":4340,"ZONELABEL":"A-O","Shape_Length":263.99975472874257,"Shape_Area":4339.9921811659633}},{"type":"Feature","id":14766,"geometry":{"type":"Polygon","coordinates":[[[-106.52258895282496,31.839332713645224],[-106.52293966871488,31.839351467439684],[-106.52296098512329,31.839311689934124],[-106.52298849475591,31.839274786553304],[-106.5230216770522,31.839241454967819],[-106.52305990449581,31.839212326576771],[-106.52310245228188,31.83918795249998],[-106.52314851671582,31.839168793670726],[-106.52319722535003,31.839155214031543],[-106.52323248504896,31.83914071666884],[-106.52326438464735,31.839121360602721],[-106.52329201316265,31.839097697684277],[-106.5233145829917,31.839070403063307],[-106.5233314497732,31.839040255275187],[-106.52334213318714,31.839008114476623],[-106.52351639007824,31.838242587592603],[-106.52357628350298,31.837979463651269],[-106.52343766316896,31.838022615514408],[-106.52297869650101,31.838099999648584],[-106.52251124146565,31.838116099018432],[-106.52249229608303,31.838201072668653],[-106.52247889143652,31.838261194553446],[-106.52244689084299,31.838404722569745],[-106.52243238114281,31.838469801638858],[-106.52242972001585,31.838481737275242],[-106.52249983160679,31.838718956958999],[-106.52254364300579,31.838867194005893],[-106.5225580303801,31.83891587266265],[-106.52258364522874,31.839002534866065],[-106.52260202495603,31.839064725124203],[-106.52260086882553,31.839088440770954],[-106.52259351073663,31.839239278662546],[-106.52259010078977,31.839309197104864],[-106.52258983743688,31.839314583069754],[-106.5225895154486,31.839321194825146],[-106.5225894426171,31.83932268955634],[-106.5225890946906,31.839329795720289],[-106.52258895282496,31.839332713645224]],[[-106.52344712840544,31.838430136521065],[-106.52321954270643,31.83839238345443],[-106.52327359519234,31.838154926069581],[-106.52350117928896,31.838192679095762],[-106.52344712840544,31.838430136521065]],[[-106.52281073201705,31.838189822515108],[-106.52276047941491,31.838405506736095],[-106.5225330910415,31.838366895853401],[-106.52256796438611,31.838217224594285],[-106.52258334419841,31.838151212617117],[-106.52281073201705,31.838189822515108]],[[-106.52322781875804,31.838651381367075],[-106.52316303264867,31.8386406340782],[-106.52318956865035,31.838524062216479],[-106.52321217089579,31.838424764214956],[-106.52343975772423,31.838462517243791],[-106.52339061897889,31.838678388140192],[-106.52322781875804,31.838651381367075]],[[-106.52301235963131,31.839158557661779],[-106.52293092735759,31.839078597019313],[-106.52290249950455,31.839050684248427],[-106.52309690775066,31.838906402441623],[-106.52324902109754,31.839055765354718],[-106.52305461277679,31.839200047379485],[-106.52303618300918,31.83918194998537],[-106.52301235963131,31.839158557661779]],[[-106.52333533790173,31.838921243066054],[-106.52320550962095,31.8388997056249],[-106.52310775101145,31.8388834889113],[-106.52315689056469,31.83866761904034],[-106.52338447689841,31.838705372212132],[-106.52333533790173,31.838921243066054]],[[-106.52276644749928,31.838642155898231],[-106.52253756101112,31.838673665216138],[-106.52249654907469,31.838456562109599],[-106.52266943557848,31.838432762815394],[-106.52272543616671,31.838425053711195],[-106.52276644749928,31.838642155898231]],[[-106.52281156001207,31.838880970532777],[-106.5225826729633,31.838912479926847],[-106.5225426867546,31.838700803590037],[-106.52264011392751,31.838687391748135],[-106.52277157336528,31.838669295163886],[-106.52280498118108,31.838846141420795],[-106.52281156001207,31.838880970532777]],[[-106.52286752905368,31.839120503683723],[-106.52286084239267,31.839290837082835],[-106.52263556420559,31.839284391911207],[-106.52264225127023,31.839114058523172],[-106.52286752905368,31.839120503683723]]]},"properties":{"OBJECTID":14766,"Join_Count":3,"TARGET_FID":27992,"PlaceType":"Urban Neighborhood","SB840":"Y","TRACTCE":"001110","BLKGRPCE":"1","GEOID":"481410011101","INTPTLAT":"+31.8388269","INTPTLON":"-106.5196237","GrowthArea":"Y","LotArea":76435,"ZONELABEL":"A-O","Shape_Length":3866.7589196368303,"Shape_Area":76435.041662545467}},{"type":"Feature","id":14768,"geometry":{"type":"Polygon","coordinates":[[[-106.57255658443059,31.836872638812718],[-106.57260206211946,31.836984706154155],[-106.57323300222711,31.836792893830115],[-106.5731836559418,31.83668586812361],[-106.57314035717462,31.836576950998726],[-106.5731032069305,31.83646639143905],[-106.57299281857169,31.836187003880745],[-106.57292591968486,31.836028746521499],[-106.57229524155302,31.83622862397063],[-106.57235435981242,31.836374306070734],[-106.57240777967394,31.836505947066598],[-106.57246550804224,31.836648203671889],[-106.57251429652364,31.836768431520539],[-106.57255658443059,31.836872638812718]]]},"properties":{"OBJECTID":14768,"Join_Count":3,"TARGET_FID":27994,"PlaceType":"Innovation, Light Manufacturing and Logistics","SB840":"Y","TRACTCE":"001204","BLKGRPCE":"1","GEOID":"481410012041","INTPTLAT":"+31.8236933","INTPTLON":"-106.5623813","GrowthArea":"Y","LotArea":60926,"ZONELABEL":"C-4","Shape_Length":1002.01194683811,"Shape_Area":60926.05830131549}},{"type":"Feature","id":14773,"geometry":{"type":"Polygon","coordinates":[[[-106.52323692851041,31.839233350647099],[-106.52345787222879,31.8393775860375],[-106.52358583621984,31.838722605603515],[-106.52367513801082,31.838265503460388],[-106.52361163926224,31.838256337296567],[-106.52351639007824,31.838242587592603],[-106.52334213318714,31.839008114476623],[-106.5233314497732,31.839040255275187],[-106.5233145829917,31.839070403063307],[-106.52329201316265,31.839097697684277],[-106.52326438464735,31.839121360602721],[-106.52323248504896,31.83914071666884],[-106.52319722535003,31.839155214031543],[-106.52314851671582,31.839168793670726],[-106.52310245228188,31.83918795249998],[-106.52305990449581,31.839212326576771],[-106.5230216770522,31.839241454967819],[-106.52298849475591,31.839274786553304],[-106.52296098512329,31.839311689934124],[-106.52293966871488,31.839351467439684],[-106.52301683894818,31.839355984301339],[-106.52303959035804,31.839366011596688],[-106.52308568098232,31.839326447092095],[-106.52318982919077,31.839345475331903],[-106.52323692851041,31.839233350647099]]]},"properties":{"OBJECTID":14773,"Join_Count":4,"TARGET_FID":27999,"PlaceType":"Urban Neighborhood","SB840":"Y","TRACTCE":"001110","BLKGRPCE":"1","GEOID":"481410011101","INTPTLAT":"+31.8388269","INTPTLON":"-106.5196237","GrowthArea":"Y","LotArea":27115,"ZONELABEL":"A-O","Shape_Length":1143.221011719261,"Shape_Area":27114.610142518191}},{"type":"Feature","id":14791,"geometry":{"type":"Polygon","coordinates":[[[-106.57115501695051,31.837003567664933],[-106.57132702388795,31.837388912336174],[-106.5720472341755,31.837165266413766],[-106.5718836112782,31.83677731853901],[-106.57115501695051,31.837003567664933]]]},"properties":{"OBJECTID":14791,"Join_Count":2,"TARGET_FID":28018,"PlaceType":"Innovation, Light Manufacturing and Logistics","SB840":"Y","TRACTCE":"001204","BLKGRPCE":"1","GEOID":"481410012041","INTPTLAT":"+31.8236933","INTPTLON":"-106.5623813","GrowthArea":"Y","LotArea":35908,"ZONELABEL":"C-4","Shape_Length":778.79855947535532,"Shape_Area":35908.448980158115}},{"type":"Feature","id":14807,"geometry":{"type":"Polygon","coordinates":[[[-106.57014037944072,31.836878034224004],[-106.57039309626357,31.83759483893046],[-106.57039073901542,31.837567965663755],[-106.57039375375165,31.837541141212448],[-106.57040205390487,31.837515141119724],[-106.57041539801293,31.837490718541932],[-106.57043339990078,31.837468582081982],[-106.5704555376896,31.837449371873365],[-106.57048117078092,31.837433644313645],[-106.570509556722,31.837421854998066],[-106.57053987364114,31.837414345902186],[-106.57057124274159,31.837411333464775],[-106.57060275566607,31.837412906373817],[-106.57063350045078,31.837419017999739],[-106.57066258613992,31.837429490635657],[-106.57068916974616,31.837444023238213],[-106.57071248174245,31.837462192915712],[-106.57072767617343,31.837480058746035],[-106.57074603640187,31.837495606828092],[-106.57076708614645,31.837508432733973],[-106.57079027656673,31.837518203258181],[-106.57081500584115,31.837524664512433],[-106.5708406301889,31.837527648624004],[-106.57102641301825,31.837482259354918],[-106.57132702388795,31.837388912336174],[-106.57115501695051,31.837003567664933],[-106.5709872238409,31.836615071657423],[-106.57094034914084,31.836629627674963],[-106.57014037944072,31.836878034224004]]]},"properties":{"OBJECTID":14807,"Join_Count":3,"TARGET_FID":28035,"PlaceType":"Innovation, Light Manufacturing and Logistics","SB840":"Y","TRACTCE":"001204","BLKGRPCE":"1","GEOID":"481410012041","INTPTLAT":"+31.8236933","INTPTLON":"-106.5623813","GrowthArea":"Y","LotArea":79299,"ZONELABEL":"C-4","Shape_Length":1207.4147274483319,"Shape_Area":79299.441495257226}},{"type":"Feature","id":14831,"geometry":{"type":"Polygon","coordinates":[[[-106.57234199366914,31.83726170899299],[-106.57256080563427,31.83776761636123],[-106.57319073819833,31.837579114576254],[-106.57296610723361,31.837045140430252],[-106.57236590838235,31.837208693112526],[-106.57235915844502,31.837211470831917],[-106.57235304583187,31.837215170959453],[-106.5723477414665,31.837219689555827],[-106.5723433946923,31.837224900230808],[-106.57234012600765,31.837230656298214],[-106.57233802748016,31.837236797078901],[-106.57233715870566,31.837243150804007],[-106.57233754288465,31.837249539319796],[-106.57233916928756,31.837255783388837],[-106.57234199366914,31.83726170899299]]]},"properties":{"OBJECTID":14831,"Join_Count":2,"TARGET_FID":28062,"PlaceType":"Neighborhood Center","SB840":"Y","TRACTCE":"001204","BLKGRPCE":"1","GEOID":"481410012041","INTPTLAT":"+31.8236933","INTPTLON":"-106.5623813","GrowthArea":"Y","LotArea":43547,"ZONELABEL":"C-4","Shape_Length":828.82206446310261,"Shape_Area":43547.25132313271}},{"type":"Feature","id":14842,"geometry":{"type":"Polygon","coordinates":[[[-106.57143058158488,31.837506068753278],[-106.5716117218021,31.837934082343793],[-106.5722285317817,31.837745828547408],[-106.57208272996968,31.837368295147442],[-106.57207676333599,31.837358254874502],[-106.57206888866847,31.837349223775195],[-106.5720593326951,31.837341463771789],[-106.5720483737457,31.837335200892248],[-106.57203632844345,31.837330615971958],[-106.57202354730804,31.837327842155062],[-106.57201039957469,31.837326959298679],[-106.57199726680631,31.837327993376014],[-106.57198453011785,31.837330915282362],[-106.57143058158488,31.837506068753278]]]},"properties":{"OBJECTID":14842,"Join_Count":2,"TARGET_FID":28074,"PlaceType":"Neighborhood Center","SB840":"Y","TRACTCE":"001204","BLKGRPCE":"1","GEOID":"481410012041","INTPTLAT":"+31.8236933","INTPTLON":"-106.5623813","GrowthArea":"Y","LotArea":34176,"ZONELABEL":"C-4","Shape_Length":733.91460127881601,"Shape_Area":34175.940629860932}},{"type":"Feature","id":14846,"geometry":{"type":"Polygon","coordinates":[[[-106.52303959035804,31.839366011596688],[-106.52431963022701,31.840239998931057],[-106.52441450828168,31.840133436350655],[-106.52542702906472,31.839056540850308],[-106.52438424425985,31.838872081033692],[-106.52367773604226,31.838747171123352],[-106.52358583621984,31.838722605603515],[-106.52345787222879,31.8393775860375],[-106.52323692851041,31.839233350647099],[-106.52318982919077,31.839345475331903],[-106.52308568098232,31.839326447092095],[-106.52303959035804,31.839366011596688]]]},"properties":{"OBJECTID":14846,"Join_Count":3,"TARGET_FID":28078,"PlaceType":"Urban Neighborhood","SB840":"Y","TRACTCE":"001110","BLKGRPCE":"1","GEOID":"481410011101","INTPTLAT":"+31.8388269","INTPTLON":"-106.5196237","GrowthArea":"Y","LotArea":203413,"ZONELABEL":"A-O","Shape_Length":2069.4051388972939,"Shape_Area":203413.05498922715}},{"type":"Feature","id":14847,"geometry":{"type":"Polygon","coordinates":[[[-106.57392845025504,31.836738809118945],[-106.57402714856867,31.837871387223423],[-106.57461637794194,31.837675558615405],[-106.57417628557965,31.836593949619044],[-106.57392845025504,31.836738809118945]]]},"properties":{"OBJECTID":14847,"Join_Count":1,"TARGET_FID":28079,"PlaceType":"Neighborhood Center","SB840":"Y","TRACTCE":"001204","BLKGRPCE":"1","GEOID":"481410012041","INTPTLAT":"+31.8236933","INTPTLON":"-106.5623813","GrowthArea":"Y","LotArea":57533,"ZONELABEL":"C-4","Shape_Length":1119.340747558613,"Shape_Area":57532.998931540744}},{"type":"Feature","id":14851,"geometry":{"type":"Polygon","coordinates":[[[-106.5732474741725,31.836959794736149],[-106.57365966017706,31.837991694583447],[-106.57402714856867,31.837871387223423],[-106.57392845025504,31.836738809118945],[-106.5732474741725,31.836959794736149]]]},"properties":{"OBJECTID":14851,"Join_Count":2,"TARGET_FID":28083,"PlaceType":"Neighborhood Center","SB840":"Y","TRACTCE":"001204","BLKGRPCE":"1","GEOID":"481410012041","INTPTLAT":"+31.8236933","INTPTLON":"-106.5623813","GrowthArea":"Y","LotArea":69022,"ZONELABEL":"C-4","Shape_Length":1158.252000718182,"Shape_Area":69021.798791806752}},{"type":"Feature","id":14855,"geometry":{"type":"Polygon","coordinates":[[[-106.57365966017706,31.837991694583447],[-106.57369032850043,31.838061250709732],[-106.573755845704,31.838042198649795],[-106.57402506735502,31.837957872654105],[-106.57402714856867,31.837871387223423],[-106.57365966017706,31.837991694583447]]]},"properties":{"OBJECTID":14855,"Join_Count":4,"TARGET_FID":28090,"PlaceType":"Neighborhood Center","SB840":"Y","TRACTCE":"001204","BLKGRPCE":"1","GEOID":"481410012041","INTPTLAT":"+31.8236933","INTPTLON":"-106.5623813","GrowthArea":"Y","LotArea":3298,"ZONELABEL":"C-4","Shape_Length":291.28939426842061,"Shape_Area":3297.8477948380742}},{"type":"Feature","id":14858,"geometry":{"type":"Polygon","coordinates":[[[-106.57319073819833,31.837579114576254],[-106.57341428377194,31.838141524886435],[-106.57369032850043,31.838061250709732],[-106.57365966017706,31.837991694583447],[-106.5732474741725,31.836959794736149],[-106.57296610723361,31.837045140430252],[-106.57319073819833,31.837579114576254]]]},"properties":{"OBJECTID":14858,"Join_Count":5,"TARGET_FID":28096,"PlaceType":"Neighborhood Center","SB840":"Y","TRACTCE":"001204","BLKGRPCE":"1","GEOID":"481410012041","INTPTLAT":"+31.8236933","INTPTLON":"-106.5623813","GrowthArea":"Y","LotArea":38208,"ZONELABEL":"C-4","Shape_Length":1029.406989113148,"Shape_Area":38208.392088760818}},{"type":"Feature","id":14863,"geometry":{"type":"Polygon","coordinates":[[[-106.57256080563427,31.83776761636123],[-106.57278919995902,31.838322588813451],[-106.57341428377194,31.838141524886435],[-106.57319073819833,31.837579114576254],[-106.57256080563427,31.83776761636123]]]},"properties":{"OBJECTID":14863,"Join_Count":2,"TARGET_FID":28104,"PlaceType":"Neighborhood Center","SB840":"Y","TRACTCE":"001204","BLKGRPCE":"1","GEOID":"481410012041","INTPTLAT":"+31.8236933","INTPTLON":"-106.5623813","GrowthArea":"Y","LotArea":44325,"ZONELABEL":"C-4","Shape_Length":842.33938420869788,"Shape_Area":44325.089825199255}},{"type":"Feature","id":14866,"geometry":{"type":"Polygon","coordinates":[[[-106.57060053149307,31.838171430666453],[-106.57073991445917,31.838557238012068],[-106.57097111767297,31.837643785043849],[-106.57043841999752,31.837720821069695],[-106.57049840145073,31.837887547593084],[-106.57049841448499,31.837887584905992],[-106.57060053149307,31.838171430666453]]]},"properties":{"OBJECTID":14866,"Join_Count":2,"TARGET_FID":28109,"PlaceType":"Neighborhood Center","SB840":"Y","TRACTCE":"001204","BLKGRPCE":"1","GEOID":"481410012041","INTPTLAT":"+31.8236933","INTPTLON":"-106.5623813","GrowthArea":"Y","LotArea":26496,"ZONELABEL":"C-4","Shape_Length":826.11972053615091,"Shape_Area":26495.687848507609}},{"type":"Feature","id":14868,"geometry":{"type":"Polygon","coordinates":[[[-106.57184370844148,31.838606493933209],[-106.57272793787391,31.838775226832041],[-106.57256343078976,31.838457240154394],[-106.5722285317817,31.837745828547408],[-106.5716117218021,31.837934082343793],[-106.57167546074587,31.838084687359071],[-106.57172183217187,31.838185750864639],[-106.57176194311013,31.838288748407361],[-106.57179568493758,31.838393396149808],[-106.57182296479223,31.838499408595144],[-106.57184370844148,31.838606493933209]]]},"properties":{"OBJECTID":14868,"Join_Count":3,"TARGET_FID":28116,"PlaceType":"Neighborhood Center","SB840":"Y","TRACTCE":"001204","BLKGRPCE":"1","GEOID":"481410012041","INTPTLAT":"+31.8236933","INTPTLON":"-106.5623813","GrowthArea":"Y","LotArea":70696,"ZONELABEL":"C-4","Shape_Length":1145.8662180285976,"Shape_Area":70695.850447560821}},{"type":"Feature","id":14870,"geometry":{"type":"Polygon","coordinates":[[[-106.57317704950474,31.838844301522201],[-106.57318809535592,31.838843806363943],[-106.57319899363279,31.838842193701733],[-106.57320959017005,31.838839484474505],[-106.57398885539868,31.838600895356887],[-106.573755845704,31.838042198649795],[-106.57369032850043,31.838061250709732],[-106.57341428377194,31.838141524886435],[-106.57278919995902,31.838322588813451],[-106.57281836331737,31.838393451119575],[-106.57309701601108,31.838804196293257],[-106.5731041787821,31.838813404177223],[-106.57311277264238,31.838821670898977],[-106.57312263046749,31.838828836460188],[-106.57313292087714,31.838834471009577],[-106.57314399681007,31.838838889130869],[-106.57315566072764,31.838842015384991],[-106.5731677078373,31.838843792746175],[-106.57317704950474,31.838844301522201]]]},"properties":{"OBJECTID":14870,"Join_Count":2,"TARGET_FID":28119,"PlaceType":"Neighborhood Center","SB840":"Y","TRACTCE":"001204","BLKGRPCE":"1","GEOID":"481410012041","INTPTLAT":"+31.8236933","INTPTLON":"-106.5623813","GrowthArea":"Y","LotArea":65663,"ZONELABEL":"C-4","Shape_Length":1030.3545802421611,"Shape_Area":65662.916591181012}},{"type":"Feature","id":14871,"geometry":{"type":"Polygon","coordinates":[[[-106.57082849240921,31.838802415530498],[-106.57174629659518,31.838992390981797],[-106.57175737347808,31.83893659963476],[-106.57176469306317,31.838880358767785],[-106.57176823145564,31.838823851988362],[-106.57176042846012,31.838719662024133],[-106.57174634132269,31.838615953872264],[-106.57172600728768,31.838513003955303],[-106.57169948041614,31.838411086985811],[-106.57166683246261,31.838310473214332],[-106.5716281477193,31.838211430483327],[-106.57158353244991,31.83811422287171],[-106.57133800367663,31.837534068975994],[-106.57111503162733,31.837598714633899],[-106.57097111767297,31.837643785043849],[-106.57073991445917,31.838557238012068],[-106.57082849240921,31.838802415530498]]]},"properties":{"OBJECTID":14871,"Join_Count":3,"TARGET_FID":28121,"PlaceType":"Neighborhood Center","SB840":"Y","TRACTCE":"001204","BLKGRPCE":"1","GEOID":"481410012041","INTPTLAT":"+31.8236933","INTPTLON":"-106.5623813","GrowthArea":"Y","LotArea":113771,"ZONELABEL":"C-4","Shape_Length":1399.3570799635149,"Shape_Area":113770.66047492564}},{"type":"Feature","id":14877,"geometry":{"type":"Polygon","coordinates":[[[-106.57328214638216,31.839124086063741],[-106.5739631955158,31.839243306298187],[-106.57378876845854,31.838812655949546],[-106.57329576404703,31.838958171052354],[-106.57328106778395,31.838965118060294],[-106.5732679797876,31.838974107055808],[-106.57325688371152,31.838984873958001],[-106.57324810896691,31.838997102186401],[-106.57324191226978,31.839010431675003],[-106.5732384761826,31.839024468877906],[-106.57323790156434,31.839038800680548],[-106.57325824969097,31.839082113746926],[-106.57328214638216,31.839124086063741]]]},"properties":{"OBJECTID":14877,"Join_Count":2,"TARGET_FID":28137,"PlaceType":"Neighborhood Center","SB840":"Y","TRACTCE":"001204","BLKGRPCE":"1","GEOID":"481410012041","INTPTLAT":"+31.8236933","INTPTLON":"-106.5623813","GrowthArea":"Y","LotArea":20514,"ZONELABEL":"C-4","Shape_Length":614.13736962303324,"Shape_Area":20513.797252435412}},{"type":"Feature","id":14878,"geometry":{"type":"Polygon","coordinates":[[[-106.5739631955158,31.839243306298187],[-106.57419182936465,31.839283328764498],[-106.57436307156908,31.838661467094941],[-106.57434590000089,31.838658483064766],[-106.57432839160262,31.838657825759626],[-106.5743109792121,31.838659512365005],[-106.57429408970734,31.838663501639441],[-106.57378876845854,31.838812655949546],[-106.5739631955158,31.839243306298187]]]},"properties":{"OBJECTID":14878,"Join_Count":2,"TARGET_FID":28139,"PlaceType":"Neighborhood Center","SB840":"Y","TRACTCE":"001204","BLKGRPCE":"1","GEOID":"481410012041","INTPTLAT":"+31.8236933","INTPTLON":"-106.5623813","GrowthArea":"Y","LotArea":24425,"ZONELABEL":"C-4","Shape_Length":658.45240208913481,"Shape_Area":24424.84154291244}},{"type":"Feature","id":14879,"geometry":{"type":"Polygon","coordinates":[[[-106.57761697797609,31.838713647374384],[-106.57783106384687,31.839114271079946],[-106.57860150952237,31.83888384612419],[-106.5785493084295,31.838774085839027],[-106.57849306040148,31.83866579150385],[-106.57843282342942,31.838559072338203],[-106.57761697797609,31.838713647374384]]]},"properties":{"OBJECTID":14879,"Join_Count":1,"TARGET_FID":28140,"PlaceType":"Neighborhood Center","SB840":"Y","TRACTCE":"001204","BLKGRPCE":"1","GEOID":"481410012041","INTPTLAT":"+31.8236933","INTPTLON":"-106.5623813","GrowthArea":"Y","LotArea":36780,"ZONELABEL":"C-3","Shape_Length":802.52836769346879,"Shape_Area":36779.852475488922}},{"type":"Feature","id":14882,"geometry":{"type":"Polygon","coordinates":[[[-106.57721050378323,31.838790658401315],[-106.5774451175067,31.839229699843976],[-106.57783106384687,31.839114271079946],[-106.57761697797609,31.838713647374384],[-106.57721050378323,31.838790658401315]]]},"properties":{"OBJECTID":14882,"Join_Count":1,"TARGET_FID":28147,"PlaceType":"Neighborhood Center","SB840":"Y","TRACTCE":"001204","BLKGRPCE":"1","GEOID":"481410012041","INTPTLAT":"+31.8236933","INTPTLON":"-106.5623813","GrowthArea":"Y","LotArea":21231,"ZONELABEL":"C-3","Shape_Length":592.04531258706879,"Shape_Area":21231.346536270692}},{"type":"Feature","id":14884,"geometry":{"type":"Polygon","coordinates":[[[-106.5227364616097,31.841851747837769],[-106.52279614886253,31.841894202593508],[-106.52431963022701,31.840239998931057],[-106.52303959035804,31.839366011596688],[-106.52301683894818,31.839355984301339],[-106.52302745677794,31.839363020687692],[-106.5228955821736,31.839894145297386],[-106.52289497651694,31.839893749566514],[-106.522888730145,31.839916543849956],[-106.52269465225733,31.840226331175401],[-106.52251274705455,31.840497202686976],[-106.52229455028078,31.840793282873211],[-106.52218408629297,31.840942204704355],[-106.52198452004917,31.841086525838961],[-106.52182077175999,31.841209054713659],[-106.52188575904036,31.841250013225043],[-106.5227364616097,31.841851747837769]]]},"properties":{"OBJECTID":14884,"Join_Count":4,"TARGET_FID":28151,"PlaceType":"Urban Neighborhood","SB840":"Y","TRACTCE":"001110","BLKGRPCE":"1","GEOID":"481410011101","INTPTLAT":"+31.8388269","INTPTLON":"-106.5196237","GrowthArea":"School","LotArea":309501,"ZONELABEL":"S-D","Shape_Length":2466.8134163657301,"Shape_Area":309500.77947489556}},{"type":"Feature","id":14886,"geometry":{"type":"Polygon","coordinates":[[[-106.57398105795647,31.839394536164168],[-106.57429028571505,31.83945411392104],[-106.57433062424862,31.839307625234799],[-106.57419182936465,31.839283328764498],[-106.5739631955158,31.839243306298187],[-106.57328214638216,31.839124086063741],[-106.57348529041757,31.839455558290549],[-106.57371639890482,31.839341044540202],[-106.57384905210731,31.839366623225278],[-106.57398105795647,31.839394536164168]]]},"properties":{"OBJECTID":14886,"Join_Count":6,"TARGET_FID":28153,"PlaceType":"Neighborhood Center","SB840":"Y","TRACTCE":"001204","BLKGRPCE":"1","GEOID":"481410012041","INTPTLAT":"+31.8236933","INTPTLON":"-106.5623813","GrowthArea":"Y","LotArea":19020,"ZONELABEL":"C-4","Shape_Length":789.1162259233264,"Shape_Area":19020.358496722445}},{"type":"Feature","id":14891,"geometry":{"type":"Polygon","coordinates":[[[-106.57674611879987,31.838842979755384],[-106.57703376219767,31.839352724176059],[-106.5774451175067,31.839229699843976],[-106.57721050378323,31.838790658401315],[-106.57686188358736,31.838856706876761],[-106.57674611879987,31.838842979755384]]]},"properties":{"OBJECTID":14891,"Join_Count":2,"TARGET_FID":28159,"PlaceType":"Neighborhood Center","SB840":"Y","TRACTCE":"001204","BLKGRPCE":"1","GEOID":"481410012041","INTPTLAT":"+31.8236933","INTPTLON":"-106.5623813","GrowthArea":"Y","LotArea":25352,"ZONELABEL":"C-3","Shape_Length":663.94020993112451,"Shape_Area":25351.731526890166}},{"type":"Feature","id":14892,"geometry":{"type":"Polygon","coordinates":[[[-106.57177419195793,31.839514112067796],[-106.57231250436335,31.839618369994422],[-106.57240912782696,31.839232046045993],[-106.57271419967442,31.839289387821282],[-106.57272829220395,31.839233041742883],[-106.57293939714404,31.839085144772117],[-106.57272793787391,31.838775226832041],[-106.57184370844148,31.838606493933209],[-106.57185708637378,31.838681942810933],[-106.57186424910529,31.83875800479154],[-106.5718651616766,31.838834309401815],[-106.57185981942061,31.838910480199363],[-106.57184824873293,31.838986146478781],[-106.5717906133591,31.839209119598429],[-106.57172849591832,31.839431213590828],[-106.57172526362476,31.839442126485206],[-106.57172426537312,31.839453350532203],[-106.5717255301809,31.839464554646494],[-106.57172902160923,31.839475409975975],[-106.57173463594923,31.839485594505437],[-106.57174220756615,31.839494809962677],[-106.57175151435094,31.83950278426698],[-106.57176228159521,31.839509282182661],[-106.57177419195793,31.839514112067796]]]},"properties":{"OBJECTID":14892,"Join_Count":2,"TARGET_FID":28161,"PlaceType":"Neighborhood Center","SB840":"Y","TRACTCE":"001204","BLKGRPCE":"1","GEOID":"481410012041","INTPTLAT":"+31.8236933","INTPTLON":"-106.5623813","GrowthArea":"Y","LotArea":83894,"ZONELABEL":"C-3","Shape_Length":1271.5490676768127,"Shape_Area":83894.002622619315}},{"type":"Feature","id":14894,"geometry":{"type":"Polygon","coordinates":[[[-106.57230913477004,31.839631843944829],[-106.57261354323097,31.839689087728168],[-106.57271419967442,31.839289387821282],[-106.57240912782696,31.839232046045993],[-106.57231250436335,31.839618369994422],[-106.57230913477004,31.839631843944829]]]},"properties":{"OBJECTID":14894,"Join_Count":2,"TARGET_FID":28167,"PlaceType":"Neighborhood Center","SB840":"Y","TRACTCE":"001204","BLKGRPCE":"1","GEOID":"481410012041","INTPTLAT":"+31.8236933","INTPTLON":"-106.5623813","GrowthArea":"Y","LotArea":14412,"ZONELABEL":"C-3","Shape_Length":491.25854236356986,"Shape_Area":14411.918791965431}},{"type":"Feature","id":14898,"geometry":{"type":"Polygon","coordinates":[[[-106.57835777428326,31.839160981007439],[-106.57858204897832,31.839532387883359],[-106.57886395007297,31.839408468122414],[-106.57870891701772,31.839055277398074],[-106.57835777428326,31.839160981007439]]]},"properties":{"OBJECTID":14898,"Join_Count":1,"TARGET_FID":28174,"PlaceType":"Neighborhood Center","SB840":"Y","TRACTCE":"001204","BLKGRPCE":"1","GEOID":"481410012041","INTPTLAT":"+31.8236933","INTPTLON":"-106.5623813","GrowthArea":"Y","LotArea":15415,"ZONELABEL":"C-3","Shape_Length":503.3188903275942,"Shape_Area":15415.445417424049}},{"type":"Feature","id":14905,"geometry":{"type":"Polygon","coordinates":[[[-106.57351269575315,31.83986445135751],[-106.57414375326842,31.839986230808666],[-106.5741461089391,31.839977678577512],[-106.57415106425347,31.839959682628859],[-106.57429028571505,31.83945411392104],[-106.57398105795647,31.839394536164168],[-106.57384905210731,31.839366623225278],[-106.57371639890482,31.839341044540202],[-106.57348529041757,31.839455558290549],[-106.57348490172376,31.839669956506878],[-106.57346835326166,31.839806289745173],[-106.57346642384672,31.839813312156959],[-106.57346584227577,31.83982050842204],[-106.57346662371287,31.839827690835708],[-106.57346874634501,31.839834672562482],[-106.57347215695219,31.839841271885511],[-106.57347676704367,31.839847317811394],[-106.57348245403099,31.839852651820628],[-106.57348907236843,31.839857136366064],[-106.57349644927456,31.839860654175077],[-106.57350439253032,31.839863114198383],[-106.57351269575315,31.83986445135751]]]},"properties":{"OBJECTID":14905,"Join_Count":2,"TARGET_FID":28185,"PlaceType":"Neighborhood Center","SB840":"Y","TRACTCE":"001204","BLKGRPCE":"1","GEOID":"481410012041","INTPTLAT":"+31.8236933","INTPTLON":"-106.5623813","GrowthArea":"Y","LotArea":44576,"ZONELABEL":"C-3","Shape_Length":822.39554652523668,"Shape_Area":44575.958812381024}},{"type":"Feature","id":14908,"geometry":{"type":"Polygon","coordinates":[[[-106.5775764709815,31.839396169680779],[-106.57785239977308,31.83985312598838],[-106.57858204897832,31.839532387883359],[-106.57835777428326,31.839160981007439],[-106.5775764709815,31.839396169680779]]]},"properties":{"OBJECTID":14908,"Join_Count":1,"TARGET_FID":28189,"PlaceType":"Neighborhood Center","SB840":"Y","TRACTCE":"001204","BLKGRPCE":"1","GEOID":"481410012041","INTPTLAT":"+31.8236933","INTPTLON":"-106.5623813","GrowthArea":"Y","LotArea":43204,"ZONELABEL":"C-3","Shape_Length":851.17826180077941,"Shape_Area":43204.227273027645}},{"type":"Feature","id":14909,"geometry":{"type":"Polygon","coordinates":[[[-106.57724567912653,31.839495173506716],[-106.57754350030223,31.839988910417336],[-106.57785239977308,31.83985312598838],[-106.5775764709815,31.839396169680779],[-106.57724567912653,31.839495173506716]]]},"properties":{"OBJECTID":14909,"Join_Count":1,"TARGET_FID":28194,"PlaceType":"Neighborhood Center","SB840":"Y","TRACTCE":"001204","BLKGRPCE":"1","GEOID":"481410012041","INTPTLAT":"+31.8236933","INTPTLON":"-106.5623813","GrowthArea":"Y","LotArea":20981,"ZONELABEL":"C-3","Shape_Length":605.80881448762784,"Shape_Area":20981.07824493439}},{"type":"Feature","id":14910,"geometry":{"type":"Polygon","coordinates":[[[-106.57479350730551,31.840093403641468],[-106.57520128443225,31.840169447743474],[-106.57532507153965,31.839702977195124],[-106.57492245793878,31.839625117890851],[-106.57479350730551,31.840093403641468]]]},"properties":{"OBJECTID":14910,"Join_Count":1,"TARGET_FID":28195,"PlaceType":"Neighborhood Center","SB840":"Y","TRACTCE":"001204","BLKGRPCE":"1","GEOID":"481410012041","INTPTLAT":"+31.8236933","INTPTLON":"-106.5623813","GrowthArea":"Y","LotArea":22494,"ZONELABEL":"C-3","Shape_Length":606.81762471447814,"Shape_Area":22493.61672599701}},{"type":"Feature","id":14911,"geometry":{"type":"Polygon","coordinates":[[[-106.57478904296437,31.840110754625382],[-106.57519617113593,31.840189317481251],[-106.57520128443225,31.840169447743474],[-106.57479350730551,31.840093403641468],[-106.57478904296437,31.840110754625382]]]},"properties":{"OBJECTID":14911,"Join_Count":1,"TARGET_FID":28196,"PlaceType":"Neighborhood Center","SB840":"Y","TRACTCE":"001204","BLKGRPCE":"1","GEOID":"481410012041","INTPTLAT":"+31.8236933","INTPTLON":"-106.5623813","GrowthArea":"Y","LotArea":898,"ZONELABEL":"C-3","Shape_Length":273.10805044264123,"Shape_Area":898.48651080513162}},{"type":"Feature","id":14912,"geometry":{"type":"Polygon","coordinates":[[[-106.57519617113593,31.840189317481251],[-106.57524764649524,31.840199249400722],[-106.5752528269239,31.840179113588402],[-106.57533696084725,31.840194890856569],[-106.57561633902669,31.839142080506296],[-106.57453409634493,31.838932790424032],[-106.5745376532296,31.838919386001084],[-106.57454583735527,31.838888549617693],[-106.57455081595781,31.83886978383546],[-106.57455836477939,31.838841337265556],[-106.574616932431,31.838620637478009],[-106.5745956466384,31.838640196873531],[-106.57457100318025,31.838656632038091],[-106.57454362141121,31.838669530285841],[-106.57451419294428,31.838678563987781],[-106.57448345945234,31.838683506992023],[-106.57445219784161,31.83868423443149],[-106.57442119616891,31.838680726588482],[-106.57439123489206,31.838673073406653],[-106.57436307156908,31.838661467094941],[-106.57419182936465,31.839283328764498],[-106.57433062424862,31.839307625234799],[-106.57429028571505,31.83945411392104],[-106.57415106425347,31.839959682628859],[-106.5741461089391,31.839977678577512],[-106.57414375326842,31.839986230808666],[-106.57478904296437,31.840110754625382],[-106.57479350730551,31.840093403641468],[-106.57492245793878,31.839625117890851],[-106.57532507153965,31.839702977195124],[-106.57520128443225,31.840169447743474],[-106.57519617113593,31.840189317481251]]]},"properties":{"OBJECTID":14912,"Join_Count":5,"TARGET_FID":28197,"PlaceType":"Neighborhood Center","SB840":"Y","TRACTCE":"001204","BLKGRPCE":"1","GEOID":"481410012041","INTPTLAT":"+31.8236933","INTPTLON":"-106.5623813","GrowthArea":"Y","LotArea":140288,"ZONELABEL":"C-4","Shape_Length":2218.2963113962574,"Shape_Area":140288.16958568539}},{"type":"Feature","id":14914,"geometry":{"type":"Polygon","coordinates":[[[-106.57533696084725,31.840194890856569],[-106.57569314322642,31.840261683847739],[-106.57582672962209,31.839758281194023],[-106.57636413701523,31.839862203838614],[-106.57640743775544,31.839792894545923],[-106.57645696590203,31.839726694629221],[-106.5765124169565,31.839664009803656],[-106.57657344907889,31.839605224993125],[-106.57663968830275,31.839550703177199],[-106.57671072700622,31.839500778238691],[-106.57678612936378,31.839455757411965],[-106.57686543104994,31.839415916780993],[-106.57694814457209,31.839381501927182],[-106.57703376219767,31.839352724176059],[-106.57674611879987,31.838842979755384],[-106.57572775706592,31.838722215236341],[-106.57572318182918,31.838739453262125],[-106.57563306018643,31.839079075484079],[-106.57562807862247,31.839097841457775],[-106.57561989682122,31.839128676004382],[-106.57561633902669,31.839142080506296],[-106.57533696084725,31.840194890856569]]]},"properties":{"OBJECTID":14914,"Join_Count":3,"TARGET_FID":28199,"PlaceType":"Neighborhood Center","SB840":"Y","TRACTCE":"001204","BLKGRPCE":"1","GEOID":"481410012041","INTPTLAT":"+31.8236933","INTPTLON":"-106.5623813","GrowthArea":"Y","LotArea":156280,"ZONELABEL":"C-3","Shape_Length":1832.3381796925316,"Shape_Area":156279.65091767753}},{"type":"Feature","id":14915,"geometry":{"type":"Polygon","coordinates":[[[-106.57569314322642,31.840261683847739],[-106.57612921997557,31.840343458752837],[-106.57615116192289,31.840338772606163],[-106.57617190707641,31.84033107903662],[-106.57619089458893,31.840320586499878],[-106.57620760984712,31.840307578916214],[-106.57622160087472,31.840292407657724],[-106.57623976800156,31.840253274553003],[-106.5762507296655,31.84021223423391],[-106.57626241796379,31.840139965343205],[-106.5762796910156,31.840068516157906],[-106.57630247320724,31.839998201028418],[-106.57633066319588,31.839929329215618],[-106.57636413701523,31.839862203838614],[-106.57582672962209,31.839758281194023],[-106.57569314322642,31.840261683847739]]]},"properties":{"OBJECTID":14915,"Join_Count":2,"TARGET_FID":28201,"PlaceType":"Neighborhood Center","SB840":"Y","TRACTCE":"001204","BLKGRPCE":"1","GEOID":"481410012041","INTPTLAT":"+31.8236933","INTPTLON":"-106.5623813","GrowthArea":"Y","LotArea":30534,"ZONELABEL":"C-3","Shape_Length":695.99176373038563,"Shape_Area":30533.631446943891}},{"type":"Feature","id":14920,"geometry":{"type":"Polygon","coordinates":[[[-106.57232671152013,31.84048637300641],[-106.57311335931284,31.841015164049821],[-106.57316485535205,31.840825245541662],[-106.57335309370869,31.840131007638547],[-106.57276783227471,31.840008169248076],[-106.57267531259099,31.840108467365049],[-106.57232671152013,31.84048637300641]]]},"properties":{"OBJECTID":14920,"Join_Count":1,"TARGET_FID":28229,"PlaceType":"Neighborhood Center","SB840":"Y","TRACTCE":"001204","BLKGRPCE":"2","GEOID":"481410012042","INTPTLAT":"+31.8458468","INTPTLON":"-106.5767853","GrowthArea":"Y","LotArea":65319,"ZONELABEL":"C-3","Shape_Length":1049.6815573489557,"Shape_Area":65318.654415130382}},{"type":"Feature","id":14921,"geometry":{"type":"Polygon","coordinates":[[[-106.57455787024573,31.840872694556118],[-106.57496310360288,31.840944140072814],[-106.57507252292123,31.8404918773352],[-106.57467042256525,31.840407488035606],[-106.57455787024573,31.840872694556118]]]},"properties":{"OBJECTID":14921,"Join_Count":1,"TARGET_FID":28232,"PlaceType":"Neighborhood Center","SB840":"Y","TRACTCE":"001204","BLKGRPCE":"2","GEOID":"481410012042","INTPTLAT":"+31.8458468","INTPTLON":"-106.5767853","GrowthArea":"Y","LotArea":21897,"ZONELABEL":"C-3","Shape_Length":597.89820168917208,"Shape_Area":21896.931412927483}},{"type":"Feature","id":14927,"geometry":{"type":"Polygon","coordinates":[[[-106.57893526504306,31.840914378826586],[-106.57904886143677,31.840940142256205],[-106.57911395296613,31.840688055372745],[-106.57900349020055,31.84065803627033],[-106.57893526504306,31.840914378826586]]]},"properties":{"OBJECTID":14927,"Join_Count":1,"TARGET_FID":28284,"PlaceType":"Neighborhood Center","SB840":"Y","TRACTCE":"001204","BLKGRPCE":"1","GEOID":"481410012041","INTPTLAT":"+31.8236933","INTPTLON":"-106.5623813","GrowthArea":"Y","LotArea":3427,"ZONELABEL":"C-3","Shape_Length":262.03948357644094,"Shape_Area":3427.4694887895471}},{"type":"Feature","id":14928,"geometry":{"type":"Polygon","coordinates":[[[-106.57557891214965,31.841072542488281],[-106.57616478647137,31.841153444487677],[-106.57616774025395,31.84072172601369],[-106.57570774586235,31.840625190521713],[-106.57557891214965,31.841072542488281]]]},"properties":{"OBJECTID":14928,"Join_Count":1,"TARGET_FID":28287,"PlaceType":"Neighborhood Center","SB840":"Y","TRACTCE":"001204","BLKGRPCE":"2","GEOID":"481410012042","INTPTLAT":"+31.8458468","INTPTLON":"-106.5767853","GrowthArea":"Y","LotArea":26627,"ZONELABEL":"C-3","Shape_Length":656.05340938949371,"Shape_Area":26627.116156869746}},{"type":"Feature","id":14929,"geometry":{"type":"Polygon","coordinates":[[[-106.57938024134592,31.841015637892738],[-106.57956587991818,31.841057930973811],[-106.57950949711821,31.840935511759351],[-106.57951572120585,31.840966978648229],[-106.57950415856028,31.840986755184748],[-106.57948699572954,31.84099898708568],[-106.57946763835425,31.841008535867779],[-106.57944665431559,31.841015123171072],[-106.57942466137041,31.841018553150725],[-106.57940230377984,31.841018727147961],[-106.57938024134592,31.841015637892738]]]},"properties":{"OBJECTID":14929,"Join_Count":1,"TARGET_FID":28297,"PlaceType":"Neighborhood Center","SB840":"Y","TRACTCE":"001204","BLKGRPCE":"1","GEOID":"481410012041","INTPTLAT":"+31.8236933","INTPTLON":"-106.5623813","GrowthArea":"Y","LotArea":634,"ZONELABEL":"C-3","Shape_Length":168.82877601590673,"Shape_Area":634.0779463263176}},{"type":"Feature","id":14931,"geometry":{"type":"Polygon","coordinates":[[[-106.57636587727175,31.841172707291985],[-106.57670229821404,31.841238954122893],[-106.5768235624836,31.840847375325009],[-106.57636629091924,31.840755704816139],[-106.57636587727175,31.841172707291985]]]},"properties":{"OBJECTID":14931,"Join_Count":1,"TARGET_FID":28306,"PlaceType":"Neighborhood Center","SB840":"Y","TRACTCE":"001204","BLKGRPCE":"2","GEOID":"481410012042","INTPTLAT":"+31.8458468","INTPTLON":"-106.5767853","GrowthArea":"Y","LotArea":18668,"ZONELABEL":"C-3","Shape_Length":552.13115448821986,"Shape_Area":18668.236680900816}},{"type":"Feature","id":14932,"geometry":{"type":"Polygon","coordinates":[[[-106.57702152196561,31.841303596935322],[-106.57719044868064,31.841337804886564],[-106.57729939024621,31.840942015715019],[-106.5768235624836,31.840847375325009],[-106.57670229821404,31.841238954122893],[-106.57702152196561,31.841303596935322]]]},"properties":{"OBJECTID":14932,"Join_Count":1,"TARGET_FID":28328,"PlaceType":"Neighborhood Center","SB840":"Y","TRACTCE":"001204","BLKGRPCE":"2","GEOID":"481410012042","INTPTLAT":"+31.8458468","INTPTLON":"-106.5767853","GrowthArea":"Y","LotArea":22695,"ZONELABEL":"C-3","Shape_Length":602.77439873593107,"Shape_Area":22694.802419731404}},{"type":"Feature","id":14933,"geometry":{"type":"Polygon","coordinates":[[[-106.57232502516943,31.841112879506159],[-106.57250535453019,31.841640659212946],[-106.57301219000131,31.841388279919048],[-106.57311335931284,31.841015164049821],[-106.57232671152013,31.84048637300641],[-106.57164936529388,31.841220650111357],[-106.57169954385057,31.8413612715261],[-106.57232502516943,31.841112879506159]]]},"properties":{"OBJECTID":14933,"Join_Count":1,"TARGET_FID":28337,"PlaceType":"Neighborhood Center","SB840":"Y","TRACTCE":"001204","BLKGRPCE":"2","GEOID":"481410012042","INTPTLAT":"+31.8458468","INTPTLON":"-106.5767853","GrowthArea":"Y","LotArea":91200,"ZONELABEL":"C-3","Shape_Length":1440.1873683872864,"Shape_Area":91199.508506408471}},{"type":"Feature","id":14934,"geometry":{"type":"Polygon","coordinates":[[[-106.57719044868064,31.841337804886564],[-106.57767988473144,31.84143720010384],[-106.57776479881311,31.841121292562054],[-106.57776931223189,31.841108343479181],[-106.57777113972034,31.841094922559247],[-106.57777022438552,31.841081435392578],[-106.57776659483326,31.841068284371456],[-106.5777603607708,31.8410558661908],[-106.57775170760225,31.841044554042476],[-106.57774089677146,31.841034686759318],[-106.57772825251214,31.841026560417834],[-106.57771415498522,31.841020420538257],[-106.57729939024621,31.840942015715019],[-106.57719044868064,31.841337804886564]]]},"properties":{"OBJECTID":14934,"Join_Count":1,"TARGET_FID":28347,"PlaceType":"Neighborhood Center","SB840":"Y","TRACTCE":"001204","BLKGRPCE":"2","GEOID":"481410012042","INTPTLAT":"+31.8458468","INTPTLON":"-106.5767853","GrowthArea":"Y","LotArea":23080,"ZONELABEL":"C-3","Shape_Length":598.20700719087108,"Shape_Area":23080.475050356239}},{"type":"Feature","id":14936,"geometry":{"type":"Polygon","coordinates":[[[-106.5731266151323,31.84156897979366],[-106.57324475402569,31.841708664556329],[-106.57329142639155,31.841510321203423],[-106.57356385389755,31.841567499035065],[-106.57366998886769,31.84119899430781],[-106.57369437922222,31.841204113687215],[-106.57377143060305,31.840936590773207],[-106.57316485535205,31.840825245541662],[-106.57311335931284,31.841015164049821],[-106.57301219000131,31.841388279919048],[-106.57297272176434,31.841556006440101],[-106.5731266151323,31.84156897979366]]]},"properties":{"OBJECTID":14936,"Join_Count":1,"TARGET_FID":28355,"PlaceType":"Neighborhood Center","SB840":"Y","TRACTCE":"001204","BLKGRPCE":"2","GEOID":"481410012042","INTPTLAT":"+31.8458468","INTPTLON":"-106.5767853","GrowthArea":"Y","LotArea":48082,"ZONELABEL":"C-3","Shape_Length":982.63719445035372,"Shape_Area":48081.811574029474}},{"type":"Feature","id":14938,"geometry":{"type":"Polygon","coordinates":[[[-106.57824802943668,31.841411330676987],[-106.57857485586956,31.841469016540586],[-106.57857563781556,31.84116081187074],[-106.57833021358985,31.84111867840911],[-106.57824802943668,31.841411330676987]]]},"properties":{"OBJECTID":14938,"Join_Count":1,"TARGET_FID":28360,"PlaceType":"Neighborhood Center","SB840":"Y","TRACTCE":"001204","BLKGRPCE":"2","GEOID":"481410012042","INTPTLAT":"+31.8458468","INTPTLON":"-106.5767853","GrowthArea":"Y","LotArea":9945,"ZONELABEL":"C-3","Shape_Length":402.98387019730683,"Shape_Area":9945.0587317403988}},{"type":"Feature","id":14942,"geometry":{"type":"Polygon","coordinates":[[[-106.57786872830431,31.841473690062902],[-106.57821205463105,31.841539433830928],[-106.57824802943668,31.841411330676987],[-106.57833021358985,31.84111867840911],[-106.57808179044358,31.841068501966141],[-106.57806416239404,31.841067240266192],[-106.5780465267341,31.8410684186778],[-106.57802934376114,31.841072005183882],[-106.57801306130352,31.841077906942903],[-106.57799810417265,31.841085970795106],[-106.577984863615,31.841095983767961],[-106.57797368448885,31.841107687241042],[-106.57796485875765,31.841120774547623],[-106.57795861682654,31.841134904036565],[-106.57795512168759,31.841149706578985],[-106.57786872830431,31.841473690062902]]]},"properties":{"OBJECTID":14942,"Join_Count":1,"TARGET_FID":28373,"PlaceType":"Neighborhood Center","SB840":"Y","TRACTCE":"001204","BLKGRPCE":"2","GEOID":"481410012042","INTPTLAT":"+31.8458468","INTPTLON":"-106.5767853","GrowthArea":"Y","LotArea":17164,"ZONELABEL":"C-3","Shape_Length":521.75810310723432,"Shape_Area":17163.577395266624}},{"type":"Feature","id":14944,"geometry":{"type":"Polygon","coordinates":[[[-106.53164834301768,31.843501529677134],[-106.53181721703054,31.84376846395261],[-106.53192227419987,31.843723291297223],[-106.53202970914238,31.843682396954478],[-106.5321392834926,31.843645873562188],[-106.53225075384319,31.843613801353527],[-106.53236387198019,31.843586251758754],[-106.5325183241038,31.84355667595737],[-106.5326739136211,31.843531827634209],[-106.5328304447082,31.843511737790152],[-106.53298771597346,31.84349643317568],[-106.53324427386623,31.843490424707621],[-106.53350091301401,31.843488006817811],[-106.53375756364868,31.843489180120315],[-106.53420870733665,31.843486876022073],[-106.53442196632396,31.843489368774694],[-106.53463522443326,31.843486781311746],[-106.53484831460969,31.843479116170283],[-106.53497822380957,31.843460357854418],[-106.53510672742331,31.843435525132172],[-106.53523343567502,31.843404693480664],[-106.53535796307332,31.843367955336223],[-106.53537302303167,31.843362395502435],[-106.53538689633187,31.843354918587089],[-106.5353992528522,31.843345702904198],[-106.53540979495097,31.843334970383214],[-106.53541826959467,31.84332297786187],[-106.535424475448,31.843310012232198],[-106.53542826357516,31.843296384987408],[-106.53542954200748,31.8432824211651],[-106.53537539267535,31.843213410681336],[-106.5353165318878,31.84314727027316],[-106.53525316764537,31.84308423571089],[-106.53518552499598,31.843024528403806],[-106.53511384210994,31.842968360103296],[-106.53502732047777,31.842911859024564],[-106.53494442040591,31.842851529889618],[-106.53486537624403,31.842787542192706],[-106.53479040704688,31.842720074285655],[-106.5343207660969,31.842695761147688],[-106.53400537212252,31.842705595881679],[-106.53373188512862,31.842721366245712],[-106.53344272603566,31.842724411299319],[-106.53315043010811,31.842725521292024],[-106.53289318638112,31.842723319231663],[-106.53261898924008,31.842723237331242],[-106.53242630804414,31.842726143309815],[-106.53207050517804,31.842732190816971],[-106.53182544449653,31.842739018066212],[-106.53165401121429,31.842739099259685],[-106.53164834301768,31.843501529677134]]]},"properties":{"OBJECTID":14944,"Join_Count":2,"TARGET_FID":28377,"PlaceType":"Urban Neighborhood","SB840":"Y","TRACTCE":" ","BLKGRPCE":" ","GEOID":" ","INTPTLAT":" ","INTPTLON":" ","GrowthArea":"School","LotArea":321700,"ZONELABEL":"A-2","Shape_Length":2810.3062014406178,"Shape_Area":321700.11641750246}},{"type":"Feature","id":14945,"geometry":{"type":"Polygon","coordinates":[[[-106.57169954385057,31.8413612715261],[-106.5718873083659,31.841887466227949],[-106.57237633864511,31.841704902360064],[-106.57250535453019,31.841640659212946],[-106.57232502516943,31.841112879506159],[-106.57169954385057,31.8413612715261]]]},"properties":{"OBJECTID":14945,"Join_Count":1,"TARGET_FID":28382,"PlaceType":"Neighborhood Center","SB840":"Y","TRACTCE":"001204","BLKGRPCE":"2","GEOID":"481410012042","INTPTLAT":"+31.8458468","INTPTLON":"-106.5767853","GrowthArea":"Y","LotArea":42609,"ZONELABEL":"C-3","Shape_Length":826.47378768356384,"Shape_Area":42609.04631478183}},{"type":"Feature","id":14948,"geometry":{"type":"Polygon","coordinates":[[[-106.57841513818211,31.841743082136109],[-106.57857605987915,31.841738580393095],[-106.57857485586956,31.841469016540586],[-106.57824802943668,31.841411330676987],[-106.57821205463105,31.841539433830928],[-106.57786872830431,31.841473690062902],[-106.57785168900649,31.841541346233374],[-106.57784091279542,31.841609934030433],[-106.57783646717367,31.841679032001526],[-106.577838378151,31.84174821526393],[-106.57838067629967,31.841743674047652],[-106.57841513818211,31.841743082136109]]]},"properties":{"OBJECTID":14948,"Join_Count":3,"TARGET_FID":28423,"PlaceType":"Neighborhood Center","SB840":"Y","TRACTCE":"001204","BLKGRPCE":"2","GEOID":"481410012042","INTPTLAT":"+31.8458468","INTPTLON":"-106.5767853","GrowthArea":"Y","LotArea":22301,"ZONELABEL":"C-1","Shape_Length":688.71606391699572,"Shape_Area":22300.854055628344}},{"type":"Feature","id":14949,"geometry":{"type":"Polygon","coordinates":[[[-106.5733040113234,31.841839012717223],[-106.57439695953921,31.842063905444881],[-106.5745561203958,31.841406067208126],[-106.57463867141577,31.841423053562977],[-106.57474744145014,31.840973483465383],[-106.5745422387331,31.840937303707548],[-106.57455787024573,31.840872694556118],[-106.57467042256525,31.840407488035606],[-106.57396637548712,31.84025972455683],[-106.57380624268451,31.840815722246624],[-106.57377143060305,31.840936590773207],[-106.57369437922222,31.841204113687215],[-106.57366998886769,31.84119899430781],[-106.57356385389755,31.841567499035065],[-106.57329142639155,31.841510321203423],[-106.57324475402569,31.841708664556329],[-106.57331510923211,31.841791850144492],[-106.5733040113234,31.841839012717223]]]},"properties":{"OBJECTID":14949,"Join_Count":1,"TARGET_FID":28450,"PlaceType":"Neighborhood Center","SB840":"Y","TRACTCE":"001204","BLKGRPCE":"2","GEOID":"481410012042","INTPTLAT":"+31.8458468","INTPTLON":"-106.5767853","GrowthArea":"Y","LotArea":174520,"ZONELABEL":"C-3","Shape_Length":1989.0738710544347,"Shape_Area":174520.03682505293}},{"type":"Feature","id":14951,"geometry":{"type":"Polygon","coordinates":[[[-106.53370096211121,31.843976740546314],[-106.53390822125503,31.844029090586115],[-106.53390997264276,31.843732090986034],[-106.53331423253194,31.843731547080925],[-106.53340029404073,31.843984157855886],[-106.53370096211121,31.843976740546314]]]},"properties":{"OBJECTID":14951,"Join_Count":2,"TARGET_FID":28457,"PlaceType":"Urban Neighborhood","SB840":"Y","TRACTCE":" ","BLKGRPCE":" ","GEOID":" ","INTPTLAT":" ","INTPTLON":" ","GrowthArea":"Y","LotArea":16047,"ZONELABEL":"A-O","Shape_Length":549.27780465988803,"Shape_Area":16047.303240588772}},{"type":"Feature","id":14952,"geometry":{"type":"Polygon","coordinates":[[[-106.57857616970965,31.841879821310624],[-106.57857617909644,31.841905824371644],[-106.57913590203411,31.841613391902129],[-106.57927279347268,31.841363257154956],[-106.57907597240278,31.841274524366909],[-106.57857563781556,31.84116081187074],[-106.57857485586956,31.841469016540586],[-106.57857605987915,31.841738580393095],[-106.57857616970965,31.841879821310624]]]},"properties":{"OBJECTID":14952,"Join_Count":2,"TARGET_FID":28459,"PlaceType":"Neighborhood Center","SB840":"Y","TRACTCE":"001204","BLKGRPCE":"2","GEOID":"481410012042","INTPTLAT":"+31.8458468","INTPTLON":"-106.5767853","GrowthArea":"Y","LotArea":36256,"ZONELABEL":"C-3","Shape_Length":805.1654346673098,"Shape_Area":36255.632261646417}},{"type":"Feature","id":14955,"geometry":{"type":"Polygon","coordinates":[[[-106.5744114877905,31.842066895182928],[-106.57474645246018,31.842135817469281],[-106.57514072158773,31.840506190433643],[-106.57507252292123,31.8404918773352],[-106.57496310360288,31.840944140072814],[-106.57455787024573,31.840872694556118],[-106.5745422387331,31.840937303707548],[-106.57474744145014,31.840973483465383],[-106.57463867141577,31.841423053562977],[-106.5745561203958,31.841406067208126],[-106.57439695953921,31.842063905444881],[-106.5744114877905,31.842066895182928]]]},"properties":{"OBJECTID":14955,"Join_Count":1,"TARGET_FID":28472,"PlaceType":"Neighborhood Center","SB840":"Y","TRACTCE":"001204","BLKGRPCE":"2","GEOID":"481410012042","INTPTLAT":"+31.8458468","INTPTLON":"-106.5767853","GrowthArea":"Y","LotArea":48878,"ZONELABEL":"C-3","Shape_Length":1562.1053983603117,"Shape_Area":48877.902168901441}},{"type":"Feature","id":14957,"geometry":{"type":"Polygon","coordinates":[[[-106.57784059842838,31.842020935967845],[-106.57838381081321,31.842016387089604],[-106.57838067629967,31.841743674047652],[-106.577838378151,31.84174821526393],[-106.57784059842838,31.842020935967845]]]},"properties":{"OBJECTID":14957,"Join_Count":2,"TARGET_FID":28491,"PlaceType":"Neighborhood Center","SB840":"Y","TRACTCE":"001204","BLKGRPCE":"2","GEOID":"481410012042","INTPTLAT":"+31.8458468","INTPTLON":"-106.5767853","GrowthArea":"Y","LotArea":16723,"ZONELABEL":"C-1","Shape_Length":535.54409380672814,"Shape_Area":16723.334386624167}},{"type":"Feature","id":14962,"geometry":{"type":"Polygon","coordinates":[[[-106.57196512327457,31.84209514900083],[-106.57205231907818,31.842336636067799],[-106.57254857811115,31.842206061801097],[-106.57237633864511,31.841704902360064],[-106.5718873083659,31.841887466227949],[-106.57196512327457,31.84209514900083]]]},"properties":{"OBJECTID":14962,"Join_Count":1,"TARGET_FID":28501,"PlaceType":"Neighborhood Center","SB840":"Y","TRACTCE":"001204","BLKGRPCE":"2","GEOID":"481410012042","INTPTLAT":"+31.8458468","INTPTLON":"-106.5767853","GrowthArea":"Y","LotArea":29389,"ZONELABEL":"C-3","Shape_Length":688.26840705437235,"Shape_Area":29389.370937085332}},{"type":"Feature","id":14963,"geometry":{"type":"Polygon","coordinates":[[[-106.57326596074874,31.842000714267588],[-106.57437241558937,31.842228385060476],[-106.5744114877905,31.842066895182928],[-106.57439695953921,31.842063905444881],[-106.5733040113234,31.841839012717223],[-106.57326596074874,31.842000714267588]]]},"properties":{"OBJECTID":14963,"Join_Count":1,"TARGET_FID":28504,"PlaceType":"Neighborhood Center","SB840":"Y","TRACTCE":"001204","BLKGRPCE":"2","GEOID":"481410012042","INTPTLAT":"+31.8458468","INTPTLON":"-106.5767853","GrowthArea":"Y","LotArea":21201,"ZONELABEL":"C-3","Shape_Length":827.20114503451123,"Shape_Area":21200.814653040601}},{"type":"Feature","id":14964,"geometry":{"type":"Polygon","coordinates":[[[-106.53390822125503,31.844029090586115],[-106.53438768241872,31.84415019302277],[-106.53438656502513,31.843731165639539],[-106.53390997264276,31.843732090986034],[-106.53390822125503,31.844029090586115]]]},"properties":{"OBJECTID":14964,"Join_Count":2,"TARGET_FID":28508,"PlaceType":"Urban Neighborhood","SB840":"Y","TRACTCE":" ","BLKGRPCE":" ","GEOID":" ","INTPTLAT":" ","INTPTLON":" ","GrowthArea":"Y","LotArea":19336,"ZONELABEL":"A-O","Shape_Length":563.75561539599369,"Shape_Area":19335.80138554439}},{"type":"Feature","id":14965,"geometry":{"type":"Polygon","coordinates":[[[-106.53449252495471,31.844176674689056],[-106.53464370204011,31.844199970886287],[-106.53464097043677,31.843732119010451],[-106.53438656502513,31.843731165639539],[-106.53438768241872,31.84415019302277],[-106.53449252495471,31.844176674689056]]]},"properties":{"OBJECTID":14965,"Join_Count":1,"TARGET_FID":28518,"PlaceType":"Urban Neighborhood","SB840":"Y","TRACTCE":" ","BLKGRPCE":" ","GEOID":" ","INTPTLAT":" ","INTPTLON":" ","GrowthArea":"Y","LotArea":12868,"ZONELABEL":"A-O","Shape_Length":483.29966423601968,"Shape_Area":12867.590237688988}},{"type":"Feature","id":14967,"geometry":{"type":"Polygon","coordinates":[[[-106.53464370204011,31.844199970886287],[-106.534828562976,31.844228457510354],[-106.53483341295879,31.844146096175798],[-106.53489731557279,31.844147001063394],[-106.53492280164184,31.843714260288284],[-106.53483092629654,31.843724233576733],[-106.5346677795702,31.843732005327826],[-106.53464097043677,31.843732119010451],[-106.53464370204011,31.844199970886287]]]},"properties":{"OBJECTID":14967,"Join_Count":1,"TARGET_FID":28525,"PlaceType":"Urban Neighborhood","SB840":"Y","TRACTCE":" ","BLKGRPCE":" ","GEOID":" ","INTPTLAT":" ","INTPTLON":" ","GrowthArea":"Y","LotArea":14160,"ZONELABEL":"A-O","Shape_Length":523.83456579576489,"Shape_Area":14160.318946734726}},{"type":"Feature","id":14969,"geometry":{"type":"Polygon","coordinates":[[[-106.534828562976,31.844228457510354],[-106.53489194349878,31.844238224724183],[-106.53489731557279,31.844147001063394],[-106.53483341295879,31.844146096175798],[-106.534828562976,31.844228457510354]]]},"properties":{"OBJECTID":14969,"Join_Count":1,"TARGET_FID":28533,"PlaceType":"Urban Neighborhood","SB840":"Y","TRACTCE":" ","BLKGRPCE":" ","GEOID":" ","INTPTLAT":" ","INTPTLON":" ","GrowthArea":"Y","LotArea":627,"ZONELABEL":"A-O","Shape_Length":103.07484283900067,"Shape_Area":627.08018947107064}},{"type":"Feature","id":14970,"geometry":{"type":"Polygon","coordinates":[[[-106.53489194349878,31.844238224724183],[-106.53536046497156,31.844309546133026],[-106.53540070545598,31.844140098608989],[-106.53570372323438,31.843938529154102],[-106.53561546107179,31.84361531125948],[-106.53561327508311,31.843605182421243],[-106.53560920633512,31.843595485617751],[-106.53560336138834,31.843586475006379],[-106.53559589110215,31.843578386375352],[-106.53558699338743,31.843571430689718],[-106.53557689814392,31.843565790292963],[-106.53556586989509,31.843561610651737],[-106.53555419735734,31.84355900265998],[-106.53554218546718,31.843558033985648],[-106.53553014700141,31.843558730373712],[-106.53551839706752,31.843561072295266],[-106.53540463403274,31.843605223818617],[-106.53528766152741,31.843642771785643],[-106.53516800502521,31.843673547537861],[-106.53504620255262,31.843697412531277],[-106.53492280164184,31.843714260288284],[-106.53489731557279,31.844147001063394],[-106.53489194349878,31.844238224724183]]]},"properties":{"OBJECTID":14970,"Join_Count":1,"TARGET_FID":28572,"PlaceType":"Urban Neighborhood","SB840":"Y","TRACTCE":" ","BLKGRPCE":" ","GEOID":" ","INTPTLAT":" ","INTPTLON":" ","GrowthArea":"Y","LotArea":47276,"ZONELABEL":"A-O","Shape_Length":876.82371044533352,"Shape_Area":47275.672360306693}},{"type":"Feature","id":14972,"geometry":{"type":"Polygon","coordinates":[[[-106.53536046497156,31.844309546133026],[-106.5358281792162,31.844399403025431],[-106.53570372323438,31.843938529154102],[-106.53540070545598,31.844140098608989],[-106.53536046497156,31.844309546133026]]]},"properties":{"OBJECTID":14972,"Join_Count":1,"TARGET_FID":28593,"PlaceType":"Urban Neighborhood","SB840":"Y","TRACTCE":" ","BLKGRPCE":" ","GEOID":" ","INTPTLAT":" ","INTPTLON":" ","GrowthArea":"Y","LotArea":13986,"ZONELABEL":"A-O","Shape_Length":503.12533210071035,"Shape_Area":13986.087908700852}},{"type":"Feature","id":14973,"geometry":{"type":"Polygon","coordinates":[[[-106.57857704465323,31.842305528538027],[-106.57857727846665,31.842373128425294],[-106.57988913760741,31.842017756320505],[-106.57983187252096,31.841879013113843],[-106.57972875153929,31.841727812762485],[-106.57967822270352,31.841663981076323],[-106.57962225941569,31.841603541794292],[-106.57956117388107,31.841546833110598],[-106.57949530529986,31.841494169342084],[-106.57942502109977,31.841445843579152],[-106.57935071359351,31.841402125136298],[-106.57927279347268,31.841363257154956],[-106.57913590203411,31.841613391902129],[-106.57857617909644,31.841905824371644],[-106.57857522282781,31.842014783660396],[-106.57857389438446,31.842166017855607],[-106.57857704465323,31.842305528538027]]]},"properties":{"OBJECTID":14973,"Join_Count":2,"TARGET_FID":28599,"PlaceType":"Neighborhood Center","SB840":"Y","TRACTCE":"001204","BLKGRPCE":"2","GEOID":"481410012042","INTPTLAT":"+31.8458468","INTPTLON":"-106.5767853","GrowthArea":"Y","LotArea":79816,"ZONELABEL":"C-3","Shape_Length":1214.9910188496713,"Shape_Area":79815.664932024534}},{"type":"Feature","id":14984,"geometry":{"type":"Polygon","coordinates":[[[-106.57857750950123,31.842439994983994],[-106.57857211545114,31.842705710263086],[-106.58001208384752,31.842315634944065],[-106.57988913760741,31.842017756320505],[-106.57857727846665,31.842373128425294],[-106.57857750950123,31.842439994983994]]]},"properties":{"OBJECTID":14984,"Join_Count":2,"TARGET_FID":28668,"PlaceType":"Neighborhood Center","SB840":"Y","TRACTCE":"001204","BLKGRPCE":"2","GEOID":"481410012042","INTPTLAT":"+31.8458468","INTPTLON":"-106.5767853","GrowthArea":"Y","LotArea":51455,"ZONELABEL":"C-3","Shape_Length":1132.4530906366767,"Shape_Area":51455.080197361858}},{"type":"Feature","id":14986,"geometry":{"type":"Polygon","coordinates":[[[-106.53156936869976,31.844328483870047],[-106.53221817434269,31.845025064960591],[-106.53249529560198,31.844827157316633],[-106.53254298711815,31.844882522941866],[-106.53277636207162,31.844692158863644],[-106.53279731666318,31.844674866279842],[-106.53254660770565,31.844425686934873],[-106.5321248050106,31.844006453783322],[-106.53200539608498,31.844059724762793],[-106.53188977355678,31.844118767782486],[-106.53177831723515,31.844183387729398],[-106.53167139825381,31.844253370033378],[-106.53156936869976,31.844328483870047]]]},"properties":{"OBJECTID":14986,"Join_Count":2,"TARGET_FID":28691,"PlaceType":"Urban Neighborhood","SB840":"Y","TRACTCE":" ","BLKGRPCE":" ","GEOID":" ","INTPTLAT":" ","INTPTLON":" ","GrowthArea":"Y","LotArea":70192,"ZONELABEL":"S-D","Shape_Length":1099.9621029244847,"Shape_Area":70192.067232760222}},{"type":"Feature","id":14990,"geometry":{"type":"Polygon","coordinates":[[[-106.57857624221225,31.842989049625924],[-106.57857740595151,31.843034707673599],[-106.58012202382895,31.842592654047991],[-106.58001208384752,31.842315634944065],[-106.57857211545114,31.842705710263086],[-106.57857624221225,31.842989049625924]]]},"properties":{"OBJECTID":14990,"Join_Count":2,"TARGET_FID":28735,"PlaceType":"Neighborhood Center","SB840":"Y","TRACTCE":"001204","BLKGRPCE":"2","GEOID":"481410012042","INTPTLAT":"+31.8458468","INTPTLON":"-106.5767853","GrowthArea":"Y","LotArea":53799,"ZONELABEL":"C-3","Shape_Length":1201.151999360208,"Shape_Area":53799.139703229099}},{"type":"Feature","id":14999,"geometry":{"type":"Polygon","coordinates":[[[-106.57275270764951,31.843407902352244],[-106.57285963233322,31.84340117146597],[-106.57296684726056,31.843401523595066],[-106.57307370798736,31.843408958014766],[-106.57317957461002,31.843423430427634],[-106.57328381170548,31.843444852062891],[-106.57347028594985,31.842674172378192],[-106.57265156180462,31.842505701513712],[-106.57254857811115,31.842206061801097],[-106.57205231907818,31.842336636067799],[-106.57244514145768,31.843379958357694],[-106.57246094967795,31.843411335547479],[-106.57248228436936,31.843440230332835],[-106.57250150098498,31.84344987310763],[-106.57255347482527,31.843446769711239],[-106.57260477624914,31.843439009632768],[-106.57265483421305,31.84342667895444],[-106.57275270764951,31.843407902352244]]]},"properties":{"OBJECTID":14999,"Join_Count":1,"TARGET_FID":28763,"PlaceType":"Neighborhood Center","SB840":"Y","TRACTCE":"001204","BLKGRPCE":"2","GEOID":"481410012042","INTPTLAT":"+31.8458468","INTPTLON":"-106.5767853","GrowthArea":"Y","LotArea":120927,"ZONELABEL":"C-3","Shape_Length":1499.2812534631548,"Shape_Area":120926.56531755537}},{"type":"Feature","id":15004,"geometry":{"type":"Polygon","coordinates":[[[-106.57857780040966,31.843280740118416],[-106.57857664921931,31.843340064673392],[-106.58022865560517,31.842867279150258],[-106.58012202382895,31.842592654047991],[-106.57857740595151,31.843034707673599],[-106.57857780040966,31.843280740118416]]]},"properties":{"OBJECTID":15004,"Join_Count":3,"TARGET_FID":28789,"PlaceType":"Neighborhood Center","SB840":"Y","TRACTCE":"001204","BLKGRPCE":"2","GEOID":"481410012042","INTPTLAT":"+31.8458468","INTPTLON":"-106.5767853","GrowthArea":"Y","LotArea":55080,"ZONELABEL":"C-3","Shape_Length":1263.3221121506474,"Shape_Area":55079.860921968124}},{"type":"Feature","id":15012,"geometry":{"type":"Polygon","coordinates":[[[-106.57611287777803,31.844135587651049],[-106.57611920072658,31.844136316877723],[-106.5761255785641,31.844136127551913],[-106.57613182645588,31.844135024924288],[-106.57613776866987,31.844133040003932],[-106.57614323547092,31.844130230610581],[-106.57614807014966,31.844126675617993],[-106.57615213552899,31.84412247735159],[-106.57615531460426,31.844117755234947],[-106.57615751780862,31.844112643634784],[-106.57615868277597,31.844107288259309],[-106.5761587750995,31.844101841605223],[-106.57615779237314,31.844096460054434],[-106.57615639390431,31.842380059051258],[-106.57616478647137,31.841153444487677],[-106.57557891214965,31.841072542488281],[-106.57570774586235,31.840625190521713],[-106.57514072158773,31.840506190433643],[-106.57474645246018,31.842135817469281],[-106.5744114877905,31.842066895182928],[-106.57437241558937,31.842228385060476],[-106.5742356279804,31.842793744246837],[-106.57411736614151,31.84277289547628],[-106.57389158105858,31.843706063678535],[-106.57400516974062,31.843732311577373],[-106.57607971249807,31.84413365711751],[-106.57611287777803,31.844135587651049]]]},"properties":{"OBJECTID":15012,"Join_Count":1,"TARGET_FID":28870,"PlaceType":"Neighborhood Center","SB840":"Y","TRACTCE":"001204","BLKGRPCE":"2","GEOID":"481410012042","INTPTLAT":"+31.8458468","INTPTLON":"-106.5767853","GrowthArea":"Y","LotArea":603088,"ZONELABEL":"C-3","Shape_Length":3701.5617620231033,"Shape_Area":603087.92643248686}},{"type":"Feature","id":15016,"geometry":{"type":"Polygon","coordinates":[[[-106.57764521886479,31.844119517614345],[-106.5780009650671,31.844120519604481],[-106.57800109483337,31.844086967553547],[-106.57804326662585,31.844087087162649],[-106.57778059410144,31.843484402474132],[-106.57775700637747,31.843486650374587],[-106.57773329101785,31.843485834161072],[-106.57770999118232,31.84348197474997],[-106.57768763953042,31.84347515859751],[-106.57766674902426,31.84346554265721],[-106.57764779657215,31.843453347034995],[-106.57764521886479,31.844119517614345]]]},"properties":{"OBJECTID":15016,"Join_Count":2,"TARGET_FID":28878,"PlaceType":"Neighborhood Center","SB840":"Y","TRACTCE":"001204","BLKGRPCE":"2","GEOID":"481410012042","INTPTLAT":"+31.8458468","INTPTLON":"-106.5767853","GrowthArea":"Y","LotArea":19489,"ZONELABEL":"C-2","Shape_Length":656.27544810118832,"Shape_Area":19489.280070769368}},{"type":"Feature","id":15022,"geometry":{"type":"Polygon","coordinates":[[[-106.57303040120409,31.844567399039658],[-106.57464034422271,31.844534245991877],[-106.57464825321546,31.844033987190716],[-106.57384993473558,31.843874949768502],[-106.57364823836366,31.843798913166562],[-106.5735842812439,31.843751615199732],[-106.57351589926699,31.843709067353206],[-106.57344357553507,31.843671568028036],[-106.5733678195549,31.843639382745554],[-106.5732891668233,31.843612737844531],[-106.57320817156219,31.843591822636327],[-106.57312540536806,31.843576784953285],[-106.57304145281526,31.843567728649681],[-106.57295690659716,31.843564720158117],[-106.57287236265543,31.843567778786433],[-106.57278841749053,31.843576884073464],[-106.57277551241289,31.843579768014475],[-106.57276335326213,31.843584452555938],[-106.57275228154873,31.843590804807633],[-106.57274260827792,31.843598646371191],[-106.57273460680268,31.843607757295906],[-106.57272849940695,31.843617881238007],[-106.57272446000765,31.843628734363936],[-106.57272260073765,31.843640010509748],[-106.57272297488477,31.843651393685828],[-106.57272557085858,31.843662562882621],[-106.57303040120409,31.844567399039658]]]},"properties":{"OBJECTID":15022,"Join_Count":2,"TARGET_FID":28898,"PlaceType":"Neighborhood Center","SB840":"Y","TRACTCE":"001204","BLKGRPCE":"2","GEOID":"481410012042","INTPTLAT":"+31.8458468","INTPTLON":"-106.5767853","GrowthArea":"Y","LotArea":151555,"ZONELABEL":"R-3","Shape_Length":1678.123970560099,"Shape_Area":151554.79933411066}},{"type":"Feature","id":15023,"geometry":{"type":"Polygon","coordinates":[[[-106.57503520752896,31.84454209281726],[-106.57512325066236,31.844543842086804],[-106.57512979139631,31.844129913183043],[-106.57464825321546,31.844033987190716],[-106.57464034422271,31.844534245991877],[-106.57471613469637,31.844535753762202],[-106.57477750335987,31.84453697288096],[-106.57495562181415,31.844540511571015],[-106.57500585983831,31.84454151001438],[-106.57503520752896,31.84454209281726]]]},"properties":{"OBJECTID":15023,"Join_Count":1,"TARGET_FID":28901,"PlaceType":"Neighborhood Center","SB840":"Y","TRACTCE":"001204","BLKGRPCE":"2","GEOID":"481410012042","INTPTLAT":"+31.8458468","INTPTLON":"-106.5767853","GrowthArea":"Y","LotArea":24944,"ZONELABEL":"C-3","Shape_Length":636.15422951638641,"Shape_Area":24943.887254278194}},{"type":"Feature","id":15024,"geometry":{"type":"Polygon","coordinates":[[[-106.57519486929957,31.844546708506062],[-106.57536908485973,31.844544741336172],[-106.57537486906996,31.844178733895344],[-106.57512979139631,31.844129913183043],[-106.57512325066236,31.844543842086804],[-106.57517099642,31.844545753037341],[-106.57519486929957,31.844546708506062]]]},"properties":{"OBJECTID":15024,"Join_Count":1,"TARGET_FID":28905,"PlaceType":"Neighborhood Center","SB840":"Y","TRACTCE":"001204","BLKGRPCE":"2","GEOID":"481410012042","INTPTLAT":"+31.8458468","INTPTLON":"-106.5767853","GrowthArea":"Y","LotArea":10867,"ZONELABEL":"C-3","Shape_Length":438.27727041403062,"Shape_Area":10866.888422707631}},{"type":"Feature","id":15025,"geometry":{"type":"Polygon","coordinates":[[[-106.57537995692996,31.8445446183764],[-106.57564992812915,31.844541336493723],[-106.575652077814,31.844405212127384],[-106.57565477401167,31.844234491450184],[-106.57537486906996,31.844178733895344],[-106.57536908485973,31.844544741336172],[-106.57537995692996,31.8445446183764]]]},"properties":{"OBJECTID":15025,"Join_Count":1,"TARGET_FID":28907,"PlaceType":"Neighborhood Center","SB840":"Y","TRACTCE":"001204","BLKGRPCE":"2","GEOID":"481410012042","INTPTLAT":"+31.8458468","INTPTLON":"-106.5767853","GrowthArea":"Y","LotArea":10672,"ZONELABEL":"C-3","Shape_Length":421.27461786613941,"Shape_Area":10671.701764236877}},{"type":"Feature","id":15026,"geometry":{"type":"Polygon","coordinates":[[[-106.57571664958508,31.844540858680833],[-106.5759268533744,31.844539802629182],[-106.57593080643115,31.844289477551396],[-106.57565477401167,31.844234491450184],[-106.575652077814,31.844405212127384],[-106.57564992812915,31.844541336493723],[-106.57571664958508,31.844540858680833]]]},"properties":{"OBJECTID":15026,"Join_Count":1,"TARGET_FID":28909,"PlaceType":"Neighborhood Center","SB840":"Y","TRACTCE":"001204","BLKGRPCE":"2","GEOID":"481410012042","INTPTLAT":"+31.8458468","INTPTLON":"-106.5767853","GrowthArea":"Y","LotArea":8713,"ZONELABEL":"C-3","Shape_Length":376.72833397736014,"Shape_Area":8712.8022602848068}},{"type":"Feature","id":15027,"geometry":{"type":"Polygon","coordinates":[[[-106.57618581645477,31.844538499069316],[-106.57621811710688,31.844538335706225],[-106.57621987985544,31.844385427142935],[-106.57622199885247,31.844380724247401],[-106.57622497267648,31.844376372379106],[-106.57622872393246,31.844372481835798],[-106.57623315558652,31.844369153921122],[-106.57623815371535,31.844366474489672],[-106.57624359055237,31.844364511994389],[-106.57593080643115,31.844289477551396],[-106.5759268533744,31.844539802629182],[-106.57618581645477,31.844538499069316]]]},"properties":{"OBJECTID":15027,"Join_Count":2,"TARGET_FID":28910,"PlaceType":"Neighborhood Center","SB840":"Y","TRACTCE":"001204","BLKGRPCE":"2","GEOID":"481410012042","INTPTLAT":"+31.8458468","INTPTLON":"-106.5767853","GrowthArea":"Y","LotArea":7085,"ZONELABEL":"A-O","Shape_Length":349.04290855088857,"Shape_Area":7085.2665798102325}},{"type":"Feature","id":15030,"geometry":{"type":"Polygon","coordinates":[[[-106.57757142875927,31.844482433023071],[-106.57764377447917,31.844493111776366],[-106.57764521886479,31.844119517614345],[-106.57764779657215,31.843453347034995],[-106.57762880504772,31.843436908794892],[-106.5776133416785,31.843417966352341],[-106.57760185296237,31.84339706554821],[-106.57759466945981,31.843374807464464],[-106.57759199734353,31.843351832570239],[-106.57759279616793,31.843336045652457],[-106.5775966216568,31.843320585065346],[-106.57760336705115,31.843305870532664],[-106.57761285226354,31.843292300907024],[-106.57762481801086,31.84328024541853],[-106.57763894074824,31.84327002940924],[-106.5770023078596,31.843272713615281],[-106.57699089139393,31.843272762564283],[-106.57635360759747,31.843270280989678],[-106.57635017209995,31.844155530880506],[-106.57635259985837,31.844167353028663],[-106.57635725615607,31.844178677185774],[-106.57636401635608,31.844189201312428],[-106.57637269781678,31.844198642409566],[-106.57638306904154,31.844206746919337],[-106.57639485009375,31.84421329702813],[-106.57704898216056,31.844348585699603],[-106.57757142875927,31.844482433023071]]]},"properties":{"OBJECTID":15030,"Join_Count":3,"TARGET_FID":28917,"PlaceType":"Neighborhood Center","SB840":"Y","TRACTCE":"001204","BLKGRPCE":"2","GEOID":"481410012042","INTPTLAT":"+31.8458468","INTPTLON":"-106.5767853","GrowthArea":"Y","LotArea":156045,"ZONELABEL":"C-2","Shape_Length":1603.330627569293,"Shape_Area":156045.25630504009}},{"type":"Feature","id":15031,"geometry":{"type":"Polygon","coordinates":[[[-106.57764377447917,31.844493111776366],[-106.57805463022387,31.844553753781071],[-106.57824882715877,31.844558724303621],[-106.57805790849305,31.844120680341952],[-106.57804326662585,31.844087087162649],[-106.57800109483337,31.844086967553547],[-106.5780009650671,31.844120519604481],[-106.57764521886479,31.844119517614345],[-106.57764377447917,31.844493111776366]]]},"properties":{"OBJECTID":15031,"Join_Count":2,"TARGET_FID":28927,"PlaceType":"Neighborhood Center","SB840":"Y","TRACTCE":"001204","BLKGRPCE":"2","GEOID":"481410012042","INTPTLAT":"+31.8458468","INTPTLON":"-106.5767853","GrowthArea":"Y","LotArea":23710,"ZONELABEL":"C-2","Shape_Length":644.5608603502011,"Shape_Area":23709.595584417206}},{"type":"Feature","id":15046,"geometry":{"type":"Polygon","coordinates":[[[-106.57997870902921,31.844473437004403],[-106.58015695081066,31.844905968064936],[-106.5809534412867,31.844666801931229],[-106.58080718546854,31.844283716740616],[-106.58080245437002,31.844277884613177],[-106.58079670756227,31.84427276152508],[-106.58079008673235,31.844268474361431],[-106.58078275875212,31.844265130733255],[-106.580774904774,31.844262814080874],[-106.58076672116735,31.844261581822852],[-106.58075841201594,31.844261463909099],[-106.58075018501724,31.844262464824542],[-106.58074224591165,31.844264559340012],[-106.57997870902921,31.844473437004403]]]},"properties":{"OBJECTID":15046,"Join_Count":1,"TARGET_FID":28983,"PlaceType":"Neighborhood Center","SB840":"Y","TRACTCE":"001204","BLKGRPCE":"2","GEOID":"481410012042","INTPTLAT":"+31.8458468","INTPTLON":"-106.5767853","GrowthArea":"Y","LotArea":43011,"ZONELABEL":"C-1","Shape_Length":847.77996976106124,"Shape_Area":43010.925760373939}},{"type":"Feature","id":15049,"geometry":{"type":"Polygon","coordinates":[[[-106.57932466190735,31.845334113695888],[-106.57946734133532,31.845333196216448],[-106.57919268053364,31.844615763611372],[-106.57887949090536,31.844685360882476],[-106.57847916446384,31.844732656278158],[-106.57835259889201,31.84473972963583],[-106.57805519365679,31.844734751152892],[-106.5777969861921,31.844716006494959],[-106.5773851630729,31.844633634817491],[-106.57697090239932,31.844514218071375],[-106.57624359055237,31.844364511994389],[-106.57623815371535,31.844366474489672],[-106.57623315558652,31.844369153921122],[-106.57622872393246,31.844372481835798],[-106.57622497267648,31.844376372379106],[-106.57622199885247,31.844380724247401],[-106.57621987985544,31.844385427142935],[-106.57621811710688,31.844538335706225],[-106.57623705083532,31.84453894342484],[-106.57623648226328,31.84465849732462],[-106.57623918143065,31.845079618695038],[-106.57623834862034,31.845282849163983],[-106.57623749154453,31.845334123950657],[-106.57646176755041,31.845331327325376],[-106.57665943036245,31.845336121428726],[-106.57686423770377,31.845334398704662],[-106.57706052885068,31.845336278084645],[-106.57725743461904,31.845340485235912],[-106.57745898866368,31.845336697366552],[-106.57764990411287,31.845339940213211],[-106.57785686035939,31.845342278756121],[-106.5780664207488,31.84534220496116],[-106.57825860498585,31.845339837238829],[-106.57843283431612,31.845340689920043],[-106.57857215318892,31.845338089243729],[-106.57877607480236,31.845336443942173],[-106.57913383146693,31.84533607027964],[-106.57932466190735,31.845334113695888]]]},"properties":{"OBJECTID":15049,"Join_Count":4,"TARGET_FID":29025,"PlaceType":"Neighborhood Center","SB840":"Y","TRACTCE":"001204","BLKGRPCE":"2","GEOID":"481410012042","INTPTLAT":"+31.8458468","INTPTLON":"-106.5767853","GrowthArea":"Y","LotArea":251888,"ZONELABEL":"C-1","Shape_Length":2577.146661663603,"Shape_Area":251888.38746406438}},{"type":"Feature","id":15050,"geometry":{"type":"Polygon","coordinates":[[[-106.58023609765858,31.845330119546901],[-106.5803310987241,31.845328564194119],[-106.58015695081066,31.844905968064936],[-106.57997870902921,31.844473437004403],[-106.5792997170967,31.844585273203506],[-106.57922297318737,31.844604741824568],[-106.57919268053364,31.844615763611372],[-106.57946734133532,31.845333196216448],[-106.57959679650631,31.845332502103524],[-106.57985761689501,31.845334086655363],[-106.58005232457852,31.845333126254296],[-106.58023609765858,31.845330119546901]]]},"properties":{"OBJECTID":15050,"Join_Count":5,"TARGET_FID":29030,"PlaceType":"Neighborhood Center","SB840":"Y","TRACTCE":"001204","BLKGRPCE":"2","GEOID":"481410012042","INTPTLAT":"+31.8458468","INTPTLON":"-106.5767853","GrowthArea":"Y","LotArea":76540,"ZONELABEL":"C-1","Shape_Length":1122.4196430878942,"Shape_Area":76540.072103188315}},{"type":"Feature","id":15052,"geometry":{"type":"Polygon","coordinates":[[[-106.58055756854773,31.845327741806525],[-106.58120815116494,31.845333952445372],[-106.5809534412867,31.844666801931229],[-106.58015695081066,31.844905968064936],[-106.5803310987241,31.845328564194119],[-106.58041906837364,31.845327124888115],[-106.58055756854773,31.845327741806525]]]},"properties":{"OBJECTID":15052,"Join_Count":3,"TARGET_FID":29036,"PlaceType":"Neighborhood Center","SB840":"Y","TRACTCE":"001204","BLKGRPCE":"2","GEOID":"481410012042","INTPTLAT":"+31.8458468","INTPTLON":"-106.5767853","GrowthArea":"Y","LotArea":54214,"ZONELABEL":"C-1","Shape_Length":952.80066509515291,"Shape_Area":54213.656397374012}},{"type":"Feature","id":15054,"geometry":{"type":"Polygon","coordinates":[[[-106.5789367521011,31.845609741517631],[-106.57903615995048,31.845614537996749],[-106.57913570333506,31.8456163624463],[-106.57913383146693,31.84533607027964],[-106.57877607480236,31.845336443942173],[-106.57887398424042,31.845554964926105],[-106.57887945291782,31.845567419771125],[-106.57888726046423,31.845578930491644],[-106.57889719331604,31.845589178541179],[-106.57890897681135,31.845597881725464],[-106.5789222850988,31.845604800050069],[-106.5789367521011,31.845609741517631]]]},"properties":{"OBJECTID":15054,"Join_Count":1,"TARGET_FID":29062,"PlaceType":"Neighborhood Center","SB840":"Y","TRACTCE":"001204","BLKGRPCE":"2","GEOID":"481410012042","INTPTLAT":"+31.8458468","INTPTLON":"-106.5767853","GrowthArea":"Y","LotArea":9229,"ZONELABEL":"A-2","Shape_Length":389.04450384639279,"Shape_Area":9228.5774041259829}},{"type":"Feature","id":15055,"geometry":{"type":"Polygon","coordinates":[[[-106.57913570333506,31.8456163624463],[-106.57933549490356,31.845613004922587],[-106.57932466190735,31.845334113695888],[-106.57913383146693,31.84533607027964],[-106.57913570333506,31.8456163624463]]]},"properties":{"OBJECTID":15055,"Join_Count":1,"TARGET_FID":29065,"PlaceType":"Neighborhood Center","SB840":"Y","TRACTCE":"001204","BLKGRPCE":"2","GEOID":"481410012042","INTPTLAT":"+31.8458468","INTPTLON":"-106.5767853","GrowthArea":"Y","LotArea":6171,"ZONELABEL":"A-2","Shape_Length":324.798848780887,"Shape_Area":6170.7864947078942}},{"type":"Feature","id":15057,"geometry":{"type":"Polygon","coordinates":[[[-106.57933549490356,31.845613004922587],[-106.57958163164288,31.845617998068818],[-106.57946734133532,31.845333196216448],[-106.57932466190735,31.845334113695888],[-106.57933549490356,31.845613004922587]]]},"properties":{"OBJECTID":15057,"Join_Count":3,"TARGET_FID":29070,"PlaceType":"Neighborhood Center","SB840":"Y","TRACTCE":"001204","BLKGRPCE":"2","GEOID":"481410012042","INTPTLAT":"+31.8458468","INTPTLON":"-106.5767853","GrowthArea":"Y","LotArea":6175,"ZONELABEL":"C-1","Shape_Length":331.7936065961668,"Shape_Area":6175.4777952645154}},{"type":"Feature","id":15058,"geometry":{"type":"Polygon","coordinates":[[[-106.57958163164288,31.845617998068818],[-106.57970543240795,31.845614896054645],[-106.57959679650631,31.845332502103524],[-106.57946734133532,31.845333196216448],[-106.57958163164288,31.845617998068818]]]},"properties":{"OBJECTID":15058,"Join_Count":3,"TARGET_FID":29071,"PlaceType":"Neighborhood Center","SB840":"Y","TRACTCE":"001204","BLKGRPCE":"2","GEOID":"481410012042","INTPTLAT":"+31.8458468","INTPTLON":"-106.5767853","GrowthArea":"Y","LotArea":4081,"ZONELABEL":"C-1","Shape_Length":296.30803222607625,"Shape_Area":4080.7410742261573}},{"type":"Feature","id":15059,"geometry":{"type":"Polygon","coordinates":[[[-106.57970543240795,31.845614896054645],[-106.57986696875373,31.845611769944359],[-106.57985761689501,31.845334086655363],[-106.57959679650631,31.845332502103524],[-106.57970543240795,31.845614896054645]]]},"properties":{"OBJECTID":15059,"Join_Count":2,"TARGET_FID":29075,"PlaceType":"Neighborhood Center","SB840":"Y","TRACTCE":"001204","BLKGRPCE":"2","GEOID":"481410012042","INTPTLAT":"+31.8458468","INTPTLON":"-106.5767853","GrowthArea":"Y","LotArea":6686,"ZONELABEL":"C-1","Shape_Length":340.35882720645992,"Shape_Area":6685.8493803249448}},{"type":"Feature","id":15060,"geometry":{"type":"Polygon","coordinates":[[[-106.57986696875373,31.845611769944359],[-106.58004950744309,31.84561073950653],[-106.58005232457852,31.845333126254296],[-106.57985761689501,31.845334086655363],[-106.57986696875373,31.845611769944359]]]},"properties":{"OBJECTID":15060,"Join_Count":1,"TARGET_FID":29077,"PlaceType":"Neighborhood Center","SB840":"Y","TRACTCE":"001204","BLKGRPCE":"2","GEOID":"481410012042","INTPTLAT":"+31.8458468","INTPTLON":"-106.5767853","GrowthArea":"Y","LotArea":5917,"ZONELABEL":"A-2","Shape_Length":319.20537098229033,"Shape_Area":5916.6022512007994}},{"type":"Feature","id":15062,"geometry":{"type":"Polygon","coordinates":[[[-106.58004950744309,31.84561073950653],[-106.58024243752324,31.845612407769302],[-106.58023609765858,31.845330119546901],[-106.58005232457852,31.845333126254296],[-106.58004950744309,31.84561073950653]]]},"properties":{"OBJECTID":15062,"Join_Count":1,"TARGET_FID":29080,"PlaceType":"Neighborhood Center","SB840":"Y","TRACTCE":"001204","BLKGRPCE":"2","GEOID":"481410012042","INTPTLAT":"+31.8458468","INTPTLON":"-106.5767853","GrowthArea":"Y","LotArea":5957,"ZONELABEL":"A-2","Shape_Length":320.70034150581336,"Shape_Area":5956.8398722252414}},{"type":"Feature","id":15064,"geometry":{"type":"Polygon","coordinates":[[[-106.58024243752324,31.845612407769302],[-106.58042920434103,31.845614021937113],[-106.58041906837364,31.845327124888115],[-106.5803310987241,31.845328564194119],[-106.58023609765858,31.845330119546901],[-106.58024243752324,31.845612407769302]]]},"properties":{"OBJECTID":15064,"Join_Count":2,"TARGET_FID":29084,"PlaceType":"Neighborhood Center","SB840":"Y","TRACTCE":"001204","BLKGRPCE":"2","GEOID":"481410012042","INTPTLAT":"+31.8458468","INTPTLON":"-106.5767853","GrowthArea":"Y","LotArea":5944,"ZONELABEL":"C-1","Shape_Length":321.95815658017227,"Shape_Area":5944.151457410193}},{"type":"Feature","id":15065,"geometry":{"type":"Polygon","coordinates":[[[-106.58055756854773,31.845327741806525],[-106.58067031619198,31.845610455352379],[-106.58129996690873,31.845577278336982],[-106.58120815116494,31.845333952445372],[-106.58055756854773,31.845327741806525]]]},"properties":{"OBJECTID":15065,"Join_Count":2,"TARGET_FID":29087,"PlaceType":"Neighborhood Center","SB840":"Y","TRACTCE":"001204","BLKGRPCE":"2","GEOID":"481410012042","INTPTLAT":"+31.8458468","INTPTLON":"-106.5767853","GrowthArea":"Y","LotArea":19175,"ZONELABEL":"C-1","Shape_Length":599.57985359430916,"Shape_Area":19175.454825338275}},{"type":"Feature","id":15066,"geometry":{"type":"Polygon","coordinates":[[[-106.58042920434103,31.845614021937113],[-106.58067031619198,31.845610455352379],[-106.58055756854773,31.845327741806525],[-106.58041906837364,31.845327124888115],[-106.58042920434103,31.845614021937113]]]},"properties":{"OBJECTID":15066,"Join_Count":2,"TARGET_FID":29088,"PlaceType":"Neighborhood Center","SB840":"Y","TRACTCE":"001204","BLKGRPCE":"2","GEOID":"481410012042","INTPTLAT":"+31.8458468","INTPTLON":"-106.5767853","GrowthArea":"Y","LotArea":6117,"ZONELABEL":"C-1","Shape_Length":330.95479519656584,"Shape_Area":6117.030569686036}},{"type":"Feature","id":15088,"geometry":{"type":"Polygon","coordinates":[[[-106.57909824877824,31.8460604379916],[-106.57924717311488,31.846054401321052],[-106.57925331292768,31.845781990674705],[-106.57911264414041,31.845780331933184],[-106.57909631055732,31.845781000852458],[-106.57908034968209,31.845784035630633],[-106.57906522759347,31.845789347064621],[-106.57905138699559,31.845796780230504],[-106.57903923256879,31.845806116993163],[-106.57902911995907,31.845817085566924],[-106.5790213433569,31.845829364724644],[-106.57901613304409,31.845842594754636],[-106.57901363823188,31.84585639002654],[-106.57901393386427,31.845870345890958],[-106.57905425005156,31.845965987022687],[-106.57909824877824,31.8460604379916]]]},"properties":{"OBJECTID":15088,"Join_Count":1,"TARGET_FID":29164,"PlaceType":"Regional Corridor","SB840":"Y","TRACTCE":"001204","BLKGRPCE":"2","GEOID":"481410012042","INTPTLAT":"+31.8458468","INTPTLON":"-106.5767853","GrowthArea":"Y","LotArea":6342,"ZONELABEL":"A-2","Shape_Length":313.83425372327139,"Shape_Area":6342.1289593809397}},{"type":"Feature","id":15089,"geometry":{"type":"Polygon","coordinates":[[[-106.5793943515073,31.846054279790778],[-106.57945414871038,31.846053117955577],[-106.57946371024187,31.845778620025435],[-106.57925331292768,31.845781990674705],[-106.57924717311488,31.846054401321052],[-106.5793943515073,31.846054279790778]]]},"properties":{"OBJECTID":15089,"Join_Count":1,"TARGET_FID":29167,"PlaceType":"Regional Corridor","SB840":"Y","TRACTCE":"001204","BLKGRPCE":"2","GEOID":"481410012042","INTPTLAT":"+31.8458468","INTPTLON":"-106.5767853","GrowthArea":"Y","LotArea":6454,"ZONELABEL":"A-2","Shape_Length":328.64495684959758,"Shape_Area":6453.8086436335034}},{"type":"Feature","id":15090,"geometry":{"type":"Polygon","coordinates":[[[-106.57945414871038,31.846053117955577],[-106.57970844804606,31.846052335759889],[-106.57962893671886,31.845782612022347],[-106.57946371024187,31.845778620025435],[-106.57945414871038,31.846053117955577]]]},"properties":{"OBJECTID":15090,"Join_Count":1,"TARGET_FID":29170,"PlaceType":"Regional Corridor","SB840":"Y","TRACTCE":"001204","BLKGRPCE":"2","GEOID":"481410012042","INTPTLAT":"+31.8458468","INTPTLON":"-106.5767853","GrowthArea":"Y","LotArea":6442,"ZONELABEL":"A-2","Shape_Length":331.3811770761198,"Shape_Area":6441.7007077185799}},{"type":"Feature","id":15103,"geometry":{"type":"Polygon","coordinates":[[[-106.57909824877824,31.8460604379916],[-106.57917886924037,31.846274305340312],[-106.57945432894202,31.84619442756722],[-106.5793943515073,31.846054279790778],[-106.57924717311488,31.846054401321052],[-106.57909824877824,31.8460604379916]]]},"properties":{"OBJECTID":15103,"Join_Count":1,"TARGET_FID":29214,"PlaceType":"Regional Corridor","SB840":"Y","TRACTCE":"001204","BLKGRPCE":"2","GEOID":"481410012042","INTPTLAT":"+31.8458468","INTPTLON":"-106.5767853","GrowthArea":"Y","LotArea":6105,"ZONELABEL":"A-2","Shape_Length":318.35107678184198,"Shape_Area":6105.2850437679881}},{"type":"Feature","id":15108,"geometry":{"type":"Polygon","coordinates":[[[-106.57917886924037,31.846274305340312],[-106.57923679788183,31.846420480585721],[-106.57951453624727,31.846338208097919],[-106.57945432894202,31.84619442756722],[-106.57917886924037,31.846274305340312]]]},"properties":{"OBJECTID":15108,"Join_Count":1,"TARGET_FID":29242,"PlaceType":"Regional Corridor","SB840":"Y","TRACTCE":"001204","BLKGRPCE":"2","GEOID":"481410012042","INTPTLAT":"+31.8458468","INTPTLON":"-106.5767853","GrowthArea":"Y","LotArea":5071,"ZONELABEL":"A-2","Shape_Length":293.31466253519051,"Shape_Area":5071.0542849306094}},{"type":"Feature","id":15110,"geometry":{"type":"Polygon","coordinates":[[[-106.5807220293884,31.845759643587829],[-106.58096729288522,31.846383173232468],[-106.58154584132491,31.846217356503374],[-106.58134083549072,31.845696180625414],[-106.5807220293884,31.845759643587829]]]},"properties":{"OBJECTID":15110,"Join_Count":2,"TARGET_FID":29258,"PlaceType":"Regional Corridor","SB840":"Y","TRACTCE":"001204","BLKGRPCE":"2","GEOID":"481410012042","INTPTLAT":"+31.8458468","INTPTLON":"-106.5767853","GrowthArea":"Y","LotArea":41624,"ZONELABEL":"C-1","Shape_Length":822.33109607914389,"Shape_Area":41624.410024772042}},{"type":"Feature","id":15113,"geometry":{"type":"Polygon","coordinates":[[[-106.5806288894417,31.845849474628643],[-106.58085001173099,31.846416785989117],[-106.58096729288522,31.846383173232468],[-106.5807220293884,31.845759643587829],[-106.58070817732882,31.84575885135547],[-106.58069436266014,31.845760024661505],[-106.58068096517712,31.845763129924258],[-106.58066835291483,31.845768083542968],[-106.58065687341308,31.845774747800977],[-106.5806468426472,31.845782939526011],[-106.58063853577137,31.845792434147512],[-106.58063218108592,31.845802970502739],[-106.58062795418273,31.845814258343552],[-106.58062597003996,31.845825986845455],[-106.58062628472914,31.845837834461456],[-106.5806288894417,31.845849474628643]]]},"properties":{"OBJECTID":15113,"Join_Count":3,"TARGET_FID":29266,"PlaceType":"Regional Corridor","SB840":"Y","TRACTCE":"001204","BLKGRPCE":"2","GEOID":"481410012042","INTPTLAT":"+31.8458468","INTPTLON":"-106.5767853","GrowthArea":"Y","LotArea":9065,"ZONELABEL":"C-1","Shape_Length":546.93196953863333,"Shape_Area":9064.5232886305621}},{"type":"Feature","id":15124,"geometry":{"type":"Polygon","coordinates":[[[-106.57923679788183,31.846420480585721],[-106.57930458614793,31.846589302074459],[-106.57958672664842,31.846503793185967],[-106.57951453624727,31.846338208097919],[-106.57923679788183,31.846420480585721]]]},"properties":{"OBJECTID":15124,"Join_Count":1,"TARGET_FID":29293,"PlaceType":"Regional Corridor","SB840":"Y","TRACTCE":"001204","BLKGRPCE":"2","GEOID":"481410012042","INTPTLAT":"+31.8458468","INTPTLON":"-106.5767853","GrowthArea":"Y","LotArea":5951,"ZONELABEL":"A-2","Shape_Length":313.45929358443749,"Shape_Area":5950.8953031831406}},{"type":"Feature","id":15129,"geometry":{"type":"Polygon","coordinates":[[[-106.57930458614793,31.846589302074459],[-106.5793698100215,31.846744149156379],[-106.57965283905196,31.846658275050075],[-106.57958672664842,31.846503793185967],[-106.57930458614793,31.846589302074459]]]},"properties":{"OBJECTID":15129,"Join_Count":1,"TARGET_FID":29318,"PlaceType":"Regional Corridor","SB840":"Y","TRACTCE":"001204","BLKGRPCE":"2","GEOID":"481410012042","INTPTLAT":"+31.8458468","INTPTLON":"-106.5767853","GrowthArea":"Y","LotArea":5573,"ZONELABEL":"A-2","Shape_Length":305.93989978693764,"Shape_Area":5572.9869844260684}},{"type":"Feature","id":15130,"geometry":{"type":"Polygon","coordinates":[[[-106.5793698100215,31.846744149156379],[-106.57943504154822,31.846901760762258],[-106.57971901401991,31.846812900209667],[-106.57965283905196,31.846658275050075],[-106.5793698100215,31.846744149156379]]]},"properties":{"OBJECTID":15130,"Join_Count":1,"TARGET_FID":29344,"PlaceType":"Regional Corridor","SB840":"Y","TRACTCE":"001204","BLKGRPCE":"2","GEOID":"481410012042","INTPTLAT":"+31.8458468","INTPTLON":"-106.5767853","GrowthArea":"Y","LotArea":5648,"ZONELABEL":"A-2","Shape_Length":307.89232718711258,"Shape_Area":5648.323626136691}},{"type":"Feature","id":15134,"geometry":{"type":"Polygon","coordinates":[[[-106.57943504154822,31.846901760762258],[-106.57950269437998,31.847065220484925],[-106.5797892238985,31.846976954320379],[-106.57971901401991,31.846812900209667],[-106.57943504154822,31.846901760762258]]]},"properties":{"OBJECTID":15134,"Join_Count":1,"TARGET_FID":29372,"PlaceType":"Regional Corridor","SB840":"Y","TRACTCE":"001204","BLKGRPCE":"2","GEOID":"481410012042","INTPTLAT":"+31.8458468","INTPTLON":"-106.5767853","GrowthArea":"Y","LotArea":5966,"ZONELABEL":"A-2","Shape_Length":315.11705433080908,"Shape_Area":5966.4975703492728}},{"type":"Feature","id":15142,"geometry":{"type":"Polygon","coordinates":[[[-106.57950269437998,31.847065220484925],[-106.57956653504399,31.847218930672692],[-106.5798523986973,31.847124274962589],[-106.5797892238985,31.846976954320379],[-106.57950269437998,31.847065220484925]]]},"properties":{"OBJECTID":15142,"Join_Count":1,"TARGET_FID":29402,"PlaceType":"Regional Corridor","SB840":"Y","TRACTCE":"001204","BLKGRPCE":"2","GEOID":"481410012042","INTPTLAT":"+31.8458468","INTPTLON":"-106.5767853","GrowthArea":"Y","LotArea":5522,"ZONELABEL":"A-2","Shape_Length":306.20441423454861,"Shape_Area":5522.4023614873931}},{"type":"Feature","id":15147,"geometry":{"type":"Polygon","coordinates":[[[-106.57956653504399,31.847218930672692],[-106.57962775735611,31.847367393781425],[-106.57991826466251,31.847278472244234],[-106.5798523986973,31.847124274962589],[-106.57956653504399,31.847218930672692]]]},"properties":{"OBJECTID":15147,"Join_Count":1,"TARGET_FID":29440,"PlaceType":"Regional Corridor","SB840":"Y","TRACTCE":"001204","BLKGRPCE":"2","GEOID":"481410012042","INTPTLAT":"+31.8458468","INTPTLON":"-106.5767853","GrowthArea":"Y","LotArea":5585,"ZONELABEL":"A-2","Shape_Length":308.01298595037275,"Shape_Area":5585.4649439692548}},{"type":"Feature","id":15154,"geometry":{"type":"Polygon","coordinates":[[[-106.57962775735611,31.847367393781425],[-106.57969284623927,31.847524658019026],[-106.57998484455041,31.847434042538833],[-106.57991826466251,31.847278472244234],[-106.57962775735611,31.847367393781425]]]},"properties":{"OBJECTID":15154,"Join_Count":1,"TARGET_FID":29458,"PlaceType":"Regional Corridor","SB840":"Y","TRACTCE":"001204","BLKGRPCE":"2","GEOID":"481410012042","INTPTLAT":"+31.8458468","INTPTLON":"-106.5767853","GrowthArea":"Y","LotArea":5814,"ZONELABEL":"A-2","Shape_Length":313.24316927435444,"Shape_Area":5813.9892921958999}},{"type":"Feature","id":15155,"geometry":{"type":"Polygon","coordinates":[[[-106.57969284623927,31.847524658019026],[-106.5797626405981,31.847693289978341],[-106.5800554443147,31.847599005463156],[-106.57998484455041,31.847434042538833],[-106.57969284623927,31.847524658019026]]]},"properties":{"OBJECTID":15155,"Join_Count":1,"TARGET_FID":29480,"PlaceType":"Regional Corridor","SB840":"Y","TRACTCE":"001204","BLKGRPCE":"2","GEOID":"481410012042","INTPTLAT":"+31.8458468","INTPTLON":"-106.5767853","GrowthArea":"Y","LotArea":6243,"ZONELABEL":"A-2","Shape_Length":322.60956324739641,"Shape_Area":6242.6431440654478}},{"type":"Feature","id":15158,"geometry":{"type":"Polygon","coordinates":[[[-106.58011701940229,31.847744052417557],[-106.58014860934577,31.84781734219931],[-106.58040450721352,31.847740464376482],[-106.58033498028404,31.847571846070167],[-106.58101853011804,31.847377443382065],[-106.58041704685716,31.845832285696794],[-106.58041269323216,31.845823027384327],[-106.5804067057533,31.845814459896118],[-106.58039922939626,31.845806792157877],[-106.58039044574748,31.845800210562992],[-106.58038056966187,31.845794876423572],[-106.58036984134471,31.845790918220178],[-106.58035852225126,31.845788433605975],[-106.58034688828293,31.845787482506598],[-106.57962893671886,31.845782612022347],[-106.57970844804606,31.846052335759889],[-106.57945414871038,31.846053117955577],[-106.5793943515073,31.846054279790778],[-106.57945432894202,31.84619442756722],[-106.57951453624727,31.846338208097919],[-106.57958672664842,31.846503793185967],[-106.57965283905196,31.846658275050075],[-106.57971901401991,31.846812900209667],[-106.5797892238985,31.846976954320379],[-106.5798523986973,31.847124274962589],[-106.57991826466251,31.847278472244234],[-106.57998484455041,31.847434042538833],[-106.5800554443147,31.847599005463156],[-106.58011701940229,31.847744052417557]]]},"properties":{"OBJECTID":15158,"Join_Count":1,"TARGET_FID":29509,"PlaceType":"Regional Corridor","SB840":"Y","TRACTCE":"001204","BLKGRPCE":"2","GEOID":"481410012042","INTPTLAT":"+31.8458468","INTPTLON":"-106.5767853","GrowthArea":"Y","LotArea":207326,"ZONELABEL":"A-2","Shape_Length":2098.8544059542228,"Shape_Area":207326.24743457817}},{"type":"Feature","id":15159,"geometry":{"type":"Polygon","coordinates":[[[-106.5797626405981,31.847693289978341],[-106.57982030327554,31.847835929662303],[-106.58011701940229,31.847744052417557],[-106.5800554443147,31.847599005463156],[-106.5797626405981,31.847693289978341]]]},"properties":{"OBJECTID":15159,"Join_Count":1,"TARGET_FID":29510,"PlaceType":"Regional Corridor","SB840":"Y","TRACTCE":"001204","BLKGRPCE":"2","GEOID":"481410012042","INTPTLAT":"+31.8458468","INTPTLON":"-106.5767853","GrowthArea":"Y","LotArea":5417,"ZONELABEL":"A-2","Shape_Length":306.20714720843063,"Shape_Area":5416.5358405024735}},{"type":"Feature","id":15171,"geometry":{"type":"Polygon","coordinates":[[[-106.57982030327554,31.847835929662303],[-106.57989410440646,31.848010923460066],[-106.58018771600892,31.847908068508829],[-106.58014860934577,31.84781734219931],[-106.58011701940229,31.847744052417557],[-106.57982030327554,31.847835929662303]]]},"properties":{"OBJECTID":15171,"Join_Count":1,"TARGET_FID":29539,"PlaceType":"Regional Corridor","SB840":"Y","TRACTCE":"001204","BLKGRPCE":"2","GEOID":"481410012042","INTPTLAT":"+31.8458468","INTPTLON":"-106.5767853","GrowthArea":"Y","LotArea":6447,"ZONELABEL":"A-2","Shape_Length":327.80324672740295,"Shape_Area":6446.5063467607852}},{"type":"Feature","id":15174,"geometry":{"type":"Polygon","coordinates":[[[-106.58144777520367,31.847950369638184],[-106.5814522797952,31.847959892557743],[-106.58145850837312,31.847968678765206],[-106.58146630217112,31.847976502835113],[-106.58147546065538,31.847983163928539],[-106.58148574815041,31.847988489991437],[-106.58149689958783,31.847992344704874],[-106.58150863011907,31.847994628830243],[-106.58152063746245,31.847995283710034],[-106.58153261257056,31.8479942925619],[-106.58154424918381,31.847991680924125],[-106.58216995246156,31.847803957946322],[-106.58154584132491,31.846217356503374],[-106.58096729288522,31.846383173232468],[-106.58085001173099,31.846416785989117],[-106.58144777520367,31.847950369638184]]]},"properties":{"OBJECTID":15174,"Join_Count":3,"TARGET_FID":29555,"PlaceType":"Regional Corridor","SB840":"Y","TRACTCE":"001204","BLKGRPCE":"2","GEOID":"481410012042","INTPTLAT":"+31.8458468","INTPTLON":"-106.5767853","GrowthArea":"Y","LotArea":139533,"ZONELABEL":"C-1","Shape_Length":1668.0650130198703,"Shape_Area":139532.5971225102}},{"type":"Feature","id":15179,"geometry":{"type":"Polygon","coordinates":[[[-106.57989410440646,31.848010923460066],[-106.57995123686177,31.848148542836444],[-106.58012227538923,31.848096734861027],[-106.58025143124749,31.848056554446647],[-106.58018771600892,31.847908068508829],[-106.57989410440646,31.848010923460066]]]},"properties":{"OBJECTID":15179,"Join_Count":1,"TARGET_FID":29563,"PlaceType":"Regional Corridor","SB840":"Y","TRACTCE":"001204","BLKGRPCE":"2","GEOID":"481410012042","INTPTLAT":"+31.8458468","INTPTLON":"-106.5767853","GrowthArea":"Y","LotArea":5473,"ZONELABEL":"A-2","Shape_Length":308.23755581326964,"Shape_Area":5473.1437589645684}},{"type":"Feature","id":15184,"geometry":{"type":"Polygon","coordinates":[[[-106.58050179983675,31.847976420822842],[-106.58062043190785,31.848263984278063],[-106.5812152096137,31.848092144703148],[-106.58122719823676,31.848087727716646],[-106.58123814998535,31.848081658720812],[-106.58124775666357,31.848074110579969],[-106.58125574755613,31.848065295007114],[-106.58126189470227,31.848055462310757],[-106.58126602583869,31.8480448890313],[-106.5812680252169,31.848033874288234],[-106.58126783511975,31.848022730675048],[-106.58126546024627,31.84801177049939],[-106.58101853011804,31.847377443382065],[-106.58033498028404,31.847571846070167],[-106.58040450721352,31.847740464376482],[-106.58014860934577,31.84781734219931],[-106.58018771600892,31.847908068508829],[-106.58025143124749,31.848056554446647],[-106.5803075504472,31.848039696427769],[-106.58050179983675,31.847976420822842]]]},"properties":{"OBJECTID":15184,"Join_Count":1,"TARGET_FID":29569,"PlaceType":"Regional Corridor","SB840":"Y","TRACTCE":"001204","BLKGRPCE":"2","GEOID":"481410012042","INTPTLAT":"+31.8458468","INTPTLON":"-106.5767853","GrowthArea":"Y","LotArea":66542,"ZONELABEL":"A-2","Shape_Length":1134.2858757037145,"Shape_Area":66542.10163401824}},{"type":"Feature","id":15186,"geometry":{"type":"Polygon","coordinates":[[[-106.5803075504472,31.848039696427769],[-106.58043833420082,31.848316761675189],[-106.58062043190785,31.848263984278063],[-106.58050179983675,31.847976420822842],[-106.5803075504472,31.848039696427769]]]},"properties":{"OBJECTID":15186,"Join_Count":1,"TARGET_FID":29575,"PlaceType":"Regional Corridor","SB840":"Y","TRACTCE":"001204","BLKGRPCE":"2","GEOID":"481410012042","INTPTLAT":"+31.8458468","INTPTLON":"-106.5767853","GrowthArea":"Y","LotArea":6819,"ZONELABEL":"A-2","Shape_Length":343.85445896303509,"Shape_Area":6818.613975563625}},{"type":"Feature","id":15187,"geometry":{"type":"Polygon","coordinates":[[[-106.58012227538923,31.848096734861027],[-106.58025364524853,31.848374978012981],[-106.58043833420082,31.848316761675189],[-106.5803075504472,31.848039696427769],[-106.58025143124749,31.848056554446647],[-106.58012227538923,31.848096734861027]]]},"properties":{"OBJECTID":15187,"Join_Count":1,"TARGET_FID":29585,"PlaceType":"Regional Corridor","SB840":"Y","TRACTCE":"001204","BLKGRPCE":"2","GEOID":"481410012042","INTPTLAT":"+31.8458468","INTPTLON":"-106.5767853","GrowthArea":"Y","LotArea":6660,"ZONELABEL":"A-2","Shape_Length":340.09613823653552,"Shape_Area":6659.6662452689079}},{"type":"Feature","id":15188,"geometry":{"type":"Polygon","coordinates":[[[-106.58004372853533,31.848367834164339],[-106.58004822391423,31.848377042324287],[-106.58005434351119,31.848385541160752],[-106.58006193719207,31.848393123801312],[-106.58007082137512,31.848399605753823],[-106.58008077920893,31.848404827607759],[-106.58009156749459,31.848408663734492],[-106.58010292395164,31.84841102013263],[-106.58011457173379,31.848411838727216],[-106.58018470803412,31.848395056098195],[-106.58025364524853,31.848374978012981],[-106.58012227538923,31.848096734861027],[-106.57995123686177,31.848148542836444],[-106.58004372853533,31.848367834164339]]]},"properties":{"OBJECTID":15188,"Join_Count":1,"TARGET_FID":29587,"PlaceType":"Regional Corridor","SB840":"Y","TRACTCE":"001204","BLKGRPCE":"2","GEOID":"481410012042","INTPTLAT":"+31.8458468","INTPTLON":"-106.5767853","GrowthArea":"Y","LotArea":6222,"ZONELABEL":"A-2","Shape_Length":324.54690747938491,"Shape_Area":6222.4985455281867}},{"type":"Feature","id":15190,"geometry":{"type":"Polygon","coordinates":[[[-106.58175342037305,31.848090198197699],[-106.58194895436273,31.848593787679103],[-106.58239768933998,31.848458255466966],[-106.58220215424508,31.847954665679406],[-106.58175342037305,31.848090198197699]]]},"properties":{"OBJECTID":15190,"Join_Count":4,"TARGET_FID":29590,"PlaceType":"Regional Corridor","SB840":"Y","TRACTCE":"001204","BLKGRPCE":"2","GEOID":"481410012042","INTPTLAT":"+31.8458468","INTPTLON":"-106.5767853","GrowthArea":"Y","LotArea":28521,"ZONELABEL":"C-4","Shape_Length":681.61664564760895,"Shape_Area":28521.262536021568}},{"type":"Feature","id":15191,"geometry":{"type":"Polygon","coordinates":[[[-106.5804936957345,31.848471775270923],[-106.58060155253025,31.848743689872876],[-106.58078000629285,31.84869354496875],[-106.58067574878774,31.848416468076813],[-106.5804936957345,31.848471775270923]]]},"properties":{"OBJECTID":15191,"Join_Count":1,"TARGET_FID":29593,"PlaceType":"Regional Corridor","SB840":"Y","TRACTCE":"001204","BLKGRPCE":"2","GEOID":"481410012042","INTPTLAT":"+31.8458468","INTPTLON":"-106.5767853","GrowthArea":"Y","LotArea":6221,"ZONELABEL":"A-2","Shape_Length":328.64891606877597,"Shape_Area":6221.0374752780954}},{"type":"Feature","id":15193,"geometry":{"type":"Polygon","coordinates":[[[-106.58030689487252,31.848528056126366],[-106.58042165781109,31.848796911571092],[-106.58060155253025,31.848743689872876],[-106.5804936957345,31.848471775270923],[-106.58030689487252,31.848528056126366]]]},"properties":{"OBJECTID":15193,"Join_Count":1,"TARGET_FID":29597,"PlaceType":"Regional Corridor","SB840":"Y","TRACTCE":"001204","BLKGRPCE":"2","GEOID":"481410012042","INTPTLAT":"+31.8458468","INTPTLON":"-106.5767853","GrowthArea":"Y","LotArea":6289,"ZONELABEL":"A-2","Shape_Length":329.16661596140898,"Shape_Area":6288.5965268739055}},{"type":"Feature","id":15196,"geometry":{"type":"Polygon","coordinates":[[[-106.58014975529056,31.848628211754878],[-106.58019030817889,31.848741374635335],[-106.580233421009,31.848853846506781],[-106.58042165781109,31.848796911571092],[-106.58030689487252,31.848528056126366],[-106.5802026809537,31.848560559658711],[-106.58019104976231,31.848565022623188],[-106.58018040035704,31.848571008367525],[-106.58017100215547,31.848578365763288],[-106.58016309670815,31.848586906178607],[-106.58015688451873,31.848596412239718],[-106.58015252416695,31.848606640583071],[-106.58015012768649,31.848617332012982],[-106.58014975529056,31.848628211754878]]]},"properties":{"OBJECTID":15196,"Join_Count":1,"TARGET_FID":29605,"PlaceType":"Regional Corridor","SB840":"Y","TRACTCE":"001204","BLKGRPCE":"2","GEOID":"481410012042","INTPTLAT":"+31.8458468","INTPTLON":"-106.5767853","GrowthArea":"Y","LotArea":6120,"ZONELABEL":"A-2","Shape_Length":318.34134493227441,"Shape_Area":6119.5425990837211}},{"type":"Feature","id":15197,"geometry":{"type":"Polygon","coordinates":[[[-106.58028706587919,31.848983437677028],[-106.5808945388725,31.848981934481444],[-106.58088987549593,31.848970193498605],[-106.58078000629285,31.84869354496875],[-106.58060155253025,31.848743689872876],[-106.58042165781109,31.848796911571092],[-106.580233421009,31.848853846506781],[-106.58028706587919,31.848983437677028]]]},"properties":{"OBJECTID":15197,"Join_Count":1,"TARGET_FID":29608,"PlaceType":"Regional Corridor","SB840":"Y","TRACTCE":"001204","BLKGRPCE":"2","GEOID":"481410012042","INTPTLAT":"+31.8458468","INTPTLON":"-106.5767853","GrowthArea":"Y","LotArea":14472,"ZONELABEL":"A-2","Shape_Length":528.88416974552672,"Shape_Area":14471.54871772037}},{"type":"Feature","id":15200,"geometry":{"type":"Polygon","coordinates":[[[-106.5810297879399,31.848981598852571],[-106.58209850431875,31.848978947129346],[-106.58194895436273,31.848593787679103],[-106.58175342037305,31.848090198197699],[-106.58079523995328,31.848379594432735],[-106.58099799823178,31.8489000069229],[-106.58102444662423,31.848967887848438],[-106.5810297879399,31.848981598852571]]]},"properties":{"OBJECTID":15200,"Join_Count":5,"TARGET_FID":29612,"PlaceType":"Regional Corridor","SB840":"Y","TRACTCE":"001204","BLKGRPCE":"2","GEOID":"481410012042","INTPTLAT":"+31.8458468","INTPTLON":"-106.5767853","GrowthArea":"Y","LotArea":90114,"ZONELABEL":"C-1","Shape_Length":1218.8808645439196,"Shape_Area":90114.076299168533}},{"type":"Feature","id":15201,"geometry":{"type":"Polygon","coordinates":[[[-106.58209850431875,31.848978947129346],[-106.5821976049393,31.848978700483094],[-106.58212070012929,31.84879318369391],[-106.58248501323656,31.848683149799367],[-106.58239768933998,31.848458255466966],[-106.58194895436273,31.848593787679103],[-106.58209850431875,31.848978947129346]]]},"properties":{"OBJECTID":15201,"Join_Count":4,"TARGET_FID":29614,"PlaceType":"Regional Corridor","SB840":"Y","TRACTCE":"001204","BLKGRPCE":"2","GEOID":"481410012042","INTPTLAT":"+31.8458468","INTPTLON":"-106.5767853","GrowthArea":"Y","LotArea":14630,"ZONELABEL":"C-1","Shape_Length":603.97291010617857,"Shape_Area":14630.416620426686}},{"type":"Feature","id":15202,"geometry":{"type":"Polygon","coordinates":[[[-106.5821976049393,31.848978700483094],[-106.58254517079763,31.848977835338921],[-106.58255595307629,31.848969707676602],[-106.58256497622523,31.848960145145877],[-106.58257198423117,31.848949421986052],[-106.58257677397047,31.848937844222107],[-106.58257920956189,31.8489257426527],[-106.58257780773393,31.848922133612987],[-106.58257638423551,31.848918468707073],[-106.58257494652317,31.848914764739408],[-106.58257350129512,31.848911043066895],[-106.58248501323656,31.848683149799367],[-106.58212070012929,31.84879318369391],[-106.5821976049393,31.848978700483094]]]},"properties":{"OBJECTID":15202,"Join_Count":2,"TARGET_FID":29620,"PlaceType":"Regional Corridor","SB840":"Y","TRACTCE":"001204","BLKGRPCE":"2","GEOID":"481410012042","INTPTLAT":"+31.8458468","INTPTLON":"-106.5767853","GrowthArea":"Y","LotArea":10860,"ZONELABEL":"C-1","Shape_Length":414.82406708502089,"Shape_Area":10859.516625228938}},{"type":"Feature","id":15203,"geometry":{"type":"Polygon","coordinates":[[[-106.5809214859416,31.849049787879057],[-106.58105622516374,31.849049454112563],[-106.5810297879399,31.848981598852571],[-106.58102444662423,31.848967887848438],[-106.58099799823178,31.8489000069229],[-106.58079523995328,31.848379594432735],[-106.58067574878774,31.848416468076813],[-106.58078000629285,31.84869354496875],[-106.58088987549593,31.848970193498605],[-106.5808945388725,31.848981934481444],[-106.5809214859416,31.849049787879057]]]},"properties":{"OBJECTID":15203,"Join_Count":2,"TARGET_FID":29621,"PlaceType":"Regional Corridor","SB840":"Y","TRACTCE":"001204","BLKGRPCE":"2","GEOID":"481410012042","INTPTLAT":"+31.8458468","INTPTLON":"-106.5767853","GrowthArea":"Y","LotArea":10005,"ZONELABEL":"C-4","Shape_Length":580.81462084484212,"Shape_Area":10005.251331932219}},{"type":"Feature","id":15211,"geometry":{"type":"Polygon","coordinates":[[[-106.58206933293445,31.849611149321575],[-106.58223587434827,31.849565731119583],[-106.58237836263521,31.849526363002639],[-106.58274417065184,31.849415899084878],[-106.58269082906148,31.849283449804918],[-106.58264841253019,31.849178687165146],[-106.58264387840498,31.849169393326228],[-106.58263769136309,31.849160822866292],[-106.58263000500723,31.84915318700439],[-106.58262100867491,31.849146677178776],[-106.58261092561216,31.84914145339193],[-106.58260000775827,31.84913764536417],[-106.58258852490046,31.849135348537967],[-106.58257676121245,31.849134619727685],[-106.58221700264993,31.849129023719851],[-106.58205237108814,31.849126300563309],[-106.58188278512607,31.849130311346453],[-106.58206933293445,31.849611149321575]]]},"properties":{"OBJECTID":15211,"Join_Count":1,"TARGET_FID":29642,"PlaceType":"Regional Corridor","SB840":"Y","TRACTCE":"001204","BLKGRPCE":"2","GEOID":"481410012042","INTPTLAT":"+31.8458468","INTPTLON":"-106.5767853","GrowthArea":"Y","LotArea":32551,"ZONELABEL":"C-3","Shape_Length":741.66474283226546,"Shape_Area":32551.166462294332}},{"type":"Feature","id":15218,"geometry":{"type":"Polygon","coordinates":[[[-106.58171597038717,31.849133032710863],[-106.58192315174747,31.849656164565154],[-106.58206933293445,31.849611149321575],[-106.58188278512607,31.849130311346453],[-106.58171597038717,31.849133032710863]]]},"properties":{"OBJECTID":15218,"Join_Count":2,"TARGET_FID":29657,"PlaceType":"Regional Corridor","SB840":"Y","TRACTCE":"001204","BLKGRPCE":"2","GEOID":"481410012042","INTPTLAT":"+31.8458468","INTPTLON":"-106.5767853","GrowthArea":"Y","LotArea":9405,"ZONELABEL":"C-3","Shape_Length":485.21947249044467,"Shape_Area":9405.1682331697593}},{"type":"Feature","id":15223,"geometry":{"type":"Polygon","coordinates":[[[-106.54088292519866,31.851702565117709],[-106.54091209331426,31.851774972149308],[-106.54097508289469,31.851762264228146],[-106.54094366819385,31.851684280140123],[-106.54088292519866,31.851702565117709]]]},"properties":{"OBJECTID":15223,"Join_Count":2,"TARGET_FID":29668,"PlaceType":"Neighborhood Center","SB840":"Y","TRACTCE":" ","BLKGRPCE":" ","GEOID":" ","INTPTLAT":" ","INTPTLON":" ","GrowthArea":"Y","LotArea":579,"ZONELABEL":"C-1","Shape_Length":97.952391039807438,"Shape_Area":578.5265176415071}},{"type":"Feature","id":15226,"geometry":{"type":"Polygon","coordinates":[[[-106.58210644412897,31.849828323668127],[-106.58215666531628,31.849949268856751],[-106.5825251569803,31.849840253971216],[-106.58287610579995,31.849743466809812],[-106.58274417065184,31.849415899084878],[-106.58237836263521,31.849526363002639],[-106.58223587434827,31.849565731119583],[-106.58206933293445,31.849611149321575],[-106.58192315174747,31.849656164565154],[-106.58187048637114,31.849671647981264],[-106.58195652311581,31.84987575313496],[-106.58210644412897,31.849828323668127]]]},"properties":{"OBJECTID":15226,"Join_Count":3,"TARGET_FID":29675,"PlaceType":"Regional Corridor","SB840":"Y","TRACTCE":"001204","BLKGRPCE":"2","GEOID":"481410012042","INTPTLAT":"+31.8458468","INTPTLON":"-106.5767853","GrowthArea":"Y","LotArea":33249,"ZONELABEL":"C-3","Shape_Length":823.71077245255788,"Shape_Area":33248.840201612082}},{"type":"Feature","id":15227,"geometry":{"type":"Polygon","coordinates":[[[-106.58174546647122,31.849709657739659],[-106.58185729736165,31.850005147624451],[-106.58198861041373,31.849964029254004],[-106.58195652311581,31.84987575313496],[-106.58187048637114,31.849671647981264],[-106.58176940432055,31.849701023399152],[-106.58174546647122,31.849709657739659]]]},"properties":{"OBJECTID":15227,"Join_Count":2,"TARGET_FID":29678,"PlaceType":"Regional Corridor","SB840":"Y","TRACTCE":"001204","BLKGRPCE":"2","GEOID":"481410012042","INTPTLAT":"+31.8458468","INTPTLON":"-106.5767853","GrowthArea":"Y","LotArea":4838,"ZONELABEL":"R-4","Shape_Length":310.15992766644268,"Shape_Area":4838.1340332573154}},{"type":"Feature","id":15229,"geometry":{"type":"Polygon","coordinates":[[[-106.54091209331426,31.851774972149308],[-106.54099596650066,31.851983177524637],[-106.54147505313937,31.851851083972559],[-106.54144353486228,31.851754046235424],[-106.54140740261104,31.851658186855172],[-106.54136671770273,31.85156366639432],[-106.5412438805063,31.851597534488615],[-106.5411005812047,31.851637046148387],[-106.54099094062428,31.851670049915171],[-106.54094366819385,31.851684280140123],[-106.54097508289469,31.851762264228146],[-106.54091209331426,31.851774972149308]]]},"properties":{"OBJECTID":15229,"Join_Count":2,"TARGET_FID":29680,"PlaceType":"Neighborhood Center","SB840":"Y","TRACTCE":" ","BLKGRPCE":" ","GEOID":" ","INTPTLAT":" ","INTPTLON":" ","GrowthArea":"Y","LotArea":16754,"ZONELABEL":"C-1","Shape_Length":534.93008553558843,"Shape_Area":16753.737935660782}},{"type":"Feature","id":15231,"geometry":{"type":"Polygon","coordinates":[[[-106.5825251569803,31.849840253971216],[-106.5826038512229,31.850038385571661],[-106.58294662876871,31.849939716047796],[-106.58287610579995,31.849743466809812],[-106.5825251569803,31.849840253971216]]]},"properties":{"OBJECTID":15231,"Join_Count":1,"TARGET_FID":29688,"PlaceType":"Regional Corridor","SB840":"Y","TRACTCE":"001204","BLKGRPCE":"2","GEOID":"481410012042","INTPTLAT":"+31.8458468","INTPTLON":"-106.5767853","GrowthArea":"Y","LotArea":8550,"ZONELABEL":"C-3","Shape_Length":377.63481984364688,"Shape_Area":8550.1040438176969}},{"type":"Feature","id":15237,"geometry":{"type":"Polygon","coordinates":[[[-106.5826038512229,31.850038385571661],[-106.58265543630074,31.850171009503725],[-106.58300154724212,31.850071079662516],[-106.58294662876871,31.849939716047796],[-106.5826038512229,31.850038385571661]]]},"properties":{"OBJECTID":15237,"Join_Count":1,"TARGET_FID":29703,"PlaceType":"Regional Corridor","SB840":"Y","TRACTCE":"001204","BLKGRPCE":"2","GEOID":"481410012042","INTPTLAT":"+31.8458468","INTPTLON":"-106.5767853","GrowthArea":"Y","LotArea":5733,"ZONELABEL":"C-3","Shape_Length":327.35988721604622,"Shape_Area":5733.1278391997321}},{"type":"Feature","id":15242,"geometry":{"type":"Polygon","coordinates":[[[-106.58215666531628,31.849949268856751],[-106.5822873105847,31.850277163614557],[-106.58265543630074,31.850171009503725],[-106.5826038512229,31.850038385571661],[-106.5825251569803,31.849840253971216],[-106.58215666531628,31.849949268856751]]]},"properties":{"OBJECTID":15242,"Join_Count":2,"TARGET_FID":29711,"PlaceType":"Regional Corridor","SB840":"Y","TRACTCE":"001204","BLKGRPCE":"2","GEOID":"481410012042","INTPTLAT":"+31.8458468","INTPTLON":"-106.5767853","GrowthArea":"Y","LotArea":15299,"ZONELABEL":"C-3","Shape_Length":494.69555884457424,"Shape_Area":15299.345422092354}},{"type":"Feature","id":15245,"geometry":{"type":"Polygon","coordinates":[[[-106.54111152540676,31.852270037739242],[-106.54146916248838,31.852259212665434],[-106.54147953681183,31.852257083988498],[-106.54148937898547,31.852253567091225],[-106.54149843684633,31.852248754387556],[-106.54150647711448,31.852242768101782],[-106.5415132939507,31.852235761667],[-106.54151871188562,31.852227915972197],[-106.54152259173669,31.852219432757611],[-106.5415258514607,31.852144967405351],[-106.54152269375447,31.852070498245055],[-106.54151313442793,31.851996428278312],[-106.54149722515892,31.851923158795298],[-106.54147505313937,31.851851083972559],[-106.54099596650066,31.851983177524637],[-106.54111152540676,31.852270037739242]]]},"properties":{"OBJECTID":15245,"Join_Count":1,"TARGET_FID":29715,"PlaceType":"Neighborhood Center","SB840":"Y","TRACTCE":" ","BLKGRPCE":" ","GEOID":" ","INTPTLAT":" ","INTPTLON":" ","GrowthArea":"Y","LotArea":18666,"ZONELABEL":"C-1","Shape_Length":536.53853952380814,"Shape_Area":18666.163629699342}},{"type":"Feature","id":15247,"geometry":{"type":"Polygon","coordinates":[[[-106.58198861041373,31.849964029254004],[-106.58212509954488,31.850323966434882],[-106.5822873105847,31.850277163614557],[-106.58215666531628,31.849949268856751],[-106.58210644412897,31.849828323668127],[-106.58195652311581,31.84987575313496],[-106.58198861041373,31.849964029254004]]]},"properties":{"OBJECTID":15247,"Join_Count":4,"TARGET_FID":29717,"PlaceType":"Regional Corridor","SB840":"Y","TRACTCE":"001204","BLKGRPCE":"2","GEOID":"481410012042","INTPTLAT":"+31.8458468","INTPTLON":"-106.5767853","GrowthArea":"Y","LotArea":8903,"ZONELABEL":"C-3","Shape_Length":446.74503779783538,"Shape_Area":8903.1343452851615}},{"type":"Feature","id":15248,"geometry":{"type":"Polygon","coordinates":[[[-106.58185729736165,31.850005147624451],[-106.58199036929796,31.850362840800223],[-106.58212509954488,31.850323966434882],[-106.58198861041373,31.849964029254004],[-106.58185729736165,31.850005147624451]]]},"properties":{"OBJECTID":15248,"Join_Count":3,"TARGET_FID":29719,"PlaceType":"Regional Corridor","SB840":"Y","TRACTCE":"001204","BLKGRPCE":"2","GEOID":"481410012042","INTPTLAT":"+31.8458468","INTPTLON":"-106.5767853","GrowthArea":"Y","LotArea":6001,"ZONELABEL":"R-4","Shape_Length":361.75127806565092,"Shape_Area":6000.6775983949228}},{"type":"Feature","id":15250,"geometry":{"type":"Polygon","coordinates":[[[-106.5815672585959,31.849759606001864],[-106.58182942596005,31.850409277084484],[-106.58199036929796,31.850362840800223],[-106.58185729736165,31.850005147624451],[-106.58174546647122,31.849709657739659],[-106.5816121824802,31.84974663592396],[-106.5815672585959,31.849759606001864]]]},"properties":{"OBJECTID":15250,"Join_Count":2,"TARGET_FID":29725,"PlaceType":"Regional Corridor","SB840":"Y","TRACTCE":"001204","BLKGRPCE":"2","GEOID":"481410012042","INTPTLAT":"+31.8458468","INTPTLON":"-106.5767853","GrowthArea":"Y","LotArea":13901,"ZONELABEL":"R-4","Shape_Length":610.46245650235824,"Shape_Area":13901.008272258445}},{"type":"Feature","id":15255,"geometry":{"type":"Polygon","coordinates":[[[-106.53920617737994,31.852247270502989],[-106.53928162964955,31.852638610113299],[-106.54040802672328,31.852393912115687],[-106.5405280605974,31.852368157889735],[-106.54064864379538,31.852344346455091],[-106.54076211058259,31.85231659458297],[-106.54087737742472,31.852294907046605],[-106.54099399905843,31.852279368300568],[-106.54111152540676,31.852270037739242],[-106.54099596650066,31.851983177524637],[-106.54091209331426,31.851774972149308],[-106.54088292519866,31.851702565117709],[-106.54083196544805,31.851717905076285],[-106.54058523302319,31.851788373206471],[-106.54036226122318,31.851854884476744],[-106.54024774543137,31.851887880656619],[-106.54013713488456,31.851919751168985],[-106.54003557902661,31.851950415830505],[-106.53990328225584,31.851990362658025],[-106.53980295124894,31.852027004286601],[-106.53966971213265,31.852075663419367],[-106.53941903517006,31.852168032421289],[-106.53930095624905,31.852211987855139],[-106.53920617737994,31.852247270502989]]]},"properties":{"OBJECTID":15255,"Join_Count":3,"TARGET_FID":29736,"PlaceType":"Neighborhood Center","SB840":"Y","TRACTCE":" ","BLKGRPCE":" ","GEOID":" ","INTPTLAT":" ","INTPTLON":" ","GrowthArea":"Y","LotArea":103262,"ZONELABEL":"C-1","Shape_Length":1504.4411430813395,"Shape_Area":103261.96667784608}},{"type":"Feature","id":15260,"geometry":{"type":"Polygon","coordinates":[[[-106.53895793543131,31.852470280273906],[-106.53889011771577,31.852723659910353],[-106.53928162964955,31.852638610113299],[-106.53920617737994,31.852247270502989],[-106.53910080616693,31.852288548851391],[-106.53896792814741,31.85234060250896],[-106.53895793543131,31.852470280273906]]]},"properties":{"OBJECTID":15260,"Join_Count":3,"TARGET_FID":29743,"PlaceType":"Neighborhood Center","SB840":"Y","TRACTCE":" ","BLKGRPCE":" ","GEOID":" ","INTPTLAT":" ","INTPTLON":" ","GrowthArea":"Y","LotArea":13407,"ZONELABEL":"C-1","Shape_Length":492.95068885987416,"Shape_Area":13406.636534653293}},{"type":"Feature","id":15272,"geometry":{"type":"Polygon","coordinates":[[[-106.54088392075066,31.853011540080963],[-106.54161465734821,31.852977474065465],[-106.54161600211634,31.852873671994171],[-106.54161236940735,31.852769910358134],[-106.54160376428266,31.852666363244552],[-106.54159020118034,31.852563202486653],[-106.54158733862316,31.8525527094789],[-106.54158259300935,31.852542727180811],[-106.5415760807677,31.852533498435474],[-106.54156796169194,31.852525249566103],[-106.54155843313535,31.852518182523589],[-106.54154773088911,31.852512472134499],[-106.5415361158154,31.852508255899945],[-106.54152387197337,31.852505637697789],[-106.54142838496755,31.852506375528385],[-106.54085505535782,31.852560440782625],[-106.54088392075066,31.853011540080963]]]},"properties":{"OBJECTID":15272,"Join_Count":1,"TARGET_FID":29772,"PlaceType":"Neighborhood Center","SB840":"Y","TRACTCE":" ","BLKGRPCE":" ","GEOID":" ","INTPTLAT":" ","INTPTLON":" ","GrowthArea":"Y","LotArea":38903,"ZONELABEL":"C-1","Shape_Length":782.75622269187716,"Shape_Area":38902.885936658728}},{"type":"Feature","id":15296,"geometry":{"type":"Polygon","coordinates":[[[-106.54063128602019,31.853358292495773],[-106.54070513856072,31.854512495064718],[-106.54074541838213,31.854509584679338],[-106.54099823466024,31.854491316496073],[-106.54125105195499,31.854473048672357],[-106.54163154739496,31.854445553408119],[-106.54161465734821,31.852977474065465],[-106.54088392075066,31.853011540080963],[-106.54085505535782,31.852560440782625],[-106.5406665855114,31.852598888154489],[-106.54071491565185,31.853354216754585],[-106.54063128602019,31.853358292495773]]]},"properties":{"OBJECTID":15296,"Join_Count":2,"TARGET_FID":29857,"PlaceType":"Neighborhood Center","SB840":"Y","TRACTCE":" ","BLKGRPCE":" ","GEOID":" ","INTPTLAT":" ","INTPTLON":" ","GrowthArea":"Y","LotArea":167826,"ZONELABEL":"P-R 2","Shape_Length":1996.2492350194325,"Shape_Area":167826.01051610295}},{"type":"Feature","id":15298,"geometry":{"type":"Polygon","coordinates":[[[-106.58141639898146,31.851877018093177],[-106.58168846495143,31.852571685762555],[-106.58233339335102,31.852387550255941],[-106.58206445738615,31.851685264276231],[-106.58141639898146,31.851877018093177]]]},"properties":{"OBJECTID":15298,"Join_Count":3,"TARGET_FID":29860,"PlaceType":"Regional Corridor","SB840":"Y","TRACTCE":" ","BLKGRPCE":" ","GEOID":" ","INTPTLAT":" ","INTPTLON":" ","GrowthArea":"Y","LotArea":56751,"ZONELABEL":"C-4","Shape_Length":959.38529442780214,"Shape_Area":56751.272693107603}},{"type":"Feature","id":15299,"geometry":{"type":"Polygon","coordinates":[[[-106.53969831502576,31.854577459981286],[-106.53970291478568,31.85458490753199],[-106.54023978442019,31.854546118724109],[-106.54049260089288,31.854527851521944],[-106.54070513856072,31.854512495064718],[-106.54063128602019,31.853358292495773],[-106.54071491565185,31.853354216754585],[-106.5406665855114,31.852598888154489],[-106.53908652492528,31.852935427482361],[-106.53898381014915,31.852959447049177],[-106.53882350852408,31.852988949978695],[-106.53878343601373,31.853152210884112],[-106.53873668759874,31.853314173124382],[-106.53868332120503,31.853474638827411],[-106.53862340214476,31.853633409768324],[-106.53855700452479,31.85379029272169],[-106.53911245970372,31.853708325892288],[-106.53958425682072,31.854429295085282],[-106.53968157512119,31.854578637321321],[-106.53969831502576,31.854577459981286]]]},"properties":{"OBJECTID":15299,"Join_Count":4,"TARGET_FID":29861,"PlaceType":"Neighborhood Center","SB840":"Y","TRACTCE":" ","BLKGRPCE":" ","GEOID":" ","INTPTLAT":" ","INTPTLON":" ","GrowthArea":"Y","LotArea":324950,"ZONELABEL":"P-R 2","Shape_Length":2472.9786685930949,"Shape_Area":324949.6090761922}},{"type":"Feature","id":15304,"geometry":{"type":"Polygon","coordinates":[[[-106.57927206311413,31.852324155572795],[-106.57950380689191,31.852876780701141],[-106.579810342862,31.852785996658827],[-106.57959350905972,31.852231324312925],[-106.57927206311413,31.852324155572795]]]},"properties":{"OBJECTID":15304,"Join_Count":3,"TARGET_FID":29875,"PlaceType":"Urban Neighborhood","SB840":"Y","TRACTCE":" ","BLKGRPCE":" ","GEOID":" ","INTPTLAT":" ","INTPTLON":" ","GrowthArea":"Y","LotArea":21963,"ZONELABEL":"A-2","Shape_Length":632.36911536140826,"Shape_Area":21963.030701079111}},{"type":"Feature","id":15306,"geometry":{"type":"Polygon","coordinates":[[[-106.58337814834523,31.852460895231175],[-106.58347645670305,31.852727061409439],[-106.58399670917942,31.852580656543761],[-106.58389234502309,31.852312946869375],[-106.58337814834523,31.852460895231175]]]},"properties":{"OBJECTID":15306,"Join_Count":1,"TARGET_FID":29882,"PlaceType":"Regional Corridor","SB840":"Y","TRACTCE":" ","BLKGRPCE":" ","GEOID":" ","INTPTLAT":" ","INTPTLON":" ","GrowthArea":"Y","LotArea":17281,"ZONELABEL":"C-3","Shape_Length":542.75300160485756,"Shape_Area":17280.742434422107}},{"type":"Feature","id":15307,"geometry":{"type":"Polygon","coordinates":[[[-106.57910751702346,31.852372436645904],[-106.5793296457648,31.852928889792082],[-106.57950380689191,31.852876780701141],[-106.57927206311413,31.852324155572795],[-106.57910751702346,31.852372436645904]]]},"properties":{"OBJECTID":15307,"Join_Count":2,"TARGET_FID":29883,"PlaceType":"Urban Neighborhood","SB840":"Y","TRACTCE":" ","BLKGRPCE":" ","GEOID":" ","INTPTLAT":" ","INTPTLON":" ","GrowthArea":"Y","LotArea":11895,"ZONELABEL":"A-2","Shape_Length":538.72157190362122,"Shape_Area":11895.150581169522}},{"type":"Feature","id":15312,"geometry":{"type":"Polygon","coordinates":[[[-106.57894230286952,31.852418883390261],[-106.57915833947067,31.852978633311032],[-106.5793296457648,31.852928889792082],[-106.57910751702346,31.852372436645904],[-106.57894230286952,31.852418883390261]]]},"properties":{"OBJECTID":15312,"Join_Count":3,"TARGET_FID":29888,"PlaceType":"Urban Neighborhood","SB840":"Y","TRACTCE":" ","BLKGRPCE":" ","GEOID":" ","INTPTLAT":" ","INTPTLON":" ","GrowthArea":"Y","LotArea":11798,"ZONELABEL":"A-2","Shape_Length":538.45282116365092,"Shape_Area":11797.865246986192}},{"type":"Feature","id":15313,"geometry":{"type":"Polygon","coordinates":[[[-106.58168846495143,31.852571685762555],[-106.58180087870038,31.852858705530455],[-106.58244495285476,31.852674812908905],[-106.58233339335102,31.852387550255941],[-106.58168846495143,31.852571685762555]]]},"properties":{"OBJECTID":15313,"Join_Count":2,"TARGET_FID":29889,"PlaceType":"Regional Corridor","SB840":"Y","TRACTCE":" ","BLKGRPCE":" ","GEOID":" ","INTPTLAT":" ","INTPTLON":" ","GrowthArea":"Y","LotArea":23232,"ZONELABEL":"C-4","Shape_Length":642.23480061865507,"Shape_Area":23232.441526016672}},{"type":"Feature","id":15314,"geometry":{"type":"Polygon","coordinates":[[[-106.58316057216857,31.852648474851403],[-106.58321861178078,31.852799649038374],[-106.58347645670305,31.852727061409439],[-106.58337814834523,31.852460895231175],[-106.58389234502309,31.852312946869375],[-106.58375578742546,31.851982100109399],[-106.58365632317637,31.851734398290102],[-106.58345152118864,31.851216066747828],[-106.58331329657817,31.850861334766627],[-106.5832851681392,31.850793333477963],[-106.58284668493587,31.850913300376003],[-106.58265608307362,31.850409113304956],[-106.5819380756184,31.850616927986028],[-106.58202883234163,31.850872391610576],[-106.58214289994254,31.851188931252853],[-106.5819060549579,31.851253564167134],[-106.58206445738615,31.851685264276231],[-106.58233339335102,31.852387550255941],[-106.58244495285476,31.852674812908905],[-106.58245148688906,31.852691634385284],[-106.58245168839218,31.852692154935045],[-106.58310225958728,31.852508236132682],[-106.58312608482545,31.852567908061992],[-106.58316057216857,31.852648474851403]]]},"properties":{"OBJECTID":15314,"Join_Count":7,"TARGET_FID":29892,"PlaceType":"Regional Corridor","SB840":"Y","TRACTCE":" ","BLKGRPCE":" ","GEOID":" ","INTPTLAT":" ","INTPTLON":" ","GrowthArea":"Y","LotArea":321504,"ZONELABEL":"C-4","Shape_Length":2679.2615657939091,"Shape_Area":321504.22400467977}},{"type":"Feature","id":15315,"geometry":{"type":"Polygon","coordinates":[[[-106.58180087870038,31.852858705530455],[-106.58180709398626,31.852874577634964],[-106.58243104984544,31.852697437017977],[-106.58245148688906,31.852691634385284],[-106.58244495285476,31.852674812908905],[-106.58180087870038,31.852858705530455]]]},"properties":{"OBJECTID":15315,"Join_Count":2,"TARGET_FID":29895,"PlaceType":"Regional Corridor","SB840":"Y","TRACTCE":" ","BLKGRPCE":" ","GEOID":" ","INTPTLAT":" ","INTPTLON":" ","GrowthArea":"Y","LotArea":1322,"ZONELABEL":"C-4","Shape_Length":434.28486972190723,"Shape_Area":1321.6882340389418}},{"type":"Feature","id":15316,"geometry":{"type":"Polygon","coordinates":[[[-106.57852042633348,31.85253747924455],[-106.57872871315425,31.853103241519243],[-106.57915833947067,31.852978633311032],[-106.57894230286952,31.852418883390261],[-106.57852042633348,31.85253747924455]]]},"properties":{"OBJECTID":15316,"Join_Count":3,"TARGET_FID":29896,"PlaceType":"Urban Neighborhood","SB840":"Y","TRACTCE":" ","BLKGRPCE":" ","GEOID":" ","INTPTLAT":" ","INTPTLON":" ","GrowthArea":"Y","LotArea":29979,"ZONELABEL":"A-2","Shape_Length":708.94859303066642,"Shape_Area":29978.756587608834}},{"type":"Feature","id":15318,"geometry":{"type":"Polygon","coordinates":[[[-106.58251241917574,31.852848534038877],[-106.58256498002807,31.85298386787354],[-106.58286830038477,31.852898455404198],[-106.58321861178078,31.852799649038374],[-106.58316057216857,31.852648474851403],[-106.58312608482545,31.852567908061992],[-106.58310225958728,31.852508236132682],[-106.58245168839218,31.852692154935045],[-106.58245914020061,31.852711341389949],[-106.58247492730187,31.852751992402201],[-106.58248897977019,31.85278817598045],[-106.58250690049775,31.852834322163751],[-106.58251241917574,31.852848534038877]]]},"properties":{"OBJECTID":15318,"Join_Count":2,"TARGET_FID":29903,"PlaceType":"Regional Corridor","SB840":"Y","TRACTCE":" ","BLKGRPCE":" ","GEOID":" ","INTPTLAT":" ","INTPTLON":" ","GrowthArea":"Y","LotArea":23897,"ZONELABEL":"C-3","Shape_Length":650.34832833114092,"Shape_Area":23897.408606618978}},{"type":"Feature","id":15325,"geometry":{"type":"Polygon","coordinates":[[[-106.57818016526927,31.85263306917069],[-106.57817727858961,31.853259789174494],[-106.57872871315425,31.853103241519243],[-106.57852042633348,31.85253747924455],[-106.57818016526927,31.85263306917069]]]},"properties":{"OBJECTID":15325,"Join_Count":3,"TARGET_FID":29916,"PlaceType":"Urban Neighborhood","SB840":"Y","TRACTCE":" ","BLKGRPCE":" ","GEOID":" ","INTPTLAT":" ","INTPTLON":" ","GrowthArea":"Y","LotArea":31491,"ZONELABEL":"A-2","Shape_Length":735.41332517048795,"Shape_Area":31490.849712324467}},{"type":"Feature","id":15330,"geometry":{"type":"Polygon","coordinates":[[[-106.58180709398626,31.852874577634964],[-106.5818671526029,31.85301895312417],[-106.58192206855043,31.853164811988137],[-106.58227515226723,31.85306553918883],[-106.58247581635987,31.853009006978549],[-106.58256498002807,31.85298386787354],[-106.58251241917574,31.852848534038877],[-106.58250690049775,31.852834322163751],[-106.58248897977019,31.85278817598045],[-106.58247492730187,31.852751992402201],[-106.58245914020061,31.852711341389949],[-106.58245168839218,31.852692154935045],[-106.58245148688906,31.852691634385284],[-106.58243104984544,31.852697437017977],[-106.58180709398626,31.852874577634964]]]},"properties":{"OBJECTID":15330,"Join_Count":2,"TARGET_FID":29924,"PlaceType":"Regional Corridor","SB840":"Y","TRACTCE":" ","BLKGRPCE":" ","GEOID":" ","INTPTLAT":" ","INTPTLON":" ","GrowthArea":"Y","LotArea":23479,"ZONELABEL":"C-4","Shape_Length":644.53788490946351,"Shape_Area":23479.241728877696}},{"type":"Feature","id":15332,"geometry":{"type":"Polygon","coordinates":[[[-106.58247581635987,31.853009006978549],[-106.58254561889375,31.853176484523836],[-106.58283294387228,31.85309399244596],[-106.58293313989422,31.853067887234722],[-106.58286830038477,31.852898455404198],[-106.58256498002807,31.85298386787354],[-106.58247581635987,31.853009006978549]]]},"properties":{"OBJECTID":15332,"Join_Count":4,"TARGET_FID":29927,"PlaceType":"Regional Corridor","SB840":"Y","TRACTCE":" ","BLKGRPCE":" ","GEOID":" ","INTPTLAT":" ","INTPTLON":" ","GrowthArea":"Y","LotArea":8212,"ZONELABEL":"C-3","Shape_Length":384.50025128970594,"Shape_Area":8211.7838981649693}},{"type":"Feature","id":15333,"geometry":{"type":"Polygon","coordinates":[[[-106.58227515226723,31.85306553918883],[-106.58233803488339,31.853234212493923],[-106.58254561889375,31.853176484523836],[-106.58247581635987,31.853009006978549],[-106.58227515226723,31.85306553918883]]]},"properties":{"OBJECTID":15333,"Join_Count":3,"TARGET_FID":29930,"PlaceType":"Regional Corridor","SB840":"Y","TRACTCE":" ","BLKGRPCE":" ","GEOID":" ","INTPTLAT":" ","INTPTLON":" ","GrowthArea":"Y","LotArea":4304,"ZONELABEL":"C-3","Shape_Length":262.46541289620058,"Shape_Area":4303.5654013914937}},{"type":"Feature","id":15334,"geometry":{"type":"Polygon","coordinates":[[[-106.58341971572551,31.852930111697695],[-106.58351761576326,31.853194312027259],[-106.58416696025525,31.853015984880859],[-106.58399670917942,31.852580656543761],[-106.58347645670305,31.852727061409439],[-106.58321861178078,31.852799649038374],[-106.58328150182545,31.85296738402382],[-106.58341971572551,31.852930111697695]]]},"properties":{"OBJECTID":15334,"Join_Count":3,"TARGET_FID":29935,"PlaceType":"Regional Corridor","SB840":"Y","TRACTCE":" ","BLKGRPCE":" ","GEOID":" ","INTPTLAT":" ","INTPTLON":" ","GrowthArea":"Y","LotArea":37886,"ZONELABEL":"C-3","Shape_Length":843.04781091730297,"Shape_Area":37885.853860657284}},{"type":"Feature","id":15336,"geometry":{"type":"Polygon","coordinates":[[[-106.58317130341078,31.852998680247264],[-106.58326951049409,31.853263711450705],[-106.58351761576326,31.853194312027259],[-106.58341971572551,31.852930111697695],[-106.58328150182545,31.85296738402382],[-106.58317130341078,31.852998680247264]]]},"properties":{"OBJECTID":15336,"Join_Count":3,"TARGET_FID":29944,"PlaceType":"Regional Corridor","SB840":"Y","TRACTCE":" ","BLKGRPCE":" ","GEOID":" ","INTPTLAT":" ","INTPTLON":" ","GrowthArea":"Y","LotArea":8197,"ZONELABEL":"C-3","Shape_Length":364.06810577627255,"Shape_Area":8197.0510313058094}},{"type":"Feature","id":15337,"geometry":{"type":"Polygon","coordinates":[[[-106.58192206855043,31.853164811988137],[-106.58198192586963,31.853332165519745],[-106.58233803488339,31.853234212493923],[-106.58227515226723,31.85306553918883],[-106.58192206855043,31.853164811988137]]]},"properties":{"OBJECTID":15337,"Join_Count":3,"TARGET_FID":29947,"PlaceType":"Regional Corridor","SB840":"Y","TRACTCE":" ","BLKGRPCE":" ","GEOID":" ","INTPTLAT":" ","INTPTLON":" ","GrowthArea":"Y","LotArea":7413,"ZONELABEL":"C-3","Shape_Length":359.65271670890559,"Shape_Area":7413.3752633785462}},{"type":"Feature","id":15338,"geometry":{"type":"Polygon","coordinates":[[[-106.58184540281695,31.853188521603169],[-106.58190442142595,31.853352607629322],[-106.58198192586963,31.853332165519745],[-106.58192206855043,31.853164811988137],[-106.58184540281695,31.853188521603169]]]},"properties":{"OBJECTID":15338,"Join_Count":3,"TARGET_FID":29949,"PlaceType":"Regional Corridor","SB840":"Y","TRACTCE":" ","BLKGRPCE":" ","GEOID":" ","INTPTLAT":" ","INTPTLON":" ","GrowthArea":"Y","LotArea":1591,"ZONELABEL":"C-3","Shape_Length":176.60587937793002,"Shape_Area":1591.2169934050298}},{"type":"Feature","id":15343,"geometry":{"type":"Polygon","coordinates":[[[-106.58283294387228,31.85309399244596],[-106.58293338201358,31.853355249465679],[-106.58319396168045,31.853284967350586],[-106.58309085609794,31.853021527062474],[-106.58293313989422,31.853067887234722],[-106.58283294387228,31.85309399244596]]]},"properties":{"OBJECTID":15343,"Join_Count":3,"TARGET_FID":29956,"PlaceType":"Regional Corridor","SB840":"Y","TRACTCE":" ","BLKGRPCE":" ","GEOID":" ","INTPTLAT":" ","INTPTLON":" ","GrowthArea":"Y","LotArea":8473,"ZONELABEL":"C-3","Shape_Length":370.2501847283454,"Shape_Area":8473.3744757382228}},{"type":"Feature","id":15346,"geometry":{"type":"Polygon","coordinates":[[[-106.58190442142595,31.853352607629322],[-106.58195323834583,31.853480918640962],[-106.58202814349674,31.853460665394532],[-106.58198192586963,31.853332165519745],[-106.58190442142595,31.853352607629322]]]},"properties":{"OBJECTID":15346,"Join_Count":2,"TARGET_FID":29965,"PlaceType":"Regional Corridor","SB840":"Y","TRACTCE":" ","BLKGRPCE":" ","GEOID":" ","INTPTLAT":" ","INTPTLON":" ","GrowthArea":"Y","LotArea":1215,"ZONELABEL":"C-3","Shape_Length":147.56388286772551,"Shape_Area":1214.5315800981127}},{"type":"Feature","id":15355,"geometry":{"type":"Polygon","coordinates":[[[-106.58197707133606,31.853544410303698],[-106.58202005650533,31.853658926380216],[-106.58232049977944,31.85357487826192],[-106.58236857161073,31.853560638679184],[-106.58244051069056,31.853539329819984],[-106.58286308788981,31.8534377703836],[-106.58295538245063,31.853412473515625],[-106.58293338201358,31.853355249465679],[-106.58283294387228,31.85309399244596],[-106.58254561889375,31.853176484523836],[-106.58233803488339,31.853234212493923],[-106.58198192586963,31.853332165519745],[-106.58202814349674,31.853460665394532],[-106.58195323834583,31.853480918640962],[-106.58197707133606,31.853544410303698]]]},"properties":{"OBJECTID":15355,"Join_Count":5,"TARGET_FID":29990,"PlaceType":"Regional Corridor","SB840":"Y","TRACTCE":" ","BLKGRPCE":" ","GEOID":" ","INTPTLAT":" ","INTPTLON":" ","GrowthArea":"Y","LotArea":34531,"ZONELABEL":"C-2","Shape_Length":845.36027930253954,"Shape_Area":34530.510772394751}},{"type":"Feature","id":15356,"geometry":{"type":"Polygon","coordinates":[[[-106.58350464215314,31.853325130966351],[-106.58361625999439,31.853595317145416],[-106.58431692963839,31.853401996075018],[-106.58421004302414,31.853127849998909],[-106.58350464215314,31.853325130966351]]]},"properties":{"OBJECTID":15356,"Join_Count":1,"TARGET_FID":29992,"PlaceType":"Regional Corridor","SB840":"Y","TRACTCE":" ","BLKGRPCE":" ","GEOID":" ","INTPTLAT":" ","INTPTLON":" ","GrowthArea":"Y","LotArea":24024,"ZONELABEL":"C-4","Shape_Length":668.46772342959116,"Shape_Area":24024.048940343517}},{"type":"Feature","id":15360,"geometry":{"type":"Polygon","coordinates":[[[-106.57817727858961,31.853259789174494],[-106.57818052751661,31.853947792531219],[-106.57964534943923,31.853534667388168],[-106.57967586767077,31.853528330057276],[-106.57970716609037,31.853526094080891],[-106.5797384947079,31.853528012603633],[-106.57976909812474,31.853534040573649],[-106.57979824389808,31.853544031575183],[-106.57982523051801,31.853557746478419],[-106.57984941079391,31.85357485502707],[-106.57987020323388,31.853594947938205],[-106.57993082636541,31.853719250751269],[-106.57998688580039,31.853845103924456],[-106.58066640324121,31.85365366508514],[-106.58028926843852,31.852651607889062],[-106.58028590089265,31.852652505639398],[-106.58012599796257,31.85269512478763],[-106.579810342862,31.852785996658827],[-106.57950380689191,31.852876780701141],[-106.5793296457648,31.852928889792082],[-106.57915833947067,31.852978633311032],[-106.57872871315425,31.853103241519243],[-106.57817727858961,31.853259789174494]]]},"properties":{"OBJECTID":15360,"Join_Count":4,"TARGET_FID":30003,"PlaceType":"Urban Neighborhood","SB840":"Y","TRACTCE":" ","BLKGRPCE":" ","GEOID":" ","INTPTLAT":" ","INTPTLON":" ","GrowthArea":"Y","LotArea":207738,"ZONELABEL":"A-2","Shape_Length":2202.4994939007333,"Shape_Area":207738.24415759841}},{"type":"Feature","id":15362,"geometry":{"type":"Polygon","coordinates":[[[-106.58202005650533,31.853658926380216],[-106.58206938650761,31.853791968454964],[-106.58237296680315,31.853708063239111],[-106.58232049977944,31.85357487826192],[-106.58202005650533,31.853658926380216]]]},"properties":{"OBJECTID":15362,"Join_Count":2,"TARGET_FID":30006,"PlaceType":"Regional Corridor","SB840":"Y","TRACTCE":" ","BLKGRPCE":" ","GEOID":" ","INTPTLAT":" ","INTPTLON":" ","GrowthArea":"Y","LotArea":5024,"ZONELABEL":"C-3","Shape_Length":299.13633474662976,"Shape_Area":5023.9622817482468}},{"type":"Feature","id":15367,"geometry":{"type":"Polygon","coordinates":[[[-106.57573047785981,31.853579818333777],[-106.57580925845807,31.85412798796872],[-106.57635576496509,31.854066678665504],[-106.57626392634403,31.853470306338519],[-106.57573103423724,31.853572755180885],[-106.57573047785981,31.853579818333777]]]},"properties":{"OBJECTID":15367,"Join_Count":3,"TARGET_FID":30013,"PlaceType":"Regional Corridor","SB840":"Y","TRACTCE":" ","BLKGRPCE":" ","GEOID":" ","INTPTLAT":" ","INTPTLON":" ","GrowthArea":"Y","LotArea":35938,"ZONELABEL":"C-3","Shape_Length":763.07202822885233,"Shape_Area":35938.09530596884}},{"type":"Feature","id":15376,"geometry":{"type":"Polygon","coordinates":[[[-106.57925120631924,31.854320210523458],[-106.57925725606506,31.854333172194739],[-106.57926585091215,31.854345039847498],[-106.57927672906665,31.854355453892673],[-106.57928956066138,31.854364097750658],[-106.57930395585191,31.854370708302575],[-106.57931947713263,31.85437508613844],[-106.57933565317008,31.854377096700372],[-106.57935199211443,31.854376679579993],[-106.57936799847937,31.854373847708612],[-106.57983443606496,31.85424953012204],[-106.57984962167259,31.854243797417599],[-106.57986348231967,31.854235992042415],[-106.57987563005116,31.854226329523513],[-106.57988572917658,31.854215079786773],[-106.57989349854488,31.854202553498428],[-106.57989872308973,31.854189100607702],[-106.57990125698194,31.854175093936909],[-106.57990103059863,31.85416092252375],[-106.57989804869744,31.854146979966668],[-106.57974329325998,31.853765762987695],[-106.57973742629288,31.853753954173168],[-106.57972942089729,31.853743098837398],[-106.57971948388933,31.853733477007747],[-106.57970786971053,31.853725336618844],[-106.57969487901684,31.853718888160287],[-106.57968084759564,31.853714297079264],[-106.57966613563839,31.853711681585324],[-106.57965112228807,31.853711110202092],[-106.57963682439116,31.853712451946667],[-106.57962292062219,31.853715600293519],[-106.57917300308856,31.853844482049688],[-106.57915764102356,31.853850363149636],[-106.57914365803025,31.853858367620461],[-106.57913145512471,31.853868269375418],[-106.57912138076389,31.853879783426688],[-106.57911372229952,31.853892580747864],[-106.57910869918696,31.853906297632314],[-106.57910645372704,31.853920539750188],[-106.57910705231154,31.853934901057443],[-106.57911047534787,31.853948971505393],[-106.57925120631924,31.854320210523458]]]},"properties":{"OBJECTID":15376,"Join_Count":1,"TARGET_FID":30038,"PlaceType":"Urban Neighborhood","SB840":"Y","TRACTCE":" ","BLKGRPCE":" ","GEOID":" ","INTPTLAT":" ","INTPTLON":" ","GrowthArea":"Y","LotArea":41732,"ZONELABEL":"A-2","Shape_Length":773.20250860556109,"Shape_Area":41732.466243350485}},{"type":"Feature","id":15385,"geometry":{"type":"Polygon","coordinates":[[[-106.57580925845807,31.85412798796872],[-106.57591731832511,31.85487987628877],[-106.57645631628239,31.854719623981044],[-106.57635576496509,31.854066678665504],[-106.57580925845807,31.85412798796872]]]},"properties":{"OBJECTID":15385,"Join_Count":4,"TARGET_FID":30061,"PlaceType":"Regional Corridor","SB840":"Y","TRACTCE":" ","BLKGRPCE":" ","GEOID":" ","INTPTLAT":" ","INTPTLON":" ","GrowthArea":"Y","LotArea":44369,"ZONELABEL":"C-3","Shape_Length":863.53226376987095,"Shape_Area":44369.045134956519}},{"type":"Feature","id":15399,"geometry":{"type":"Polygon","coordinates":[[[-106.58449401730682,31.854824792806241],[-106.58459948918042,31.855101212309144],[-106.58493802370266,31.855008019186858],[-106.5848319941078,31.854733989649617],[-106.58449401730682,31.854824792806241]]]},"properties":{"OBJECTID":15399,"Join_Count":1,"TARGET_FID":30113,"PlaceType":"Regional Corridor","SB840":"Y","TRACTCE":" ","BLKGRPCE":" ","GEOID":" ","INTPTLAT":" ","INTPTLON":" ","GrowthArea":"Y","LotArea":11615,"ZONELABEL":"C-4","Shape_Length":431.20767698922839,"Shape_Area":11614.8361459601}},{"type":"Feature","id":15405,"geometry":{"type":"Polygon","coordinates":[[[-106.57817182684283,31.854123225005932],[-106.57818131397936,31.855624049737365],[-106.5811499259332,31.854793378964043],[-106.58094292581681,31.854288768604327],[-106.58075819295728,31.853800592125829],[-106.58004419290354,31.85400739753744],[-106.58010474176193,31.854159841666736],[-106.58010556024641,31.854199440687697],[-106.58009861471089,31.854238599282034],[-106.5800840993557,31.854276216977734],[-106.58006242275373,31.854311234502465],[-106.58003419533554,31.854342668708959],[-106.58000020965514,31.854369634297615],[-106.57931542534789,31.854564819436401],[-106.57926644131675,31.854557233396044],[-106.57921957136287,31.854542907775524],[-106.57917608031846,31.854522230825761],[-106.57913713824927,31.854495758837317],[-106.5791037953599,31.854464204697905],[-106.57892479657696,31.853993072152971],[-106.57891899897082,31.853981334951172],[-106.5789110954361,31.853970530686166],[-106.57890128393232,31.853960933488576],[-106.57888981420541,31.853952784293508],[-106.57887697612354,31.853946290496854],[-106.5788630937505,31.853941616303722],[-106.57884851883797,31.853938880330745],[-106.57883361992056,31.853938150709517],[-106.57881877393542,31.853939446392395],[-106.57880435655012,31.853942734905953],[-106.57817182684283,31.854123225005932]]]},"properties":{"OBJECTID":15405,"Join_Count":3,"TARGET_FID":30145,"PlaceType":"Urban Neighborhood","SB840":"Y","TRACTCE":" ","BLKGRPCE":" ","GEOID":" ","INTPTLAT":" ","INTPTLON":" ","GrowthArea":"Y","LotArea":342163,"ZONELABEL":"A-2","Shape_Length":3011.3333783235726,"Shape_Area":342163.31508724403}},{"type":"Feature","id":15406,"geometry":{"type":"Polygon","coordinates":[[[-106.57712771389883,31.85507777493979],[-106.57742086080069,31.855673403915564],[-106.57799176617766,31.855587484474672],[-106.57799176194285,31.854263098933476],[-106.57645631628239,31.854719623981044],[-106.57591731832511,31.85487987628877],[-106.57599419561221,31.855414788355461],[-106.57712771389883,31.85507777493979]]]},"properties":{"OBJECTID":15406,"Join_Count":3,"TARGET_FID":30147,"PlaceType":"Regional Corridor","SB840":"Y","TRACTCE":" ","BLKGRPCE":" ","GEOID":" ","INTPTLAT":" ","INTPTLON":" ","GrowthArea":"Y","LotArea":186316,"ZONELABEL":"R-3","Shape_Length":2147.6591221658032,"Shape_Area":186315.76815913367}},{"type":"Feature","id":15407,"geometry":{"type":"Polygon","coordinates":[[[-106.5833046646048,31.855005151393229],[-106.58346215097113,31.855422740320854],[-106.58459948918042,31.855101212309144],[-106.58449401730682,31.854824792806241],[-106.5848319941078,31.854733989649617],[-106.58477995824552,31.854599363973705],[-106.5833046646048,31.855005151393229]]]},"properties":{"OBJECTID":15407,"Join_Count":3,"TARGET_FID":30151,"PlaceType":"Regional Corridor","SB840":"Y","TRACTCE":" ","BLKGRPCE":" ","GEOID":" ","INTPTLAT":" ","INTPTLON":" ","GrowthArea":"Y","LotArea":64393,"ZONELABEL":"C-4","Shape_Length":1280.2285618756159,"Shape_Area":64392.553225492236}},{"type":"Feature","id":15425,"geometry":{"type":"Polygon","coordinates":[[[-106.58480566679854,31.855230047411958],[-106.58438131829023,31.855350783102057],[-106.58457902345636,31.855856988531727],[-106.58520145429063,31.855682088386917],[-106.58504473897266,31.855277927493312],[-106.58500426278121,31.855173542160301],[-106.58480566679854,31.855230047411958]]]},"properties":{"OBJECTID":15425,"Join_Count":1,"TARGET_FID":30225,"PlaceType":"Regional Corridor","SB840":"Y","TRACTCE":" ","BLKGRPCE":" ","GEOID":" ","INTPTLAT":" ","INTPTLON":" ","GrowthArea":"Y","LotArea":39614,"ZONELABEL":"C-4","Shape_Length":796.34369905796564,"Shape_Area":39614.022417252287}},{"type":"Feature","id":15431,"geometry":{"type":"Polygon","coordinates":[[[-106.58457902345636,31.855856988531727],[-106.58461467070195,31.855948259948914],[-106.58523687043184,31.855773425863212],[-106.58520145429063,31.855682088386917],[-106.58457902345636,31.855856988531727]]]},"properties":{"OBJECTID":15431,"Join_Count":1,"TARGET_FID":30244,"PlaceType":"Regional Corridor","SB840":"Y","TRACTCE":"001204","BLKGRPCE":"3","GEOID":"481410012043","INTPTLAT":"+31.8598461","INTPTLON":"-106.5813512","GrowthArea":"Y","LotArea":7120,"ZONELABEL":"C-4","Shape_Length":476.8601627986626,"Shape_Area":7120.0192390738557}},{"type":"Feature","id":15443,"geometry":{"type":"Polygon","coordinates":[[[-106.57834061741799,31.856110875353831],[-106.57843705326445,31.856365495606269],[-106.57861146256984,31.856311781931478],[-106.57853934529919,31.856120811288399],[-106.57853436799344,31.856110700359697],[-106.57852744672186,31.856101459489956],[-106.57851878249377,31.856093360857571],[-106.57850862892363,31.85608663979324],[-106.5784972815037,31.856081492584931],[-106.5784850739649,31.856078069426111],[-106.57847236115978,31.856076471623858],[-106.57840548963166,31.856090883379405],[-106.57834061741799,31.856110875353831]]]},"properties":{"OBJECTID":15443,"Join_Count":1,"TARGET_FID":30271,"PlaceType":"Urban Neighborhood","SB840":"Y","TRACTCE":" ","BLKGRPCE":" ","GEOID":" ","INTPTLAT":" ","INTPTLON":" ","GrowthArea":"Y","LotArea":5457,"ZONELABEL":"A-2","Shape_Length":298.67082032506755,"Shape_Area":5457.3859406081665}},{"type":"Feature","id":15448,"geometry":{"type":"Polygon","coordinates":[[[-106.57818578225469,31.856207046549489],[-106.57818268841442,31.856443398364686],[-106.57831928729428,31.856401764309421],[-106.57843705326445,31.856365495606269],[-106.57834061741799,31.856110875353831],[-106.57823719079832,31.856142901834023],[-106.57822524830482,31.856148551033414],[-106.57821446962112,31.856155706164735],[-106.57820511426753,31.856164193998271],[-106.57819740499397,31.856173813260153],[-106.57819152760224,31.856184331930972],[-106.5781876221625,31.856195498506338],[-106.57818578225469,31.856207046549489]]]},"properties":{"OBJECTID":15448,"Join_Count":2,"TARGET_FID":30282,"PlaceType":"Urban Neighborhood","SB840":"Y","TRACTCE":" ","BLKGRPCE":" ","GEOID":" ","INTPTLAT":" ","INTPTLON":" ","GrowthArea":"Y","LotArea":6490,"ZONELABEL":"C-3","Shape_Length":331.08482706729808,"Shape_Area":6490.3561761792735}},{"type":"Feature","id":15449,"geometry":{"type":"Polygon","coordinates":[[[-106.58355267977713,31.855586541439109],[-106.5837611751964,31.856188081603008],[-106.58432469060955,31.856029742158455],[-106.58461467070195,31.855948259948914],[-106.58457902345636,31.855856988531727],[-106.58438131829023,31.855350783102057],[-106.58355267977713,31.855586541439109]]]},"properties":{"OBJECTID":15449,"Join_Count":1,"TARGET_FID":30284,"PlaceType":"Regional Corridor","SB840":"Y","TRACTCE":"001204","BLKGRPCE":"3","GEOID":"481410012043","INTPTLAT":"+31.8598461","INTPTLON":"-106.5813512","GrowthArea":"Y","LotArea":62890,"ZONELABEL":"C-4","Shape_Length":1007.5336859886329,"Shape_Area":62889.574609422474}},{"type":"Feature","id":15455,"geometry":{"type":"Polygon","coordinates":[[[-106.57617408843876,31.856666454254103],[-106.57627176777689,31.856662183418457],[-106.57636885985559,31.856652110063607],[-106.57646489263031,31.856636282116508],[-106.57655939917827,31.856614777067723],[-106.57665191869451,31.856587701020427],[-106.5767420003565,31.856555183085366],[-106.57682920602753,31.856517384283869],[-106.5769109209602,31.85647439026587],[-106.57698876243298,31.856426445048495],[-106.57706231958092,31.856373802288246],[-106.57713120436063,31.856316740742837],[-106.57719505230897,31.856255559717955],[-106.57725352711844,31.856190584267452],[-106.57730632004456,31.856122156189031],[-106.57737343472012,31.856050541890262],[-106.57744680307013,31.855983545034618],[-106.57752599189449,31.855921562148293],[-106.57761053122694,31.855864961713284],[-106.57769992030933,31.855814078461634],[-106.57779362970138,31.855769213274471],[-106.57789110444521,31.855730633030323],[-106.57799176687435,31.855698565051362],[-106.57799176617766,31.855587484474672],[-106.57742086080069,31.855673403915564],[-106.57712771389883,31.85507777493979],[-106.57599419561221,31.855414788355461],[-106.57617408843876,31.856666454254103]]]},"properties":{"OBJECTID":15455,"Join_Count":2,"TARGET_FID":30303,"PlaceType":"Regional Corridor","SB840":"Y","TRACTCE":" ","BLKGRPCE":" ","GEOID":" ","INTPTLAT":" ","INTPTLON":" ","GrowthArea":"Y","LotArea":195966,"ZONELABEL":"C-3","Shape_Length":1975.0067333519314,"Shape_Area":195966.15921490738}},{"type":"Feature","id":15458,"geometry":{"type":"Polygon","coordinates":[[[-106.57831928729428,31.856401764309421],[-106.57854948185631,31.856592681406791],[-106.57857022287982,31.856577303743983],[-106.57859359125118,31.856564973240094],[-106.57860916755406,31.856561743897981],[-106.57862389750682,31.856556349364496],[-106.57863737292969,31.856548939290317],[-106.57864921698611,31.856539721438615],[-106.57865910146494,31.856528950920179],[-106.57866674982695,31.856516928240435],[-106.57867195126299,31.856503987785992],[-106.57867455904596,31.856490488871003],[-106.57864501459636,31.856400619718698],[-106.57861146256984,31.856311781931478],[-106.57843705326445,31.856365495606269],[-106.57831928729428,31.856401764309421]]]},"properties":{"OBJECTID":15458,"Join_Count":1,"TARGET_FID":30312,"PlaceType":"Urban Neighborhood","SB840":"Y","TRACTCE":" ","BLKGRPCE":" ","GEOID":" ","INTPTLAT":" ","INTPTLON":" ","GrowthArea":"Y","LotArea":6181,"ZONELABEL":"A-2","Shape_Length":320.89509939342713,"Shape_Area":6180.8934496353131}},{"type":"Feature","id":15465,"geometry":{"type":"Polygon","coordinates":[[[-106.57817944840131,31.856690967654952],[-106.57850182982267,31.856688883768488],[-106.57850427400194,31.856667611934927],[-106.57851044193323,31.856646895844062],[-106.57852019336042,31.856627209213897],[-106.57853330688837,31.85660899894275],[-106.57854948185631,31.856592681406791],[-106.57831928729428,31.856401764309421],[-106.57818268841442,31.856443398364686],[-106.57817944840131,31.856690967654952]]]},"properties":{"OBJECTID":15465,"Join_Count":2,"TARGET_FID":30333,"PlaceType":"Urban Neighborhood","SB840":"Y","TRACTCE":" ","BLKGRPCE":" ","GEOID":" ","INTPTLAT":" ","INTPTLON":" ","GrowthArea":"Y","LotArea":8827,"ZONELABEL":"C-3","Shape_Length":373.74652723965698,"Shape_Area":8827.1552334935732}},{"type":"Feature","id":15467,"geometry":{"type":"Polygon","coordinates":[[[-106.58432702271028,31.856035789611457],[-106.58447542167981,31.85642051546548],[-106.58539030342325,31.856161033571983],[-106.58523687043184,31.855773425863212],[-106.58461467070195,31.855948259948914],[-106.58432469060955,31.856029742158455],[-106.58432702271028,31.856035789611457]]]},"properties":{"OBJECTID":15467,"Join_Count":3,"TARGET_FID":30340,"PlaceType":"Regional Corridor","SB840":"Y","TRACTCE":"001204","BLKGRPCE":"3","GEOID":"481410012043","INTPTLAT":"+31.8598461","INTPTLON":"-106.5813512","GrowthArea":"Y","LotArea":44590,"ZONELABEL":"M-2","Shape_Length":896.02916513971741,"Shape_Area":44590.41444628717}},{"type":"Feature","id":15486,"geometry":{"type":"Polygon","coordinates":[[[-106.57817944840131,31.856690967654952],[-106.57817682878938,31.857030801506028],[-106.57853638222707,31.856774157154682],[-106.5785239174058,31.856759129375785],[-106.57851406127917,31.856742750727474],[-106.57850701009244,31.856725349620341],[-106.57850290524371,31.856707273354264],[-106.57850182982267,31.856688883768488],[-106.57817944840131,31.856690967654952]]]},"properties":{"OBJECTID":15486,"Join_Count":2,"TARGET_FID":30383,"PlaceType":"Urban Neighborhood","SB840":"Y","TRACTCE":" ","BLKGRPCE":" ","GEOID":" ","INTPTLAT":" ","INTPTLON":" ","GrowthArea":"Y","LotArea":8358,"ZONELABEL":"C-3","Shape_Length":402.75780645622285,"Shape_Area":8357.6259562510349}},{"type":"Feature","id":15488,"geometry":{"type":"Polygon","coordinates":[[[-106.5419096544574,31.85878138874293],[-106.54206110562481,31.858781352260905],[-106.54209182756844,31.858535636785987],[-106.54238024722936,31.858614615572275],[-106.54241785179289,31.858442942921148],[-106.54242080538999,31.858429458307739],[-106.54247814832209,31.858302628445998],[-106.54254615378974,31.858152216447099],[-106.5426105084864,31.858009880159852],[-106.54266424437064,31.857894998810771],[-106.54271138877935,31.857794210011974],[-106.54275224073271,31.857706875365594],[-106.54279992697806,31.857604925287081],[-106.54271510686033,31.857582048056543],[-106.54268263261658,31.857500815361014],[-106.54262427453716,31.85735484159051],[-106.54256619654006,31.857209570716897],[-106.54250449285539,31.857055228822588],[-106.54274942208255,31.85674104737264],[-106.54268016564801,31.856629030020123],[-106.54263384509977,31.856651578557358],[-106.54258993834914,31.856677406391473],[-106.54254876229828,31.856706326793553],[-106.54251036398627,31.856748789978774],[-106.54247775638366,31.856794644207302],[-106.54245134540585,31.856843316431139],[-106.54243146175901,31.856894200155065],[-106.54241835273508,31.856946659440851],[-106.54241218285978,31.857000038811901],[-106.54241302821046,31.857053673459781],[-106.54165063016377,31.857056977062786],[-106.5416637617007,31.857134229436774],[-106.54174561193712,31.857413691648155],[-106.54163086678108,31.857729499202115],[-106.54132473339908,31.858781530774316],[-106.54138605447029,31.858781516389499],[-106.5417116445377,31.858781437535885],[-106.5419096544574,31.85878138874293]]]},"properties":{"OBJECTID":15488,"Join_Count":6,"TARGET_FID":30388,"PlaceType":"Neighborhood Center","SB840":"Y","TRACTCE":" ","BLKGRPCE":" ","GEOID":" ","INTPTLAT":" ","INTPTLON":" ","GrowthArea":"Y","LotArea":197068,"ZONELABEL":"P-R 1","Shape_Length":2287.6314923329819,"Shape_Area":197067.51896691369}},{"type":"Feature","id":15491,"geometry":{"type":"Polygon","coordinates":[[[-106.578231128574,31.857093675124169],[-106.57840128949816,31.857092107241929],[-106.57857136322329,31.857087221994853],[-106.57863108866771,31.856819369205677],[-106.57860942546037,31.856815310274925],[-106.57858869177252,31.856808588173102],[-106.57856933527759,31.856799347628957],[-106.57855177227296,31.856787787266136],[-106.57853638222707,31.856774157154682],[-106.57817682878938,31.857030801506028],[-106.5781777897128,31.857041955966903],[-106.57818097627103,31.857052804958169],[-106.57818629426821,31.857063026917135],[-106.57819358622156,31.857072319575476],[-106.57820263617366,31.857080408760947],[-106.57821134763923,31.857085993153913],[-106.57822091171309,31.857090446404566],[-106.578231128574,31.857093675124169]]]},"properties":{"OBJECTID":15491,"Join_Count":2,"TARGET_FID":30394,"PlaceType":"Urban Neighborhood","SB840":"Y","TRACTCE":" ","BLKGRPCE":" ","GEOID":" ","INTPTLAT":" ","INTPTLON":" ","GrowthArea":"Y","LotArea":9733,"ZONELABEL":"C-3","Shape_Length":415.32412655465185,"Shape_Area":9732.7491819982752}},{"type":"Feature","id":15492,"geometry":{"type":"Polygon","coordinates":[[[-106.57857136322329,31.857087221994853],[-106.57868457549573,31.857082526767375],[-106.5787971460084,31.857071235833111],[-106.5788099062313,31.85706861757836],[-106.57882203282466,31.857064332471499],[-106.578833227941,31.857058486030464],[-106.57884321738231,31.857051221479459],[-106.57885175780717,31.857042716693304],[-106.57885863953989,31.85703317864326],[-106.57886369489184,31.857022841191089],[-106.57886679979707,31.857011957784504],[-106.57886787755763,31.857000794051185],[-106.57884302900018,31.85692547719416],[-106.57881507492831,31.856850956945028],[-106.57881035137879,31.856841277360122],[-106.57880384743036,31.856832380503537],[-106.57879573745819,31.856824503700128],[-106.57878623631707,31.856817856137937],[-106.57877559587986,31.85681261451839],[-106.57876409829268,31.856808917056394],[-106.57875205070002,31.856806863733873],[-106.57873977193267,31.856806507002151],[-106.57870440267618,31.856815276209652],[-106.57866791900192,31.856819593350096],[-106.57863108866771,31.856819369205677],[-106.57857136322329,31.857087221994853]]]},"properties":{"OBJECTID":15492,"Join_Count":1,"TARGET_FID":30395,"PlaceType":"Urban Neighborhood","SB840":"Y","TRACTCE":" ","BLKGRPCE":" ","GEOID":" ","INTPTLAT":" ","INTPTLON":" ","GrowthArea":"Y","LotArea":7071,"ZONELABEL":"A-2","Shape_Length":328.00846136803682,"Shape_Area":7070.7910069480395}},{"type":"Feature","id":15512,"geometry":{"type":"Polygon","coordinates":[[[-106.57817510364147,31.857411946819482],[-106.57855649380438,31.857400679926833],[-106.57855490999566,31.857315166524309],[-106.5785541535792,31.85730470770978],[-106.57855141413421,31.857294493957369],[-106.57854676243498,31.857284796466189],[-106.57854032457709,31.857275874749263],[-106.5785322707159,31.857267966334007],[-106.57852281682092,31.8572612812589],[-106.57851221394789,31.857255999877935],[-106.57850074529884,31.857252260356073],[-106.57833763551724,31.857253584989834],[-106.5781746092244,31.85725823486845],[-106.57817510364147,31.857411946819482]]]},"properties":{"OBJECTID":15512,"Join_Count":2,"TARGET_FID":30451,"PlaceType":"Urban Neighborhood","SB840":"Y","TRACTCE":"001204","BLKGRPCE":"3","GEOID":"481410012043","INTPTLAT":"+31.8598461","INTPTLON":"-106.5813512","GrowthArea":"Y","LotArea":6442,"ZONELABEL":"C-3","Shape_Length":337.31071721748765,"Shape_Area":6442.0905970185249}},{"type":"Feature","id":15519,"geometry":{"type":"Polygon","coordinates":[[[-106.57817225995937,31.857550724322873],[-106.57855629020399,31.857537770882839],[-106.57855649380438,31.857400679926833],[-106.57817510364147,31.857411946819482],[-106.57817459854813,31.857450486480406],[-106.57817225995937,31.857550724322873]]]},"properties":{"OBJECTID":15519,"Join_Count":2,"TARGET_FID":30481,"PlaceType":"Urban Neighborhood","SB840":"Y","TRACTCE":"001204","BLKGRPCE":"3","GEOID":"481410012043","INTPTLAT":"+31.8598461","INTPTLON":"-106.5813512","GrowthArea":"Y","LotArea":5958,"ZONELABEL":"C-3","Shape_Length":338.18786840814994,"Shape_Area":5958.409089306072}},{"type":"Feature","id":15524,"geometry":{"type":"Polygon","coordinates":[[[-106.57618609659252,31.856750006282088],[-106.57631117438862,31.85768421105746],[-106.57643189308232,31.857671976910531],[-106.57655144411025,31.857653162322041],[-106.5766693362134,31.857627845046881],[-106.57678508413248,31.857596129652112],[-106.57775041167316,31.857327545633879],[-106.57780844411698,31.857311881730194],[-106.57786768228986,31.85729995189855],[-106.57792779731584,31.857291824300734],[-106.57794041173868,31.857293018603201],[-106.57795308057362,31.857292354978167],[-106.57796542935868,31.857289852288858],[-106.57797709469247,31.857285584870819],[-106.57798773343285,31.857279677574574],[-106.57799703324682,31.857272305259269],[-106.57800471840697,31.857263684385568],[-106.57801056326913,31.85725406875579],[-106.57801439601809,31.857243742108256],[-106.57801610434529,31.857233007908903],[-106.57799575663373,31.856524725254712],[-106.57712744068313,31.856719600769026],[-106.57618609659252,31.856750006282088]]]},"properties":{"OBJECTID":15524,"Join_Count":1,"TARGET_FID":30489,"PlaceType":"Regional Corridor","SB840":"Y","TRACTCE":"001204","BLKGRPCE":"3","GEOID":"481410012043","INTPTLAT":"+31.8598461","INTPTLON":"-106.5813512","GrowthArea":"Y","LotArea":162644,"ZONELABEL":"C-3","Shape_Length":1733.4109285195545,"Shape_Area":162643.71205609757}},{"type":"Feature","id":15536,"geometry":{"type":"Polygon","coordinates":[[[-106.57817225995937,31.857550724322873],[-106.57817371921371,31.85777676086817],[-106.57855472117765,31.857658850923759],[-106.57855629020399,31.857537770882839],[-106.57817225995937,31.857550724322873]]]},"properties":{"OBJECTID":15536,"Join_Count":3,"TARGET_FID":30519,"PlaceType":"Urban Neighborhood","SB840":"Y","TRACTCE":"001204","BLKGRPCE":"3","GEOID":"481410012043","INTPTLAT":"+31.8598461","INTPTLON":"-106.5813512","GrowthArea":"Y","LotArea":7498,"ZONELABEL":"A-2","Shape_Length":371.44786127543546,"Shape_Area":7498.4857402375837}},{"type":"Feature","id":15557,"geometry":{"type":"Polygon","coordinates":[[[-106.58447542167981,31.85642051546548],[-106.58503072649178,31.857860128010596],[-106.58532986347616,31.85772331111307],[-106.58589091283118,31.857449856734334],[-106.58539030342325,31.856161033571983],[-106.58447542167981,31.85642051546548]]]},"properties":{"OBJECTID":15557,"Join_Count":2,"TARGET_FID":30606,"PlaceType":"Regional Corridor","SB840":"Y","TRACTCE":"001204","BLKGRPCE":"3","GEOID":"481410012043","INTPTLAT":"+31.8598461","INTPTLON":"-106.5813512","GrowthArea":"Y","LotArea":157020,"ZONELABEL":"C-4","Shape_Length":1650.6457828346656,"Shape_Area":157019.64858447853}},{"type":"Feature","id":15577,"geometry":{"type":"Polygon","coordinates":[[[-106.58476791087433,31.857848796869185],[-106.58453174013125,31.858109764652813],[-106.58499110236136,31.857878250677647],[-106.58503072649178,31.857860128010596],[-106.58447542167981,31.85642051546548],[-106.58432702271028,31.856035789611457],[-106.58432469060955,31.856029742158455],[-106.5837611751964,31.856188081603008],[-106.58369348072496,31.856207004104732],[-106.58324326441586,31.8563317822498],[-106.58295778935214,31.856413406345602],[-106.58280654911178,31.856456674899889],[-106.58265963951563,31.85649846811507],[-106.58250450794961,31.85654331592859],[-106.58227638993111,31.856605306917384],[-106.58190978528145,31.85671066012749],[-106.58188256151676,31.856719066386738],[-106.5818735128274,31.856721860002711],[-106.58181113252188,31.856739031530992],[-106.58211852256724,31.857521795784638],[-106.58241005708516,31.857433101162577],[-106.58315353358107,31.857225570087184],[-106.58312253247449,31.857180540576135],[-106.58399674464981,31.856938252278969],[-106.58405529995152,31.856973847361569],[-106.58448478829065,31.857234924722622],[-106.58476791087433,31.857848796869185]]]},"properties":{"OBJECTID":15577,"Join_Count":9,"TARGET_FID":30661,"PlaceType":"Regional Corridor","SB840":"Y","TRACTCE":"001204","BLKGRPCE":"3","GEOID":"481410012043","INTPTLAT":"+31.8598461","INTPTLON":"-106.5813512","GrowthArea":"Y","LotArea":284048,"ZONELABEL":"A-2","Shape_Length":3192.3423900022681,"Shape_Area":284048.47671980615}},{"type":"Feature","id":15600,"geometry":{"type":"Polygon","coordinates":[[[-106.57817371921371,31.85777676086817],[-106.57817738636975,31.858623857431809],[-106.57855636194319,31.858520414095441],[-106.57855472117765,31.857658850923759],[-106.57817371921371,31.85777676086817]]]},"properties":{"OBJECTID":15600,"Join_Count":4,"TARGET_FID":30713,"PlaceType":"Urban Neighborhood","SB840":"Y","TRACTCE":"001204","BLKGRPCE":"3","GEOID":"481410012043","INTPTLAT":"+31.8598461","INTPTLON":"-106.5813512","GrowthArea":"Y","LotArea":36702,"ZONELABEL":"A-2","Shape_Length":870.97025153962136,"Shape_Area":36701.92084984258}},{"type":"Feature","id":15601,"geometry":{"type":"Polygon","coordinates":[[[-106.57816408094375,31.857777337867891],[-106.57816775082848,31.85862529691909],[-106.57817738636975,31.858623857431809],[-106.57817371921371,31.85777676086817],[-106.57816408094375,31.857777337867891]]]},"properties":{"OBJECTID":15601,"Join_Count":2,"TARGET_FID":30714,"PlaceType":"Urban Neighborhood","SB840":"Y","TRACTCE":"001204","BLKGRPCE":"3","GEOID":"481410012043","INTPTLAT":"+31.8598461","INTPTLON":"-106.5813512","GrowthArea":"Y","LotArea":923,"ZONELABEL":"A-2","Shape_Length":622.68655629978593,"Shape_Area":922.9700666501036}},{"type":"Feature","id":15602,"geometry":{"type":"Polygon","coordinates":[[[-106.58532986347616,31.85772331111307],[-106.58552474361835,31.85827636531366],[-106.5860361455312,31.858029275566516],[-106.58604654333345,31.85802297811156],[-106.58605563184109,31.85801534616931],[-106.58606317952038,31.858006576030181],[-106.58606899260707,31.857996891075757],[-106.58607292231338,31.857986538722201],[-106.5860748686915,31.857975784815828],[-106.58607478097639,31.857964902776622],[-106.58607266280124,31.857954172445002],[-106.58589091283118,31.857449856734334],[-106.58532986347616,31.85772331111307]]]},"properties":{"OBJECTID":15602,"Join_Count":1,"TARGET_FID":30716,"PlaceType":"Neighborhood Center","SB840":"Y","TRACTCE":"001204","BLKGRPCE":"3","GEOID":"481410012043","INTPTLAT":"+31.8598461","INTPTLON":"-106.5813512","GrowthArea":"Y","LotArea":41204,"ZONELABEL":"C-4","Shape_Length":816.78388439976811,"Shape_Area":41203.799585750807}},{"type":"Feature","id":15625,"geometry":{"type":"Polygon","coordinates":[[[-106.57909572646281,31.858808306190291],[-106.57916161444373,31.858905488882563],[-106.57935224902265,31.858814248406365],[-106.57946377617866,31.858761275971336],[-106.57956480900705,31.858713288912437],[-106.57976592412923,31.858617252655019],[-106.5799735030205,31.858516345339755],[-106.58011751102583,31.858447404093873],[-106.58025897419714,31.858379613601247],[-106.58039797541817,31.858312207533441],[-106.58054023421785,31.858244499576188],[-106.58067103686412,31.858181217082564],[-106.58080198183956,31.858117350427975],[-106.58090844129842,31.858066371271843],[-106.58101478779652,31.858015446219174],[-106.58115028466446,31.857950156703964],[-106.58128831802219,31.857883627971049],[-106.58143692947053,31.857812926881916],[-106.58155404463005,31.857758719669413],[-106.58166134552636,31.857709054379026],[-106.58191234828583,31.857624360997203],[-106.58183379474687,31.857460406035436],[-106.5818295868889,31.857450880645068],[-106.58182352090661,31.857442114656774],[-106.5818157801705,31.857434369348301],[-106.58180659474127,31.857427875755203],[-106.58179623667523,31.857422827670025],[-106.5817712399123,31.857412607236483],[-106.58174867515378,31.857398868362502],[-106.58172921712007,31.857382021271849],[-106.58171344395055,31.857362568440923],[-106.5817018267003,31.857341089746903],[-106.58169471238837,31.857318226118757],[-106.58169231307963,31.857294658382781],[-106.58169469836879,31.857271089557564],[-106.58170180022785,31.857248222039789],[-106.58171340437607,31.857226739049494],[-106.58172916555849,31.857207279508838],[-106.58174861404122,31.857190424181315],[-106.58177117019093,31.857176676003718],[-106.58179616140094,31.857166443918501],[-106.58182284166124,31.857160034708286],[-106.58185041592866,31.857157637374414],[-106.58187806251836,31.857159325675291],[-106.58190495777048,31.857165047006976],[-106.58193029786095,31.857174632195022],[-106.5819533284001,31.857187794977783],[-106.58197336208326,31.857204142901281],[-106.58198980173488,31.85722318976223],[-106.58200215790033,31.857244365602668],[-106.58201006199315,31.857267039564189],[-106.58201327797244,31.857290536489145],[-106.58200898460295,31.857325429987302],[-106.58200084391522,31.857359820739731],[-106.58207913441116,31.857534285163428],[-106.58211852256724,31.857521795784638],[-106.58181113252188,31.856739031530992],[-106.58148029746202,31.85683329176285],[-106.58128023419364,31.856889210491417],[-106.58112575007507,31.856931598434308],[-106.58097597114963,31.856975256223578],[-106.58077339436828,31.857031665095406],[-106.58036663226294,31.857147033094549],[-106.5803355028998,31.857156818727628],[-106.58000647734666,31.857248497019711],[-106.57976215382354,31.857316102465322],[-106.57960627848175,31.85735737560745],[-106.57945153341797,31.857401430602366],[-106.579309365288,31.857441226525061],[-106.57915511812998,31.857484087532352],[-106.57896099749398,31.857539998396302],[-106.57874211172113,31.857602062170187],[-106.57875048095477,31.85848080625809],[-106.57910431392447,31.858389740744048],[-106.57909732091851,31.858630393910087],[-106.57909572646281,31.858808306190291]]]},"properties":{"OBJECTID":15625,"Join_Count":5,"TARGET_FID":30759,"PlaceType":"Urban Neighborhood","SB840":"Y","TRACTCE":"001204","BLKGRPCE":"3","GEOID":"481410012043","INTPTLAT":"+31.8598461","INTPTLON":"-106.5813512","GrowthArea":"Y","LotArea":395917,"ZONELABEL":"A-2","Shape_Length":3309.5552122639251,"Shape_Area":395916.568914612}},{"type":"Feature","id":15649,"geometry":{"type":"Polygon","coordinates":[[[-106.55889935349373,31.860152499442837],[-106.55898820190193,31.860151865170288],[-106.55898122067042,31.859603909085784],[-106.55816429868732,31.859608521638165],[-106.55812877286945,31.859610220069392],[-106.55812247618313,31.859613225463313],[-106.55811685237337,31.859617082076351],[-106.55811205840904,31.859621682142269],[-106.5581082267481,31.859626899195021],[-106.55810546422416,31.859632587218609],[-106.55810384823943,31.85963858715191],[-106.5581034229586,31.859644733393527],[-106.55810420042299,31.859650854651651],[-106.55810615990885,31.859656780297524],[-106.55810402039327,31.860158180123531],[-106.55889935349373,31.860152499442837]]]},"properties":{"OBJECTID":15649,"Join_Count":2,"TARGET_FID":30793,"PlaceType":"Neighborhood Center","SB840":"Y","TRACTCE":"010225","BLKGRPCE":"2","GEOID":"481410102252","INTPTLAT":"+31.8653556","INTPTLON":"-106.5664762","GrowthArea":"Y","LotArea":54485,"ZONELABEL":"C-3","Shape_Length":941.14722730147321,"Shape_Area":54484.709887712437}},{"type":"Feature","id":15663,"geometry":{"type":"Polygon","coordinates":[[[-106.5916616337372,31.858751500007649],[-106.59198331358293,31.858747887575294],[-106.59197628958985,31.858461710611103],[-106.59197624621632,31.858461710889504],[-106.59182767966018,31.858462464332973],[-106.59166971286851,31.858463264780635],[-106.59166448218733,31.858463291287901],[-106.59165463450363,31.858463341902389],[-106.5916616337372,31.858751500007649]]]},"properties":{"OBJECTID":15663,"Join_Count":2,"TARGET_FID":30813,"PlaceType":"Neighborhood Center","SB840":"Y","TRACTCE":" ","BLKGRPCE":" ","GEOID":" ","INTPTLAT":" ","INTPTLON":" ","GrowthArea":"Y","LotArea":10436,"ZONELABEL":"R-2A","Shape_Length":408.74186871111874,"Shape_Area":10435.826427022916}},{"type":"Feature","id":15668,"geometry":{"type":"Polygon","coordinates":[[[-106.55945165196691,31.860066105206016],[-106.56001558430609,31.860344273693538],[-106.5601289546516,31.859944059291593],[-106.56025740269314,31.85960251210609],[-106.55991637401728,31.859598623404217],[-106.5595753220951,31.859600553728832],[-106.55957852041976,31.859851562362536],[-106.55945165196691,31.860066105206016]]]},"properties":{"OBJECTID":15668,"Join_Count":2,"TARGET_FID":30820,"PlaceType":"Neighborhood Center","SB840":"Y","TRACTCE":"010225","BLKGRPCE":"2","GEOID":"481410102252","INTPTLAT":"+31.8653556","INTPTLON":"-106.5664762","GrowthArea":"Y","LotArea":42929,"ZONELABEL":"C-3","Shape_Length":873.04934923116843,"Shape_Area":42928.546717127756}},{"type":"Feature","id":15678,"geometry":{"type":"Polygon","coordinates":[[[-106.55810236324459,31.860546507507522],[-106.55885403798962,31.86054113954556],[-106.55884933580862,31.860471391523717],[-106.55883227785947,31.860218328697229],[-106.55888590602058,31.86021561821746],[-106.55889935349373,31.860152499442837],[-106.55810402039327,31.860158180123531],[-106.55810236324459,31.860546507507522]]]},"properties":{"OBJECTID":15678,"Join_Count":2,"TARGET_FID":30847,"PlaceType":"Neighborhood Center","SB840":"Y","TRACTCE":"010225","BLKGRPCE":"2","GEOID":"481410102252","INTPTLAT":"+31.8653556","INTPTLON":"-106.5664762","GrowthArea":"Y","LotArea":32812,"ZONELABEL":"C-3","Shape_Length":779.25598954239433,"Shape_Area":32811.745388571449}},{"type":"Feature","id":15687,"geometry":{"type":"Polygon","coordinates":[[[-106.59237746791989,31.859000627629548],[-106.59270852212413,31.85900052186026],[-106.59270543841164,31.858887472449339],[-106.59240600864894,31.858887717288116],[-106.59240876167034,31.858909563455232],[-106.59240816134511,31.858931530178225],[-106.59237746791989,31.859000627629548]]]},"properties":{"OBJECTID":15687,"Join_Count":2,"TARGET_FID":30856,"PlaceType":"Neighborhood Center","SB840":"Y","TRACTCE":" ","BLKGRPCE":" ","GEOID":" ","INTPTLAT":" ","INTPTLON":" ","GrowthArea":"Y","LotArea":3934,"ZONELABEL":"R-3","Shape_Length":279.76472705043011,"Shape_Area":3934.1635378205765}},{"type":"Feature","id":15691,"geometry":{"type":"Polygon","coordinates":[[[-106.59153666902144,31.859102789108825],[-106.59187759682843,31.859102042876664],[-106.59188281932138,31.858891535448265],[-106.59159886272394,31.858893593640961],[-106.59154190271062,31.858929506082863],[-106.59153666902144,31.859102789108825]]]},"properties":{"OBJECTID":15691,"Join_Count":1,"TARGET_FID":30864,"PlaceType":"Neighborhood Center","SB840":"Y","TRACTCE":" ","BLKGRPCE":" ","GEOID":" ","INTPTLAT":" ","INTPTLON":" ","GrowthArea":"Y","LotArea":7947,"ZONELABEL":"A-2","Shape_Length":355.66757505595695,"Shape_Area":7947.3750682243399}},{"type":"Feature","id":15693,"geometry":{"type":"Polygon","coordinates":[[[-106.59187759682843,31.859102042876664],[-106.59220911715882,31.859102100255296],[-106.5922077698025,31.858966679968759],[-106.59214575953261,31.858893104597936],[-106.59188281932138,31.858891535448265],[-106.59187759682843,31.859102042876664]]]},"properties":{"OBJECTID":15693,"Join_Count":1,"TARGET_FID":30867,"PlaceType":"Neighborhood Center","SB840":"Y","TRACTCE":" ","BLKGRPCE":" ","GEOID":" ","INTPTLAT":" ","INTPTLON":" ","GrowthArea":"Y","LotArea":7508,"ZONELABEL":"A-2","Shape_Length":343.41030006275889,"Shape_Area":7507.9579427408953}},{"type":"Feature","id":15695,"geometry":{"type":"Polygon","coordinates":[[[-106.58396049315706,31.858397663271631],[-106.58444833715276,31.859484082892028],[-106.58504434748271,31.85929350257604],[-106.58478469201671,31.858633763464777],[-106.58519193637559,31.858434954038401],[-106.58552474361835,31.85827636531366],[-106.58532986347616,31.85772331111307],[-106.58503072649178,31.857860128010596],[-106.58499110236136,31.857878250677647],[-106.58453174013125,31.858109764652813],[-106.58396049315706,31.858397663271631]]]},"properties":{"OBJECTID":15695,"Join_Count":4,"TARGET_FID":30869,"PlaceType":"Neighborhood Center","SB840":"Y","TRACTCE":"001204","BLKGRPCE":"3","GEOID":"481410012043","INTPTLAT":"+31.8598461","INTPTLON":"-106.5813512","GrowthArea":"Y","LotArea":146595,"ZONELABEL":"R-4","Shape_Length":1839.1272965059898,"Shape_Area":146595.09484558893}},{"type":"Feature","id":15696,"geometry":{"type":"Polygon","coordinates":[[[-106.59237368087321,31.859096812555894],[-106.59271114786108,31.859096705633945],[-106.59270852212413,31.85900052186026],[-106.59237746791989,31.859000627629548],[-106.59237368087321,31.859096812555894]]]},"properties":{"OBJECTID":15696,"Join_Count":2,"TARGET_FID":30870,"PlaceType":"Neighborhood Center","SB840":"Y","TRACTCE":" ","BLKGRPCE":" ","GEOID":" ","INTPTLAT":" ","INTPTLON":" ","GrowthArea":"Y","LotArea":3631,"ZONELABEL":"R-3","Shape_Length":277.57868720414535,"Shape_Area":3631.4868796768651}},{"type":"Feature","id":15699,"geometry":{"type":"Polygon","coordinates":[[[-106.59271114786108,31.859096705633945],[-106.59304981790311,31.859100297627712],[-106.59305120595994,31.859058069572839],[-106.59304682633902,31.859015990546297],[-106.59303673800407,31.858974633100107],[-106.59302177656829,31.858954530982722],[-106.59301035585767,31.858932801651623],[-106.59300271108621,31.858909898083169],[-106.59299900158149,31.858886294064181],[-106.59270543841164,31.858887472449339],[-106.59270852212413,31.85900052186026],[-106.59271114786108,31.859096705633945]]]},"properties":{"OBJECTID":15699,"Join_Count":2,"TARGET_FID":30874,"PlaceType":"Neighborhood Center","SB840":"Y","TRACTCE":" ","BLKGRPCE":" ","GEOID":" ","INTPTLAT":" ","INTPTLON":" ","GrowthArea":"Y","LotArea":7756,"ZONELABEL":"R-3","Shape_Length":353.20685721851305,"Shape_Area":7756.3366498532514}},{"type":"Feature","id":15703,"geometry":{"type":"Polygon","coordinates":[[[-106.59097512580242,31.859209915584582],[-106.5913708970311,31.859203564872232],[-106.59137119955916,31.859137191202752],[-106.59137115407532,31.85913719158237],[-106.59117318296539,31.85914009570644],[-106.59097540432892,31.859142997504854],[-106.59097512580242,31.859209915584582]]]},"properties":{"OBJECTID":15703,"Join_Count":1,"TARGET_FID":30878,"PlaceType":"Neighborhood Center","SB840":"Y","TRACTCE":" ","BLKGRPCE":" ","GEOID":" ","INTPTLAT":" ","INTPTLON":" ","GrowthArea":"Y","LotArea":2979,"ZONELABEL":"A-2","Shape_Length":294.30168976450557,"Shape_Area":2979.1952862294302}},{"type":"Feature","id":15708,"geometry":{"type":"Polygon","coordinates":[[[-106.5590898076258,31.860576544177789],[-106.55989926877611,31.86075488705562],[-106.55996502007163,31.860522777022211],[-106.55998367002678,31.860456938901127],[-106.5599879735868,31.86044174258268],[-106.5600155492079,31.860344400022022],[-106.56001558430609,31.860344273693538],[-106.55945165196691,31.860066105206016],[-106.55957852041976,31.859851562362536],[-106.5595753220951,31.859600553728832],[-106.55954973783534,31.8596006977527],[-106.5595113504565,31.859600915659549],[-106.55949989076339,31.8596009795009],[-106.55949524749926,31.859601006431728],[-106.55944688464386,31.859601278607972],[-106.5593887042196,31.859601608335534],[-106.55900789778548,31.859603758984946],[-106.55898122067042,31.859603909085784],[-106.55898820190193,31.860151865170288],[-106.55889935349373,31.860152499442837],[-106.55888590602058,31.86021561821746],[-106.55883227785947,31.860218328697229],[-106.55884933580862,31.860471391523717],[-106.55900882601063,31.860495347257693],[-106.5590898076258,31.860576544177789]]]},"properties":{"OBJECTID":15708,"Join_Count":2,"TARGET_FID":30885,"PlaceType":"Neighborhood Center","SB840":"Y","TRACTCE":"010225","BLKGRPCE":"2","GEOID":"481410102252","INTPTLAT":"+31.8653556","INTPTLON":"-106.5664762","GrowthArea":"Y","LotArea":92275,"ZONELABEL":"C-3","Shape_Length":1426.9281671713334,"Shape_Area":92274.703286677526}},{"type":"Feature","id":15711,"geometry":{"type":"Polygon","coordinates":[[[-106.59237612019515,31.859214151868901],[-106.59270783982397,31.859214046666771],[-106.59271114786108,31.859096705633945],[-106.59237368087321,31.859096812555894],[-106.59237612019515,31.859214151868901]]]},"properties":{"OBJECTID":15711,"Join_Count":2,"TARGET_FID":30891,"PlaceType":"Neighborhood Center","SB840":"Y","TRACTCE":" ","BLKGRPCE":" ","GEOID":" ","INTPTLAT":" ","INTPTLON":" ","GrowthArea":"Y","LotArea":4435,"ZONELABEL":"R-3","Shape_Length":293.16747337179754,"Shape_Area":4434.6432117177255}},{"type":"Feature","id":15714,"geometry":{"type":"Polygon","coordinates":[[[-106.59097494360334,31.859283891741587],[-106.59137122895095,31.859284606142467],[-106.5913708970311,31.859203564872232],[-106.59097512580242,31.859209915584582],[-106.59097505738386,31.859237815624674],[-106.59097494381221,31.859283862826757],[-106.59097494360334,31.859283891741587]]]},"properties":{"OBJECTID":15714,"Join_Count":1,"TARGET_FID":30894,"PlaceType":"Neighborhood Center","SB840":"Y","TRACTCE":" ","BLKGRPCE":" ","GEOID":" ","INTPTLAT":" ","INTPTLON":" ","GrowthArea":"Y","LotArea":3467,"ZONELABEL":"A-2","Shape_Length":302.33930435075996,"Shape_Area":3467.1637918503407}},{"type":"Feature","id":15717,"geometry":{"type":"Polygon","coordinates":[[[-106.59187894556678,31.859310785564439],[-106.59187898905954,31.859310787086965],[-106.59187899020434,31.859310756320532],[-106.59187913921707,31.859308347347952],[-106.5918792220552,31.859306988452676],[-106.59187759682843,31.859102042876664],[-106.59153666902144,31.859102789108825],[-106.59153757706432,31.859313188778092],[-106.59178959682126,31.859311414869506],[-106.59187894556678,31.859310785564439]]]},"properties":{"OBJECTID":15717,"Join_Count":1,"TARGET_FID":30902,"PlaceType":"Neighborhood Center","SB840":"Y","TRACTCE":" ","BLKGRPCE":" ","GEOID":" ","INTPTLAT":" ","INTPTLON":" ","GrowthArea":"Y","LotArea":8079,"ZONELABEL":"A-2","Shape_Length":364.34636779425,"Shape_Area":8079.2658849636773}},{"type":"Feature","id":15720,"geometry":{"type":"Polygon","coordinates":[[[-106.5918792220552,31.859306988452676],[-106.59221161291748,31.859309385049315],[-106.59220911715882,31.859102100255296],[-106.59187759682843,31.859102042876664],[-106.5918792220552,31.859306988452676]]]},"properties":{"OBJECTID":15720,"Join_Count":1,"TARGET_FID":30905,"PlaceType":"Neighborhood Center","SB840":"Y","TRACTCE":" ","BLKGRPCE":" ","GEOID":" ","INTPTLAT":" ","INTPTLON":" ","GrowthArea":"Y","LotArea":7728,"ZONELABEL":"A-2","Shape_Length":356.11074494839079,"Shape_Area":7728.0326478272655}},{"type":"Feature","id":15721,"geometry":{"type":"Polygon","coordinates":[[[-106.59097477137138,31.859353030378738],[-106.59137151108929,31.859353745536929],[-106.59137122895095,31.859284606142467],[-106.59097494360334,31.859283891741587],[-106.59097494293353,31.859283929711346],[-106.59097493737545,31.859285930733019],[-106.59097493509088,31.859286794373915],[-106.59097477941627,31.859349864012625],[-106.59097477137138,31.859353030378738]]]},"properties":{"OBJECTID":15721,"Join_Count":1,"TARGET_FID":30906,"PlaceType":"Neighborhood Center","SB840":"Y","TRACTCE":" ","BLKGRPCE":" ","GEOID":" ","INTPTLAT":" ","INTPTLON":" ","GrowthArea":"Y","LotArea":3097,"ZONELABEL":"A-2","Shape_Length":296.52871174661311,"Shape_Area":3096.5251123264379}},{"type":"Feature","id":15722,"geometry":{"type":"Polygon","coordinates":[[[-106.59237802728738,31.859305898052874],[-106.59270536407907,31.859301871979763],[-106.59270783982397,31.859214046666771],[-106.59237612019515,31.859214151868901],[-106.59237802728738,31.859305898052874]]]},"properties":{"OBJECTID":15722,"Join_Count":2,"TARGET_FID":30908,"PlaceType":"Neighborhood Center","SB840":"Y","TRACTCE":" ","BLKGRPCE":" ","GEOID":" ","INTPTLAT":" ","INTPTLON":" ","GrowthArea":"Y","LotArea":3342,"ZONELABEL":"R-3","Shape_Length":269.97984145005341,"Shape_Area":3341.8438208210805}},{"type":"Feature","id":15728,"geometry":{"type":"Polygon","coordinates":[[[-106.59097456931292,31.859434645580336],[-106.59137183808157,31.859433461030829],[-106.59137151108929,31.859353745536929],[-106.59097477137138,31.859353030378738],[-106.59097469790238,31.859382842893378],[-106.59097464748629,31.85940305971106],[-106.59097456992333,31.859434606710192],[-106.59097456931292,31.859434645580336]]]},"properties":{"OBJECTID":15728,"Join_Count":1,"TARGET_FID":30921,"PlaceType":"Neighborhood Center","SB840":"Y","TRACTCE":" ","BLKGRPCE":" ","GEOID":" ","INTPTLAT":" ","INTPTLON":" ","GrowthArea":"Y","LotArea":3617,"ZONELABEL":"A-2","Shape_Length":305.22071547459711,"Shape_Area":3617.2316921661841}},{"type":"Feature","id":15733,"geometry":{"type":"Polygon","coordinates":[[[-106.59097432681619,31.859511028243315],[-106.59137229532303,31.85951173405406],[-106.59137183808157,31.859433461030829],[-106.59097456931292,31.859434645580336],[-106.59097432681619,31.859511028243315]]]},"properties":{"OBJECTID":15733,"Join_Count":2,"TARGET_FID":30932,"PlaceType":"Neighborhood Center","SB840":"Y","TRACTCE":" ","BLKGRPCE":" ","GEOID":" ","INTPTLAT":" ","INTPTLON":" ","GrowthArea":"Y","LotArea":3473,"ZONELABEL":"A-2","Shape_Length":303.1739307958178,"Shape_Area":3472.9364174228581}},{"type":"Feature","id":15734,"geometry":{"type":"Polygon","coordinates":[[[-106.58444833715276,31.859484082892028],[-106.5846125140236,31.859839768457157],[-106.58518564678131,31.859666236899347],[-106.58504434748271,31.85929350257604],[-106.58444833715276,31.859484082892028]]]},"properties":{"OBJECTID":15734,"Join_Count":2,"TARGET_FID":30934,"PlaceType":"Neighborhood Center","SB840":"Y","TRACTCE":"001204","BLKGRPCE":"3","GEOID":"481410012043","INTPTLAT":"+31.8598461","INTPTLON":"-106.5813512","GrowthArea":"Y","LotArea":27189,"ZONELABEL":"R-4","Shape_Length":668.02137834544976,"Shape_Area":27189.053274938109}},{"type":"Feature","id":15735,"geometry":{"type":"Polygon","coordinates":[[[-106.57688070717033,31.860213896426913],[-106.5781822849402,31.860166516660239],[-106.57818194729084,31.860018674034887],[-106.57818173514265,31.859818731139985],[-106.57818057467458,31.85965172174453],[-106.57818047197111,31.85949881583381],[-106.57817978853045,31.859347328801846],[-106.57817918273737,31.859197696061308],[-106.57817881825375,31.859047822307147],[-106.57817831290724,31.858898396998594],[-106.57817762226973,31.858746446896838],[-106.57817738636975,31.858623857431809],[-106.57816775082848,31.85862529691909],[-106.57816408094375,31.857777337867891],[-106.57817371921371,31.85777676086817],[-106.57817225995937,31.857550724322873],[-106.57817459854813,31.857450486480406],[-106.57800762469262,31.857477949675239],[-106.57794940039192,31.857480493836736],[-106.5778916291524,31.857487186639734],[-106.57783471629565,31.857497979740128],[-106.5777790612045,31.857512798884638],[-106.57683767346124,31.857800871111078],[-106.57671630102257,31.857833979913938],[-106.57659283092384,31.85786085094502],[-106.5764677035352,31.857881389015642],[-106.57634136270173,31.857895519547462],[-106.57645022404394,31.858554850911087],[-106.57660930641066,31.859208092229345],[-106.57688070717033,31.860213896426913]]]},"properties":{"OBJECTID":15735,"Join_Count":6,"TARGET_FID":30936,"PlaceType":"Regional Corridor","SB840":"Y","TRACTCE":"001204","BLKGRPCE":"3","GEOID":"481410012043","INTPTLAT":"+31.8598461","INTPTLON":"-106.5813512","GrowthArea":"Y","LotArea":459024,"ZONELABEL":"A-2","Shape_Length":2853.3177244542085,"Shape_Area":459024.30282240221}},{"type":"Feature","id":15736,"geometry":{"type":"Polygon","coordinates":[[[-106.59153596241157,31.859515270381682],[-106.59188564516465,31.859515516112449],[-106.59187898905954,31.859310787086965],[-106.59187894556678,31.859310785564439],[-106.59178959682126,31.859311414869506],[-106.59153757706432,31.859313188778092],[-106.59153596241157,31.859515270381682]]]},"properties":{"OBJECTID":15736,"Join_Count":1,"TARGET_FID":30937,"PlaceType":"Neighborhood Center","SB840":"Y","TRACTCE":" ","BLKGRPCE":" ","GEOID":" ","INTPTLAT":" ","INTPTLON":" ","GrowthArea":"Y","LotArea":7939,"ZONELABEL":"A-2","Shape_Length":362.60343011716498,"Shape_Area":7939.3051235505955}},{"type":"Feature","id":15739,"geometry":{"type":"Polygon","coordinates":[[[-106.59188564516465,31.859515516112449],[-106.59220782852745,31.859518659938544],[-106.59221161291748,31.859309385049315],[-106.5918792220552,31.859306988452676],[-106.59187913921707,31.859308347347952],[-106.59187899020434,31.859310756320532],[-106.59187898905954,31.859310787086965],[-106.59188564516465,31.859515516112449]]]},"properties":{"OBJECTID":15739,"Join_Count":1,"TARGET_FID":30941,"PlaceType":"Neighborhood Center","SB840":"Y","TRACTCE":" ","BLKGRPCE":" ","GEOID":" ","INTPTLAT":" ","INTPTLON":" ","GrowthArea":"Y","LotArea":7726,"ZONELABEL":"A-2","Shape_Length":355.27889238724885,"Shape_Area":7726.3188220293823}},{"type":"Feature","id":15740,"geometry":{"type":"Polygon","coordinates":[[[-106.59237385486173,31.859510185664256],[-106.59270727724127,31.859509212808881],[-106.59270536407907,31.859301871979763],[-106.59237802728738,31.859305898052874],[-106.59237385486173,31.859510185664256]]]},"properties":{"OBJECTID":15740,"Join_Count":1,"TARGET_FID":30943,"PlaceType":"Neighborhood Center","SB840":"Y","TRACTCE":" ","BLKGRPCE":" ","GEOID":" ","INTPTLAT":" ","INTPTLON":" ","GrowthArea":"Y","LotArea":7680,"ZONELABEL":"A-2","Shape_Length":354.92809540868882,"Shape_Area":7680.0611566886182}},{"type":"Feature","id":15741,"geometry":{"type":"Polygon","coordinates":[[[-106.59097407476574,31.859577000214475],[-106.59137279398418,31.859577706991221],[-106.59137229532303,31.85951173405406],[-106.59097432681619,31.859511028243315],[-106.59097413599967,31.859560732900292],[-106.59097408901246,31.859573157900837],[-106.59097407438055,31.859576962295456],[-106.59097407476574,31.859577000214475]]]},"properties":{"OBJECTID":15741,"Join_Count":2,"TARGET_FID":30945,"PlaceType":"Neighborhood Center","SB840":"Y","TRACTCE":" ","BLKGRPCE":" ","GEOID":" ","INTPTLAT":" ","INTPTLON":" ","GrowthArea":"Y","LotArea":2968,"ZONELABEL":"A-2","Shape_Length":295.3618061358236,"Shape_Area":2968.3383432528917}},{"type":"Feature","id":15744,"geometry":{"type":"Polygon","coordinates":[[[-106.58911578337717,31.859729677428199],[-106.58920225608495,31.859729292941676],[-106.58918860889176,31.859458296144325],[-106.58905276115811,31.859460363732587],[-106.58873432326982,31.859464684713203],[-106.58874545379034,31.859741864277531],[-106.58884124175545,31.859739789585358],[-106.58911578337717,31.859729677428199]]]},"properties":{"OBJECTID":15744,"Join_Count":2,"TARGET_FID":30951,"PlaceType":"Neighborhood Center","SB840":"Y","TRACTCE":" ","BLKGRPCE":" ","GEOID":" ","INTPTLAT":" ","INTPTLON":" ","GrowthArea":"Y","LotArea":14083,"ZONELABEL":"S-D","Shape_Length":482.55998437281033,"Shape_Area":14083.370654110846}},{"type":"Feature","id":15745,"geometry":{"type":"Polygon","coordinates":[[[-106.58920225608495,31.859729292941676],[-106.58944596556196,31.859728178533238],[-106.58944626994827,31.859177079789895],[-106.58910096898983,31.859178849937791],[-106.58872792827606,31.85917428942571],[-106.58873432326982,31.859464684713203],[-106.58905276115811,31.859460363732587],[-106.58918860889176,31.859458296144325],[-106.58920225608495,31.859729292941676]]]},"properties":{"OBJECTID":15745,"Join_Count":3,"TARGET_FID":30953,"PlaceType":"Neighborhood Center","SB840":"Y","TRACTCE":" ","BLKGRPCE":" ","GEOID":" ","INTPTLAT":" ","INTPTLON":" ","GrowthArea":"Y","LotArea":30525,"ZONELABEL":"S-D","Shape_Length":844.61108171124158,"Shape_Area":30525.224854188662}},{"type":"Feature","id":15746,"geometry":{"type":"Polygon","coordinates":[[[-106.59097383282771,31.859640222128519],[-106.59137327215197,31.859640931341762],[-106.59137279398418,31.859577706991221],[-106.59097407476574,31.859577000214475],[-106.59097407409598,31.859577038184224],[-106.5909739141529,31.85961896596422],[-106.59097387211618,31.859629829867188],[-106.59097383282771,31.859640222128519]]]},"properties":{"OBJECTID":15746,"Join_Count":2,"TARGET_FID":30955,"PlaceType":"Neighborhood Center","SB840":"Y","TRACTCE":" ","BLKGRPCE":" ","GEOID":" ","INTPTLAT":" ","INTPTLON":" ","GrowthArea":"Y","LotArea":2850,"ZONELABEL":"A-2","Shape_Length":293.81792763877883,"Shape_Area":2849.8845517589111}},{"type":"Feature","id":15749,"geometry":{"type":"Polygon","coordinates":[[[-106.59188381553145,31.859624418949281],[-106.59220884552892,31.859628706803242],[-106.59220782852745,31.859518659938544],[-106.59188564516465,31.859515516112449],[-106.59188381553145,31.859624418949281]]]},"properties":{"OBJECTID":15749,"Join_Count":1,"TARGET_FID":30959,"PlaceType":"Neighborhood Center","SB840":"Y","TRACTCE":" ","BLKGRPCE":" ","GEOID":" ","INTPTLAT":" ","INTPTLON":" ","GrowthArea":"Y","LotArea":4002,"ZONELABEL":"A-2","Shape_Length":280.62635125142265,"Shape_Area":4001.692887950383}},{"type":"Feature","id":15755,"geometry":{"type":"Polygon","coordinates":[[[-106.59097348588402,31.859730933940142],[-106.59129528522594,31.859728554208704],[-106.59130854881516,31.85972716338296],[-106.59132138352425,31.859723988425547],[-106.59133346353185,31.859719111839109],[-106.59134447946481,31.859712656886511],[-106.59135415328731,31.859704788681732],[-106.59136223571549,31.859695707087877],[-106.59136852291944,31.859685643204475],[-106.59137285405649,31.85967485406654],[-106.59137511917666,31.859663614134995],[-106.59137525992102,31.859652209843336],[-106.59137327215197,31.859640931341762],[-106.59097383282771,31.859640222128519],[-106.59097382148454,31.859643370587243],[-106.5909737189709,31.85967003206423],[-106.59097356784653,31.859709735555658],[-106.59097348588402,31.859730933940142]]]},"properties":{"OBJECTID":15755,"Join_Count":2,"TARGET_FID":30969,"PlaceType":"Neighborhood Center","SB840":"Y","TRACTCE":" ","BLKGRPCE":" ","GEOID":" ","INTPTLAT":" ","INTPTLON":" ","GrowthArea":"Y","LotArea":3888,"ZONELABEL":"A-2","Shape_Length":302.57751243297855,"Shape_Area":3887.6218511362986}},{"type":"Feature","id":15758,"geometry":{"type":"Polygon","coordinates":[[[-106.59158697059334,31.859740519002109],[-106.59173438984394,31.859742653748523],[-106.59188183024604,31.859742606804886],[-106.59188381553145,31.859624418949281],[-106.59188564516465,31.859515516112449],[-106.59153596241157,31.859515270381682],[-106.59153123693076,31.859676640026198],[-106.59153195890477,31.859687340751261],[-106.59153474726983,31.85969779221087],[-106.59153952674195,31.859707703555827],[-106.59154616402593,31.859716802983989],[-106.5915544763149,31.859724838235167],[-106.591564232999,31.859731586445292],[-106.59157516569476,31.859736861793316],[-106.59158697059334,31.859740519002109]]]},"properties":{"OBJECTID":15758,"Join_Count":1,"TARGET_FID":30975,"PlaceType":"Neighborhood Center","SB840":"Y","TRACTCE":" ","BLKGRPCE":" ","GEOID":" ","INTPTLAT":" ","INTPTLON":" ","GrowthArea":"Y","LotArea":8870,"ZONELABEL":"A-2","Shape_Length":372.66729014571786,"Shape_Area":8870.1958904771745}},{"type":"Feature","id":15759,"geometry":{"type":"Polygon","coordinates":[[[-106.58527780289837,31.85855208449183],[-106.58586160496151,31.860071153483759],[-106.58635318544165,31.859922497065444],[-106.58680570687949,31.859785249627549],[-106.58632987518104,31.858560950508547],[-106.58618942143899,31.858206688194137],[-106.58618454732766,31.858196744188074],[-106.58617778862728,31.858187639502646],[-106.58616933487359,31.858179632404084],[-106.58615942744774,31.858172948860666],[-106.5861483455646,31.858167778699471],[-106.58613640474267,31.858164268453521],[-106.58612394384775,31.858162517467587],[-106.58611131547896,31.858162576553752],[-106.58609887717294,31.858164442993896],[-106.5856865165232,31.858355450239504],[-106.58527780289837,31.85855208449183]]]},"properties":{"OBJECTID":15759,"Join_Count":2,"TARGET_FID":30978,"PlaceType":"Neighborhood Center","SB840":"Y","TRACTCE":"001204","BLKGRPCE":"3","GEOID":"481410012043","INTPTLAT":"+31.8598461","INTPTLON":"-106.5813512","GrowthArea":"Y","LotArea":188169,"ZONELABEL":"C-4","Shape_Length":1824.5736304686234,"Shape_Area":188168.58694891658}},{"type":"Feature","id":15760,"geometry":{"type":"Polygon","coordinates":[[[-106.59243005304242,31.859741591492782],[-106.59257142980699,31.859743350957675],[-106.59271281950105,31.859742868620621],[-106.59270727724127,31.859509212808881],[-106.59237385486173,31.859510185664256],[-106.59237431887138,31.859677713777852],[-106.5923750409404,31.859688414498191],[-106.5923778293389,31.859698865039391],[-106.59238260895852,31.859708777253807],[-106.59238924632336,31.859717876639014],[-106.59239755862437,31.859725910936028],[-106.59240731536848,31.859732659082979],[-106.59241824817065,31.859737935260743],[-106.59243005304242,31.859741591492782]]]},"properties":{"OBJECTID":15760,"Join_Count":2,"TARGET_FID":30979,"PlaceType":"Neighborhood Center","SB840":"Y","TRACTCE":" ","BLKGRPCE":" ","GEOID":" ","INTPTLAT":" ","INTPTLON":" ","GrowthArea":"Y","LotArea":8732,"ZONELABEL":"R-3","Shape_Length":368.48217759786712,"Shape_Area":8732.382785009675}},{"type":"Feature","id":15765,"geometry":{"type":"Polygon","coordinates":[[[-106.5477300881961,31.861568590545687],[-106.54819338476521,31.86194403643637],[-106.54823774095895,31.861904168655865],[-106.54861475936562,31.86156529496445],[-106.54818826103647,31.861219671003365],[-106.54817203678765,31.861216589404588],[-106.54815543835556,31.861215840706315],[-106.54813892317848,31.861217444624298],[-106.54812294667443,31.861221357743023],[-106.5481079483488,31.861227471469352],[-106.54809434159797,31.861235617938114],[-106.54797709419792,31.86134989645296],[-106.54785563509033,31.861460924524366],[-106.5477300881961,31.861568590545687]]]},"properties":{"OBJECTID":15765,"Join_Count":1,"TARGET_FID":30991,"PlaceType":"Neighborhood Center","SB840":"Y","TRACTCE":" ","BLKGRPCE":" ","GEOID":" ","INTPTLAT":" ","INTPTLON":" ","GrowthArea":"Y","LotArea":37509,"ZONELABEL":"C-1","Shape_Length":767.70235789942853,"Shape_Area":37508.513451445404}},{"type":"Feature","id":15766,"geometry":{"type":"Polygon","coordinates":[[[-106.58500701768465,31.85876014844095],[-106.58554703089087,31.860165288506142],[-106.58586160496151,31.860071153483759],[-106.58527780289837,31.85855208449183],[-106.58505133259929,31.85866103894833],[-106.58503765897355,31.858669309185238],[-106.58502580521862,31.858679418718829],[-106.58501610384775,31.858691081505153],[-106.58500883265269,31.858703968061064],[-106.58500419718408,31.858717712627758],[-106.5850023263668,31.858731926930865],[-106.58500327608009,31.858746206331183],[-106.58500701768465,31.85876014844095]]]},"properties":{"OBJECTID":15766,"Join_Count":3,"TARGET_FID":30994,"PlaceType":"Neighborhood Center","SB840":"Y","TRACTCE":"001204","BLKGRPCE":"3","GEOID":"481410012043","INTPTLAT":"+31.8598461","INTPTLON":"-106.5813512","GrowthArea":"Y","LotArea":59095,"ZONELABEL":"C-4","Shape_Length":1345.408113825689,"Shape_Area":59095.428891427742}},{"type":"Feature","id":15776,"geometry":{"type":"Polygon","coordinates":[[[-106.58635318544165,31.859922497065444],[-106.58649582747195,31.86028733159241],[-106.58687666490064,31.860181624811883],[-106.58688823759084,31.860176883217491],[-106.58689876789155,31.860170618185776],[-106.58690798390987,31.860162991815795],[-106.58691564572779,31.860154201705296],[-106.58692155565554,31.860144475941485],[-106.5869255609809,31.8601340666463],[-106.58692755677809,31.860123244421821],[-106.58692749058886,31.860112289092491],[-106.58692536628658,31.860101484100021],[-106.58680570687949,31.859785249627549],[-106.58635318544165,31.859922497065444]]]},"properties":{"OBJECTID":15776,"Join_Count":2,"TARGET_FID":31018,"PlaceType":"Neighborhood Center","SB840":"Y","TRACTCE":"001204","BLKGRPCE":"3","GEOID":"481410012043","INTPTLAT":"+31.8598461","INTPTLON":"-106.5813512","GrowthArea":"Y","LotArea":20928,"ZONELABEL":"C-4","Shape_Length":570.13049142800367,"Shape_Area":20928.099472616403}},{"type":"Feature","id":15778,"geometry":{"type":"Polygon","coordinates":[[[-106.55936013399483,31.861609009891037],[-106.55964271630363,31.861660546615067],[-106.55979447449792,31.86112482732883],[-106.55982171249896,31.861028671626531],[-106.55989926877611,31.86075488705562],[-106.5590898076258,31.860576544177789],[-106.55900882601063,31.860495347257693],[-106.55884933580862,31.860471391523717],[-106.55885403798962,31.86054113954556],[-106.55810236324459,31.860546507507522],[-106.55810088510039,31.860892766890554],[-106.55809884370032,31.861370926318422],[-106.55809881495381,31.861377857498923],[-106.55809881056844,31.861378967814375],[-106.55832834673889,31.861420832130804],[-106.55874468924677,31.861496766084876],[-106.55876654776139,31.861500753043856],[-106.55877355970459,31.861502031912643],[-106.55936013399483,31.861609009891037]]]},"properties":{"OBJECTID":15778,"Join_Count":1,"TARGET_FID":31021,"PlaceType":"Neighborhood Center","SB840":"Y","TRACTCE":"010225","BLKGRPCE":"2","GEOID":"481410102252","INTPTLAT":"+31.8653556","INTPTLON":"-106.5664762","GrowthArea":"Y","LotArea":179255,"ZONELABEL":"C-3","Shape_Length":1739.4195407018894,"Shape_Area":179254.63578093372}},{"type":"Feature","id":15784,"geometry":{"type":"Polygon","coordinates":[[[-106.58568111334438,31.860506267462529],[-106.58568564515123,31.860515641694658],[-106.58569185718488,31.860524286692808],[-106.58569959124166,31.860531986042201],[-106.58570865449359,31.860538543959333],[-106.58571881820933,31.860543797999402],[-106.58572982695264,31.860547614098053],[-106.58574140357425,31.860549898074421],[-106.58575325841002,31.860550590673178],[-106.585765091985,31.860549676466981],[-106.58593756408912,31.86047956697583],[-106.58610858434263,31.860406911990545],[-106.58649582747195,31.86028733159241],[-106.58635318544165,31.859922497065444],[-106.58586160496151,31.860071153483759],[-106.58554703089087,31.860165288506142],[-106.58568111334438,31.860506267462529]]]},"properties":{"OBJECTID":15784,"Join_Count":3,"TARGET_FID":31033,"PlaceType":"Neighborhood Center","SB840":"Y","TRACTCE":"001204","BLKGRPCE":"3","GEOID":"481410012043","INTPTLAT":"+31.8598461","INTPTLON":"-106.5813512","GrowthArea":"Y","LotArea":38266,"ZONELABEL":"C-4","Shape_Length":815.87829505657317,"Shape_Area":38266.089557400403}},{"type":"Feature","id":15785,"geometry":{"type":"Polygon","coordinates":[[[-106.54823774095895,31.861904168655865],[-106.54875649900902,31.862324553417888],[-106.54883336260366,31.862217843731703],[-106.54891599120819,31.862114320061668],[-106.54900420279392,31.862014208770713],[-106.54901569553654,31.862002308034743],[-106.54902482797355,31.861988999792977],[-106.54903136614506,31.861974622192889],[-106.54903514456656,31.86195954082363],[-106.54903606768973,31.861944138710477],[-106.54903411142219,31.861928807209885],[-106.54902932663951,31.861913935002644],[-106.54902183343745,31.861899901142046],[-106.54901182341197,31.861887061396679],[-106.54861475936562,31.86156529496445],[-106.54823774095895,31.861904168655865]]]},"properties":{"OBJECTID":15785,"Join_Count":1,"TARGET_FID":31034,"PlaceType":"Neighborhood Center","SB840":"Y","TRACTCE":" ","BLKGRPCE":" ","GEOID":" ","INTPTLAT":" ","INTPTLON":" ","GrowthArea":"Y","LotArea":35052,"ZONELABEL":"C-1","Shape_Length":749.30217546740607,"Shape_Area":35051.5714726964}},{"type":"Feature","id":15787,"geometry":{"type":"Polygon","coordinates":[[[-106.5587650832035,31.861844506119425],[-106.55893417543309,31.861843816365781],[-106.55893464359502,31.861733863670988],[-106.55876555156125,31.861734553425269],[-106.5587650832035,31.861844506119425]]]},"properties":{"OBJECTID":15787,"Join_Count":1,"TARGET_FID":31037,"PlaceType":"Neighborhood Center","SB840":"Y","TRACTCE":"010225","BLKGRPCE":"2","GEOID":"481410102252","INTPTLAT":"+31.8653556","INTPTLON":"-106.5664762","GrowthArea":"Y","LotArea":2100,"ZONELABEL":"C-3","Shape_Length":185.00031013703187,"Shape_Area":2099.9327795860099}},{"type":"Feature","id":15792,"geometry":{"type":"Polygon","coordinates":[[[-106.54650120956121,31.862418551965249],[-106.54697550883674,31.862455604045763],[-106.54684594181853,31.862084243140465],[-106.54676036488945,31.862104882593766],[-106.54667333872553,31.8621204931794],[-106.54658526717074,31.862131003235863],[-106.54649656082007,31.862136363361763],[-106.54649853476802,31.862329839172229],[-106.54650120956121,31.862418551965249]]]},"properties":{"OBJECTID":15792,"Join_Count":2,"TARGET_FID":31045,"PlaceType":"Neighborhood Center","SB840":"Y","TRACTCE":" ","BLKGRPCE":" ","GEOID":" ","INTPTLAT":" ","INTPTLON":" ","GrowthArea":"Y","LotArea":15018,"ZONELABEL":"R-3","Shape_Length":501.94608015330078,"Shape_Area":15017.787004975653}},{"type":"Feature","id":15794,"geometry":{"type":"Polygon","coordinates":[[[-106.54697550883674,31.862455604045763],[-106.54770649215274,31.86255817422909],[-106.5478477988423,31.861824656201694],[-106.54760127930307,31.861688857151005],[-106.54752719878094,31.861750686942727],[-106.54745262917382,31.861809301860674],[-106.54737411582842,31.861864036684576],[-106.54729193509621,31.861914699374932],[-106.54720637687656,31.861961110794915],[-106.54708792312424,31.862005702085721],[-106.54696772976975,31.862046762358652],[-106.54684594181853,31.862084243140465],[-106.54697550883674,31.862455604045763]]]},"properties":{"OBJECTID":15794,"Join_Count":4,"TARGET_FID":31055,"PlaceType":"Neighborhood Center","SB840":"Y","TRACTCE":" ","BLKGRPCE":" ","GEOID":" ","INTPTLAT":" ","INTPTLON":" ","GrowthArea":"Y","LotArea":61867,"ZONELABEL":"R-3","Shape_Length":1011.1487172595934,"Shape_Area":61866.870583978998}},{"type":"Feature","id":15796,"geometry":{"type":"Polygon","coordinates":[[[-106.58515473083797,31.860559165240165],[-106.58528820212346,31.860830551450107],[-106.58538459806368,31.860756462991876],[-106.58548496239054,31.860686319078045],[-106.58550015163141,31.860679538696797],[-106.58551378744401,31.860670674989692],[-106.5855254821245,31.860659979618315],[-106.58553490229066,31.860647757638802],[-106.58554177989376,31.860634357940238],[-106.5855459188319,31.860620161184478],[-106.58554719980944,31.860605573249895],[-106.5854325482681,31.860290830680807],[-106.58531202039356,31.85997769256204],[-106.58518564678131,31.859666236899347],[-106.5846125140236,31.859839768457157],[-106.58493342270202,31.860536752344711],[-106.58509414810021,31.860479174552491],[-106.58512346454734,31.860517883029736],[-106.58515473083797,31.860559165240165]]]},"properties":{"OBJECTID":15796,"Join_Count":3,"TARGET_FID":31060,"PlaceType":"Neighborhood Center","SB840":"Y","TRACTCE":"001204","BLKGRPCE":"3","GEOID":"481410012043","INTPTLAT":"+31.8598461","INTPTLON":"-106.5813512","GrowthArea":"Y","LotArea":62456,"ZONELABEL":"R-4","Shape_Length":1134.6134397741698,"Shape_Area":62456.061466356165}},{"type":"Feature","id":15797,"geometry":{"type":"Polygon","coordinates":[[[-106.5580954946423,31.862155502061128],[-106.55876376929618,31.862152777331954],[-106.5587650832035,31.861844506119425],[-106.55876555156125,31.861734553425269],[-106.55876654776139,31.861500753043856],[-106.55874468924677,31.861496766084876],[-106.55832834673889,31.861420832130804],[-106.55809881056844,31.861378967814375],[-106.55809857804505,31.861433378631137],[-106.5580979807463,31.86157335457861],[-106.55809567892814,31.862112321078072],[-106.55809565172487,31.862118743647702],[-106.5580954946423,31.862155502061128]]]},"properties":{"OBJECTID":15797,"Join_Count":1,"TARGET_FID":31069,"PlaceType":"Neighborhood Center","SB840":"Y","TRACTCE":"010225","BLKGRPCE":"2","GEOID":"481410102252","INTPTLAT":"+31.8653556","INTPTLON":"-106.5664762","GrowthArea":"Y","LotArea":53913,"ZONELABEL":"C-3","Shape_Length":939.1867742878386,"Shape_Area":53913.455649889926}},{"type":"Feature","id":15798,"geometry":{"type":"Polygon","coordinates":[[[-106.54770649215274,31.86255817422909],[-106.54856067619532,31.862678026376468],[-106.54860166427783,31.862586583548364],[-106.54864804611013,31.862497036595343],[-106.54869970249877,31.862409617917997],[-106.54875649900902,31.862324553417888],[-106.54823774095895,31.861904168655865],[-106.54819338476521,31.86194403643637],[-106.5477300881961,31.861568590545687],[-106.54762245227452,31.861666996821171],[-106.54760127930307,31.861688857151005],[-106.5478477988423,31.861824656201694],[-106.54770649215274,31.86255817422909]]]},"properties":{"OBJECTID":15798,"Join_Count":3,"TARGET_FID":31077,"PlaceType":"Neighborhood Center","SB840":"Y","TRACTCE":" ","BLKGRPCE":" ","GEOID":" ","INTPTLAT":" ","INTPTLON":" ","GrowthArea":"Y","LotArea":72419,"ZONELABEL":"C-1","Shape_Length":1272.5133630433809,"Shape_Area":72419.462750727878}},{"type":"Feature","id":15802,"geometry":{"type":"Polygon","coordinates":[[[-106.5898350282928,31.86077511624617],[-106.5912893942117,31.860795925751027],[-106.59128986260501,31.860042039032233],[-106.58988267006646,31.860038049483723],[-106.58986728600208,31.86003777976639],[-106.58985206610019,31.860039709761544],[-106.58983743860684,31.860043785469866],[-106.58982381506887,31.860049892272166],[-106.58981158095776,31.860057857186035],[-106.58980108026057,31.86006745592972],[-106.58979260851041,31.860078419579242],[-106.58978640446517,31.860090436775323],[-106.58978264279607,31.860103171236346],[-106.5897568824553,31.860712812114556],[-106.5897556745339,31.860721839668265],[-106.58975626987265,31.860730912451345],[-106.58975865118693,31.860739768441608],[-106.58976275096703,31.860748154353146],[-106.58976845066037,31.860755829288422],[-106.58977558753652,31.86076257253848],[-106.58978395516209,31.860768190785642],[-106.58979331424803,31.86077252209931],[-106.58980339628992,31.860775442986817],[-106.58981391095296,31.860776868038936],[-106.58982455721656,31.860776758426805],[-106.5898350282928,31.86077511624617]]]},"properties":{"OBJECTID":15802,"Join_Count":1,"TARGET_FID":31093,"PlaceType":"Neighborhood Center","SB840":"Y","TRACTCE":"010230","BLKGRPCE":"1","GEOID":"481410102301","INTPTLAT":"+31.8696112","INTPTLON":"-106.5967949","GrowthArea":"Y","LotArea":127699,"ZONELABEL":"A-O","Shape_Length":1467.3794910392448,"Shape_Area":127699.12440276718}},{"type":"Feature","id":15803,"geometry":{"type":"Polygon","coordinates":[[[-106.5912893942117,31.860795925751027],[-106.59230200863666,31.860810406077064],[-106.59231618152039,31.860808085332639],[-106.59232970393438,31.860803782454685],[-106.59234219751085,31.860797617702076],[-106.59235331487815,31.860789764040096],[-106.59236274446067,31.860780439683829],[-106.59237022307951,31.860769906588878],[-106.59237554244633,31.860758456590229],[-106.59237855338331,31.860746411198985],[-106.59237163405051,31.860104827542614],[-106.59236797775192,31.860092564299109],[-106.59236190092308,31.860081021705287],[-106.59235358511032,31.860070545117608],[-106.59234327859312,31.860061448683059],[-106.5923312892815,31.860054003937897],[-106.59231797580074,31.860048433010132],[-106.59230373763961,31.860044903673661],[-106.59128986260501,31.860042039032233],[-106.5912893942117,31.860795925751027]]]},"properties":{"OBJECTID":15803,"Join_Count":1,"TARGET_FID":31105,"PlaceType":"Neighborhood Center","SB840":"Y","TRACTCE":"010230","BLKGRPCE":"1","GEOID":"481410102301","INTPTLAT":"+31.8696112","INTPTLON":"-106.5967949","GrowthArea":"Y","LotArea":92910,"ZONELABEL":"A-O","Shape_Length":1204.9758607744161,"Shape_Area":92910.04055298325}},{"type":"Feature","id":15804,"geometry":{"type":"Polygon","coordinates":[[[-106.59258808867688,31.860793094814831],[-106.59302395121362,31.860796636870798],[-106.59303089225511,31.860062229074749],[-106.59265904827772,31.860059864034859],[-106.5926454603169,31.860060958960222],[-106.59263229622182,31.860064034262887],[-106.5926199499722,31.860068997837924],[-106.59260878859403,31.860075701969418],[-106.59259914594824,31.860083945436457],[-106.59259131171989,31.860093483074706],[-106.5925855168266,31.860104029187688],[-106.59258193741508,31.860115270000684],[-106.59255337410477,31.860728497550745],[-106.59255365494512,31.860740819178456],[-106.59255629296499,31.860752935356285],[-106.59256121589338,31.860764520766182],[-106.5925682920364,31.860775263785886],[-106.59257733081159,31.860784874592767],[-106.59258808867688,31.860793094814831]]]},"properties":{"OBJECTID":15804,"Join_Count":1,"TARGET_FID":31107,"PlaceType":"Neighborhood Center","SB840":"Y","TRACTCE":"010230","BLKGRPCE":"1","GEOID":"481410102301","INTPTLAT":"+31.8696112","INTPTLON":"-106.5967949","GrowthArea":"Y","LotArea":37938,"ZONELABEL":"A-O","Shape_Length":802.03071214585088,"Shape_Area":37937.857622201474}},{"type":"Feature","id":15805,"geometry":{"type":"Polygon","coordinates":[[[-106.59302395121362,31.860796636870798],[-106.59368576928709,31.860802014400882],[-106.59368048188173,31.860432989554731],[-106.59367522756062,31.860066325129605],[-106.59303089225511,31.860062229074749],[-106.59302395121362,31.860796636870798]]]},"properties":{"OBJECTID":15805,"Join_Count":1,"TARGET_FID":31111,"PlaceType":"Neighborhood Center","SB840":"Y","TRACTCE":"010230","BLKGRPCE":"1","GEOID":"481410102301","INTPTLAT":"+31.8696112","INTPTLON":"-106.5967949","GrowthArea":"Y","LotArea":54220,"ZONELABEL":"A-O","Shape_Length":940.38985747948357,"Shape_Area":54220.338825921826}},{"type":"Feature","id":15806,"geometry":{"type":"Polygon","coordinates":[[[-106.58640273822809,31.860653010176677],[-106.58663214783256,31.861166729757585],[-106.58682093547486,31.861110315917376],[-106.58718066098425,31.861002819539269],[-106.58718070669285,31.861002806504544],[-106.58718074718561,31.861002794623651],[-106.58718994410887,31.861000045926286],[-106.58724011990851,31.860985051517375],[-106.58717229236312,31.860806924948573],[-106.58705232358625,31.860538285475155],[-106.58704382602519,31.860526761380303],[-106.58703334448745,31.860516495991344],[-106.58702113016794,31.860507735578928],[-106.58700747643465,31.860500691870321],[-106.58699271190464,31.860495533349308],[-106.5869771908303,31.860492383911399],[-106.58696128547682,31.860491319616887],[-106.58694537844016,31.86049236454355],[-106.58692985133919,31.860495495845917],[-106.58640273822809,31.860653010176677]]]},"properties":{"OBJECTID":15806,"Join_Count":1,"TARGET_FID":31114,"PlaceType":"Neighborhood Center","SB840":"Y","TRACTCE":"010227","BLKGRPCE":"2","GEOID":"481410102272","INTPTLAT":"+31.8713773","INTPTLON":"-106.5843813","GrowthArea":"Y","LotArea":40348,"ZONELABEL":"C-3","Shape_Length":790.7056632734151,"Shape_Area":40347.549235144921}},{"type":"Feature","id":15807,"geometry":{"type":"Polygon","coordinates":[[[-106.59368576928709,31.860802014400882],[-106.5943692944943,31.860807564178234],[-106.59438010659326,31.860803393219289],[-106.59438999589874,31.860797797003091],[-106.59439870745355,31.860790921474816],[-106.59440601692626,31.860782943624841],[-106.59441173260214,31.860774069586654],[-106.59441570985634,31.860764529424163],[-106.59441784522474,31.860754567481056],[-106.59441116628193,31.86044147527053],[-106.59427945042692,31.860439945105313],[-106.59416970720602,31.860438670711343],[-106.59414962421044,31.86043843775667],[-106.59404304052235,31.860437200114674],[-106.59404299708848,31.860437199493319],[-106.59404295154455,31.860437198973433],[-106.59397314032884,31.860436388958526],[-106.59394340923093,31.860436042694495],[-106.59389754702821,31.860435510972131],[-106.59380310780598,31.86043441361776],[-106.59380306226207,31.860434413097803],[-106.59380301783257,31.860434413427537],[-106.59374958771902,31.860433792091417],[-106.59368048188173,31.860432989554731],[-106.59368576928709,31.860802014400882]]]},"properties":{"OBJECTID":15807,"Join_Count":1,"TARGET_FID":31115,"PlaceType":"Neighborhood Center","SB840":"Y","TRACTCE":"010230","BLKGRPCE":"1","GEOID":"481410102301","INTPTLAT":"+31.8696112","INTPTLON":"-106.5967949","GrowthArea":"Y","LotArea":30306,"ZONELABEL":"A-O","Shape_Length":713.08287201254575,"Shape_Area":30306.429139277065}},{"type":"Feature","id":15808,"geometry":{"type":"Polygon","coordinates":[[[-106.58486259526757,31.861259166413852],[-106.58486581068031,31.861265782956131],[-106.58492077192413,31.861193566870991],[-106.58495596282387,31.861152370828901],[-106.58498148314655,31.861124208126231],[-106.58500292250571,31.861098037969626],[-106.58503252281027,31.861067884556313],[-106.58505617964011,31.861043403622592],[-106.58508088620782,31.86101887228071],[-106.58511036846504,31.860986928809918],[-106.58513309350349,31.860964288304068],[-106.58515494577992,31.860944383256541],[-106.58516998191394,31.860932887060304],[-106.58520027113205,31.860904516099776],[-106.5852275636645,31.860882351781719],[-106.58525415849327,31.860858835339059],[-106.58528121440538,31.860835714965376],[-106.58528820212346,31.860830551450107],[-106.58515473083797,31.860559165240165],[-106.58512346454734,31.860517883029736],[-106.58509414810021,31.860479174552491],[-106.58493342270202,31.860536752344711],[-106.58493246520077,31.860586305750473],[-106.58494130986358,31.86093158761896],[-106.58474388760844,31.861004894368016],[-106.5848682495933,31.861252912563785],[-106.58486259526757,31.861259166413852]]]},"properties":{"OBJECTID":15808,"Join_Count":2,"TARGET_FID":31116,"PlaceType":"Neighborhood Center","SB840":"Y","TRACTCE":"001204","BLKGRPCE":"3","GEOID":"481410012043","INTPTLAT":"+31.8598461","INTPTLON":"-106.5813512","GrowthArea":"Y","LotArea":20510,"ZONELABEL":"R-4","Shape_Length":716.18095967884915,"Shape_Area":20510.465015002959}},{"type":"Feature","id":15814,"geometry":{"type":"Polygon","coordinates":[[[-106.58588128753864,31.860850974395952],[-106.58609409091447,31.861327513231593],[-106.58663214783256,31.861166729757585],[-106.58640273822809,31.860653010176677],[-106.58626850113626,31.860694748642413],[-106.58613666134845,31.860741723726427],[-106.5860074980629,31.860793836216349],[-106.58588128753864,31.860850974395952]]]},"properties":{"OBJECTID":15814,"Join_Count":1,"TARGET_FID":31128,"PlaceType":"Neighborhood Center","SB840":"Y","TRACTCE":"010227","BLKGRPCE":"2","GEOID":"481410102272","INTPTLAT":"+31.8713773","INTPTLON":"-106.5843813","GrowthArea":"Y","LotArea":34559,"ZONELABEL":"C-3","Shape_Length":739.95608853971203,"Shape_Area":34559.08894506131}},{"type":"Feature","id":15817,"geometry":{"type":"Polygon","coordinates":[[[-106.55809309915151,31.862717084185828],[-106.55876142007895,31.862714359252603],[-106.55876376929618,31.862152777331954],[-106.5580954946423,31.862155502061128],[-106.55809532480616,31.862195468556763],[-106.55809466396131,31.862350279010357],[-106.55809456007162,31.862374770426143],[-106.55809309915151,31.862717084185828]]]},"properties":{"OBJECTID":15817,"Join_Count":1,"TARGET_FID":31153,"PlaceType":"Neighborhood Center","SB840":"Y","TRACTCE":"010225","BLKGRPCE":"2","GEOID":"481410102252","INTPTLAT":"+31.8653556","INTPTLON":"-106.5664762","GrowthArea":"Y","LotArea":42389,"ZONELABEL":"C-3","Shape_Length":823.58601225928419,"Shape_Area":42389.307460742544}},{"type":"Feature","id":15819,"geometry":{"type":"Polygon","coordinates":[[[-106.59574025356993,31.860971320199887],[-106.59607739889236,31.860972867930776],[-106.59608436725306,31.860601626458969],[-106.59595901635431,31.860546969090787],[-106.5958685580394,31.860507526427035],[-106.59578356155407,31.86047046489438],[-106.595646325606,31.860440844135841],[-106.59553249624781,31.860437698913401],[-106.5954408232859,31.860437768611483],[-106.59536306206803,31.860437975795492],[-106.5952273064331,31.860438338135108],[-106.59510953548721,31.860438651066271],[-106.59502159993563,31.860438885780017],[-106.59490186921813,31.860439203347855],[-106.59479817209778,31.860439479598227],[-106.59475888514362,31.860439584028065],[-106.59471262167881,31.860439707795461],[-106.59471257718992,31.860439707225076],[-106.59459060107353,31.860440031319715],[-106.59458662751543,31.86074181192329],[-106.59458364590888,31.860751988896428],[-106.5945827809666,31.860762453395079],[-106.59458405718986,31.860772887190908],[-106.59458743777009,31.860782973197573],[-106.59459281785743,31.86079240572991],[-106.59460003552715,31.860800896299708],[-106.59460887173478,31.860808188973817],[-106.59461905676535,31.86081406187008],[-106.59463028243295,31.860818335604094],[-106.5954195653061,31.860800174865805],[-106.59545778957342,31.860790465326076],[-106.59549738569301,31.860786401213844],[-106.59553721741958,31.86078810130897],[-106.59557614049581,31.860795514962359],[-106.59561303917596,31.860808430274652],[-106.59564685395273,31.860826477279264],[-106.59567661380136,31.860849135423827],[-106.5957014652744,31.860875757462221],[-106.59572069308241,31.860905576593638],[-106.59573374761388,31.860937738560235],[-106.59574025356993,31.860971320199887]]]},"properties":{"OBJECTID":15819,"Join_Count":2,"TARGET_FID":31156,"PlaceType":"Neighborhood Center","SB840":"Y","TRACTCE":"010230","BLKGRPCE":"1","GEOID":"481410102301","INTPTLAT":"+31.8696112","INTPTLON":"-106.5967949","GrowthArea":"Y","LotArea":65573,"ZONELABEL":"A-O","Shape_Length":1241.8762298673673,"Shape_Area":65573.182205827223}},{"type":"Feature","id":15820,"geometry":{"type":"Polygon","coordinates":[[[-106.58799778594437,31.861274674893522],[-106.58803339749572,31.861369399448606],[-106.58821032028202,31.861324038732416],[-106.58849293499433,31.861255396592398],[-106.58886970465892,31.861207336759335],[-106.58920012187086,31.861160578852576],[-106.58952648328315,31.861159404479224],[-106.58951293001491,31.860143087495437],[-106.58951008891506,31.860125463831448],[-106.5895041245878,31.86010841748535],[-106.58949517571305,31.860092350073312],[-106.58948345351443,31.860077639853611],[-106.58946923372086,31.860064632176776],[-106.58945285081602,31.860053632536047],[-106.58943469023757,31.860044900619226],[-106.58941517828818,31.860038641760799],[-106.58912806862166,31.86003098847344],[-106.58898107979607,31.860036730115187],[-106.58883466229632,31.860049176241951],[-106.58868923503634,31.86006829227567],[-106.58802011451172,31.860197469584044],[-106.58763231954221,31.860299182772778],[-106.58766492926897,31.860375778406258],[-106.58792971302512,31.861085165659095],[-106.58799778594437,31.861274674893522]]]},"properties":{"OBJECTID":15820,"Join_Count":2,"TARGET_FID":31157,"PlaceType":"Neighborhood Center","SB840":"Y","TRACTCE":"010230","BLKGRPCE":"1","GEOID":"481410102301","INTPTLAT":"+31.8696112","INTPTLON":"-106.5967949","GrowthArea":"Y","LotArea":218875,"ZONELABEL":"C-2","Shape_Length":1867.7066452106383,"Shape_Area":218874.92166365919}},{"type":"Feature","id":15824,"geometry":{"type":"Polygon","coordinates":[[[-106.56074423704526,31.862461243627074],[-106.56113170549042,31.862837388530629],[-106.56114254375318,31.861677876771136],[-106.56114284222255,31.861645981006049],[-106.56065975791797,31.861642712800496],[-106.5605714266447,31.861860707479011],[-106.56063221755588,31.862203302577779],[-106.56074423704526,31.862461243627074]]]},"properties":{"OBJECTID":15824,"Join_Count":4,"TARGET_FID":31168,"PlaceType":"Neighborhood Center","SB840":"Y","TRACTCE":"010225","BLKGRPCE":"2","GEOID":"481410102252","INTPTLAT":"+31.8653556","INTPTLON":"-106.5664762","GrowthArea":"Y","LotArea":55028,"ZONELABEL":"R-3","Shape_Length":1075.6705078816508,"Shape_Area":55027.583887555003}},{"type":"Feature","id":15829,"geometry":{"type":"Polygon","coordinates":[[[-106.54812121483771,31.863547199688231],[-106.54836979562701,31.863552605120461],[-106.54837537271415,31.863424993628122],[-106.54838825986586,31.863297768458047],[-106.54840842828753,31.863171233571357],[-106.54843582802489,31.863045693034692],[-106.54847039399971,31.862921446216284],[-106.54851204319895,31.862798793339174],[-106.54856067619532,31.862678026376468],[-106.54770649215274,31.86255817422909],[-106.54697550883674,31.862455604045763],[-106.54650120956121,31.862418551965249],[-106.54649896913654,31.862492447475887],[-106.54649774643477,31.862657871697756],[-106.546494242189,31.862822654172572],[-106.54649535751867,31.862991246520789],[-106.54649634021075,31.863151529834898],[-106.54649992821832,31.863559142304656],[-106.5466353793673,31.863558037959283],[-106.54679723106483,31.863557700569949],[-106.54698890065963,31.863558014833561],[-106.5472146191985,31.863556197205249],[-106.54743573849012,31.863554741393681],[-106.54771873920421,31.863556167788996],[-106.54812121483771,31.863547199688231]]]},"properties":{"OBJECTID":15829,"Join_Count":4,"TARGET_FID":31184,"PlaceType":"Neighborhood Center","SB840":"Y","TRACTCE":" ","BLKGRPCE":" ","GEOID":" ","INTPTLAT":" ","INTPTLON":" ","GrowthArea":"Y","LotArea":224868,"ZONELABEL":"R-3","Shape_Length":1967.4136865450155,"Shape_Area":224868.19486761169}},{"type":"Feature","id":15833,"geometry":{"type":"Polygon","coordinates":[[[-106.5839270527936,31.861663692552348],[-106.58428421121087,31.861898896003105],[-106.58486259526757,31.861259166413852],[-106.5848682495933,31.861252912563785],[-106.58474388760844,31.861004894368016],[-106.5847391754353,31.860995496250471],[-106.58413520220491,31.86121608587893],[-106.58415841587066,31.861467239764629],[-106.58414327243183,31.861480097696457],[-106.5839270527936,31.861663692552348]]]},"properties":{"OBJECTID":15833,"Join_Count":3,"TARGET_FID":31198,"PlaceType":"Neighborhood Center","SB840":"Y","TRACTCE":"001204","BLKGRPCE":"3","GEOID":"481410012043","INTPTLAT":"+31.8598461","INTPTLON":"-106.5813512","GrowthArea":"Y","LotArea":46600,"ZONELABEL":"C-4","Shape_Length":935.7061693451559,"Shape_Area":46600.027426244749}},{"type":"Feature","id":15840,"geometry":{"type":"Polygon","coordinates":[[[-106.55876939533815,31.863484755095399],[-106.55923033089944,31.863482873557146],[-106.55928467123481,31.862803702465499],[-106.55964271630363,31.861660546615067],[-106.55936013399483,31.861609009891037],[-106.55877355970459,31.861502031912643],[-106.55876654776139,31.861500753043856],[-106.55876555156125,31.861734553425269],[-106.55893464359502,31.861733863670988],[-106.55893417543309,31.861843816365781],[-106.5587650832035,31.861844506119425],[-106.55876376929618,31.862152777331954],[-106.55876142007895,31.862714359252603],[-106.55809309915151,31.862717084185828],[-106.55809268782868,31.862813340663767],[-106.55872288021408,31.862810771322824],[-106.55874330668468,31.863106747461767],[-106.55876939533815,31.863484755095399]]]},"properties":{"OBJECTID":15840,"Join_Count":2,"TARGET_FID":31257,"PlaceType":"Neighborhood Center","SB840":"Y","TRACTCE":"010225","BLKGRPCE":"2","GEOID":"481410102252","INTPTLAT":"+31.8653556","INTPTLON":"-106.5664762","GrowthArea":"Y","LotArea":142763,"ZONELABEL":"C-1","Shape_Length":2329.7018011622977,"Shape_Area":142763.27855086111}},{"type":"Feature","id":15842,"geometry":{"type":"Polygon","coordinates":[[[-106.58324473022552,31.861908861977877],[-106.583873340173,31.86232283158909],[-106.58399706362388,31.862216494538327],[-106.58428421121087,31.861898896003105],[-106.5839270527936,31.861663692552348],[-106.58386968516028,31.861712403136938],[-106.5838393144133,31.861710207356918],[-106.58346885157646,31.861683418996087],[-106.58346504230211,31.861683142987857],[-106.58337591624385,31.861763770162508],[-106.58336292856944,31.861775520077895],[-106.58326535619692,31.86186378689386],[-106.58325441554814,31.861887696824859],[-106.58324473022552,31.861908861977877]]]},"properties":{"OBJECTID":15842,"Join_Count":3,"TARGET_FID":31261,"PlaceType":"Neighborhood Center","SB840":"Y","TRACTCE":"001204","BLKGRPCE":"3","GEOID":"481410012043","INTPTLAT":"+31.8598461","INTPTLON":"-106.5813512","GrowthArea":"Y","LotArea":43896,"ZONELABEL":"C-4","Shape_Length":846.19397325009129,"Shape_Area":43896.141165197027}},{"type":"Feature","id":15843,"geometry":{"type":"Polygon","coordinates":[[[-106.58718994410887,31.861000045926286],[-106.58762837450867,31.862151425022326],[-106.58767742696809,31.862133479248676],[-106.58724011990851,31.860985051517375],[-106.58718994410887,31.861000045926286]]]},"properties":{"OBJECTID":15843,"Join_Count":2,"TARGET_FID":31263,"PlaceType":"Neighborhood Center","SB840":"Y","TRACTCE":"010227","BLKGRPCE":"2","GEOID":"481410102272","INTPTLAT":"+31.8713773","INTPTLON":"-106.5843813","GrowthArea":"Y","LotArea":7259,"ZONELABEL":"C-3","Shape_Length":912.7978381034012,"Shape_Area":7258.5020744049243}},{"type":"Feature","id":15845,"geometry":{"type":"Polygon","coordinates":[[[-106.55912902339102,31.863568554673012],[-106.55922360035125,31.863566961818989],[-106.55922482767386,31.863551623604238],[-106.55923033089944,31.863482873557146],[-106.55876939533815,31.863484755095399],[-106.55810222753644,31.863487474362206],[-106.55810396881107,31.863569925469822],[-106.5585359175647,31.863574812859525],[-106.55892599650031,31.863572518187691],[-106.55912902339102,31.863568554673012]]]},"properties":{"OBJECTID":15845,"Join_Count":4,"TARGET_FID":31269,"PlaceType":"Neighborhood Center","SB840":"Y","TRACTCE":"010225","BLKGRPCE":"2","GEOID":"481410102252","INTPTLAT":"+31.8653556","INTPTLON":"-106.5664762","GrowthArea":"Y","LotArea":11031,"ZONELABEL":"C-1","Shape_Length":758.56332936358069,"Shape_Area":11031.134546778661}},{"type":"Feature","id":15846,"geometry":{"type":"Polygon","coordinates":[[[-106.55922360035125,31.863566961818989],[-106.55941763374757,31.863564668048333],[-106.55942424156518,31.863482082337182],[-106.55923033089944,31.863482873557146],[-106.55922482767386,31.863551623604238],[-106.55922360035125,31.863566961818989]]]},"properties":{"OBJECTID":15846,"Join_Count":4,"TARGET_FID":31270,"PlaceType":"Neighborhood Center","SB840":"Y","TRACTCE":"010225","BLKGRPCE":"2","GEOID":"481410102252","INTPTLAT":"+31.8653556","INTPTLON":"-106.5664762","GrowthArea":"Y","LotArea":1825,"ZONELABEL":"C-1","Shape_Length":181.22838205939274,"Shape_Area":1824.6387796851398}},{"type":"Feature","id":15850,"geometry":{"type":"Polygon","coordinates":[[[-106.55945805145872,31.863564479619253],[-106.55983711221295,31.863568834068712],[-106.56010233503247,31.863430063224747],[-106.55987729572908,31.863160970549217],[-106.56113027894507,31.862990101413843],[-106.56113170549042,31.862837388530629],[-106.56074423704526,31.862461243627074],[-106.56063221755588,31.862203302577779],[-106.5605714266447,31.861860707479011],[-106.56065975791797,31.861642712800496],[-106.56058155069988,31.861642183453313],[-106.56002400644749,31.861638409324712],[-106.55986750949637,31.861637350154083],[-106.55982641739278,31.861637071496293],[-106.55947645518124,31.862829493649826],[-106.55942424156518,31.863482082337182],[-106.55941763374757,31.863564668048333],[-106.55945805145872,31.863564479619253]]]},"properties":{"OBJECTID":15850,"Join_Count":6,"TARGET_FID":31274,"PlaceType":"Neighborhood Center","SB840":"Y","TRACTCE":"010225","BLKGRPCE":"2","GEOID":"481410102252","INTPTLAT":"+31.8653556","INTPTLON":"-106.5664762","GrowthArea":"Y","LotArea":219970,"ZONELABEL":"R-5","Shape_Length":2262.8667134757648,"Shape_Area":219969.62952843338}},{"type":"Feature","id":15855,"geometry":{"type":"Polygon","coordinates":[[[-106.56017309175417,31.863573994828432],[-106.56112576252735,31.86358862605773],[-106.56113027894507,31.862990101413843],[-106.55987729572908,31.863160970549217],[-106.56010233503247,31.863430063224747],[-106.55983711221295,31.863568834068712],[-106.5598732447781,31.8635693905727],[-106.5599629037084,31.863570767429266],[-106.56003985461659,31.863571949839102],[-106.56012292905712,31.863573225059035],[-106.56012690832343,31.863573285870618],[-106.56017309175417,31.863573994828432]]]},"properties":{"OBJECTID":15855,"Join_Count":3,"TARGET_FID":31288,"PlaceType":"Neighborhood Center","SB840":"Y","TRACTCE":"010225","BLKGRPCE":"2","GEOID":"481410102252","INTPTLAT":"+31.8653556","INTPTLON":"-106.5664762","GrowthArea":"Y","LotArea":66241,"ZONELABEL":"R-3","Shape_Length":1228.7098035461777,"Shape_Area":66241.491689206683}},{"type":"Feature","id":15864,"geometry":{"type":"Polygon","coordinates":[[[-106.58335434315035,31.86270048022471],[-106.58336172175177,31.86270533972295],[-106.58336990237351,31.86270915177013],[-106.58337868089792,31.862711822287729],[-106.58338784238623,31.862713285718282],[-106.58339715896864,31.862713505126202],[-106.58340640069119,31.862712476194087],[-106.58341533943958,31.862710222517336],[-106.58342375357465,31.862706801705098],[-106.58343143589796,31.862702297771417],[-106.58343819582149,31.862696821934392],[-106.583873340173,31.86232283158909],[-106.58324473022552,31.861908861977877],[-106.58319072691917,31.862026876772447],[-106.583113454112,31.862195740719169],[-106.58303492299589,31.862367356737678],[-106.58295361875403,31.862545029433267],[-106.58296416970684,31.862548546176789],[-106.58321488537324,31.86263211065328],[-106.58326382356258,31.862651121260264],[-106.58331044660486,31.862673978904095],[-106.58335434315035,31.86270048022471]]]},"properties":{"OBJECTID":15864,"Join_Count":3,"TARGET_FID":31303,"PlaceType":"Neighborhood Center","SB840":"Y","TRACTCE":"001204","BLKGRPCE":"3","GEOID":"481410012043","INTPTLAT":"+31.8598461","INTPTLON":"-106.5813512","GrowthArea":"Y","LotArea":43895,"ZONELABEL":"R-4","Shape_Length":852.81291273865304,"Shape_Area":43894.549266538888}},{"type":"Feature","id":15871,"geometry":{"type":"Polygon","coordinates":[[[-106.58537465463731,31.86120180551881],[-106.58617062035566,31.862684740135638],[-106.58723619412456,31.862294905851694],[-106.58762837450867,31.862151425022326],[-106.58718994410887,31.861000045926286],[-106.58718074718561,31.861002794623651],[-106.58718070669285,31.861002806504544],[-106.58718066098425,31.861002819539269],[-106.58682093547486,31.861110315917376],[-106.58663214783256,31.861166729757585],[-106.58609409091447,31.861327513231593],[-106.58588128753864,31.860850974395952],[-106.58578576944262,31.860902975816721],[-106.58569403571116,31.860959725496816],[-106.58553242277807,31.86107891815216],[-106.58537465463731,31.86120180551881]]]},"properties":{"OBJECTID":15871,"Join_Count":4,"TARGET_FID":31314,"PlaceType":"Neighborhood Center","SB840":"Y","TRACTCE":"010227","BLKGRPCE":"2","GEOID":"481410102272","INTPTLAT":"+31.8713773","INTPTLON":"-106.5843813","GrowthArea":"Y","LotArea":266552,"ZONELABEL":"C-3","Shape_Length":2275.2507634520534,"Shape_Area":266552.0121653825}},{"type":"Feature","id":15889,"geometry":{"type":"Polygon","coordinates":[[[-106.57825051121907,31.8633183980923],[-106.57836653806562,31.863312839582978],[-106.57836712045228,31.863224154096994],[-106.57836863318923,31.862993980346001],[-106.57835080492787,31.862833158575704],[-106.57818385293871,31.862844557619166],[-106.57818244755865,31.862614519294105],[-106.57818404309506,31.862438027279726],[-106.57818265729586,31.862279812253227],[-106.57744542473841,31.862306649065914],[-106.57762555324732,31.862974159150415],[-106.57777731297089,31.863057751736761],[-106.57818131251346,31.863280283124251],[-106.57825051121907,31.8633183980923]]]},"properties":{"OBJECTID":15889,"Join_Count":5,"TARGET_FID":31346,"PlaceType":"Regional Corridor","SB840":"Y","TRACTCE":"001204","BLKGRPCE":"3","GEOID":"481410012043","INTPTLAT":"+31.8598461","INTPTLON":"-106.5813512","GrowthArea":"Y","LotArea":69305,"ZONELABEL":"R-4","Shape_Length":1177.5304313000813,"Shape_Area":69304.627021390494}},{"type":"Feature","id":15891,"geometry":{"type":"Polygon","coordinates":[[[-106.58723619412456,31.862294905851694],[-106.58727175212115,31.86302753118586],[-106.58793718495409,31.862807989280657],[-106.58791999824385,31.862770490815311],[-106.58767742696809,31.862133479248676],[-106.58762837450867,31.862151425022326],[-106.58723619412456,31.862294905851694]]]},"properties":{"OBJECTID":15891,"Join_Count":2,"TARGET_FID":31348,"PlaceType":"Neighborhood Center","SB840":"Y","TRACTCE":"010227","BLKGRPCE":"2","GEOID":"481410102272","INTPTLAT":"+31.8713773","INTPTLON":"-106.5843813","GrowthArea":"Y","LotArea":47044,"ZONELABEL":"C-4","Shape_Length":895.6190082739131,"Shape_Area":47043.883065410228}},{"type":"Feature","id":15892,"geometry":{"type":"Polygon","coordinates":[[[-106.58242534357896,31.863206661256257],[-106.5823449286427,31.863288713061181],[-106.58246063313625,31.863254908472488],[-106.58257484425835,31.863217587662323],[-106.58268741485091,31.863176798344018],[-106.58280885720454,31.863109064910635],[-106.58286690955778,31.863077807525546],[-106.58292375863564,31.863044978366975],[-106.58318333044708,31.862900202025266],[-106.58319162154874,31.862894705097009],[-106.58319875687563,31.862888131847086],[-106.58320454583207,31.862880657625936],[-106.58320883517749,31.862872478572623],[-106.58321151025973,31.862863814265598],[-106.58321250156931,31.862854894762378],[-106.5832117812184,31.862845955348508],[-106.58320936921154,31.862837235333757],[-106.58320532939072,31.8628289646973],[-106.58319976943478,31.862821364088177],[-106.58319283604625,31.86281463602322],[-106.58318471447635,31.862808957683956],[-106.5830393003741,31.862759367381191],[-106.58289294675589,31.8627118354059],[-106.58269166037027,31.862924586769765],[-106.58256157322275,31.863064453738669],[-106.58242534357896,31.863206661256257]]]},"properties":{"OBJECTID":15892,"Join_Count":2,"TARGET_FID":31350,"PlaceType":"Neighborhood Center","SB840":"Y","TRACTCE":"001204","BLKGRPCE":"3","GEOID":"481410012043","INTPTLAT":"+31.8598461","INTPTLON":"-106.5813512","GrowthArea":"Y","LotArea":19246,"ZONELABEL":"R-4","Shape_Length":704.38003383854561,"Shape_Area":19246.276357510003}},{"type":"Feature","id":15894,"geometry":{"type":"Polygon","coordinates":[[[-106.5840342853209,31.862631530125949],[-106.58451586495721,31.863318287457464],[-106.58455376534413,31.863303715502255],[-106.58460054492977,31.863285729225378],[-106.58471421902107,31.863242021772326],[-106.58487467248951,31.863180327843313],[-106.58435051749754,31.862282575617193],[-106.58428958946187,31.862354427477424],[-106.58422652726664,31.862424924782406],[-106.58412886867659,31.862527185321838],[-106.5840342853209,31.862631530125949]]]},"properties":{"OBJECTID":15894,"Join_Count":2,"TARGET_FID":31353,"PlaceType":"Neighborhood Center","SB840":"Y","TRACTCE":"010227","BLKGRPCE":"2","GEOID":"481410102272","INTPTLAT":"+31.8713773","INTPTLON":"-106.5843813","GrowthArea":"Y","LotArea":43948,"ZONELABEL":"C-3","Shape_Length":938.75419891038473,"Shape_Area":43947.547369444939}},{"type":"Feature","id":15898,"geometry":{"type":"Polygon","coordinates":[[[-106.57434172702733,31.864112649984722],[-106.57434182227949,31.864112649935564],[-106.57434175190753,31.864106980799487],[-106.57434172702733,31.864112649984722]]]},"properties":{"OBJECTID":15898,"Join_Count":1,"TARGET_FID":31368,"PlaceType":"Regional Corridor","SB840":"Y","TRACTCE":"010225","BLKGRPCE":"2","GEOID":"481410102252","INTPTLAT":"+31.8653556","INTPTLON":"-106.5664762","GrowthArea":"Y","LotArea":0,"ZONELABEL":"C-1","Shape_Length":4.1544873301800047,"Shape_Area":0.030495650576227273}},{"type":"Feature","id":15900,"geometry":{"type":"Polygon","coordinates":[[[-106.58775863068152,31.863558644981204],[-106.5882366497008,31.863554400450081],[-106.58823669383484,31.863554395620142],[-106.58799744724622,31.862939469839084],[-106.58793718495409,31.862807989280657],[-106.58727175212115,31.86302753118586],[-106.58727175238612,31.863027567303988],[-106.58727175342298,31.863027615127614],[-106.58727175486177,31.863027652995953],[-106.58727175635994,31.863027691764689],[-106.58727175885376,31.863027729582367],[-106.5872717603519,31.863027768351092],[-106.58727176179067,31.863027806219385],[-106.58727176328887,31.863027844988132],[-106.58727176578269,31.863027882805813],[-106.58727176728085,31.86302792157451],[-106.5872717687196,31.863027959442856],[-106.5872717712728,31.863027998160916],[-106.58727177271159,31.863028036029249],[-106.5872717731547,31.863028074848614],[-106.58727177459349,31.863028112716965],[-106.58727177503658,31.863028151536398],[-106.58727177542035,31.863028189455417],[-106.58727177691851,31.863028228224113],[-106.58727177736162,31.863028267043521],[-106.58727177774533,31.863028304962548],[-106.58727177924348,31.863028343731283],[-106.5872717796272,31.863028381650267],[-106.58727178112538,31.863028420419003],[-106.58727178360147,31.863028714766809],[-106.58729147081202,31.863562792530516],[-106.58775863068152,31.863558644981204]]]},"properties":{"OBJECTID":15900,"Join_Count":3,"TARGET_FID":31371,"PlaceType":"Neighborhood Center","SB840":"Y","TRACTCE":"010227","BLKGRPCE":"2","GEOID":"481410102272","INTPTLAT":"+31.8713773","INTPTLON":"-106.5843813","GrowthArea":"Y","LotArea":60662,"ZONELABEL":"C-4","Shape_Length":996.87710541803494,"Shape_Area":60661.700610485423}},{"type":"Feature","id":15902,"geometry":{"type":"Polygon","coordinates":[[[-106.57563592134004,31.864074046294974],[-106.57576031820896,31.864182465003964],[-106.57593642324296,31.864069715635537],[-106.57580160258627,31.863961463518788],[-106.57563592134004,31.864074046294974]]]},"properties":{"OBJECTID":15902,"Join_Count":1,"TARGET_FID":31374,"PlaceType":"Regional Corridor","SB840":"Y","TRACTCE":"010225","BLKGRPCE":"2","GEOID":"481410102252","INTPTLAT":"+31.8653556","INTPTLON":"-106.5664762","GrowthArea":"Y","LotArea":3740,"ZONELABEL":"C-1","Shape_Length":246.77730090414076,"Shape_Area":3740.3763742309516}},{"type":"Feature","id":15906,"geometry":{"type":"Polygon","coordinates":[[[-106.57477082293538,31.864213082131013],[-106.57581939466402,31.864233951603854],[-106.57576031820896,31.864182465003964],[-106.57563592134004,31.864074046294974],[-106.57547017986269,31.863929593747663],[-106.57596643413851,31.863945379277862],[-106.57597666944682,31.863718515495915],[-106.57436520661911,31.863715561743827],[-106.57435439329554,31.863716321209136],[-106.57434388235136,31.863718619797659],[-106.57433397209675,31.86372239082171],[-106.57432494445973,31.863727527731989],[-106.57431705549077,31.863733884572724],[-106.57431052833277,31.863741281737951],[-106.57430554812368,31.863749508925764],[-106.57430225719506,31.863758332594713],[-106.57431609174748,31.863898744269356],[-106.57433336055421,31.864038878422122],[-106.57433627308801,31.864062518197752],[-106.57455158989045,31.86406321849627],[-106.5745509917988,31.864195271211891],[-106.57477162415226,31.864194732718627],[-106.57477082293538,31.864213082131013]]]},"properties":{"OBJECTID":15906,"Join_Count":1,"TARGET_FID":31378,"PlaceType":"Regional Corridor","SB840":"Y","TRACTCE":"010225","BLKGRPCE":"2","GEOID":"481410102252","INTPTLAT":"+31.8653556","INTPTLON":"-106.5664762","GrowthArea":"Y","LotArea":79042,"ZONELABEL":"C-1","Shape_Length":1545.8824555382273,"Shape_Area":79042.486416458793}},{"type":"Feature","id":15908,"geometry":{"type":"Polygon","coordinates":[[[-106.57581939466402,31.864233951603854],[-106.57608741074715,31.864239284867363],[-106.57632889820535,31.864029670966836],[-106.57604484215111,31.863718639714158],[-106.57597666944682,31.863718515495915],[-106.57596643413851,31.863945379277862],[-106.57547017986269,31.863929593747663],[-106.57563592134004,31.864074046294974],[-106.57580160258627,31.863961463518788],[-106.57593642324296,31.864069715635537],[-106.57576031820896,31.864182465003964],[-106.57581939466402,31.864233951603854]]]},"properties":{"OBJECTID":15908,"Join_Count":1,"TARGET_FID":31380,"PlaceType":"Regional Corridor","SB840":"Y","TRACTCE":"010225","BLKGRPCE":"2","GEOID":"481410102252","INTPTLAT":"+31.8653556","INTPTLON":"-106.5664762","GrowthArea":"Y","LotArea":20218,"ZONELABEL":"C-1","Shape_Length":882.91103363993284,"Shape_Area":20218.290798029575}},{"type":"Feature","id":15910,"geometry":{"type":"Polygon","coordinates":[[[-106.57376217430034,31.864431189974809],[-106.57416304105789,31.86441248684952],[-106.5741589376974,31.86428742135675],[-106.57410719679277,31.863783707537156],[-106.57410376731669,31.863772669606192],[-106.57409814799485,31.863762306592907],[-106.57409050763015,31.863752931969099],[-106.5740810776658,31.863744830009527],[-106.57407014414787,31.863738246241315],[-106.57405803986578,31.863733380594415],[-106.57404512904841,31.863730380005986],[-106.57403180507617,31.863729335819968],[-106.57370257441924,31.863741868583155],[-106.57371091909977,31.863814223088127],[-106.57375514294716,31.864182273574158],[-106.57376181084886,31.864407458739976],[-106.57376217430034,31.864431189974809]]]},"properties":{"OBJECTID":15910,"Join_Count":3,"TARGET_FID":31382,"PlaceType":"Regional Corridor","SB840":"Y","TRACTCE":"010225","BLKGRPCE":"2","GEOID":"481410102252","INTPTLAT":"+31.8653556","INTPTLON":"-106.5664762","GrowthArea":"Y","LotArea":30770,"ZONELABEL":"A-O","Shape_Length":741.286173582012,"Shape_Area":30770.474754798102}},{"type":"Feature","id":15912,"geometry":{"type":"Polygon","coordinates":[[[-106.5861656306289,31.863829214271874],[-106.5861925523083,31.86389978660759],[-106.58636411999251,31.863854525997812],[-106.58653361314529,31.863803889150546],[-106.58644181743756,31.863599852331209],[-106.58640834886786,31.86350180529227],[-106.58640251509738,31.863493555859261],[-106.58639533787617,31.863486119755702],[-106.58638696727633,31.863479654169655],[-106.58637758383391,31.863474296760941],[-106.58636738670602,31.863470162616604],[-106.58635659231877,31.863467339799499],[-106.58614673039185,31.863530625124667],[-106.58593509068028,31.863589440269294],[-106.58585000084499,31.86361518580788],[-106.58585001904537,31.863615221064773],[-106.58598321169926,31.863889027114144],[-106.58598322884465,31.863889062421681],[-106.5861656306289,31.863829214271874]]]},"properties":{"OBJECTID":15912,"Join_Count":3,"TARGET_FID":31384,"PlaceType":"Neighborhood Center","SB840":"Y","TRACTCE":"010227","BLKGRPCE":"2","GEOID":"481410102272","INTPTLAT":"+31.8713773","INTPTLON":"-106.5843813","GrowthArea":"Y","LotArea":21353,"ZONELABEL":"C-4","Shape_Length":610.98828409060184,"Shape_Area":21353.022467035134}},{"type":"Feature","id":15913,"geometry":{"type":"Polygon","coordinates":[[[-106.57632889820535,31.864029670966836],[-106.57674286442125,31.864482944413655],[-106.57660740321367,31.863909885537502],[-106.5765962019843,31.863880106269331],[-106.57657972949166,31.863852168593372],[-106.57655838359429,31.863826746236921],[-106.57653267892864,31.863804454035254],[-106.57650323728281,31.863785830327533],[-106.57644159484016,31.863761670743145],[-106.57637749201041,31.863742741588094],[-106.57631153553874,31.863729224228713],[-106.57624435076877,31.863721244944436],[-106.57617657566828,31.863718880634369],[-106.57604484215111,31.863718639714158],[-106.57632889820535,31.864029670966836]]]},"properties":{"OBJECTID":15913,"Join_Count":1,"TARGET_FID":31409,"PlaceType":"Regional Corridor","SB840":"Y","TRACTCE":"010225","BLKGRPCE":"2","GEOID":"481410102252","INTPTLAT":"+31.8653556","INTPTLON":"-106.5664762","GrowthArea":"Y","LotArea":20675,"ZONELABEL":"C-1","Shape_Length":768.2903565939672,"Shape_Area":20675.459142522304}},{"type":"Feature","id":15915,"geometry":{"type":"Polygon","coordinates":[[[-106.57376297913046,31.864769762086311],[-106.57411393422726,31.864765630864053],[-106.57412424581635,31.864764241508123],[-106.57413415393761,31.864761433490486],[-106.57414339047037,31.864757281987231],[-106.57415170988837,31.864751899931989],[-106.5741588866165,31.864745430013205],[-106.57416472997923,31.864738046667625],[-106.57416908155753,31.864729948077219],[-106.57417182550249,31.864721352062048],[-106.57417288700596,31.86471248892736],[-106.57416304105789,31.86441248684952],[-106.57376217430034,31.864431189974809],[-106.57376438591214,31.864575591082858],[-106.57376297913046,31.864769762086311]]]},"properties":{"OBJECTID":15915,"Join_Count":3,"TARGET_FID":31413,"PlaceType":"Regional Corridor","SB840":"Y","TRACTCE":"010225","BLKGRPCE":"2","GEOID":"481410102252","INTPTLAT":"+31.8653556","INTPTLON":"-106.5664762","GrowthArea":"Y","LotArea":15739,"ZONELABEL":"A-O","Shape_Length":495.14083399187973,"Shape_Area":15738.562418822678}},{"type":"Feature","id":15917,"geometry":{"type":"Polygon","coordinates":[[[-106.58598322884465,31.863889062421681],[-106.58621357754726,31.8643625868127],[-106.58629265118952,31.864341644534221],[-106.58673010195785,31.864204059210227],[-106.58653361314529,31.863803889150546],[-106.58636411999251,31.863854525997812],[-106.5861925523083,31.86389978660759],[-106.5861656306289,31.863829214271874],[-106.58598322884465,31.863889062421681]]]},"properties":{"OBJECTID":15917,"Join_Count":3,"TARGET_FID":31416,"PlaceType":"Neighborhood Center","SB840":"Y","TRACTCE":"010227","BLKGRPCE":"2","GEOID":"481410102272","INTPTLAT":"+31.8713773","INTPTLON":"-106.5843813","GrowthArea":"Y","LotArea":28775,"ZONELABEL":"C-4","Shape_Length":713.99238423819224,"Shape_Area":28775.49633033065}},{"type":"Feature","id":15919,"geometry":{"type":"Polygon","coordinates":[[[-106.57612049493606,31.865099114906997],[-106.57688827456413,31.8650980816386],[-106.57675384582743,31.864529398575215],[-106.57662212235036,31.864552077191036],[-106.57664685487698,31.864656705387599],[-106.57612248828737,31.864657410641797],[-106.57612049493606,31.865099114906997]]]},"properties":{"OBJECTID":15919,"Join_Count":1,"TARGET_FID":31422,"PlaceType":"Regional Corridor","SB840":"Y","TRACTCE":"010225","BLKGRPCE":"2","GEOID":"481410102252","INTPTLAT":"+31.8653556","INTPTLON":"-106.5664762","GrowthArea":"Y","LotArea":37444,"ZONELABEL":"C-1","Shape_Length":853.46009094484464,"Shape_Area":37443.99073438927}},{"type":"Feature","id":15921,"geometry":{"type":"Polygon","coordinates":[[[-106.57551863675566,31.865499245474634],[-106.57552254830345,31.865499240418671],[-106.57552201770321,31.865210613708108],[-106.57518382853402,31.86521106558757],[-106.57518425728793,31.865444723482302],[-106.5751850655807,31.865453321761766],[-106.57518743998112,31.865461705864647],[-106.57519132242717,31.865469669016552],[-106.57519661652964,31.86547701711952],[-106.57520319272959,31.865483566698227],[-106.57521088918676,31.865489158406351],[-106.57521951476728,31.865493654173729],[-106.57522885889499,31.86549694215374],[-106.57523868979672,31.8654989422268],[-106.57524876716343,31.86549960539358],[-106.57551863675566,31.865499245474634]]]},"properties":{"OBJECTID":15921,"Join_Count":2,"TARGET_FID":31426,"PlaceType":"Regional Corridor","SB840":"Y","TRACTCE":"010225","BLKGRPCE":"2","GEOID":"481410102252","INTPTLAT":"+31.8653556","INTPTLON":"-106.5664762","GrowthArea":"Y","LotArea":10938,"ZONELABEL":"C-1","Shape_Length":411.37886001715788,"Shape_Area":10937.557277385093}},{"type":"Feature","id":15922,"geometry":{"type":"Polygon","coordinates":[[[-106.57552254830345,31.865499240418671],[-106.57611869342644,31.865498440391324],[-106.57612049493606,31.865099114906997],[-106.57612248828737,31.864657410641797],[-106.57664685487698,31.864656705387599],[-106.57662212235036,31.864552077191036],[-106.57675384582743,31.864529398575215],[-106.57674286442125,31.864482944413655],[-106.57632889820535,31.864029670966836],[-106.57608741074715,31.864239284867363],[-106.57581939466402,31.864233951603854],[-106.57477082293538,31.864213082131013],[-106.57477162415226,31.864194732718627],[-106.5745509917988,31.864195271211891],[-106.57455158989045,31.86406321849627],[-106.57433627308801,31.864062518197752],[-106.57434175190753,31.864106980799487],[-106.57434182227949,31.864112649935564],[-106.57434878342748,31.864677989116029],[-106.5743369656284,31.865163591937723],[-106.5743367549136,31.865210263822487],[-106.57455597024277,31.865211590320552],[-106.57475363931563,31.865211480609098],[-106.57498701937148,31.865211328030473],[-106.57518382853402,31.86521106558757],[-106.57552201770321,31.865210613708108],[-106.57552254830345,31.865499240418671]]]},"properties":{"OBJECTID":15922,"Join_Count":2,"TARGET_FID":31428,"PlaceType":"Regional Corridor","SB840":"Y","TRACTCE":"010225","BLKGRPCE":"2","GEOID":"481410102252","INTPTLAT":"+31.8653556","INTPTLON":"-106.5664762","GrowthArea":"Y","LotArea":251703,"ZONELABEL":"C-1","Shape_Length":2557.2526796201205,"Shape_Area":251702.55934219816}},{"type":"Feature","id":15923,"geometry":{"type":"Polygon","coordinates":[[[-106.57611869342644,31.865498440391324],[-106.57698264021174,31.865497278093709],[-106.57688827456413,31.8650980816386],[-106.57612049493606,31.865099114906997],[-106.57611869342644,31.865498440391324]]]},"properties":{"OBJECTID":15923,"Join_Count":1,"TARGET_FID":31429,"PlaceType":"Regional Corridor","SB840":"Y","TRACTCE":"010225","BLKGRPCE":"2","GEOID":"481410102252","INTPTLAT":"+31.8653556","INTPTLON":"-106.5664762","GrowthArea":"Y","LotArea":36797,"ZONELABEL":"C-1","Shape_Length":800.0203226351307,"Shape_Area":36796.820826193747}},{"type":"Feature","id":15937,"geometry":{"type":"Polygon","coordinates":[[[-106.57585703911374,31.867690623175935],[-106.57594634856686,31.86811761454808],[-106.57603310394008,31.868102217869101],[-106.57624239255267,31.868040740417143],[-106.57644883529386,31.867972614634024],[-106.57665214097678,31.867897935786171],[-106.57685202651454,31.867816809592522],[-106.57747336362972,31.867574482282876],[-106.57698264021174,31.865497278093709],[-106.57611869342644,31.865498440391324],[-106.57552254830345,31.865499240418671],[-106.57551863675566,31.865499245474634],[-106.57551884985898,31.865608290146866],[-106.5758570510517,31.865607837792812],[-106.57585703911374,31.867690623175935]]]},"properties":{"OBJECTID":15937,"Join_Count":3,"TARGET_FID":31453,"PlaceType":"Regional Corridor","SB840":"Y","TRACTCE":"010225","BLKGRPCE":"2","GEOID":"481410102252","INTPTLAT":"+31.8653556","INTPTLON":"-106.5664762","GrowthArea":"Y","LotArea":379276,"ZONELABEL":"C-3","Shape_Length":2800.0268564346156,"Shape_Area":379276.32311952405}},{"type":"Feature","id":15944,"geometry":{"type":"Polygon","coordinates":[[[-106.57612101934596,31.868241593273812],[-106.57625975844698,31.868790981726796],[-106.57770491373469,31.868525186843875],[-106.57750655392326,31.867728752845618],[-106.57639873545048,31.86816383159811],[-106.57625512863052,31.868206504919954],[-106.57612101934596,31.868241593273812]]]},"properties":{"OBJECTID":15944,"Join_Count":3,"TARGET_FID":31464,"PlaceType":"Regional Corridor","SB840":"Y","TRACTCE":"010225","BLKGRPCE":"3","GEOID":"481410102253","INTPTLAT":"+31.8744933","INTPTLON":"-106.5724766","GrowthArea":"Y","LotArea":112980,"ZONELABEL":"C-3","Shape_Length":1428.9803876345966,"Shape_Area":112980.07726217061}},{"type":"Feature","id":15951,"geometry":{"type":"Polygon","coordinates":[[[-106.57643704388815,31.869493093997484],[-106.5764709190905,31.86962725224047],[-106.57786264884862,31.869371283590318],[-106.57782009765511,31.868987653271418],[-106.57770491373469,31.868525186843875],[-106.57625975844698,31.868790981726796],[-106.57627249739384,31.868841427126597],[-106.57629139908379,31.868916285873269],[-106.57634558148605,31.869130869180783],[-106.57637606883634,31.869251610199349],[-106.57640655632348,31.869372352105085],[-106.57643704388815,31.869493093997484]]]},"properties":{"OBJECTID":15951,"Join_Count":4,"TARGET_FID":31479,"PlaceType":"Regional Corridor","SB840":"Y","TRACTCE":"010225","BLKGRPCE":"3","GEOID":"481410102253","INTPTLAT":"+31.8744933","INTPTLON":"-106.5724766","GrowthArea":"Y","LotArea":141577,"ZONELABEL":"C-3","Shape_Length":1524.3436732158593,"Shape_Area":141576.5028801327}},{"type":"Feature","id":15953,"geometry":{"type":"Polygon","coordinates":[[[-106.589318301093,31.869045037839115],[-106.5896174375177,31.869820851735472],[-106.59006610653779,31.869697089472279],[-106.58984471353797,31.869122908749894],[-106.58975834186495,31.869084701565662],[-106.58970090593499,31.868935738742007],[-106.589318301093,31.869045037839115]]]},"properties":{"OBJECTID":15953,"Join_Count":5,"TARGET_FID":31486,"PlaceType":"Regional Corridor","SB840":"Y","TRACTCE":"010227","BLKGRPCE":"2","GEOID":"481410102272","INTPTLAT":"+31.8713773","INTPTLON":"-106.5843813","GrowthArea":"Y","LotArea":42171,"ZONELABEL":"C-3","Shape_Length":875.92042504543417,"Shape_Area":42170.92387691608}},{"type":"Feature","id":15954,"geometry":{"type":"Polygon","coordinates":[[[-106.5890739423044,31.869114844164386],[-106.58937159066519,31.869888666031819],[-106.5896174375177,31.869820851735472],[-106.589318301093,31.869045037839115],[-106.58930006776133,31.869050246817078],[-106.58922685486598,31.869071161169092],[-106.5890739423044,31.869114844164386]]]},"properties":{"OBJECTID":15954,"Join_Count":4,"TARGET_FID":31488,"PlaceType":"Regional Corridor","SB840":"Y","TRACTCE":"010227","BLKGRPCE":"2","GEOID":"481410102272","INTPTLAT":"+31.8713773","INTPTLON":"-106.5843813","GrowthArea":"Y","LotArea":23767,"ZONELABEL":"R-3","Shape_Length":753.6217921089044,"Shape_Area":23767.498817240594}},{"type":"Feature","id":15956,"geometry":{"type":"Polygon","coordinates":[[[-106.57458824883025,31.870827485081357],[-106.57677153210778,31.870817773404376],[-106.57669203226567,31.870502931467843],[-106.57663965377495,31.870295498819683],[-106.57660100014786,31.870142416915954],[-106.57657051216611,31.870021675094989],[-106.57654002426192,31.869900933260677],[-106.57650614892354,31.869766775951604],[-106.5764709190905,31.86962725224047],[-106.57643704388815,31.869493093997484],[-106.57640655632348,31.869372352105085],[-106.57637606883634,31.869251610199349],[-106.57634558148605,31.869130869180783],[-106.57629139908379,31.868916285873269],[-106.57627249739384,31.868841427126597],[-106.57592133801607,31.868705727075781],[-106.57579385146784,31.868706354144546],[-106.57579985296671,31.868659034346546],[-106.57575475014997,31.868309476992195],[-106.57560899970326,31.868326505680866],[-106.57546253847212,31.868338284178556],[-106.57531562562322,31.868344793737762],[-106.57516852278934,31.868346020913641],[-106.57502000669513,31.868340120261287],[-106.57487181037004,31.868329927156278],[-106.57472410501069,31.868315453266717],[-106.57457705800792,31.8682967167668],[-106.57457401842612,31.868469897174442],[-106.57457369314157,31.868488435101408],[-106.57457416396855,31.868601926648733],[-106.57457436975612,31.868651757095119],[-106.5745744698099,31.868675728543],[-106.57457502464197,31.868865875174592],[-106.57457502622752,31.868866044008968],[-106.57457508222249,31.868874469682154],[-106.57457596803025,31.869006022860315],[-106.5745762980434,31.869054958532374],[-106.57457635511541,31.869063497061308],[-106.57457679981805,31.869129534151558],[-106.57457754672384,31.86924051400808],[-106.57457761289037,31.869250300411181],[-106.57457763160802,31.869253045436356],[-106.57457846340016,31.869376556714712],[-106.57457890681647,31.869442429464048],[-106.57457891357797,31.86944352931534],[-106.57457929519451,31.869500067986699],[-106.57458012693172,31.869623578351721],[-106.57458015387668,31.869627670651724],[-106.57458020068854,31.869634557600929],[-106.57458049559752,31.869678472796227],[-106.57458075518133,31.869716897840345],[-106.57458128093054,31.869795005857501],[-106.57458132739711,31.869801984052433],[-106.5745821591396,31.869925494401727],[-106.5745822906464,31.86994497420574],[-106.57458249358068,31.869975124452665],[-106.57458251014499,31.869977643764312],[-106.57458299094353,31.870049005645026],[-106.57458338743673,31.87010790923647],[-106.57458359629493,31.870138969687122],[-106.57458361919885,31.870142325116845],[-106.57458382274964,31.870172516881858],[-106.57458465455792,31.870296028112314],[-106.57458471668022,31.870305318813234],[-106.57458472825653,31.870307006457988],[-106.57458566880138,31.870446660110904],[-106.57458663175446,31.870589709855469],[-106.57458665300214,31.870592879291703],[-106.57458824883025,31.870827485081357]]]},"properties":{"OBJECTID":15956,"Join_Count":4,"TARGET_FID":31492,"PlaceType":"Regional Corridor","SB840":"Y","TRACTCE":"010225","BLKGRPCE":"2","GEOID":"481410102252","INTPTLAT":"+31.8653556","INTPTLON":"-106.5664762","GrowthArea":"Y","LotArea":508781,"ZONELABEL":"C-3","Shape_Length":3005.8055872130226,"Shape_Area":508781.27487403102}},{"type":"Feature","id":15966,"geometry":{"type":"Polygon","coordinates":[[[-106.58996070142176,31.871387264658892],[-106.59007961311431,31.871713567155297],[-106.59115570106367,31.87140999198829],[-106.59102270743662,31.871070621011192],[-106.59091652206598,31.870786466643686],[-106.58983927468238,31.871088494427553],[-106.58996070142176,31.871387264658892]]]},"properties":{"OBJECTID":15966,"Join_Count":2,"TARGET_FID":31515,"PlaceType":"Regional Corridor","SB840":"Y","TRACTCE":"010227","BLKGRPCE":"2","GEOID":"481410102272","INTPTLAT":"+31.8713773","INTPTLON":"-106.5843813","GrowthArea":"Y","LotArea":83782,"ZONELABEL":"R-3","Shape_Length":1181.9059273275366,"Shape_Area":83782.016129598473}},{"type":"Feature","id":15992,"geometry":{"type":"Polygon","coordinates":[[[-106.58235886469669,31.874669925662602],[-106.58235111161063,31.875233212639532],[-106.58255769645577,31.875097337953328],[-106.58261517728329,31.875000710400279],[-106.58262085675479,31.874587962573191],[-106.58235886469669,31.874669925662602]]]},"properties":{"OBJECTID":15992,"Join_Count":2,"TARGET_FID":31567,"PlaceType":"Regional Corridor","SB840":"Y","TRACTCE":"010227","BLKGRPCE":"2","GEOID":"481410102272","INTPTLAT":"+31.8713773","INTPTLON":"-106.5843813","GrowthArea":"Y","LotArea":15063,"ZONELABEL":"R-3","Shape_Length":562.11687159674818,"Shape_Area":15063.462035028866}},{"type":"Feature","id":15993,"geometry":{"type":"Polygon","coordinates":[[[-106.58278999540317,31.875176317081021],[-106.58289339916645,31.875233414464933],[-106.58297296349843,31.875194603594917],[-106.58314715127193,31.875109638035845],[-106.58332442979375,31.875023165376863],[-106.58350864258553,31.874933307509362],[-106.58359720893991,31.874956691208261],[-106.58394594822913,31.875048763623909],[-106.58394598382174,31.875048773657941],[-106.58394602797451,31.875048785087646],[-106.58394607212723,31.87504879651739],[-106.58408692066112,31.875085982481803],[-106.58414492722261,31.875101296],[-106.58413796491654,31.874016755927663],[-106.58251778779989,31.874498298855372],[-106.58251869708347,31.874588391184272],[-106.58262126833309,31.874558116993107],[-106.58262085675479,31.874587962573191],[-106.58261517728329,31.875000710400279],[-106.58261330505941,31.875136790460054],[-106.5826131568449,31.875147599722862],[-106.58261185110244,31.87514845816024],[-106.58260951755474,31.875167193668261],[-106.58266353442966,31.875106488989687],[-106.58278999540317,31.875176317081021]]]},"properties":{"OBJECTID":15993,"Join_Count":2,"TARGET_FID":31568,"PlaceType":"Regional Corridor","SB840":"Y","TRACTCE":"010227","BLKGRPCE":"2","GEOID":"481410102272","INTPTLAT":"+31.8713773","INTPTLON":"-106.5843813","GrowthArea":"Y","LotArea":143563,"ZONELABEL":"R-3","Shape_Length":1754.9343874020683,"Shape_Area":143562.95067396807}},{"type":"Feature","id":15999,"geometry":{"type":"Polygon","coordinates":[[[-106.59214587222985,31.875343491762958],[-106.5923655235917,31.875705689744951],[-106.59241845322171,31.875788997925493],[-106.59245354012025,31.875849274907402],[-106.59276865502059,31.875753348571894],[-106.59271999641055,31.875624340239323],[-106.59259095204855,31.875282209479209],[-106.59212295366977,31.875278085524872],[-106.59211705116297,31.875278034998907],[-106.59214587222985,31.875343491762958]]]},"properties":{"OBJECTID":15999,"Join_Count":2,"TARGET_FID":31581,"PlaceType":"Regional Corridor","SB840":"Y","TRACTCE":"010227","BLKGRPCE":"1","GEOID":"481410102271","INTPTLAT":"+31.8764533","INTPTLON":"-106.5904543","GrowthArea":"Y","LotArea":24871,"ZONELABEL":"C-4","Shape_Length":663.79932274652936,"Shape_Area":24870.906108721414}},{"type":"Feature","id":16003,"geometry":{"type":"Polygon","coordinates":[[[-106.59237862040969,31.875872081132485],[-106.59252934437028,31.876214383098198],[-106.59289916379976,31.876099363273678],[-106.59286210925603,31.876001122613637],[-106.59276865502059,31.875753348571894],[-106.59237862040969,31.875872081132485]]]},"properties":{"OBJECTID":16003,"Join_Count":2,"TARGET_FID":31588,"PlaceType":"Regional Corridor","SB840":"Y","TRACTCE":"010227","BLKGRPCE":"1","GEOID":"481410102271","INTPTLAT":"+31.8764533","INTPTLON":"-106.5904543","GrowthArea":"Y","LotArea":16623,"ZONELABEL":"C-4","Shape_Length":516.00914263932066,"Shape_Area":16622.591748093419}},{"type":"Feature","id":16010,"geometry":{"type":"Polygon","coordinates":[[[-106.59252934437028,31.876214383098198],[-106.59257003766601,31.876306798986271],[-106.59263725886666,31.876285643535173],[-106.5928856605442,31.876877154720162],[-106.59316239627769,31.876797256413255],[-106.59312463547091,31.876697144784448],[-106.59289916379976,31.876099363273678],[-106.59252934437028,31.876214383098198]]]},"properties":{"OBJECTID":16010,"Join_Count":2,"TARGET_FID":31647,"PlaceType":"Regional Corridor","SB840":"Y","TRACTCE":"010227","BLKGRPCE":"1","GEOID":"481410102271","INTPTLAT":"+31.8764533","INTPTLON":"-106.5904543","GrowthArea":"Y","LotArea":26042,"ZONELABEL":"C-4","Shape_Length":766.34121377219424,"Shape_Area":26041.931938641868}},{"type":"Feature","id":16017,"geometry":{"type":"Polygon","coordinates":[[[-106.54812380637939,31.879439145544207],[-106.54813752909091,31.879439059730196],[-106.54812426932715,31.878174089979527],[-106.5479429227269,31.878175473741972],[-106.54777767261199,31.878176734066386],[-106.54761242149641,31.878177995132127],[-106.54744717137271,31.878179255037601],[-106.54728192024835,31.878180515684377],[-106.54711666911967,31.878181776121743],[-106.54712989260187,31.879445379544421],[-106.54812380637939,31.879439145544207]]]},"properties":{"OBJECTID":16017,"Join_Count":7,"TARGET_FID":31711,"PlaceType":"Neighborhood Center","SB840":"Y","TRACTCE":" ","BLKGRPCE":" ","GEOID":" ","INTPTLAT":" ","INTPTLON":" ","GrowthArea":"Y","LotArea":143874,"ZONELABEL":"C-3","Shape_Length":1545.5122662610218,"Shape_Area":143873.96193301168}},{"type":"Feature","id":16022,"geometry":{"type":"Polygon","coordinates":[[[-106.57018425251191,31.878472448695444],[-106.57033286295891,31.878665608272019],[-106.57033930927508,31.878356338184016],[-106.57018425251191,31.878472448695444]]]},"properties":{"OBJECTID":16022,"Join_Count":2,"TARGET_FID":31750,"PlaceType":"Regional Corridor","SB840":"Y","TRACTCE":"010226","BLKGRPCE":"1","GEOID":"481410102261","INTPTLAT":"+31.8810271","INTPTLON":"-106.5662863","GrowthArea":"School","LotArea":2665,"ZONELABEL":"C-4","Shape_Length":260.62782418178671,"Shape_Area":2665.4897016193454}},{"type":"Feature","id":16028,"geometry":{"type":"Polygon","coordinates":[[[-106.59378935612251,31.876269760100943],[-106.59433813040062,31.877680761607476],[-106.5943507789741,31.876995035949431],[-106.59425796344,31.876918980802603],[-106.5941709842391,31.876838058198889],[-106.594090191012,31.876752593679331],[-106.59401590814471,31.876662931161157],[-106.59394843570534,31.876569431085922],[-106.59388804311286,31.876472470723524],[-106.5938349750525,31.876372437564982],[-106.5937894445058,31.876269735980081],[-106.59378935612251,31.876269760100943]]]},"properties":{"OBJECTID":16028,"Join_Count":2,"TARGET_FID":31761,"PlaceType":"Innovation, Light Manufacturing and Logistics","SB840":"Y","TRACTCE":"010230","BLKGRPCE":"1","GEOID":"481410102301","INTPTLAT":"+31.8696112","INTPTLON":"-106.5967949","GrowthArea":"Y","LotArea":18064,"ZONELABEL":"C-4","Shape_Length":1109.9361103087849,"Shape_Area":18063.926543078571}},{"type":"Feature","id":16029,"geometry":{"type":"Polygon","coordinates":[[[-106.59620287854193,31.877480339621687],[-106.59629859914733,31.877761894153664],[-106.5964178699663,31.877709055219583],[-106.59653976760514,31.877660777808728],[-106.59666405286073,31.877617158326803],[-106.59679048153787,31.877578281677746],[-106.59691880462711,31.877544223965216],[-106.5970487704153,31.877515052391328],[-106.59719905796906,31.877488616565739],[-106.59735058376366,31.87746796245716],[-106.59750304354257,31.877453130892864],[-106.59823232524727,31.877454991030824],[-106.59822841250367,31.877443642678163],[-106.59618770303639,31.87743842783761],[-106.59618876384378,31.877441475039891],[-106.59620287854193,31.877480339621687]]]},"properties":{"OBJECTID":16029,"Join_Count":2,"TARGET_FID":31766,"PlaceType":"Heavy Industrial","SB840":"Y","TRACTCE":"010230","BLKGRPCE":"1","GEOID":"481410102301","INTPTLAT":"+31.8696112","INTPTLON":"-106.5967949","GrowthArea":"Y","LotArea":20433,"ZONELABEL":"C-4","Shape_Length":1380.0043714097319,"Shape_Area":20433.116189134354}},{"type":"Feature","id":16031,"geometry":{"type":"Polygon","coordinates":[[[-106.59224826840578,31.877544526407846],[-106.59228737377539,31.877631772478875],[-106.59241190609154,31.877920638520362],[-106.59251221649454,31.878153318289126],[-106.5925219697946,31.87817594157962],[-106.59252231501344,31.878175847306228],[-106.59253026418689,31.878173673158472],[-106.59305270300474,31.878030774834095],[-106.59358507507848,31.877881721584693],[-106.59355100184004,31.877794267370014],[-106.59352201753818,31.877719982968536],[-106.59348109979526,31.877615115741367],[-106.59347733472613,31.877605466450884],[-106.59333032621134,31.877228696094239],[-106.59224826840578,31.877544526407846]]]},"properties":{"OBJECTID":16031,"Join_Count":2,"TARGET_FID":31770,"PlaceType":"Regional Corridor","SB840":"Y","TRACTCE":"010227","BLKGRPCE":"1","GEOID":"481410102271","INTPTLAT":"+31.8764533","INTPTLON":"-106.5904543","GrowthArea":"Y","LotArea":86951,"ZONELABEL":"C-4","Shape_Length":1197.2483502351495,"Shape_Area":86951.182524012984}},{"type":"Feature","id":16033,"geometry":{"type":"Polygon","coordinates":[[[-106.58157019381983,31.878698958733381],[-106.58245750597636,31.878700062826649],[-106.58241959981359,31.878544930626173],[-106.58238672570207,31.878410383505098],[-106.58235384951395,31.878275835568864],[-106.58232097558884,31.878141288415872],[-106.5822880996465,31.878006741348102],[-106.58225522274213,31.877872194315],[-106.58222235009247,31.877737646162981],[-106.58218947343383,31.877603099998364],[-106.58215156131548,31.877447928231916],[-106.58202311780202,31.877441365278962],[-106.58189609014981,31.87742393574198],[-106.58180317443002,31.877411602291119],[-106.58170941892557,31.877405447650879],[-106.58161538504064,31.87740550991764],[-106.58152164112482,31.877411788015799],[-106.5814287478191,31.877424244207372],[-106.58133726438808,31.877442803788082],[-106.58124774127438,31.877467354541459],[-106.58143572486483,31.878193654597606],[-106.58157019381983,31.878698958733381]]]},"properties":{"OBJECTID":16033,"Join_Count":2,"TARGET_FID":31775,"PlaceType":"Regional Corridor","SB840":"Y","TRACTCE":"010227","BLKGRPCE":"2","GEOID":"481410102272","INTPTLAT":"+31.8713773","INTPTLON":"-106.5843813","GrowthArea":"Y","LotArea":129324,"ZONELABEL":"C-2","Shape_Length":1484.069510490722,"Shape_Area":129323.71327407139}},{"type":"Feature","id":16035,"geometry":{"type":"Polygon","coordinates":[[[-106.56897293892226,31.87936657812503],[-106.56940829922569,31.879409357238615],[-106.56929251248013,31.879268351652954],[-106.5692825506524,31.879257313934183],[-106.56927049601384,31.879247917383704],[-106.56925671651129,31.879240445167326],[-106.56924162619349,31.879235124950931],[-106.56922568444129,31.879232117195457],[-106.56920937251584,31.879231512666575],[-106.56919318599418,31.879233330087565],[-106.56917761243216,31.879237514498701],[-106.56916312515146,31.879243939361498],[-106.56897293892226,31.87936657812503]]]},"properties":{"OBJECTID":16035,"Join_Count":1,"TARGET_FID":31779,"PlaceType":"Neighborhood Center","SB840":"Y","TRACTCE":"010226","BLKGRPCE":"1","GEOID":"481410102261","INTPTLAT":"+31.8810271","INTPTLON":"-106.5662863","GrowthArea":"Y","LotArea":4582,"ZONELABEL":"C-1","Shape_Length":318.28817579011945,"Shape_Area":4582.3160740319609}},{"type":"Feature","id":16036,"geometry":{"type":"Polygon","coordinates":[[[-106.57374689423463,31.8791982690027],[-106.57376914158296,31.879254236575708],[-106.57484847555557,31.87891391245001],[-106.57476928019879,31.87873160204737],[-106.57469527590601,31.878547709598955],[-106.57362117384122,31.878881985765283],[-106.57374689423463,31.8791982690027]]]},"properties":{"OBJECTID":16036,"Join_Count":3,"TARGET_FID":31781,"PlaceType":"Regional Corridor","SB840":"Y","TRACTCE":"010226","BLKGRPCE":"1","GEOID":"481410102261","INTPTLAT":"+31.8810271","INTPTLON":"-106.5662863","GrowthArea":"Y","LotArea":50571,"ZONELABEL":"C-4","Shape_Length":996.56915557089565,"Shape_Area":50571.018967202428}},{"type":"Feature","id":16037,"geometry":{"type":"Polygon","coordinates":[[[-106.56885685814377,31.879521624373368],[-106.5695042420781,31.879526196979057],[-106.56940829922569,31.879409357238615],[-106.56897293892226,31.87936657812503],[-106.56888206294364,31.8794251771909],[-106.56882752865387,31.879460343516818],[-106.56872468160849,31.879520574255221],[-106.56885685814377,31.879521624373368]]]},"properties":{"OBJECTID":16037,"Join_Count":1,"TARGET_FID":31784,"PlaceType":"Neighborhood Center","SB840":"Y","TRACTCE":"010226","BLKGRPCE":"1","GEOID":"481410102261","INTPTLAT":"+31.8810271","INTPTLON":"-106.5662863","GrowthArea":"Y","LotArea":9452,"ZONELABEL":"C-1","Shape_Length":525.23916485318841,"Shape_Area":9452.0947752673019}},{"type":"Feature","id":16038,"geometry":{"type":"Polygon","coordinates":[[[-106.57217725589865,31.876987316793421],[-106.57318447643136,31.879361040922735],[-106.57374689423463,31.8791982690027],[-106.57362117384122,31.878881985765283],[-106.57469527590601,31.878547709598955],[-106.57457969577584,31.878224761901208],[-106.57451274120865,31.878018966141454],[-106.57441889870141,31.87764931669064],[-106.57433196042248,31.877278440239046],[-106.57410038565303,31.876292477092466],[-106.57409991920031,31.876279889018932],[-106.57409711649569,31.876267524908464],[-106.57409204781618,31.876255696631208],[-106.57408484311108,31.876244705971505],[-106.57407568261198,31.876234830625698],[-106.57406480093489,31.876226322198995],[-106.57405247482147,31.876219396857341],[-106.57403901533749,31.876214229378217],[-106.57402476464809,31.87621095240214],[-106.57401008592862,31.876209647883496],[-106.57399534970629,31.876210348648513],[-106.57362852155399,31.876290586333177],[-106.57327383142724,31.876403790253562],[-106.57290574066168,31.876549844591381],[-106.57256247238772,31.876734749194107],[-106.57217725589865,31.876987316793421]]]},"properties":{"OBJECTID":16038,"Join_Count":5,"TARGET_FID":31785,"PlaceType":"Regional Corridor","SB840":"Y","TRACTCE":"010226","BLKGRPCE":"1","GEOID":"481410102261","INTPTLAT":"+31.8810271","INTPTLON":"-106.5662863","GrowthArea":"School","LotArea":531091,"ZONELABEL":"C-4","Shape_Length":3109.0727830791766,"Shape_Area":531090.78941650572}},{"type":"Feature","id":16039,"geometry":{"type":"Polygon","coordinates":[[[-106.57002441349675,31.879529868243715],[-106.57031498225889,31.87952347330187],[-106.57033286295891,31.878665608272019],[-106.57018425251191,31.878472448695444],[-106.56961820880719,31.878893748573894],[-106.56960465716072,31.878904177991874],[-106.56959335235801,31.878916402979698],[-106.56958461661259,31.878930075709313],[-106.5695786984176,31.878944805816925],[-106.56957576616611,31.878960176063313],[-106.56957590322992,31.878975747989333],[-106.5695791058596,31.878991078274915],[-106.56958528295812,31.879005731395747],[-106.56959425890187,31.87901929032677],[-106.56960577753507,31.87903136899719],[-106.5699466089458,31.879420826091941],[-106.57002441349675,31.879529868243715]]]},"properties":{"OBJECTID":16039,"Join_Count":4,"TARGET_FID":31786,"PlaceType":"Regional Corridor","SB840":"Y","TRACTCE":"010226","BLKGRPCE":"1","GEOID":"481410102261","INTPTLAT":"+31.8810271","INTPTLON":"-106.5662863","GrowthArea":"Y","LotArea":58283,"ZONELABEL":"C-4","Shape_Length":999.5090780976841,"Shape_Area":58282.623241623092}},{"type":"Feature","id":16040,"geometry":{"type":"Polygon","coordinates":[[[-106.57031498225889,31.87952347330187],[-106.57098159861572,31.879508798519971],[-106.57033286295891,31.878665608272019],[-106.57031498225889,31.87952347330187]]]},"properties":{"OBJECTID":16040,"Join_Count":3,"TARGET_FID":31787,"PlaceType":"Regional Corridor","SB840":"Y","TRACTCE":"010226","BLKGRPCE":"1","GEOID":"481410102261","INTPTLAT":"+31.8810271","INTPTLON":"-106.5662863","GrowthArea":"Y","LotArea":32275,"ZONELABEL":"C-4","Shape_Length":886.0804730956155,"Shape_Area":32275.383192095807}},{"type":"Feature","id":16041,"geometry":{"type":"Polygon","coordinates":[[[-106.57098159861572,31.879508798519971],[-106.57132357817014,31.879501270308783],[-106.57102123571856,31.878947061320041],[-106.57067636958392,31.878314900273896],[-106.57059465988196,31.878165121560098],[-106.57033930927508,31.878356338184016],[-106.57033286295891,31.878665608272019],[-106.57098159861572,31.879508798519971]]]},"properties":{"OBJECTID":16041,"Join_Count":6,"TARGET_FID":31789,"PlaceType":"Regional Corridor","SB840":"Y","TRACTCE":"010226","BLKGRPCE":"1","GEOID":"481410102261","INTPTLAT":"+31.8810271","INTPTLON":"-106.5662863","GrowthArea":"School","LotArea":61298,"ZONELABEL":"C-4","Shape_Length":1227.2960440820511,"Shape_Area":61297.776545616543}},{"type":"Feature","id":16042,"geometry":{"type":"Polygon","coordinates":[[[-106.57318447643136,31.879361040922735],[-106.57320806247262,31.879416621064891],[-106.57376914158296,31.879254236575708],[-106.57374689423463,31.8791982690027],[-106.57318447643136,31.879361040922735]]]},"properties":{"OBJECTID":16042,"Join_Count":3,"TARGET_FID":31790,"PlaceType":"Regional Corridor","SB840":"Y","TRACTCE":"010226","BLKGRPCE":"1","GEOID":"481410102261","INTPTLAT":"+31.8810271","INTPTLON":"-106.5662863","GrowthArea":"Y","LotArea":3959,"ZONELABEL":"C-4","Shape_Length":411.27635447518395,"Shape_Area":3958.9218218042752}},{"type":"Feature","id":16043,"geometry":{"type":"Polygon","coordinates":[[[-106.55003996181738,31.879387317225955],[-106.55084331576192,31.880525931234011],[-106.55106826764079,31.880415119710584],[-106.55130525539651,31.88032439765059],[-106.55231151717587,31.879990578881785],[-106.55263742192305,31.879905961256618],[-106.55297316972471,31.879856784117081],[-106.55331348816347,31.879843820395664],[-106.55331506935664,31.879683652807469],[-106.5533164664981,31.87954209372894],[-106.55331776076002,31.879410907966186],[-106.55314016945358,31.879409631941087],[-106.55296415613937,31.879408367024396],[-106.55278814282984,31.879407101870029],[-106.552612129525,31.879405836478032],[-106.55243611833538,31.87940457074761],[-106.55219567870951,31.879402841559557],[-106.55201966753097,31.879401575266893],[-106.55184365424664,31.879400308837337],[-106.551667640967,31.879399042170157],[-106.55149162769204,31.879397775265339],[-106.55131561442181,31.879396508122863],[-106.55113960115625,31.879395240742795],[-106.55096359000588,31.879393973024275],[-106.55078757886025,31.879392705068163],[-106.55061156560882,31.879391436975109],[-106.55043555236207,31.879390168644445],[-106.55025954123049,31.879388899975375],[-106.55008352799318,31.879387631169468],[-106.55003996181738,31.879387317225955]]]},"properties":{"OBJECTID":16043,"Join_Count":2,"TARGET_FID":31791,"PlaceType":"Neighborhood Center","SB840":"Y","TRACTCE":" ","BLKGRPCE":" ","GEOID":" ","INTPTLAT":" ","INTPTLON":" ","GrowthArea":"Y","LotArea":245896,"ZONELABEL":"C-2","Shape_Length":2472.1642176572868,"Shape_Area":245896.35268617154}},{"type":"Feature","id":16044,"geometry":{"type":"Polygon","coordinates":[[[-106.57132357817014,31.879501270308783],[-106.57322620007712,31.879459364094714],[-106.57320806247262,31.879416621064891],[-106.57318447643136,31.879361040922735],[-106.57217725589865,31.876987316793421],[-106.57209858444456,31.877038897049953],[-106.57059465988196,31.878165121560098],[-106.57067636958392,31.878314900273896],[-106.57102123571856,31.878947061320041],[-106.57132357817014,31.879501270308783]]]},"properties":{"OBJECTID":16044,"Join_Count":5,"TARGET_FID":31792,"PlaceType":"Regional Corridor","SB840":"Y","TRACTCE":"010226","BLKGRPCE":"1","GEOID":"481410102261","INTPTLAT":"+31.8810271","INTPTLON":"-106.5662863","GrowthArea":"School","LotArea":436557,"ZONELABEL":"C-4","Shape_Length":2735.370370760782,"Shape_Area":436556.54702756298}},{"type":"Feature","id":16046,"geometry":{"type":"Polygon","coordinates":[[[-106.56756940434514,31.879497886781376],[-106.56753465743908,31.87976912258538],[-106.56780897803995,31.879661978680794],[-106.5681805663035,31.879516843700035],[-106.56819751680629,31.879510223344798],[-106.56780152373953,31.879502446420364],[-106.56756940434514,31.879497886781376]]]},"properties":{"OBJECTID":16046,"Join_Count":1,"TARGET_FID":31797,"PlaceType":"Neighborhood Center","SB840":"Y","TRACTCE":"010226","BLKGRPCE":"1","GEOID":"481410102261","INTPTLAT":"+31.8810271","INTPTLON":"-106.5662863","GrowthArea":"Y","LotArea":9644,"ZONELABEL":"C-3","Shape_Length":520.58909376292138,"Shape_Area":9643.8458263649245}},{"type":"Feature","id":16047,"geometry":{"type":"Polygon","coordinates":[[[-106.59462877216471,31.878428039315455],[-106.59465785937402,31.87850282348051],[-106.59544817723922,31.878181713842697],[-106.59547225331822,31.878173557589648],[-106.5956341192099,31.878097281762503],[-106.59584448909456,31.877992491939988],[-106.59618630860788,31.877816884885913],[-106.59629859914733,31.877761894153664],[-106.59620287854193,31.877480339621687],[-106.59618876384378,31.877441475039891],[-106.59570302574907,31.877440229041589],[-106.59558266128073,31.877436869655615],[-106.59546274379531,31.877427423204878],[-106.59534369263307,31.877411923723749],[-106.59522592949681,31.877390425006439],[-106.59510986801857,31.877363002915125],[-106.59499591786093,31.877329753375907],[-106.59487888295642,31.877288661733079],[-106.59476507633853,31.877241424283209],[-106.59465494309781,31.877188224677468],[-106.594548909759,31.877129270042563],[-106.59444739061232,31.877064790675888],[-106.5943507789741,31.876995035949431],[-106.59433813040062,31.877680761607476],[-106.59462724568294,31.878424111223357],[-106.59462623968912,31.878429027310506],[-106.59462877216471,31.878428039315455]]]},"properties":{"OBJECTID":16047,"Join_Count":2,"TARGET_FID":31798,"PlaceType":"Innovation, Light Manufacturing and Logistics","SB840":"Y","TRACTCE":"010230","BLKGRPCE":"1","GEOID":"481410102301","INTPTLAT":"+31.8696112","INTPTLON":"-106.5967949","GrowthArea":"Y","LotArea":175131,"ZONELABEL":"C-4","Shape_Length":1874.8635992565189,"Shape_Area":175130.58660494513}},{"type":"Feature","id":16049,"geometry":{"type":"Polygon","coordinates":[[[-106.57539393177727,31.879457685173172],[-106.57663175087536,31.879446812405984],[-106.57634972862731,31.878086040426837],[-106.57631608991613,31.87790194609493],[-106.57487363994845,31.878156422633491],[-106.5750777767911,31.878702405071191],[-106.57539393177727,31.879457685173172]]]},"properties":{"OBJECTID":16049,"Join_Count":3,"TARGET_FID":31802,"PlaceType":"Regional Corridor","SB840":"Y","TRACTCE":"010225","BLKGRPCE":"3","GEOID":"481410102253","INTPTLAT":"+31.8744933","INTPTLON":"-106.5724766","GrowthArea":"Y","LotArea":222325,"ZONELABEL":"C-3","Shape_Length":1912.2675851147349,"Shape_Area":222324.8986967548}},{"type":"Feature","id":16050,"geometry":{"type":"Polygon","coordinates":[[[-106.57666041734491,31.879446755983924],[-106.57756005933092,31.87944500203761],[-106.57755313788611,31.878129096531673],[-106.57752648483577,31.878130417845842],[-106.57749994690887,31.878127925482584],[-106.57747426764827,31.878121690376144],[-106.57745016780976,31.878111887525602],[-106.5774283217316,31.878098790805119],[-106.57740934326095,31.878082768219048],[-106.57739376258576,31.878064267656939],[-106.57738201831494,31.87804380914389],[-106.57737443817584,31.878021964990836],[-106.57737123507812,31.877999348240696],[-106.57737249836381,31.877976592312898],[-106.57737819379588,31.877954334744999],[-106.57634972862731,31.878086040426837],[-106.57663175087536,31.879446812405984],[-106.57666041734491,31.879446755983924]]]},"properties":{"OBJECTID":16050,"Join_Count":2,"TARGET_FID":31803,"PlaceType":"Regional Corridor","SB840":"Y","TRACTCE":"010225","BLKGRPCE":"3","GEOID":"481410102253","INTPTLAT":"+31.8744933","INTPTLON":"-106.5724766","GrowthArea":"Y","LotArea":170861,"ZONELABEL":"C-3","Shape_Length":1691.9024405981809,"Shape_Area":170861.1180675925}},{"type":"Feature","id":16051,"geometry":{"type":"Polygon","coordinates":[[[-106.57756005933092,31.87944500203761],[-106.57883468853254,31.879442496948108],[-106.57882958784633,31.878142867747655],[-106.57882322283103,31.878044623450048],[-106.57769094099756,31.87799458356643],[-106.57768775202804,31.87800870361497],[-106.57768300896709,31.87803071410648],[-106.57767407481997,31.878051755831549],[-106.57766119520478,31.878071250666938],[-106.57764472352761,31.878088665903395],[-106.57762510996838,31.878103523806811],[-106.57760289299198,31.878115417380847],[-106.57757868094708,31.87812402028187],[-106.57755313788611,31.878129096531673],[-106.57756005933092,31.87944500203761]]]},"properties":{"OBJECTID":16051,"Join_Count":5,"TARGET_FID":31807,"PlaceType":"Regional Corridor","SB840":"Y","TRACTCE":"010225","BLKGRPCE":"3","GEOID":"481410102253","INTPTLAT":"+31.8744933","INTPTLON":"-106.5724766","GrowthArea":"Y","LotArea":203933,"ZONELABEL":"C-3","Shape_Length":1805.3142687181235,"Shape_Area":203932.57438102501}},{"type":"Feature","id":16052,"geometry":{"type":"Polygon","coordinates":[[[-106.57883468853254,31.879442496948108],[-106.58030265356557,31.879438858362313],[-106.58006660859741,31.878139311720997],[-106.57953810354292,31.875744872683434],[-106.57953324213723,31.875731412380521],[-106.57952574071821,31.875718867253482],[-106.57951582175536,31.87570760961507],[-106.57950378050116,31.87569797576948],[-106.57948997677434,31.87569025376088],[-106.5794748225817,31.87568467222475],[-106.57945876933708,31.875681399194391],[-106.5794422944285,31.875680531002814],[-106.57942589183997,31.875682094539318],[-106.57941004746722,31.875686042110459],[-106.57880417729265,31.875873706207422],[-106.57866695955914,31.875922181186265],[-106.5785272853101,31.875965246751981],[-106.57838544820511,31.876002812941131],[-106.57824174361296,31.876034799645591],[-106.57809647523924,31.876061140810947],[-106.57794994533256,31.876081780389619],[-106.57780246236754,31.876096676489379],[-106.57765433547183,31.876105797123586],[-106.57763905045599,31.876109576741808],[-106.57762471208771,31.876115467054802],[-106.57761171830406,31.876123306266553],[-106.57760042842591,31.876132876623728],[-106.57759115519127,31.876143912024308],[-106.57758415585111,31.876156107476501],[-106.57757962513887,31.876169124855821],[-106.57757768748097,31.876182603214211],[-106.57753728161821,31.876987233864934],[-106.5775350786202,31.877160710754794],[-106.57754045677241,31.877334137560194],[-106.57755340866731,31.877507272563271],[-106.57757391745957,31.87767987540046],[-106.57760195252611,31.877851705464472],[-106.57760731911932,31.877864223882103],[-106.57761498151015,31.877875839155251],[-106.57762474079234,31.877886247388844],[-106.57764200073444,31.877897086328581],[-106.57765714030459,31.877910029467657],[-106.57766981063655,31.877924778296048],[-106.57767971835042,31.877940992803044],[-106.5776866378129,31.877958300825014],[-106.5776904072125,31.877976302749914],[-106.57769094099756,31.87799458356643],[-106.57882322283103,31.878044623450048],[-106.57882958784633,31.878142867747655],[-106.57883468853254,31.879442496948108]]]},"properties":{"OBJECTID":16052,"Join_Count":5,"TARGET_FID":31809,"PlaceType":"Regional Corridor","SB840":"Y","TRACTCE":"010225","BLKGRPCE":"3","GEOID":"481410102253","INTPTLAT":"+31.8744933","INTPTLON":"-106.5724766","GrowthArea":"Y","LotArea":745181,"ZONELABEL":"C-3","Shape_Length":4010.3964439152928,"Shape_Area":745181.38955612259}},{"type":"Feature","id":16056,"geometry":{"type":"Polygon","coordinates":[[[-106.58181886279738,31.879448746178458],[-106.58265097536956,31.879449846684423],[-106.58259447999866,31.879230898577607],[-106.58254143893431,31.879025345380271],[-106.58249431583512,31.878842718445537],[-106.58160780812121,31.878840300534698],[-106.58176978474482,31.879448960206247],[-106.58181886279738,31.879448746178458]]]},"properties":{"OBJECTID":16056,"Join_Count":3,"TARGET_FID":31813,"PlaceType":"Regional Corridor","SB840":"Y","TRACTCE":"010227","BLKGRPCE":"2","GEOID":"481410102272","INTPTLAT":"+31.8713773","INTPTLON":"-106.5843813","GrowthArea":"Y","LotArea":60633,"ZONELABEL":"C-3","Shape_Length":1001.957487303214,"Shape_Area":60632.676587870272}},{"type":"Feature","id":16057,"geometry":{"type":"Polygon","coordinates":[[[-106.57035520666234,31.880011149743051],[-106.57037756978255,31.880056272246573],[-106.57133091367787,31.879514717119793],[-106.57132357817014,31.879501270308783],[-106.57098159861572,31.879508798519971],[-106.57031498225889,31.87952347330187],[-106.57002441349675,31.879529868243715],[-106.57035520666234,31.880011149743051]]]},"properties":{"OBJECTID":16057,"Join_Count":3,"TARGET_FID":31815,"PlaceType":"Regional Corridor","SB840":"Y","TRACTCE":"010226","BLKGRPCE":"1","GEOID":"481410102261","INTPTLAT":"+31.8810271","INTPTLON":"-106.5662863","GrowthArea":"Y","LotArea":39899,"ZONELABEL":"C-4","Shape_Length":985.13566720587767,"Shape_Area":39898.576633451135}},{"type":"Feature","id":16062,"geometry":{"type":"Polygon","coordinates":[[[-106.54930179231556,31.881352336381497],[-106.54931056455013,31.881360101116897],[-106.54932065316882,31.881366598992738],[-106.54933180846508,31.881371670309822],[-106.54934375647525,31.881375189043787],[-106.54935620261685,31.881377069897415],[-106.54936884106799,31.881377266046357],[-106.54938135916551,31.881375771639103],[-106.54939344924928,31.881372624844566],[-106.54940481258821,31.881367903148607],[-106.54941517092911,31.881361721899264],[-106.55084331576192,31.880525931234011],[-106.55003996181738,31.879387317225955],[-106.54990751476055,31.879386362125842],[-106.54973150153263,31.879385092844657],[-106.54955548830944,31.879383823325824],[-106.54937924105469,31.879382552094498],[-106.54920322889613,31.879381282049657],[-106.54902721568706,31.879380011817567],[-106.54885120248271,31.87937874134786],[-106.54867495413258,31.879377468314317],[-106.54848218992885,31.879376076379394],[-106.54847306198492,31.879376010695061],[-106.54855252074597,31.880004973707315],[-106.54868352732041,31.880423316683729],[-106.54888292002363,31.880821514031773],[-106.54914664819755,31.881191471513723],[-106.54930179231556,31.881352336381497]]]},"properties":{"OBJECTID":16062,"Join_Count":2,"TARGET_FID":31825,"PlaceType":"Neighborhood Center","SB840":"Y","TRACTCE":" ","BLKGRPCE":" ","GEOID":" ","INTPTLAT":" ","INTPTLON":" ","GrowthArea":"Y","LotArea":349783,"ZONELABEL":"C-3","Shape_Length":2325.2370844220886,"Shape_Area":349783.16971208464}},{"type":"Feature","id":16063,"geometry":{"type":"Polygon","coordinates":[[[-106.5502497662762,31.881517554808802],[-106.550332982001,31.881452637519324],[-106.55037362400337,31.88149529527513],[-106.55052400458486,31.881377981582826],[-106.5505277005421,31.881375099011997],[-106.55040606458391,31.881260525236073],[-106.55030927977158,31.881169359592352],[-106.55006448078477,31.881323078339051],[-106.5502497662762,31.881517554808802]]]},"properties":{"OBJECTID":16063,"Join_Count":1,"TARGET_FID":31827,"PlaceType":"Neighborhood Center","SB840":"Y","TRACTCE":"010213","BLKGRPCE":"3","GEOID":"481410102133","INTPTLAT":"+31.8904603","INTPTLON":"-106.5326281","GrowthArea":"Y","LotArea":9579,"ZONELABEL":"C-3","Shape_Length":406.32021173446083,"Shape_Area":9579.3771425021969}},{"type":"Feature","id":16064,"geometry":{"type":"Polygon","coordinates":[[[-106.58683949245564,31.879725587064808],[-106.58836298217223,31.879732713576868],[-106.58835558934379,31.879461666954196],[-106.58829345207947,31.879461407788835],[-106.58826238183488,31.879461277820951],[-106.58773659694725,31.879459082500237],[-106.5877141215132,31.879458988553196],[-106.58771245804732,31.879458981728412],[-106.58747785951358,31.879458001741806],[-106.58683219114909,31.879455300331831],[-106.58683949245564,31.879725587064808]]]},"properties":{"OBJECTID":16064,"Join_Count":3,"TARGET_FID":31829,"PlaceType":"Regional Corridor","SB840":"Y","TRACTCE":"010227","BLKGRPCE":"2","GEOID":"481410102272","INTPTLAT":"+31.8713773","INTPTLON":"-106.5843813","GrowthArea":"Y","LotArea":46560,"ZONELABEL":"C-4","Shape_Length":1142.8152948935735,"Shape_Area":46560.113460646164}},{"type":"Feature","id":16066,"geometry":{"type":"Polygon","coordinates":[[[-106.58528896381662,31.880246584405015],[-106.58529031361527,31.88030417498517],[-106.58528978500553,31.880254912825961],[-106.58528896381662,31.880246584405015]]]},"properties":{"OBJECTID":16066,"Join_Count":3,"TARGET_FID":31832,"PlaceType":"Regional Corridor","SB840":"Y","TRACTCE":"010227","BLKGRPCE":"2","GEOID":"481410102272","INTPTLAT":"+31.8713773","INTPTLON":"-106.5843813","GrowthArea":"Y","LotArea":2,"ZONELABEL":"C-4","Shape_Length":41.917850442731947,"Shape_Area":2.0355914338551129}},{"type":"Feature","id":16067,"geometry":{"type":"Polygon","coordinates":[[[-106.58669930124464,31.880238938633529],[-106.58685333676058,31.880238080012326],[-106.58683949245564,31.879725587064808],[-106.58683219114909,31.879455300331831],[-106.58669531686361,31.87945512358441],[-106.5866952713106,31.879455123062005],[-106.58669522581698,31.87945512343995],[-106.58660531480977,31.879455007496514],[-106.58644647021411,31.879454803321281],[-106.58642620211536,31.879454776592453],[-106.58624709047717,31.879454545391706],[-106.58611888033653,31.879454380184722],[-106.58606797878041,31.879454313044477],[-106.58606793328678,31.879454313422176],[-106.58586384891163,31.879454049553562],[-106.58585085492696,31.879454032995309],[-106.58583883906186,31.879454016445006],[-106.58556298698899,31.879453658735788],[-106.58538516378495,31.879453428626498],[-106.58531894136945,31.879453342483757],[-106.58520734157763,31.879453197323546],[-106.58502951831598,31.87945296582874],[-106.58492058519828,31.879452822479905],[-106.58490801578593,31.879452807124917],[-106.58490440906026,31.88023888458228],[-106.58528809952223,31.880237810937391],[-106.58528896381662,31.880246584405015],[-106.58597685010315,31.880242962708781],[-106.5864242055128,31.880240471177601],[-106.58669930124464,31.880238938633529]]]},"properties":{"OBJECTID":16067,"Join_Count":5,"TARGET_FID":31833,"PlaceType":"Regional Corridor","SB840":"Y","TRACTCE":"010227","BLKGRPCE":"2","GEOID":"481410102272","INTPTLAT":"+31.8713773","INTPTLON":"-106.5843813","GrowthArea":"Y","LotArea":172232,"ZONELABEL":"C-4","Shape_Length":1776.0510132516238,"Shape_Area":172232.23149360175}},{"type":"Feature","id":16069,"geometry":{"type":"Polygon","coordinates":[[[-106.54981472575768,31.881961365496796],[-106.54989709237516,31.882037166296193],[-106.54998292215362,31.88211011547881],[-106.55007207955278,31.88218009937593],[-106.55021676037695,31.882034778426913],[-106.55017633113174,31.881999307547989],[-106.55022066442773,31.88195954119178],[-106.55043096274278,31.881852563897997],[-106.55052012235353,31.881783010007776],[-106.55041038805646,31.881667831937818],[-106.55032122853252,31.881737386656802],[-106.55026229634308,31.881675531816612],[-106.54981472575768,31.881961365496796]]]},"properties":{"OBJECTID":16069,"Join_Count":1,"TARGET_FID":31835,"PlaceType":"Neighborhood Center","SB840":"Y","TRACTCE":"010213","BLKGRPCE":"3","GEOID":"481410102133","INTPTLAT":"+31.8904603","INTPTLON":"-106.5326281","GrowthArea":"Y","LotArea":17203,"ZONELABEL":"C-3","Shape_Length":627.6853618114975,"Shape_Area":17203.144819705176}},{"type":"Feature","id":16070,"geometry":{"type":"Polygon","coordinates":[[[-106.62077641649391,31.875740537676574],[-106.62078095487178,31.878945361743881],[-106.62136867605371,31.878776215888205],[-106.62531880715098,31.878563376042329],[-106.62523217856845,31.87844555318194],[-106.62499091781214,31.87822920889786],[-106.62482865252426,31.878117113039998],[-106.62278224075845,31.876916391642283],[-106.62256240734068,31.876784247513896],[-106.62243329720705,31.876706638299336],[-106.62077641649391,31.875740537676574]]]},"properties":{"OBJECTID":16070,"Join_Count":1,"TARGET_FID":31837,"PlaceType":"Regional Corridor","SB840":"Y","TRACTCE":"010229","BLKGRPCE":"3","GEOID":"481410102293","INTPTLAT":"+31.8704678","INTPTLON":"-106.6249537","GrowthArea":"Y","LotArea":829194,"ZONELABEL":"G-MU","Shape_Length":4337.5537761042351,"Shape_Area":829193.88124823209}},{"type":"Feature","id":16072,"geometry":{"type":"Polygon","coordinates":[[[-106.55022066442773,31.88195954119178],[-106.55017633113174,31.881999307547989],[-106.55021676037695,31.882034778426913],[-106.55007207955278,31.88218009937593],[-106.55015114089619,31.882237708322069],[-106.55023245868485,31.88229298390803],[-106.55029129221786,31.882330644558937],[-106.55029148105423,31.882330763805871],[-106.55030039233291,31.882336303465458],[-106.55030480142545,31.88233882351085],[-106.55034217552435,31.882361438845873],[-106.55034321112257,31.882360781524358],[-106.55066455521167,31.882156772665287],[-106.5505447006188,31.882045426171192],[-106.55068517316265,31.881956245512658],[-106.55057499062771,31.881840598505445],[-106.55048583106209,31.88191015333188],[-106.55043096274278,31.881852563897997],[-106.55022066442773,31.88195954119178]]]},"properties":{"OBJECTID":16072,"Join_Count":1,"TARGET_FID":31839,"PlaceType":"Neighborhood Center","SB840":"Y","TRACTCE":"010213","BLKGRPCE":"3","GEOID":"481410102133","INTPTLAT":"+31.8904603","INTPTLON":"-106.5326281","GrowthArea":"Y","LotArea":20350,"ZONELABEL":"C-3","Shape_Length":642.8768519730387,"Shape_Area":20349.887179250145}},{"type":"Feature","id":16073,"geometry":{"type":"Polygon","coordinates":[[[-106.59324331879574,31.879998758230876],[-106.59338159590543,31.880307496662734],[-106.59406656583637,31.879994934457933],[-106.59385506040981,31.87964952146465],[-106.59331169437134,31.879888005196246],[-106.59324331879574,31.879998758230876]]]},"properties":{"OBJECTID":16073,"Join_Count":1,"TARGET_FID":31840,"PlaceType":"Regional Corridor","SB840":"Y","TRACTCE":"010228","BLKGRPCE":"1","GEOID":"481410102281","INTPTLAT":"+31.8854838","INTPTLON":"-106.5915725","GrowthArea":"Y","LotArea":32960,"ZONELABEL":"C-4","Shape_Length":738.35604500895693,"Shape_Area":32960.401513532124}},{"type":"Feature","id":16074,"geometry":{"type":"Polygon","coordinates":[[[-106.55068517316265,31.881956245512658],[-106.5505447006188,31.882045426171192],[-106.55066455521167,31.882156772665287],[-106.55034321112257,31.882360781524358],[-106.55034217552435,31.882361438845873],[-106.5503583256037,31.88237121151078],[-106.55035823915189,31.882371265316287],[-106.55035972008228,31.882372136709385],[-106.55036428033453,31.882374814831422],[-106.55038311489459,31.882385780797133],[-106.55109171624869,31.881941407250331],[-106.55111405154506,31.881927400068456],[-106.5505277005421,31.881375099011997],[-106.55052400458486,31.881377981582826],[-106.55037362400337,31.88149529527513],[-106.550332982001,31.881452637519324],[-106.5502497662762,31.881517554808802],[-106.55006448078477,31.881323078339051],[-106.54960025678795,31.881614580245547],[-106.54959068660445,31.88162164249168],[-106.54958252823469,31.881629894670802],[-106.54957598438097,31.881639134716202],[-106.54957121581535,31.881649134561897],[-106.5495683398006,31.881659648347085],[-106.54956742610501,31.881670416219539],[-106.54956849864782,31.881681173289213],[-106.54957153057718,31.881691655282932],[-106.54957644667569,31.881701602945661],[-106.54958312717544,31.881710771794264],[-106.54963707033468,31.881774490899371],[-106.54972336485811,31.881869681308665],[-106.54981472575768,31.881961365496796],[-106.55026229634308,31.881675531816612],[-106.55032122853252,31.881737386656802],[-106.55041038805646,31.881667831937818],[-106.55052012235353,31.881783010007776],[-106.55043096274278,31.881852563897997],[-106.55048583106209,31.88191015333188],[-106.55057499062771,31.881840598505445],[-106.55068517316265,31.881956245512658]]]},"properties":{"OBJECTID":16074,"Join_Count":1,"TARGET_FID":31841,"PlaceType":"Neighborhood Center","SB840":"Y","TRACTCE":"010213","BLKGRPCE":"3","GEOID":"481410102133","INTPTLAT":"+31.8904603","INTPTLON":"-106.5326281","GrowthArea":"Y","LotArea":64433,"ZONELABEL":"C-3","Shape_Length":1797.8890977652718,"Shape_Area":64433.355536562078}},{"type":"Feature","id":16075,"geometry":{"type":"Polygon","coordinates":[[[-106.59522577741679,31.880183162511326],[-106.59626084104262,31.880176454698635],[-106.59625648485334,31.879773186250848],[-106.59625563597248,31.879694608276033],[-106.59624566004251,31.879520077686728],[-106.59622177228938,31.879374763063215],[-106.59619102167119,31.87923039088793],[-106.59615346079192,31.879087196188049],[-106.59610914964095,31.878945413634344],[-106.59610385075663,31.878932308192088],[-106.59609605341902,31.878920144876655],[-106.59608597938166,31.87890926800867],[-106.59607391145093,31.878899984648253],[-106.59606019306976,31.878892558292474],[-106.59604520954603,31.878887197132116],[-106.59602938482807,31.878884053303725],[-106.59601316731057,31.878883216346093],[-106.59590825950229,31.878903757782929],[-106.59580392061721,31.87892631045483],[-106.59484914326545,31.879184472339549],[-106.59522577741679,31.880183162511326]]]},"properties":{"OBJECTID":16075,"Join_Count":1,"TARGET_FID":31842,"PlaceType":"Innovation, Light Manufacturing and Logistics","SB840":"Y","TRACTCE":"010218","BLKGRPCE":"3","GEOID":"481410102183","INTPTLAT":"+31.8808783","INTPTLON":"-106.6029658","GrowthArea":"Y","LotArea":160128,"ZONELABEL":"C-4","Shape_Length":1573.4560456584666,"Shape_Area":160127.88365353944}},{"type":"Feature","id":16078,"geometry":{"type":"Polygon","coordinates":[[[-106.59714369573763,31.880168645684059],[-106.59746567476716,31.880161803138822],[-106.59744535605299,31.878654506637346],[-106.59720923965095,31.878670455132131],[-106.59692994356305,31.878709197420214],[-106.59665191103024,31.878754074762924],[-106.59637532846111,31.878805057425343],[-106.5963615291522,31.878812384492001],[-106.59634936391862,31.878821581324477],[-106.59633917653167,31.878832387507625],[-106.59633125596464,31.878844498291464],[-106.5963258261384,31.878857569601013],[-106.59632303948608,31.87887123279766],[-106.59632297525897,31.87888510108365],[-106.59632563508276,31.878898782361716],[-106.59639400234202,31.87912907556893],[-106.59642600622513,31.87925579716153],[-106.59645076991397,31.87938369434],[-106.59646823323889,31.879512465598612],[-106.59647835713362,31.879641808415666],[-106.59648111613026,31.879771417807547],[-106.59648526169318,31.880092361577546],[-106.59648692210797,31.880106665391789],[-106.59649146628323,31.880120507147662],[-106.59649875628487,31.880133465328729],[-106.59650857136583,31.880145146789211],[-106.59652061295994,31.880155198256769],[-106.59653451682476,31.880163313877723],[-106.59654986026501,31.880169248418891],[-106.59656617714396,31.880172820158784],[-106.59658297337029,31.880173920982138],[-106.59714369573763,31.880168645684059]]]},"properties":{"OBJECTID":16078,"Join_Count":1,"TARGET_FID":31845,"PlaceType":"Innovation, Light Manufacturing and Logistics","SB840":"Y","TRACTCE":"010218","BLKGRPCE":"3","GEOID":"481410102183","INTPTLAT":"+31.8808783","INTPTLON":"-106.6029658","GrowthArea":"Y","LotArea":167343,"ZONELABEL":"C-4","Shape_Length":1685.8786456412056,"Shape_Area":167343.36490892133}},{"type":"Feature","id":16079,"geometry":{"type":"Polygon","coordinates":[[[-106.59746567476716,31.880161803138822],[-106.59830164431686,31.880144033744475],[-106.59847913752057,31.880015052010616],[-106.59846070829232,31.878648984303101],[-106.59830849239626,31.878637911087381],[-106.59775801994722,31.878633388769913],[-106.59744535605299,31.878654506637346],[-106.59746567476716,31.880161803138822]]]},"properties":{"OBJECTID":16079,"Join_Count":1,"TARGET_FID":31846,"PlaceType":"Innovation, Light Manufacturing and Logistics","SB840":"Y","TRACTCE":"010218","BLKGRPCE":"3","GEOID":"481410102183","INTPTLAT":"+31.8808783","INTPTLON":"-106.6029658","GrowthArea":"Y","LotArea":172076,"ZONELABEL":"C-4","Shape_Length":1693.00442409887,"Shape_Area":172076.27073405124}},{"type":"Feature","id":16080,"geometry":{"type":"Polygon","coordinates":[[[-106.55036564464328,31.882396736563773],[-106.55042752826935,31.882431122705555],[-106.55051675186668,31.882477082184202],[-106.55087710203827,31.882250882239145],[-106.55120313792868,31.882046219840866],[-106.55109171624869,31.881941407250331],[-106.55038311489459,31.882385780797133],[-106.55036564464328,31.882396736563773]]]},"properties":{"OBJECTID":16080,"Join_Count":2,"TARGET_FID":31848,"PlaceType":"Neighborhood Center","SB840":"Y","TRACTCE":"010213","BLKGRPCE":"3","GEOID":"481410102133","INTPTLAT":"+31.8904603","INTPTLON":"-106.5326281","GrowthArea":"Y","LotArea":13964,"ZONELABEL":"C-3","Shape_Length":650.96865014605464,"Shape_Area":13964.062014920331}},{"type":"Feature","id":16082,"geometry":{"type":"Polygon","coordinates":[[[-106.5925097303104,31.880169147889031],[-106.59268441821979,31.880541818084023],[-106.59318668576392,31.880319915919653],[-106.59306371122383,31.880046649281979],[-106.59291174326412,31.879994835737328],[-106.5925097303104,31.880169147889031]]]},"properties":{"OBJECTID":16082,"Join_Count":1,"TARGET_FID":31850,"PlaceType":"Regional Corridor","SB840":"Y","TRACTCE":"010228","BLKGRPCE":"1","GEOID":"481410102281","INTPTLAT":"+31.8854838","INTPTLON":"-106.5915725","GrowthArea":"Y","LotArea":24828,"ZONELABEL":"C-4","Shape_Length":618.85987654258111,"Shape_Area":24827.965756905556}},{"type":"Feature","id":16083,"geometry":{"type":"Polygon","coordinates":[[[-106.5897178629309,31.879448113777276],[-106.58972584970928,31.880763423826803],[-106.59003622189185,31.880629222281762],[-106.59005373143778,31.87944688453064],[-106.58992854103306,31.879447343058956],[-106.58981054714613,31.879447774588105],[-106.5897178629309,31.879448113777276]]]},"properties":{"OBJECTID":16083,"Join_Count":3,"TARGET_FID":31853,"PlaceType":"Regional Corridor","SB840":"Y","TRACTCE":"010227","BLKGRPCE":"2","GEOID":"481410102272","INTPTLAT":"+31.8713773","INTPTLON":"-106.5843813","GrowthArea":"Y","LotArea":45533,"ZONELABEL":"R-3","Shape_Length":1120.9399257677526,"Shape_Area":45532.533959773056}},{"type":"Feature","id":16085,"geometry":{"type":"Polygon","coordinates":[[[-106.58529807497442,31.88102816718613],[-106.58594692951355,31.88100390309614],[-106.58597685010315,31.880242962708781],[-106.58528896381662,31.880246584405015],[-106.58528978500553,31.880254912825961],[-106.58529031361527,31.88030417498517],[-106.58529807497442,31.88102816718613]]]},"properties":{"OBJECTID":16085,"Join_Count":3,"TARGET_FID":31855,"PlaceType":"Regional Corridor","SB840":"Y","TRACTCE":"010227","BLKGRPCE":"2","GEOID":"481410102272","INTPTLAT":"+31.8713773","INTPTLON":"-106.5843813","GrowthArea":"Y","LotArea":58165,"ZONELABEL":"C-4","Shape_Length":976.48332445360904,"Shape_Area":58164.624627623554}},{"type":"Feature","id":16086,"geometry":{"type":"Polygon","coordinates":[[[-106.58939225168297,31.879449305565924],[-106.58938496018921,31.880907291319865],[-106.58972584970928,31.880763423826803],[-106.5897178629309,31.879448113777276],[-106.58969551662857,31.879448196428196],[-106.58941758035037,31.879449212478665],[-106.58941753591198,31.879449212806904],[-106.58939225168297,31.879449305565924]]]},"properties":{"OBJECTID":16086,"Join_Count":2,"TARGET_FID":31856,"PlaceType":"Regional Corridor","SB840":"Y","TRACTCE":"010227","BLKGRPCE":"2","GEOID":"481410102272","INTPTLAT":"+31.8713773","INTPTLON":"-106.5843813","GrowthArea":"Y","LotArea":52187,"ZONELABEL":"C-4","Shape_Length":1228.0503897784656,"Shape_Area":52187.140059936079}},{"type":"Feature","id":16089,"geometry":{"type":"Polygon","coordinates":[[[-106.57777429632628,31.880488220561695],[-106.5796378156145,31.881473733068528],[-106.58033101791086,31.880519358680939],[-106.58031699174475,31.880454509748997],[-106.57993842786266,31.880234605301663],[-106.57954330440434,31.88001680559189],[-106.57969026568354,31.879915353363732],[-106.5798401366409,31.879817050166707],[-106.57987995015647,31.879802244641077],[-106.57992205001088,31.87979314102742],[-106.57996532143807,31.879789978866516],[-106.58036122527893,31.879711526689434],[-106.58030265356557,31.879438858362313],[-106.57883468853254,31.879442496948108],[-106.57756005933092,31.87944500203761],[-106.57666041734491,31.879446755983924],[-106.5772214782278,31.881248221701551],[-106.57777429632628,31.880488220561695]]]},"properties":{"OBJECTID":16089,"Join_Count":2,"TARGET_FID":31859,"PlaceType":"Regional Corridor","SB840":"Y","TRACTCE":"010225","BLKGRPCE":"3","GEOID":"481410102253","INTPTLAT":"+31.8744933","INTPTLON":"-106.5724766","GrowthArea":"Y","LotArea":554650,"ZONELABEL":"C-3","Shape_Length":3920.167067728627,"Shape_Area":554649.62797546608}},{"type":"Feature","id":16090,"geometry":{"type":"Polygon","coordinates":[[[-106.58907090065651,31.879454002516745],[-106.58906978135674,31.88104329016836],[-106.58938496018921,31.880907291319865],[-106.58939225168297,31.879449305565924],[-106.58925572076728,31.879450950450003],[-106.58909184498063,31.87945365672293],[-106.58907090065651,31.879454002516745]]]},"properties":{"OBJECTID":16090,"Join_Count":3,"TARGET_FID":31860,"PlaceType":"Regional Corridor","SB840":"Y","TRACTCE":"010227","BLKGRPCE":"2","GEOID":"481410102272","INTPTLAT":"+31.8713773","INTPTLON":"-106.5843813","GrowthArea":"Y","LotArea":54734,"ZONELABEL":"C-3","Shape_Length":1317.9883430488858,"Shape_Area":54734.161062746418}},{"type":"Feature","id":16091,"geometry":{"type":"Polygon","coordinates":[[[-106.59338159590543,31.880307496662734],[-106.59367656634281,31.881027801067649],[-106.59430902963429,31.8807893911039],[-106.59430674127094,31.88045309679897],[-106.59430740724271,31.880269438387611],[-106.59430740568197,31.880269398718792],[-106.59430773524885,31.88017911290671],[-106.59430773468388,31.880179072286822],[-106.59430873305178,31.879904385408125],[-106.5943087883773,31.879891163408494],[-106.59430878781235,31.879891122788536],[-106.59430880581928,31.879886922625865],[-106.59430880419906,31.879886882056692],[-106.59430885440661,31.879875554457794],[-106.59430729305336,31.879784013667809],[-106.59431352066709,31.879668857300988],[-106.59431816343653,31.879583052972343],[-106.59412618368589,31.879530522385409],[-106.59385506040981,31.87964952146465],[-106.59406656583637,31.879994934457933],[-106.59338159590543,31.880307496662734]]]},"properties":{"OBJECTID":16091,"Join_Count":1,"TARGET_FID":31861,"PlaceType":"Regional Corridor","SB840":"Y","TRACTCE":"010228","BLKGRPCE":"1","GEOID":"481410102281","INTPTLAT":"+31.8854838","INTPTLON":"-106.5915725","GrowthArea":"Y","LotArea":92872,"ZONELABEL":"C-4","Shape_Length":1471.2802497934938,"Shape_Area":92872.238419044574}},{"type":"Feature","id":16094,"geometry":{"type":"Polygon","coordinates":[[[-106.58530474744424,31.88165060055891],[-106.58592241125352,31.881627503539601],[-106.58594692951355,31.88100390309614],[-106.58529807497442,31.88102816718613],[-106.58530474744424,31.88165060055891]]]},"properties":{"OBJECTID":16094,"Join_Count":2,"TARGET_FID":31867,"PlaceType":"Regional Corridor","SB840":"Y","TRACTCE":"010227","BLKGRPCE":"2","GEOID":"481410102272","INTPTLAT":"+31.8713773","INTPTLON":"-106.5843813","GrowthArea":"Y","LotArea":44529,"ZONELABEL":"C-4","Shape_Length":846.96009582126783,"Shape_Area":44529.368351730343}},{"type":"Feature","id":16096,"geometry":{"type":"Polygon","coordinates":[[[-106.61092924316429,31.88051071099008],[-106.61170116541518,31.880502645309299],[-106.61170116977934,31.880454541103081],[-106.61178086283842,31.880453707927568],[-106.61178087515709,31.88029918559781],[-106.61178087884414,31.880255180487925],[-106.6114549874389,31.880104440089323],[-106.61091641001921,31.880110067156117],[-106.61092924316429,31.88051071099008]]]},"properties":{"OBJECTID":16096,"Join_Count":2,"TARGET_FID":31873,"PlaceType":"Regional Corridor","SB840":"Y","TRACTCE":"010218","BLKGRPCE":"2","GEOID":"481410102182","INTPTLAT":"+31.8825886","INTPTLON":"-106.6205739","GrowthArea":"Y","LotArea":35565,"ZONELABEL":"C-1","Shape_Length":782.17250991687195,"Shape_Area":35565.02094561889}},{"type":"Feature","id":16098,"geometry":{"type":"Polygon","coordinates":[[[-106.59488981574836,31.881439551990582],[-106.59500066474982,31.881439232792147],[-106.59462876765794,31.880481074632879],[-106.59461618128282,31.88044864722238],[-106.59431352066709,31.879668857300988],[-106.59430729305336,31.879784013667809],[-106.59430885440661,31.879875554457794],[-106.59430880419906,31.879886882056692],[-106.59430880581928,31.879886922625865],[-106.59430878781235,31.879891122788536],[-106.5943087883773,31.879891163408494],[-106.59430873305178,31.879904385408125],[-106.59430773468388,31.880179072286822],[-106.59430773524885,31.88017911290671],[-106.59430740568197,31.880269398718792],[-106.59430740724271,31.880269438387611],[-106.59430674127094,31.88045309679897],[-106.59430902963429,31.8807893911039],[-106.59431322843997,31.881433217806656],[-106.59488981574836,31.881439551990582]]]},"properties":{"OBJECTID":16098,"Join_Count":1,"TARGET_FID":31887,"PlaceType":"Regional Corridor","SB840":"Y","TRACTCE":"010228","BLKGRPCE":"1","GEOID":"481410102281","INTPTLAT":"+31.8854838","INTPTLON":"-106.5915725","GrowthArea":"Y","LotArea":69363,"ZONELABEL":"C-4","Shape_Length":1533.777996914092,"Shape_Area":69363.25040434071}},{"type":"Feature","id":16099,"geometry":{"type":"Polygon","coordinates":[[[-106.59500066474982,31.881439232792147],[-106.59508485059098,31.881438989634074],[-106.59516899477244,31.881436688972187],[-106.59496124995076,31.880932856784121],[-106.59475919303074,31.880443628534959],[-106.59433256569558,31.879316722687484],[-106.59432744305005,31.879411467170495],[-106.59431816343653,31.879583052972343],[-106.59431352066709,31.879668857300988],[-106.59461618128282,31.88044864722238],[-106.59462876765794,31.880481074632879],[-106.59500066474982,31.881439232792147]]]},"properties":{"OBJECTID":16099,"Join_Count":1,"TARGET_FID":31889,"PlaceType":"Regional Corridor","SB840":"Y","TRACTCE":"010228","BLKGRPCE":"1","GEOID":"481410102281","INTPTLAT":"+31.8854838","INTPTLON":"-106.5915725","GrowthArea":"Y","LotArea":33702,"ZONELABEL":"C-4","Shape_Length":1672.7934004603751,"Shape_Area":33701.635341393288}},{"type":"Feature","id":16100,"geometry":{"type":"Polygon","coordinates":[[[-106.57145404133757,31.882584613287012],[-106.57148025363826,31.882678184419042],[-106.57443468400389,31.882282387539881],[-106.5745475165796,31.882267270315225],[-106.57465216954506,31.882253249528965],[-106.57427735031132,31.881936472031754],[-106.57330469114582,31.881114416046408],[-106.57198272366817,31.880709487067058],[-106.57133091367787,31.879514717119793],[-106.57037756978255,31.880056272246573],[-106.57064866345786,31.88060331412305],[-106.57087230867272,31.881217271452389],[-106.57102817662853,31.881182613494111],[-106.57114051526811,31.881583637403526],[-106.57098464669482,31.881618295490171],[-106.57126699524214,31.882626202591183],[-106.57145404133757,31.882584613287012]]]},"properties":{"OBJECTID":16100,"Join_Count":4,"TARGET_FID":31896,"PlaceType":"Regional Corridor","SB840":"Y","TRACTCE":"010226","BLKGRPCE":"1","GEOID":"481410102261","INTPTLAT":"+31.8810271","INTPTLON":"-106.5662863","GrowthArea":"Y","LotArea":679748,"ZONELABEL":"C-4","Shape_Length":4028.305435847783,"Shape_Area":679748.46201499086}},{"type":"Feature","id":16101,"geometry":{"type":"Polygon","coordinates":[[[-106.58685333676058,31.880238080012326],[-106.58690149522027,31.882020844974011],[-106.58701711538126,31.881978598860996],[-106.587200883248,31.881903136959632],[-106.58738161658084,31.881822518340979],[-106.58755911785691,31.881736830182501],[-106.58773319214143,31.881646166764408],[-106.58840625553493,31.881319172785648],[-106.58836298217223,31.879732713576868],[-106.58683949245564,31.879725587064808],[-106.58685333676058,31.880238080012326]]]},"properties":{"OBJECTID":16101,"Join_Count":3,"TARGET_FID":31902,"PlaceType":"Regional Corridor","SB840":"Y","TRACTCE":"010227","BLKGRPCE":"2","GEOID":"481410102272","INTPTLAT":"+31.8713773","INTPTLON":"-106.5843813","GrowthArea":"Y","LotArea":336168,"ZONELABEL":"C-4","Shape_Length":2418.1384006284507,"Shape_Area":336167.87212161068}},{"type":"Feature","id":16102,"geometry":{"type":"Polygon","coordinates":[[[-106.59431071267625,31.881681060967118],[-106.59510287619125,31.881688217237791],[-106.59510179129916,31.881685574950609],[-106.59505039086022,31.881560363905294],[-106.59500066474982,31.881439232792147],[-106.59488981574836,31.881439551990582],[-106.59431322843997,31.881433217806656],[-106.59431071267625,31.881681060967118]]]},"properties":{"OBJECTID":16102,"Join_Count":1,"TARGET_FID":31907,"PlaceType":"Regional Corridor","SB840":"Y","TRACTCE":"010228","BLKGRPCE":"1","GEOID":"481410102281","INTPTLAT":"+31.8854838","INTPTLON":"-106.5915725","GrowthArea":"Y","LotArea":20666,"ZONELABEL":"C-4","Shape_Length":645.45952235375955,"Shape_Area":20666.197769634888}},{"type":"Feature","id":16103,"geometry":{"type":"Polygon","coordinates":[[[-106.59323988793986,31.881816800551263],[-106.59374984736249,31.881810462102269],[-106.59367701162213,31.881452856708247],[-106.59318668576392,31.880319915919653],[-106.59268441821979,31.880541818084023],[-106.5927218591343,31.880621689321483],[-106.59323988793986,31.881816800551263]]]},"properties":{"OBJECTID":16103,"Join_Count":2,"TARGET_FID":31913,"PlaceType":"Regional Corridor","SB840":"Y","TRACTCE":"010228","BLKGRPCE":"1","GEOID":"481410102281","INTPTLAT":"+31.8854838","INTPTLON":"-106.5915725","GrowthArea":"Y","LotArea":91290,"ZONELABEL":"C-4","Shape_Length":1400.1482412973962,"Shape_Area":91289.517716048969}},{"type":"Feature","id":16106,"geometry":{"type":"Polygon","coordinates":[[[-106.58592241125352,31.881627503539601],[-106.58589664102371,31.882282867571533],[-106.58612402684479,31.882230362484773],[-106.58632107680627,31.882185492748754],[-106.58651645627761,31.882135585017178],[-106.58670998733463,31.882080686679398],[-106.58690149522027,31.882020844974011],[-106.58685333676058,31.880238080012326],[-106.58669930124464,31.880238938633529],[-106.5864242055128,31.880240471177601],[-106.58597685010315,31.880242962708781],[-106.58594692951355,31.88100390309614],[-106.58592241125352,31.881627503539601]]]},"properties":{"OBJECTID":16106,"Join_Count":3,"TARGET_FID":31924,"PlaceType":"Regional Corridor","SB840":"Y","TRACTCE":"010227","BLKGRPCE":"2","GEOID":"481410102272","INTPTLAT":"+31.8713773","INTPTLON":"-106.5843813","GrowthArea":"Y","LotArea":203782,"ZONELABEL":"C-4","Shape_Length":1989.6889216779084,"Shape_Area":203781.69174096719}},{"type":"Feature","id":16107,"geometry":{"type":"Polygon","coordinates":[[[-106.59326631955297,31.881977440787246],[-106.59374973917382,31.881971432342315],[-106.59374984736249,31.881810462102269],[-106.59323988793986,31.881816800551263],[-106.59326631955297,31.881977440787246]]]},"properties":{"OBJECTID":16107,"Join_Count":2,"TARGET_FID":31933,"PlaceType":"Regional Corridor","SB840":"Y","TRACTCE":"010228","BLKGRPCE":"1","GEOID":"481410102281","INTPTLAT":"+31.8854838","INTPTLON":"-106.5915725","GrowthArea":"Y","LotArea":9029,"ZONELABEL":"C-4","Shape_Length":425.96347161605547,"Shape_Area":9028.6349345310337}},{"type":"Feature","id":16108,"geometry":{"type":"Polygon","coordinates":[[[-106.58534587847333,31.882362329200937],[-106.58534682938316,31.882397541551519],[-106.58562264294393,31.882343372836345],[-106.58589664102371,31.882282867571533],[-106.58592241125352,31.881627503539601],[-106.58530474744424,31.88165060055891],[-106.58531243805955,31.882368731762263],[-106.58534587847333,31.882362329200937]]]},"properties":{"OBJECTID":16108,"Join_Count":2,"TARGET_FID":31936,"PlaceType":"Regional Corridor","SB840":"Y","TRACTCE":"010227","BLKGRPCE":"2","GEOID":"481410102272","INTPTLAT":"+31.8713773","INTPTLON":"-106.5843813","GrowthArea":"Y","LotArea":47702,"ZONELABEL":"C-4","Shape_Length":890.89033247842144,"Shape_Area":47702.321134556238}},{"type":"Feature","id":16109,"geometry":{"type":"Polygon","coordinates":[[[-106.59430774588996,31.881973183209521],[-106.59455121215616,31.881965347966151],[-106.59515658288404,31.88181904590305],[-106.59510287619125,31.881688217237791],[-106.59431071267625,31.881681060967118],[-106.59430774588996,31.881973183209521]]]},"properties":{"OBJECTID":16109,"Join_Count":1,"TARGET_FID":31938,"PlaceType":"Regional Corridor","SB840":"Y","TRACTCE":"010228","BLKGRPCE":"1","GEOID":"481410102281","INTPTLAT":"+31.8854838","INTPTLON":"-106.5915725","GrowthArea":"Y","LotArea":21548,"ZONELABEL":"C-4","Shape_Length":673.55397031639438,"Shape_Area":21548.421920693163}},{"type":"Feature","id":16110,"geometry":{"type":"Polygon","coordinates":[[[-106.58345652647449,31.87965445113478],[-106.58416802392254,31.882564629010641],[-106.58531243805955,31.882368731762263],[-106.58530474744424,31.88165060055891],[-106.58529807497442,31.88102816718613],[-106.58529031361527,31.88030417498517],[-106.58528896381662,31.880246584405015],[-106.58528809952223,31.880237810937391],[-106.58490440906026,31.88023888458228],[-106.58490801578593,31.879452807124917],[-106.58485169505515,31.879452734091348],[-106.58467387279109,31.87945250116038],[-106.58449604959139,31.8794522698383],[-106.58431822732911,31.879452036422233],[-106.58414046167601,31.879454299379066],[-106.58396258081534,31.879451570764513],[-106.58378475767846,31.879451339372672],[-106.58360693547898,31.879451105886783],[-106.58342911222515,31.879450872208988],[-106.58342382003285,31.879450866054452],[-106.58325128996812,31.87945063733757],[-106.58324213999136,31.879450625726427],[-106.58329697280821,31.879673281809517],[-106.58345652647449,31.87965445113478]]]},"properties":{"OBJECTID":16110,"Join_Count":6,"TARGET_FID":31946,"PlaceType":"Regional Corridor","SB840":"Y","TRACTCE":"010227","BLKGRPCE":"2","GEOID":"481410102272","INTPTLAT":"+31.8713773","INTPTLON":"-106.5843813","GrowthArea":"Y","LotArea":488465,"ZONELABEL":"C-4","Shape_Length":3274.0627697533082,"Shape_Area":488465.00226762512}},{"type":"Feature","id":16111,"geometry":{"type":"Polygon","coordinates":[[[-106.58397789302349,31.882520640822602],[-106.58399932602661,31.882596989273914],[-106.58408404078375,31.882582198896941],[-106.58416802392254,31.882564629010641],[-106.58345652647449,31.87965445113478],[-106.58329697280821,31.879673281809517],[-106.58324213999136,31.879450625726427],[-106.58307346671604,31.879450403174669],[-106.58277374509859,31.879450009006927],[-106.58265097536956,31.879449846684423],[-106.58181886279738,31.879448746178458],[-106.58226346196794,31.881112749097117],[-106.58232877186501,31.881331863169009],[-106.58254667874273,31.882136701168996],[-106.58256744645811,31.882132607355189],[-106.58322874366141,31.882002249094398],[-106.58380668339608,31.881888320598105],[-106.58397789302349,31.882520640822602]]]},"properties":{"OBJECTID":16111,"Join_Count":2,"TARGET_FID":31949,"PlaceType":"Regional Corridor","SB840":"Y","TRACTCE":"010227","BLKGRPCE":"2","GEOID":"481410102272","INTPTLAT":"+31.8713773","INTPTLON":"-106.5843813","GrowthArea":"Y","LotArea":458211,"ZONELABEL":"C-4","Shape_Length":3379.4872456677363,"Shape_Area":458210.9217680968}},{"type":"Feature","id":16112,"geometry":{"type":"Polygon","coordinates":[[[-106.58322874366141,31.882002249094398],[-106.58339819202588,31.882628076836404],[-106.58397789302349,31.882520640822602],[-106.58380668339608,31.881888320598105],[-106.58322874366141,31.882002249094398]]]},"properties":{"OBJECTID":16112,"Join_Count":1,"TARGET_FID":31950,"PlaceType":"Regional Corridor","SB840":"Y","TRACTCE":"010227","BLKGRPCE":"2","GEOID":"481410102272","INTPTLAT":"+31.8713773","INTPTLON":"-106.5843813","GrowthArea":"Y","LotArea":43248,"ZONELABEL":"C-4","Shape_Length":838.02952973599611,"Shape_Area":43247.616869145859}},{"type":"Feature","id":16113,"geometry":{"type":"Polygon","coordinates":[[[-106.58339819202588,31.882628076836404],[-106.5834173334769,31.882698767998502],[-106.58399932602661,31.882596989273914],[-106.58397789302349,31.882520640822602],[-106.58339819202588,31.882628076836404]]]},"properties":{"OBJECTID":16113,"Join_Count":1,"TARGET_FID":31961,"PlaceType":"Regional Corridor","SB840":"Y","TRACTCE":"010227","BLKGRPCE":"2","GEOID":"481410102272","INTPTLAT":"+31.8713773","INTPTLON":"-106.5843813","GrowthArea":"Y","LotArea":5062,"ZONELABEL":"C-4","Shape_Length":423.50825545834738,"Shape_Area":5061.9936522228863}},{"type":"Feature","id":16114,"geometry":{"type":"Polygon","coordinates":[[[-106.56957822817452,31.881664940170797],[-106.57005108746847,31.883385755563108],[-106.57006218921539,31.88338117101593],[-106.5700957325341,31.883367319254692],[-106.57010775771739,31.883362353567335],[-106.57018611304066,31.883329996939672],[-106.57093481152285,31.883020822348243],[-106.57094044946703,31.88301969332424],[-106.57085373256557,31.882710140884893],[-106.57044906178432,31.881265544040254],[-106.57016178036572,31.880540049117883],[-106.57008876965583,31.880385147609221],[-106.57000842089282,31.88023291342445],[-106.56992086717915,31.880083599412888],[-106.56982625515475,31.879937455064713],[-106.56972474153491,31.879794722160806],[-106.5695042420781,31.879526196979057],[-106.56885685814377,31.879521624373368],[-106.56872468160849,31.879520574255221],[-106.56852975099748,31.879634731158891],[-106.56772831930748,31.879958454512007],[-106.56687647085874,31.880168489400745],[-106.56620834222318,31.880237500089951],[-106.56654424592294,31.880295789414387],[-106.56749987865396,31.88052387847755],[-106.5675706916094,31.880538735368813],[-106.5680249597015,31.880609774928356],[-106.56809735840086,31.880623405779417],[-106.56816842361111,31.880641436063083],[-106.56839151744155,31.880715832222318],[-106.56861333186885,31.880792965619058],[-106.56877894585521,31.880874414447447],[-106.56894030905032,31.880961853771975],[-106.56901660810836,31.88100758339403],[-106.56908826881151,31.88105848400928],[-106.56915481248409,31.881114214532559],[-106.56921579214251,31.881174400747479],[-106.56927079918191,31.88123864040551],[-106.56931946548694,31.881306503124669],[-106.56936146583853,31.881377534790335],[-106.56939651797326,31.881451258455346],[-106.56942438727886,31.881527181341198],[-106.56940498483473,31.881531596971346],[-106.56947865705936,31.881684923434289],[-106.56957822817452,31.881664940170797]]]},"properties":{"OBJECTID":16114,"Join_Count":4,"TARGET_FID":31967,"PlaceType":"Neighborhood Center","SB840":"Y","TRACTCE":"010226","BLKGRPCE":"1","GEOID":"481410102261","INTPTLAT":"+31.8810271","INTPTLON":"-106.5662863","GrowthArea":"Y","LotArea":617571,"ZONELABEL":"C-1","Shape_Length":4634.6453665078725,"Shape_Area":617571.3460867895}},{"type":"Feature","id":16115,"geometry":{"type":"Polygon","coordinates":[[[-106.58278450384212,31.882734154926521],[-106.58288866115186,31.882791220882584],[-106.5834173334769,31.882698767998502],[-106.58339819202588,31.882628076836404],[-106.58322874366141,31.882002249094398],[-106.58256744645811,31.882132607355189],[-106.58254667874273,31.882136701168996],[-106.58269531933183,31.882685292847246],[-106.58273938055279,31.882709432782484],[-106.58278450384212,31.882734154926521]]]},"properties":{"OBJECTID":16115,"Join_Count":1,"TARGET_FID":31971,"PlaceType":"Regional Corridor","SB840":"Y","TRACTCE":"010227","BLKGRPCE":"2","GEOID":"481410102272","INTPTLAT":"+31.8713773","INTPTLON":"-106.5843813","GrowthArea":"Y","LotArea":54678,"ZONELABEL":"C-4","Shape_Length":921.03903660556,"Shape_Area":54678.130204273388}},{"type":"Feature","id":16116,"geometry":{"type":"Polygon","coordinates":[[[-106.59430549951568,31.882194453669243],[-106.59528156683767,31.882203270095289],[-106.59530075065628,31.882170230176513],[-106.5952112066237,31.881952104882743],[-106.59520724539036,31.881942456042488],[-106.59516227989214,31.881832921683468],[-106.59515755278254,31.881821405576147],[-106.59515658288404,31.88181904590305],[-106.59455121215616,31.881965347966151],[-106.59430774588996,31.881973183209521],[-106.59430549951568,31.882194453669243]]]},"properties":{"OBJECTID":16116,"Join_Count":1,"TARGET_FID":31973,"PlaceType":"Regional Corridor","SB840":"Y","TRACTCE":"010228","BLKGRPCE":"1","GEOID":"481410102281","INTPTLAT":"+31.8854838","INTPTLON":"-106.5915725","GrowthArea":"Y","LotArea":30605,"ZONELABEL":"C-4","Shape_Length":803.21915230713171,"Shape_Area":30604.584138012928}},{"type":"Feature","id":16117,"geometry":{"type":"Polygon","coordinates":[[[-106.58272122254071,31.882779335936956],[-106.58272885202302,31.882787512889973],[-106.58273779981448,31.882794651059513],[-106.5827478736672,31.882800596179827],[-106.58275885772773,31.882805221312694],[-106.58277051681743,31.88280842754514],[-106.58282998140197,31.882801786703197],[-106.58288866115186,31.882791220882584],[-106.58278450384212,31.882734154926521],[-106.58273938055279,31.882709432782484],[-106.58269531933183,31.882685292847246],[-106.58272122254071,31.882779335936956]]]},"properties":{"OBJECTID":16117,"Join_Count":1,"TARGET_FID":31974,"PlaceType":"Regional Corridor","SB840":"Y","TRACTCE":"010227","BLKGRPCE":"2","GEOID":"481410102272","INTPTLAT":"+31.8713773","INTPTLON":"-106.5843813","GrowthArea":"Y","LotArea":1148,"ZONELABEL":"C-4","Shape_Length":162.70976689513483,"Shape_Area":1147.7898599616358}},{"type":"Feature","id":16118,"geometry":{"type":"Polygon","coordinates":[[[-106.59529299181315,31.88220337381912],[-106.59548691070258,31.882205124572192],[-106.59533116507497,31.881819939017859],[-106.59516899477244,31.881436688972187],[-106.59508485059098,31.881438989634074],[-106.59500066474982,31.881439232792147],[-106.59505039086022,31.881560363905294],[-106.59510179129916,31.881685574950609],[-106.59510287619125,31.881688217237791],[-106.59515658288404,31.88181904590305],[-106.59515755278254,31.881821405576147],[-106.59516227989214,31.881832921683468],[-106.59520724539036,31.881942456042488],[-106.5952112066237,31.881952104882743],[-106.59530075065628,31.882170230176513],[-106.59530550788399,31.882181817091837],[-106.59529299181315,31.88220337381912]]]},"properties":{"OBJECTID":16118,"Join_Count":1,"TARGET_FID":31977,"PlaceType":"Regional Corridor","SB840":"Y","TRACTCE":"010228","BLKGRPCE":"1","GEOID":"481410102281","INTPTLAT":"+31.8854838","INTPTLON":"-106.5915725","GrowthArea":"Y","LotArea":14938,"ZONELABEL":"C-4","Shape_Length":703.92415572801247,"Shape_Area":14938.314027677445}},{"type":"Feature","id":16120,"geometry":{"type":"Polygon","coordinates":[[[-106.61102726658767,31.881608870609025],[-106.61178076906681,31.881610789686576],[-106.61178079378183,31.881310954970616],[-106.61178080383168,31.881183336893592],[-106.61178081394112,31.881055719709998],[-106.61178082399093,31.880928101619009],[-106.6117808340407,31.880800483521149],[-106.61178084889211,31.880621315190375],[-106.61178086283842,31.880453707927568],[-106.61170116977934,31.880454541103081],[-106.61170116541518,31.880502645309299],[-106.61092924316429,31.88051071099008],[-106.61096270485022,31.881555396091692],[-106.61096395302835,31.881564767028625],[-106.61096706011121,31.881573818024865],[-106.61097193546343,31.881582283369685],[-106.61097843335628,31.88158991265399],[-106.61098636535037,31.88159648191586],[-106.61099549525782,31.881601797496373],[-106.61100555656262,31.881605703329814],[-106.61101625160386,31.881608084595793],[-106.61102726658767,31.881608870609025]]]},"properties":{"OBJECTID":16120,"Join_Count":3,"TARGET_FID":31985,"PlaceType":"Regional Corridor","SB840":"Y","TRACTCE":"010218","BLKGRPCE":"2","GEOID":"481410102182","INTPTLAT":"+31.8825886","INTPTLON":"-106.6205739","GrowthArea":"Y","LotArea":104285,"ZONELABEL":"R-3A","Shape_Length":1347.7862834765642,"Shape_Area":104284.5375676821}},{"type":"Feature","id":16122,"geometry":{"type":"Polygon","coordinates":[[[-106.59374012022066,31.88250914752172],[-106.59374937705985,31.882509072882566],[-106.59374973917382,31.881971432342315],[-106.59326631955297,31.881977440787246],[-106.5933542155761,31.882511624737642],[-106.59336000168233,31.882511604949634],[-106.59374012022066,31.88250914752172]]]},"properties":{"OBJECTID":16122,"Join_Count":2,"TARGET_FID":31987,"PlaceType":"Regional Corridor","SB840":"Y","TRACTCE":"010228","BLKGRPCE":"1","GEOID":"481410102281","INTPTLAT":"+31.8854838","INTPTLON":"-106.5915725","GrowthArea":"Y","LotArea":26607,"ZONELABEL":"R-5","Shape_Length":664.57090435010946,"Shape_Area":26607.034059605445}},{"type":"Feature","id":16123,"geometry":{"type":"Polygon","coordinates":[[[-106.59394531172745,31.882493103595383],[-106.59412398540101,31.882492472090227],[-106.59410316042359,31.882222631967974],[-106.59393498562439,31.881799713256598],[-106.59393586041834,31.881884852983802],[-106.59393011513379,31.881969854798268],[-106.59394531172745,31.882493103595383]]]},"properties":{"OBJECTID":16123,"Join_Count":1,"TARGET_FID":31988,"PlaceType":"Regional Corridor","SB840":"Y","TRACTCE":"010228","BLKGRPCE":"1","GEOID":"481410102281","INTPTLAT":"+31.8854838","INTPTLON":"-106.5915725","GrowthArea":"Y","LotArea":9319,"ZONELABEL":"C-4","Shape_Length":568.67458146153945,"Shape_Area":9318.6855360228674}},{"type":"Feature","id":16125,"geometry":{"type":"Polygon","coordinates":[[[-106.59412398540101,31.882492472090227],[-106.59430245931131,31.882493865134283],[-106.59430266785351,31.882473392478371],[-106.59430309055253,31.882431794736853],[-106.59430358320519,31.882383192401939],[-106.59430388512817,31.882353456759741],[-106.59430549951568,31.882194453669243],[-106.59430774588996,31.881973183209521],[-106.59431071267625,31.881681060967118],[-106.59431322843997,31.881433217806656],[-106.59430902963429,31.8807893911039],[-106.59367656634281,31.881027801067649],[-106.59380014140152,31.881329564400811],[-106.59384096440026,31.881420300768841],[-106.59387498291026,31.881513058759484],[-106.5939020600877,31.881607465582636],[-106.59392208745992,31.881703145277044],[-106.59393498562439,31.881799713256598],[-106.59410316042359,31.882222631967974],[-106.59412398540101,31.882492472090227]]]},"properties":{"OBJECTID":16125,"Join_Count":2,"TARGET_FID":31990,"PlaceType":"Regional Corridor","SB840":"Y","TRACTCE":"010228","BLKGRPCE":"1","GEOID":"481410102281","INTPTLAT":"+31.8854838","INTPTLON":"-106.5915725","GrowthArea":"Y","LotArea":70442,"ZONELABEL":"R-5","Shape_Length":1444.0594108225982,"Shape_Area":70441.93463153069}},{"type":"Feature","id":16126,"geometry":{"type":"Polygon","coordinates":[[[-106.59527972263645,31.882485544323167],[-106.59560324655648,31.882488721092614],[-106.59554867661227,31.88234517363567],[-106.59522598309363,31.882345186011438],[-106.59527972263645,31.882485544323167]]]},"properties":{"OBJECTID":16126,"Join_Count":1,"TARGET_FID":31995,"PlaceType":"Regional Corridor","SB840":"Y","TRACTCE":"010228","BLKGRPCE":"1","GEOID":"481410102281","INTPTLAT":"+31.8854838","INTPTLON":"-106.5915725","GrowthArea":"Y","LotArea":5170,"ZONELABEL":"C-3","Shape_Length":309.21733354487651,"Shape_Area":5169.8019802981153}},{"type":"Feature","id":16127,"geometry":{"type":"Polygon","coordinates":[[[-106.59532705828472,31.882608711510294],[-106.59565105675269,31.882612014403083],[-106.59562491639846,31.882548813217891],[-106.59560324655648,31.882488721092614],[-106.59527972263645,31.882485544323167],[-106.59532705828472,31.882608711510294]]]},"properties":{"OBJECTID":16127,"Join_Count":1,"TARGET_FID":32014,"PlaceType":"Regional Corridor","SB840":"Y","TRACTCE":"010228","BLKGRPCE":"1","GEOID":"481410102281","INTPTLAT":"+31.8854838","INTPTLON":"-106.5915725","GrowthArea":"Y","LotArea":4477,"ZONELABEL":"C-3","Shape_Length":295.42154536886767,"Shape_Area":4476.6439329136956}},{"type":"Feature","id":16129,"geometry":{"type":"Polygon","coordinates":[[[-106.59535505645142,31.882681564261485],[-106.59567735024697,31.88267920066567],[-106.59565105675269,31.882612014403083],[-106.59532705828472,31.882608711510294],[-106.59535505645142,31.882681564261485]]]},"properties":{"OBJECTID":16129,"Join_Count":1,"TARGET_FID":32025,"PlaceType":"Regional Corridor","SB840":"Y","TRACTCE":"010228","BLKGRPCE":"1","GEOID":"481410102281","INTPTLAT":"+31.8854838","INTPTLON":"-106.5915725","GrowthArea":"Y","LotArea":2554,"ZONELABEL":"C-3","Shape_Length":254.28735460827272,"Shape_Area":2553.6731151727854}},{"type":"Feature","id":16132,"geometry":{"type":"Polygon","coordinates":[[[-106.55493148042044,31.884686059941565],[-106.55546472919879,31.884685935883059],[-106.55527376585128,31.884467856523045],[-106.55514198724227,31.884551863897517],[-106.55493148042044,31.884686059941565]]]},"properties":{"OBJECTID":16132,"Join_Count":2,"TARGET_FID":32033,"PlaceType":"Neighborhood Center","SB840":"Y","TRACTCE":"010213","BLKGRPCE":"3","GEOID":"481410102133","INTPTLAT":"+31.8904603","INTPTLON":"-106.5326281","GrowthArea":"Y","LotArea":6567,"ZONELABEL":"C-3","Shape_Length":397.18328602588224,"Shape_Area":6567.3013675842949}},{"type":"Feature","id":16134,"geometry":{"type":"Polygon","coordinates":[[[-106.59540102199993,31.882801166160341],[-106.59572763682519,31.882805156033825],[-106.59567735024697,31.88267920066567],[-106.59535505645142,31.882681564261485],[-106.59540102199993,31.882801166160341]]]},"properties":{"OBJECTID":16134,"Join_Count":1,"TARGET_FID":32036,"PlaceType":"Regional Corridor","SB840":"Y","TRACTCE":"010228","BLKGRPCE":"1","GEOID":"481410102281","INTPTLAT":"+31.8854838","INTPTLON":"-106.5915725","GrowthArea":"Y","LotArea":4494,"ZONELABEL":"C-3","Shape_Length":295.63965532007177,"Shape_Area":4494.0837304979532}},{"type":"Feature","id":16136,"geometry":{"type":"Polygon","coordinates":[[[-106.5875098320288,31.883394715982476],[-106.58760004085595,31.883394699754746],[-106.58759750019179,31.882259958226843],[-106.58746905000554,31.882304520915262],[-106.58693965382587,31.882462660111063],[-106.58677821645136,31.8824994301741],[-106.58679726512244,31.882541646394902],[-106.58693447676255,31.882845733847859],[-106.58696296433438,31.883381460420594],[-106.58697502595014,31.883381537019513],[-106.58697503243762,31.883394812884738],[-106.58707464371379,31.883394794458344],[-106.5875098320288,31.883394715982476]]]},"properties":{"OBJECTID":16136,"Join_Count":3,"TARGET_FID":32038,"PlaceType":"Regional Corridor","SB840":"Y","TRACTCE":"010228","BLKGRPCE":"1","GEOID":"481410102281","INTPTLAT":"+31.8854838","INTPTLON":"-106.5915725","GrowthArea":"Y","LotArea":79741,"ZONELABEL":"C-4","Shape_Length":1214.5061844169873,"Shape_Area":79741.304032327374}},{"type":"Feature","id":16137,"geometry":{"type":"Polygon","coordinates":[[[-106.58806344718793,31.883394612900979],[-106.58815330348069,31.883394596059247],[-106.58854951939738,31.882834001299141],[-106.58854766876081,31.882011549742472],[-106.58838897350211,31.881963674339914],[-106.58812202673629,31.882077986226403],[-106.58759750019179,31.882259958226843],[-106.58760004085595,31.883394699754746],[-106.58805643924914,31.88339461435357],[-106.58806344718793,31.883394612900979]]]},"properties":{"OBJECTID":16137,"Join_Count":2,"TARGET_FID":32039,"PlaceType":"Regional Corridor","SB840":"Y","TRACTCE":"010228","BLKGRPCE":"1","GEOID":"481410102281","INTPTLAT":"+31.8854838","INTPTLON":"-106.5915725","GrowthArea":"Y","LotArea":126725,"ZONELABEL":"C-4","Shape_Length":1442.6356947914239,"Shape_Area":126725.41172803742}},{"type":"Feature","id":16138,"geometry":{"type":"Polygon","coordinates":[[[-106.58837790501887,31.883394553308285],[-106.58853372813726,31.883394523905935],[-106.58853378602048,31.883391469897024],[-106.58855077546164,31.88339157793779],[-106.58854951939738,31.882834001299141],[-106.58815330348069,31.883394596059247],[-106.58834272660889,31.883394560088135],[-106.58837790501887,31.883394553308285]]]},"properties":{"OBJECTID":16138,"Join_Count":2,"TARGET_FID":32040,"PlaceType":"Regional Corridor","SB840":"Y","TRACTCE":"010228","BLKGRPCE":"1","GEOID":"481410102281","INTPTLAT":"+31.8854838","INTPTLON":"-106.5915725","GrowthArea":"Y","LotArea":12574,"ZONELABEL":"C-4","Shape_Length":565.47143467808712,"Shape_Area":12573.728600212782}},{"type":"Feature","id":16139,"geometry":{"type":"Polygon","coordinates":[[[-106.59550215967366,31.883064324497571],[-106.59582617213469,31.883060859070333],[-106.59580526663919,31.883005739751919],[-106.59577801337031,31.882938465983532],[-106.59575305706375,31.882870547023739],[-106.59572763682519,31.882805156033825],[-106.59540102199993,31.882801166160341],[-106.59542886682929,31.882873618894166],[-106.59545398250285,31.882938969476523],[-106.59547867271202,31.88300321503943],[-106.59550215967366,31.883064324497571]]]},"properties":{"OBJECTID":16139,"Join_Count":1,"TARGET_FID":32041,"PlaceType":"Regional Corridor","SB840":"Y","TRACTCE":"010228","BLKGRPCE":"1","GEOID":"481410102281","INTPTLAT":"+31.8854838","INTPTLON":"-106.5915725","GrowthArea":"Y","LotArea":9524,"ZONELABEL":"C-3","Shape_Length":400.65916943444643,"Shape_Area":9523.9221714849773}},{"type":"Feature","id":16140,"geometry":{"type":"Polygon","coordinates":[[[-106.58989007649735,31.883364036395694],[-106.59002093454086,31.883364587607186],[-106.59002146528759,31.883242957269125],[-106.59002019915307,31.883048374283202],[-106.59001207973449,31.882872852448177],[-106.59000784605257,31.882759794441132],[-106.58873354634339,31.882754418598648],[-106.58873232403205,31.883359151870387],[-106.58898076769816,31.883360200294483],[-106.58922640955724,31.883361237404802],[-106.58947205136228,31.883362273151807],[-106.58989007649735,31.883364036395694]]]},"properties":{"OBJECTID":16140,"Join_Count":3,"TARGET_FID":32042,"PlaceType":"Regional Corridor","SB840":"Y","TRACTCE":"010228","BLKGRPCE":"1","GEOID":"481410102281","INTPTLAT":"+31.8854838","INTPTLON":"-106.5915725","GrowthArea":"Y","LotArea":87724,"ZONELABEL":"R-5","Shape_Length":1235.6514311726712,"Shape_Area":87723.868840481344}},{"type":"Feature","id":16142,"geometry":{"type":"Polygon","coordinates":[[[-106.59555499781567,31.883201809381607],[-106.59587735652552,31.883192563867006],[-106.59582617213469,31.883060859070333],[-106.59550215967366,31.883064324497571],[-106.59555499781567,31.883201809381607]]]},"properties":{"OBJECTID":16142,"Join_Count":1,"TARGET_FID":32045,"PlaceType":"Regional Corridor","SB840":"Y","TRACTCE":"010228","BLKGRPCE":"1","GEOID":"481410102281","INTPTLAT":"+31.8854838","INTPTLON":"-106.5915725","GrowthArea":"Y","LotArea":4949,"ZONELABEL":"C-3","Shape_Length":303.81948151637755,"Shape_Area":4949.4635522325361}},{"type":"Feature","id":16145,"geometry":{"type":"Polygon","coordinates":[[[-106.58368600673695,31.883085617392666],[-106.58391528814698,31.883916579801042],[-106.5844197281254,31.88382719745778],[-106.58441945091131,31.883825738445015],[-106.58451285470639,31.883808104627224],[-106.58432279849076,31.883027245787545],[-106.58431957997126,31.883018103884595],[-106.5843145546732,31.88300957620806],[-106.58430787400913,31.883001920146341],[-106.5842997396155,31.88299536809577],[-106.58429039736409,31.882990116908594],[-106.58428013091159,31.882986326396423],[-106.58426924949819,31.882984110882973],[-106.58425808354824,31.882983536705602],[-106.58416066226722,31.883001848260413],[-106.58406276476465,31.883018203547802],[-106.58369196000628,31.883084552163968],[-106.58368600673695,31.883085617392666]]]},"properties":{"OBJECTID":16145,"Join_Count":2,"TARGET_FID":32055,"PlaceType":"Regional Corridor","SB840":"Y","TRACTCE":"010228","BLKGRPCE":"1","GEOID":"481410102281","INTPTLAT":"+31.8854838","INTPTLON":"-106.5915725","GrowthArea":"Y","LotArea":60068,"ZONELABEL":"C-4","Shape_Length":1000.055177943078,"Shape_Area":60068.423287629652}},{"type":"Feature","id":16146,"geometry":{"type":"Polygon","coordinates":[[[-106.59562582400868,31.883388675398127],[-106.59595266959869,31.883386366961119],[-106.59592601139225,31.883317110840245],[-106.59587735652552,31.883192563867006],[-106.59555499781567,31.883201809381607],[-106.59562582400868,31.883388675398127]]]},"properties":{"OBJECTID":16146,"Join_Count":1,"TARGET_FID":32058,"PlaceType":"Regional Corridor","SB840":"Y","TRACTCE":"010228","BLKGRPCE":"1","GEOID":"481410102281","INTPTLAT":"+31.8854838","INTPTLON":"-106.5915725","GrowthArea":"Y","LotArea":7027,"ZONELABEL":"C-3","Shape_Length":347.30514633454993,"Shape_Area":7027.2924093862803}},{"type":"Feature","id":16147,"geometry":{"type":"Polygon","coordinates":[[[-106.58288333211004,31.883320191331297],[-106.58308831256861,31.884063108411006],[-106.58391528814698,31.883916579801042],[-106.58368600673695,31.883085617392666],[-106.58369196000628,31.883084552163968],[-106.58368509427071,31.883082310079324],[-106.58328201325833,31.883152386993967],[-106.58288333211004,31.883320191331297]]]},"properties":{"OBJECTID":16147,"Join_Count":1,"TARGET_FID":32069,"PlaceType":"Regional Corridor","SB840":"Y","TRACTCE":"010228","BLKGRPCE":"1","GEOID":"481410102281","INTPTLAT":"+31.8854838","INTPTLON":"-106.5915725","GrowthArea":"Y","LotArea":79486,"ZONELABEL":"C-4","Shape_Length":1120.2491445746127,"Shape_Area":79486.153853764874}},{"type":"Feature","id":16148,"geometry":{"type":"Polygon","coordinates":[[[-106.58536687837199,31.884023641180267],[-106.58537310835978,31.884049232342178],[-106.58573952846712,31.883985522985835],[-106.58583341765407,31.883969198133094],[-106.58575074318037,31.883403218769967],[-106.5856858457077,31.882958941557909],[-106.58568324311157,31.882734901722795],[-106.58507877867739,31.882840000504782],[-106.58536687837199,31.884023641180267]]]},"properties":{"OBJECTID":16148,"Join_Count":1,"TARGET_FID":32080,"PlaceType":"Regional Corridor","SB840":"Y","TRACTCE":"010228","BLKGRPCE":"1","GEOID":"481410102281","INTPTLAT":"+31.8854838","INTPTLON":"-106.5915725","GrowthArea":"Y","LotArea":74057,"ZONELABEL":"C-4","Shape_Length":1238.483394576574,"Shape_Area":74057.054797271951}},{"type":"Feature","id":16149,"geometry":{"type":"Polygon","coordinates":[[[-106.58446157219267,31.883003538538503],[-106.58474285684676,31.884158811515459],[-106.58537310835978,31.884049232342178],[-106.58536687837199,31.884023641180267],[-106.58507877867739,31.882840000504782],[-106.58502963302196,31.882848545203657],[-106.58451171354837,31.882938593483161],[-106.58450198857946,31.882940976996238],[-106.58449282173456,31.882944632611736],[-106.58448443994864,31.882949469949946],[-106.58447705119481,31.882955367927234],[-106.58447083751304,31.882962181413333],[-106.58446595301824,31.882969743133525],[-106.58446251756862,31.882977863972474],[-106.58446061853354,31.882986343728664],[-106.58446030035908,31.882994973421464],[-106.58446157219267,31.883003538538503]]]},"properties":{"OBJECTID":16149,"Join_Count":1,"TARGET_FID":32083,"PlaceType":"Regional Corridor","SB840":"Y","TRACTCE":"010228","BLKGRPCE":"1","GEOID":"481410102281","INTPTLAT":"+31.8854838","INTPTLON":"-106.5915725","GrowthArea":"Y","LotArea":89623,"ZONELABEL":"C-4","Shape_Length":1289.2565809296084,"Shape_Area":89622.807505105782}},{"type":"Feature","id":16151,"geometry":{"type":"Polygon","coordinates":[[[-106.59599658928931,31.883682677659806],[-106.59606845106961,31.883683452028169],[-106.59601559540434,31.883540861095796],[-106.59569207771966,31.883536728317164],[-106.59574862082756,31.883680388556492],[-106.59599658928931,31.883682677659806]]]},"properties":{"OBJECTID":16151,"Join_Count":1,"TARGET_FID":32092,"PlaceType":"Regional Corridor","SB840":"Y","TRACTCE":"010228","BLKGRPCE":"1","GEOID":"481410102281","INTPTLAT":"+31.8854838","INTPTLON":"-106.5915725","GrowthArea":"Y","LotArea":5175,"ZONELABEL":"C-3","Shape_Length":309.25513024035598,"Shape_Area":5175.2340856690944}},{"type":"Feature","id":16152,"geometry":{"type":"Polygon","coordinates":[[[-106.5958448071851,31.883920099210449],[-106.59608347087382,31.883915463130254],[-106.59599658928931,31.883682677659806],[-106.59574862082756,31.883680388556492],[-106.59579560164926,31.883800569264277],[-106.5958448071851,31.883920099210449]]]},"properties":{"OBJECTID":16152,"Join_Count":1,"TARGET_FID":32119,"PlaceType":"Regional Corridor","SB840":"Y","TRACTCE":"010228","BLKGRPCE":"1","GEOID":"481410102281","INTPTLAT":"+31.8854838","INTPTLON":"-106.5915725","GrowthArea":"Y","LotArea":6520,"ZONELABEL":"C-3","Shape_Length":332.13186104079892,"Shape_Area":6520.1672779805285}},{"type":"Feature","id":16153,"geometry":{"type":"Polygon","coordinates":[[[-106.59608347087382,31.883915463130254],[-106.59615550508956,31.88391668170442],[-106.59609270417316,31.883748330918955],[-106.59606845106961,31.883683452028169],[-106.59599658928931,31.883682677659806],[-106.59608347087382,31.883915463130254]]]},"properties":{"OBJECTID":16153,"Join_Count":1,"TARGET_FID":32120,"PlaceType":"Regional Corridor","SB840":"Y","TRACTCE":"010228","BLKGRPCE":"1","GEOID":"481410102281","INTPTLAT":"+31.8854838","INTPTLON":"-106.5915725","GrowthArea":"Y","LotArea":1884,"ZONELABEL":"C-3","Shape_Length":222.59570285538177,"Shape_Area":1883.8082607967074}},{"type":"Feature","id":16155,"geometry":{"type":"Polygon","coordinates":[[[-106.58319933317328,31.884457466119898],[-106.58333571997289,31.884579873506148],[-106.58432907958408,31.884403862819525],[-106.58429555989024,31.884366618718584],[-106.58453541533844,31.884209466881849],[-106.5846002054369,31.884167017232809],[-106.58451285470639,31.883808104627224],[-106.58441945091131,31.883825738445015],[-106.5844197281254,31.88382719745778],[-106.58391528814698,31.883916579801042],[-106.58308831256861,31.884063108411006],[-106.58319933317328,31.884457466119898]]]},"properties":{"OBJECTID":16155,"Join_Count":2,"TARGET_FID":32123,"PlaceType":"Regional Corridor","SB840":"Y","TRACTCE":"010228","BLKGRPCE":"1","GEOID":"481410102281","INTPTLAT":"+31.8854838","INTPTLON":"-106.5915725","GrowthArea":"Y","LotArea":84441,"ZONELABEL":"C-4","Shape_Length":1245.9056518530715,"Shape_Area":84441.29565512095}},{"type":"Feature","id":16157,"geometry":{"type":"Polygon","coordinates":[[[-106.58697068006785,31.883829889334589],[-106.58697395587022,31.88442439220379],[-106.58697410134207,31.884285208526407],[-106.58697430923513,31.884086605144851],[-106.58697451006263,31.883894651915053],[-106.58697472579206,31.883687949458501],[-106.58697503243762,31.883394812884738],[-106.58697502595014,31.883381537019513],[-106.58696296433438,31.883381460420594],[-106.58693447676255,31.882845733847859],[-106.58679726512244,31.882541646394902],[-106.58572392357489,31.882728645574389],[-106.58573321707537,31.882727216656416],[-106.58573406358467,31.882956217524924],[-106.58587929374967,31.883950443373372],[-106.58601754970952,31.883935740529068],[-106.58697065945562,31.883834375933372],[-106.58697068006785,31.883829889334589]]]},"properties":{"OBJECTID":16157,"Join_Count":4,"TARGET_FID":32125,"PlaceType":"Regional Corridor","SB840":"Y","TRACTCE":"010228","BLKGRPCE":"1","GEOID":"481410102281","INTPTLAT":"+31.8854838","INTPTLON":"-106.5915725","GrowthArea":"Y","LotArea":165730,"ZONELABEL":"C-4","Shape_Length":2046.8487800122818,"Shape_Area":165729.73596510198}},{"type":"Feature","id":16158,"geometry":{"type":"Polygon","coordinates":[[[-106.5959014462623,31.884067833925613],[-106.59621530921565,31.884075095193843],[-106.59615550508956,31.88391668170442],[-106.59608347087382,31.883915463130254],[-106.5958448071851,31.883920099210449],[-106.59587201247385,31.883995456798626],[-106.5959014462623,31.884067833925613]]]},"properties":{"OBJECTID":16158,"Join_Count":1,"TARGET_FID":32127,"PlaceType":"Regional Corridor","SB840":"Y","TRACTCE":"010228","BLKGRPCE":"1","GEOID":"481410102281","INTPTLAT":"+31.8854838","INTPTLON":"-106.5915725","GrowthArea":"Y","LotArea":5435,"ZONELABEL":"C-3","Shape_Length":311.02911698206583,"Shape_Area":5434.699090430925}},{"type":"Feature","id":16160,"geometry":{"type":"Polygon","coordinates":[[[-106.59619552061498,31.884204886247161],[-106.59626454025164,31.884205947142544],[-106.59624044454652,31.88413736454293],[-106.59621530921565,31.884075095193843],[-106.5959014462623,31.884067833925613],[-106.59595172345566,31.884196500340909],[-106.59619552061498,31.884204886247161]]]},"properties":{"OBJECTID":16160,"Join_Count":1,"TARGET_FID":32130,"PlaceType":"Regional Corridor","SB840":"Y","TRACTCE":"010228","BLKGRPCE":"1","GEOID":"481410102281","INTPTLAT":"+31.8854838","INTPTLON":"-106.5915725","GrowthArea":"Y","LotArea":4575,"ZONELABEL":"C-3","Shape_Length":293.97296540848066,"Shape_Area":4575.0918120814304}},{"type":"Feature","id":16161,"geometry":{"type":"Polygon","coordinates":[[[-106.59623613848768,31.88432358703059],[-106.59630816648971,31.884324786865353],[-106.59626454025164,31.884205947142544],[-106.59619552061498,31.884204886247161],[-106.59623613848768,31.88432358703059]]]},"properties":{"OBJECTID":16161,"Join_Count":1,"TARGET_FID":32147,"PlaceType":"Regional Corridor","SB840":"Y","TRACTCE":"010228","BLKGRPCE":"1","GEOID":"481410102281","INTPTLAT":"+31.8854838","INTPTLON":"-106.5915725","GrowthArea":"Y","LotArea":940,"ZONELABEL":"C-3","Shape_Length":134.0797203398821,"Shape_Area":940.48682860423173}},{"type":"Feature","id":16162,"geometry":{"type":"Polygon","coordinates":[[[-106.59609969577299,31.884568913612675],[-106.59633112749688,31.884567819782784],[-106.59623613848768,31.88432358703059],[-106.59600283250755,31.884323798931081],[-106.59608011819202,31.884519401210206],[-106.59609969577299,31.884568913612675]]]},"properties":{"OBJECTID":16162,"Join_Count":1,"TARGET_FID":32157,"PlaceType":"Regional Corridor","SB840":"Y","TRACTCE":"010228","BLKGRPCE":"1","GEOID":"481410102281","INTPTLAT":"+31.8854838","INTPTLON":"-106.5915725","GrowthArea":"Y","LotArea":6427,"ZONELABEL":"C-3","Shape_Length":331.9768212032526,"Shape_Area":6427.4431183922325}},{"type":"Feature","id":16163,"geometry":{"type":"Polygon","coordinates":[[[-106.59633112749688,31.884567819782784],[-106.59640034261837,31.884567492831209],[-106.59638542857928,31.884525984067274],[-106.59636394273589,31.884470518797468],[-106.59630816648971,31.884324786865353],[-106.59623613848768,31.88432358703059],[-106.59633112749688,31.884567819782784]]]},"properties":{"OBJECTID":16163,"Join_Count":1,"TARGET_FID":32158,"PlaceType":"Regional Corridor","SB840":"Y","TRACTCE":"010228","BLKGRPCE":"1","GEOID":"481410102281","INTPTLAT":"+31.8854838","INTPTLON":"-106.5915725","GrowthArea":"Y","LotArea":1947,"ZONELABEL":"C-3","Shape_Length":230.27991200897159,"Shape_Area":1946.5499952737453}},{"type":"Feature","id":16167,"geometry":{"type":"Polygon","coordinates":[[[-106.59629129579133,31.885083661247602],[-106.59660943216876,31.88508729193542],[-106.59657968254506,31.885012406416738],[-106.59652757477575,31.884866769141116],[-106.59647016966659,31.884722588842692],[-106.59616149676371,31.884731926260553],[-106.59619227379778,31.884822164077384],[-106.59621723558527,31.884889544325194],[-106.59625689368262,31.884985873033152],[-106.59629129579133,31.885083661247602]]]},"properties":{"OBJECTID":16167,"Join_Count":1,"TARGET_FID":32191,"PlaceType":"Regional Corridor","SB840":"Y","TRACTCE":"010228","BLKGRPCE":"1","GEOID":"481410102281","INTPTLAT":"+31.8854838","INTPTLON":"-106.5915725","GrowthArea":"Y","LotArea":12771,"ZONELABEL":"C-3","Shape_Length":468.37379101097912,"Shape_Area":12771.41707003498}},{"type":"Feature","id":16170,"geometry":{"type":"Polygon","coordinates":[[[-106.58612388890045,31.885765778753964],[-106.58613819989448,31.885765815196912],[-106.58588847106472,31.884029652549511],[-106.58574935175704,31.884053836701728],[-106.58573952846712,31.883985522985835],[-106.58537310835978,31.884049232342178],[-106.58474285684676,31.884158811515459],[-106.58475081117558,31.884188465002573],[-106.58476381016401,31.884216790622116],[-106.58478156842973,31.884243168884161],[-106.58481332729707,31.88431478163395],[-106.58485147221366,31.884384088016521],[-106.58489577583882,31.884450674406153],[-106.58494597372977,31.884514142506223],[-106.58500176569332,31.884574113801101],[-106.58506281895161,31.884630229404117],[-106.58512876849827,31.8846821554604],[-106.5854899259586,31.884941369485453],[-106.5855635552268,31.884998496186796],[-106.58563180360994,31.885060295412906],[-106.58569426373835,31.885126401035176],[-106.58575056556231,31.885196418938577],[-106.58580037242841,31.885269931726214],[-106.58584338876341,31.885346502866458],[-106.58588216695397,31.885437434298467],[-106.58591405164658,31.885530296343759],[-106.58593891281581,31.885624706845569],[-106.5859566488087,31.885720280477504],[-106.58595956134369,31.885729482194495],[-106.58596429639167,31.885738114975837],[-106.58597070980031,31.885745919279422],[-106.58597860812841,31.885752658704391],[-106.58598775469459,31.885758131443364],[-106.58599787280184,31.885762171030567],[-106.58606081631987,31.885765621040633],[-106.58612388890045,31.885765778753964]]]},"properties":{"OBJECTID":16170,"Join_Count":1,"TARGET_FID":32197,"PlaceType":"Regional Corridor","SB840":"Y","TRACTCE":"010228","BLKGRPCE":"1","GEOID":"481410102281","INTPTLAT":"+31.8854838","INTPTLON":"-106.5915725","GrowthArea":"Y","LotArea":119407,"ZONELABEL":"C-4","Shape_Length":1786.4199594436768,"Shape_Area":119406.94026802608}},{"type":"Feature","id":16171,"geometry":{"type":"Polygon","coordinates":[[[-106.58628039755436,31.885766183596363],[-106.58696957994165,31.885766160901216],[-106.58696952228077,31.885495444818943],[-106.58696951095204,31.885442434642517],[-106.58696373545914,31.885444062340724],[-106.58623342667498,31.885442148511821],[-106.58628039755436,31.885766183596363]]]},"properties":{"OBJECTID":16171,"Join_Count":2,"TARGET_FID":32200,"PlaceType":"Regional Corridor","SB840":"Y","TRACTCE":"010228","BLKGRPCE":"1","GEOID":"481410102281","INTPTLAT":"+31.8854838","INTPTLON":"-106.5915725","GrowthArea":"Y","LotArea":25995,"ZONELABEL":"C-4","Shape_Length":679.05047240313422,"Shape_Area":25995.257634975904}},{"type":"Feature","id":16173,"geometry":{"type":"Polygon","coordinates":[[[-106.59641199040423,31.885413311846911],[-106.5967271099923,31.885414911403416],[-106.5967050792663,31.885348287229935],[-106.5966799204022,31.885282930831345],[-106.59665619379663,31.885214175199934],[-106.59660943216876,31.88508729193542],[-106.59629129579133,31.885083661247602],[-106.59635497517333,31.88524759874392],[-106.59641199040423,31.885413311846911]]]},"properties":{"OBJECTID":16173,"Join_Count":1,"TARGET_FID":32215,"PlaceType":"Regional Corridor","SB840":"Y","TRACTCE":"010228","BLKGRPCE":"1","GEOID":"481410102281","INTPTLAT":"+31.8854838","INTPTLON":"-106.5915725","GrowthArea":"Y","LotArea":11676,"ZONELABEL":"C-3","Shape_Length":446.90587007885017,"Shape_Area":11675.799386661247}},{"type":"Feature","id":16177,"geometry":{"type":"Polygon","coordinates":[[[-106.59607376442298,31.885832179015683],[-106.5964349845146,31.885832149650348],[-106.59641850256044,31.885692257426044],[-106.59639702479137,31.885552860159418],[-106.59637057245726,31.885414086897725],[-106.59600300665181,31.885413768239708],[-106.59602238973719,31.885469485506231],[-106.59604615456416,31.885609634553084],[-106.59606622287554,31.885750203418592],[-106.59607376442298,31.885832179015683]]]},"properties":{"OBJECTID":16177,"Join_Count":2,"TARGET_FID":32228,"PlaceType":"Regional Corridor","SB840":"Y","TRACTCE":"010228","BLKGRPCE":"1","GEOID":"481410102281","INTPTLAT":"+31.8854838","INTPTLON":"-106.5915725","GrowthArea":"Y","LotArea":17020,"ZONELABEL":"R-5","Shape_Length":533.751185352025,"Shape_Area":17019.66031936033}},{"type":"Feature","id":16178,"geometry":{"type":"Polygon","coordinates":[[[-106.59646974975502,31.885832859728545],[-106.59678819010354,31.885820588809707],[-106.59678215217787,31.885726544612773],[-106.59676980902971,31.885632949972106],[-106.59675120007471,31.88554011281218],[-106.5967271099923,31.885414911403416],[-106.59641199040423,31.885413311846911],[-106.59642361952109,31.885474643610014],[-106.59644180082992,31.88561147876062],[-106.59646244576372,31.885748059035389],[-106.59646974975502,31.885832859728545]]]},"properties":{"OBJECTID":16178,"Join_Count":1,"TARGET_FID":32229,"PlaceType":"Regional Corridor","SB840":"Y","TRACTCE":"010228","BLKGRPCE":"1","GEOID":"481410102281","INTPTLAT":"+31.8854838","INTPTLON":"-106.5915725","GrowthArea":"Y","LotArea":14921,"ZONELABEL":"C-3","Shape_Length":499.4424953233044,"Shape_Area":14920.69314720355}},{"type":"Feature","id":16181,"geometry":{"type":"Polygon","coordinates":[[[-106.58356670633012,31.88658337203702],[-106.58440077497846,31.886585434544514],[-106.58440453966185,31.886023035664127],[-106.58356947618721,31.885909467445938],[-106.58356670633012,31.88658337203702]]]},"properties":{"OBJECTID":16181,"Join_Count":2,"TARGET_FID":32243,"PlaceType":"Regional Corridor","SB840":"Y","TRACTCE":"010228","BLKGRPCE":"3","GEOID":"481410102283","INTPTLAT":"+31.8965749","INTPTLON":"-106.5881052","GrowthArea":"Y","LotArea":58276,"ZONELABEL":"R-3A","Shape_Length":971.13492563590921,"Shape_Area":58276.160335141532}},{"type":"Feature","id":16183,"geometry":{"type":"Polygon","coordinates":[[[-106.57350201195355,31.887331042772406],[-106.5736148087898,31.887726000512526],[-106.57446973831833,31.887548254667625],[-106.57432260014872,31.887033082859293],[-106.5736085768512,31.887181533363293],[-106.57361239806578,31.88720285410778],[-106.57361182271245,31.887224416215087],[-106.57360686703971,31.887245565852023],[-106.57359768139288,31.887265659921887],[-106.57358454741549,31.887284087876829],[-106.57356786129456,31.887300290585816],[-106.57354813148365,31.887313773993039],[-106.57352595678961,31.887324130039126],[-106.57350201195355,31.887331042772406]]]},"properties":{"OBJECTID":16183,"Join_Count":1,"TARGET_FID":32250,"PlaceType":"Neighborhood Center","SB840":"Y","TRACTCE":"010226","BLKGRPCE":"2","GEOID":"481410102262","INTPTLAT":"+31.8961515","INTPTLON":"-106.5703717","GrowthArea":"Y","LotArea":51104,"ZONELABEL":"C-4","Shape_Length":912.65149499674521,"Shape_Area":51103.67440252284}},{"type":"Feature","id":16195,"geometry":{"type":"Polygon","coordinates":[[[-106.58357544724736,31.887091336918232],[-106.58399265574313,31.887092126613947],[-106.58399411733268,31.886736158811853],[-106.5835769139282,31.886734507240121],[-106.58357544724736,31.887091336918232]]]},"properties":{"OBJECTID":16195,"Join_Count":1,"TARGET_FID":32291,"PlaceType":"Regional Corridor","SB840":"Y","TRACTCE":"010228","BLKGRPCE":"3","GEOID":"481410102283","INTPTLAT":"+31.8965749","INTPTLON":"-106.5881052","GrowthArea":"Y","LotArea":16791,"ZONELABEL":"C-4","Shape_Length":518.3138752448765,"Shape_Area":16790.561082174867}},{"type":"Feature","id":16201,"geometry":{"type":"Polygon","coordinates":[[[-106.56075031210331,31.888417085736929],[-106.56076641764321,31.888420070488216],[-106.56078287987503,31.888420733088122],[-106.56079924251635,31.888419057416503],[-106.56081505324713,31.888415087681707],[-106.56082987262596,31.888408935220319],[-106.56084329050243,31.888400770486385],[-106.56085493422339,31.888390819045984],[-106.56086448211605,31.888379357319401],[-106.56087166817299,31.888366703324685],[-106.56087629412515,31.888353207067635],[-106.56095921227686,31.888112507653005],[-106.56098275460471,31.888050181331323],[-106.56101229321816,31.887989742410792],[-106.56104762266631,31.887931608980157],[-106.56108849850261,31.887876185636948],[-106.56139537998307,31.887478477005988],[-106.56143449612431,31.887423442969833],[-106.56146797602335,31.88736576635895],[-106.56149557725405,31.887305866136831],[-106.56151709768146,31.887244178307995],[-106.56159309043808,31.88687364369623],[-106.56166188663764,31.886502087386045],[-106.56171646139218,31.886215842112534],[-106.56085495246889,31.886123680426408],[-106.56096497263295,31.885126599962479],[-106.56046393244627,31.885096352956342],[-106.55996238058123,31.885073073600985],[-106.55946045166112,31.885056766288635],[-106.55866408941365,31.885016449060849],[-106.55815369560352,31.885250527635062],[-106.55803195123939,31.887019145140364],[-106.55819861808847,31.887152735881831],[-106.55837029634569,31.887281623945519],[-106.55854680341321,31.887405672616623],[-106.55872795276387,31.887524749884602],[-106.55891355300446,31.887638730294608],[-106.55910340552826,31.887747491446923],[-106.55929731014686,31.887850919147059],[-106.55949506057308,31.887948903105912],[-106.55969644565391,31.88804133959032],[-106.55990125458813,31.888128130270733],[-106.56010926748743,31.888209183575555],[-106.56032026475657,31.888284412436477],[-106.56053402199416,31.888353737242113],[-106.56075031210331,31.888417085736929]]]},"properties":{"OBJECTID":16201,"Join_Count":5,"TARGET_FID":32303,"PlaceType":"Neighborhood Center","SB840":"Y","TRACTCE":"010226","BLKGRPCE":"2","GEOID":"481410102262","INTPTLAT":"+31.8961515","INTPTLON":"-106.5703717","GrowthArea":"School","LotArea":1010748,"ZONELABEL":"C-3","Shape_Length":4051.1121353733288,"Shape_Area":1010748.4443542988}},{"type":"Feature","id":16210,"geometry":{"type":"Polygon","coordinates":[[[-106.5749261616965,31.88758727273035],[-106.5751457592014,31.888390925702854],[-106.57624317505235,31.888165348296585],[-106.57576004178647,31.886437221665744],[-106.57467985826551,31.886668728449447],[-106.57467212488483,31.886637786726318],[-106.57450842221157,31.886673502381647],[-106.57452667489265,31.886744049161123],[-106.57467641307858,31.886713511747551],[-106.57489195947917,31.887451604976803],[-106.57480932726772,31.887469181502532],[-106.57484875688321,31.887603464272178],[-106.5749261616965,31.88758727273035]]]},"properties":{"OBJECTID":16210,"Join_Count":1,"TARGET_FID":32329,"PlaceType":"Regional Corridor","SB840":"Y","TRACTCE":"010226","BLKGRPCE":"2","GEOID":"481410102262","INTPTLAT":"+31.8961515","INTPTLON":"-106.5703717","GrowthArea":"Y","LotArea":227790,"ZONELABEL":"C-4","Shape_Length":2158.8886227504845,"Shape_Area":227789.89471061455}},{"type":"Feature","id":16218,"geometry":{"type":"Polygon","coordinates":[[[-106.58356950630053,31.888536689531566],[-106.58440580788691,31.888538269916172],[-106.58440580848546,31.888537781223238],[-106.58440581260459,31.88853686421567],[-106.58440601359355,31.888477723489636],[-106.58440678624339,31.888250448500628],[-106.58440721572109,31.888124186303497],[-106.58440771888708,31.887976112223811],[-106.58440822205155,31.887828038134717],[-106.58440872527376,31.887679964936662],[-106.58440922843504,31.887531890828804],[-106.5844097327094,31.887383817561368],[-106.58441023692288,31.887235743384121],[-106.58441074013881,31.88708767014856],[-106.5844112432938,31.886939596003252],[-106.58441192963348,31.886737811438675],[-106.58399411733268,31.886736158811853],[-106.58399265574313,31.887092126613947],[-106.58357544724736,31.887091336918232],[-106.58356950630053,31.888536689531566]]]},"properties":{"OBJECTID":16218,"Join_Count":2,"TARGET_FID":32361,"PlaceType":"Regional Corridor","SB840":"Y","TRACTCE":"010228","BLKGRPCE":"3","GEOID":"481410102283","INTPTLAT":"+31.8965749","INTPTLON":"-106.5881052","GrowthArea":"Y","LotArea":153188,"ZONELABEL":"R-3A","Shape_Length":1829.0865004842651,"Shape_Area":153188.17989548392}},{"type":"Feature","id":16221,"geometry":{"type":"Polygon","coordinates":[[[-106.57512556780718,31.889266557426691],[-106.57514367247154,31.889333522542881],[-106.57648911387231,31.889045024009445],[-106.57624317505235,31.888165348296585],[-106.5751457592014,31.888390925702854],[-106.57537067759044,31.889214026842193],[-106.57512556780718,31.889266557426691]]]},"properties":{"OBJECTID":16221,"Join_Count":1,"TARGET_FID":32377,"PlaceType":"Regional Corridor","SB840":"Y","TRACTCE":"010226","BLKGRPCE":"2","GEOID":"481410102262","INTPTLAT":"+31.8961515","INTPTLON":"-106.5703717","GrowthArea":"Y","LotArea":118118,"ZONELABEL":"C-4","Shape_Length":1520.8872015023526,"Shape_Area":118118.26821060113}},{"type":"Feature","id":16224,"geometry":{"type":"Polygon","coordinates":[[[-106.5727601736879,31.887903678607163],[-106.57276171704453,31.887909016980689],[-106.57323538725269,31.889554004831098],[-106.5732404025041,31.889566797630312],[-106.57324779446247,31.889578721442557],[-106.57325736636967,31.889589456908688],[-106.57326886121652,31.889598718267198],[-106.57328197253324,31.889606256449564],[-106.5732963482666,31.889611869734122],[-106.57331160385897,31.889615409441955],[-106.57332733274276,31.889616778531355],[-106.57334311232825,31.889615942149486],[-106.57503044003703,31.889407741003641],[-106.57501767444869,31.889360525337722],[-106.57476900950978,31.888440720072722],[-106.57452601128128,31.887541856546534],[-106.5744711757054,31.887553268415299],[-106.57446973831833,31.887548254667625],[-106.5727601736879,31.887903678607163]]]},"properties":{"OBJECTID":16224,"Join_Count":2,"TARGET_FID":32386,"PlaceType":"Neighborhood Center","SB840":"Y","TRACTCE":"010226","BLKGRPCE":"2","GEOID":"481410102262","INTPTLAT":"+31.8961515","INTPTLON":"-106.5703717","GrowthArea":"Y","LotArea":375384,"ZONELABEL":"C-4","Shape_Length":2453.7593871534955,"Shape_Area":375383.9343722256}},{"type":"Feature","id":16261,"geometry":{"type":"Polygon","coordinates":[[[-106.57867485416735,31.891848895471046],[-106.57978432969067,31.891845974564305],[-106.57927582935397,31.88911428636969],[-106.57779686102248,31.889285902244993],[-106.577751578649,31.889293430476808],[-106.57773486063496,31.889298920809001],[-106.5777194490752,31.889306710521861],[-106.57770577317059,31.889316581225025],[-106.57769421605424,31.889328258025312],[-106.57768509925768,31.889341414787353],[-106.57767867908264,31.889355683340259],[-106.57767513464825,31.88937066488964],[-106.57767456537741,31.889385940073971],[-106.57767698561327,31.889401083674528],[-106.57775623086586,31.889634546678945],[-106.57782767046584,31.889869836302559],[-106.57789124945396,31.890106761892941],[-106.57822650372763,31.891852566158036],[-106.57867485416735,31.891848895471046]]]},"properties":{"OBJECTID":16261,"Join_Count":1,"TARGET_FID":32609,"PlaceType":"Regional Corridor","SB840":"Y","TRACTCE":"010226","BLKGRPCE":"2","GEOID":"481410102262","INTPTLAT":"+31.8961515","INTPTLON":"-106.5703717","GrowthArea":"Y","LotArea":471249,"ZONELABEL":"C-4","Shape_Length":2926.2511854166682,"Shape_Area":471249.47799407085}},{"type":"Feature","id":16263,"geometry":{"type":"Polygon","coordinates":[[[-106.57978432969067,31.891845974564305],[-106.58098291042459,31.89184280858596],[-106.58053798135089,31.88896781524781],[-106.57927582935397,31.88911428636969],[-106.57978432969067,31.891845974564305]]]},"properties":{"OBJECTID":16263,"Join_Count":1,"TARGET_FID":32616,"PlaceType":"Regional Corridor","SB840":"Y","TRACTCE":"010226","BLKGRPCE":"2","GEOID":"481410102262","INTPTLAT":"+31.8961515","INTPTLON":"-106.5703717","GrowthArea":"Y","LotArea":393492,"ZONELABEL":"C-4","Shape_Length":2828.6019477188047,"Shape_Area":393492.25172169728}},{"type":"Feature","id":16264,"geometry":{"type":"Polygon","coordinates":[[[-106.58098291042459,31.89184280858596],[-106.58105236768546,31.891845295688114],[-106.58112182606054,31.891842819295892],[-106.58119079754267,31.891835396495299],[-106.58125880066081,31.891823079286471],[-106.58132535830993,31.891805953785113],[-106.58139512889629,31.891779475339494],[-106.58146110439777,31.891746673640835],[-106.58152250258311,31.891707936683297],[-106.58157859059456,31.891663726870608],[-106.58162870323237,31.891614569299438],[-106.58182566505755,31.891399211788809],[-106.58187464784241,31.891370198589538],[-106.58192645523566,31.891345008843654],[-106.58198067895673,31.8913238409807],[-106.58203688959352,31.891306861927188],[-106.58231718783129,31.891245292130797],[-106.58231496439556,31.891053262961815],[-106.58230933324515,31.890861285268315],[-106.58230043869057,31.890384607768841],[-106.58224084355332,31.889163293809908],[-106.5822225647979,31.88886501474952],[-106.58221788675036,31.888849646218748],[-106.58221030376588,31.888835145992072],[-106.58220002400918,31.888821909645575],[-106.58218732967032,31.888810299395825],[-106.58217256558031,31.888800632000752],[-106.58215613668514,31.88879317255806],[-106.58213849156293,31.888788125360428],[-106.58212011245145,31.888785627147687],[-106.58210150357993,31.888785746763674],[-106.58208317082146,31.888788481616032],[-106.58053798135089,31.88896781524781],[-106.58098291042459,31.89184280858596]]]},"properties":{"OBJECTID":16264,"Join_Count":2,"TARGET_FID":32618,"PlaceType":"Regional Corridor","SB840":"Y","TRACTCE":"010226","BLKGRPCE":"2","GEOID":"481410102262","INTPTLAT":"+31.8961515","INTPTLON":"-106.5703717","GrowthArea":"Y","LotArea":473138,"ZONELABEL":"C-4","Shape_Length":2952.9299190221941,"Shape_Area":473138.23383185733}},{"type":"Feature","id":16298,"geometry":{"type":"Polygon","coordinates":[[[-106.5833782307208,31.893888042355456],[-106.58434465625879,31.893888324923193],[-106.58434491376356,31.893737165730382],[-106.58434514669059,31.893599748083549],[-106.58434537955753,31.893462329528155],[-106.5843456134792,31.893324910914057],[-106.58434584745957,31.893187493192229],[-106.58434608038391,31.893050075512985],[-106.5843463602906,31.892885173906688],[-106.58434659420942,31.892747755258551],[-106.58434684919234,31.89259797087329],[-106.58338043667504,31.89259768652084],[-106.5833782307208,31.893888042355456]]]},"properties":{"OBJECTID":16298,"Join_Count":2,"TARGET_FID":32854,"PlaceType":"Regional Corridor","SB840":"Y","TRACTCE":"010228","BLKGRPCE":"3","GEOID":"481410102283","INTPTLAT":"+31.8965749","INTPTLON":"-106.5881052","GrowthArea":"Y","LotArea":140806,"ZONELABEL":"R-3A","Shape_Length":1538.7587482417177,"Shape_Area":140805.73041260202}},{"type":"Feature","id":16305,"geometry":{"type":"Polygon","coordinates":[[[-106.5783687260128,31.894707379951289],[-106.58032334324439,31.894701727467499],[-106.58032366244929,31.892043985117152],[-106.57870930865744,31.892048811536167],[-106.5784050153149,31.892051579185363],[-106.57831838044982,31.892050505007546],[-106.57830047521117,31.892042768108691],[-106.57828425628414,31.892032681373863],[-106.57827014315649,31.89202050560371],[-106.57825850276133,31.892006555604354],[-106.57824963633796,31.891991193591341],[-106.57827939816912,31.892145902700406],[-106.57830188726021,31.892301503355647],[-106.57832321644071,31.892511499537072],[-106.57833999292153,31.892721796182492],[-106.57835221087235,31.892932321311246],[-106.57837114182152,31.894489770037289],[-106.5783687260128,31.894707379951289]]]},"properties":{"OBJECTID":16305,"Join_Count":4,"TARGET_FID":32893,"PlaceType":"Regional Corridor","SB840":"Y","TRACTCE":"010226","BLKGRPCE":"2","GEOID":"481410102262","INTPTLAT":"+31.8961515","INTPTLON":"-106.5703717","GrowthArea":"Y","LotArea":593082,"ZONELABEL":"C-4","Shape_Length":3217.0039521884637,"Shape_Area":593081.95124090288}},{"type":"Feature","id":16308,"geometry":{"type":"Polygon","coordinates":[[[-106.58032334324439,31.894701727467499],[-106.58232673230128,31.894695904332142],[-106.58232854529275,31.892226043094713],[-106.58231898997185,31.891400988937704],[-106.58214805117279,31.891424444308917],[-106.58208460935093,31.891444873926943],[-106.58202439723152,31.89147148221711],[-106.58196823556402,31.891503903731376],[-106.58191689350228,31.891541696914739],[-106.5817870634925,31.89167597132462],[-106.58166219156402,31.891813627085622],[-106.58161766768079,31.891858205304771],[-106.58156813525203,31.891898754974861],[-106.58151409035182,31.891934867505057],[-106.58145607764244,31.891966180750146],[-106.58139468075738,31.891992377665478],[-106.58133051773611,31.892013197365571],[-106.58126423210602,31.89202842832562],[-106.58119649247948,31.892037918337319],[-106.5811279786552,31.89204157246542],[-106.58032366244929,31.892043985117152],[-106.58032334324439,31.894701727467499]]]},"properties":{"OBJECTID":16308,"Join_Count":4,"TARGET_FID":32901,"PlaceType":"Regional Corridor","SB840":"Y","TRACTCE":"010226","BLKGRPCE":"2","GEOID":"481410102262","INTPTLAT":"+31.8961515","INTPTLON":"-106.5703717","GrowthArea":"Y","LotArea":643223,"ZONELABEL":"C-4","Shape_Length":3493.3455917626893,"Shape_Area":643223.22324942762}},{"type":"Feature","id":16311,"geometry":{"type":"Polygon","coordinates":[[[-106.58355067830607,31.894930618185626],[-106.58434288467328,31.894930899659087],[-106.58434441209322,31.894031240325713],[-106.58337798721067,31.894030957654877],[-106.58337644876312,31.894930556548296],[-106.58355067830607,31.894930618185626]]]},"properties":{"OBJECTID":16311,"Join_Count":3,"TARGET_FID":32917,"PlaceType":"Regional Corridor","SB840":"Y","TRACTCE":"010228","BLKGRPCE":"3","GEOID":"481410102283","INTPTLAT":"+31.8965749","INTPTLON":"-106.5881052","GrowthArea":"Y","LotArea":98169,"ZONELABEL":"A-O","Shape_Length":1254.4691019990646,"Shape_Area":98168.975161042297}},{"type":"Feature","id":16348,"geometry":{"type":"Polygon","coordinates":[[[-106.5985218462348,31.896013579227432],[-106.5984494455024,31.895786120408584],[-106.59843713879759,31.895708534800143],[-106.59595628738893,31.895720397192321],[-106.59555978729377,31.896390791788235],[-106.59861230448504,31.896375706973547],[-106.5985218462348,31.896013579227432]]]},"properties":{"OBJECTID":16348,"Join_Count":2,"TARGET_FID":33066,"PlaceType":"Regional Corridor","SB840":"Y","TRACTCE":"010228","BLKGRPCE":"2","GEOID":"481410102282","INTPTLAT":"+31.9024075","INTPTLON":"-106.5957772","GrowthArea":"Y","LotArea":208767,"ZONELABEL":"R-3","Shape_Length":2239.5022707317025,"Shape_Area":208766.55976587167}},{"type":"Feature","id":16351,"geometry":{"type":"Polygon","coordinates":[[[-106.59861230448504,31.896375706973547],[-106.59555978729377,31.896390791788235],[-106.59551230285904,31.896471080480467],[-106.59852239558697,31.896456250855845],[-106.59863228829914,31.896455708045615],[-106.59861230448504,31.896375706973547]]]},"properties":{"OBJECTID":16351,"Join_Count":3,"TARGET_FID":33075,"PlaceType":"Regional Corridor","SB840":"Y","TRACTCE":"010228","BLKGRPCE":"2","GEOID":"481410102282","INTPTLAT":"+31.9024075","INTPTLON":"-106.5957772","GrowthArea":"Y","LotArea":27904,"ZONELABEL":"C-2","Shape_Length":1978.2364293850364,"Shape_Area":27904.437079104784}},{"type":"Feature","id":16357,"geometry":{"type":"Polygon","coordinates":[[[-106.59868749747336,31.896676723297567],[-106.598422406751,31.896678032464973],[-106.5984308239196,31.896833420818297],[-106.59872396067844,31.896826790057574],[-106.59868749747336,31.896676723297567]]]},"properties":{"OBJECTID":16357,"Join_Count":2,"TARGET_FID":33103,"PlaceType":"Regional Corridor","SB840":"Y","TRACTCE":"010228","BLKGRPCE":"2","GEOID":"481410102282","INTPTLAT":"+31.9024075","INTPTLON":"-106.5957772","GrowthArea":"Y","LotArea":4823,"ZONELABEL":"C-2","Shape_Length":285.6316215993661,"Shape_Area":4823.201963680418}},{"type":"Feature","id":16358,"geometry":{"type":"Polygon","coordinates":[[[-106.58096237504405,31.897698546657359],[-106.58196081018841,31.897680665525257],[-106.58232813524027,31.897350312006509],[-106.5823287205572,31.895120320141],[-106.58232673230128,31.894695904332142],[-106.58032334324439,31.894701727467499],[-106.5783687260128,31.894707379951289],[-106.57836465931358,31.895073672632897],[-106.5783675473146,31.897606415384068],[-106.57836965149491,31.89762238159641],[-106.57837486024994,31.89763782140226],[-106.57838302835987,31.897652298265747],[-106.57839392243459,31.897665403362581],[-106.57840723745696,31.897676765626262],[-106.57842259550213,31.897686064454849],[-106.57843956210286,31.897693037055987],[-106.57845765845273,31.897697486894366],[-106.57847637219774,31.897699286787425],[-106.58096237504405,31.897698546657359]]]},"properties":{"OBJECTID":16358,"Join_Count":2,"TARGET_FID":33105,"PlaceType":"Regional Corridor","SB840":"Y","TRACTCE":"010226","BLKGRPCE":"2","GEOID":"481410102262","INTPTLAT":"+31.8961515","INTPTLON":"-106.5703717","GrowthArea":"Y","LotArea":1331936,"ZONELABEL":"C-4","Shape_Length":4548.5457899285666,"Shape_Area":1331935.6736800398}},{"type":"Feature","id":16361,"geometry":{"type":"Polygon","coordinates":[[[-106.59863228829914,31.896455708045615],[-106.59852239558697,31.896456250855845],[-106.59551230285904,31.896471080480467],[-106.5950973685988,31.897172635852382],[-106.5951198940915,31.897172541152575],[-106.59534808711815,31.897171561986095],[-106.59549231148456,31.897170943045111],[-106.59567028122306,31.897170182007908],[-106.59571271113158,31.89716999919095],[-106.59571850311075,31.897169974542681],[-106.59583138082129,31.897169490242767],[-106.59598313521798,31.897168839319193],[-106.5959924794213,31.897168799229764],[-106.59615357696347,31.89716810806847],[-106.59630807169268,31.897167444239027],[-106.59631467766962,31.897167416555867],[-106.59647577514764,31.897166724096174],[-106.59663687479365,31.897166032236228],[-106.5967979733224,31.897165339327646],[-106.59694861530571,31.897164692898425],[-106.59691695209342,31.896685456213021],[-106.59841267349047,31.896678080604932],[-106.59868749747336,31.896676723297567],[-106.59863228829914,31.896455708045615]]]},"properties":{"OBJECTID":16361,"Join_Count":4,"TARGET_FID":33109,"PlaceType":"Regional Corridor","SB840":"Y","TRACTCE":"010228","BLKGRPCE":"2","GEOID":"481410102282","INTPTLAT":"+31.9024075","INTPTLON":"-106.5957772","GrowthArea":"Y","LotArea":171851,"ZONELABEL":"C-2","Shape_Length":2635.1445679336034,"Shape_Area":171850.72373392756}},{"type":"Feature","id":16362,"geometry":{"type":"Polygon","coordinates":[[[-106.59694861530571,31.897164692898425],[-106.59720072242126,31.897163608309576],[-106.59843643275137,31.897158289099394],[-106.59846860194594,31.897156741800348],[-106.5984308239196,31.896833420818297],[-106.598422406751,31.896678032464973],[-106.59841267349047,31.896678080604932],[-106.59691695209342,31.896685456213021],[-106.59694861530571,31.897164692898425]]]},"properties":{"OBJECTID":16362,"Join_Count":5,"TARGET_FID":33110,"PlaceType":"Regional Corridor","SB840":"Y","TRACTCE":"010228","BLKGRPCE":"2","GEOID":"481410102282","INTPTLAT":"+31.9024075","INTPTLON":"-106.5957772","GrowthArea":"Y","LotArea":81783,"ZONELABEL":"C-3","Shape_Length":1288.4340126030429,"Shape_Area":81782.92754790037}},{"type":"Feature","id":16365,"geometry":{"type":"Polygon","coordinates":[[[-106.59849495866092,31.897382310773949],[-106.59877975572768,31.89737586702768],[-106.59876185791882,31.897210678168161],[-106.59875902889675,31.897156898405875],[-106.59872396067844,31.896826790057574],[-106.5984308239196,31.896833420818297],[-106.59846860194594,31.897156741800348],[-106.59849495866092,31.897382310773949]]]},"properties":{"OBJECTID":16365,"Join_Count":2,"TARGET_FID":33119,"PlaceType":"Regional Corridor","SB840":"Y","TRACTCE":"010228","BLKGRPCE":"2","GEOID":"481410102282","INTPTLAT":"+31.9024075","INTPTLON":"-106.5957772","GrowthArea":"Y","LotArea":17975,"ZONELABEL":"C-3","Shape_Length":580.62664666812009,"Shape_Area":17975.214925123873}},{"type":"Feature","id":16367,"geometry":{"type":"Polygon","coordinates":[[[-106.59721735336676,31.898644003080463],[-106.59743899172695,31.898643836939552],[-106.5974242623363,31.897954152327312],[-106.59736573716555,31.89795415405397],[-106.59726741134618,31.897954156632064],[-106.59726228788223,31.897954156424593],[-106.59725558689077,31.897954157108018],[-106.5972026224446,31.897954158716779],[-106.59721735336676,31.898644003080463]]]},"properties":{"OBJECTID":16367,"Join_Count":2,"TARGET_FID":33179,"PlaceType":"Regional Corridor","SB840":"Y","TRACTCE":"010228","BLKGRPCE":"2","GEOID":"481410102282","INTPTLAT":"+31.9024075","INTPTLON":"-106.5957772","GrowthArea":"Y","LotArea":17261,"ZONELABEL":"R-4","Shape_Length":639.52689561876628,"Shape_Area":17261.33111610655}},{"type":"Feature","id":16368,"geometry":{"type":"Polygon","coordinates":[[[-106.59743899172695,31.898643836939552],[-106.5989537460767,31.898642687032417],[-106.59894590443233,31.898591355993176],[-106.59894113493877,31.898476835687052],[-106.59890340247622,31.898302228806564],[-106.59887154530172,31.898126772049007],[-106.59884558985127,31.897950609570721],[-106.59852352984996,31.897950621471043],[-106.5985240658251,31.897954117516878],[-106.5974242623363,31.897954152327312],[-106.59743899172695,31.898643836939552]]]},"properties":{"OBJECTID":16368,"Join_Count":2,"TARGET_FID":33182,"PlaceType":"Regional Corridor","SB840":"Y","TRACTCE":"010228","BLKGRPCE":"2","GEOID":"481410102282","INTPTLAT":"+31.9024075","INTPTLON":"-106.5957772","GrowthArea":"Y","LotArea":114623,"ZONELABEL":"R-4","Shape_Length":1417.9313400477868,"Shape_Area":114622.66635173933}},{"type":"Feature","id":16405,"geometry":{"type":"Polygon","coordinates":[[[-106.58110940906819,31.903871810749845],[-106.58229119201256,31.903858549742981],[-106.58228189200975,31.903012665606099],[-106.58228087251246,31.902998500901159],[-106.58227711188914,31.902984676343223],[-106.58227071482517,31.902971575309618],[-106.58226185882204,31.902959561425966],[-106.58225078926252,31.902948967963642],[-106.58223781342141,31.902940087288368],[-106.58222328955394,31.902933165964111],[-106.58220762108441,31.902928396902549],[-106.58219124223208,31.902925910116824],[-106.58217460663812,31.902925776880569],[-106.58118779243227,31.902992246540535],[-106.58110940906819,31.903871810749845]]]},"properties":{"OBJECTID":16405,"Join_Count":2,"TARGET_FID":33362,"PlaceType":"Regional Corridor","SB840":"Y","TRACTCE":"010226","BLKGRPCE":"2","GEOID":"481410102262","INTPTLAT":"+31.8961515","INTPTLON":"-106.5703717","GrowthArea":"Y","LotArea":116415,"ZONELABEL":"C-4","Shape_Length":1354.2722219160389,"Shape_Area":116414.97361969046}},{"type":"Feature","id":16435,"geometry":{"type":"Polygon","coordinates":[[[-106.58371938950593,31.905898875941634],[-106.58391904504629,31.906520976840426],[-106.58533302551103,31.906262068871868],[-106.58507148777142,31.90558310336964],[-106.58371938950593,31.905898875941634]]]},"properties":{"OBJECTID":16435,"Join_Count":2,"TARGET_FID":33486,"PlaceType":"Regional Corridor","SB840":"Y","TRACTCE":"010228","BLKGRPCE":"3","GEOID":"481410102283","INTPTLAT":"+31.8965749","INTPTLON":"-106.5881052","GrowthArea":"Y","LotArea":109057,"ZONELABEL":"C-4","Shape_Length":1378.4906489616574,"Shape_Area":109057.15580737202}},{"type":"Feature","id":16453,"geometry":{"type":"Polygon","coordinates":[[[-106.58847646582186,31.90799792671978],[-106.58865401912784,31.90802402833981],[-106.58879434726785,31.907500147334101],[-106.58828494615324,31.907430434772834],[-106.58800442728932,31.907876523127886],[-106.58847646582186,31.90799792671978]]]},"properties":{"OBJECTID":16453,"Join_Count":2,"TARGET_FID":33506,"PlaceType":"Regional Corridor","SB840":"Y","TRACTCE":"010228","BLKGRPCE":"2","GEOID":"481410102282","INTPTLAT":"+31.9024075","INTPTLON":"-106.5957772","GrowthArea":"Y","LotArea":34831,"ZONELABEL":"C-4","Shape_Length":748.67454262178887,"Shape_Area":34830.729182803465}},{"type":"Feature","id":16457,"geometry":{"type":"Polygon","coordinates":[[[-106.57487703793477,31.909396908768933],[-106.5748771596773,31.909397149522984],[-106.57488027786978,31.908355759360365],[-106.57484638767495,31.908318040273368],[-106.57439726927659,31.908275433907654],[-106.57271273769226,31.908115614722501],[-106.57270870424701,31.909274972938011],[-106.57293536579981,31.909276430003249],[-106.5733411290569,31.909240535907458],[-106.57409166694848,31.909284471330366],[-106.57424467673094,31.90936350719895],[-106.57453358971465,31.909395287445186],[-106.57487703793477,31.909396908768933]]]},"properties":{"OBJECTID":16457,"Join_Count":2,"TARGET_FID":33515,"PlaceType":"Regional Corridor","SB840":"Y","TRACTCE":"010220","BLKGRPCE":"1","GEOID":"481410102201","INTPTLAT":"+31.9487970","INTPTLON":"-106.5377893","GrowthArea":"Y","LotArea":265756,"ZONELABEL":"C-4","Shape_Length":2167.1078300616941,"Shape_Area":265755.72771920968}},{"type":"Feature","id":16459,"geometry":{"type":"Polygon","coordinates":[[[-106.5849227194031,31.909109976854349],[-106.58522834841536,31.909109696867159],[-106.58522927456075,31.908716636003241],[-106.58492437343483,31.908717866572584],[-106.5849227194031,31.909109976854349]]]},"properties":{"OBJECTID":16459,"Join_Count":3,"TARGET_FID":33517,"PlaceType":"Regional Corridor","SB840":"Y","TRACTCE":" ","BLKGRPCE":" ","GEOID":" ","INTPTLAT":" ","INTPTLON":" ","GrowthArea":"Y","LotArea":13530,"ZONELABEL":"C-4","Shape_Length":475.10875618613437,"Shape_Area":13529.591610605768}},{"type":"Feature","id":16463,"geometry":{"type":"Polygon","coordinates":[[[-106.58429622913035,31.909108479946124],[-106.58392216898871,31.910282327662468],[-106.5852270874778,31.909645017140445],[-106.58522834841536,31.909109696867159],[-106.5849227194031,31.909109976854349],[-106.58429622913035,31.909108479946124]]]},"properties":{"OBJECTID":16463,"Join_Count":3,"TARGET_FID":33522,"PlaceType":"Regional Corridor","SB840":"Y","TRACTCE":" ","BLKGRPCE":" ","GEOID":" ","INTPTLAT":" ","INTPTLON":" ","GrowthArea":"Y","LotArea":101139,"ZONELABEL":"C-4","Shape_Length":1393.1687739455431,"Shape_Area":101138.86031247985}},{"type":"Feature","id":16472,"geometry":{"type":"Polygon","coordinates":[[[-106.57938820620112,31.911625428270447],[-106.58132032585588,31.911562478234384],[-106.58195082537995,31.911531523852602],[-106.58179067974584,31.910478020509508],[-106.58132800637875,31.909087640791984],[-106.58069184788549,31.909130491899379],[-106.58067637164291,31.90887332420289],[-106.58064223762908,31.908426310702765],[-106.57910067754791,31.90842669738571],[-106.57910885959494,31.908532923930444],[-106.57912704954371,31.908769117221809],[-106.57938820620112,31.911625428270447]]]},"properties":{"OBJECTID":16472,"Join_Count":1,"TARGET_FID":33533,"PlaceType":"Regional Corridor","SB840":"Y","TRACTCE":"010220","BLKGRPCE":"1","GEOID":"481410102201","INTPTLAT":"+31.9487970","INTPTLON":"-106.5377893","GrowthArea":"Y","LotArea":797389,"ZONELABEL":"C-4","Shape_Length":3808.4359552204896,"Shape_Area":797388.77887045313}},{"type":"Feature","id":16644,"geometry":{"type":"Polygon","coordinates":[[[-106.57184699338144,31.936596928428795],[-106.58229294322189,31.936854224211249],[-106.58230106553451,31.935239241075507],[-106.58202087508069,31.935025370986928],[-106.58081397666633,31.935082338549503],[-106.58073382345626,31.933847293754866],[-106.58194070520958,31.933790327853927],[-106.58224412836853,31.933500230897071],[-106.58229525137624,31.933408354674054],[-106.5822797581079,31.932104794452254],[-106.58075410798662,31.932084019522812],[-106.57748057291857,31.932093371019317],[-106.57188031745737,31.932098551726114],[-106.57187874080221,31.933059506253958],[-106.57186124186786,31.934909223187748],[-106.57184699338144,31.936596928428795]]]},"properties":{"OBJECTID":16644,"Join_Count":4,"TARGET_FID":33720,"PlaceType":"Regional Corridor","SB840":"Y","TRACTCE":"010220","BLKGRPCE":"1","GEOID":"481410102201","INTPTLAT":"+31.9487970","INTPTLON":"-106.5377893","GrowthArea":"Y","LotArea":5229298,"ZONELABEL":"R-3","Shape_Length":10661.954832040379,"Shape_Area":5229298.1008293359}},{"type":"Feature","id":16662,"geometry":{"type":"Polygon","coordinates":[[[-106.57180041528487,31.948256489959135],[-106.57446989366365,31.948284943082005],[-106.57452973584947,31.947915545432746],[-106.5745732464668,31.947687966021938],[-106.57462503175573,31.947461648634327],[-106.57468504265269,31.947236814189736],[-106.57475322017683,31.947013677759085],[-106.5748294980762,31.946792456566826],[-106.57491380241242,31.946573363687925],[-106.57500605385135,31.946356610648557],[-106.57510616021167,31.946142406879183],[-106.57521402708453,31.945930960109632],[-106.57532954920782,31.945722474072554],[-106.57545261375313,31.945517150152426],[-106.57558310454961,31.945315187183603],[-106.57572089246185,31.945116780104485],[-106.57586584706512,31.94492212030195],[-106.57601782602637,31.944731395216802],[-106.57617668378941,31.944544791540562],[-106.57634226576144,31.944362487365307],[-106.57651441301131,31.944184659184369],[-106.57669295892399,31.944011479343022],[-106.57687773019707,31.943843115087841],[-106.57706854895278,31.943679728465366],[-106.57726523074491,31.943521478224419],[-106.57746758543648,31.943368517064169],[-106.57767541725934,31.943220992535114],[-106.57788852586985,31.943079046988004],[-106.57810670423706,31.942942817675689],[-106.57832974392231,31.942812436499931],[-106.57855742657239,31.942688029516027],[-106.57878953342265,31.942569716477603],[-106.57902584113273,31.942457611939286],[-106.57926612067091,31.94235182440724],[-106.57951013936666,31.942252455337535],[-106.57975766108838,31.942159601837574],[-106.58000844811782,31.942073352963252],[-106.58026225810062,31.941993791671603],[-106.58051884410553,31.941920995721656],[-106.58077795966649,31.941855033819301],[-106.58103935391816,31.941795972173708],[-106.58130277528505,31.94174386619099],[-106.58156796761401,31.941698766079412],[-106.58183467545327,31.941660716596193],[-106.58209938313547,31.941630295477211],[-106.58236327257936,31.941595082525179],[-106.58229294322189,31.936854224211249],[-106.57184699338144,31.936596928428795],[-106.57180541228026,31.941032594027423],[-106.57178020013204,31.942644604538575],[-106.57180041528487,31.948256489959135]]]},"properties":{"OBJECTID":16662,"Join_Count":4,"TARGET_FID":33762,"PlaceType":"Regional Corridor","SB840":"Y","TRACTCE":"010220","BLKGRPCE":"1","GEOID":"481410102201","INTPTLAT":"+31.9487970","INTPTLON":"-106.5377893","GrowthArea":"Y","LotArea":9312674,"ZONELABEL":"R-3","Shape_Length":13777.713439908101,"Shape_Area":9312674.2165016253}},{"type":"Feature","id":18468,"geometry":{"type":"Polygon","coordinates":[[[-106.58953848122984,31.909107775199683],[-106.589743536961,31.909109430418582],[-106.58974624336737,31.908569379437893],[-106.58974637112659,31.908543977366026],[-106.58974637463494,31.90854329252975],[-106.5897467536395,31.908467567049708],[-106.58956068858448,31.908476261678263],[-106.58953848122984,31.909107775199683]]]},"properties":{"OBJECTID":18468,"Join_Count":3,"TARGET_FID":40469,"PlaceType":"Regional Corridor","SB840":"Y","TRACTCE":" ","BLKGRPCE":" ","GEOID":" ","INTPTLAT":" ","INTPTLON":" ","GrowthArea":"Y","LotArea":14052,"ZONELABEL":"C-3","Shape_Length":584.82181467748342,"Shape_Area":14051.706392597438}},{"type":"Feature","id":18469,"geometry":{"type":"Polygon","coordinates":[[[-106.5868693014766,31.909448961896963],[-106.58692446052122,31.910025923074709],[-106.58708742529383,31.910007454373012],[-106.5872512345163,31.909995606423884],[-106.5874155183121,31.909990406015144],[-106.58757990679149,31.909991863678442],[-106.58758267293514,31.909450653605354],[-106.5868693014766,31.909448961896963]]]},"properties":{"OBJECTID":18469,"Join_Count":1,"TARGET_FID":40470,"PlaceType":"Regional Corridor","SB840":"Y","TRACTCE":" ","BLKGRPCE":" ","GEOID":" ","INTPTLAT":" ","INTPTLON":" ","GrowthArea":"Y","LotArea":42629,"ZONELABEL":"C-4","Shape_Length":832.92723207094787,"Shape_Area":42629.218144810133}},{"type":"Feature","id":18470,"geometry":{"type":"Polygon","coordinates":[[[-106.58757990679149,31.909991863678442],[-106.5880889910171,31.909993717913363],[-106.58810849973683,31.909992648475221],[-106.58812765500737,31.909989319803163],[-106.58814609873447,31.909983793349884],[-106.58816348611282,31.909976171479737],[-106.58833024604641,31.909600598866859],[-106.58838732256234,31.909452556301769],[-106.58758267293514,31.909450653605354],[-106.58757990679149,31.909991863678442]]]},"properties":{"OBJECTID":18470,"Join_Count":1,"TARGET_FID":40471,"PlaceType":"Regional Corridor","SB840":"Y","TRACTCE":" ","BLKGRPCE":" ","GEOID":" ","INTPTLAT":" ","INTPTLON":" ","GrowthArea":"Y","LotArea":42353,"ZONELABEL":"C-4","Shape_Length":831.64160268130149,"Shape_Area":42352.957118026396}},{"type":"Feature","id":18471,"geometry":{"type":"Polygon","coordinates":[[[-106.58609953451383,31.909447132397339],[-106.58634914392395,31.91015154190513],[-106.58649027765132,31.910111696753294],[-106.58663341122342,31.910077432396822],[-106.58677824129428,31.910048821199993],[-106.58692446052122,31.910025923074709],[-106.5868693014766,31.909448961896963],[-106.58609953451383,31.909447132397339]]]},"properties":{"OBJECTID":18471,"Join_Count":2,"TARGET_FID":40472,"PlaceType":"Regional Corridor","SB840":"Y","TRACTCE":" ","BLKGRPCE":" ","GEOID":" ","INTPTLAT":" ","INTPTLON":" ","GrowthArea":"Y","LotArea":49221,"ZONELABEL":"C-4","Shape_Length":901.71840349665536,"Shape_Area":49220.743442529412}},{"type":"Feature","id":18472,"geometry":{"type":"Polygon","coordinates":[[[-106.58545776106244,31.909833273115897],[-106.58582272738319,31.910358835406399],[-106.58595010267304,31.910299495103281],[-106.58608047317571,31.910245094415977],[-106.58621357615057,31.910195743498875],[-106.58634914392395,31.91015154190513],[-106.58609953451383,31.909447132397339],[-106.58545776106244,31.909833273115897]]]},"properties":{"OBJECTID":18472,"Join_Count":2,"TARGET_FID":40473,"PlaceType":"Regional Corridor","SB840":"Y","TRACTCE":" ","BLKGRPCE":" ","GEOID":" ","INTPTLAT":" ","INTPTLON":" ","GrowthArea":"Y","LotArea":50391,"ZONELABEL":"C-4","Shape_Length":913.80626072577604,"Shape_Area":50391.238949733961}},{"type":"Feature","id":18473,"geometry":{"type":"Polygon","coordinates":[[[-106.5844806282493,31.911227990228376],[-106.58469159636932,31.911085326449932],[-106.58524735799118,31.910709496257777],[-106.58538402029791,31.910613528368629],[-106.58552566673592,31.910522971869742],[-106.58567200371664,31.910438015164111],[-106.58582272738319,31.910358835406399],[-106.58545776106244,31.909833273115897],[-106.58541825591362,31.909857043128397],[-106.58532312403007,31.909910400572187],[-106.58486380417609,31.910137754181989],[-106.58425707652985,31.910433904701826],[-106.5838045760366,31.910651454670269],[-106.58392588118471,31.910771149531936],[-106.58402038540311,31.910842317665669],[-106.58413605602168,31.910777887372809],[-106.5844806282493,31.911227990228376]]]},"properties":{"OBJECTID":18473,"Join_Count":3,"TARGET_FID":40475,"PlaceType":"Regional Corridor","SB840":"Y","TRACTCE":" ","BLKGRPCE":" ","GEOID":" ","INTPTLAT":" ","INTPTLON":" ","GrowthArea":"Y","LotArea":135238,"ZONELABEL":"C-4","Shape_Length":1673.9400556746104,"Shape_Area":135237.50465735787}},{"type":"Feature","id":18474,"geometry":{"type":"Polygon","coordinates":[[[-106.58337778055392,31.912745625036692],[-106.58337719779897,31.91286107222389],[-106.58413061731117,31.912863838960764],[-106.58413119914941,31.912748391770343],[-106.5841338815229,31.912216628172516],[-106.58338046609407,31.912213861504394],[-106.58337778055392,31.912745625036692]]]},"properties":{"OBJECTID":18474,"Join_Count":1,"TARGET_FID":40476,"PlaceType":"Regional Corridor","SB840":"Y","TRACTCE":" ","BLKGRPCE":" ","GEOID":" ","INTPTLAT":" ","INTPTLON":" ","GrowthArea":"Y","LotArea":55049,"ZONELABEL":"C-4","Shape_Length":938.50776322604213,"Shape_Area":55049.105834266076}},{"type":"Feature","id":18475,"geometry":{"type":"Polygon","coordinates":[[[-106.58337719779897,31.91286107222389],[-106.58337509392801,31.913277388496454],[-106.58412851674578,31.913280155244976],[-106.58413061731117,31.912863838960764],[-106.58337719779897,31.91286107222389]]]},"properties":{"OBJECTID":18475,"Join_Count":1,"TARGET_FID":40477,"PlaceType":"Regional Corridor","SB840":"Y","TRACTCE":" ","BLKGRPCE":" ","GEOID":" ","INTPTLAT":" ","INTPTLON":" ","GrowthArea":"Y","LotArea":35410,"ZONELABEL":"C-4","Shape_Length":770.50761020309653,"Shape_Area":35410.152091475051}},{"type":"Feature","id":18476,"geometry":{"type":"Polygon","coordinates":[[[-106.58412851674578,31.913280155244976],[-106.58412583431212,31.913811918596455],[-106.58412416845046,31.914142367079709],[-106.58702196475616,31.914152175397138],[-106.58702683896129,31.913168070122492],[-106.58703724320463,31.913084883334459],[-106.58705241945476,31.913002232527425],[-106.58709173795718,31.912837877960055],[-106.58712772859238,31.912672969542069],[-106.58837312706521,31.912676806167983],[-106.58838450852974,31.91040015751495],[-106.58838910514018,31.91030230224402],[-106.58840189041581,31.91020497782246],[-106.58842280189106,31.910108682229431],[-106.58845173018108,31.910013908469608],[-106.58848852830448,31.909921141415658],[-106.58854264765667,31.909806770505163],[-106.58859093713023,31.90969051529143],[-106.58863330732144,31.909572593242483],[-106.58866968055791,31.909453223069072],[-106.58877285639741,31.909453467061351],[-106.58877653582168,31.90938427358132],[-106.58877994737219,31.90932000666837],[-106.58877619684769,31.908590857075982],[-106.58877607316984,31.90859086030504],[-106.58838402065372,31.908600405370144],[-106.58838732256234,31.909452556301769],[-106.58833024604641,31.909600598866859],[-106.58816348611282,31.909976171479737],[-106.58814609873447,31.909983793349884],[-106.58812765500737,31.909989319803163],[-106.58810849973683,31.909992648475221],[-106.5880889910171,31.909993717913363],[-106.58757990679149,31.909991863678442],[-106.5874155183121,31.909990406015144],[-106.5872512345163,31.909995606423884],[-106.58708742529383,31.910007454373012],[-106.58692446052122,31.910025923074709],[-106.58677824129428,31.910048821199993],[-106.58663341122342,31.910077432396822],[-106.58649027765132,31.910111696753294],[-106.58634914392395,31.91015154190513],[-106.58621357615057,31.910195743498875],[-106.58608047317571,31.910245094415977],[-106.58595010267304,31.910299495103281],[-106.58582272738319,31.910358835406399],[-106.58567200371664,31.910438015164111],[-106.58552566673592,31.910522971869742],[-106.58538402029791,31.910613528368629],[-106.58524735799118,31.910709496257777],[-106.58469159636932,31.911085326449932],[-106.5844806282493,31.911227990228376],[-106.58434406242156,31.911320341227643],[-106.5842925506465,31.911351277981641],[-106.58423725529946,31.911377028229584],[-106.58417889142019,31.911397258681969],[-106.58356769779564,31.911395014562494],[-106.58349806544163,31.911613588404634],[-106.58413422100543,31.911616338754012],[-106.5841338815229,31.912216628172516],[-106.58413119914941,31.912748391770343],[-106.58412851674578,31.913280155244976]],[[-106.58700896137181,31.910911427963342],[-106.58700777263108,31.911191800696169],[-106.58662731976133,31.911190626040586],[-106.58662870872847,31.91091025368981],[-106.58700896137181,31.910911427963342]]]},"properties":{"OBJECTID":18476,"Join_Count":5,"TARGET_FID":40478,"PlaceType":"Regional Corridor","SB840":"Y","TRACTCE":" ","BLKGRPCE":" ","GEOID":" ","INTPTLAT":" ","INTPTLON":" ","GrowthArea":"Y","LotArea":1637083,"ZONELABEL":"C-4","Shape_Length":7208.5271897387929,"Shape_Area":1637082.5714054964}},{"type":"Feature","id":18477,"geometry":{"type":"Polygon","coordinates":[[[-106.58336972058594,31.91434091504652],[-106.58336703179445,31.914873160571855],[-106.58434563479577,31.914876085665057],[-106.58434609767232,31.914733195383363],[-106.58429609964647,31.914696647059984],[-106.58425142558139,31.914655385731084],[-106.58421268106129,31.914609971265314],[-106.58418039500245,31.914561021404872],[-106.58415500298766,31.914509199918985],[-106.58413685218862,31.914455210947981],[-106.58412618681211,31.914399787055999],[-106.58412315290403,31.914343681774113],[-106.58336972058594,31.91434091504652]]]},"properties":{"OBJECTID":18477,"Join_Count":1,"TARGET_FID":40479,"PlaceType":"Regional Corridor","SB840":"Y","TRACTCE":" ","BLKGRPCE":" ","GEOID":" ","INTPTLAT":" ","INTPTLON":" ","GrowthArea":"Y","LotArea":51857,"ZONELABEL":"C-4","Shape_Length":946.54306836079559,"Shape_Area":51856.956397799629}},{"type":"Feature","id":18478,"geometry":{"type":"Polygon","coordinates":[[[-106.5883620724254,31.914888016072698],[-106.58836183722386,31.914935079595974],[-106.59143801414766,31.914911434854904],[-106.59145971784562,31.914726653283989],[-106.59148426800725,31.914559354735619],[-106.59150114158543,31.914391365403336],[-106.59151031222397,31.914222943082159],[-106.59151176717127,31.914054343106031],[-106.59150550341428,31.91388582395242],[-106.59149153042877,31.913717640788143],[-106.59146986953962,31.913550051822401],[-106.59144055456012,31.913383311953414],[-106.59140362880289,31.913217675621901],[-106.59135915029839,31.913053395656984],[-106.59130718639769,31.912890721729092],[-106.59124781600217,31.912729902049399],[-106.59118112950392,31.912571182469375],[-106.59110722866657,31.912414804680171],[-106.59102622779938,31.912261007962922],[-106.59093824818214,31.912110024939967],[-106.59084342481431,31.911962087573887],[-106.59075456285558,31.911834318915407],[-106.59065866169196,31.911710308928139],[-106.59055593898827,31.911590338894769],[-106.59044662981515,31.91147468113202],[-106.59033098248607,31.911363600094202],[-106.59025751919491,31.911364127815627],[-106.59010896050427,31.911365194678719],[-106.59010574291628,31.911365218238195],[-106.59002981557053,31.911365763008003],[-106.58973331208412,31.911178019611214],[-106.58973418889136,31.911002875264511],[-106.58973452178641,31.910935322922956],[-106.58973490203164,31.910855749597676],[-106.58973592760415,31.910643168104919],[-106.58973766862053,31.910282485262421],[-106.58973946013052,31.909922760098045],[-106.58974126769431,31.909562091107215],[-106.589743536961,31.909109430418582],[-106.58953848122984,31.909107775199683],[-106.58953332195856,31.909326094992551],[-106.58952442133673,31.909326022933325],[-106.58952400389427,31.909455236479374],[-106.58877285639741,31.909453467061351],[-106.58866968055791,31.909453223069072],[-106.58863330732144,31.909572593242483],[-106.58859093713023,31.90969051529143],[-106.58854264765667,31.909806770505163],[-106.58848852830448,31.909921141415658],[-106.58845173018108,31.910013908469608],[-106.58842280189106,31.910108682229431],[-106.58840189041581,31.91020497782246],[-106.58838910514018,31.91030230224402],[-106.58838450852974,31.91040015751495],[-106.58837312706521,31.912676806167983],[-106.5883620724254,31.914888016072698]]]},"properties":{"OBJECTID":18478,"Join_Count":3,"TARGET_FID":40480,"PlaceType":"Regional Corridor","SB840":"Y","TRACTCE":" ","BLKGRPCE":" ","GEOID":" ","INTPTLAT":" ","INTPTLON":" ","GrowthArea":"Y","LotArea":1436455,"ZONELABEL":"C-4","Shape_Length":5761.1342134408396,"Shape_Area":1436454.9535544526}},{"type":"Feature","id":18657,"geometry":{"type":"Polygon","coordinates":[[[-106.56849347202095,31.878626620948584],[-106.5683807425805,31.878739454317881],[-106.56837441209423,31.878870570758984],[-106.56812186214637,31.878861957376877],[-106.56781207682693,31.878851485047363],[-106.56779984927253,31.879104765622799],[-106.56810963421574,31.879115284103868],[-106.56810807141896,31.879147637721641],[-106.56836062491517,31.879156213059129],[-106.56835226271254,31.879329406528544],[-106.56841242153862,31.879394682495448],[-106.56886149595303,31.879143184025661],[-106.56897560682845,31.879063704642505],[-106.56898549894861,31.87905631474894],[-106.56899373863311,31.879047572312537],[-106.56900007666121,31.879037743985354],[-106.56900432075723,31.879027125306852],[-106.56900634186258,31.879016039500229],[-106.56900607852357,31.879004823713462],[-106.56900353922792,31.878993816261868],[-106.56899880099451,31.878983351275803],[-106.56899200748863,31.878973746145697],[-106.56882947196104,31.878854263133164],[-106.56866325388344,31.878738526826631],[-106.56849347202095,31.878626620948584]]]},"properties":{"OBJECTID":18657,"Join_Count":1,"TARGET_FID":40803,"PlaceType":"Neighborhood Center","SB840":"Y","TRACTCE":"010226","BLKGRPCE":"1","GEOID":"481410102261","INTPTLAT":"+31.8810271","INTPTLON":"-106.5662863","GrowthArea":"Y","LotArea":50068,"ZONELABEL":"C-3","Shape_Length":1097.3417940167678,"Shape_Area":50067.57092385443}},{"type":"Feature","id":18658,"geometry":{"type":"Polygon","coordinates":[[[-106.56784164276866,31.886324665406185],[-106.56764489601859,31.886295667918155],[-106.56744937904367,31.886261140263784],[-106.56715571901164,31.886213212255353],[-106.56686292829556,31.886161562135431],[-106.56657107107597,31.886106199485123],[-106.56652809984702,31.886266647921175],[-106.56649228132358,31.886400391646045],[-106.56645646269924,31.886534135353383],[-106.5664206439739,31.886667879043316],[-106.56638482514765,31.88680162271573],[-106.56634900510592,31.886935365520731],[-106.56630960416346,31.887082483430916],[-106.56622700137733,31.887390906909811],[-106.56621366739003,31.887440695540082],[-106.56620938596505,31.887456682973188],[-106.56619416402951,31.887513519707088],[-106.56619785331924,31.887514242793664],[-106.56628212489817,31.887530763416496],[-106.56637872886219,31.887549701627929],[-106.56658273775312,31.887589694809005],[-106.56683382420022,31.887638917590031],[-106.56703648426004,31.887678644946153],[-106.56723914349338,31.887718372937545],[-106.56744180289638,31.887758100613212],[-106.56745695271806,31.887761070674422],[-106.56784164276866,31.886324665406185]]]},"properties":{"OBJECTID":18658,"Join_Count":3,"TARGET_FID":40812,"PlaceType":"Neighborhood Center","SB840":"Y","TRACTCE":"010226","BLKGRPCE":"2","GEOID":"481410102262","INTPTLAT":"+31.8961515","INTPTLON":"-106.5703717","GrowthArea":"Y","LotArea":212794,"ZONELABEL":"R-3A","Shape_Length":1865.7343798107268,"Shape_Area":212793.65252928197}},{"type":"Feature","id":18666,"geometry":{"type":"Polygon","coordinates":[[[-106.59062044432559,31.903716295892025],[-106.59087173085936,31.903719386269039],[-106.59086743043261,31.903623601805524],[-106.59093173257321,31.903623292231742],[-106.59092999555256,31.903561176414918],[-106.59425401800181,31.903545113976485],[-106.59424878304316,31.902925885625876],[-106.59424368469233,31.902322832452452],[-106.59425735196503,31.901618955796501],[-106.59425758089665,31.901526103167427],[-106.59426220204341,31.900832992552601],[-106.59426118310709,31.900129224262578],[-106.59426191666952,31.900042297098921],[-106.59426827357991,31.899204138190587],[-106.5942866606443,31.898646170586542],[-106.59428608311296,31.898513404434045],[-106.59429121187921,31.898380709943812],[-106.59429750410541,31.898184399700344],[-106.59078912827634,31.903502387491471],[-106.59062044432559,31.903716295892025]]]},"properties":{"OBJECTID":18666,"Join_Count":3,"TARGET_FID":40828,"PlaceType":"Regional Corridor","SB840":"Y","TRACTCE":"010228","BLKGRPCE":"2","GEOID":"481410102282","INTPTLAT":"+31.9024075","INTPTLON":"-106.5957772","GrowthArea":"Y","LotArea":1055635,"ZONELABEL":"C-3","Shape_Length":5451.2374132733548,"Shape_Area":1055635.3759891225}},{"type":"Feature","id":18667,"geometry":{"type":"Polygon","coordinates":[[[-106.57631178396286,31.906001596241062],[-106.57718014287885,31.906066738019856],[-106.57723017505347,31.906072249714338],[-106.57727902424048,31.906082998236041],[-106.57732593946511,31.906098819060272],[-106.57737020047927,31.906119467607557],[-106.57741112679834,31.906144627843027],[-106.57744809154164,31.906173913418932],[-106.57756094665196,31.906275139956069],[-106.57767796972213,31.906372862523142],[-106.57772412328447,31.906399492796602],[-106.57777361623631,31.9064213284007],[-106.5778257669767,31.906438068704542],[-106.57787985718545,31.90644948258204],[-106.57793514167932,31.906455413359055],[-106.57818978871467,31.906469863087196],[-106.57850818420624,31.903186956220562],[-106.57674030588467,31.903200821913902],[-106.57672480831151,31.903202469747679],[-106.57670983109651,31.903206246895252],[-106.57669577421308,31.903212052894045],[-106.57668301290749,31.903219733368463],[-106.57667188732204,31.903229083236866],[-106.57666269446588,31.903239853419162],[-106.57665567801625,31.903251756744972],[-106.57664477325284,31.903308590810067],[-106.57663931435184,31.903365992146416],[-106.57657245051702,31.903879951199908],[-106.57631178396286,31.906001596241062]]]},"properties":{"OBJECTID":18667,"Join_Count":2,"TARGET_FID":40859,"PlaceType":"Regional Corridor","SB840":"Y","TRACTCE":"010226","BLKGRPCE":"2","GEOID":"481410102262","INTPTLAT":"+31.8961515","INTPTLON":"-106.5703717","GrowthArea":"Y","LotArea":637960,"ZONELABEL":"C-4","Shape_Length":3418.8551099169749,"Shape_Area":637960.17638318753}},{"type":"Feature","id":18668,"geometry":{"type":"Polygon","coordinates":[[[-106.57546025451683,31.907588807202309],[-106.57546046517345,31.907589063567031],[-106.57548159739837,31.907591028095343],[-106.57562284527417,31.907604162105795],[-106.57564282114296,31.90759091439028],[-106.57578711029741,31.907495227103944],[-106.57580850508909,31.907376148048762],[-106.57581198567354,31.907356773655692],[-106.57546025451683,31.907588807202309]]]},"properties":{"OBJECTID":18668,"Join_Count":1,"TARGET_FID":40862,"PlaceType":"Regional Corridor","SB840":"Y","TRACTCE":"010226","BLKGRPCE":"2","GEOID":"481410102262","INTPTLAT":"+31.8961515","INTPTLON":"-106.5703717","GrowthArea":"Y","LotArea":3567,"ZONELABEL":"C-4","Shape_Length":304.31471544481712,"Shape_Area":3567.4831496828874}},{"type":"Feature","id":18669,"geometry":{"type":"Polygon","coordinates":[[[-106.5753894705866,31.907651583934367],[-106.5755285834752,31.907664519567859],[-106.57557075664792,31.90766575948437],[-106.57561256692215,31.907660893647698],[-106.57565281008623,31.907650062860082],[-106.57569032286969,31.907633579387184],[-106.57572402574739,31.907611917680963],[-106.57575294451355,31.907585704313014],[-106.57577624574427,31.907555693693556],[-106.57578377759046,31.907513776064395],[-106.57578711029741,31.907495227103944],[-106.57564282114296,31.90759091439028],[-106.57562284527417,31.907604162105795],[-106.57548159739837,31.907591028095343],[-106.57546046517345,31.907589063567031],[-106.57546025451683,31.907588807202309],[-106.5753681049911,31.907649597152464],[-106.5753894705866,31.907651583934367]]]},"properties":{"OBJECTID":18669,"Join_Count":1,"TARGET_FID":40864,"PlaceType":"Regional Corridor","SB840":"Y","TRACTCE":"010226","BLKGRPCE":"2","GEOID":"481410102262","INTPTLAT":"+31.8961515","INTPTLON":"-106.5703717","GrowthArea":"Y","LotArea":2782,"ZONELABEL":"C-4","Shape_Length":315.54021188993624,"Shape_Area":2781.6696464181409}},{"type":"Feature","id":18670,"geometry":{"type":"Polygon","coordinates":[[[-106.5841382041345,31.907370752324422],[-106.58421821770128,31.907634677080953],[-106.58507098065958,31.907629301256339],[-106.58507805955719,31.908238955002926],[-106.58584397445395,31.908095065999188],[-106.58584395142347,31.908091907521886],[-106.58584394797877,31.908091502126108],[-106.58584394706088,31.908091456104252],[-106.58584390401543,31.908085521984571],[-106.58583843866849,31.90734407801358],[-106.5841382041345,31.907370752324422]]]},"properties":{"OBJECTID":18670,"Join_Count":1,"TARGET_FID":40866,"PlaceType":"Regional Corridor","SB840":"Y","TRACTCE":"010228","BLKGRPCE":"3","GEOID":"481410102283","INTPTLAT":"+31.8965749","INTPTLON":"-106.5881052","GrowthArea":"Y","LotArea":97987,"ZONELABEL":"C-4","Shape_Length":1629.935685322215,"Shape_Area":97986.503499286424}},{"type":"Feature","id":18672,"geometry":{"type":"Polygon","coordinates":[[[-106.58603889934963,31.909112638615902],[-106.58649464883318,31.909113720317144],[-106.58609953451383,31.909447132397339],[-106.5868693014766,31.909448961896963],[-106.58758267293514,31.909450653605354],[-106.58838732256234,31.909452556301769],[-106.58838739978266,31.909247268988924],[-106.58838402065372,31.908600405370144],[-106.58838372883636,31.908544633447882],[-106.58671783196408,31.908539550950845],[-106.58603889934963,31.909112638615902]]]},"properties":{"OBJECTID":18672,"Join_Count":3,"TARGET_FID":40869,"PlaceType":"Regional Corridor","SB840":"Y","TRACTCE":" ","BLKGRPCE":" ","GEOID":" ","INTPTLAT":" ","INTPTLON":" ","GrowthArea":"Y","LotArea":208997,"ZONELABEL":"C-4","Shape_Length":2167.5422014919659,"Shape_Area":208996.54084414424}},{"type":"Feature","id":18673,"geometry":{"type":"Polygon","coordinates":[[[-106.57270723487517,31.909697488562955],[-106.57362921031752,31.909699819148162],[-106.57370437640716,31.909703405722816],[-106.5737786772541,31.909713745736912],[-106.57385128255723,31.909730724510887],[-106.5739213770903,31.909754150772144],[-106.57398817912016,31.909783762998117],[-106.57452278414239,31.910052291369819],[-106.57457733335784,31.910075203812358],[-106.57463430363936,31.91009332954669],[-106.57469311959915,31.91010648567902],[-106.57475318576749,31.910114538150488],[-106.57481389650866,31.910117407585318],[-106.57487463877271,31.91011506283607],[-106.5748771596773,31.909397149522984],[-106.57487703793477,31.909396908768933],[-106.57453358971465,31.909395287445186],[-106.57424467673094,31.90936350719895],[-106.57409166694848,31.909284471330366],[-106.5733411290569,31.909240535907458],[-106.57293536579981,31.909276430003249],[-106.57270870424701,31.909274972938011],[-106.57270723487517,31.909697488562955]]]},"properties":{"OBJECTID":18673,"Join_Count":2,"TARGET_FID":40870,"PlaceType":"Regional Corridor","SB840":"Y","TRACTCE":"010220","BLKGRPCE":"1","GEOID":"481410102201","INTPTLAT":"+31.9487970","INTPTLON":"-106.5377893","GrowthArea":"Y","LotArea":126942,"ZONELABEL":"C-4","Shape_Length":1806.5228282051598,"Shape_Area":126942.16705853063}},{"type":"Feature","id":18674,"geometry":{"type":"Polygon","coordinates":[[[-106.58522927456075,31.908716636003241],[-106.58522834841536,31.909109696867159],[-106.5852270874778,31.909645017140445],[-106.58565661456477,31.909435234865878],[-106.58603889934963,31.909112638615902],[-106.58671783196408,31.908539550950845],[-106.58596788545786,31.908537256448813],[-106.58530936667574,31.908714682790485],[-106.58522927456075,31.908716636003241]]]},"properties":{"OBJECTID":18674,"Join_Count":3,"TARGET_FID":40871,"PlaceType":"Regional Corridor","SB840":"Y","TRACTCE":" ","BLKGRPCE":" ","GEOID":" ","INTPTLAT":" ","INTPTLON":" ","GrowthArea":"Y","LotArea":94099,"ZONELABEL":"C-4","Shape_Length":1426.5208429770662,"Shape_Area":94099.238222735308}},{"type":"Feature","id":18675,"geometry":{"type":"Polygon","coordinates":[[[-106.5887784074153,31.909315027805892],[-106.58877653582168,31.90938427358132],[-106.58877285639741,31.909453467061351],[-106.58952400389427,31.909455236479374],[-106.58952442133673,31.909326022933325],[-106.58952443784135,31.9093210587531],[-106.58952876467416,31.909321093034976],[-106.58956068858448,31.908476261678263],[-106.58877571971473,31.908481078475578],[-106.58877586498205,31.908526234261927],[-106.58877607316984,31.90859086030504],[-106.5887784074153,31.909315027805892]]]},"properties":{"OBJECTID":18675,"Join_Count":4,"TARGET_FID":40872,"PlaceType":"Regional Corridor","SB840":"Y","TRACTCE":" ","BLKGRPCE":" ","GEOID":" ","INTPTLAT":" ","INTPTLON":" ","GrowthArea":"Y","LotArea":84261,"ZONELABEL":"C-3","Shape_Length":1188.1531036578251,"Shape_Area":84261.40936300483}},{"type":"Feature","id":18676,"geometry":{"type":"Polygon","coordinates":[[[-106.57400158232603,31.911602951744861],[-106.57418783112497,31.911603420783099],[-106.5742730546841,31.911603635813307],[-106.574346519041,31.911603820688022],[-106.57443240876253,31.911604037121247],[-106.5748694076602,31.911605136974412],[-106.57487463877271,31.91011506283607],[-106.57481389650866,31.910117407585318],[-106.57475318576749,31.910114538150488],[-106.57469311959915,31.91010648567902],[-106.57463430363936,31.91009332954669],[-106.57457733335784,31.910075203812358],[-106.57452278414239,31.910052291369819],[-106.57398817912016,31.909783762998117],[-106.5739213770903,31.909754150772144],[-106.57385128255723,31.909730724510887],[-106.5737786772541,31.909713745736912],[-106.57370437640716,31.909703405722816],[-106.57362921031752,31.909699819148162],[-106.57270723487517,31.909697488562955],[-106.57270529977009,31.910253996046219],[-106.57270153688221,31.910346519742124],[-106.57269090564346,31.910438653399428],[-106.57267344946921,31.910530027314607],[-106.57264923834283,31.910620273220641],[-106.5726183701682,31.910709028738289],[-106.57258096859938,31.910795936576921],[-106.57253718327833,31.910880648136466],[-106.57248719182755,31.910962821605306],[-106.57243695279566,31.911047364378934],[-106.57239401265612,31.911134784875628],[-106.57235859648596,31.911224625216835],[-106.57233089147114,31.911316414885928],[-106.57231104075007,31.911409673732337],[-106.57229914875046,31.911503912619423],[-106.57229527837748,31.911598638978155],[-106.57247221344475,31.911599086811375],[-106.5726330608743,31.911599494671421],[-106.57279391147195,31.911599902181401],[-106.57295475990055,31.911600308693707],[-106.57311561044176,31.911600714906541],[-106.57327645893238,31.911601121922448],[-106.57346947959712,31.911601609057954],[-106.57375832646154,31.911602338124766],[-106.57400158232603,31.911602951744861]]]},"properties":{"OBJECTID":18676,"Join_Count":4,"TARGET_FID":40873,"PlaceType":"Regional Corridor","SB840":"Y","TRACTCE":"010220","BLKGRPCE":"1","GEOID":"481410102201","INTPTLAT":"+31.9487970","INTPTLON":"-106.5377893","GrowthArea":"Y","LotArea":466101,"ZONELABEL":"C-4","Shape_Length":2762.8174697656359,"Shape_Area":466101.3383980525}},{"type":"Feature","id":18718,"geometry":{"type":"Polygon","coordinates":[[[-106.56613750566717,31.879108044555402],[-106.56760302790472,31.879293580038581],[-106.56763199063012,31.879117595803674],[-106.56734902614581,31.879082373584286],[-106.56749313871924,31.878155902335102],[-106.56758902505577,31.878090970058885],[-106.56741807498449,31.87799943214333],[-106.56706808512453,31.877826060912398],[-106.5667714395226,31.877690545381697],[-106.56668542304804,31.877848344518583],[-106.56660337370326,31.877998864932092],[-106.56652023122922,31.87815139133707],[-106.56643776091114,31.878302681454056],[-106.56635524213638,31.878454059625248],[-106.56629755481126,31.878613026206942],[-106.56619133997987,31.878905719229525],[-106.56614199498451,31.879041695076737],[-106.56613750566717,31.879108044555402]]]},"properties":{"OBJECTID":18718,"Join_Count":2,"TARGET_FID":40958,"PlaceType":"Neighborhood Center","SB840":"Y","TRACTCE":"010226","BLKGRPCE":"1","GEOID":"481410102261","INTPTLAT":"+31.8810271","INTPTLON":"-106.5662863","GrowthArea":"Y","LotArea":167662,"ZONELABEL":"A-2","Shape_Length":1838.3668369676157,"Shape_Area":167661.63402714737}},{"type":"Feature","id":18762,"geometry":{"type":"Polygon","coordinates":[[[-106.56745695271806,31.887761070674422],[-106.56764446240982,31.887797827072799],[-106.56784712320744,31.8878375540666],[-106.56804978200488,31.887877279945307],[-106.56825244202727,31.887917005457865],[-106.5683163040125,31.887929524900091],[-106.56843304775951,31.888003600405227],[-106.5685111694237,31.888053169636962],[-106.56869623285131,31.888170594770738],[-106.5687145508106,31.888182217033684],[-106.5687243484669,31.888120077402956],[-106.56872794762411,31.888057454110243],[-106.56872532055939,31.88799479469132],[-106.56871648639921,31.887932550761047],[-106.56870150935281,31.887871167258854],[-106.56868049578276,31.887811086201864],[-106.56853232214878,31.887446658812276],[-106.56850546727873,31.887369692830816],[-106.56848674843896,31.887290992398533],[-106.56847631476204,31.887211183559501],[-106.56847424907156,31.887130898240567],[-106.56849204198853,31.886459870489979],[-106.56848760195828,31.886443384584556],[-106.56847999011123,31.886427765903559],[-106.56846942167256,31.886413453963716],[-106.56845619427897,31.886400853625474],[-106.56844068169524,31.886390320038728],[-106.56842332266915,31.886382150144044],[-106.56840460456863,31.886376575326469],[-106.56821634714353,31.886364279012252],[-106.56802863245534,31.886346969580007],[-106.56784164276866,31.886324665406185],[-106.56745695271806,31.887761070674422]]]},"properties":{"OBJECTID":18762,"Join_Count":2,"TARGET_FID":41046,"PlaceType":"Neighborhood Center","SB840":"Y","TRACTCE":"010226","BLKGRPCE":"2","GEOID":"481410102262","INTPTLAT":"+31.8961515","INTPTLON":"-106.5703717","GrowthArea":"Y","LotArea":158348,"ZONELABEL":"C-3","Shape_Length":1820.875896744024,"Shape_Area":158347.75986904671}},{"type":"Feature","id":18783,"geometry":{"type":"Polygon","coordinates":[[[-106.56736528532392,31.905514487052191],[-106.56766298523466,31.905536409826766],[-106.56766337516876,31.905536075932346],[-106.56757561413195,31.905500490618593],[-106.56746928104289,31.905451189438793],[-106.56733785286931,31.905386263427118],[-106.56732854552855,31.90538247892621],[-106.56731865013801,31.905380008789013],[-106.56730841966116,31.905378915879293],[-106.56729811648123,31.905379229190043],[-106.56728800260554,31.905380939795972],[-106.56727833890608,31.905384005405892],[-106.56726937104231,31.905388345617347],[-106.56726132999435,31.905393850019809],[-106.56725442039276,31.905400377850256],[-106.56724881975926,31.905407762545451],[-106.56723791005427,31.905425113913228],[-106.5673799935531,31.905489913086466],[-106.56736528532392,31.905514487052191]]]},"properties":{"OBJECTID":18783,"Join_Count":1,"TARGET_FID":41083,"PlaceType":"Regional Corridor","SB840":"Y","TRACTCE":"010226","BLKGRPCE":"2","GEOID":"481410102262","INTPTLAT":"+31.8961515","INTPTLON":"-106.5703717","GrowthArea":"Y","LotArea":2744,"ZONELABEL":"C-4","Shape_Length":306.94550093081432,"Shape_Area":2743.7374468664002}},{"type":"Feature","id":18784,"geometry":{"type":"Polygon","coordinates":[[[-106.56005723037342,31.860850607329319],[-106.55982641739278,31.861637071496293],[-106.55986750949637,31.861637350154083],[-106.56002400644749,31.861638409324712],[-106.56058155069988,31.861642183453313],[-106.56061907031507,31.861642437628007],[-106.56071549244264,31.861393850885747],[-106.56037536541795,31.861290879252824],[-106.56061314583999,31.860854371379034],[-106.56005723037342,31.860850607329319]]]},"properties":{"OBJECTID":18784,"Join_Count":1,"TARGET_FID":41086,"PlaceType":"Neighborhood Center","SB840":"Y","TRACTCE":"010225","BLKGRPCE":"2","GEOID":"481410102252","INTPTLAT":"+31.8653556","INTPTLON":"-106.5664762","GrowthArea":"Y","LotArea":54623,"ZONELABEL":"C-3","Shape_Length":1096.0936635633982,"Shape_Area":54623.384326382984}},{"type":"Feature","id":18792,"geometry":{"type":"Polygon","coordinates":[[[-106.57570068417319,31.882612365690449],[-106.57561579190815,31.882124137532244],[-106.57465216948579,31.882253248628537],[-106.5745475165796,31.882267270315225],[-106.57443468400389,31.882282387539881],[-106.57415440569153,31.882319938400681],[-106.57469816718189,31.882746689509442],[-106.57570068417319,31.882612365690449]]]},"properties":{"OBJECTID":18792,"Join_Count":2,"TARGET_FID":41097,"PlaceType":"Regional Corridor","SB840":"Y","TRACTCE":"010226","BLKGRPCE":"1","GEOID":"481410102261","INTPTLAT":"+31.8810271","INTPTLON":"-106.5662863","GrowthArea":"Y","LotArea":69504,"ZONELABEL":"C-4","Shape_Length":1183.0836755045659,"Shape_Area":69504.360146548919}},{"type":"Feature","id":18793,"geometry":{"type":"Polygon","coordinates":[[[-106.57274305785039,31.882509018585594],[-106.57275007785776,31.882556707591014],[-106.5751226362638,31.884002111216756],[-106.57559484602885,31.883948574134813],[-106.57575814640343,31.883930058804538],[-106.57575463591914,31.883909298558649],[-106.57574815301338,31.883870966071257],[-106.5757679163018,31.883852828874275],[-106.57576766505744,31.883851344216744],[-106.57585421408088,31.883773632571248],[-106.57526960487536,31.883195153282571],[-106.57415440569153,31.882319938400681],[-106.57274305785039,31.882509018585594]]]},"properties":{"OBJECTID":18793,"Join_Count":4,"TARGET_FID":41098,"PlaceType":"Regional Corridor","SB840":"Y","TRACTCE":"010226","BLKGRPCE":"1","GEOID":"481410102261","INTPTLAT":"+31.8810271","INTPTLON":"-106.5662863","GrowthArea":"Y","LotArea":244519,"ZONELABEL":"C-4","Shape_Length":2383.3542596161888,"Shape_Area":244519.28685034256}},{"type":"Feature","id":18794,"geometry":{"type":"Polygon","coordinates":[[[-106.57526960487536,31.883195153282571],[-106.57585421408088,31.883773632571248],[-106.5758940707088,31.883768726048999],[-106.57590159258993,31.883767800067854],[-106.57578989775257,31.883125440304838],[-106.57526960487536,31.883195153282571]]]},"properties":{"OBJECTID":18794,"Join_Count":1,"TARGET_FID":41099,"PlaceType":"Regional Corridor","SB840":"Y","TRACTCE":"010226","BLKGRPCE":"1","GEOID":"481410102261","INTPTLAT":"+31.8810271","INTPTLON":"-106.5662863","GrowthArea":"Y","LotArea":21050,"ZONELABEL":"C-4","Shape_Length":692.46845359510758,"Shape_Area":21050.266532942682}},{"type":"Feature","id":18795,"geometry":{"type":"Polygon","coordinates":[[[-106.57469816718189,31.882746689509442],[-106.57526960487536,31.883195153282571],[-106.57578989775257,31.883125440304838],[-106.57570068417319,31.882612365690449],[-106.57469816718189,31.882746689509442]]]},"properties":{"OBJECTID":18795,"Join_Count":1,"TARGET_FID":41100,"PlaceType":"Regional Corridor","SB840":"Y","TRACTCE":"010226","BLKGRPCE":"1","GEOID":"481410102261","INTPTLAT":"+31.8810271","INTPTLON":"-106.5662863","GrowthArea":"Y","LotArea":45143,"ZONELABEL":"C-4","Shape_Length":908.18415022277873,"Shape_Area":45142.879961335115}},{"type":"Feature","id":18819,"geometry":{"type":"Polygon","coordinates":[[[-106.61184124580588,31.878888407675358],[-106.611849505856,31.878888423147163],[-106.61190558683408,31.878888529482282],[-106.61190633922001,31.878599993642904],[-106.61184191150272,31.878599870605537],[-106.61184124580588,31.878888407675358]]]},"properties":{"OBJECTID":18819,"Join_Count":2,"TARGET_FID":41134,"PlaceType":"Regional Corridor","SB840":"Y","TRACTCE":"010229","BLKGRPCE":"2","GEOID":"481410102292","INTPTLAT":"+31.8668944","INTPTLON":"-106.6100059","GrowthArea":"Y","LotArea":2098,"ZONELABEL":"R-3A","Shape_Length":249.90883451659346,"Shape_Area":2097.9361515888959}},{"type":"Feature","id":18820,"geometry":{"type":"Polygon","coordinates":[[[-106.61184191150272,31.878599870605537],[-106.61153030513135,31.878599245800896],[-106.61093801746067,31.878598055962499],[-106.6109272641504,31.878599010604347],[-106.61091680824489,31.878601355504749],[-106.61090689497527,31.878605037291742],[-106.61089775781059,31.878609968836081],[-106.61088961131,31.878616033208367],[-106.61088264725964,31.878623089285576],[-106.61087702828169,31.878630971155353],[-106.61087288707726,31.878639492669009],[-106.61087616497016,31.878764075396052],[-106.61089345669737,31.879415709386663],[-106.61150724405698,31.879403949885628],[-106.61152822932284,31.879393796147681],[-106.61182554147838,31.87924993552571],[-106.61184041260965,31.879249650337261],[-106.61184191150272,31.878599870605537]]]},"properties":{"OBJECTID":18820,"Join_Count":2,"TARGET_FID":41135,"PlaceType":"Regional Corridor","SB840":"Y","TRACTCE":"010229","BLKGRPCE":"2","GEOID":"481410102292","INTPTLAT":"+31.8668944","INTPTLON":"-106.6100059","GrowthArea":"Y","LotArea":84439,"ZONELABEL":"R-3A","Shape_Length":1135.0654637888911,"Shape_Area":84438.923744710584}},{"type":"Feature","id":18821,"geometry":{"type":"Polygon","coordinates":[[[-106.55502213548208,31.812964257395187],[-106.55485294484659,31.813226757339795],[-106.55476627719776,31.813356043191551],[-106.55491737442556,31.813590637436544],[-106.55531007438091,31.813555890179334],[-106.55529371381449,31.81347322143251],[-106.55539545365225,31.813295021194325],[-106.55502213548208,31.812964257395187]]]},"properties":{"OBJECTID":18821,"Join_Count":2,"TARGET_FID":41136,"PlaceType":"Urban Center","SB840":"Y","TRACTCE":"001204","BLKGRPCE":"1","GEOID":"481410012041","INTPTLAT":"+31.8236933","INTPTLON":"-106.5623813","GrowthArea":"Y","LotArea":26838,"ZONELABEL":"C-4","Shape_Length":652.96332875158203,"Shape_Area":26837.763948548418}},{"type":"Feature","id":18825,"geometry":{"type":"Polygon","coordinates":[[[-106.56815419803453,31.877911380116434],[-106.56831749138816,31.878006848835618],[-106.5684928719119,31.878116344327722],[-106.56866419301312,31.878230422891143],[-106.56870540804458,31.878259663407874],[-106.56918472824925,31.877646894209203],[-106.56861493910668,31.877322366676694],[-106.56815419803453,31.877911380116434]]]},"properties":{"OBJECTID":18825,"Join_Count":1,"TARGET_FID":41141,"PlaceType":"Neighborhood Center","SB840":"Y","TRACTCE":"010225","BLKGRPCE":"3","GEOID":"481410102253","INTPTLAT":"+31.8744933","INTPTLON":"-106.5724766","GrowthArea":"Y","LotArea":55529,"ZONELABEL":"C-3","Shape_Length":951.30930109511746,"Shape_Area":55529.311279160727}},{"type":"Feature","id":18836,"geometry":{"type":"Polygon","coordinates":[[[-106.56870540804458,31.878259663407874],[-106.56883129288225,31.878348973962591],[-106.56899400947,31.878471883377262],[-106.56915218799266,31.878599034816496],[-106.56930567530007,31.878730304657264],[-106.56931366994048,31.878735880632302],[-106.56932253108323,31.878740403466104],[-106.56933207030023,31.87874377650018],[-106.56934208375992,31.878745926394945],[-106.56935235785879,31.878746808279843],[-106.56936267226882,31.8787464038009],[-106.5693673873751,31.878745796844782],[-106.5693767474357,31.878743725486416],[-106.56938568773572,31.878740583091915],[-106.5693940416989,31.878736428220368],[-106.56940165249377,31.878731338835792],[-106.57069475687808,31.877770787129645],[-106.57052450636,31.877603136352828],[-106.57047043777695,31.87754989457838],[-106.57034936678365,31.877430669401583],[-106.57032320857395,31.877404910235924],[-106.57021545979876,31.877298803538583],[-106.57009312727688,31.877185703942114],[-106.57002918674539,31.877121300802578],[-106.56990285542793,31.876994052408389],[-106.56988736320061,31.876978448050899],[-106.56975912887322,31.876615166148603],[-106.56973651120897,31.876620669828839],[-106.56957208203146,31.876663366447822],[-106.5694063091449,31.876706412626252],[-106.56924198693565,31.876749082012591],[-106.56908712603092,31.876789292909464],[-106.56892041287684,31.876832582186847],[-106.5687601086122,31.876882401141557],[-106.56875828698517,31.876882966186574],[-106.56875669365573,31.876883461588573],[-106.56873769385517,31.876889366334549],[-106.56859876884147,31.876932540447353],[-106.56844458448005,31.876980456370553],[-106.56829384646325,31.877036661596986],[-106.56813607765523,31.877095992506742],[-106.56803528847156,31.877179133029987],[-106.56793598299916,31.877261047165284],[-106.56793178526436,31.877268877948392],[-106.56789946164167,31.877329168790027],[-106.56786486733208,31.877393692601547],[-106.56779209265542,31.877529427961967],[-106.56770960781847,31.877678108423869],[-106.56786193024419,31.87775359171334],[-106.567955234336,31.877802018739747],[-106.5681382222721,31.877902039320695],[-106.56815419803453,31.877911380116434],[-106.56861493910668,31.877322366676694],[-106.56918472824925,31.877646894209203],[-106.56870540804458,31.878259663407874]]]},"properties":{"OBJECTID":18836,"Join_Count":4,"TARGET_FID":41165,"PlaceType":"Neighborhood Center","SB840":"Y","TRACTCE":"010225","BLKGRPCE":"3","GEOID":"481410102253","INTPTLAT":"+31.8744933","INTPTLON":"-106.5724766","GrowthArea":"Y","LotArea":336277,"ZONELABEL":"R-5","Shape_Length":3026.0175416710213,"Shape_Area":336277.46120030561}},{"type":"Feature","id":18837,"geometry":{"type":"Polygon","coordinates":[[[-106.57575814640343,31.883930058804538],[-106.57580245008319,31.883925035810343],[-106.57581306893086,31.88392377983779],[-106.5758235102454,31.883921708601701],[-106.57582556921447,31.883921193509536],[-106.57583166811462,31.883919444222439],[-106.57583167617729,31.883919486289148],[-106.57584860238788,31.88391297451907],[-106.57586413112472,31.883904290551499],[-106.57587788244849,31.883893644992316],[-106.57588951902262,31.883881300601089],[-106.57589875683244,31.883867558228051],[-106.57590536922851,31.883852753910809],[-106.57590919383892,31.88383725131672],[-106.57591013813055,31.883821429733842],[-106.57590817887531,31.883805675967253],[-106.57590159258993,31.883767800067854],[-106.5758940707088,31.883768726048999],[-106.57585421408088,31.883773632571248],[-106.57576766505744,31.883851344216744],[-106.5757679163018,31.883852828874275],[-106.57574815301338,31.883870966071257],[-106.57575463591914,31.883909298558649],[-106.57575814640343,31.883930058804538]]]},"properties":{"OBJECTID":18837,"Join_Count":1,"TARGET_FID":41166,"PlaceType":"Regional Corridor","SB840":"Y","TRACTCE":"010226","BLKGRPCE":"1","GEOID":"481410102261","INTPTLAT":"+31.8810271","INTPTLON":"-106.5662863","GrowthArea":"Y","LotArea":1888,"ZONELABEL":"C-4","Shape_Length":174.14141054492461,"Shape_Area":1887.8854289243079}},{"type":"Feature","id":18867,"geometry":{"type":"Polygon","coordinates":[[[-106.58487964161981,31.861709607991408],[-106.58445856507151,31.862145284955975],[-106.58435051749754,31.862282575617193],[-106.58467046406091,31.862830569839367],[-106.58536227644301,31.862536242160836],[-106.58487964161981,31.861709607991408]]]},"properties":{"OBJECTID":18867,"Join_Count":2,"TARGET_FID":41225,"PlaceType":"Neighborhood Center","SB840":"Y","TRACTCE":"010227","BLKGRPCE":"2","GEOID":"481410102272","INTPTLAT":"+31.8713773","INTPTLON":"-106.5843813","GrowthArea":"Y","LotArea":67653,"ZONELABEL":"C-3","Shape_Length":1064.3434787217111,"Shape_Area":67652.888481309681}},{"type":"Feature","id":18873,"geometry":{"type":"Polygon","coordinates":[[[-106.55593752152879,31.812948336035081],[-106.55587838273604,31.812989234179163],[-106.55590374805186,31.813015979538122],[-106.55628419690579,31.813417113883556],[-106.55638151566738,31.813389749159253],[-106.55647691321603,31.813357833389674],[-106.55657009971007,31.813321463540102],[-106.55666078935857,31.813280749932069],[-106.55674870481677,31.8132358187429],[-106.55626273756765,31.812723430036389],[-106.55593752152879,31.812948336035081]]]},"properties":{"OBJECTID":18873,"Join_Count":1,"TARGET_FID":41233,"PlaceType":"Urban Center","SB840":"Y","TRACTCE":"001204","BLKGRPCE":"1","GEOID":"481410012041","INTPTLAT":"+31.8236933","INTPTLON":"-106.5623813","GrowthArea":"Y","LotArea":34371,"ZONELABEL":"C-4","Shape_Length":752.93887133664555,"Shape_Area":34371.323757325146}},{"type":"Feature","id":18874,"geometry":{"type":"Polygon","coordinates":[[[-106.55502213548208,31.812964257395187],[-106.55539545365225,31.813295021194325],[-106.55529371381449,31.81347322143251],[-106.55531007438091,31.813555890179334],[-106.55564370648241,31.813526368675475],[-106.55575813512395,31.813513028986439],[-106.55588597205386,31.813493146974057],[-106.55602022403323,31.813473820719647],[-106.55615308963267,31.813448452662154],[-106.55628419690579,31.813417113883556],[-106.55612739621492,31.813251788746204],[-106.55590374805186,31.813015979538122],[-106.55587838273604,31.812989234179163],[-106.55593752152879,31.812948336035081],[-106.55626273756765,31.812723430036389],[-106.55593255939075,31.812384751697643],[-106.55560146435963,31.812065414931268],[-106.55530033872925,31.812532620431067],[-106.55502213548208,31.812964257395187]]]},"properties":{"OBJECTID":18874,"Join_Count":3,"TARGET_FID":41234,"PlaceType":"Urban Center","SB840":"Y","TRACTCE":"001204","BLKGRPCE":"1","GEOID":"481410012041","INTPTLAT":"+31.8236933","INTPTLON":"-106.5623813","GrowthArea":"Y","LotArea":118901,"ZONELABEL":"C-4","Shape_Length":1619.6860459827371,"Shape_Area":118900.90124114908}},{"type":"Feature","id":18887,"geometry":{"type":"Polygon","coordinates":[[[-106.58467046406091,31.862830569839367],[-106.58487467248951,31.863180327843313],[-106.58602561809049,31.862737787431243],[-106.58617062035566,31.862684740135638],[-106.58537465463731,31.86120180551881],[-106.58537043489434,31.861205080166272],[-106.58535431692175,31.861218468294805],[-106.58487964161981,31.861709607991408],[-106.58536227644301,31.862536242160836],[-106.58467046406091,31.862830569839367]]]},"properties":{"OBJECTID":18887,"Join_Count":2,"TARGET_FID":41251,"PlaceType":"Neighborhood Center","SB840":"Y","TRACTCE":"010227","BLKGRPCE":"2","GEOID":"481410102272","INTPTLAT":"+31.8713773","INTPTLON":"-106.5843813","GrowthArea":"Y","LotArea":148465,"ZONELABEL":"C-3","Shape_Length":1992.8146328651133,"Shape_Area":148464.70703932489}},{"type":"Feature","id":18905,"geometry":{"type":"Polygon","coordinates":[[[-106.5603167988114,31.904167083619512],[-106.55986689721428,31.905667043984252],[-106.5598459926732,31.905736736613981],[-106.56008303098069,31.905778840676348],[-106.56083210297051,31.905911890429916],[-106.56106525414684,31.905883095103082],[-106.56122324562445,31.905911156874652],[-106.56128569554375,31.905992446614935],[-106.56129622055364,31.905994316253818],[-106.56175037374285,31.90448010865919],[-106.56175041108442,31.904479984032591],[-106.5603167988114,31.904167083619512]]]},"properties":{"OBJECTID":18905,"Join_Count":2,"TARGET_FID":41271,"PlaceType":"Regional Corridor","SB840":"Y","TRACTCE":"010226","BLKGRPCE":"2","GEOID":"481410102262","INTPTLAT":"+31.8961515","INTPTLON":"-106.5703717","GrowthArea":"Y","LotArea":263496,"ZONELABEL":"C-4","Shape_Length":2091.7991111262322,"Shape_Area":263495.9428765683}},{"type":"Feature","id":18906,"geometry":{"type":"Polygon","coordinates":[[[-106.56129622055364,31.905994316253818],[-106.56147328339644,31.906025763596453],[-106.56147335307131,31.906025776523716],[-106.56147368136976,31.906024681451573],[-106.56196908908588,31.904372911826272],[-106.56227447454935,31.903354673539805],[-106.56229745169273,31.903278061730838],[-106.56212235652204,31.903239827665828],[-106.56206972478509,31.903415318441617],[-106.56175037374285,31.90448010865919],[-106.56129622055364,31.905994316253818]]]},"properties":{"OBJECTID":18906,"Join_Count":2,"TARGET_FID":41272,"PlaceType":"Regional Corridor","SB840":"Y","TRACTCE":"010226","BLKGRPCE":"2","GEOID":"481410102262","INTPTLAT":"+31.8961515","INTPTLON":"-106.5703717","GrowthArea":"Y","LotArea":57947,"ZONELABEL":"C-4","Shape_Length":2178.405502194908,"Shape_Area":57947.18948479979}},{"type":"Feature","id":18907,"geometry":{"type":"Polygon","coordinates":[[[-106.5603167988114,31.904167083619512],[-106.56175041108442,31.904479984032591],[-106.56206972478509,31.903415318441617],[-106.56039336066955,31.903911822471606],[-106.5603167988114,31.904167083619512]]]},"properties":{"OBJECTID":18907,"Join_Count":1,"TARGET_FID":41273,"PlaceType":"Regional Corridor","SB840":"Y","TRACTCE":"010226","BLKGRPCE":"2","GEOID":"481410102262","INTPTLAT":"+31.8961515","INTPTLON":"-106.5703717","GrowthArea":"Y","LotArea":113812,"ZONELABEL":"C-4","Shape_Length":1505.6016332254644,"Shape_Area":113811.50992340376}},{"type":"Feature","id":18909,"geometry":{"type":"Polygon","coordinates":[[[-106.57262166471995,31.839656838176854],[-106.5731801003443,31.839772035048433],[-106.57318415842965,31.83976594124108],[-106.57318717598027,31.839759423092065],[-106.57318909577261,31.839752607996274],[-106.57318987904773,31.839745630593018],[-106.57318951048913,31.839738628011023],[-106.57318904714509,31.839735878975297],[-106.57312468439648,31.83935414124036],[-106.57293939714404,31.839085144772117],[-106.57272829220395,31.839233041742883],[-106.57271419967442,31.839289387821282],[-106.57262166471995,31.839656838176854]]]},"properties":{"OBJECTID":18909,"Join_Count":2,"TARGET_FID":41283,"PlaceType":"Neighborhood Center","SB840":"Y","TRACTCE":"001204","BLKGRPCE":"1","GEOID":"481410012041","INTPTLAT":"+31.8236933","INTPTLON":"-106.5623813","GrowthArea":"Y","LotArea":28130,"ZONELABEL":"C-3","Shape_Length":688.49630697827433,"Shape_Area":28129.667343825196}},{"type":"Feature","id":18910,"geometry":{"type":"Polygon","coordinates":[[[-106.57262166471995,31.839656838176854],[-106.57261354323097,31.839689087728168],[-106.57311475041773,31.839792250271152],[-106.57312063709995,31.839793462114791],[-106.57313034259936,31.839794304832264],[-106.57314007743018,31.839793759616853],[-106.57314956951399,31.839791840413699],[-106.57315855793517,31.839788602183564],[-106.57316678930295,31.839784133850987],[-106.57317403791077,31.839778559144435],[-106.5731801003443,31.839772035048433],[-106.57262166471995,31.839656838176854]]]},"properties":{"OBJECTID":18910,"Join_Count":2,"TARGET_FID":41284,"PlaceType":"Neighborhood Center","SB840":"Y","TRACTCE":"001204","BLKGRPCE":"1","GEOID":"481410012041","INTPTLAT":"+31.8236933","INTPTLON":"-106.5623813","GrowthArea":"Y","LotArea":2075,"ZONELABEL":"C-3","Shape_Length":373.6123844488738,"Shape_Area":2074.5834642320897}},{"type":"Feature","id":18912,"geometry":{"type":"Polygon","coordinates":[[[-106.55120702745232,31.815896947617254],[-106.55184560603904,31.816515922252098],[-106.55190599840139,31.816470495082957],[-106.55196983827535,31.816532375514811],[-106.55231406879723,31.816273442791214],[-106.55148912621357,31.815473826624356],[-106.5518656542928,31.815210861335792],[-106.5518809074936,31.815203698468586],[-106.5518523207061,31.81517385542605],[-106.55184117974194,31.815181363759169],[-106.55184487285457,31.815198622281141],[-106.55155238154506,31.815395709707651],[-106.55108049801089,31.815713674019467],[-106.55120702745232,31.815896947617254]]]},"properties":{"OBJECTID":18912,"Join_Count":1,"TARGET_FID":41288,"PlaceType":"Urban Center","SB840":"Y","TRACTCE":"001204","BLKGRPCE":"1","GEOID":"481410012041","INTPTLAT":"+31.8236933","INTPTLON":"-106.5623813","GrowthArea":"Y","LotArea":67493,"ZONELABEL":"C-3","Shape_Length":1446.4239291629415,"Shape_Area":67493.146246278819}},{"type":"Feature","id":18935,"geometry":{"type":"Polygon","coordinates":[[[-106.5701939528895,31.883665161406931],[-106.57029664969201,31.883855258241017],[-106.57096604565129,31.883548888761979],[-106.57107635384025,31.883520538189902],[-106.57095028132784,31.883075428500621],[-106.57017187106919,31.883396874119992],[-106.57016269579753,31.883401713271422],[-106.57015446706184,31.883407665068969],[-106.57014736980526,31.883414596006848],[-106.57014330612635,31.883420491060818],[-106.57014189167059,31.883422548670556],[-106.57013898959983,31.883429060119834],[-106.57013805294456,31.883431171625336],[-106.57013651904182,31.883437786464441],[-106.57013595934913,31.883440221348824],[-106.57013574768814,31.883446820740776],[-106.57013567233278,31.883449441083364],[-106.57013674366358,31.883455895032327],[-106.57013719817337,31.883458572197021],[-106.57013725415774,31.88345882784736],[-106.5701939528895,31.883665161406931]]]},"properties":{"OBJECTID":18935,"Join_Count":3,"TARGET_FID":41318,"PlaceType":"Neighborhood Center","SB840":"Y","TRACTCE":"010226","BLKGRPCE":"1","GEOID":"481410102261","INTPTLAT":"+31.8810271","INTPTLON":"-106.5662863","GrowthArea":"Y","LotArea":45546,"ZONELABEL":"C-1","Shape_Length":886.74197029138941,"Shape_Area":45545.771833282226}},{"type":"Feature","id":18950,"geometry":{"type":"Polygon","coordinates":[[[-106.5607101819929,31.91288657468963],[-106.56414109988529,31.913032474799053],[-106.56414099097825,31.913062891269849],[-106.56510915410153,31.913102334982248],[-106.56636603172623,31.913153529556482],[-106.56661941380402,31.913163849501842],[-106.56675384651298,31.913157693827795],[-106.56816474622869,31.913092835054574],[-106.5704285627951,31.912988734612963],[-106.57043595353525,31.912988290457534],[-106.57043574793568,31.912969700677287],[-106.57043474621807,31.912879130566754],[-106.57041777264105,31.911345010324162],[-106.56825225697509,31.911352027731589],[-106.56825220751374,31.910644953738533],[-106.56559285392329,31.910663879889977],[-106.5655894025804,31.91161500969298],[-106.56079635596335,31.91165113843206],[-106.5607101819929,31.91288657468963]]]},"properties":{"OBJECTID":18950,"Join_Count":2,"TARGET_FID":41338,"PlaceType":"Regional Corridor","SB840":"Y","TRACTCE":"010220","BLKGRPCE":"1","GEOID":"481410102201","INTPTLAT":"+31.9487970","INTPTLON":"-106.5377893","GrowthArea":"Y","LotArea":1905967,"ZONELABEL":"C-4","Shape_Length":7669.0732023696974,"Shape_Area":1905966.5368079622}},{"type":"Feature","id":18951,"geometry":{"type":"Polygon","coordinates":[[[-106.57177412575702,31.911597317762531],[-106.57177406746433,31.911614001705807],[-106.5719130538009,31.911614109648625],[-106.57207887770809,31.911614237431959],[-106.57207936525292,31.911598091136092],[-106.57208172073962,31.911520164560205],[-106.57209163383307,31.911426440480458],[-106.57210857577077,31.911333452850386],[-106.57212771601871,31.911259884515836],[-106.57213247741625,31.911241583437448],[-106.57213401693441,31.91123706031906],[-106.57216323884417,31.91115121277306],[-106.57217145647046,31.911131816734994],[-106.57218820150578,31.911092293546488],[-106.57221258479095,31.91104680623901],[-106.57225686935854,31.910960616675982],[-106.57230754507361,31.910877027664331],[-106.57235739087834,31.910793202880519],[-106.57240006018618,31.910706544139266],[-106.57243533469099,31.910617499074604],[-106.57246303274975,31.91052652530604],[-106.57248301161151,31.910434092138274],[-106.57249516700202,31.910340674258162],[-106.57249943851977,31.910246753282557],[-106.57177891140822,31.910244927638324],[-106.57177412575702,31.911597317762531]]]},"properties":{"OBJECTID":18951,"Join_Count":4,"TARGET_FID":41339,"PlaceType":"Regional Corridor","SB840":"Y","TRACTCE":"010220","BLKGRPCE":"1","GEOID":"481410102201","INTPTLAT":"+31.9487970","INTPTLON":"-106.5377893","GrowthArea":"Y","LotArea":78331,"ZONELABEL":"R-3A","Shape_Length":1336.2420664697518,"Shape_Area":78331.161886379123}},{"type":"Feature","id":18952,"geometry":{"type":"Polygon","coordinates":[[[-106.57509990016221,31.915001233258518],[-106.57643183885573,31.91500221613434],[-106.57752307656813,31.915003010530523],[-106.57752544349249,31.915003012703348],[-106.57752536287066,31.914996484281129],[-106.57744540962854,31.908487602565049],[-106.57658270906511,31.908464018063135],[-106.57645912116914,31.908551853899922],[-106.57594506404358,31.908514921058174],[-106.57587286429852,31.908426303585156],[-106.57522262116217,31.908360629132133],[-106.57507527434832,31.908413028537492],[-106.57491554392226,31.908395011270112],[-106.57488027786978,31.908355759360365],[-106.5748771596773,31.909397149522984],[-106.57487463877271,31.91011506283607],[-106.5748694076602,31.911605136974412],[-106.57486926639801,31.911645945245688],[-106.57486824177944,31.911942509745813],[-106.57486648611928,31.912450796996506],[-106.57486559121456,31.91271010887484],[-106.57486491888604,31.912904937182279],[-106.5748640230962,31.913164171372095],[-106.57486238722983,31.913637773351137],[-106.57486179839889,31.913808139462233],[-106.57486132503008,31.913945330098993],[-106.57486085103086,31.914082543338832],[-106.5748603777779,31.91421973575995],[-106.57485990330164,31.914356941780074],[-106.57485909246958,31.914591559170951],[-106.57485785628388,31.914949655339612],[-106.57485771502142,31.91498982043953],[-106.5748576742526,31.915001053357599],[-106.57509990016221,31.915001233258518]]]},"properties":{"OBJECTID":18952,"Join_Count":4,"TARGET_FID":41340,"PlaceType":"Regional Corridor","SB840":"Y","TRACTCE":"010220","BLKGRPCE":"1","GEOID":"481410102201","INTPTLAT":"+31.9487970","INTPTLON":"-106.5377893","GrowthArea":"Y","LotArea":1933130,"ZONELABEL":"C-4","Shape_Length":6453.664387997359,"Shape_Area":1933129.7125908984}},{"type":"Feature","id":18953,"geometry":{"type":"Polygon","coordinates":[[[-106.58043247495576,31.917519417829592],[-106.58222378846449,31.917521360244248],[-106.58222651236599,31.915687795685962],[-106.58222701142856,31.915352093528533],[-106.58222701232179,31.915351962514521],[-106.58222554330116,31.91533767943648],[-106.58222119064888,31.915323829129225],[-106.58221408495918,31.915310834372246],[-106.58220444495157,31.915299089330272],[-106.58219256080547,31.91528894770709],[-106.58217879497823,31.915280719093559],[-106.58216356418734,31.915274652670089],[-106.5821473286164,31.915270934111312],[-106.58213058369516,31.915269673335182],[-106.58044512151372,31.91526850099623],[-106.58043395193199,31.915269326527977],[-106.58042312031915,31.915271793314496],[-106.58041295422611,31.91527582603517],[-106.58040376439467,31.915281303206523],[-106.58039582892344,31.915288057941613],[-106.58038938846407,31.915295885406103],[-106.58038463801401,31.915304546824775],[-106.58038172340571,31.915313780489068],[-106.58038073204357,31.915323305813974],[-106.58037884468047,31.916548204865983],[-106.58038197705758,31.916633263494337],[-106.5803916250933,31.916717964534719],[-106.58044924008379,31.917095090008459],[-106.58045891463745,31.917179966796979],[-106.58046207562944,31.917265201068989],[-106.58045870862675,31.917350429507138],[-106.58044882781739,31.91743528922747],[-106.58043247495576,31.917519417829592]]]},"properties":{"OBJECTID":18953,"Join_Count":2,"TARGET_FID":41343,"PlaceType":"Regional Corridor","SB840":"Y","TRACTCE":"010220","BLKGRPCE":"1","GEOID":"481410102201","INTPTLAT":"+31.9487970","INTPTLON":"-106.5377893","GrowthArea":"Y","LotArea":463413,"ZONELABEL":"C-3","Shape_Length":2747.3401388860534,"Shape_Area":463413.39244130306}},{"type":"Feature","id":18954,"geometry":{"type":"Polygon","coordinates":[[[-106.58043247495576,31.917519417829592],[-106.58042028946524,31.917566885196845],[-106.58040604204027,31.917613933868431],[-106.58038850677093,31.917663815605806],[-106.58036998713777,31.917709945477775],[-106.58034946211964,31.917755454322201],[-106.58033524287391,31.91778530559775],[-106.58031315480169,31.917834687536075],[-106.58029357071018,31.917884832783447],[-106.58027068035825,31.917955318719603],[-106.58025271766407,31.918026835634045],[-106.58023974555235,31.918099133022483],[-106.5801649177297,31.918619792937214],[-106.58014701941546,31.918767005163883],[-106.58013557895234,31.91891468453796],[-106.58013061456937,31.91906262515133],[-106.58013212860152,31.919210620953848],[-106.58014012332436,31.919358464994019],[-106.58015458523755,31.919505951979151],[-106.58017549538403,31.919652874167461],[-106.58017742831629,31.919661891638832],[-106.58018109595531,31.919670507994471],[-106.58018639248611,31.919678483527615],[-106.58019317199046,31.919685596712981],[-106.5802012465131,31.919691647008808],[-106.58021038794855,31.919696467412102],[-106.58022034270184,31.919699921949235],[-106.58023083339705,31.919701915529618],[-106.58024156614835,31.919702391790683],[-106.58024998721049,31.919702163257227],[-106.58028115051602,31.919701322117756],[-106.58154231111867,31.919667262437457],[-106.58189564022793,31.919657717717541],[-106.582045832557,31.919653660484496],[-106.58206232227465,31.919652147026536],[-106.5820782639472,31.919648248179637],[-106.58209318652116,31.919642079570679],[-106.58210665189893,31.919633822989766],[-106.58211826103555,31.919623722484772],[-106.58212767135095,31.919612075396746],[-106.58213460699005,31.919599227351796],[-106.58213885986541,31.919585555952473],[-106.58214030619176,31.919571464564939],[-106.58214109435805,31.919043262457247],[-106.58214183263088,31.918548742038173],[-106.58222307586142,31.918000056568186],[-106.58222357488779,31.917665092706613],[-106.58222365453975,31.917611351010994],[-106.58222378846449,31.917521360244248],[-106.58043247495576,31.917519417829592]]]},"properties":{"OBJECTID":18954,"Join_Count":2,"TARGET_FID":41344,"PlaceType":"Regional Corridor","SB840":"Y","TRACTCE":"010220","BLKGRPCE":"1","GEOID":"481410102201","INTPTLAT":"+31.9487970","INTPTLON":"-106.5377893","GrowthArea":"Y","LotArea":477388,"ZONELABEL":"C-3","Shape_Length":2727.2185356450136,"Shape_Area":477387.64088715776}},{"type":"Feature","id":18955,"geometry":{"type":"Polygon","coordinates":[[[-106.57753191391159,31.915057893720675],[-106.58209879405274,31.915061122101175],[-106.58210885884603,31.915060453288234],[-106.58211867895918,31.915058450368342],[-106.58212800869367,31.915055161256088],[-106.58213662155629,31.915050668171869],[-106.58214430345042,31.915045080742107],[-106.58215086757336,31.915038537091494],[-106.58215614878242,31.915031198693477],[-106.5821600201879,31.915023245058329],[-106.582162384708,31.915014874138016],[-106.58216303097626,31.915007939603264],[-106.58216318479431,31.915006289214375],[-106.5816907293547,31.915005962442226],[-106.58168164193256,31.915005955686397],[-106.58153774111832,31.915005856055828],[-106.58143125627403,31.915005781907869],[-106.5812270372501,31.915005640030582],[-106.58116667458485,31.915005598357613],[-106.58029329277194,31.915004988130342],[-106.57962577671252,31.915004517295671],[-106.57927194666088,31.915004266025228],[-106.57898494564945,31.915004061746636],[-106.57753196804573,31.915003017031708],[-106.57753191391159,31.915057893720675]]]},"properties":{"OBJECTID":18955,"Join_Count":4,"TARGET_FID":41346,"PlaceType":"Regional Corridor","SB840":"Y","TRACTCE":"010220","BLKGRPCE":"1","GEOID":"481410102201","INTPTLAT":"+31.9487970","INTPTLON":"-106.5377893","GrowthArea":"Y","LotArea":28604,"ZONELABEL":"C-4","Shape_Length":2905.5034639129308,"Shape_Area":28603.501722317549}},{"type":"Feature","id":18956,"geometry":{"type":"Polygon","coordinates":[[[-106.57509990016221,31.915001233258518],[-106.57509960592519,31.915286911669643],[-106.57510062641985,31.915297889609295],[-106.57510369559445,31.915308587845004],[-106.57510873260823,31.915318727533485],[-106.57511560813198,31.915328049316386],[-106.57512414323311,31.915336312469979],[-106.57513412052496,31.915343303403887],[-106.57514528029996,31.915348841265619],[-106.57515733578279,31.915352784435861],[-106.57516997629756,31.915355030376883],[-106.57530190736648,31.915366124070456],[-106.57543434859375,31.915371118856854],[-106.57556691438656,31.915369997078418],[-106.57569921330436,31.915362764843763],[-106.57583086118936,31.915349442365788],[-106.57596147084791,31.915330068069423],[-106.57609066378133,31.915304699836039],[-106.57621805716271,31.915273410207583],[-106.5765229101215,31.915190857798862],[-106.57666340913418,31.915155696128977],[-106.57680558471122,31.915125844535641],[-106.57694916432085,31.915101361237799],[-106.57709386932397,31.915082292102873],[-106.5772394163852,31.915068675998452],[-106.57738552550278,31.91506053808493],[-106.57753191391159,31.915057893720675],[-106.57753196804573,31.915003017031708],[-106.57752544349249,31.915003012703348],[-106.57752307656813,31.915003010530523],[-106.57643183885573,31.91500221613434],[-106.57509990016221,31.915001233258518]]]},"properties":{"OBJECTID":18956,"Join_Count":3,"TARGET_FID":41347,"PlaceType":"Regional Corridor","SB840":"Y","TRACTCE":"010220","BLKGRPCE":"1","GEOID":"481410102201","INTPTLAT":"+31.9487970","INTPTLON":"-106.5377893","GrowthArea":"Y","LotArea":62709,"ZONELABEL":"C-4","Shape_Length":1661.0267334529412,"Shape_Area":62708.831384255951}},{"type":"Feature","id":18964,"geometry":{"type":"Polygon","coordinates":[[[-106.57515811305976,31.836096835659184],[-106.57539671655337,31.83639570660074],[-106.57540469669253,31.836405211192787],[-106.57604234271383,31.83603249359151],[-106.57630685430941,31.836361998040495],[-106.57658637996867,31.836713931072811],[-106.57661957180423,31.836694278085933],[-106.57698414222321,31.836482495080897],[-106.57698549254371,31.836481710400069],[-106.57698326927262,31.836478925649558],[-106.57616581015967,31.835455012698201],[-106.57615632072242,31.835460534291379],[-106.5760499158479,31.835522444497382],[-106.57598082863466,31.835584523229549],[-106.5759204801748,31.83561962376951],[-106.57593268597874,31.835634912599396],[-106.57593369903242,31.835645162278748],[-106.57572838812519,31.835764576795331],[-106.57570710779592,31.835776954219359],[-106.57560625384997,31.835835613396501],[-106.57560806661741,31.835837884921002],[-106.57554658871365,31.835873641918198],[-106.57551465587362,31.835892214467435],[-106.57544812939649,31.835930907990434],[-106.57544662913025,31.835929027952847],[-106.57541236965969,31.835948953148169],[-106.57515811305976,31.836096835659184]]]},"properties":{"OBJECTID":18964,"Join_Count":1,"TARGET_FID":41367,"PlaceType":"Neighborhood Center","SB840":"Y","TRACTCE":"001204","BLKGRPCE":"1","GEOID":"481410012041","INTPTLAT":"+31.8236933","INTPTLON":"-106.5623813","GrowthArea":"Y","LotArea":99116,"ZONELABEL":"C-3","Shape_Length":1679.094110223195,"Shape_Area":99115.798724591572}},{"type":"Feature","id":18965,"geometry":{"type":"Polygon","coordinates":[[[-106.57514140604154,31.836042852153653],[-106.57512341237086,31.836053370100799],[-106.57512885276081,31.836060184592583],[-106.57581100559595,31.835661452085223],[-106.5760499158479,31.835522444497382],[-106.57615632072242,31.835460534291379],[-106.57615581560665,31.835459900930672],[-106.57615037517739,31.835453086480065],[-106.57514140604154,31.836042852153653]]]},"properties":{"OBJECTID":18965,"Join_Count":1,"TARGET_FID":41368,"PlaceType":"Neighborhood Center","SB840":"Y","TRACTCE":"001204","BLKGRPCE":"1","GEOID":"481410012041","INTPTLAT":"+31.8236933","INTPTLON":"-106.5623813","GrowthArea":"Y","LotArea":1178,"ZONELABEL":"C-3","Shape_Length":779.3473215874003,"Shape_Area":1177.7118320919176}},{"type":"Feature","id":18966,"geometry":{"type":"Polygon","coordinates":[[[-106.5760499158479,31.835522444497382],[-106.57581100559595,31.835661452085223],[-106.57512885276081,31.836060184592583],[-106.57515811305976,31.836096835659184],[-106.57541236965969,31.835948953148169],[-106.57544662913025,31.835929027952847],[-106.57544812939649,31.835930907990434],[-106.57551465587362,31.835892214467435],[-106.57554658871365,31.835873641918198],[-106.57560806661741,31.835837884921002],[-106.57560625384997,31.835835613396501],[-106.57570710779592,31.835776954219359],[-106.57572838812519,31.835764576795331],[-106.57593369903242,31.835645162278748],[-106.57593268597874,31.835634912599396],[-106.5759204801748,31.83561962376951],[-106.57598082863466,31.835584523229549],[-106.5760499158479,31.835522444497382]]]},"properties":{"OBJECTID":18966,"Join_Count":1,"TARGET_FID":41369,"PlaceType":"Neighborhood Center","SB840":"Y","TRACTCE":"001204","BLKGRPCE":"1","GEOID":"481410012041","INTPTLAT":"+31.8236933","INTPTLON":"-106.5623813","GrowthArea":"Y","LotArea":5107,"ZONELABEL":"C-3","Shape_Length":720.38396573159127,"Shape_Area":5106.9687542117081}},{"type":"Feature","id":18970,"geometry":{"type":"Polygon","coordinates":[[[-106.55108049801089,31.815713674019467],[-106.55104360050773,31.815738535365739],[-106.55120702745232,31.815896947617254],[-106.55108049801089,31.815713674019467]]]},"properties":{"OBJECTID":18970,"Join_Count":1,"TARGET_FID":41377,"PlaceType":"Urban Center","SB840":"Y","TRACTCE":"001204","BLKGRPCE":"1","GEOID":"481410012041","INTPTLAT":"+31.8236933","INTPTLON":"-106.5623813","GrowthArea":"Y","LotArea":560,"ZONELABEL":"C-3","Shape_Length":168.79366065401172,"Shape_Area":559.81336060598892}},{"type":"Feature","id":18981,"geometry":{"type":"Polygon","coordinates":[[[-106.57100754786642,31.839298031250998],[-106.57110145409386,31.839362488229298],[-106.57161496165578,31.839458849741924],[-106.57161934412883,31.839454565957514],[-106.57162248728552,31.839450696550927],[-106.57162515571582,31.8394465752991],[-106.57162626039297,31.839443357288616],[-106.57163037896433,31.83943111837231],[-106.57163331155299,31.839422405766104],[-106.57164242190565,31.839394472613936],[-106.57165072643596,31.839368107320531],[-106.57165691309835,31.839347847582015],[-106.57166278610629,31.839328079802755],[-106.5716676264673,31.839311370315851],[-106.57167391901,31.83928903610115],[-106.57168212277143,31.839258773489604],[-106.57168621544076,31.839239495694368],[-106.57169471342755,31.839216201288242],[-106.57169866098778,31.839193124049793],[-106.57170458504127,31.839167793265876],[-106.57171024202633,31.839142520443751],[-106.57171515033292,31.839117785720614],[-106.57174629659518,31.838992390981797],[-106.57082849240921,31.838802415530498],[-106.57100754786642,31.839298031250998]]]},"properties":{"OBJECTID":18981,"Join_Count":1,"TARGET_FID":41398,"PlaceType":"Neighborhood Center","SB840":"Y","TRACTCE":"001204","BLKGRPCE":"1","GEOID":"481410012041","INTPTLAT":"+31.8236933","INTPTLON":"-106.5623813","GrowthArea":"Y","LotArea":42711,"ZONELABEL":"C-3","Shape_Length":857.74540975001628,"Shape_Area":42710.540090204675}},{"type":"Feature","id":18982,"geometry":{"type":"Polygon","coordinates":[[[-106.57100754786642,31.839298031250998],[-106.57101192511178,31.839310145766859],[-106.57103274082442,31.839367761739826],[-106.57132078991128,31.839426001037719],[-106.57155500530088,31.839469062994596],[-106.57157470226618,31.839472685121613],[-106.57158360501498,31.83947226299771],[-106.57159230932245,31.839470609284792],[-106.57160058098712,31.839467766820992],[-106.5716081996012,31.839463811204553],[-106.57161496165578,31.839458849741924],[-106.57110145409386,31.839362488229298],[-106.57100754786642,31.839298031250998]]]},"properties":{"OBJECTID":18982,"Join_Count":1,"TARGET_FID":41399,"PlaceType":"Neighborhood Center","SB840":"Y","TRACTCE":"001204","BLKGRPCE":"1","GEOID":"481410012041","INTPTLAT":"+31.8236933","INTPTLON":"-106.5623813","GrowthArea":"Y","LotArea":1555,"ZONELABEL":"C-3","Shape_Length":413.68062089301247,"Shape_Area":1555.1564458849377}},{"type":"Feature","id":18984,"geometry":{"type":"Polygon","coordinates":[[[-106.58944596556196,31.859728178533238],[-106.59097348588402,31.859730933940142],[-106.59097356784653,31.859709735555658],[-106.5909737189709,31.85967003206423],[-106.59097382148454,31.859643370587243],[-106.59097383282771,31.859640222128519],[-106.59097387211618,31.859629829867188],[-106.5909739141529,31.85961896596422],[-106.59097407409598,31.859577038184224],[-106.59097407476574,31.859577000214475],[-106.59097407438055,31.859576962295456],[-106.59097408901246,31.859573157900837],[-106.59097413599967,31.859560732900292],[-106.59097432681619,31.859511028243315],[-106.59097456931292,31.859434645580336],[-106.59097456992333,31.859434606710192],[-106.59097464748629,31.85940305971106],[-106.59097469790238,31.859382842893378],[-106.59097477137138,31.859353030378738],[-106.59097477941627,31.859349864012625],[-106.59097493509088,31.859286794373915],[-106.59097493737545,31.859285930733019],[-106.59097494293353,31.859283929711346],[-106.59097494360334,31.859283891741587],[-106.59097494381221,31.859283862826757],[-106.59097505738386,31.859237815624674],[-106.59097512580242,31.859209915584582],[-106.59097540432892,31.859142997504854],[-106.59117318296539,31.85914009570644],[-106.59137115407532,31.85913719158237],[-106.59137119955916,31.859137191202752],[-106.59136285791136,31.858968684143679],[-106.5913490586144,31.858942578827982],[-106.59134071725433,31.85891483820091],[-106.59133808190782,31.858886286772716],[-106.59134123086982,31.858857774375615],[-106.59135007069391,31.858830146449947],[-106.59136434022015,31.858804224881705],[-106.5913836119587,31.858780780838234],[-106.59140731686068,31.858760509189079],[-106.59143474758821,31.858744013896992],[-106.59146509084803,31.858731784785455],[-106.59149744349904,31.858724185022226],[-106.59153986611628,31.858722725853358],[-106.59158204216139,31.85872688063823],[-106.59162295965115,31.858736549882586],[-106.5916616337372,31.858751500007649],[-106.59165463450363,31.858463341902389],[-106.59160457739657,31.858464211508583],[-106.59142989356936,31.85846724869177],[-106.59140836302764,31.858467622360397],[-106.59116699451145,31.85847181754767],[-106.59096095422029,31.858475400100851],[-106.59092053754509,31.858475307501525],[-106.5906791299917,31.858474756044188],[-106.59055790435157,31.858474478581243],[-106.59043713607352,31.858474203414268],[-106.59019601004523,31.858473651082146],[-106.58995371761453,31.858473096544465],[-106.58971170776111,31.858472541527288],[-106.58947011816883,31.858471987545887],[-106.58923208307051,31.858471442081491],[-106.58899059822524,31.858470886695017],[-106.58872542948006,31.858470276417759],[-106.58872792827606,31.85917428942571],[-106.58910096898983,31.859178849937791],[-106.58944626994827,31.859177079789895],[-106.58944596556196,31.859728178533238]]]},"properties":{"OBJECTID":18984,"Join_Count":4,"TARGET_FID":41404,"PlaceType":"Neighborhood Center","SB840":"Y","TRACTCE":" ","BLKGRPCE":" ","GEOID":" ","INTPTLAT":" ","INTPTLON":" ","GrowthArea":"Y","LotArea":312451,"ZONELABEL":"R-2A","Shape_Length":2733.7939214465528,"Shape_Area":312450.60816038708}},{"type":"Feature","id":19021,"geometry":{"type":"Polygon","coordinates":[[[-106.57818978871467,31.906469863087196],[-106.58084291463376,31.906620369793359],[-106.58110940906819,31.903871810749845],[-106.58118779243227,31.902992246540535],[-106.57906504530197,31.903156027961273],[-106.57887978933672,31.903170785857903],[-106.57869411976564,31.903181098540195],[-106.57850818420624,31.903186956220562],[-106.57818978871467,31.906469863087196]]]},"properties":{"OBJECTID":19021,"Join_Count":2,"TARGET_FID":41452,"PlaceType":"Regional Corridor","SB840":"Y","TRACTCE":"010226","BLKGRPCE":"2","GEOID":"481410102262","INTPTLAT":"+31.8961515","INTPTLON":"-106.5703717","GrowthArea":"Y","LotArea":1038839,"ZONELABEL":"C-4","Shape_Length":4182.5037562870575,"Shape_Area":1038838.78687561}},{"type":"Feature","id":19022,"geometry":{"type":"Polygon","coordinates":[[[-106.58434563479577,31.914876085665057],[-106.5883620724254,31.914888016072698],[-106.58837312706521,31.912676806167983],[-106.58712772859238,31.912672969542069],[-106.58709173795718,31.912837877960055],[-106.58705241945476,31.913002232527425],[-106.58703724320463,31.913084883334459],[-106.58702683896129,31.913168070122492],[-106.58702196475616,31.914152175397138],[-106.58412416845046,31.914142367079709],[-106.58412315290403,31.914343681774113],[-106.58412618681211,31.914399787055999],[-106.58413685218862,31.914455210947981],[-106.58415500298766,31.914509199918985],[-106.58418039500245,31.914561021404872],[-106.58421268106129,31.914609971265314],[-106.58425142558139,31.914655385731084],[-106.58429609964647,31.914696647059984],[-106.58434609767232,31.914733195383363],[-106.58434563479577,31.914876085665057]]]},"properties":{"OBJECTID":19022,"Join_Count":3,"TARGET_FID":41453,"PlaceType":"Regional Corridor","SB840":"Y","TRACTCE":" ","BLKGRPCE":" ","GEOID":" ","INTPTLAT":" ","INTPTLON":" ","GrowthArea":"Y","LotArea":565931,"ZONELABEL":"C-4","Shape_Length":4166.0740520366526,"Shape_Area":565931.16942654399}},{"type":"Feature","id":19026,"geometry":{"type":"Polygon","coordinates":[[[-106.59785730077238,31.897160783240416],[-106.59720072242126,31.897163608309576],[-106.59721237317608,31.897872120629973],[-106.59883352326341,31.897872068582053],[-106.59877975572768,31.89737586702768],[-106.59849495866092,31.897382310773949],[-106.59846860194594,31.897156741800348],[-106.59843643275137,31.897158289099394],[-106.59813731246837,31.89715957780745],[-106.59789552045879,31.897213337830621],[-106.59785730077238,31.897160783240416]]]},"properties":{"OBJECTID":19026,"Join_Count":2,"TARGET_FID":41458,"PlaceType":"Regional Corridor","SB840":"Y","TRACTCE":"010228","BLKGRPCE":"2","GEOID":"481410102282","INTPTLAT":"+31.9024075","INTPTLON":"-106.5957772","GrowthArea":"Y","LotArea":119670,"ZONELABEL":"C-3","Shape_Length":1519.7632039194414,"Shape_Area":119669.56912522757}},{"type":"Feature","id":19027,"geometry":{"type":"Polygon","coordinates":[[[-106.59785730077238,31.897160783240416],[-106.59789552045879,31.897213337830621],[-106.59813731246837,31.89715957780745],[-106.59785730077238,31.897160783240416]]]},"properties":{"OBJECTID":19027,"Join_Count":1,"TARGET_FID":41459,"PlaceType":"Regional Corridor","SB840":" ","TRACTCE":"010228","BLKGRPCE":"2","GEOID":"481410102282","INTPTLAT":"+31.9024075","INTPTLON":"-106.5957772","GrowthArea":"Y","LotArea":833,"ZONELABEL":"R-4","Shape_Length":186.95626745549347,"Shape_Area":833.3787615641387}},{"type":"Feature","id":19037,"geometry":{"type":"Polygon","coordinates":[[[-106.56895819324554,31.889687474234897],[-106.56890911307089,31.889691965591798],[-106.5688616302121,31.889703471901502],[-106.56881710964295,31.889721660454352],[-106.56877683289926,31.889746008337706],[-106.56874196079805,31.889775815059064],[-106.56871349662948,31.889810222373008],[-106.56869225926155,31.889848239955576],[-106.56868192362583,31.889876784388594],[-106.56867568179983,31.889906180609067],[-106.56867086877942,31.88994052870861],[-106.56866582372058,31.88999127744637],[-106.56866487145331,31.890042202387345],[-106.56866990986148,31.890109460392846],[-106.56868208228583,31.890176051695938],[-106.56870128894167,31.890241424668474],[-106.56872737053877,31.890305040465712],[-106.56970182537937,31.890220510818821],[-106.56976514096945,31.889769729959699],[-106.56895819324554,31.889687474234897]]]},"properties":{"OBJECTID":19037,"Join_Count":1,"TARGET_FID":41474,"PlaceType":"Neighborhood Center","SB840":"Y","TRACTCE":"010226","BLKGRPCE":"2","GEOID":"481410102262","INTPTLAT":"+31.8961515","INTPTLON":"-106.5703717","GrowthArea":"Y","LotArea":63413,"ZONELABEL":"C-1","Shape_Length":998.12830994585704,"Shape_Area":63413.283717518927}},{"type":"Feature","id":19038,"geometry":{"type":"Polygon","coordinates":[[[-106.57026857405764,31.89183937018387],[-106.57026724100984,31.891836278049581],[-106.57026873354297,31.891839283963925],[-106.56977254098929,31.890525922875238],[-106.56960378714942,31.890500066835113],[-106.56960342849139,31.890607280323863],[-106.56961086533914,31.890714306627238],[-106.56962606848239,31.890820733453534],[-106.56964898027459,31.890926150774835],[-106.56967951152548,31.891030151878613],[-106.56971754496311,31.891132337718474],[-106.56976293499611,31.891232313312454],[-106.56981550713203,31.891329694997172],[-106.56987505668455,31.891424106876823],[-106.56994135645688,31.89151518497146],[-106.5700141505277,31.891602579321553],[-106.57009315735797,31.891685952935827],[-106.57017807418968,31.891764984290855],[-106.57026857405764,31.89183937018387]]]},"properties":{"OBJECTID":19038,"Join_Count":1,"TARGET_FID":41475,"PlaceType":"Neighborhood Center","SB840":"Y","TRACTCE":"010226","BLKGRPCE":"2","GEOID":"481410102262","INTPTLAT":"+31.8961515","INTPTLON":"-106.5703717","GrowthArea":"Y","LotArea":32492,"ZONELABEL":"C-1","Shape_Length":1103.6622142415665,"Shape_Area":32491.808355764599}},{"type":"Feature","id":19090,"geometry":{"type":"Polygon","coordinates":[[[-106.57635576496509,31.854066678665504],[-106.57645631628239,31.854719623981044],[-106.57799176194285,31.854263098933476],[-106.5779948230474,31.852944813562875],[-106.5779909115933,31.851651720857564],[-106.57598282425879,31.852207256709772],[-106.57554943995601,31.852341640019937],[-106.57573103423724,31.853572755180885],[-106.57626392634403,31.853470306338519],[-106.57635576496509,31.854066678665504]]]},"properties":{"OBJECTID":19090,"Join_Count":2,"TARGET_FID":41548,"PlaceType":"Regional Corridor","SB840":"Y","TRACTCE":" ","BLKGRPCE":" ","GEOID":" ","INTPTLAT":" ","INTPTLON":" ","GrowthArea":"Y","LotArea":591841,"ZONELABEL":"R-3","Shape_Length":3332.9075882084717,"Shape_Area":591841.47797691904}},{"type":"Feature","id":19101,"geometry":{"type":"Polygon","coordinates":[[[-106.55631960321567,31.818266289678999],[-106.55634097894297,31.817415490095609],[-106.55634284759317,31.817108673828059],[-106.5563310461623,31.816834239626683],[-106.55628334617285,31.816871207147038],[-106.55621195135464,31.817042155015255],[-106.5561331015262,31.817259171318128],[-106.55612123088795,31.817294926891059],[-106.55608777626301,31.818996625725894],[-106.55605965051825,31.820427189390863],[-106.556283611553,31.820353298792178],[-106.55628191312167,31.819896374858928],[-106.55628966452906,31.819502031278326],[-106.55629305380644,31.819436379129211],[-106.55631533237424,31.818665487444317],[-106.55631957353567,31.818267466258511],[-106.55631960321567,31.818266289678999]]]},"properties":{"OBJECTID":19101,"Join_Count":6,"TARGET_FID":41566,"PlaceType":"Urban Center","SB840":"Y","TRACTCE":"001204","BLKGRPCE":"1","GEOID":"481410012041","INTPTLAT":"+31.8236933","INTPTLON":"-106.5623813","GrowthArea":"Y","LotArea":82982,"ZONELABEL":"R-4","Shape_Length":2676.8758192463629,"Shape_Area":82981.657281960259}},{"type":"Feature","id":19114,"geometry":{"type":"Polygon","coordinates":[[[-106.58405960513389,31.928890078984391],[-106.58417690795451,31.928913874062978],[-106.58429577591477,31.92893111317029],[-106.58441570753402,31.928941724615008],[-106.58453619454754,31.928945662324125],[-106.58465672642674,31.928942910141817],[-106.58477679336887,31.928933478976788],[-106.58489588753181,31.928917409452584],[-106.58501350397128,31.928894770056168],[-106.5850129145079,31.928706288291227],[-106.58501289872184,31.928701425071409],[-106.58501239582681,31.92854069858452],[-106.58501236670624,31.928531314356537],[-106.5833922246248,31.928521758052373],[-106.58338981088239,31.928672925272739],[-106.58332535656794,31.928672177198397],[-106.58332451638255,31.928724799893089],[-106.58405960513389,31.928890078984391]]]},"properties":{"OBJECTID":19114,"Join_Count":1,"TARGET_FID":41586,"PlaceType":"Regional Corridor","SB840":"Y","TRACTCE":" ","BLKGRPCE":" ","GEOID":" ","INTPTLAT":" ","INTPTLON":" ","GrowthArea":"Y","LotArea":65354,"ZONELABEL":"C-3","Shape_Length":1264.1870616513652,"Shape_Area":65353.725053340073}},{"type":"Feature","id":19116,"geometry":{"type":"Polygon","coordinates":[[[-106.58466940660981,31.929193423846481],[-106.58475641311691,31.929190653247371],[-106.58484309000819,31.929183640505805],[-106.58492915485684,31.929172407301305],[-106.58501432419381,31.929156991622467],[-106.58501428399047,31.929143971462921],[-106.58501365775355,31.928943934457429],[-106.58501350397128,31.928894770056168],[-106.58489588753181,31.928917409452584],[-106.58477679336887,31.928933478976788],[-106.58465672642674,31.928942910141817],[-106.58453619454754,31.928945662324125],[-106.58441570753402,31.928941724615008],[-106.58429577591477,31.92893111317029],[-106.58417690795451,31.928913874062978],[-106.58405960513389,31.928890078984391],[-106.58332451638255,31.928724799893089],[-106.58332065920952,31.928966290343638],[-106.58425972562256,31.929164714650739],[-106.58436131465606,31.929178956482254],[-106.58446365750382,31.929188504940612],[-106.58456645362841,31.929193331989147],[-106.58466940660981,31.929193423846481]]]},"properties":{"OBJECTID":19116,"Join_Count":2,"TARGET_FID":41589,"PlaceType":"Regional Corridor","SB840":"Y","TRACTCE":" ","BLKGRPCE":" ","GEOID":" ","INTPTLAT":" ","INTPTLON":" ","GrowthArea":"Y","LotArea":46378,"ZONELABEL":"C-3","Shape_Length":1254.3804755605638,"Shape_Area":46378.276072580738}},{"type":"Feature","id":19119,"geometry":{"type":"Polygon","coordinates":[[[-106.57144348585535,31.840643684801517],[-106.57164936529388,31.841220650111357],[-106.57232671152013,31.84048637300641],[-106.57267531259099,31.840108467365049],[-106.57236899741629,31.840058452725373],[-106.57179398357076,31.840322346877684],[-106.57144348585535,31.840643684801517]]]},"properties":{"OBJECTID":19119,"Join_Count":1,"TARGET_FID":41598,"PlaceType":"Neighborhood Center","SB840":"Y","TRACTCE":"001204","BLKGRPCE":"2","GEOID":"481410012042","INTPTLAT":"+31.8458468","INTPTLON":"-106.5767853","GrowthArea":"Y","LotArea":64324,"ZONELABEL":"C-3","Shape_Length":1193.7177182030207,"Shape_Area":64324.361012217087}},{"type":"Feature","id":19127,"geometry":{"type":"Polygon","coordinates":[[[-106.59379281997812,31.870176907502145],[-106.59380899115293,31.870179935523591],[-106.59385682566216,31.870196114005005],[-106.59390099254142,31.870218640861939],[-106.59394034493701,31.870246930816855],[-106.59439435801542,31.870132680820117],[-106.59439435464101,31.870132517489964],[-106.59547293419951,31.869861091625843],[-106.59524349427362,31.869256284386097],[-106.59482406802711,31.868150653218372],[-106.59481781472218,31.868152448833406],[-106.59445113533268,31.868256832680807],[-106.59435326478287,31.868284424811979],[-106.59414184425289,31.86834402730452],[-106.59394941361708,31.868397864940956],[-106.59454373262403,31.869955679645049],[-106.59381656431938,31.870154007011799],[-106.59379281997812,31.870176907502145]]]},"properties":{"OBJECTID":19127,"Join_Count":2,"TARGET_FID":41608,"PlaceType":"Innovation, Light Manufacturing and Logistics","SB840":"Y","TRACTCE":"010230","BLKGRPCE":"1","GEOID":"481410102301","INTPTLAT":"+31.8696112","INTPTLON":"-106.5967949","GrowthArea":"Y","LotArea":195832,"ZONELABEL":"P-R 2","Shape_Length":2333.3852304195539,"Shape_Area":195832.22977247671}},{"type":"Feature","id":19128,"geometry":{"type":"Polygon","coordinates":[[[-106.59394941361708,31.868397864940956],[-106.59390561106139,31.86841012010558],[-106.59367987831585,31.86847632275844],[-106.5934576275761,31.868534572296117],[-106.59345684272353,31.868535542205763],[-106.59345530745047,31.868537442432292],[-106.59324917562337,31.868595306889496],[-106.59304850127086,31.868654026002648],[-106.59304845766962,31.86865403893788],[-106.59303533267556,31.868658029155572],[-106.59300795567984,31.868666350101591],[-106.59300791213803,31.868666363937312],[-106.59360645912234,31.870184602485462],[-106.59365617350709,31.87017309208133],[-106.59370735520434,31.870168127584005],[-106.59375873290561,31.870170525248575],[-106.59378045128621,31.870174591809516],[-106.59378822123554,31.870176046476221],[-106.59379281997812,31.870176907502145],[-106.59381656431938,31.870154007011799],[-106.59454373262403,31.869955679645049],[-106.59394941361708,31.868397864940956]]]},"properties":{"OBJECTID":19128,"Join_Count":3,"TARGET_FID":41609,"PlaceType":"Innovation, Light Manufacturing and Logistics","SB840":"Y","TRACTCE":"010230","BLKGRPCE":"1","GEOID":"481410102301","INTPTLAT":"+31.8696112","INTPTLON":"-106.5967949","GrowthArea":"Y","LotArea":181181,"ZONELABEL":"P-R 2","Shape_Length":1794.1282599587937,"Shape_Area":181181.45399599121}},{"type":"Feature","id":19130,"geometry":{"type":"Polygon","coordinates":[[[-106.57316485535205,31.840825245541662],[-106.57377143060305,31.840936590773207],[-106.57380624268451,31.840815722246624],[-106.57323937195349,31.840712509373638],[-106.57339467546855,31.840139735347837],[-106.57335309370869,31.840131007638547],[-106.57316485535205,31.840825245541662]]]},"properties":{"OBJECTID":19130,"Join_Count":1,"TARGET_FID":41613,"PlaceType":"Neighborhood Center","SB840":"Y","TRACTCE":"001204","BLKGRPCE":"2","GEOID":"481410012042","INTPTLAT":"+31.8458468","INTPTLON":"-106.5767853","GrowthArea":"Y","LotArea":11550,"ZONELABEL":"C-3","Shape_Length":904.36306594112671,"Shape_Area":11550.017204412265}},{"type":"Feature","id":19131,"geometry":{"type":"Polygon","coordinates":[[[-106.57323937195349,31.840712509373638],[-106.57380624268451,31.840815722246624],[-106.57396637548712,31.84025972455683],[-106.57339467546855,31.840139735347837],[-106.57323937195349,31.840712509373638]]]},"properties":{"OBJECTID":19131,"Join_Count":1,"TARGET_FID":41614,"PlaceType":"Neighborhood Center","SB840":"Y","TRACTCE":"001204","BLKGRPCE":"2","GEOID":"481410012042","INTPTLAT":"+31.8458468","INTPTLON":"-106.5767853","GrowthArea":"Y","LotArea":38287,"ZONELABEL":"C-3","Shape_Length":784.99388398993585,"Shape_Area":38286.567042579241}},{"type":"Feature","id":19157,"geometry":{"type":"Polygon","coordinates":[[[-106.58394405884727,31.854462052382541],[-106.58404782613287,31.854725757434668],[-106.58405166256345,31.854735506547936],[-106.58420901073748,31.854691010025803],[-106.58420790430932,31.854688160024967],[-106.58410271562309,31.854417185122379],[-106.58407591544272,31.854424764025239],[-106.58407304071717,31.85442557678828],[-106.58394405884727,31.854462052382541]]]},"properties":{"OBJECTID":19157,"Join_Count":3,"TARGET_FID":41642,"PlaceType":"Regional Corridor","SB840":"Y","TRACTCE":" ","BLKGRPCE":" ","GEOID":" ","INTPTLAT":" ","INTPTLON":" ","GrowthArea":"Y","LotArea":5424,"ZONELABEL":"R-4","Shape_Length":313.24643451060604,"Shape_Area":5423.5959389822947}},{"type":"Feature","id":19158,"geometry":{"type":"Polygon","coordinates":[[[-106.58377647021058,31.854509444743577],[-106.58388781952361,31.854775539076652],[-106.58389017719534,31.854781172514148],[-106.58405166256345,31.854735506547936],[-106.58404782613287,31.854725757434668],[-106.58394405884727,31.854462052382541],[-106.58377647021058,31.854509444743577]]]},"properties":{"OBJECTID":19158,"Join_Count":3,"TARGET_FID":41643,"PlaceType":"Regional Corridor","SB840":"Y","TRACTCE":" ","BLKGRPCE":" ","GEOID":" ","INTPTLAT":" ","INTPTLON":" ","GrowthArea":"Y","LotArea":5648,"ZONELABEL":"R-4","Shape_Length":317.54876249088392,"Shape_Area":5647.8783513278868}},{"type":"Feature","id":19159,"geometry":{"type":"Polygon","coordinates":[[[-106.58360947042769,31.854556669506941],[-106.58371726186428,31.854823912105029],[-106.58371949196336,31.854829440566924],[-106.58389017719534,31.854781172514148],[-106.58388781952361,31.854775539076652],[-106.58377647021058,31.854509444743577],[-106.58360947042769,31.854556669506941]]]},"properties":{"OBJECTID":19159,"Join_Count":2,"TARGET_FID":41644,"PlaceType":"Regional Corridor","SB840":"Y","TRACTCE":" ","BLKGRPCE":" ","GEOID":" ","INTPTLAT":" ","INTPTLON":" ","GrowthArea":"Y","LotArea":5796,"ZONELABEL":"R-4","Shape_Length":320.37172537815127,"Shape_Area":5795.6641474666812}},{"type":"Feature","id":19160,"geometry":{"type":"Polygon","coordinates":[[[-106.58317272346704,31.854640061806304],[-106.58326635549115,31.854909547076364],[-106.58327561627497,31.854936201622788],[-106.58328267912029,31.854952965153178],[-106.58371949196336,31.854829440566924],[-106.58371726186428,31.854823912105029],[-106.58360947042769,31.854556669506941],[-106.5832227570792,31.854666026401663],[-106.58321265795165,31.854640010964484],[-106.58320873969032,31.854629917998338],[-106.58320356645604,31.854631374913321],[-106.58317272346704,31.854640061806304]]]},"properties":{"OBJECTID":19160,"Join_Count":3,"TARGET_FID":41646,"PlaceType":"Regional Corridor","SB840":"Y","TRACTCE":" ","BLKGRPCE":" ","GEOID":" ","INTPTLAT":" ","INTPTLON":" ","GrowthArea":"Y","LotArea":14959,"ZONELABEL":"R-4","Shape_Length":518.78775166802234,"Shape_Area":14959.298224067194}},{"type":"Feature","id":19161,"geometry":{"type":"Polygon","coordinates":[[[-106.58392958588908,31.853825109003964],[-106.58442499050874,31.853685021774204],[-106.58442498181857,31.853685002319427],[-106.58441487894346,31.853658548142583],[-106.58433857139134,31.853462226990597],[-106.58385002150931,31.853613832206079],[-106.58391951344289,31.853801266507048],[-106.58391988008279,31.853801161287155],[-106.58392958588908,31.853825109003964]]]},"properties":{"OBJECTID":19161,"Join_Count":3,"TARGET_FID":41647,"PlaceType":"Regional Corridor","SB840":"Y","TRACTCE":" ","BLKGRPCE":" ","GEOID":" ","INTPTLAT":" ","INTPTLON":" ","GrowthArea":"Y","LotArea":13443,"ZONELABEL":"C-4","Shape_Length":489.6949099520026,"Shape_Area":13443.074764900823}},{"type":"Feature","id":19175,"geometry":{"type":"Polygon","coordinates":[[[-106.55087934502639,31.812809040772294],[-106.55159114819585,31.813147030208125],[-106.55200020715377,31.812518869979819],[-106.55166507592332,31.812359738152971],[-106.55158737476363,31.812328533048266],[-106.55150724553702,31.812302179786297],[-106.55142510553786,31.812280815593059],[-106.55134137884288,31.812264552079771],[-106.55125649818437,31.812253471540103],[-106.55117090536373,31.812247633253687],[-106.55107095818063,31.812238243484003],[-106.55102987871783,31.812231451663138],[-106.55106555764587,31.812495162430455],[-106.55087934502639,31.812809040772294]]]},"properties":{"OBJECTID":19175,"Join_Count":1,"TARGET_FID":41671,"PlaceType":"Urban Center","SB840":"Y","TRACTCE":"001204","BLKGRPCE":"1","GEOID":"481410012041","INTPTLAT":"+31.8236933","INTPTLON":"-106.5623813","GrowthArea":"Y","LotArea":68375,"ZONELABEL":"C-4","Shape_Length":1062.431445507325,"Shape_Area":68375.208065468338}},{"type":"Feature","id":19176,"geometry":{"type":"Polygon","coordinates":[[[-106.5623084755057,31.817894005191988],[-106.56230368021937,31.817887930731118],[-106.56181155024426,31.817288864132593],[-106.5615384531292,31.817477074890089],[-106.56085750989475,31.818001242044016],[-106.5611288692282,31.818368839110345],[-106.56145616513209,31.818238721504748],[-106.56224367659102,31.81791556597576],[-106.5623084755057,31.817894005191988]]]},"properties":{"OBJECTID":19176,"Join_Count":3,"TARGET_FID":41672,"PlaceType":"Urban Neighborhood","SB840":"Y","TRACTCE":"001204","BLKGRPCE":"1","GEOID":"481410012041","INTPTLAT":"+31.8236933","INTPTLON":"-106.5623813","GrowthArea":"Y","LotArea":85138,"ZONELABEL":"C-1","Shape_Length":1225.879509661894,"Shape_Area":85137.501627904305}},{"type":"Feature","id":19177,"geometry":{"type":"Polygon","coordinates":[[[-106.57603281393705,31.868112122524316],[-106.57604726923351,31.868098056675333],[-106.57594634856686,31.86811761454808],[-106.57571733657629,31.8681569008018],[-106.57560000509237,31.868166720276907],[-106.5753671481891,31.868182313321348],[-106.57519264936482,31.868182951523504],[-106.57490831658738,31.868183979275994],[-106.57497242295932,31.868212763693784],[-106.57501158899281,31.868230349872636],[-106.57504334065885,31.868244607023847],[-106.57516173648992,31.868256713465311],[-106.57536111492161,31.868256618751445],[-106.57561094596572,31.868239623089043],[-106.57572626639261,31.86821962357293],[-106.57588079793125,31.868179624669757],[-106.57603281393705,31.868112122524316]]]},"properties":{"OBJECTID":19177,"Join_Count":2,"TARGET_FID":41674,"PlaceType":"Regional Corridor","SB840":"Y","TRACTCE":"010225","BLKGRPCE":"2","GEOID":"481410102252","INTPTLAT":"+31.8653556","INTPTLON":"-106.5664762","GrowthArea":"Y","LotArea":7547,"ZONELABEL":"C-3","Shape_Length":726.98354629642154,"Shape_Area":7547.0957858469983}},{"type":"Feature","id":19214,"geometry":{"type":"Polygon","coordinates":[[[-106.58410271562309,31.854417185122379],[-106.58420790430932,31.854688160024967],[-106.58420901073748,31.854691010025803],[-106.58426129799572,31.854676223228495],[-106.58450250419033,31.854608012365144],[-106.58475192168244,31.854537478274736],[-106.58475898429273,31.854535480746378],[-106.58465265328866,31.854261566698494],[-106.58410271562309,31.854417185122379]]]},"properties":{"OBJECTID":19214,"Join_Count":1,"TARGET_FID":41721,"PlaceType":"Regional Corridor","SB840":"Y","TRACTCE":" ","BLKGRPCE":" ","GEOID":" ","INTPTLAT":" ","INTPTLON":" ","GrowthArea":"Y","LotArea":18882,"ZONELABEL":"C-4","Shape_Length":569.70879158850494,"Shape_Area":18881.512338955727}},{"type":"Feature","id":19215,"geometry":{"type":"Polygon","coordinates":[[[-106.58442498181857,31.853685002319427],[-106.58392958588908,31.853825109003964],[-106.58364235990292,31.853906330464952],[-106.58301726780151,31.854083086650995],[-106.58299853178809,31.854088384970595],[-106.58306401518441,31.854257084853725],[-106.58308801428871,31.854318907243933],[-106.58352738816282,31.854192773490773],[-106.58373354749027,31.85413359009533],[-106.58372858514593,31.854121224045258],[-106.58376558815178,31.854110400403631],[-106.58450950155691,31.853892797238558],[-106.58442845572638,31.853684016254302],[-106.58442498181857,31.853685002319427]]]},"properties":{"OBJECTID":19215,"Join_Count":1,"TARGET_FID":41722,"PlaceType":"Regional Corridor","SB840":"Y","TRACTCE":" ","BLKGRPCE":" ","GEOID":" ","INTPTLAT":" ","INTPTLON":" ","GrowthArea":"Y","LotArea":39420,"ZONELABEL":"C-4","Shape_Length":1108.6412593887019,"Shape_Area":39419.689960308038}},{"type":"Feature","id":19221,"geometry":{"type":"Polygon","coordinates":[[[-106.59203998836661,31.873683269863644],[-106.59128115449793,31.873899831603794],[-106.59128500036552,31.873909652306601],[-106.59135753485377,31.874094874988646],[-106.59138321101014,31.87416044059076],[-106.59213524523069,31.873947189581546],[-106.59214772021713,31.873943651665243],[-106.59204532746659,31.873681745968607],[-106.59203998836661,31.873683269863644]]]},"properties":{"OBJECTID":19221,"Join_Count":2,"TARGET_FID":41735,"PlaceType":"Regional Corridor","SB840":"Y","TRACTCE":"010227","BLKGRPCE":"1","GEOID":"481410102271","INTPTLAT":"+31.8764533","INTPTLON":"-106.5904543","GrowthArea":"Y","LotArea":25062,"ZONELABEL":"R-3","Shape_Length":700.64143582884776,"Shape_Area":25062.331437260538}},{"type":"Feature","id":19274,"geometry":{"type":"Polygon","coordinates":[[[-106.56749313871924,31.878155902335102],[-106.56734902614581,31.879082373584286],[-106.56763199063012,31.879117595803674],[-106.56778364489109,31.87819608507721],[-106.56773932450372,31.878171450519567],[-106.56758924339256,31.87809108696614],[-106.56758902505577,31.878090970058885],[-106.56749313871924,31.878155902335102]]]},"properties":{"OBJECTID":19274,"Join_Count":1,"TARGET_FID":41825,"PlaceType":"Neighborhood Center","SB840":"Y","TRACTCE":"010226","BLKGRPCE":"1","GEOID":"481410102261","INTPTLAT":"+31.8810271","INTPTLON":"-106.5662863","GrowthArea":"Y","LotArea":31840,"ZONELABEL":"C-3","Shape_Length":876.79919390699047,"Shape_Area":31839.7838614791}},{"type":"Feature","id":19275,"geometry":{"type":"Polygon","coordinates":[[[-106.56680006800384,31.87948277121345],[-106.56675623615514,31.879952096612449],[-106.5668035497409,31.879946974988712],[-106.56753465743908,31.87976912258538],[-106.56756940434514,31.879497886781376],[-106.56760302790472,31.879293580038581],[-106.56682691404811,31.879195325534688],[-106.56680006800384,31.87948277121345]]]},"properties":{"OBJECTID":19275,"Join_Count":1,"TARGET_FID":41826,"PlaceType":"Neighborhood Center","SB840":"Y","TRACTCE":"010226","BLKGRPCE":"1","GEOID":"481410102261","INTPTLAT":"+31.8810271","INTPTLON":"-106.5662863","GrowthArea":"Y","LotArea":53901,"ZONELABEL":"C-3","Shape_Length":944.85514681515531,"Shape_Area":53900.864858320238}},{"type":"Feature","id":19276,"geometry":{"type":"Polygon","coordinates":[[[-106.5661342865735,31.879155615962599],[-106.56611306515801,31.87946927026444],[-106.56610987461951,31.879502186771525],[-106.56609975458827,31.879606571756174],[-106.566086442984,31.879743874189408],[-106.56607313444773,31.87988117556138],[-106.56605894274756,31.880027571619923],[-106.56675623615514,31.879952096612449],[-106.56680006800384,31.87948277121345],[-106.56682691404811,31.879195325534688],[-106.56613750566717,31.879108044555402],[-106.5661342865735,31.879155615962599]]]},"properties":{"OBJECTID":19276,"Join_Count":3,"TARGET_FID":41827,"PlaceType":"Neighborhood Center","SB840":"Y","TRACTCE":"010226","BLKGRPCE":"1","GEOID":"481410102261","INTPTLAT":"+31.8810271","INTPTLON":"-106.5662863","GrowthArea":"Y","LotArea":65343,"ZONELABEL":"A-2","Shape_Length":1046.1500166000217,"Shape_Area":65342.93720202511}},{"type":"Feature","id":19295,"geometry":{"type":"Polygon","coordinates":[[[-106.57184009071101,31.884671929145405],[-106.57322928870961,31.88463230619146],[-106.57323036136391,31.88463184381709],[-106.57397775911642,31.884309703732796],[-106.57412403614256,31.88424802838426],[-106.57427361610131,31.88419241984041],[-106.57442615383935,31.884143005732081],[-106.57458129692611,31.884099899588264],[-106.57473868782323,31.884063201635563],[-106.57489796265118,31.884032996147376],[-106.57505875347734,31.884009354044235],[-106.5751226362638,31.884002111216756],[-106.57275007785776,31.882556707591014],[-106.57274305785039,31.882509018585594],[-106.57148025363826,31.882678184419042],[-106.57150646716441,31.882771757292396],[-106.57131942066385,31.882813345768053],[-106.57184009071101,31.884671929145405]]]},"properties":{"OBJECTID":19295,"Join_Count":4,"TARGET_FID":41857,"PlaceType":"Regional Corridor","SB840":"Y","TRACTCE":"010226","BLKGRPCE":"1","GEOID":"481410102261","INTPTLAT":"+31.8810271","INTPTLON":"-106.5662863","GrowthArea":"Y","LotArea":559567,"ZONELABEL":"C-4","Shape_Length":3175.6501968441676,"Shape_Area":559567.21768009942}},{"type":"Feature","id":19296,"geometry":{"type":"Polygon","coordinates":[[[-106.57206508863774,31.887008685046304],[-106.57084920665994,31.887260145812974],[-106.57083948541516,31.887262870420283],[-106.57083039138431,31.887266873805533],[-106.57082215726533,31.887272056305655],[-106.57081498823672,31.887278286155052],[-106.570809066653,31.8872854064868],[-106.57079054427955,31.887308446784804],[-106.57078731530102,31.887312564908317],[-106.57078484718835,31.887317048541661],[-106.57078319369766,31.887321797558847],[-106.57078239327753,31.887326704437665],[-106.57078246408835,31.88733165901462],[-106.57078340394321,31.887336547584162],[-106.5710035485676,31.888111459811618],[-106.57100516486082,31.888119984101447],[-106.57100519512764,31.888128618673473],[-106.57100364016217,31.888137150321423],[-106.57100053699526,31.888145369523198],[-106.57099596323438,31.888153072039131],[-106.57098343837647,31.888170597978455],[-106.57097887011562,31.88817828758458],[-106.57097576922261,31.88818649312768],[-106.57097421013978,31.8881950105201],[-106.57097423212795,31.88820363193938],[-106.5709758338714,31.888212144280423],[-106.57103721501382,31.888428205090836],[-106.57104079960274,31.888437280037003],[-106.57104617699389,31.888445686521841],[-106.57105318425334,31.888453168598012],[-106.57106160628337,31.88845949810754],[-106.57107119019348,31.888464483929539],[-106.57108164231219,31.888467974832665],[-106.57109264642395,31.888469863118591],[-106.57110386752754,31.888470093474169],[-106.57111496520037,31.888468656912028],[-106.57116679817652,31.888457936777986],[-106.57117159991563,31.888456595802559],[-106.57117609593752,31.888454630867429],[-106.57118017716061,31.888452089650034],[-106.57118374078716,31.888449034882058],[-106.57118670179345,31.888445541992823],[-106.57119779106209,31.888430026789859],[-106.57120223151442,31.888424787505965],[-106.57120757909186,31.888420205702133],[-106.57121370036569,31.888416393449535],[-106.5712204448923,31.8884134455691],[-106.57122764696877,31.888411434128063],[-106.5715310107942,31.888348695952878],[-106.57154098763114,31.888347328392644],[-106.5715510913252,31.888347309638412],[-106.57156107521325,31.888348639762246],[-106.57157069155485,31.888351286370604],[-106.57157970519208,31.888355183046784],[-106.57160024768451,31.888365870089292],[-106.57160926132433,31.888369766763418],[-106.57161887766942,31.888372413368163],[-106.57162886156111,31.888373743486767],[-106.57163896525793,31.888373724725813],[-106.57164894209593,31.888372357157298],[-106.57234533110611,31.888228333336077],[-106.57235594572904,31.888225284009316],[-106.572365781496,31.888220711165264],[-106.57237453842565,31.888214753823348],[-106.57238195408847,31.888207590753986],[-106.57238780255152,31.88819944052895],[-106.572391906272,31.888190549209511],[-106.57239414318843,31.888181185490474],[-106.57239444407649,31.888171632697151],[-106.57239280039938,31.888162179377161],[-106.57239274809093,31.888161995812212],[-106.57206508863774,31.887008685046304]]]},"properties":{"OBJECTID":19296,"Join_Count":1,"TARGET_FID":41858,"PlaceType":"Neighborhood Center","SB840":"Y","TRACTCE":"010226","BLKGRPCE":"2","GEOID":"481410102262","INTPTLAT":"+31.8961515","INTPTLON":"-106.5703717","GrowthArea":"Y","LotArea":186707,"ZONELABEL":"C-3","Shape_Length":1730.3313759124446,"Shape_Area":186706.68762769215}},{"type":"Feature","id":19297,"geometry":{"type":"Polygon","coordinates":[[[-106.57195840543685,31.885094253693193],[-106.57200273907493,31.885110591710518],[-106.57206572924665,31.885133804938441],[-106.57259738353179,31.88490466107783],[-106.5732182152427,31.884637079335366],[-106.57322928870961,31.88463230619146],[-106.57184009071101,31.884671929145405],[-106.57194328012066,31.885040263442143],[-106.57195840543685,31.885094253693193]]]},"properties":{"OBJECTID":19297,"Join_Count":2,"TARGET_FID":41859,"PlaceType":"Neighborhood Center","SB840":"Y","TRACTCE":"010226","BLKGRPCE":"1","GEOID":"481410102261","INTPTLAT":"+31.8810271","INTPTLON":"-106.5662863","GrowthArea":"Y","LotArea":39027,"ZONELABEL":"C-4","Shape_Length":1030.3456002458331,"Shape_Area":39027.464794325417}},{"type":"Feature","id":19298,"geometry":{"type":"Polygon","coordinates":[[[-106.57182457880536,31.888494321309132],[-106.57112681156632,31.888638627699688],[-106.57109074503101,31.888643295124911],[-106.57105427573457,31.88864254875115],[-106.57101851354074,31.888636410394668],[-106.57098454315333,31.888625066566988],[-106.57095339831341,31.888608862484471],[-106.5709260239731,31.888588290330588],[-106.57090325306689,31.888563974109704],[-106.57088577589543,31.888536654854047],[-106.57087412544796,31.888507160615937],[-106.57056675080604,31.887425196533997],[-106.57056371048509,31.887417216449872],[-106.57055928263424,31.88740972463366],[-106.57055356868464,31.887402895072309],[-106.57054670201249,31.887396888480556],[-106.57053884312531,31.887391843499032],[-106.57053017655498,31.887387877746136],[-106.57052090223793,31.887385085521352],[-106.57048617695511,31.887374794798529],[-106.57047637142371,31.887371973814528],[-106.57046616307845,31.887370528809232],[-106.57045581590137,31.887370497723069],[-106.57044559566738,31.88737188137716],[-106.56940549140985,31.887586975446315],[-106.56925995090734,31.887619213339441],[-106.56911571149274,31.887655460642041],[-106.56897292632866,31.887695680217142],[-106.56885262452766,31.887731421562332],[-106.5688630462833,31.88775705375458],[-106.56888659265103,31.887822887389859],[-106.56890425449556,31.887890048718354],[-106.56891593041651,31.887958155100485],[-106.56892155465711,31.888026818576286],[-106.56892109411613,31.888095648718387],[-106.56891455262902,31.888164253330174],[-106.56891337523821,31.888182231163498],[-106.56891378327985,31.888187936452344],[-106.56891526438696,31.88820028347952],[-106.56891798320228,31.888212262336943],[-106.56892433834474,31.88822827897414],[-106.56892725076504,31.888233334152336],[-106.56893319724527,31.888243410684026],[-106.56893757403661,31.88824898467492],[-106.56894516471317,31.888258322209147],[-106.56896532678284,31.888284027302348],[-106.56897689367921,31.888305484013419],[-106.56897969283011,31.888312519126846],[-106.56898538262254,31.888328962337962],[-106.56898691632968,31.888334833224011],[-106.56899073546818,31.888357457540938],[-106.57079863450363,31.889504552029759],[-106.57083238760313,31.889623929227145],[-106.5711403754816,31.8896571095447],[-106.57144929637697,31.889683227072393],[-106.57175892757901,31.889702260853884],[-106.57194058240508,31.889704040411264],[-106.57212220015896,31.889700397445623],[-106.57216660011414,31.889698178542432],[-106.57182457880536,31.888494321309132]]]},"properties":{"OBJECTID":19298,"Join_Count":2,"TARGET_FID":41860,"PlaceType":"Neighborhood Center","SB840":"Y","TRACTCE":"010226","BLKGRPCE":"2","GEOID":"481410102262","INTPTLAT":"+31.8961515","INTPTLON":"-106.5703717","GrowthArea":"Y","LotArea":437651,"ZONELABEL":"C-3","Shape_Length":3133.2783258299132,"Shape_Area":437651.2990410208}},{"type":"Feature","id":19299,"geometry":{"type":"Polygon","coordinates":[[[-106.57264595484907,31.889053227496156],[-106.57246555686261,31.888418281649095],[-106.57246241342223,31.888410088858588],[-106.57245780724438,31.888402415959447],[-106.57245185038877,31.888395453589922],[-106.5724446905481,31.888389370809666],[-106.57243650284229,31.888384319106009],[-106.57242749028174,31.888380423338916],[-106.57241787397255,31.888377777694238],[-106.57240789118399,31.888376448485896],[-106.57239778748701,31.888376467306518],[-106.57238781177398,31.888377835782158],[-106.57182457880536,31.888494321309132],[-106.5720197780055,31.889181393856891],[-106.57264595484907,31.889053227496156]]]},"properties":{"OBJECTID":19299,"Join_Count":1,"TARGET_FID":41861,"PlaceType":"Neighborhood Center","SB840":"Y","TRACTCE":"010226","BLKGRPCE":"2","GEOID":"481410102262","INTPTLAT":"+31.8961515","INTPTLON":"-106.5703717","GrowthArea":"Y","LotArea":51366,"ZONELABEL":"C-3","Shape_Length":905.99183558593109,"Shape_Area":51365.719933093133}},{"type":"Feature","id":19300,"geometry":{"type":"Polygon","coordinates":[[[-106.5720197780055,31.889181393856891],[-106.57216660011414,31.889698178542432],[-106.57230355660109,31.889691335470996],[-106.5724844301955,31.889676866905653],[-106.57266460075806,31.889657008620613],[-106.57277733039875,31.889515645830517],[-106.57277731904117,31.889515585856426],[-106.57264595484907,31.889053227496156],[-106.5720197780055,31.889181393856891]]]},"properties":{"OBJECTID":19300,"Join_Count":1,"TARGET_FID":41862,"PlaceType":"Neighborhood Center","SB840":"Y","TRACTCE":"010226","BLKGRPCE":"2","GEOID":"481410102262","INTPTLAT":"+31.8961515","INTPTLON":"-106.5703717","GrowthArea":"Y","LotArea":40525,"ZONELABEL":"C-3","Shape_Length":783.97718426592428,"Shape_Area":40525.367062924946}},{"type":"Feature","id":19301,"geometry":{"type":"Polygon","coordinates":[[[-106.5695845954143,31.886335862508428],[-106.5693807571587,31.8863607855486],[-106.56917597004909,31.886379186128675],[-106.56897051940713,31.886391039746837],[-106.5687646920842,31.886396329055696],[-106.5687539139837,31.886397051913296],[-106.56874334681235,31.886399002130442],[-106.56873318197536,31.88640214434918],[-106.56872666528722,31.886404901450987],[-106.56872046540254,31.886408145594842],[-106.56871052824462,31.886414926963536],[-106.5687019714166,31.886422961902444],[-106.5686950093763,31.886432050461067],[-106.56868981862844,31.886441962891976],[-106.56868652893753,31.88645245091065],[-106.56868522244999,31.886463250447203],[-106.56866742209557,31.887134627300824],[-106.56866910962695,31.887200225747915],[-106.5686776348695,31.887265436320636],[-106.56869292978075,31.887329739291634],[-106.56871487203277,31.887392626564068],[-106.56873813627882,31.88744984313907],[-106.56873982118823,31.887450785860668],[-106.56874442172943,31.887459521374542],[-106.56875073025334,31.887467441675547],[-106.56875855529123,31.887474307535161],[-106.56876765972012,31.887479909911367],[-106.56877776452095,31.887484078801613],[-106.56878856484519,31.887486686086188],[-106.56879973166271,31.887487654482317],[-106.56881092524397,31.887486953285432],[-106.56882180718345,31.887484604116569],[-106.5688797539861,31.887467387714754],[-106.56903126460205,31.887424710921838],[-106.56918431843121,31.887386248710929],[-106.56933875293409,31.887352040473868],[-106.56984360938995,31.887247637185169],[-106.5695845954143,31.886335862508428]]]},"properties":{"OBJECTID":19301,"Join_Count":1,"TARGET_FID":41863,"PlaceType":"Neighborhood Center","SB840":"Y","TRACTCE":"010226","BLKGRPCE":"2","GEOID":"481410102262","INTPTLAT":"+31.8961515","INTPTLON":"-106.5703717","GrowthArea":"Y","LotArea":118288,"ZONELABEL":"C-3","Shape_Length":1357.9155226705245,"Shape_Area":118287.50080253059}},{"type":"Feature","id":19302,"geometry":{"type":"Polygon","coordinates":[[[-106.5695845954143,31.886335862508428],[-106.56984360938995,31.887247637185169],[-106.57034445721732,31.887144060642999],[-106.57035162510111,31.887142061722052],[-106.57035834020347,31.887139134258977],[-106.57036444010708,31.887135351969356],[-106.57036977506935,31.887130804220401],[-106.57037421494682,31.887125604731818],[-106.5703776525279,31.887119877867541],[-106.57040190482653,31.887070274894512],[-106.57040380321425,31.887065321761341],[-106.57040476361269,31.887060175087445],[-106.57040476066265,31.887054964349492],[-106.57040379544718,31.887049818661147],[-106.57031587736776,31.886740333762166],[-106.57028465038719,31.886636512293386],[-106.57025017208939,31.886533442661396],[-106.57022365987498,31.886458034011454],[-106.57022143576833,31.886449023058301],[-106.57022100732979,31.886439822241172],[-106.57022238616281,31.886430688432238],[-106.57022553315633,31.886421880028841],[-106.57023035976651,31.88641364424662],[-106.57023875785858,31.886401894487246],[-106.57024358552194,31.886393658653919],[-106.57024673251227,31.886384850249843],[-106.57024811140124,31.886375717340833],[-106.57024768290123,31.886366515623124],[-106.57024545879445,31.886357504670041],[-106.570215090541,31.886271128176585],[-106.57021141995172,31.886263060842115],[-106.5702063115536,31.886255586248307],[-106.57019988964839,31.886248888126225],[-106.57019231552201,31.886243133080423],[-106.57018377647672,31.886238464791571],[-106.57017448330627,31.886234997814441],[-106.57016466830338,31.886232819479932],[-106.57015457311847,31.886231982347137],[-106.57014445011107,31.886232508655009],[-106.56995927059222,31.886272478857677],[-106.56977257813301,31.886306944536994],[-106.5695845954143,31.886335862508428]]]},"properties":{"OBJECTID":19302,"Join_Count":1,"TARGET_FID":41864,"PlaceType":"Neighborhood Center","SB840":"Y","TRACTCE":"010226","BLKGRPCE":"2","GEOID":"481410102262","INTPTLAT":"+31.8961515","INTPTLON":"-106.5703717","GrowthArea":"Y","LotArea":62992,"ZONELABEL":"C-3","Shape_Length":1042.4391186378903,"Shape_Area":62992.284081035941}},{"type":"Feature","id":19303,"geometry":{"type":"Polygon","coordinates":[[[-106.57154574488526,31.885734083808796],[-106.57172113683869,31.885802687210965],[-106.57170913811559,31.885761012125865],[-106.57170168320711,31.885749169829069],[-106.57169207088002,31.885738519293692],[-106.57168055689597,31.88572934363339],[-106.57166744741191,31.885721887417734],[-106.57165309205554,31.885716347971336],[-106.57163787219878,31.885712874129016],[-106.57162219403364,31.885711557535029],[-106.57160647168712,31.885712433451786],[-106.57159112704397,31.885715478058721],[-106.57157656559298,31.885720611415618],[-106.57154574488526,31.885734083808796]]]},"properties":{"OBJECTID":19303,"Join_Count":1,"TARGET_FID":41865,"PlaceType":"Neighborhood Center","SB840":"Y","TRACTCE":"010226","BLKGRPCE":"2","GEOID":"481410102262","INTPTLAT":"+31.8961515","INTPTLON":"-106.5703717","GrowthArea":"Y","LotArea":819,"ZONELABEL":"C-3","Shape_Length":135.15412435801258,"Shape_Area":819.45525965156378}},{"type":"Feature","id":19304,"geometry":{"type":"Polygon","coordinates":[[[-106.57068540502613,31.886991579862496],[-106.57068755550374,31.886997024669345],[-106.57069078164766,31.887002068402172],[-106.57069498550031,31.887006557682383],[-106.57070003950665,31.88701035590422],[-106.57070578892099,31.887013347635794],[-106.57071206048661,31.887015441816281],[-106.57071866261342,31.887016574457324],[-106.57072539517195,31.887016712690183],[-106.57073205347788,31.887015850961969],[-106.571695149833,31.886816671699879],[-106.57170512650653,31.886815304126191],[-106.57171523003741,31.886815285359265],[-106.57172521271134,31.886816615521916],[-106.57173482995762,31.886819262069341],[-106.57174384240072,31.886823158787305],[-106.57176438458012,31.886833845810941],[-106.57177339808119,31.886837742476285],[-106.57178301427557,31.886840389070624],[-106.57179299800841,31.88684171917755],[-106.5718031015421,31.886841700403849],[-106.57181307821671,31.88684033282189],[-106.57194334925808,31.886813391147072],[-106.57195396777928,31.88681033894775],[-106.5719638063479,31.886805762377961],[-106.57197256498665,31.886799800456224],[-106.57197998027301,31.886792632903269],[-106.57198582615801,31.886784476489513],[-106.57198992738888,31.886775579875941],[-106.57199215862028,31.88676621010795],[-106.57199245186087,31.886756653161552],[-106.57199079962803,31.886747197533946],[-106.57199075842976,31.88674705408312],[-106.57191482156756,31.886479758931266],[-106.57182118861608,31.88615017646573],[-106.57180394127481,31.886090274886357],[-106.57174394429471,31.885881900558019],[-106.57172718130805,31.885823679307382],[-106.57172113683869,31.885802687210965],[-106.57154574488526,31.885734083808796],[-106.57121200568697,31.885879965995347],[-106.57102048229305,31.885959706663147],[-106.57101943644774,31.885960142442713],[-106.57095488948012,31.885984410647456],[-106.57082546385863,31.886033072134644],[-106.57082335633952,31.886033864058799],[-106.57074642936675,31.886059786383427],[-106.57062729431109,31.886099931211941],[-106.57062406193064,31.886101019978639],[-106.57054130961426,31.886125774139163],[-106.57042619842258,31.88616020808437],[-106.57042185560225,31.886161507190071],[-106.57041306264043,31.88616582130647],[-106.57040517368812,31.88617126094298],[-106.57039838301367,31.886177689437432],[-106.57039285907335,31.886184947879293],[-106.57038874040852,31.886192857112185],[-106.57038612831779,31.886201218988688],[-106.57038508762696,31.886209828075163],[-106.57038564440047,31.88621846905194],[-106.57038778460108,31.886226928519658],[-106.57039605428329,31.886250450701596],[-106.57039941160212,31.886257955853502],[-106.57040401606854,31.886264963202123],[-106.57040976890769,31.886271323020818],[-106.57041654684649,31.88627689940181],[-106.57042420539786,31.886281571905137],[-106.57045201485039,31.886296040787901],[-106.57045967340504,31.886300713289138],[-106.57046645134888,31.886306289667459],[-106.57047220419472,31.886312649483269],[-106.5704768086691,31.886319656829151],[-106.57048016599681,31.886327161978759],[-106.57052771584648,31.886462406396543],[-106.57056432674203,31.886571851989952],[-106.57059748508634,31.886682096096642],[-106.57068540502613,31.886991579862496]]]},"properties":{"OBJECTID":19304,"Join_Count":1,"TARGET_FID":41866,"PlaceType":"Neighborhood Center","SB840":"Y","TRACTCE":"010226","BLKGRPCE":"2","GEOID":"481410102262","INTPTLAT":"+31.8961515","INTPTLON":"-106.5703717","GrowthArea":"Y","LotArea":150503,"ZONELABEL":"C-3","Shape_Length":1560.7674637453226,"Shape_Area":150503.1543702748}},{"type":"Feature","id":19313,"geometry":{"type":"Polygon","coordinates":[[[-106.55593205294849,31.809912079246015],[-106.55315794897838,31.809133297435867],[-106.55416087763827,31.809593408045533],[-106.5553248311346,31.810144543310674],[-106.55553286823908,31.810259451866099],[-106.55561967626758,31.810184745300148],[-106.55561486741354,31.8101821615255],[-106.55593205294849,31.809912079246015]]]},"properties":{"OBJECTID":19313,"Join_Count":2,"TARGET_FID":41885,"PlaceType":"Urban Center","SB840":"Y","TRACTCE":"001302","BLKGRPCE":"4","GEOID":"481410013024","INTPTLAT":"+31.8181120","INTPTLON":"-106.5674295","GrowthArea":"Y","LotArea":68760,"ZONELABEL":"R-3","Shape_Length":1930.4347091823897,"Shape_Area":68759.852762594179}},{"type":"Feature","id":19314,"geometry":{"type":"Polygon","coordinates":[[[-106.55331100787494,31.812628146254102],[-106.55372845999634,31.812836950396193],[-106.55476627719776,31.813356043191551],[-106.55485294484659,31.813226757339795],[-106.55502213548208,31.812964257395187],[-106.55530033872925,31.812532620431067],[-106.55413999035774,31.811757516989221],[-106.55412064612703,31.81178658957948],[-106.55392947682007,31.811668607952509],[-106.55331100787494,31.812628146254102]]]},"properties":{"OBJECTID":19314,"Join_Count":3,"TARGET_FID":41887,"PlaceType":"Urban Center","SB840":"Y","TRACTCE":"001204","BLKGRPCE":"1","GEOID":"481410012041","INTPTLAT":"+31.8236933","INTPTLON":"-106.5623813","GrowthArea":"Y","LotArea":197267,"ZONELABEL":"C-4","Shape_Length":1807.8492705068934,"Shape_Area":197267.4831329571}},{"type":"Feature","id":19315,"geometry":{"type":"Polygon","coordinates":[[[-106.55672842186611,31.81099006575224],[-106.55677668224904,31.811037608776331],[-106.55801062184867,31.812271220488984],[-106.55821430114608,31.812127153294899],[-106.55825222269806,31.812104985801479],[-106.55800004581661,31.811845017973585],[-106.55880897550796,31.811272836459061],[-106.55822430796354,31.810655625803662],[-106.5581932263354,31.81062717161026],[-106.55815777062338,31.810602730345366],[-106.55811864432573,31.810582786836235],[-106.55807662435353,31.810567735684124],[-106.55775511087253,31.810474720113127],[-106.55724577751108,31.810834984812494],[-106.55700801548919,31.810792303887567],[-106.55672842186611,31.81099006575224]]]},"properties":{"OBJECTID":19315,"Join_Count":3,"TARGET_FID":41888,"PlaceType":"Urban Center","SB840":"Y","TRACTCE":"001302","BLKGRPCE":"4","GEOID":"481410013024","INTPTLAT":"+31.8181120","INTPTLON":"-106.5674295","GrowthArea":"Y","LotArea":201714,"ZONELABEL":"C-3","Shape_Length":2003.1877163083454,"Shape_Area":201713.68867585374}},{"type":"Feature","id":19316,"geometry":{"type":"Polygon","coordinates":[[[-106.55757596935884,31.810259588075304],[-106.55754866967017,31.810253937665696],[-106.55752063741907,31.810252406912287],[-106.55749271652131,31.810255041262106],[-106.55746575117783,31.810261761496857],[-106.55744055523675,31.810272364294978],[-106.55741788741767,31.810286531546069],[-106.55739843145433,31.810303834010412],[-106.55738277612723,31.810323749435891],[-106.55737139306939,31.81034567897516],[-106.55736462488005,31.810368959496401],[-106.55736267617412,31.81039288839996],[-106.55736560650448,31.810416744731771],[-106.55737332632907,31.810439808345414],[-106.55738560276396,31.810461383111917],[-106.55740206732732,31.810480818228335],[-106.55742222034254,31.810497526975958],[-106.55744545654967,31.810511006271273],[-106.55747107331358,31.810520848919076],[-106.55749829799014,31.810526757659947],[-106.55752630966569,31.810528554066405],[-106.55755426171551,31.810526183787232],[-106.55758131267888,31.81051971958707],[-106.55760664600001,31.810509355886023],[-106.55762949621293,31.810495404796818],[-106.55764760584077,31.810484330664611],[-106.55766767195875,31.810476072408861],[-106.55768910036844,31.810470876139561],[-106.55771125382266,31.810468896085332],[-106.5577334770966,31.810470189780904],[-106.55775511087253,31.810474720113127],[-106.55807662435353,31.810567735684124],[-106.55811864432573,31.810582786836235],[-106.55815777062338,31.810602730345366],[-106.5581932263354,31.81062717161026],[-106.55822430796354,31.810655625803662],[-106.55910766640255,31.811588148901148],[-106.55910771466155,31.811588336280842],[-106.5591092643397,31.811581290640294],[-106.55910972874034,31.81157413252367],[-106.55910962286561,31.811574002097082],[-106.55910859840915,31.811564820506106],[-106.55910579999475,31.811555912568103],[-106.55910130421137,31.811547526633461],[-106.55909523743634,31.811539896024843],[-106.55799813213952,31.810381724095102],[-106.55796727912347,31.810372797730036],[-106.55757626261408,31.810259672506252],[-106.55757596935884,31.810259588075304]]]},"properties":{"OBJECTID":19316,"Join_Count":3,"TARGET_FID":41889,"PlaceType":"Urban Center","SB840":"Y","TRACTCE":"001302","BLKGRPCE":"4","GEOID":"481410013024","INTPTLAT":"+31.8181120","INTPTLON":"-106.5674295","GrowthArea":"Y","LotArea":19765,"ZONELABEL":"C-3","Shape_Length":1548.4848963161112,"Shape_Area":19765.329993029616}},{"type":"Feature","id":19317,"geometry":{"type":"Polygon","coordinates":[[[-106.55880897550796,31.811272836459061],[-106.55800004581661,31.811845017973585],[-106.55825222269806,31.812104985801479],[-106.55908148582186,31.81162021674216],[-106.5590841529725,31.811618578862468],[-106.55909220809886,31.811612403485046],[-106.55909893892907,31.811605165074329],[-106.55910415669813,31.81159706596285],[-106.55910771466155,31.811588336280842],[-106.55910766640255,31.811588148901148],[-106.55880897550796,31.811272836459061]]]},"properties":{"OBJECTID":19317,"Join_Count":2,"TARGET_FID":41890,"PlaceType":"Urban Center","SB840":"Y","TRACTCE":"001302","BLKGRPCE":"4","GEOID":"481410013024","INTPTLAT":"+31.8181120","INTPTLON":"-106.5674295","GrowthArea":"Y","LotArea":44796,"ZONELABEL":"C-3","Shape_Length":923.36444629285938,"Shape_Area":44796.219174640508}},{"type":"Feature","id":19318,"geometry":{"type":"Polygon","coordinates":[[[-106.55775511087253,31.810474720113127],[-106.5577334770966,31.810470189780904],[-106.55771125382266,31.810468896085332],[-106.55768910036844,31.810470876139561],[-106.55766767195875,31.810476072408861],[-106.55764760584077,31.810484330664611],[-106.55762949621293,31.810495404796818],[-106.55760664600001,31.810509355886023],[-106.55758131267888,31.81051971958707],[-106.55755426171551,31.810526183787232],[-106.55752630966569,31.810528554066405],[-106.55749829799014,31.810526757659947],[-106.55747107331358,31.810520848919076],[-106.55744545654967,31.810511006271273],[-106.55742222034254,31.810497526975958],[-106.55740206732732,31.810480818228335],[-106.55738560276396,31.810461383111917],[-106.55737332632907,31.810439808345414],[-106.55736560650448,31.810416744731771],[-106.55736267617412,31.81039288839996],[-106.55736462488005,31.810368959496401],[-106.55737139306939,31.81034567897516],[-106.55738277612723,31.810323749435891],[-106.55739843145433,31.810303834010412],[-106.55741788741767,31.810286531546069],[-106.55744055523675,31.810272364294978],[-106.55746575117783,31.810261761496857],[-106.55749271652131,31.810255041262106],[-106.55752063741907,31.810252406912287],[-106.55754866967017,31.810253937665696],[-106.55757596935884,31.810259588075304],[-106.55753743717267,31.810248440109476],[-106.55735221632726,31.81019485357697],[-106.55604434609789,31.809816461367266],[-106.55593205294849,31.809912079246015],[-106.55561486741354,31.8101821615255],[-106.55561968030834,31.810184742397144],[-106.55577255363868,31.810269972567095],[-106.55592172376173,31.810359861706587],[-106.55606699478385,31.810454293639946],[-106.55620817654541,31.810553142885144],[-106.55634508620626,31.810656282707132],[-106.55647754455103,31.810763577164806],[-106.5566053784523,31.810874886413249],[-106.55672842186611,31.81099006575224],[-106.55700801548919,31.810792303887567],[-106.55724577751108,31.810834984812494],[-106.55775511087253,31.810474720113127]]]},"properties":{"OBJECTID":19318,"Join_Count":3,"TARGET_FID":41891,"PlaceType":"Urban Center","SB840":"Y","TRACTCE":"001302","BLKGRPCE":"4","GEOID":"481410013024","INTPTLAT":"+31.8181120","INTPTLON":"-106.5674295","GrowthArea":"Y","LotArea":134648,"ZONELABEL":"R-3","Shape_Length":1790.9098177725914,"Shape_Area":134647.58812086083}},{"type":"Feature","id":19336,"geometry":{"type":"Polygon","coordinates":[[[-106.58344675284255,31.889105847166906],[-106.58342811954185,31.889667073399409],[-106.58339176463971,31.890762075869134],[-106.58339156426058,31.891150170073189],[-106.58353862235653,31.891079227503159],[-106.5836827325661,31.891004009278785],[-106.5838237239747,31.890924604904487],[-106.58396142813626,31.890841109186031],[-106.5840956841725,31.89075361927663],[-106.58417681496846,31.890696755766882],[-106.58426229784227,31.890644739781557],[-106.58435173599386,31.89059781526818],[-106.58444471495559,31.890556199022342],[-106.58454080071851,31.890520084390396],[-106.58463954706053,31.890489640014668],[-106.58474049530827,31.890465006232006],[-106.584715962696,31.890463889435367],[-106.58453971963272,31.890457300070238],[-106.58436810698151,31.890450882057802],[-106.58438141060144,31.890050048652284],[-106.58439334810693,31.889690397158219],[-106.58440286405593,31.889403689025048],[-106.58440311533607,31.88932970352764],[-106.58440375449275,31.88914163835366],[-106.58440433962532,31.888969950973134],[-106.58440532019839,31.888681601097158],[-106.5834609158625,31.888679258541064],[-106.58344675284255,31.889105847166906]]]},"properties":{"OBJECTID":19336,"Join_Count":2,"TARGET_FID":41918,"PlaceType":"Regional Corridor","SB840":"Y","TRACTCE":"010228","BLKGRPCE":"3","GEOID":"481410102283","INTPTLAT":"+31.8965749","INTPTLON":"-106.5881052","GrowthArea":"Y","LotArea":242061,"ZONELABEL":"R-3A","Shape_Length":2442.1565509138363,"Shape_Area":242061.43961596617}},{"type":"Feature","id":19347,"geometry":{"type":"Polygon","coordinates":[[[-106.54918986916771,31.883092975536439],[-106.54921454822605,31.883118587981276],[-106.55006334518049,31.882586310288133],[-106.55008169707683,31.882574802146618],[-106.54996390178485,31.882497849164675],[-106.54985014767314,31.882416590700561],[-106.5497406502153,31.882331180870779],[-106.5496356169122,31.88224178139858],[-106.54953524846556,31.882148563364211],[-106.54943973525795,31.882051701953539],[-106.54943261416885,31.882044128488129],[-106.54937271398846,31.881978272021836],[-106.54934952442328,31.881951687976795],[-106.54929876809332,31.881891721398361],[-106.54929037643134,31.8818833197728],[-106.54928051828806,31.881876172297304],[-106.54926944596104,31.881870462031173],[-106.54925744649843,31.881866336955163],[-106.54924482850393,31.881863902471757],[-106.54923191580581,31.881863221707619],[-106.54921904194396,31.881864312163579],[-106.54920653856223,31.881867146268771],[-106.54919472684824,31.881871649982557],[-106.54918391261114,31.881877708448943],[-106.54905096301898,31.881970244345876],[-106.54892313626833,31.882067892760372],[-106.54880070054568,31.882170449419277],[-106.54868391571007,31.882277695995079],[-106.54857302743358,31.882389407612148],[-106.54855776252798,31.882405522908286],[-106.54854273618155,31.882421385650723],[-106.54893337864118,31.882826793665334],[-106.54895331411761,31.882847482230002],[-106.54918986916771,31.883092975536439]],[[-106.54917633818339,31.882851561041459],[-106.54918229245826,31.882858661809365],[-106.54916703930056,31.882867495539085],[-106.54915542309848,31.882854540078572],[-106.54916148967254,31.882850467739939],[-106.54914378975484,31.882828436866461],[-106.54913709211996,31.882832539322919],[-106.549125207074,31.882818696153613],[-106.54913063083924,31.882814474749352],[-106.54902306914609,31.882687214836956],[-106.54928280912081,31.882524232429581],[-106.54943482715885,31.882699737161516],[-106.54943470501094,31.882699811638336],[-106.54942703762542,31.882705220426388],[-106.54942089583784,31.882698489014267],[-106.54939700463026,31.882714039726256],[-106.5494018714936,31.882720652244078],[-106.5493886872589,31.882728846209499],[-106.54938279182936,31.882722643179193],[-106.54921810126734,31.882825250580268],[-106.54922428909804,31.882832700595095],[-106.54920847442924,31.882842641413244],[-106.54920186553971,31.88283521149383],[-106.54917633818339,31.882851561041459]],[[-106.54896421148699,31.882668898724944],[-106.54885613634691,31.882543327874572],[-106.54884977765896,31.882547320203177],[-106.54883749973874,31.882533150719155],[-106.54884382070961,31.882528583016178],[-106.54882575471379,31.882506504540117],[-106.54881849131644,31.882511116315943],[-106.54880690172742,31.882497144306928],[-106.5488200754793,31.882487869713831],[-106.54882684952027,31.88249434787604],[-106.54885325672868,31.882478792808726],[-106.54884725981698,31.882471816000152],[-106.54886102452363,31.882463320702147],[-106.54886687880447,31.882470188701607],[-106.54897332774971,31.882404009127942],[-106.54896748851679,31.882397370742808],[-106.54898060247982,31.882389251528597],[-106.54898656173771,31.882395653856854],[-106.54901082800345,31.882380431260941],[-106.54900565448376,31.882373645489853],[-106.54902279249985,31.882363029131497],[-106.54917308620746,31.882538966901006],[-106.54917295045895,31.88253904383323],[-106.54896421148699,31.882668898724944]],[[-106.54904067200368,31.882351935694235],[-106.54904859840008,31.882347054708021],[-106.54902891284785,31.882323508097333],[-106.54902067667611,31.882328685680037],[-106.54901062332857,31.882316219244863],[-106.54902607320545,31.882305349252238],[-106.54903141021269,31.882311286296755],[-106.54905515255817,31.882296081469548],[-106.54905043615781,31.882289551180229],[-106.54906597910325,31.882280084903083],[-106.5490713518298,31.88228658296439],[-106.54928265669953,31.882153786331465],[-106.54933622823242,31.882216244290071],[-106.54934446543247,31.882211066636785],[-106.5493583928011,31.882227289014391],[-106.54935050320576,31.882232730987663],[-106.54937088303379,31.882256807139694],[-106.54937879098809,31.882251645198991],[-106.54939304761596,31.88226785185795],[-106.5493851764365,31.8822735747674],[-106.54943702756849,31.882334105978558],[-106.54943601268762,31.88233456268614],[-106.54917783995209,31.882497089478701],[-106.54906036949039,31.882360565507916],[-106.54905209548843,31.882365182174947],[-106.54904067200368,31.882351935694235]],[[-106.54949790596073,31.882388091315534],[-106.54949488890661,31.882382325370862],[-106.54951481418556,31.882369271725292],[-106.54952941740554,31.882385742737561],[-106.54952497984887,31.882388488151854],[-106.54954435464832,31.882412330435788],[-106.54955074722392,31.882409210797313],[-106.54956438218535,31.882426009834447],[-106.54955901307422,31.882429643346438],[-106.54961357163401,31.882492054088786],[-106.54961868610732,31.882489558175156],[-106.54963431288924,31.882506543947667],[-106.54962921782968,31.882509319845202],[-106.54964970712255,31.882535079804995],[-106.54965538706651,31.882531149639988],[-106.54966831857058,31.882547132287922],[-106.54964776452277,31.882560784109589],[-106.54964388945402,31.882557028201532],[-106.54962038447341,31.882570815449753],[-106.54962475326052,31.882577080498852],[-106.54960568689144,31.882588122276559],[-106.54960175668762,31.882583525365789],[-106.54951613836838,31.882636021494307],[-106.54952003179389,31.882640057439819],[-106.54950355839289,31.882650412715769],[-106.54950003099255,31.882646922022623],[-106.54947049939864,31.882664374131835],[-106.5494751411801,31.882669781619246],[-106.54945574552613,31.882680839089428],[-106.5493068922306,31.882508379924534],[-106.54945639389341,31.882413996087255],[-106.54945250047982,31.882409960139523],[-106.54947114661002,31.882397530277654],[-106.54947505844133,31.882401847159031],[-106.54949790596073,31.882388091315534]]]},"properties":{"OBJECTID":19347,"Join_Count":2,"TARGET_FID":41951,"PlaceType":"Neighborhood Center","SB840":"Y","TRACTCE":"010213","BLKGRPCE":"3","GEOID":"481410102133","INTPTLAT":"+31.8904603","INTPTLON":"-106.5326281","GrowthArea":"Y","LotArea":81350,"ZONELABEL":"R-3A","Shape_Length":2816.5791455376052,"Shape_Area":81349.849828264851}},{"type":"Feature","id":19358,"geometry":{"type":"Polygon","coordinates":[[[-106.57067686286298,31.884780625531924],[-106.57093743000264,31.885613327596186],[-106.57098306664116,31.885595016978957],[-106.57126058844914,31.885477675494069],[-106.57149659406976,31.885372685875041],[-106.57155381098801,31.885206219248637],[-106.5713991729403,31.884660263116555],[-106.57139152530961,31.884633260742351],[-106.57067686286298,31.884780625531924]]]},"properties":{"OBJECTID":19358,"Join_Count":1,"TARGET_FID":41963,"PlaceType":"Neighborhood Center","SB840":"Y","TRACTCE":"010226","BLKGRPCE":"1","GEOID":"481410102261","INTPTLAT":"+31.8810271","INTPTLON":"-106.5662863","GrowthArea":"Y","LotArea":64040,"ZONELABEL":"C-3","Shape_Length":1013.7232673592375,"Shape_Area":64040.063108300994}},{"type":"Feature","id":19359,"geometry":{"type":"Polygon","coordinates":[[[-106.57054337577233,31.885144673449457],[-106.5704533213416,31.884826718864975],[-106.57139152530961,31.884633260742351],[-106.57107635384025,31.883520538189902],[-106.57096604565129,31.883548888761979],[-106.57029664969201,31.883855258241017],[-106.5701939528895,31.883665161406931],[-106.57013432172835,31.883688920196672],[-106.56873597128406,31.884246066434887],[-106.56886039326078,31.884664218596935],[-106.56886188253976,31.884669221782588],[-106.56886238932668,31.884670923639884],[-106.56890352574895,31.884809173678846],[-106.56894260886322,31.884940522685376],[-106.56898270831168,31.885075283388623],[-106.56902207274494,31.88520757454193],[-106.56906172144663,31.885340822166793],[-106.56912293365447,31.885546538823355],[-106.56914355223198,31.885615828486635],[-106.56920700822747,31.885829081010542],[-106.56924458223567,31.885955354514312],[-106.5692661698785,31.886027899153166],[-106.56945089877084,31.886007574717077],[-106.56963463805931,31.885981524696138],[-106.56981714453772,31.885949786029624],[-106.56999817517863,31.885912398359494],[-106.57017748983638,31.885869412933307],[-106.57035485294337,31.885820886200168],[-106.57053002630069,31.885766882865799],[-106.5703692082819,31.885189231227155],[-106.57054337577233,31.885144673449457]]]},"properties":{"OBJECTID":19359,"Join_Count":4,"TARGET_FID":41964,"PlaceType":"Neighborhood Center","SB840":"Y","TRACTCE":"010226","BLKGRPCE":"1","GEOID":"481410102261","INTPTLAT":"+31.8810271","INTPTLON":"-106.5662863","GrowthArea":"Y","LotArea":441356,"ZONELABEL":"R-3A","Shape_Length":3028.1598268493703,"Shape_Area":441355.52348799794}},{"type":"Feature","id":19387,"geometry":{"type":"Polygon","coordinates":[[[-106.58106400180756,31.876475835544436],[-106.58095292548876,31.876495451408775],[-106.58117624265083,31.877342779666275],[-106.58126165002379,31.877312830696891],[-106.58135449568326,31.877290768887033],[-106.5814489934515,31.877274599221469],[-106.58154462939156,31.87726440958431],[-106.58164088426591,31.877260255597911],[-106.58173723658304,31.877262158670241],[-106.58183316388937,31.877270109545879],[-106.58192814470127,31.877284065503808],[-106.58207540048409,31.87730213039632],[-106.58212581366016,31.877302580166951],[-106.58207402329485,31.877089036037354],[-106.58203434370661,31.876925429441322],[-106.58200170299887,31.876790841176639],[-106.58196906126909,31.876656252046235],[-106.58193642074643,31.876521663749813],[-106.58189972651468,31.87637035902981],[-106.58189755675417,31.87636141513909],[-106.58189319593492,31.876343429020295],[-106.58188993450079,31.876329982347311],[-106.58188397968969,31.876331034041094],[-106.58188102591716,31.876318256376869],[-106.58106400180756,31.876475835544436]]]},"properties":{"OBJECTID":19387,"Join_Count":5,"TARGET_FID":42013,"PlaceType":"Regional Corridor","SB840":"Y","TRACTCE":"010227","BLKGRPCE":"2","GEOID":"481410102272","INTPTLAT":"+31.8713773","INTPTLON":"-106.5843813","GrowthArea":"Y","LotArea":96014,"ZONELABEL":"C-3","Shape_Length":1279.0657534416209,"Shape_Area":96013.574283395224}},{"type":"Feature","id":19388,"geometry":{"type":"Polygon","coordinates":[[[-106.58202218024185,31.876136065788302],[-106.58181935388941,31.875944438568968],[-106.58176920410905,31.875990962096154],[-106.58185439191797,31.876323393079463],[-106.58188102591716,31.876318256376869],[-106.58187773337563,31.876304016323292],[-106.58201237720027,31.876146796355123],[-106.58202218024185,31.876136065788302]]]},"properties":{"OBJECTID":19388,"Join_Count":2,"TARGET_FID":42014,"PlaceType":"Regional Corridor","SB840":"Y","TRACTCE":"010227","BLKGRPCE":"2","GEOID":"481410102272","INTPTLAT":"+31.8713773","INTPTLON":"-106.5843813","GrowthArea":"Y","LotArea":5206,"ZONELABEL":"C-3","Shape_Length":330.27467082050998,"Shape_Area":5206.3991874566582}},{"type":"Feature","id":19389,"geometry":{"type":"Polygon","coordinates":[[[-106.58189319593492,31.876343429020295],[-106.58189755675417,31.87636141513909],[-106.58189910318977,31.876367791149598],[-106.5822133465945,31.876307501519001],[-106.5822091416433,31.876290162795222],[-106.5822052927075,31.876274291051942],[-106.58220483488218,31.876272403518918],[-106.58220221714846,31.876261609563024],[-106.58219944861379,31.876250197783971],[-106.58207367392433,31.875726106894803],[-106.58206812945791,31.875702077825288],[-106.58206215489768,31.875703086217168],[-106.58182718561385,31.875937172684189],[-106.58181935388941,31.875944438568968],[-106.58202218024185,31.876136065788302],[-106.58201237720027,31.876146796355123],[-106.58187773337563,31.876304016323292],[-106.58188102591716,31.876318256376869],[-106.58188397968969,31.876331034041094],[-106.58188993450079,31.876329982347311],[-106.58189319593492,31.876343429020295]]]},"properties":{"OBJECTID":19389,"Join_Count":3,"TARGET_FID":42015,"PlaceType":"Regional Corridor","SB840":"Y","TRACTCE":"010227","BLKGRPCE":"2","GEOID":"481410102272","INTPTLAT":"+31.8713773","INTPTLON":"-106.5843813","GrowthArea":"Y","LotArea":15064,"ZONELABEL":"C-3","Shape_Length":638.09131814134764,"Shape_Area":15063.690344355842}},{"type":"Feature","id":19390,"geometry":{"type":"Polygon","coordinates":[[[-106.58087341147238,31.875649786746742],[-106.58156039194623,31.875523995015321],[-106.58157459296817,31.875578210462713],[-106.58175197355743,31.875546104487903],[-106.5817612093014,31.875589205930154],[-106.58158061907028,31.875621278033829],[-106.58163510192381,31.875825174610746],[-106.58164791085937,31.875847643860489],[-106.58169050901142,31.875891383739056],[-106.58181935388941,31.875944438568968],[-106.58182718561385,31.875937172684189],[-106.58206215489768,31.875703086217168],[-106.58217194406136,31.875416874640766],[-106.58228968585068,31.875360351958165],[-106.58232322882995,31.875338289731516],[-106.58246415970588,31.875245598398735],[-106.58252492793746,31.875205629436433],[-106.58261185110244,31.87514845816024],[-106.5826131568449,31.875147599722862],[-106.58261330505941,31.875136790460054],[-106.58261517728329,31.875000710400279],[-106.58255769645577,31.875097337953328],[-106.58235111161063,31.875233212639532],[-106.58235886469669,31.874669925662602],[-106.58262085675479,31.874587962573191],[-106.58262126833309,31.874558116993107],[-106.58251869708347,31.874588391184272],[-106.58075681662388,31.875144438873473],[-106.58087341147238,31.875649786746742]]]},"properties":{"OBJECTID":19390,"Join_Count":4,"TARGET_FID":42016,"PlaceType":"Regional Corridor","SB840":"Y","TRACTCE":"010227","BLKGRPCE":"2","GEOID":"481410102272","INTPTLAT":"+31.8713773","INTPTLON":"-106.5843813","GrowthArea":"Y","LotArea":134663,"ZONELABEL":"R-3","Shape_Length":2192.5621252037777,"Shape_Area":134663.31214572562}},{"type":"Feature","id":19399,"geometry":{"type":"Polygon","coordinates":[[[-106.57076441880838,31.885088123433942],[-106.57054337577233,31.885144673449457],[-106.5703692082819,31.885189231227155],[-106.57053002630069,31.885766882865799],[-106.57070278056824,31.885707473535692],[-106.57093727010285,31.885613391256189],[-106.57093743000264,31.885613327596186],[-106.57077244154739,31.885086070893799],[-106.57076441880838,31.885088123433942]]]},"properties":{"OBJECTID":19399,"Join_Count":1,"TARGET_FID":42027,"PlaceType":"Neighborhood Center","SB840":"Y","TRACTCE":"010226","BLKGRPCE":"1","GEOID":"481410102261","INTPTLAT":"+31.8810271","INTPTLON":"-106.5662863","GrowthArea":"Y","LotArea":27778,"ZONELABEL":"C-3","Shape_Length":683.49688384274418,"Shape_Area":27777.950883908947}},{"type":"Feature","id":19627,"geometry":{"type":"Polygon","coordinates":[[[-106.58121975290275,31.849162228658102],[-106.58145165426599,31.84975248310699],[-106.58146569952363,31.849788232671802],[-106.5815672585959,31.849759606001864],[-106.5816121824802,31.84974663592396],[-106.58137763623859,31.849151298558798],[-106.58121975290275,31.849162228658102]]]},"properties":{"OBJECTID":19627,"Join_Count":2,"TARGET_FID":42323,"PlaceType":"Regional Corridor","SB840":"Y","TRACTCE":"001204","BLKGRPCE":"2","GEOID":"481410012042","INTPTLAT":"+31.8458468","INTPTLON":"-106.5767853","GrowthArea":"Y","LotArea":11213,"ZONELABEL":"R-4","Shape_Length":565.81716652040677,"Shape_Area":11212.638927737935}},{"type":"Feature","id":19628,"geometry":{"type":"Polygon","coordinates":[[[-106.58117831754498,31.849796318691922],[-106.58129088381602,31.849767714091378],[-106.58132332081335,31.849759471344946],[-106.58134786907826,31.849821954195647],[-106.58134940226553,31.849825855022058],[-106.58137631964225,31.84981888340895],[-106.58146837456589,31.849795041436096],[-106.58146569952363,31.849788232671802],[-106.58145165426599,31.84975248310699],[-106.58121975290275,31.849162228658102],[-106.58121514539927,31.849150501262983],[-106.58118758811823,31.849151129154546],[-106.58079210461074,31.849153672295387],[-106.58079013658683,31.849153692668729],[-106.58104792857023,31.849824058666094],[-106.58104980803043,31.849828975320253],[-106.5811569558638,31.849801747316103],[-106.58117831754498,31.849796318691922]]]},"properties":{"OBJECTID":19628,"Join_Count":4,"TARGET_FID":42324,"PlaceType":"Regional Corridor","SB840":"Y","TRACTCE":"001204","BLKGRPCE":"2","GEOID":"481410012042","INTPTLAT":"+31.8458468","INTPTLON":"-106.5767853","GrowthArea":"Y","LotArea":31342,"ZONELABEL":"R-4","Shape_Length":790.53795906405639,"Shape_Area":31342.447476833608}},{"type":"Feature","id":19629,"geometry":{"type":"Polygon","coordinates":[[[-106.58137631964225,31.84981888340895],[-106.58162532119601,31.850468167790375],[-106.58182942596005,31.850409277084484],[-106.5815672585959,31.849759606001864],[-106.58146569952363,31.849788232671802],[-106.58146837456589,31.849795041436096],[-106.58137631964225,31.84981888340895]]]},"properties":{"OBJECTID":19629,"Join_Count":2,"TARGET_FID":42328,"PlaceType":"Regional Corridor","SB840":"Y","TRACTCE":"001204","BLKGRPCE":"2","GEOID":"481410012042","INTPTLAT":"+31.8458468","INTPTLON":"-106.5767853","GrowthArea":"Y","LotArea":16190,"ZONELABEL":"R-4","Shape_Length":631.10223314330165,"Shape_Area":16189.677787434124}},{"type":"Feature","id":19630,"geometry":{"type":"Polygon","coordinates":[[[-106.58120261031837,31.849859261850192],[-106.58134252442242,31.850201438664094],[-106.58146892828903,31.850513291352538],[-106.58157876597237,31.850481600037821],[-106.58162532119601,31.850468167790375],[-106.58137631964225,31.84981888340895],[-106.58134940226553,31.849825855022058],[-106.58134786907826,31.849821954195647],[-106.58132332081335,31.849759471344946],[-106.58129088381602,31.849767714091378],[-106.58117831754498,31.849796318691922],[-106.58120261031837,31.849859261850192]]]},"properties":{"OBJECTID":19630,"Join_Count":3,"TARGET_FID":42329,"PlaceType":"Regional Corridor","SB840":"Y","TRACTCE":"001204","BLKGRPCE":"2","GEOID":"481410012042","INTPTLAT":"+31.8458468","INTPTLON":"-106.5767853","GrowthArea":"Y","LotArea":14531,"ZONELABEL":"R-4","Shape_Length":656.98200236333446,"Shape_Area":14531.355807367763}},{"type":"Feature","id":19631,"geometry":{"type":"Polygon","coordinates":[[[-106.58265608307362,31.850409113304956],[-106.58284668493587,31.850913300376003],[-106.5832851681392,31.850793333477963],[-106.58317885849316,31.850536332810275],[-106.58308096116204,31.850286138162623],[-106.58265608307362,31.850409113304956]]]},"properties":{"OBJECTID":19631,"Join_Count":1,"TARGET_FID":42330,"PlaceType":"Regional Corridor","SB840":"Y","TRACTCE":" ","BLKGRPCE":" ","GEOID":" ","INTPTLAT":" ","INTPTLON":" ","GrowthArea":"Y","LotArea":27287,"ZONELABEL":"C-3","Shape_Length":670.13024723816636,"Shape_Area":27286.774979801521}},{"type":"Feature","id":19634,"geometry":{"type":"Polygon","coordinates":[[[-106.58299793346184,31.863509282229419],[-106.58381216425647,31.863545363298623],[-106.58344772913163,31.863171105164337],[-106.58329006045992,31.863335695134825],[-106.58299793346184,31.863509282229419]]]},"properties":{"OBJECTID":19634,"Join_Count":2,"TARGET_FID":42333,"PlaceType":"Neighborhood Center","SB840":"Y","TRACTCE":"010227","BLKGRPCE":"2","GEOID":"481410102272","INTPTLAT":"+31.8713773","INTPTLON":"-106.5843813","GrowthArea":"Y","LotArea":15297,"ZONELABEL":"C-3","Shape_Length":618.02385973569358,"Shape_Area":15297.138801714265}},{"type":"Feature","id":19635,"geometry":{"type":"Polygon","coordinates":[[[-106.5822733207883,31.863746702964775],[-106.5822854046325,31.86475415897824],[-106.58287473255601,31.864543062233398],[-106.58290028023924,31.86357574755192],[-106.58283945691753,31.863592472438409],[-106.5823061464058,31.863739114532198],[-106.5822733207883,31.863746702964775]]]},"properties":{"OBJECTID":19635,"Join_Count":3,"TARGET_FID":42334,"PlaceType":"Neighborhood Center","SB840":"Y","TRACTCE":"010227","BLKGRPCE":"2","GEOID":"481410102272","INTPTLAT":"+31.8713773","INTPTLON":"-106.5843813","GrowthArea":"Y","LotArea":67628,"ZONELABEL":"R-3","Shape_Length":1121.302853313794,"Shape_Area":67627.827744995491}},{"type":"Feature","id":19636,"geometry":{"type":"Polygon","coordinates":[[[-106.58100287022764,31.863782063078091],[-106.58100326015071,31.863828805697768],[-106.58101452372479,31.865180743873104],[-106.58101497712396,31.865235213591049],[-106.58143551504229,31.865069249157219],[-106.58185902527592,31.864908884535769],[-106.5822854046325,31.86475415897824],[-106.5822733207883,31.863746702964775],[-106.58187691003019,31.863812385232325],[-106.58172616726684,31.863791293487285],[-106.58172208159476,31.863791241149954],[-106.58158689837641,31.8637895075464],[-106.58157562158009,31.863786107717232],[-106.58147957374918,31.863757147584796],[-106.58147736760537,31.86375648205642],[-106.58145724305427,31.8637536666618],[-106.58141796387149,31.863748170878686],[-106.58135894609067,31.863749910798489],[-106.58115595740161,31.863755894323258],[-106.58100287022764,31.863782063078091]]]},"properties":{"OBJECTID":19636,"Join_Count":3,"TARGET_FID":42335,"PlaceType":"Neighborhood Center","SB840":"Y","TRACTCE":"010227","BLKGRPCE":"2","GEOID":"481410102272","INTPTLAT":"+31.8713773","INTPTLON":"-106.5843813","GrowthArea":"Y","LotArea":174782,"ZONELABEL":"C-3","Shape_Length":1727.3888268206163,"Shape_Area":174781.92253891847}},{"type":"Feature","id":19638,"geometry":{"type":"Polygon","coordinates":[[[-106.58930069952541,31.869046073162313],[-106.58930209773096,31.869049666944374],[-106.589318301093,31.869045037839115],[-106.58970090593499,31.868935738742007],[-106.59015274448257,31.868806658739032],[-106.59016345524499,31.868803598669722],[-106.59016276579356,31.868801827965221],[-106.59014601877013,31.868758783356586],[-106.59013477293787,31.86875997407174],[-106.59006188456515,31.868767689175577],[-106.58996940882101,31.868793362107429],[-106.58979891849337,31.868796235331804],[-106.58948080435322,31.868802955504137],[-106.58940795065831,31.868796211721797],[-106.58920979340351,31.868812401614619],[-106.58930069952541,31.869046073162313]]]},"properties":{"OBJECTID":19638,"Join_Count":3,"TARGET_FID":42341,"PlaceType":"Regional Corridor","SB840":"Y","TRACTCE":"010227","BLKGRPCE":"2","GEOID":"481410102272","INTPTLAT":"+31.8713773","INTPTLON":"-106.5843813","GrowthArea":"Y","LotArea":14297,"ZONELABEL":"R-3","Shape_Length":682.91702597409892,"Shape_Area":14296.797955875089}},{"type":"Feature","id":19639,"geometry":{"type":"Polygon","coordinates":[[[-106.58970090593499,31.868935738742007],[-106.58975834186495,31.869084701565662],[-106.58984471353797,31.869122908749894],[-106.59006610653779,31.869697089472279],[-106.59046643043733,31.869586660461827],[-106.59016439128385,31.868803331488401],[-106.59016345524499,31.868803598669722],[-106.59015274448257,31.868806658739032],[-106.58970090593499,31.868935738742007]]]},"properties":{"OBJECTID":19639,"Join_Count":4,"TARGET_FID":42343,"PlaceType":"Regional Corridor","SB840":"Y","TRACTCE":"010227","BLKGRPCE":"2","GEOID":"481410102272","INTPTLAT":"+31.8713773","INTPTLON":"-106.5843813","GrowthArea":"Y","LotArea":40529,"ZONELABEL":"C-3","Shape_Length":889.50583527249137,"Shape_Area":40529.214349875838}},{"type":"Feature","id":19640,"geometry":{"type":"Polygon","coordinates":[[[-106.58070581916661,31.867790939262559],[-106.58059903156403,31.867808697542827],[-106.58049409958338,31.867833223409288],[-106.58039161092715,31.867864376664812],[-106.57901764663539,31.868206324748321],[-106.57900581498291,31.86821019187877],[-106.57899488828022,31.86821566587043],[-106.57898516361323,31.868222596984001],[-106.57897690480122,31.868230796428954],[-106.57897033753677,31.868240042919361],[-106.57896563789791,31.868250085031466],[-106.5789629359878,31.868260648255049],[-106.57896230404457,31.868271447306402],[-106.57896375978399,31.868282188677629],[-106.57904386611042,31.868760401557797],[-106.57950775828341,31.870717608161595],[-106.57953511322037,31.870833018717519],[-106.57967237819645,31.870832590199925],[-106.58086356553196,31.87082879348937],[-106.58086571740489,31.870717453917493],[-106.58092256074175,31.867776078180455],[-106.58081386439815,31.867780045000913],[-106.58070581916661,31.867790939262559]]]},"properties":{"OBJECTID":19640,"Join_Count":3,"TARGET_FID":42344,"PlaceType":"Regional Corridor","SB840":"Y","TRACTCE":"010227","BLKGRPCE":"2","GEOID":"481410102272","INTPTLAT":"+31.8713773","INTPTLON":"-106.5843813","GrowthArea":"Y","LotArea":542613,"ZONELABEL":"P-R 2","Shape_Length":3116.7474952534035,"Shape_Area":542612.71137739008}},{"type":"Feature","id":19641,"geometry":{"type":"Polygon","coordinates":[[[-106.59059924164086,31.873052402311902],[-106.59060107857314,31.873057269383381],[-106.59062040221643,31.873105804817094],[-106.59076253317637,31.873465868004363],[-106.59183589023409,31.873164907128928],[-106.59185513856703,31.873159509951321],[-106.59169480238145,31.872739983303237],[-106.59059924164086,31.873052402311902]]]},"properties":{"OBJECTID":19641,"Join_Count":4,"TARGET_FID":42346,"PlaceType":"Regional Corridor","SB840":"Y","TRACTCE":"010227","BLKGRPCE":"1","GEOID":"481410102271","INTPTLAT":"+31.8764533","INTPTLON":"-106.5904543","GrowthArea":"Y","LotArea":57116,"ZONELABEL":"R-3","Shape_Length":1034.8876145565935,"Shape_Area":57115.631531214836}},{"type":"Feature","id":19642,"geometry":{"type":"Polygon","coordinates":[[[-106.59145633044474,31.873271333769804],[-106.59145746531944,31.873274239246598],[-106.5915592187624,31.873535070472482],[-106.59194300665979,31.873429582114809],[-106.59183718530339,31.873168106596314],[-106.59183589023409,31.873164907128928],[-106.59145633044474,31.873271333769804]]]},"properties":{"OBJECTID":19642,"Join_Count":3,"TARGET_FID":42347,"PlaceType":"Regional Corridor","SB840":"Y","TRACTCE":"010227","BLKGRPCE":"1","GEOID":"481410102271","INTPTLAT":"+31.8764533","INTPTLON":"-106.5904543","GrowthArea":"Y","LotArea":12645,"ZONELABEL":"R-3","Shape_Length":452.18982279054313,"Shape_Area":12645.016880322413}},{"type":"Feature","id":19643,"geometry":{"type":"Polygon","coordinates":[[[-106.55263390359623,31.880154734333946],[-106.5525588160658,31.880173671763458],[-106.55265604426253,31.880427190951753],[-106.5532663085371,31.880971058884331],[-106.55330601762043,31.880966701935066],[-106.5534695675772,31.880948755330557],[-106.55349587745449,31.88094028628656],[-106.5536696912181,31.880884338145535],[-106.55384333068262,31.880828446862409],[-106.55401198656021,31.880774158191365],[-106.55417822163074,31.880720648814727],[-106.55434445657286,31.880667140125379],[-106.55451069126856,31.880613630322358],[-106.55454308105709,31.880603204125997],[-106.55446265734149,31.880148486404543],[-106.55442845949894,31.879955131681733],[-106.55427226298713,31.87999563386013],[-106.55411385085395,31.88002929568087],[-106.55395363558497,31.880056030594702],[-106.55379203278252,31.880075767260553],[-106.55362946157854,31.880088455849055],[-106.55346634328349,31.880094063590295],[-106.55330310244123,31.880092574723975],[-106.55316800315917,31.880091388259356],[-106.55303306044382,31.88009704261875],[-106.55289874725622,31.880109518826959],[-106.55276553906633,31.880128771596535],[-106.55263390359623,31.880154734333946]]]},"properties":{"OBJECTID":19643,"Join_Count":2,"TARGET_FID":42350,"PlaceType":"Neighborhood Center","SB840":"Y","TRACTCE":"010213","BLKGRPCE":"3","GEOID":"481410102133","INTPTLAT":"+31.8904603","INTPTLON":"-106.5326281","GrowthArea":"Y","LotArea":147602,"ZONELABEL":"R-3A","Shape_Length":1617.9049648332527,"Shape_Area":147601.79844308601}},{"type":"Feature","id":19646,"geometry":{"type":"Polygon","coordinates":[[[-106.57179714766637,31.89790958564371],[-106.57175056901939,31.901679271293169],[-106.57191470121685,31.901541509805149],[-106.57239737748856,31.901049525885021],[-106.5728221405454,31.900520100238317],[-106.57318502256805,31.899958172793912],[-106.5734826417588,31.899368992297457],[-106.57402962271868,31.897988888343644],[-106.57179714766637,31.89790958564371]]]},"properties":{"OBJECTID":19646,"Join_Count":1,"TARGET_FID":42357,"PlaceType":"Regional Corridor","SB840":"Y","TRACTCE":"010226","BLKGRPCE":"2","GEOID":"481410102262","INTPTLAT":"+31.8961515","INTPTLON":"-106.5703717","GrowthArea":"Y","LotArea":572989,"ZONELABEL":"C-4","Shape_Length":3599.9961776673063,"Shape_Area":572988.9378295003}},{"type":"Feature","id":19647,"geometry":{"type":"Polygon","coordinates":[[[-106.58338518956248,31.903566824511763],[-106.58352910124869,31.903566643451278],[-106.58862286576895,31.903560163275205],[-106.58860968337335,31.903471189571814],[-106.58791250196623,31.898765360506975],[-106.5878279280042,31.898194472892786],[-106.58781488175654,31.898194489627464],[-106.58604591968148,31.898196751463285],[-106.58556397260008,31.89836302010902],[-106.58555958115485,31.898363025854376],[-106.58538597038452,31.898363245813503],[-106.58538568202218,31.898197589550168],[-106.58389646201256,31.898199468696063],[-106.5839592491231,31.898275013834866],[-106.5840087778643,31.898334606860871],[-106.58396587310271,31.898360559583786],[-106.58387677271796,31.89841445470341],[-106.58369830044882,31.898199716480732],[-106.58338236489351,31.898200112442947],[-106.58338240266464,31.89827128365204],[-106.5833824196025,31.898302551781892],[-106.58338518956248,31.903566824511763]]]},"properties":{"OBJECTID":19647,"Join_Count":3,"TARGET_FID":42358,"PlaceType":"Regional Corridor","SB840":" ","TRACTCE":"010228","BLKGRPCE":"3","GEOID":"481410102283","INTPTLAT":"+31.8965749","INTPTLON":"-106.5881052","GrowthArea":"Y","LotArea":2921905,"ZONELABEL":"R-3","Shape_Length":7141.8385993852726,"Shape_Area":2921905.4038344333}},{"type":"Feature","id":19648,"geometry":{"type":"Polygon","coordinates":[[[-106.5549020624595,31.904018163155161],[-106.55748961855232,31.904243938592234],[-106.55767893278399,31.904286516968401],[-106.556774353086,31.899180022528114],[-106.55493558435079,31.899221556604992],[-106.5549020624595,31.904018163155161]]]},"properties":{"OBJECTID":19648,"Join_Count":4,"TARGET_FID":42359,"PlaceType":"Regional Corridor","SB840":"Y","TRACTCE":"010213","BLKGRPCE":"3","GEOID":"481410102133","INTPTLAT":"+31.8904603","INTPTLON":"-106.5326281","GrowthArea":"Y","LotArea":1280794,"ZONELABEL":"C-3","Shape_Length":5062.688868744186,"Shape_Area":1280794.3047995558}},{"type":"Feature","id":19649,"geometry":{"type":"Polygon","coordinates":[[[-106.58935610483178,31.908127238444319],[-106.58998694545009,31.908195311124821],[-106.58998261068029,31.907674779578482],[-106.58988069186771,31.907648808436488],[-106.58893010144025,31.907518725439193],[-106.58886915794476,31.907746244638716],[-106.58890097578293,31.90775059875935],[-106.58888835004535,31.907800394535052],[-106.58885653219104,31.907796040411426],[-106.58879010541681,31.908044034075736],[-106.58893235930184,31.908064946642018],[-106.58935610483178,31.908127238444319]]]},"properties":{"OBJECTID":19649,"Join_Count":4,"TARGET_FID":42363,"PlaceType":"Regional Corridor","SB840":"Y","TRACTCE":"010228","BLKGRPCE":"2","GEOID":"481410102282","INTPTLAT":"+31.9024075","INTPTLON":"-106.5957772","GrowthArea":"Y","LotArea":68820,"ZONELABEL":"C-3","Shape_Length":1112.6950778271944,"Shape_Area":68820.300738193371}},{"type":"Feature","id":19672,"geometry":{"type":"Polygon","coordinates":[[[-106.56061314583999,31.860854371379034],[-106.56037536541795,31.861290879252824],[-106.56071549244264,31.861393850885747],[-106.56061907031507,31.861642437628007],[-106.56065975791797,31.861642712800496],[-106.56114284222255,31.861645981006049],[-106.56115736548655,31.860091986358775],[-106.56103419923124,31.86029658683297],[-106.56061314583999,31.860854371379034]]]},"properties":{"OBJECTID":19672,"Join_Count":3,"TARGET_FID":42416,"PlaceType":"Neighborhood Center","SB840":"Y","TRACTCE":"010225","BLKGRPCE":"2","GEOID":"481410102252","INTPTLAT":"+31.8653556","INTPTLON":"-106.5664762","GrowthArea":"Y","LotArea":74854,"ZONELABEL":"A-O","Shape_Length":1435.465698889426,"Shape_Area":74853.951223735756}},{"type":"Feature","id":19673,"geometry":{"type":"Polygon","coordinates":[[[-106.58344772913163,31.863171105164337],[-106.58381216425647,31.863545363298623],[-106.58383905208602,31.863574677181859],[-106.58394248304084,31.863576164099186],[-106.5840465427878,31.863536896802636],[-106.58453677383852,31.863351900580675],[-106.58451586495721,31.863318287457464],[-106.5840342853209,31.862631530125949],[-106.5839252223851,31.862733824902218],[-106.58381137648415,31.862832251035329],[-106.58369293699195,31.862926646770038],[-106.58365573599826,31.862953966182229],[-106.58344772913163,31.863171105164337]]]},"properties":{"OBJECTID":19673,"Join_Count":4,"TARGET_FID":42417,"PlaceType":"Neighborhood Center","SB840":"Y","TRACTCE":"010227","BLKGRPCE":"2","GEOID":"481410102272","INTPTLAT":"+31.8713773","INTPTLON":"-106.5843813","GrowthArea":"Y","LotArea":61983,"ZONELABEL":"C-3","Shape_Length":997.64901150213382,"Shape_Area":61982.736307366438}},{"type":"Feature","id":19674,"geometry":{"type":"Polygon","coordinates":[[[-106.56760302790472,31.879293580038581],[-106.56756940434514,31.879497886781376],[-106.56780152373953,31.879502446420364],[-106.56819751680629,31.879510223344798],[-106.5682259220998,31.879499129028442],[-106.56841242153862,31.879394682495448],[-106.56835226271254,31.879329406528544],[-106.56836062491517,31.879156213059129],[-106.56810807141896,31.879147637721641],[-106.56810963421574,31.879115284103868],[-106.56779984927253,31.879104765622799],[-106.56781207682693,31.878851485047363],[-106.56812186214637,31.878861957376877],[-106.56837441209423,31.878870570758984],[-106.5683807425805,31.878739454317881],[-106.56849347202095,31.878626620948584],[-106.56826118069253,31.878477972398592],[-106.56802452055307,31.878334429173918],[-106.56778364489109,31.87819608507721],[-106.56763199063012,31.879117595803674],[-106.56760302790472,31.879293580038581]]]},"properties":{"OBJECTID":19674,"Join_Count":1,"TARGET_FID":42419,"PlaceType":"Neighborhood Center","SB840":"Y","TRACTCE":"010226","BLKGRPCE":"1","GEOID":"481410102261","INTPTLAT":"+31.8810271","INTPTLON":"-106.5662863","GrowthArea":"Y","LotArea":74667,"ZONELABEL":"C-3","Shape_Length":1670.9618906842188,"Shape_Area":74667.388808366726}},{"type":"Feature","id":19676,"geometry":{"type":"Polygon","coordinates":[[[-106.5867839924933,31.864319321777486],[-106.58673010195785,31.864204059210227],[-106.58629265118952,31.864341644534221],[-106.58621357754726,31.8643625868127],[-106.58598322884465,31.863889062421681],[-106.58598321169926,31.863889027114144],[-106.58585001904537,31.863615221064773],[-106.58585000084499,31.86361518580788],[-106.58370328999577,31.86438837445511],[-106.5836984222705,31.865091101818287],[-106.58369834495359,31.865091101013309],[-106.5836983254306,31.865093856019705],[-106.58369967005923,31.865093862832943],[-106.5840543705244,31.865095645654137],[-106.58427496001936,31.865096754343668],[-106.58441969567387,31.865097481085115],[-106.58456443133062,31.865098207665842],[-106.58470916698958,31.865098934085864],[-106.58485390265076,31.865099660345173],[-106.58499863837356,31.865100387344174],[-106.58514337403919,31.865101113282027],[-106.58530138553537,31.865101906178896],[-106.58575795686403,31.865104196415523],[-106.58594818348658,31.86510515331727],[-106.58598183153606,31.865105074918922],[-106.58598537916119,31.86459127316855],[-106.5867839924933,31.864319321777486]]]},"properties":{"OBJECTID":19676,"Join_Count":3,"TARGET_FID":42426,"PlaceType":"Neighborhood Center","SB840":"Y","TRACTCE":"010227","BLKGRPCE":"2","GEOID":"481410102272","INTPTLAT":"+31.8713773","INTPTLON":"-106.5843813","GrowthArea":"Y","LotArea":306393,"ZONELABEL":"R-3","Shape_Length":2652.9289399165,"Shape_Area":306392.83398285828}},{"type":"Feature","id":19677,"geometry":{"type":"Polygon","coordinates":[[[-106.57859614568342,31.863902210137276],[-106.57869247661509,31.864379277129924],[-106.57868914523871,31.864400949138293],[-106.57868655716992,31.864417788239912],[-106.57868638900327,31.864418882936818],[-106.5786801508646,31.864428350308689],[-106.57867221086366,31.864436837968526],[-106.57866277469749,31.864444126491925],[-106.57865208917617,31.864450026096886],[-106.57864043097281,31.864454382603217],[-106.57862810381428,31.864457082986714],[-106.57806382950594,31.864585519990559],[-106.57860903436732,31.866580820926018],[-106.57882922924586,31.866421688562408],[-106.57905441811123,31.866267731326634],[-106.57928443488044,31.866119062843314],[-106.57951910790231,31.86597579248857],[-106.57975826441515,31.865838028789575],[-106.58000172684734,31.865705871472322],[-106.58024931446566,31.86557942041561],[-106.58050084284129,31.865458767547313],[-106.58075612748952,31.865344003895849],[-106.58101497712396,31.865235213591049],[-106.58101452372479,31.865180743873104],[-106.58100326015071,31.863828805697768],[-106.58100287022764,31.863782063078091],[-106.58100275541982,31.863768319027017],[-106.57911969849482,31.863835653911],[-106.57859614568342,31.863902210137276]]]},"properties":{"OBJECTID":19677,"Join_Count":2,"TARGET_FID":42475,"PlaceType":"Regional Corridor","SB840":"Y","TRACTCE":"010227","BLKGRPCE":"2","GEOID":"481410102272","INTPTLAT":"+31.8713773","INTPTLON":"-106.5843813","GrowthArea":"Y","LotArea":612297,"ZONELABEL":"C-3","Shape_Length":3319.9725983295325,"Shape_Area":612296.79227735777}},{"type":"Feature","id":19678,"geometry":{"type":"Polygon","coordinates":[[[-106.57811434712535,31.86377133886166],[-106.57787723331619,31.863902611218297],[-106.57806382950594,31.864585519990559],[-106.57862810381428,31.864457082986714],[-106.57864043097281,31.864454382603217],[-106.57865208917617,31.864450026096886],[-106.57866277469749,31.864444126491925],[-106.57867221086366,31.864436837968526],[-106.57868015080531,31.864428349408275],[-106.57868638894396,31.864418882036375],[-106.57868655716992,31.864417788239912],[-106.57868914523871,31.864400949138293],[-106.57869193349933,31.864382810568205],[-106.57869247661509,31.864379277129924],[-106.57855707513865,31.863708716296927],[-106.57811434712535,31.86377133886166]]]},"properties":{"OBJECTID":19678,"Join_Count":1,"TARGET_FID":42476,"PlaceType":"Regional Corridor","SB840":"Y","TRACTCE":"010227","BLKGRPCE":"2","GEOID":"481410102272","INTPTLAT":"+31.8713773","INTPTLON":"-106.5843813","GrowthArea":"Y","LotArea":58261,"ZONELABEL":"C-3","Shape_Length":949.27463286263583,"Shape_Area":58260.644472893022}},{"type":"Feature","id":19680,"geometry":{"type":"Polygon","coordinates":[[[-106.56617608840889,31.907391792303386],[-106.56557296015363,31.907324030210273],[-106.56468226758768,31.907168983984114],[-106.56427340611194,31.90709253664334],[-106.56329304545055,31.906865056536656],[-106.56317110194361,31.906840301648785],[-106.55889911614274,31.905903777280468],[-106.55826323550677,31.905769228722516],[-106.55830744206769,31.906015391433765],[-106.55892136634172,31.909275399631998],[-106.56009505991859,31.91286040700929],[-106.56039318540695,31.912873089549258],[-106.5607101819929,31.91288657468963],[-106.56079635596335,31.91165113843206],[-106.5655894025804,31.91161500969298],[-106.56559285392329,31.910663879889977],[-106.56616433033004,31.91065981733567],[-106.56617608840889,31.907391792303386]]]},"properties":{"OBJECTID":19680,"Join_Count":3,"TARGET_FID":42479,"PlaceType":"Regional Corridor","SB840":"Y","TRACTCE":"010220","BLKGRPCE":"1","GEOID":"481410102201","INTPTLAT":"+31.9487970","INTPTLON":"-106.5377893","GrowthArea":"Y","LotArea":4120497,"ZONELABEL":"C-4","Shape_Length":9014.0704351526019,"Shape_Area":4120497.1921725865}},{"type":"Feature","id":19681,"geometry":{"type":"Polygon","coordinates":[[[-106.58195082537995,31.911531523852602],[-106.58132032585588,31.911562478234384],[-106.57938820620112,31.911625428270447],[-106.57912704954371,31.908769117221809],[-106.57910885959494,31.908532923930444],[-106.57910724853129,31.908533012913509],[-106.57829767625879,31.908510891215847],[-106.5781808060467,31.908576413481985],[-106.57801975345274,31.908572370701989],[-106.57794103451995,31.908501149955235],[-106.57744540962854,31.908487602565049],[-106.57752536287066,31.914996484281129],[-106.57752544349249,31.915003012703348],[-106.57752978117153,31.915003015261941],[-106.58195082537995,31.911531523852602]]]},"properties":{"OBJECTID":19681,"Join_Count":1,"TARGET_FID":42480,"PlaceType":"Regional Corridor","SB840":"Y","TRACTCE":"010220","BLKGRPCE":"1","GEOID":"481410102201","INTPTLAT":"+31.9487970","INTPTLON":"-106.5377893","GrowthArea":"Y","LotArea":1465837,"ZONELABEL":"C-4","Shape_Length":6695.5938640067961,"Shape_Area":1465836.848958334}},{"type":"Feature","id":19682,"geometry":{"type":"Polygon","coordinates":[[[-106.57292566584714,31.890049353866011],[-106.57271839108715,31.889905828515925],[-106.57252064331976,31.889927786185503],[-106.57232209313948,31.889943616369042],[-106.5721230017196,31.889953297522155],[-106.57192362871574,31.889956817207164],[-106.57175392025687,31.8899545656679],[-106.57175866209899,31.890925590049132],[-106.5730938141274,31.890644558150335],[-106.57292566584714,31.890049353866011]]]},"properties":{"OBJECTID":19682,"Join_Count":1,"TARGET_FID":42482,"PlaceType":"Neighborhood Center","SB840":"Y","TRACTCE":"010226","BLKGRPCE":"2","GEOID":"481410102262","INTPTLAT":"+31.8961515","INTPTLON":"-106.5703717","GrowthArea":"Y","LotArea":118850,"ZONELABEL":"C-3","Shape_Length":1385.9475707292734,"Shape_Area":118849.96864582571}},{"type":"Feature","id":19683,"geometry":{"type":"Polygon","coordinates":[[[-106.57123178548035,31.891036486526829],[-106.57173041569393,31.890931535100144],[-106.57175866209899,31.890925590049132],[-106.57175392025687,31.8899545656679],[-106.57172423754226,31.889954171840419],[-106.57158003852274,31.889947937902861],[-106.57143609188689,31.889938346967348],[-106.57129250612554,31.889925406484814],[-106.57115462337885,31.889911353590708],[-106.57090650548771,31.889886064732217],[-106.57123178548035,31.891036486526829]]]},"properties":{"OBJECTID":19683,"Join_Count":2,"TARGET_FID":42483,"PlaceType":"Neighborhood Center","SB840":"Y","TRACTCE":"010226","BLKGRPCE":"2","GEOID":"481410102262","INTPTLAT":"+31.8961515","INTPTLON":"-106.5703717","GrowthArea":"Y","LotArea":82159,"ZONELABEL":"C-3","Shape_Length":1216.538279858114,"Shape_Area":82159.078088971553}},{"type":"Feature","id":19684,"geometry":{"type":"Polygon","coordinates":[[[-106.57176249110427,31.891763644573025],[-106.57176565198968,31.892455683708828],[-106.57271542662035,31.892453691504564],[-106.57344514446655,31.892303806199333],[-106.57351400973991,31.892289660637775],[-106.57356453840369,31.892279282152977],[-106.57342881803206,31.891823047075537],[-106.57338770143258,31.89168482817869],[-106.57337355108935,31.891647787088534],[-106.57335278470126,31.891613090769258],[-106.5733259105797,31.891581593732646],[-106.57329359270878,31.891554070771488],[-106.57325662634159,31.891531200064094],[-106.57321592192098,31.891513544073192],[-106.57317248109148,31.891501538953879],[-106.57312737446661,31.891495478456498],[-106.57308171090546,31.891495513593032],[-106.57303661675031,31.891501642792448],[-106.57176249110427,31.891763644573025]]]},"properties":{"OBJECTID":19684,"Join_Count":2,"TARGET_FID":42484,"PlaceType":"Neighborhood Center","SB840":"Y","TRACTCE":"010226","BLKGRPCE":"2","GEOID":"481410102262","INTPTLAT":"+31.8961515","INTPTLON":"-106.5703717","GrowthArea":"Y","LotArea":155575,"ZONELABEL":"C-3","Shape_Length":1589.2637448470578,"Shape_Area":155575.29185167953}},{"type":"Feature","id":19685,"geometry":{"type":"Polygon","coordinates":[[[-106.57138955651413,31.891583171540049],[-106.57123178548035,31.891036486526829],[-106.57090650548771,31.889886064732217],[-106.57038496964076,31.889832908004752],[-106.56976514096945,31.889769729959699],[-106.56970182537937,31.890220510818821],[-106.56872737053877,31.890305040465712],[-106.56875174541297,31.890352041330335],[-106.56877987597343,31.890397488542707],[-106.56960378714942,31.890500066835113],[-106.56977254098929,31.890525922875238],[-106.57026873354297,31.891839283963925],[-106.57026724100984,31.891836278049581],[-106.57026857405764,31.89183937018387],[-106.57026892768494,31.89183964409812],[-106.57028286213043,31.891865423202873],[-106.57028327661796,31.891865254318425],[-106.57042142562641,31.891812199133202],[-106.57056281749836,31.89176577735488],[-106.57070701377336,31.891726131007385],[-106.57085357052813,31.891693383409965],[-106.57138955651413,31.891583171540049]]]},"properties":{"OBJECTID":19685,"Join_Count":2,"TARGET_FID":42485,"PlaceType":"Neighborhood Center","SB840":"Y","TRACTCE":"010226","BLKGRPCE":"2","GEOID":"481410102262","INTPTLAT":"+31.8961515","INTPTLON":"-106.5703717","GrowthArea":"Y","LotArea":289065,"ZONELABEL":"C-3","Shape_Length":2684.5808474998344,"Shape_Area":289065.05013801256}},{"type":"Feature","id":19686,"geometry":{"type":"Polygon","coordinates":[[[-106.57172030162329,31.89918302424865],[-106.57178141355612,31.899183024895081],[-106.57179714766637,31.89790958564371],[-106.57179099743584,31.896767138356353],[-106.57174513542532,31.89678987480865],[-106.5699417730513,31.897740969794928],[-106.56989991996826,31.898803903850951],[-106.56951025411766,31.899021485282486],[-106.56683430209152,31.899021374717588],[-106.56118088632243,31.898151532902862],[-106.55881800448449,31.898682127873908],[-106.55768350867653,31.898806614576856],[-106.5570741241751,31.898720407673693],[-106.55710440801181,31.899182003607905],[-106.57172030162329,31.89918302424865]]]},"properties":{"OBJECTID":19686,"Join_Count":3,"TARGET_FID":42489,"PlaceType":"Regional Corridor","SB840":"Y","TRACTCE":"010226","BLKGRPCE":"2","GEOID":"481410102262","INTPTLAT":"+31.8961515","INTPTLON":"-106.5703717","GrowthArea":"Y","LotArea":1136902,"ZONELABEL":"C-4","Shape_Length":10726.555516825427,"Shape_Area":1136902.4823309153}},{"type":"Feature","id":19691,"geometry":{"type":"Polygon","coordinates":[[[-106.590857641338,31.874239578397248],[-106.59088213977623,31.874302524284136],[-106.59138321101014,31.87416044059076],[-106.59135753485377,31.874094874988646],[-106.59128500036552,31.873909652306601],[-106.59128115449793,31.873899831603794],[-106.59203998836661,31.873683269863644],[-106.5920365211593,31.873674199662709],[-106.59194300665979,31.873429582114809],[-106.5915592187624,31.873535070472482],[-106.59145746426429,31.873274239297309],[-106.59145633044474,31.873271333769804],[-106.59076253317637,31.873465868004363],[-106.59076345837092,31.873468210888699],[-106.59057800666898,31.873521077909093],[-106.590857641338,31.874239578397248]]]},"properties":{"OBJECTID":19691,"Join_Count":5,"TARGET_FID":42495,"PlaceType":"Regional Corridor","SB840":"Y","TRACTCE":"010227","BLKGRPCE":"1","GEOID":"481410102271","INTPTLAT":"+31.8764533","INTPTLON":"-106.5904543","GrowthArea":"Y","LotArea":86091,"ZONELABEL":"R-3","Shape_Length":1423.5061223276978,"Shape_Area":86090.824027593029}},{"type":"Feature","id":19692,"geometry":{"type":"Polygon","coordinates":[[[-106.58320873969032,31.854629917998338],[-106.58321265795165,31.854640010964484],[-106.5832227570792,31.854666026401663],[-106.58360947042769,31.854556669506941],[-106.58377647021058,31.854509444743577],[-106.58394405884727,31.854462052382541],[-106.58407304071717,31.85442557678828],[-106.58407591544272,31.854424764025239],[-106.58410271562309,31.854417185122379],[-106.58465265328866,31.854261566698494],[-106.58462459176606,31.854189280064812],[-106.58421845793644,31.854301910203365],[-106.58418781647173,31.854221126512805],[-106.58360437606315,31.854383970590323],[-106.58353319625289,31.85420719815373],[-106.58352738816282,31.854192773490773],[-106.58308801323375,31.854318907294555],[-106.58309209351218,31.854329419735375],[-106.58320873969032,31.854629917998338]]]},"properties":{"OBJECTID":19692,"Join_Count":3,"TARGET_FID":42497,"PlaceType":"Regional Corridor","SB840":"Y","TRACTCE":" ","BLKGRPCE":" ","GEOID":" ","INTPTLAT":" ","INTPTLON":" ","GrowthArea":"Y","LotArea":34381,"ZONELABEL":"R-4","Shape_Length":1200.0361704908057,"Shape_Area":34380.988546937471}},{"type":"Feature","id":19693,"geometry":{"type":"Polygon","coordinates":[[[-106.58353319625289,31.85420719815373],[-106.58360437606315,31.854383970590323],[-106.58418781647173,31.854221126512805],[-106.58421845793644,31.854301910203365],[-106.58462459176606,31.854189280064812],[-106.58450950155691,31.853892797238558],[-106.58376558815178,31.854110400403631],[-106.58372858514593,31.854121224045258],[-106.58373354749027,31.85413359009533],[-106.58352738816282,31.854192773490773],[-106.58353319625289,31.85420719815373]]]},"properties":{"OBJECTID":19693,"Join_Count":1,"TARGET_FID":42498,"PlaceType":"Regional Corridor","SB840":"Y","TRACTCE":" ","BLKGRPCE":" ","GEOID":" ","INTPTLAT":" ","INTPTLON":" ","GrowthArea":"Y","LotArea":29739,"ZONELABEL":"C-4","Shape_Length":869.87201553441173,"Shape_Area":29738.551845127575}},{"type":"Feature","id":19698,"geometry":{"type":"Polygon","coordinates":[[[-106.58583843866849,31.90734407801358],[-106.58584390401543,31.908085521984571],[-106.58599296881903,31.908044629032446],[-106.58624558065517,31.907949856360851],[-106.58646759267269,31.907839455195493],[-106.58668598753697,31.907723925150798],[-106.58690060250311,31.907603351735467],[-106.58695598845985,31.907570350819661],[-106.58638720119339,31.907079258237328],[-106.58583843866849,31.90734407801358]]]},"properties":{"OBJECTID":19698,"Join_Count":1,"TARGET_FID":42507,"PlaceType":"Regional Corridor","SB840":"Y","TRACTCE":"010228","BLKGRPCE":"3","GEOID":"481410102283","INTPTLAT":"+31.8965749","INTPTLON":"-106.5881052","GrowthArea":"Y","LotArea":74282,"ZONELABEL":"C-4","Shape_Length":1110.9917727165862,"Shape_Area":74281.53347404825}},{"type":"Feature","id":19705,"geometry":{"type":"Polygon","coordinates":[[[-106.56103419923124,31.86029658683297],[-106.56071158996272,31.860306535918113],[-106.56069526135076,31.859607877526397],[-106.56049001096412,31.859604219224998],[-106.56030538427137,31.860005042722499],[-106.56005723037342,31.860850607329319],[-106.56061314583999,31.860854371379034],[-106.56103419923124,31.86029658683297]]]},"properties":{"OBJECTID":19705,"Join_Count":1,"TARGET_FID":42518,"PlaceType":"Neighborhood Center","SB840":"Y","TRACTCE":"010225","BLKGRPCE":"2","GEOID":"481410102252","INTPTLAT":"+31.8653556","INTPTLON":"-106.5664762","GrowthArea":"Y","LotArea":71204,"ZONELABEL":"C-3","Shape_Length":1305.9670199177658,"Shape_Area":71203.659569059397}},{"type":"Feature","id":19707,"geometry":{"type":"Polygon","coordinates":[[[-106.58071472069224,31.870829268474385],[-106.57967237819645,31.870832590199925],[-106.58068472168912,31.874894870581365],[-106.58071531282192,31.875017619945478],[-106.58164286283657,31.874712237372769],[-106.5812150034061,31.872995453633365],[-106.58118577786227,31.872719457564827],[-106.58071472069224,31.870829268474385]]]},"properties":{"OBJECTID":19707,"Join_Count":8,"TARGET_FID":42522,"PlaceType":"Regional Corridor","SB840":"Y","TRACTCE":"010227","BLKGRPCE":"2","GEOID":"481410102272","INTPTLAT":"+31.8713773","INTPTLON":"-106.5843813","GrowthArea":"Y","LotArea":466297,"ZONELABEL":"P-R 2","Shape_Length":3631.1099875133723,"Shape_Area":466296.69736814516}},{"type":"Feature","id":19716,"geometry":{"type":"Polygon","coordinates":[[[-106.58135894609067,31.863749910798489],[-106.58114911737168,31.863731094489367],[-106.58100287022764,31.863782063078091],[-106.58115595740161,31.863755894323258],[-106.58135894609067,31.863749910798489]]]},"properties":{"OBJECTID":19716,"Join_Count":2,"TARGET_FID":42534,"PlaceType":"Neighborhood Center","SB840":"Y","TRACTCE":"010227","BLKGRPCE":"2","GEOID":"481410102272","INTPTLAT":"+31.8713773","INTPTLON":"-106.5843813","GrowthArea":"Y","LotArea":511,"ZONELABEL":"C-3","Shape_Length":226.08353323410819,"Shape_Area":511.11625302173758}},{"type":"Feature","id":19717,"geometry":{"type":"Polygon","coordinates":[[[-106.58147957374918,31.863757147584796],[-106.58157562158009,31.863786107717232],[-106.58158689837641,31.8637895075464],[-106.58172208159476,31.863791241149954],[-106.58172616726684,31.863791293487285],[-106.58172656221096,31.863782332169176],[-106.58153816260611,31.863766279165702],[-106.58147957374918,31.863757147584796]]]},"properties":{"OBJECTID":19717,"Join_Count":1,"TARGET_FID":42535,"PlaceType":"Neighborhood Center","SB840":"Y","TRACTCE":"010227","BLKGRPCE":"2","GEOID":"481410102272","INTPTLAT":"+31.8713773","INTPTLON":"-106.5843813","GrowthArea":"Y","LotArea":325,"ZONELABEL":"C-4","Shape_Length":159.12072719982757,"Shape_Area":325.20421217780739}},{"type":"Feature","id":19732,"geometry":{"type":"Polygon","coordinates":[[[-106.58598183153606,31.865105074918922],[-106.58710529365632,31.865102464565943],[-106.58709075433653,31.865037461625601],[-106.58707167515199,31.864973319853345],[-106.5870481241837,31.864910269021902],[-106.58694563461462,31.864673718941347],[-106.58683962175586,31.86443830268697],[-106.5867839924933,31.864319321777486],[-106.58598537916119,31.86459127316855],[-106.58598183153606,31.865105074918922]]]},"properties":{"OBJECTID":19732,"Join_Count":1,"TARGET_FID":42555,"PlaceType":"Neighborhood Center","SB840":"Y","TRACTCE":"010227","BLKGRPCE":"2","GEOID":"481410102272","INTPTLAT":"+31.8713773","INTPTLON":"-106.5843813","GrowthArea":"Y","LotArea":74016,"ZONELABEL":"C-4","Shape_Length":1104.9995356492091,"Shape_Area":74015.835368760527}},{"type":"Feature","id":19733,"geometry":{"type":"Polygon","coordinates":[[[-106.57752978117153,31.915003015261941],[-106.57753196804573,31.915003017031708],[-106.57898494564945,31.915004061746636],[-106.57927194666088,31.915004266025228],[-106.57962577671252,31.915004517295671],[-106.58029329277194,31.915004988130342],[-106.58116667458485,31.915005598357613],[-106.5812270372501,31.915005640030582],[-106.58143125627403,31.915005781907869],[-106.58153774111832,31.915005856055828],[-106.58168164193256,31.915005955686397],[-106.5816907293547,31.915005962442226],[-106.58216318479431,31.915006289214375],[-106.58220517339933,31.91500633105959],[-106.58222752534904,31.915006352795412],[-106.58222752322988,31.91500811965345],[-106.58222979279938,31.915008122797463],[-106.5822302342056,31.914978018894487],[-106.58231626072882,31.914977431570868],[-106.58231500367839,31.914360606532444],[-106.58229457127403,31.913125045163241],[-106.58221274666938,31.912878099349381],[-106.58197816235199,31.9118211389236],[-106.58195082537995,31.911531523852602],[-106.57752978117153,31.915003015261941]]]},"properties":{"OBJECTID":19733,"Join_Count":4,"TARGET_FID":42556,"PlaceType":"Regional Corridor","SB840":"Y","TRACTCE":"010220","BLKGRPCE":"1","GEOID":"481410102201","INTPTLAT":"+31.9487970","INTPTLON":"-106.5377893","GrowthArea":"Y","LotArea":968897,"ZONELABEL":"C-4","Shape_Length":4625.7720186421011,"Shape_Area":968897.28794188565}},{"type":"Feature","id":19742,"geometry":{"type":"Polygon","coordinates":[[[-106.55740550191348,31.905367317933443],[-106.55779499847279,31.905456389553152],[-106.55788612299627,31.905477227774199],[-106.55786121799284,31.905315475579293],[-106.55777171559359,31.905311937319141],[-106.55753675808964,31.905302647492142],[-106.55740550191348,31.905367317933443]]]},"properties":{"OBJECTID":19742,"Join_Count":1,"TARGET_FID":42573,"PlaceType":"Regional Corridor","SB840":"Y","TRACTCE":"010213","BLKGRPCE":"3","GEOID":"481410102133","INTPTLAT":"+31.8904603","INTPTLON":"-106.5326281","GrowthArea":"Y","LotArea":5514,"ZONELABEL":"C-3","Shape_Length":361.6105528717361,"Shape_Area":5513.5115225833415}},{"type":"Feature","id":19743,"geometry":{"type":"Polygon","coordinates":[[[-106.55489398821474,31.905118606400283],[-106.5572577548791,31.905333529691401],[-106.55512443992366,31.905085831823307],[-106.55505540930517,31.905008434129154],[-106.55489527363038,31.904989444752946],[-106.55489468752455,31.905073360363801],[-106.55489452645418,31.905096315800613],[-106.55489398821474,31.905118606400283]]]},"properties":{"OBJECTID":19743,"Join_Count":1,"TARGET_FID":42574,"PlaceType":"Regional Corridor","SB840":"Y","TRACTCE":"010213","BLKGRPCE":"3","GEOID":"481410102133","INTPTLAT":"+31.8904603","INTPTLON":"-106.5326281","GrowthArea":"Y","LotArea":9471,"ZONELABEL":"C-3","Shape_Length":1538.4136670621911,"Shape_Area":9470.660266299672}},{"type":"Feature","id":19744,"geometry":{"type":"Polygon","coordinates":[[[-106.5549020624595,31.904018163155161],[-106.55489527363038,31.904989444752946],[-106.55505540930517,31.905008434129154],[-106.55512443992366,31.905085831823307],[-106.5572577548791,31.905333529691401],[-106.55740550191348,31.905367317933443],[-106.55753675808964,31.905302647492142],[-106.55777171559359,31.905311937319141],[-106.55786121799284,31.905315475579293],[-106.55767893278399,31.904286516968401],[-106.55748961855232,31.904243938592234],[-106.5549020624595,31.904018163155161]]]},"properties":{"OBJECTID":19744,"Join_Count":1,"TARGET_FID":42575,"PlaceType":"Regional Corridor","SB840":"Y","TRACTCE":"010213","BLKGRPCE":"3","GEOID":"481410102133","INTPTLAT":"+31.8904603","INTPTLON":"-106.5326281","GrowthArea":"Y","LotArea":347012,"ZONELABEL":"C-3","Shape_Length":2548.9250318091304,"Shape_Area":347012.33593788877}},{"type":"Feature","id":19747,"geometry":{"type":"Polygon","coordinates":[[[-106.57173684843765,31.901669963729081],[-106.57173698610539,31.901690671371242],[-106.57175056901939,31.901679271293169],[-106.57173684843765,31.901669963729081]]]},"properties":{"OBJECTID":19747,"Join_Count":1,"TARGET_FID":42582,"PlaceType":"Regional Corridor","SB840":"Y","TRACTCE":"010226","BLKGRPCE":"2","GEOID":"481410102262","INTPTLAT":"+31.8961515","INTPTLON":"-106.5703717","GrowthArea":"Y","LotArea":16,"ZONELABEL":"C-4","Shape_Length":18.887400915213099,"Shape_Area":15.966828305054715}},{"type":"Feature","id":19750,"geometry":{"type":"Polygon","coordinates":[[[-106.57176131706782,31.891506726836699],[-106.57175866209899,31.890925590049132],[-106.57173041569393,31.890931535100144],[-106.57123178548035,31.891036486526829],[-106.57138955651413,31.891583171540049],[-106.57176131706782,31.891506726836699]]]},"properties":{"OBJECTID":19750,"Join_Count":2,"TARGET_FID":42589,"PlaceType":"Neighborhood Center","SB840":"Y","TRACTCE":"010226","BLKGRPCE":"2","GEOID":"481410102262","INTPTLAT":"+31.8961515","INTPTLON":"-106.5703717","GrowthArea":"Y","LotArea":29459,"ZONELABEL":"C-3","Shape_Length":703.36626572623504,"Shape_Area":29458.501190784453}},{"type":"Feature","id":19751,"geometry":{"type":"Polygon","coordinates":[[[-106.56825220751374,31.910644953738533],[-106.56825225697509,31.911352027731589],[-106.57041777264105,31.911345010324162],[-106.57043474621807,31.912879130566754],[-106.57043574793568,31.912969700677287],[-106.57043595353525,31.912988290457534],[-106.57069948193546,31.912972446492425],[-106.57081404082194,31.912965558970786],[-106.57142208937665,31.912929000037465],[-106.57176218900136,31.912950946439498],[-106.57176219973596,31.9129409731894],[-106.57176220732532,31.912933783893241],[-106.57176236368856,31.912786302567145],[-106.57176251272001,31.912646818921399],[-106.57176266063617,31.912507334417317],[-106.57176280966672,31.912367850754606],[-106.57176295752274,31.912228365333224],[-106.57176310649318,31.912088880753195],[-106.57176316478049,31.912034000343532],[-106.57176331468817,31.911893999050008],[-106.57176346236574,31.911753996048205],[-106.57176361221332,31.911613993837275],[-106.57177406746433,31.911614001705807],[-106.57177412575702,31.911597317762531],[-106.57177891140822,31.910244927638324],[-106.57178675751942,31.908027752873934],[-106.57172422335108,31.908021818887132],[-106.57080678621594,31.907954423232862],[-106.57049576241553,31.907933245442997],[-106.57048618625878,31.910629013415043],[-106.56825220751374,31.910644953738533]]]},"properties":{"OBJECTID":19751,"Join_Count":6,"TARGET_FID":42590,"PlaceType":"Regional Corridor","SB840":"Y","TRACTCE":"010220","BLKGRPCE":"1","GEOID":"481410102201","INTPTLAT":"+31.9487970","INTPTLON":"-106.5377893","GrowthArea":"Y","LotArea":913052,"ZONELABEL":"R-3A","Shape_Length":5810.0963860187521,"Shape_Area":913052.1632885068}},{"type":"Feature","id":19752,"geometry":{"type":"Polygon","coordinates":[[[-106.56616433033004,31.91065981733567],[-106.56825220751374,31.910644953738533],[-106.57048618625878,31.910629013415043],[-106.57049576241553,31.907933245442997],[-106.56811951043734,31.907771420797069],[-106.567275617158,31.907704594996726],[-106.56669518550905,31.907647695473504],[-106.56639336080222,31.907811886160772],[-106.56618002278616,31.907781355307115],[-106.5661801889879,31.907392252770141],[-106.56617608840889,31.907391792303386],[-106.56616433033004,31.91065981733567]]]},"properties":{"OBJECTID":19752,"Join_Count":3,"TARGET_FID":42591,"PlaceType":"Regional Corridor","SB840":"Y","TRACTCE":"010220","BLKGRPCE":"1","GEOID":"481410102201","INTPTLAT":"+31.9487970","INTPTLON":"-106.5377893","GrowthArea":"Y","LotArea":1390458,"ZONELABEL":"C-4","Shape_Length":5015.9706477526242,"Shape_Area":1390458.0445156312}},{"type":"Feature","id":19813,"geometry":{"type":"Polygon","coordinates":[[[-106.59327059211205,31.87859819745599],[-106.59289394269622,31.878711721451669],[-106.59295312392378,31.878843755637206],[-106.59301586006551,31.87897458829444],[-106.59303685170593,31.879001370163298],[-106.59306266543092,31.879024885264087],[-106.59309261422312,31.879044508134054],[-106.59312590246367,31.879059716083962],[-106.59316164406373,31.879070107295142],[-106.59319889007942,31.879075402202449],[-106.59323664907362,31.879075463290768],[-106.59327391829758,31.879070286370528],[-106.59330970550972,31.879060010367613],[-106.59382084779919,31.878843565178123],[-106.59389061248402,31.878665917471075],[-106.59358507507848,31.877881721584693],[-106.59305270300474,31.878030774834095],[-106.59253026418689,31.878173673158472],[-106.59252231501344,31.878175847306228],[-106.5925219697946,31.87817594157962],[-106.59253872029761,31.878214795412397],[-106.5925396571358,31.87821453902],[-106.59254760736728,31.878212364820524],[-106.59306779630263,31.878070082221235],[-106.59327059211205,31.87859819745599]]]},"properties":{"OBJECTID":19813,"Join_Count":2,"TARGET_FID":42670,"PlaceType":"Regional Corridor","SB840":"Y","TRACTCE":"010227","BLKGRPCE":"1","GEOID":"481410102271","INTPTLAT":"+31.8764533","INTPTLON":"-106.5904543","GrowthArea":"Y","LotArea":83154,"ZONELABEL":"C-4","Shape_Length":1614.9240666195958,"Shape_Area":83153.910335624038}},{"type":"Feature","id":19814,"geometry":{"type":"Polygon","coordinates":[[[-106.58407223632283,31.891413297800643],[-106.58414263153365,31.891413312979999],[-106.58414265637072,31.891332212607498],[-106.58414269916857,31.891191505252653],[-106.58414273411718,31.891076435492131],[-106.58414277759299,31.89093418080499],[-106.58399743174634,31.891024950671792],[-106.58384856675701,31.891111468688774],[-106.58369635294468,31.891193636345431],[-106.58354096397532,31.891271357681287],[-106.5833825782727,31.891344544637406],[-106.58338246123141,31.891413142872587],[-106.58339107286626,31.891413145134891],[-106.58339142754096,31.891413145277461],[-106.58407223632283,31.891413297800643]]]},"properties":{"OBJECTID":19814,"Join_Count":3,"TARGET_FID":42672,"PlaceType":"Regional Corridor","SB840":"Y","TRACTCE":"010228","BLKGRPCE":"3","GEOID":"481410102283","INTPTLAT":"+31.8965749","INTPTLON":"-106.5881052","GrowthArea":"Y","LotArea":22447,"ZONELABEL":"C-4","Shape_Length":714.73998713905928,"Shape_Area":22447.41674383184}},{"type":"Feature","id":19825,"geometry":{"type":"Polygon","coordinates":[[[-106.55933440876825,31.815974287105384],[-106.55956230905528,31.816192758612122],[-106.55958168952723,31.81617827503047],[-106.55947161466551,31.816072755193531],[-106.55944559735002,31.816070586410945],[-106.55934044004739,31.815969780263725],[-106.55933440876825,31.815974287105384]]]},"properties":{"OBJECTID":19825,"Join_Count":2,"TARGET_FID":42698,"PlaceType":"Urban Neighborhood","SB840":"Y","TRACTCE":"001204","BLKGRPCE":"1","GEOID":"481410012041","INTPTLAT":"+31.8236933","INTPTLON":"-106.5623813","GrowthArea":"Y","LotArea":565,"ZONELABEL":"C-4","Shape_Length":225.55988026120889,"Shape_Area":564.53486872910742}},{"type":"Feature","id":19837,"geometry":{"type":"Polygon","coordinates":[[[-106.57458416130487,31.836355544472386],[-106.57417628557965,31.836593949619044],[-106.57461637794194,31.837675558615405],[-106.57402714856867,31.837871387223423],[-106.57402506735502,31.837957872654105],[-106.57489305306812,31.837694057281517],[-106.57490087632566,31.837691656117887],[-106.57490157396876,31.837676898365302],[-106.57490182698999,31.837671545162486],[-106.57493648234255,31.836938448413079],[-106.5749368462663,31.836886905375323],[-106.57493307117497,31.836835462343146],[-106.57492517506199,31.836784360531848],[-106.57462944827141,31.836412491618525],[-106.5745894582293,31.836362205080359],[-106.57458416130487,31.836355544472386]]]},"properties":{"OBJECTID":19837,"Join_Count":2,"TARGET_FID":42722,"PlaceType":"Neighborhood Center","SB840":"Y","TRACTCE":"001204","BLKGRPCE":"1","GEOID":"481410012041","INTPTLAT":"+31.8236933","INTPTLON":"-106.5623813","GrowthArea":"Y","LotArea":78869,"ZONELABEL":"C-4","Shape_Length":1605.6403576593573,"Shape_Area":78869.201626028444}},{"type":"Feature","id":19838,"geometry":{"type":"Polygon","coordinates":[[[-106.57490087632566,31.837691656117887],[-106.57489305306812,31.837694057281517],[-106.57402506735502,31.837957872654105],[-106.573755845704,31.838042198649795],[-106.57398885539868,31.838600895356887],[-106.57413194984944,31.838557083956488],[-106.57416920388667,31.838550041742689],[-106.57420449487603,31.83853765591493],[-106.5742367781576,31.83852029180203],[-106.57426509930738,31.83849846396426],[-106.57428862137283,31.83847281591855],[-106.57430097038227,31.838449701592143],[-106.57431745348561,31.83842855059746],[-106.57433765499266,31.838409895923231],[-106.57436106318345,31.838394210126477],[-106.57438708828731,31.838381889114832],[-106.57441507038799,31.838373243638504],[-106.57444430543731,31.838368492623598],[-106.57447405116878,31.838367756565205],[-106.57450355862215,31.838371054210228],[-106.57453208157668,31.838378301201423],[-106.57455889806093,31.838389315368861],[-106.57458145645164,31.838402657290423],[-106.57460146229563,31.838418695025098],[-106.57461847560265,31.838437077520378],[-106.5746321259621,31.8384574016108],[-106.5746421143088,31.838479222772481],[-106.57564373085611,31.838672921568314],[-106.57564132837513,31.838278792933384],[-106.57564132781837,31.838278752312682],[-106.57563652192128,31.837490415409999],[-106.57562570386817,31.837482422611625],[-106.57561484923207,31.83747440446842],[-106.57490079434837,31.83769338530568],[-106.57490087632566,31.837691656117887]]]},"properties":{"OBJECTID":19838,"Join_Count":6,"TARGET_FID":42723,"PlaceType":"Neighborhood Center","SB840":"Y","TRACTCE":"001204","BLKGRPCE":"1","GEOID":"481410012041","INTPTLAT":"+31.8236933","INTPTLON":"-106.5623813","GrowthArea":"Y","LotArea":160320,"ZONELABEL":"C-4","Shape_Length":1838.5372480442747,"Shape_Area":160320.20708290554}},{"type":"Feature","id":19844,"geometry":{"type":"Polygon","coordinates":[[[-106.57580207854981,31.837167994067681],[-106.57589580473751,31.837315316605711],[-106.57589642052126,31.83731493028052],[-106.57709851500707,31.836623274080949],[-106.57698549254371,31.836481710400069],[-106.57661956055739,31.836694284045013],[-106.57658637996867,31.836713931072811],[-106.57580830224991,31.837164295670576],[-106.57580207854981,31.837167994067681]]]},"properties":{"OBJECTID":19844,"Join_Count":1,"TARGET_FID":42730,"PlaceType":"Neighborhood Center","SB840":"Y","TRACTCE":"001204","BLKGRPCE":"1","GEOID":"481410012041","INTPTLAT":"+31.8236933","INTPTLON":"-106.5623813","GrowthArea":"Y","LotArea":27477,"ZONELABEL":"C-3","Shape_Length":1018.049831057636,"Shape_Area":27476.72418375529}},{"type":"Feature","id":19845,"geometry":{"type":"Polygon","coordinates":[[[-106.57589642052126,31.83731493028052],[-106.57589580473751,31.837315316605711],[-106.57589578911734,31.837315352582589],[-106.5758952459469,31.837315668582992],[-106.57589521841618,31.837315684355698],[-106.57565506564565,31.83745538591802],[-106.57563075937844,31.837469525275147],[-106.57561484923207,31.83747440446842],[-106.57562570386817,31.837482422611625],[-106.57563652192128,31.837490415409999],[-106.57564132781837,31.838278752312682],[-106.57564132837513,31.838278792933384],[-106.57564373085611,31.838672921568314],[-106.57583712730066,31.838713607483506],[-106.57673307075754,31.838819853918352],[-106.57684247216827,31.838832827617818],[-106.57841954098879,31.838534031204457],[-106.5782952826913,31.838332037300781],[-106.57816701595844,31.838131878648216],[-106.57803477630395,31.837933612245482],[-106.57788910836581,31.837704604625088],[-106.5777368683955,31.837478733957852],[-106.57757814905663,31.837256137592703],[-106.57741304710996,31.83703695087473],[-106.57731339283102,31.8368978977376],[-106.57731252131188,31.836896681277111],[-106.57726758510748,31.836836652437981],[-106.5772482335436,31.836810800315529],[-106.57709851500707,31.836623274080949],[-106.57589642052126,31.83731493028052]]]},"properties":{"OBJECTID":19845,"Join_Count":5,"TARGET_FID":42731,"PlaceType":"Neighborhood Center","SB840":"Y","TRACTCE":"001204","BLKGRPCE":"1","GEOID":"481410012041","INTPTLAT":"+31.8236933","INTPTLON":"-106.5623813","GrowthArea":"Y","LotArea":451824,"ZONELABEL":"C-4","Shape_Length":2680.7933888789271,"Shape_Area":451824.03440803819}},{"type":"Feature","id":19846,"geometry":{"type":"Polygon","coordinates":[[[-106.57459850067549,31.836373576438934],[-106.57492517506199,31.836784360531848],[-106.57493307117497,31.836835462343146],[-106.5749368462663,31.836886905375323],[-106.57493648234255,31.836938448413079],[-106.57490182698999,31.837671545162486],[-106.57490157396876,31.837676898365302],[-106.57490087632566,31.837691656117887],[-106.57490079434837,31.83769338530568],[-106.57561484923207,31.83747440446842],[-106.57563075937844,31.837469525275147],[-106.57565506564565,31.83745538591802],[-106.5758952459469,31.837315668582992],[-106.57589580473751,31.837315316605711],[-106.57580207854981,31.837167994067681],[-106.57567418779287,31.836966978728281],[-106.57538159158449,31.837137158381825],[-106.57483397494639,31.836499961479412],[-106.57480742969676,31.836515400375909],[-106.57466497396869,31.836334901293945],[-106.57459850067549,31.836373576438934]]]},"properties":{"OBJECTID":19846,"Join_Count":4,"TARGET_FID":42732,"PlaceType":"Neighborhood Center","SB840":"Y","TRACTCE":"001204","BLKGRPCE":"1","GEOID":"481410012041","INTPTLAT":"+31.8236933","INTPTLON":"-106.5623813","GrowthArea":"Y","LotArea":64214,"ZONELABEL":"C-4","Shape_Length":1508.0203286877272,"Shape_Area":64213.685426813616}},{"type":"Feature","id":19847,"geometry":{"type":"Polygon","coordinates":[[[-106.57504370511253,31.83609995958799],[-106.5754324283224,31.836586957474726],[-106.57580207854981,31.837167994067681],[-106.57580830224991,31.837164295670576],[-106.57658637996867,31.836713931072811],[-106.57630685430941,31.836361998040495],[-106.57604234271383,31.83603249359151],[-106.57540469669253,31.836405211192787],[-106.57539671655337,31.83639570660074],[-106.57512885276081,31.836060184592583],[-106.57512341237086,31.836053370100799],[-106.5751139386462,31.83605890711646],[-106.57506169985561,31.836089441601541],[-106.57504370511253,31.83609995958799]]]},"properties":{"OBJECTID":19847,"Join_Count":2,"TARGET_FID":42733,"PlaceType":"Neighborhood Center","SB840":"Y","TRACTCE":"001204","BLKGRPCE":"1","GEOID":"481410012041","INTPTLAT":"+31.8236933","INTPTLON":"-106.5623813","GrowthArea":"Y","LotArea":88468,"ZONELABEL":"C-3","Shape_Length":1474.1883522940138,"Shape_Area":88468.447261965586}},{"type":"Feature","id":19850,"geometry":{"type":"Polygon","coordinates":[[[-106.57589580473751,31.837315316605711],[-106.57589521841618,31.837315684355698],[-106.57589578911734,31.837315352582589],[-106.57589580473751,31.837315316605711]]]},"properties":{"OBJECTID":19850,"Join_Count":1,"TARGET_FID":42793,"PlaceType":"Neighborhood Center","SB840":"Y","TRACTCE":"001204","BLKGRPCE":"1","GEOID":"481410012041","INTPTLAT":"+31.8236933","INTPTLON":"-106.5623813","GrowthArea":"Y","LotArea":0,"ZONELABEL":"C-3","Shape_Length":0.45433761971514758,"Shape_Area":0.00086708384843037223}},{"type":"Feature","id":19851,"geometry":{"type":"Polygon","coordinates":[[[-106.57466497396869,31.836334901293945],[-106.57480742969676,31.836515400375909],[-106.57483397494639,31.836499961479412],[-106.57538159158449,31.837137158381825],[-106.57567418779287,31.836966978728281],[-106.5754324283224,31.836586957474726],[-106.57505165592508,31.836109919954321],[-106.57466497396869,31.836334901293945]]]},"properties":{"OBJECTID":19851,"Join_Count":4,"TARGET_FID":42794,"PlaceType":"Neighborhood Center","SB840":"Y","TRACTCE":"001204","BLKGRPCE":"1","GEOID":"481410012041","INTPTLAT":"+31.8236933","INTPTLON":"-106.5623813","GrowthArea":"Y","LotArea":47859,"ZONELABEL":"C-4","Shape_Length":999.25236253210323,"Shape_Area":47858.968063807937}},{"type":"Feature","id":19852,"geometry":{"type":"Polygon","coordinates":[[[-106.57467333219266,31.83631340541989],[-106.5746559773235,31.836323502451847],[-106.5745894582293,31.836362205080359],[-106.57459850067549,31.836373576438934],[-106.57466497396869,31.836334901293945],[-106.57505165592508,31.836109919954321],[-106.57504858167786,31.836106068561346],[-106.57504370511253,31.83609995958799],[-106.57504259001981,31.836098562395311],[-106.57467333219266,31.83631340541989]]]},"properties":{"OBJECTID":19852,"Join_Count":3,"TARGET_FID":42795,"PlaceType":"Neighborhood Center","SB840":"Y","TRACTCE":"001204","BLKGRPCE":"1","GEOID":"481410012041","INTPTLAT":"+31.8236933","INTPTLON":"-106.5623813","GrowthArea":"Y","LotArea":852,"ZONELABEL":"C-4","Shape_Length":350.61031266684358,"Shape_Area":851.51708736568094}},{"type":"Feature","id":19855,"geometry":{"type":"Polygon","coordinates":[[[-106.5942660080121,31.892340128811909],[-106.59426612879433,31.892445795864294],[-106.5942662433953,31.892545437535155],[-106.59429891357661,31.892545279812783],[-106.59448893464079,31.892544361592126],[-106.59448904641361,31.891894271558776],[-106.59428885600123,31.891894025705021],[-106.59428885252227,31.891893876833652],[-106.59426549644627,31.891893847885097],[-106.5942660080121,31.892340128811909]]]},"properties":{"OBJECTID":19855,"Join_Count":4,"TARGET_FID":42799,"PlaceType":"Regional Corridor","SB840":" ","TRACTCE":"010228","BLKGRPCE":"3","GEOID":"481410102283","INTPTLAT":"+31.8965749","INTPTLON":"-106.5881052","GrowthArea":"Y","LotArea":16396,"ZONELABEL":"R-3A","Shape_Length":612.10387392800885,"Shape_Area":16395.508806768514}},{"type":"Feature","id":19856,"geometry":{"type":"Polygon","coordinates":[[[-106.59426661763848,31.892872702768678],[-106.59429940133317,31.892872546821234],[-106.59763640980883,31.892856620258787],[-106.59759503490979,31.892652372997429],[-106.59754192453148,31.892254935148603],[-106.59749689752311,31.891856770647291],[-106.59448904641361,31.891894271558776],[-106.59448893464079,31.892544361592126],[-106.59429891357661,31.892545279812783],[-106.5942662433953,31.892545437535155],[-106.59426661763848,31.892872702768678]]]},"properties":{"OBJECTID":19856,"Join_Count":3,"TARGET_FID":42800,"PlaceType":"Regional Corridor","SB840":" ","TRACTCE":"010228","BLKGRPCE":"3","GEOID":"481410102283","INTPTLAT":"+31.8965749","INTPTLON":"-106.5881052","GrowthArea":"Y","LotArea":351076,"ZONELABEL":"R-3","Shape_Length":2770.728438123956,"Shape_Area":351075.86943175766}},{"type":"Feature","id":19857,"geometry":{"type":"Polygon","coordinates":[[[-106.59426822684885,31.894278162239416],[-106.59426899464323,31.894948438734762],[-106.59431865547278,31.894948202309731],[-106.59823116218385,31.894929522472566],[-106.59796143920735,31.894029063341193],[-106.59787710944995,31.893756693978965],[-106.5978162293999,31.893563995602396],[-106.5977600287829,31.8933702655182],[-106.59770853098694,31.893175585706299],[-106.59766175740772,31.892980040048744],[-106.59429963831809,31.892996084759659],[-106.59426675935904,31.892996241671245],[-106.59426822684885,31.894278162239416]]]},"properties":{"OBJECTID":19857,"Join_Count":2,"TARGET_FID":42801,"PlaceType":"Regional Corridor","SB840":" ","TRACTCE":"010228","BLKGRPCE":"3","GEOID":"481410102283","INTPTLAT":"+31.8965749","INTPTLON":"-106.5881052","GrowthArea":"Y","LotArea":809196,"ZONELABEL":"R-3","Shape_Length":3724.7198467128046,"Shape_Area":809195.96046787698}},{"type":"Feature","id":19858,"geometry":{"type":"Polygon","coordinates":[[[-106.59426988825234,31.895728433736235],[-106.59432933671876,31.8957281504909],[-106.59595628738893,31.895720397192321],[-106.59843713879759,31.895708534800143],[-106.59825927898881,31.895023931530005],[-106.59431994607257,31.895042740817775],[-106.59426910292399,31.895042982586276],[-106.59426988825234,31.895728433736235]]]},"properties":{"OBJECTID":19858,"Join_Count":3,"TARGET_FID":42802,"PlaceType":"Regional Corridor","SB840":"Y","TRACTCE":"010228","BLKGRPCE":"3","GEOID":"481410102283","INTPTLAT":"+31.8965749","INTPTLON":"-106.5881052","GrowthArea":"Y","LotArea":315674,"ZONELABEL":"R-3","Shape_Length":3036.3146495974743,"Shape_Area":315673.59931571386}},{"type":"Feature","id":19869,"geometry":{"type":"Polygon","coordinates":[[[-106.57932936162082,31.840544384545058],[-106.57932938305041,31.840544436810195],[-106.57900349020055,31.84065803627033],[-106.57911395296613,31.840688055372745],[-106.57904886143677,31.840940142256205],[-106.57938024134592,31.841015637892738],[-106.57940230377984,31.841018727147961],[-106.57942466137041,31.841018553150725],[-106.57944665431559,31.841015123171072],[-106.57946763835425,31.841008535867779],[-106.57948699572954,31.84099898708568],[-106.57950415856028,31.840986755184748],[-106.57951572120585,31.840966978648229],[-106.57950949711821,31.840935511759351],[-106.57945408852255,31.840815206415094],[-106.57934770102086,31.840541489382712],[-106.57934649832566,31.840538329617509],[-106.57932936162082,31.840544384545058]]]},"properties":{"OBJECTID":19869,"Join_Count":1,"TARGET_FID":42815,"PlaceType":"Neighborhood Center","SB840":"Y","TRACTCE":"001204","BLKGRPCE":"1","GEOID":"481410012041","INTPTLAT":"+31.8236933","INTPTLON":"-106.5623813","GrowthArea":"Y","LotArea":16894,"ZONELABEL":"C-3","Shape_Length":565.97273670431093,"Shape_Area":16894.216360678533}},{"type":"Feature","id":19874,"geometry":{"type":"Polygon","coordinates":[[[-106.57399153687689,31.907521585366446],[-106.5753681049911,31.907649597152464],[-106.57581198567354,31.907356773655692],[-106.57589695309686,31.906883862967902],[-106.57590740513902,31.90682568868797],[-106.57595458731325,31.906436503348804],[-106.57595460713179,31.906436338007587],[-106.57595481410613,31.906427566562314],[-106.57595338324622,31.906418879022862],[-106.57595035025012,31.906410495878113],[-106.57594579274085,31.906402631091456],[-106.57593982662506,31.906395485049536],[-106.57593260362643,31.906389239260683],[-106.57592430794109,31.906384053805802],[-106.5759151504262,31.90638005948724],[-106.57590536549272,31.906377358881283],[-106.57583343515346,31.906360563960792],[-106.57576301482121,31.906339621178525],[-106.57569443496861,31.906314628510778],[-106.5756280135311,31.90628570260025],[-106.57556744927524,31.906259727822381],[-106.57550462866875,31.906237998924823],[-106.57543996218692,31.906220655207434],[-106.57537386714733,31.906207811254962],[-106.57530677462445,31.906199549380158],[-106.57425311610781,31.90610658890456],[-106.57425303390244,31.906107350669195],[-106.57421303519338,31.906105015321749],[-106.57414447595876,31.906670440679189],[-106.57399153687689,31.907521585366446]]]},"properties":{"OBJECTID":19874,"Join_Count":4,"TARGET_FID":42826,"PlaceType":"Regional Corridor","SB840":"Y","TRACTCE":"010226","BLKGRPCE":"2","GEOID":"481410102262","INTPTLAT":"+31.8961515","INTPTLON":"-106.5703717","GrowthArea":"Y","LotArea":275070,"ZONELABEL":"C-4","Shape_Length":2029.7120530374159,"Shape_Area":275070.20707152365}},{"type":"Feature","id":19875,"geometry":{"type":"Polygon","coordinates":[[[-106.57797708336074,31.840707705261355],[-106.57830345562525,31.840771181808009],[-106.57845933432469,31.840806775517361],[-106.57893526504306,31.840914378826586],[-106.57900349020055,31.84065803627033],[-106.57932938305041,31.840544436810195],[-106.57932936162082,31.840544384545058],[-106.57934649832566,31.840538329617509],[-106.57927486182808,31.84035366482761],[-106.57920078214923,31.840169703449721],[-106.57917691168392,31.840177013632566],[-106.57902493178698,31.840223559308068],[-106.57875777358474,31.840338945959452],[-106.57861284741108,31.840094415943643],[-106.57864014337837,31.840082626568876],[-106.57842014764232,31.839711434545382],[-106.5789013003383,31.839503623037366],[-106.57890565963008,31.839501740111885],[-106.57887661804371,31.83944074232971],[-106.57886395007297,31.839408468122414],[-106.57858204897832,31.839532387883359],[-106.57785239977308,31.83985312598838],[-106.57754350030223,31.839988910417336],[-106.57724567912653,31.839495173506716],[-106.57709779025363,31.839538488426594],[-106.57695273384593,31.839588298266637],[-106.57688446488267,31.839620676232339],[-106.57682002609133,31.839658340694847],[-106.57675997470299,31.839700964142533],[-106.57670483557295,31.839748177259832],[-106.57665508524073,31.839799567885375],[-106.57661115891052,31.839854690612729],[-106.57657343667947,31.839913066547314],[-106.57654224588433,31.839974186807034],[-106.57651785958382,31.840037521627103],[-106.5765004880606,31.840102519864406],[-106.57646816884157,31.840211594927872],[-106.57643790726218,31.840321098805013],[-106.57643320040619,31.840331609239101],[-106.57643053538231,31.840342628749532],[-106.57642998113202,31.840353870401604],[-106.57643155332352,31.840365041685789],[-106.5764352095517,31.840375851974514],[-106.57644085508625,31.840386019472479],[-106.57644834240919,31.840395280271569],[-106.57645747772143,31.840403390748801],[-106.57646802189105,31.840410141973258],[-106.57647970193737,31.840415357348668],[-106.57649221162374,31.840418901618015],[-106.57797708336074,31.840707705261355]]]},"properties":{"OBJECTID":19875,"Join_Count":2,"TARGET_FID":42832,"PlaceType":"Neighborhood Center","SB840":"Y","TRACTCE":"001204","BLKGRPCE":"1","GEOID":"481410012041","INTPTLAT":"+31.8236933","INTPTLON":"-106.5623813","GrowthArea":"Y","LotArea":255365,"ZONELABEL":"C-3","Shape_Length":2878.7935214207082,"Shape_Area":255365.09136398727}},{"type":"Feature","id":19878,"geometry":{"type":"Polygon","coordinates":[[[-106.58429622913035,31.909108479946124],[-106.5849227194031,31.909109976854349],[-106.58492437343483,31.908717866572584],[-106.58492448766026,31.908690907106347],[-106.58492449829306,31.908688499425811],[-106.58438754111512,31.908688425888048],[-106.58425297916367,31.909106918730778],[-106.58425268207223,31.909108290575382],[-106.58429622913035,31.909108479946124]]]},"properties":{"OBJECTID":19878,"Join_Count":2,"TARGET_FID":42836,"PlaceType":"Regional Corridor","SB840":"Y","TRACTCE":" ","BLKGRPCE":" ","GEOID":" ","INTPTLAT":" ","INTPTLON":" ","GrowthArea":"Y","LotArea":28674,"ZONELABEL":"C-4","Shape_Length":686.27194466185301,"Shape_Area":28674.409370498}},{"type":"Feature","id":19879,"geometry":{"type":"Polygon","coordinates":[[[-106.58492449829306,31.908688499425811],[-106.58492448766026,31.908690907106347],[-106.58492437343483,31.908717866572584],[-106.58515351906344,31.908716942167946],[-106.58515381691754,31.908716015587803],[-106.58515434965901,31.908688531114816],[-106.58492449829306,31.908688499425811]]]},"properties":{"OBJECTID":19879,"Join_Count":1,"TARGET_FID":42837,"PlaceType":"Regional Corridor","SB840":"Y","TRACTCE":" ","BLKGRPCE":" ","GEOID":" ","INTPTLAT":" ","INTPTLON":" ","GrowthArea":"Y","LotArea":749,"ZONELABEL":"C-4","Shape_Length":163.47259734720708,"Shape_Area":748.91038222137217}},{"type":"Feature","id":19883,"geometry":{"type":"Polygon","coordinates":[[[-106.57886240823944,31.839520421095806],[-106.57842014764232,31.839711434545382],[-106.57864014337837,31.840082626568876],[-106.57861284741108,31.840094415943643],[-106.57875777358474,31.840338945959452],[-106.57902493178698,31.840223559308068],[-106.5791553169036,31.840183627492806],[-106.57906167256523,31.839961284207124],[-106.57896402811822,31.839740197739697],[-106.57886240823944,31.839520421095806]]]},"properties":{"OBJECTID":19883,"Join_Count":1,"TARGET_FID":42843,"PlaceType":"Neighborhood Center","SB840":"Y","TRACTCE":"001204","BLKGRPCE":"1","GEOID":"481410012041","INTPTLAT":"+31.8236933","INTPTLON":"-106.5623813","GrowthArea":"Y","LotArea":36517,"ZONELABEL":"C-3","Shape_Length":808.31394826839892,"Shape_Area":36517.27931920033}},{"type":"Feature","id":19884,"geometry":{"type":"Polygon","coordinates":[[[-106.57886240823944,31.839520421095806],[-106.57896402811822,31.839740197739697],[-106.57906167256523,31.839961284207124],[-106.5791553169036,31.840183627492806],[-106.57917691168392,31.840177013632566],[-106.57920078214923,31.840169703449721],[-106.5791064461156,31.839945759350321],[-106.57900806440021,31.839723086902158],[-106.57890565963008,31.839501740111885],[-106.5789013003383,31.839503623037366],[-106.57886240823944,31.839520421095806]]]},"properties":{"OBJECTID":19884,"Join_Count":1,"TARGET_FID":42844,"PlaceType":"Neighborhood Center","SB840":"Y","TRACTCE":"001204","BLKGRPCE":"1","GEOID":"481410012041","INTPTLAT":"+31.8236933","INTPTLON":"-106.5623813","GrowthArea":"Y","LotArea":3881,"ZONELABEL":"C-3","Shape_Length":547.64506007747332,"Shape_Area":3881.3168745922799}},{"type":"Feature","id":19945,"geometry":{"type":"Polygon","coordinates":[[[-106.54961382217608,31.811812928946921],[-106.54921924492706,31.812477325304165],[-106.5494541759696,31.812567414951729],[-106.54973898968463,31.812625941140098],[-106.54973312623592,31.812691723927454],[-106.55015956659913,31.813103949778593],[-106.5504481054399,31.813054198148311],[-106.55036692742277,31.812940090640225],[-106.55055726190012,31.81284135676087],[-106.55065298278464,31.812759159955423],[-106.55069617988045,31.812722066325112],[-106.55087934502639,31.812809040772294],[-106.55106555764587,31.812495162430455],[-106.55102987871783,31.812231451663138],[-106.55097224090406,31.812221922764085],[-106.55087541139523,31.812198782384367],[-106.5507811153464,31.812168973962155],[-106.55068998048446,31.812132697848511],[-106.55060261393011,31.812090195124142],[-106.55051959909306,31.812041748651222],[-106.55038102470252,31.811944159053493],[-106.54981421882842,31.811527211860959],[-106.54978729247202,31.811546423588652],[-106.54961382217608,31.811812928946921]]]},"properties":{"OBJECTID":19945,"Join_Count":2,"TARGET_FID":42933,"PlaceType":"Urban Center","SB840":"Y","TRACTCE":"001204","BLKGRPCE":"1","GEOID":"481410012041","INTPTLAT":"+31.8236933","INTPTLON":"-106.5623813","GrowthArea":"Y","LotArea":170722,"ZONELABEL":"C-4","Shape_Length":1810.5823197323934,"Shape_Area":170721.80080865437}},{"type":"Feature","id":19946,"geometry":{"type":"Polygon","coordinates":[[[-106.54973224932007,31.811525048430852],[-106.54807579474254,31.812706886759386],[-106.54858413874997,31.813197852850038],[-106.54871646558018,31.813323898616009],[-106.54891208511633,31.813510230829873],[-106.54894446544645,31.813485806196461],[-106.5490592688185,31.813399211730356],[-106.54935146208777,31.813681665515652],[-106.54996011807519,31.813222558651368],[-106.54955217648734,31.812828215874799],[-106.54973312623592,31.812691723927454],[-106.54973898968463,31.812625941140098],[-106.5494541759696,31.812567414951729],[-106.54921924492706,31.812477325304165],[-106.54902944454696,31.812902225397938],[-106.54850794983687,31.812398560314563],[-106.54973224932007,31.811525048430852]]]},"properties":{"OBJECTID":19946,"Join_Count":2,"TARGET_FID":42934,"PlaceType":"Urban Center","SB840":"Y","TRACTCE":"001204","BLKGRPCE":"1","GEOID":"481410012041","INTPTLAT":"+31.8236933","INTPTLON":"-106.5623813","GrowthArea":"Y","LotArea":135346,"ZONELABEL":"C-4","Shape_Length":2878.946721560847,"Shape_Area":135346.04747009676}},{"type":"Feature","id":19947,"geometry":{"type":"Polygon","coordinates":[[[-106.54973358121649,31.811524097792649],[-106.54973224932007,31.811525048430852],[-106.54850794983687,31.812398560314563],[-106.54902944454696,31.812902225397938],[-106.54921924492706,31.812477325304165],[-106.54961382217608,31.811812928946921],[-106.54978729247202,31.811546423588652],[-106.54981421882842,31.811527211860959],[-106.54977236649937,31.811496424970709],[-106.54973358121649,31.811524097792649]]]},"properties":{"OBJECTID":19947,"Join_Count":1,"TARGET_FID":42935,"PlaceType":"Urban Center","SB840":"Y","TRACTCE":"001204","BLKGRPCE":"1","GEOID":"481410012041","INTPTLAT":"+31.8236933","INTPTLON":"-106.5623813","GrowthArea":"Y","LotArea":61717,"ZONELABEL":"C-4","Shape_Length":1331.823995366293,"Shape_Area":61717.264982617322}},{"type":"Feature","id":19955,"geometry":{"type":"Polygon","coordinates":[[[-106.5681210778106,31.903842411592745],[-106.56821771116689,31.903763061720113],[-106.56827045190006,31.903721870262569],[-106.56831027319527,31.903691520108858],[-106.56830983951249,31.90369110821074],[-106.56830171267168,31.90368339234681],[-106.56789149800834,31.903293910772309],[-106.56477540460953,31.90261390565658],[-106.56227447454935,31.903354673539805],[-106.56196908908588,31.904372911826272],[-106.56147368136976,31.906024681451573],[-106.56147335301215,31.906025775623277],[-106.56150569248656,31.906031512335279],[-106.56257526673474,31.906221217259333],[-106.56266947273535,31.906168520788743],[-106.56352547105152,31.906330013137197],[-106.56352660874779,31.906331534888327],[-106.56358681226843,31.906412055809902],[-106.56374309097993,31.906441836806415],[-106.5642531086871,31.906536797118559],[-106.56476467617449,31.906625484183753],[-106.56527768742556,31.906707881373571],[-106.56579203636313,31.906783971160834],[-106.56608186061359,31.906606975164586],[-106.56627067845019,31.906639220310865],[-106.56628601108454,31.906586437167011],[-106.56630750660898,31.906512434555101],[-106.56633926578156,31.906411219228694],[-106.56636276897144,31.906339457234569],[-106.56639974384467,31.906235357555499],[-106.56642423191992,31.906168301296546],[-106.56646930904635,31.90605487809627],[-106.56649185493005,31.905999011122677],[-106.56656555614748,31.905831743267772],[-106.56635549627305,31.9057609988729],[-106.56641722648207,31.905632464212577],[-106.56648220686091,31.905505099957907],[-106.56668811138955,31.905584234507874],[-106.56678480538713,31.905409422498948],[-106.56688818271574,31.905237415812369],[-106.56687398841925,31.905242674492701],[-106.56685899257361,31.905245936512355],[-106.56684357935055,31.90524711845416],[-106.56682814169271,31.905246189773067],[-106.56681307603617,31.90524317304849],[-106.56679876559943,31.905238147493883],[-106.56643064957919,31.905078400243454],[-106.56658325811634,31.904822497564417],[-106.56653251793176,31.904812748784344],[-106.56648118931928,31.904805580715145],[-106.56647032561088,31.904803503696421],[-106.56646004206522,31.904799863397706],[-106.56645064749914,31.904794766981052],[-106.56644242196479,31.904788367243892],[-106.56643560882796,31.904780854869095],[-106.56643041453127,31.904772454822787],[-106.56642699111391,31.904763418159028],[-106.56642544300813,31.9047540126614],[-106.56641995740576,31.904698685734996],[-106.56641041639682,31.90464376059866],[-106.56639685753724,31.904589454040437],[-106.56642333681296,31.904583476619489],[-106.56641778189827,31.90456366595194],[-106.56641626426114,31.904543338744475],[-106.56641882813345,31.904523087216905],[-106.56642539706274,31.904503503943832],[-106.56643578111331,31.904485162541768],[-106.56644967550514,31.904468596959983],[-106.56646667479885,31.904454291769103],[-106.5664862813895,31.904442666399977],[-106.56650792250281,31.904434059878344],[-106.56689927624465,31.904318021118659],[-106.56691893551825,31.904364569484922],[-106.56711483186609,31.904304360486417],[-106.56709523063387,31.904251434249606],[-106.56678475111414,31.903431986618511],[-106.56678148851259,31.903420725695558],[-106.56678010811184,31.903409185023833],[-106.56678063767522,31.90339759360289],[-106.56678306684947,31.903386180449697],[-106.56681296535722,31.903286239796625],[-106.56748969368181,31.903433651064194],[-106.5675610886527,31.90345196189514],[-106.56763042816419,31.903475323565296],[-106.56769722176425,31.903503571675394],[-106.56776099885525,31.9035365056498],[-106.56782130687883,31.903573893339885],[-106.56787772081501,31.903615470568827],[-106.56792984118974,31.903660943033845],[-106.56810678184264,31.90382884618975],[-106.5681210778106,31.903842411592745]]]},"properties":{"OBJECTID":19955,"Join_Count":2,"TARGET_FID":42948,"PlaceType":"Regional Corridor","SB840":"Y","TRACTCE":"010226","BLKGRPCE":"2","GEOID":"481410102262","INTPTLAT":"+31.8961515","INTPTLON":"-106.5703717","GrowthArea":"Y","LotArea":1942565,"ZONELABEL":"C-4","Shape_Length":6871.0127912785201,"Shape_Area":1942564.7239701236}},{"type":"Feature","id":19956,"geometry":{"type":"Polygon","coordinates":[[[-106.56650792250281,31.904434059878344],[-106.5664862813895,31.904442666399977],[-106.56646667479885,31.904454291769103],[-106.56644967550514,31.904468596959983],[-106.56643578111331,31.904485162541768],[-106.56642539706274,31.904503503943832],[-106.56641882813345,31.904523087216905],[-106.56641626426114,31.904543338744475],[-106.56641778189827,31.90456366595194],[-106.56642333681296,31.904583476619489],[-106.56639685753724,31.904589454040437],[-106.56641041639682,31.90464376059866],[-106.56641995740576,31.904698685734996],[-106.56642544300813,31.9047540126614],[-106.56642699111391,31.904763418159028],[-106.56643041453127,31.904772454822787],[-106.56643560882796,31.904780854869095],[-106.56644242196479,31.904788367243892],[-106.56645064749914,31.904794766981052],[-106.56646004206522,31.904799863397706],[-106.56647032561088,31.904803503696421],[-106.56648118931928,31.904805580715145],[-106.56653251793176,31.904812748784344],[-106.56658325811634,31.904822497564417],[-106.56643064957919,31.905078400243454],[-106.56679876559943,31.905238147493883],[-106.56681307603617,31.90524317304849],[-106.56682814169271,31.905246189773067],[-106.56684357935055,31.90524711845416],[-106.56685899257361,31.905245936512355],[-106.56687398841925,31.905242674492701],[-106.56688818271574,31.905237415812369],[-106.56698441131412,31.905089351126183],[-106.56708576644765,31.904943796829041],[-106.56715350380432,31.904851727351694],[-106.56726861357025,31.904703689195617],[-106.5673744003261,31.904576459872313],[-106.56738581400958,31.904562732577272],[-106.56738269386915,31.904562285751311],[-106.56727842654311,31.904549322575299],[-106.56720489771628,31.904517606521171],[-106.56711483186609,31.904304360486417],[-106.56691893551825,31.904364569484922],[-106.56689927624465,31.904318021118659],[-106.56650792250281,31.904434059878344]]]},"properties":{"OBJECTID":19956,"Join_Count":1,"TARGET_FID":42949,"PlaceType":"Regional Corridor","SB840":"Y","TRACTCE":"010226","BLKGRPCE":"2","GEOID":"481410102262","INTPTLAT":"+31.8961515","INTPTLON":"-106.5703717","GrowthArea":"Y","LotArea":64191,"ZONELABEL":"C-4","Shape_Length":1100.2857688241925,"Shape_Area":64190.662773518197}},{"type":"Feature","id":20000,"geometry":{"type":"Polygon","coordinates":[[[-106.57336541526557,31.881165739075659],[-106.57427735031132,31.881936472031754],[-106.57391481675103,31.881082151681433],[-106.57336541526557,31.881165739075659]]]},"properties":{"OBJECTID":20000,"Join_Count":1,"TARGET_FID":43054,"PlaceType":"Regional Corridor","SB840":"Y","TRACTCE":"010226","BLKGRPCE":"1","GEOID":"481410102261","INTPTLAT":"+31.8810271","INTPTLON":"-106.5662863","GrowthArea":"Y","LotArea":28213,"ZONELABEL":"C-4","Shape_Length":902.21046605100503,"Shape_Area":28213.089983332487}},{"type":"Feature","id":20001,"geometry":{"type":"Polygon","coordinates":[[[-106.57391481675103,31.881082151681433],[-106.57427735031132,31.881936472031754],[-106.57465216954506,31.882253249528965],[-106.57561579190815,31.882124137532244],[-106.57539955446784,31.88085624766255],[-106.57391481675103,31.881082151681433]]]},"properties":{"OBJECTID":20001,"Join_Count":2,"TARGET_FID":43055,"PlaceType":"Regional Corridor","SB840":"Y","TRACTCE":"010226","BLKGRPCE":"1","GEOID":"481410102261","INTPTLAT":"+31.8810271","INTPTLON":"-106.5662863","GrowthArea":"Y","LotArea":189740,"ZONELABEL":"C-4","Shape_Length":1731.3545419759203,"Shape_Area":189739.54676534582}},{"type":"Feature","id":20002,"geometry":{"type":"Polygon","coordinates":[[[-106.57181285390777,31.879490496184875],[-106.57132357817014,31.879501270308783],[-106.57133091367787,31.879514717119793],[-106.57198272366817,31.880709487067058],[-106.57224532786654,31.880789926431124],[-106.57181285390777,31.879490496184875]]]},"properties":{"OBJECTID":20002,"Join_Count":2,"TARGET_FID":43056,"PlaceType":"Regional Corridor","SB840":"Y","TRACTCE":"010226","BLKGRPCE":"1","GEOID":"481410102261","INTPTLAT":"+31.8810271","INTPTLON":"-106.5662863","GrowthArea":"Y","LotArea":51083,"ZONELABEL":"C-4","Shape_Length":1214.7922743408603,"Shape_Area":51083.319170755327}},{"type":"Feature","id":20003,"geometry":{"type":"Polygon","coordinates":[[[-106.57224532786654,31.880789926431124],[-106.57330469114582,31.881114416046408],[-106.57336541526557,31.881165739075659],[-106.57391481675103,31.881082151681433],[-106.57539955446784,31.88085624766255],[-106.57525086339321,31.87998438949392],[-106.57510059177139,31.879520770180623],[-106.5750766485217,31.879470619784694],[-106.57505745068157,31.879419003576285],[-106.57484847555557,31.87891391245001],[-106.57376914158296,31.879254236575708],[-106.57320806247262,31.879416621064891],[-106.57322620007712,31.879459364094714],[-106.57181285390777,31.879490496184875],[-106.57224532786654,31.880789926431124]]]},"properties":{"OBJECTID":20003,"Join_Count":4,"TARGET_FID":43057,"PlaceType":"Regional Corridor","SB840":"Y","TRACTCE":"010226","BLKGRPCE":"1","GEOID":"481410102261","INTPTLAT":"+31.8810271","INTPTLON":"-106.5662863","GrowthArea":"Y","LotArea":616595,"ZONELABEL":"C-4","Shape_Length":3235.026985817221,"Shape_Area":616594.93192534801}},{"type":"Feature","id":20010,"geometry":{"type":"Polygon","coordinates":[[[-106.57668387554469,31.886418658551637],[-106.57785984201212,31.886280646237221],[-106.57839790658099,31.886340726206203],[-106.57964047977288,31.886194011109961],[-106.57964510137727,31.886191337108393],[-106.57964918889147,31.886188092570087],[-106.57965264780282,31.88618435338546],[-106.57965539703335,31.886180206543017],[-106.5796573699954,31.886175750078497],[-106.57949843379038,31.88520476636327],[-106.57914271345791,31.884499470845846],[-106.57902216531751,31.883764713083245],[-106.57784401271361,31.883976465323187],[-106.5778438619387,31.883976490617613],[-106.57751621390223,31.884027899525375],[-106.57718735921449,31.884073351539545],[-106.57685744590093,31.884112826912439],[-106.57648237208085,31.884154236857359],[-106.57639173267617,31.884167347898583],[-106.57637615370038,31.884170654525747],[-106.57636142130278,31.884176094714146],[-106.57634793223495,31.884183520279546],[-106.57633605131736,31.88419273217934],[-106.57632610088662,31.88420348101857],[-106.57631834972109,31.88421547570989],[-106.57631300618716,31.884228391931529],[-106.57631021455174,31.884241880433159],[-106.57631005246834,31.884255577092315],[-106.57633909834026,31.884475643085498],[-106.57637534570132,31.884694930287065],[-106.57643288516051,31.885051243653876],[-106.57646955633832,31.885278327280769],[-106.57647637592565,31.885332683655424],[-106.5765270338819,31.885660506520715],[-106.5765713195777,31.885914395989499],[-106.57662361295709,31.886167174443091],[-106.57668387554469,31.886418658551637]]]},"properties":{"OBJECTID":20010,"Join_Count":2,"TARGET_FID":43064,"PlaceType":"Regional Corridor","SB840":"Y","TRACTCE":"010226","BLKGRPCE":"2","GEOID":"481410102262","INTPTLAT":"+31.8961515","INTPTLON":"-106.5703717","GrowthArea":"Y","LotArea":771375,"ZONELABEL":"C-4","Shape_Length":3511.3141297947282,"Shape_Area":771375.38121529319}},{"type":"Feature","id":20011,"geometry":{"type":"Polygon","coordinates":[[[-106.58009562352603,31.888754934690212],[-106.58138140023628,31.888605245404811],[-106.58125682648463,31.887826532595508],[-106.58112045892921,31.886974089411339],[-106.58104711283022,31.886539261123794],[-106.58104331506536,31.886525085079391],[-106.58103749699514,31.886511416933043],[-106.58095528934835,31.886298710758357],[-106.58093628504557,31.88617990968886],[-106.58093541781325,31.886166989504012],[-106.5809369311238,31.886154112292175],[-106.58094078664497,31.886141596033184],[-106.5809468892235,31.886129747883491],[-106.5809550898137,31.886118860422833],[-106.58096518593941,31.886109202599187],[-106.58097692848825,31.886101010370755],[-106.58099002810236,31.886094487302351],[-106.58100416284984,31.886089792455127],[-106.58101898473446,31.886087042784329],[-106.58141344271536,31.886040785372781],[-106.58141360029913,31.886040766973789],[-106.58143182256649,31.886038644479658],[-106.58142981227071,31.885955911921073],[-106.58141400946731,31.885957752145465],[-106.58141340645206,31.885957822624274],[-106.58100057639265,31.886005899858439],[-106.58098425885863,31.886006612161399],[-106.58096803382615,31.88600496883814],[-106.58095236492251,31.886001017199575],[-106.58093769993683,31.885994869448151],[-106.58092445809633,31.885986702384663],[-106.58091301892048,31.885976748910483],[-106.58090370709003,31.885965293333786],[-106.5808967907991,31.885952662415637],[-106.58089246650582,31.885939218875727],[-106.5808487307293,31.885632527335769],[-106.5808191226823,31.885447682646358],[-106.58081483016315,31.88542898511821],[-106.58080803826842,31.885410834725221],[-106.58061751938754,31.884987767057972],[-106.58061307202699,31.884974816268038],[-106.58061116034574,31.884961419576126],[-106.58061183451537,31.884947936783053],[-106.58061507699061,31.884934728228281],[-106.58062080097959,31.884922147636544],[-106.58062885407206,31.884910532911803],[-106.58063901846377,31.884900193480533],[-106.58065102344263,31.884891406983215],[-106.58066454790148,31.884884409217957],[-106.58067922836561,31.884879387432761],[-106.5806946724144,31.884876475165207],[-106.58140583617761,31.884793541116551],[-106.58141700466433,31.884792239352159],[-106.58142251102947,31.884779442440777],[-106.58141791970183,31.884757448806081],[-106.58140391181192,31.884690359981327],[-106.58140248972315,31.884691816517222],[-106.58139019364341,31.884701373083889],[-106.58137615844052,31.88470898887374],[-106.58136080120458,31.884714438836518],[-106.58134457601221,31.884717561182686],[-106.58064405602045,31.884799142522684],[-106.58062720003926,31.884799825520634],[-106.58061046060698,31.884798003603368],[-106.58059434520521,31.884793731011854],[-106.58057934308259,31.884787138735742],[-106.58056590771702,31.884778425418851],[-106.58055444825473,31.88476785596292],[-106.58054531185432,31.884755750632412],[-106.58053877465122,31.884742476454978],[-106.58053503465449,31.884728435819838],[-106.58047320105833,31.884341885960119],[-106.58060257165489,31.884326824780665],[-106.58059475373811,31.884285500752341],[-106.58058358564337,31.884290197787831],[-106.58057180277879,31.884293629938711],[-106.580559600513,31.884295741767087],[-106.58019711326904,31.884337977709425],[-106.57979029150752,31.88438535228094],[-106.57936087069584,31.884435357571341],[-106.57934572813616,31.884436096431916],[-106.57933063603453,31.884434805051509],[-106.5793159670052,31.884431515239587],[-106.57930208203194,31.884426307236325],[-106.57928932202563,31.884419310117483],[-106.57927800318782,31.884410695693827],[-106.57926840311406,31.88440067646798],[-106.57926075826799,31.884389499432416],[-106.57925525717521,31.884377439169832],[-106.57925203479085,31.884364792703838],[-106.5792118267514,31.884113297761427],[-106.57920887807167,31.884078064787932],[-106.57920816396981,31.883990600202196],[-106.57920641566444,31.883963850890272],[-106.57920162267075,31.883937373147283],[-106.57916575001306,31.883787894941651],[-106.57916390651049,31.883775192280044],[-106.57916437543822,31.883762399495151],[-106.57916714612141,31.883749820594428],[-106.57917215253597,31.883737755013346],[-106.57902216531751,31.883764713083245],[-106.57914271345791,31.884499470845846],[-106.57949843379038,31.88520476636327],[-106.5796573699954,31.886175750078497],[-106.57965539703335,31.886180206543017],[-106.57965264780282,31.88618435338546],[-106.57964918889147,31.886188092570087],[-106.57964510137727,31.886191337108393],[-106.57964047977288,31.886194011109961],[-106.57839790658099,31.886340726206203],[-106.57785984201212,31.886280646237221],[-106.57668387554469,31.886418658551637],[-106.57673806290326,31.886619742094688],[-106.57679734543599,31.886819775652274],[-106.57686169478566,31.887018665736431],[-106.57693108265356,31.887216319759155],[-106.57695585700205,31.887277936552795],[-106.577012020521,31.887448373424942],[-106.57710469352969,31.88770551427735],[-106.57753946383828,31.888984496099823],[-106.57754722907302,31.888997996952344],[-106.57755752508335,31.889010204044755],[-106.57757006156341,31.889020776314094],[-106.57758448861017,31.889029416201378],[-106.57760040189387,31.889035883855659],[-106.57761735637719,31.889039996476413],[-106.57763487769927,31.889041640413584],[-106.57765677845811,31.889038827266962],[-106.57902684219194,31.888879351462631],[-106.5788489983445,31.88777133100033],[-106.57884333877315,31.887713570726412],[-106.57884483923448,31.887655622467388],[-106.57885348185152,31.887598131103054],[-106.57886917006073,31.887541736253002],[-106.57889444951462,31.887457487430364],[-106.57891272773362,31.887371932207429],[-106.57892391605321,31.887285492145338],[-106.57892795794389,31.887198594489259],[-106.5789248341687,31.887111670114617],[-106.57891455920178,31.887025147375727],[-106.57888264067215,31.886826342341898],[-106.5795465484148,31.88674874742356],[-106.57973369508433,31.887914350536967],[-106.57979306282483,31.887907410601329],[-106.57985365050072,31.88828476152327],[-106.58001771575364,31.88826558579359],[-106.5800961747759,31.888754238936293],[-106.58009562352603,31.888754934690212]],[[-106.58075736491409,31.88612308273537],[-106.58077282015135,31.886125864085809],[-106.58078753799482,31.886130757401723],[-106.58080112546091,31.886137630689667],[-106.5808132200132,31.886146299913637],[-106.58082349730512,31.886156534042456],[-106.58083168320401,31.88616806079613],[-106.58083755936414,31.886180570894748],[-106.58084096933381,31.886193730411033],[-106.58085415725378,31.886276172452476],[-106.58086292061209,31.886316947072178],[-106.58087601053597,31.886356868317947],[-106.58094673686729,31.88653986607012],[-106.58094794867115,31.886544118297913],[-106.580948353628,31.8865484805875],[-106.58094794338477,31.886552842238522],[-106.58094672553645,31.886557093592184],[-106.58094473312431,31.886561125575394],[-106.58094201666808,31.886564837309514],[-106.58093864404684,31.886568134308977],[-106.58093470073699,31.886570932083387],[-106.58093028694249,31.886573160791155],[-106.58092551431037,31.886574763590765],[-106.58092050405762,31.886575700343595],[-106.58010304379664,31.886670894936941],[-106.58009743554189,31.88667112689259],[-106.58009186440313,31.886670524262293],[-106.58008650095083,31.886669105059571],[-106.58008150797824,31.886666913865373],[-106.58007703697909,31.886664016577804],[-106.58007322281192,31.886660499764407],[-106.580070181708,31.886656472564475],[-106.58006800733416,31.886652055135361],[-106.58006676370248,31.886647383508905],[-106.58004376536586,31.886503664223333],[-106.58004290395002,31.886490605562244],[-106.58004447321827,31.886477595615347],[-106.5800484332585,31.886464960566954],[-106.58005468540483,31.886453018580408],[-106.58006307164443,31.886442070793457],[-106.5800733802968,31.88643239111045],[-106.58009387120502,31.886413282587402],[-106.58011073188815,31.886391745886563],[-106.58013393948052,31.886361441217812],[-106.58016161385703,31.886334002416497],[-106.58019327384957,31.886309903285245],[-106.58025558214378,31.886268427710078],[-106.5802981054253,31.886244482232829],[-106.58034452093814,31.886226556348529],[-106.58050842967701,31.886176155290627],[-106.58061606055988,31.88614676532362],[-106.58072590067721,31.886124089809456],[-106.58074158462669,31.886122485703208],[-106.58075736491409,31.88612308273537]]]},"properties":{"OBJECTID":20011,"Join_Count":2,"TARGET_FID":43065,"PlaceType":"Regional Corridor","SB840":"Y","TRACTCE":"010226","BLKGRPCE":"2","GEOID":"481410102262","INTPTLAT":"+31.8961515","INTPTLON":"-106.5703717","GrowthArea":"Y","LotArea":1246071,"ZONELABEL":"C-4","Shape_Length":9412.2181139862023,"Shape_Area":1246070.560886608}},{"type":"Feature","id":20012,"geometry":{"type":"Polygon","coordinates":[[[-106.58007575625523,31.883603083150867],[-106.57966708994687,31.88365964361579],[-106.57966758676353,31.883661094812549],[-106.57971234725669,31.883898053784286],[-106.57979029150752,31.88438535228094],[-106.58019711326904,31.884337977709425],[-106.58010045093208,31.883733675415847],[-106.58007575625523,31.883603083150867]]]},"properties":{"OBJECTID":20012,"Join_Count":1,"TARGET_FID":43066,"PlaceType":"Regional Corridor","SB840":"Y","TRACTCE":"010226","BLKGRPCE":"2","GEOID":"481410102262","INTPTLAT":"+31.8961515","INTPTLON":"-106.5703717","GrowthArea":"Y","LotArea":34275,"ZONELABEL":"C-4","Shape_Length":792.75085155330351,"Shape_Area":34274.520727649433}},{"type":"Feature","id":20013,"geometry":{"type":"Polygon","coordinates":[[[-106.58007575625523,31.883603083150867],[-106.58010045093208,31.883733675415847],[-106.58019711326904,31.884337977709425],[-106.580559600513,31.884295741767087],[-106.58057180277879,31.884293629938711],[-106.58058358564337,31.884290197787831],[-106.58059475373811,31.884285500752341],[-106.5804562932092,31.883552620024709],[-106.58045416122179,31.8835507089217],[-106.58007575625523,31.883603083150867]]]},"properties":{"OBJECTID":20013,"Join_Count":1,"TARGET_FID":43067,"PlaceType":"Regional Corridor","SB840":"Y","TRACTCE":"010226","BLKGRPCE":"2","GEOID":"481410102262","INTPTLAT":"+31.8961515","INTPTLON":"-106.5703717","GrowthArea":"Y","LotArea":33047,"ZONELABEL":"C-4","Shape_Length":785.1742994713818,"Shape_Area":33047.094606145714}},{"type":"Feature","id":20014,"geometry":{"type":"Polygon","coordinates":[[[-106.58059475373811,31.884285500752341],[-106.58060257165489,31.884326824780665],[-106.58070910342994,31.884314397282264],[-106.58068878686403,31.884187397832971],[-106.58104961076201,31.88414537757216],[-106.58104691009898,31.88412849059041],[-106.58127992597555,31.884101354290099],[-106.58128083777889,31.884100909499622],[-106.58122548905563,31.883835818235209],[-106.58122488591152,31.88383293053905],[-106.58122266029748,31.883822273143231],[-106.58120766404045,31.883773966243627],[-106.58118583218635,31.883728340262245],[-106.58115736383905,31.883685460615382],[-106.581122723246,31.88364602673385],[-106.58108247456838,31.883610679962466],[-106.58103727519294,31.883579998461492],[-106.58098786206035,31.883554482507716],[-106.58093504057847,31.883534546897138],[-106.58087967172209,31.883520517951162],[-106.58082265977288,31.883512624169235],[-106.58076493414332,31.883510993487743],[-106.58070743460334,31.883515653989235],[-106.58045416122179,31.8835507089217],[-106.5804562932092,31.883552620024709],[-106.58059475373811,31.884285500752341]]]},"properties":{"OBJECTID":20014,"Join_Count":1,"TARGET_FID":43068,"PlaceType":"Regional Corridor","SB840":"Y","TRACTCE":"010226","BLKGRPCE":"2","GEOID":"481410102262","INTPTLAT":"+31.8961515","INTPTLON":"-106.5703717","GrowthArea":"Y","LotArea":50054,"ZONELABEL":"C-4","Shape_Length":956.82123189774188,"Shape_Area":50054.204119085756}},{"type":"Feature","id":20015,"geometry":{"type":"Polygon","coordinates":[[[-106.58060257165489,31.884326824780665],[-106.58047320105833,31.884341885960119],[-106.58053503465449,31.884728435819838],[-106.58053877465122,31.884742476454978],[-106.58054531185432,31.884755750632412],[-106.58055444825473,31.88476785596292],[-106.58056590771702,31.884778425418851],[-106.58057934308259,31.884787138735742],[-106.58059434520521,31.884793731011854],[-106.58061046060698,31.884798003603368],[-106.58062720003926,31.884799825520634],[-106.58064405602045,31.884799142522684],[-106.58134457601221,31.884717561182686],[-106.58136080120458,31.884714438836518],[-106.58137615844052,31.88470898887374],[-106.58139019364341,31.884701373083889],[-106.58140248972315,31.884691816517222],[-106.58140391181192,31.884690359981327],[-106.58128083777889,31.884100909499622],[-106.58127992597555,31.884101354290099],[-106.58104691009898,31.88412849059041],[-106.58104961076201,31.88414537757216],[-106.58068878686403,31.884187397832971],[-106.58070910342994,31.884314397282264],[-106.58060257165489,31.884326824780665]]]},"properties":{"OBJECTID":20015,"Join_Count":1,"TARGET_FID":43069,"PlaceType":"Regional Corridor","SB840":"Y","TRACTCE":"010226","BLKGRPCE":"2","GEOID":"481410102262","INTPTLAT":"+31.8961515","INTPTLON":"-106.5703717","GrowthArea":"Y","LotArea":54689,"ZONELABEL":"C-4","Shape_Length":960.78922388352794,"Shape_Area":54688.654243763296}},{"type":"Feature","id":20016,"geometry":{"type":"Polygon","coordinates":[[[-106.58140583617761,31.884793541116551],[-106.5806946724144,31.884876475165207],[-106.58067922836561,31.884879387432761],[-106.58066454790148,31.884884409217957],[-106.58065102344263,31.884891406983215],[-106.58063901846377,31.884900193480533],[-106.58062885407206,31.884910532911803],[-106.58062080097959,31.884922147636544],[-106.58061507699061,31.884934728228281],[-106.58061183451537,31.884947936783053],[-106.58061116034574,31.884961419576126],[-106.58061307202699,31.884974816268038],[-106.58061751938754,31.884987767057972],[-106.58080803826842,31.885410834725221],[-106.58081483016315,31.88542898511821],[-106.5808191226823,31.885447682646358],[-106.5808487307293,31.885632527335769],[-106.58140115120256,31.88556819560316],[-106.58140168175561,31.885568134020122],[-106.58157274013172,31.885548209601197],[-106.58147792366778,31.885063928934965],[-106.58146985263394,31.885006175936784],[-106.58142498886237,31.884791308036728],[-106.58140583617761,31.884793541116551]]]},"properties":{"OBJECTID":20016,"Join_Count":1,"TARGET_FID":43070,"PlaceType":"Regional Corridor","SB840":"Y","TRACTCE":"010226","BLKGRPCE":"2","GEOID":"481410102262","INTPTLAT":"+31.8961515","INTPTLON":"-106.5703717","GrowthArea":"Y","LotArea":66758,"ZONELABEL":"C-4","Shape_Length":1035.4126954544829,"Shape_Area":66758.484727725488}},{"type":"Feature","id":20017,"geometry":{"type":"Polygon","coordinates":[[[-106.58195883323873,31.887755401669576],[-106.58182064158046,31.886892546910143],[-106.58112045892921,31.886974089411339],[-106.58125682648463,31.887826532595508],[-106.58195883323873,31.887755401669576]]]},"properties":{"OBJECTID":20017,"Join_Count":1,"TARGET_FID":43071,"PlaceType":"Regional Corridor","SB840":"Y","TRACTCE":"010226","BLKGRPCE":"2","GEOID":"481410102262","INTPTLAT":"+31.8961515","INTPTLON":"-106.5703717","GrowthArea":"Y","LotArea":69081,"ZONELABEL":"C-4","Shape_Length":1068.5881520365513,"Shape_Area":69081.443011886877}},{"type":"Feature","id":20018,"geometry":{"type":"Polygon","coordinates":[[[-106.58125682648463,31.887826532595508],[-106.58138140023628,31.888605245404811],[-106.58198479628263,31.8885349936496],[-106.58200001507407,31.888532574406391],[-106.58201457062071,31.888528075160167],[-106.58202807493312,31.888521616593863],[-106.58204016767725,31.888513369549848],[-106.58205052778344,31.888503554472379],[-106.5820588781888,31.88849243305112],[-106.58206499802635,31.888480300409899],[-106.58206872443935,31.888467480503476],[-106.58206995708576,31.888454314158935],[-106.5820686629408,31.888441151619237],[-106.58195883323873,31.887755401669576],[-106.58125682648463,31.887826532595508]]]},"properties":{"OBJECTID":20018,"Join_Count":1,"TARGET_FID":43072,"PlaceType":"Regional Corridor","SB840":"Y","TRACTCE":"010226","BLKGRPCE":"2","GEOID":"481410102262","INTPTLAT":"+31.8961515","INTPTLON":"-106.5703717","GrowthArea":"Y","LotArea":62128,"ZONELABEL":"C-4","Shape_Length":994.21510768856581,"Shape_Area":62127.724594931897}},{"type":"Feature","id":20019,"geometry":{"type":"Polygon","coordinates":[[[-106.58084096933381,31.886193730411033],[-106.58083755936414,31.886180570894748],[-106.58083168320401,31.88616806079613],[-106.58082349730512,31.886156534042456],[-106.5808132200132,31.886146299913637],[-106.58080112546091,31.886137630689667],[-106.58078753799482,31.886130757401723],[-106.58077282015135,31.886125864085809],[-106.58075736491409,31.88612308273537],[-106.58074158462669,31.886122485703208],[-106.58072590067721,31.886124089809456],[-106.58061606055988,31.88614676532362],[-106.58050842967701,31.886176155290627],[-106.58034452093814,31.886226556348529],[-106.5802981054253,31.886244482232829],[-106.58025558214378,31.886268427710078],[-106.58019327384957,31.886309903285245],[-106.58016161385703,31.886334002416497],[-106.58013393948052,31.886361441217812],[-106.58011073188815,31.886391745886563],[-106.58009387120502,31.886413282587402],[-106.5800733802968,31.88643239111045],[-106.58006307164443,31.886442070793457],[-106.58005468540483,31.886453018580408],[-106.5800484332585,31.886464960566954],[-106.58004447321827,31.886477595615347],[-106.58004290395002,31.886490605562244],[-106.58004376536586,31.886503664223333],[-106.58006676370248,31.886647383508905],[-106.58006800733416,31.886652055135361],[-106.580070181708,31.886656472564475],[-106.58007322281192,31.886660499764407],[-106.58007703697909,31.886664016577804],[-106.58008150797824,31.886666913865373],[-106.58008650095083,31.886669105059571],[-106.58009186440313,31.886670524262293],[-106.58009743554189,31.88667112689259],[-106.58010304379664,31.886670894936941],[-106.58092050405762,31.886575700343595],[-106.58092551431037,31.886574763590765],[-106.58093028694249,31.886573160791155],[-106.58093470073699,31.886570932083387],[-106.58093864404684,31.886568134308977],[-106.58094201666808,31.886564837309514],[-106.58094473312431,31.886561125575394],[-106.58094672553645,31.886557093592184],[-106.58094794338477,31.886552842238522],[-106.580948353628,31.8865484805875],[-106.58094794867115,31.886544118297913],[-106.58094673686729,31.88653986607012],[-106.58087601053597,31.886356868317947],[-106.58086292061209,31.886316947072178],[-106.58085415725378,31.886276172452476],[-106.58084096933381,31.886193730411033]]]},"properties":{"OBJECTID":20019,"Join_Count":1,"TARGET_FID":43073,"PlaceType":"Regional Corridor","SB840":"Y","TRACTCE":"010226","BLKGRPCE":"2","GEOID":"481410102262","INTPTLAT":"+31.8961515","INTPTLON":"-106.5703717","GrowthArea":"Y","LotArea":38603,"ZONELABEL":"C-4","Shape_Length":788.91521537389656,"Shape_Area":38602.506982172417}},{"type":"Feature","id":20020,"geometry":{"type":"Polygon","coordinates":[[[-106.57966708994687,31.88365964361579],[-106.5794046481541,31.883695965392523],[-106.57917806890268,31.883736690861948],[-106.57917215253597,31.883737755013346],[-106.57916714612141,31.883749820594428],[-106.57916437543822,31.883762399495151],[-106.57916390651049,31.883775192280044],[-106.57916575001306,31.883787894941651],[-106.57920162267075,31.883937373147283],[-106.57920641566444,31.883963850890272],[-106.57920816396981,31.883990600202196],[-106.57920887807167,31.884078064787932],[-106.5792118267514,31.884113297761427],[-106.57925203479085,31.884364792703838],[-106.57925525717521,31.884377439169832],[-106.57926075826799,31.884389499432416],[-106.57926840311406,31.88440067646798],[-106.57927800318782,31.884410695693827],[-106.57928932202563,31.884419310117483],[-106.57930208203194,31.884426307236325],[-106.5793159670052,31.884431515239587],[-106.57933063603453,31.884434805051509],[-106.57934572813616,31.884436096431916],[-106.57936087069584,31.884435357571341],[-106.57979029150752,31.88438535228094],[-106.57971234725669,31.883898053784286],[-106.57966758676353,31.883661094812549],[-106.57966708994687,31.88365964361579]]]},"properties":{"OBJECTID":20020,"Join_Count":1,"TARGET_FID":43074,"PlaceType":"Regional Corridor","SB840":"Y","TRACTCE":"010226","BLKGRPCE":"2","GEOID":"481410102262","INTPTLAT":"+31.8961515","INTPTLON":"-106.5703717","GrowthArea":"Y","LotArea":42658,"ZONELABEL":"C-4","Shape_Length":835.31372816852706,"Shape_Area":42658.331178572604}},{"type":"Feature","id":20021,"geometry":{"type":"Polygon","coordinates":[[[-106.58140168175561,31.885568134020122],[-106.58140115120256,31.88556819560316],[-106.5808487307293,31.885632527335769],[-106.58089246650582,31.885939218875727],[-106.5808967907991,31.885952662415637],[-106.58090370709003,31.885965293333786],[-106.58091301892048,31.885976748910483],[-106.58092445809633,31.885986702384663],[-106.58093769993683,31.885994869448151],[-106.58095236492251,31.886001017199575],[-106.58096803382615,31.88600496883814],[-106.58098425885863,31.886006612161399],[-106.58100057639265,31.886005899858439],[-106.58141340645206,31.885957822624274],[-106.58141400946731,31.885957752145465],[-106.5815898625338,31.885937272548421],[-106.58160500077803,31.885934488663029],[-106.58161939230369,31.885929610710992],[-106.58163264363037,31.885922772283905],[-106.58164438922894,31.885914161634787],[-106.58157274013172,31.885548209601197],[-106.58140168175561,31.885568134020122]]]},"properties":{"OBJECTID":20021,"Join_Count":2,"TARGET_FID":43075,"PlaceType":"Regional Corridor","SB840":"Y","TRACTCE":"010226","BLKGRPCE":"2","GEOID":"481410102262","INTPTLAT":"+31.8961515","INTPTLON":"-106.5703717","GrowthArea":"Y","LotArea":32176,"ZONELABEL":"C-4","Shape_Length":723.67079780161748,"Shape_Area":32175.700528165518}},{"type":"Feature","id":20022,"geometry":{"type":"Polygon","coordinates":[[[-106.58141360029913,31.886040766973789],[-106.58141344271536,31.886040785372781],[-106.58101898473446,31.886087042784329],[-106.58100416284984,31.886089792455127],[-106.58099002810236,31.886094487302351],[-106.58097692848825,31.886101010370755],[-106.58096518593941,31.886109202599187],[-106.5809550898137,31.886118860422833],[-106.5809468892235,31.886129747883491],[-106.58094078664497,31.886141596033184],[-106.5809369311238,31.886154112292175],[-106.58093541781325,31.886166989504012],[-106.58093628504557,31.88617990968886],[-106.58095528934835,31.886298710758357],[-106.58103749699514,31.886511416933043],[-106.58104331506536,31.886525085079391],[-106.58104711283022,31.886539261123794],[-106.58112045892921,31.886974089411339],[-106.58182064158046,31.886892546910143],[-106.58175185410757,31.886463037133748],[-106.58166347934869,31.886011665972251],[-106.58141360029913,31.886040766973789]]]},"properties":{"OBJECTID":20022,"Join_Count":1,"TARGET_FID":43076,"PlaceType":"Regional Corridor","SB840":"Y","TRACTCE":"010226","BLKGRPCE":"2","GEOID":"481410102262","INTPTLAT":"+31.8961515","INTPTLON":"-106.5703717","GrowthArea":"Y","LotArea":72689,"ZONELABEL":"C-4","Shape_Length":1088.0377111145399,"Shape_Area":72689.477600936763}},{"type":"Feature","id":20027,"geometry":{"type":"Polygon","coordinates":[[[-106.58142251102947,31.884779442440777],[-106.58141700466433,31.884792239352159],[-106.58142498886237,31.884791308036728],[-106.58142251102947,31.884779442440777]]]},"properties":{"OBJECTID":20027,"Join_Count":1,"TARGET_FID":43081,"PlaceType":"Regional Corridor","SB840":"Y","TRACTCE":"010226","BLKGRPCE":"2","GEOID":"481410102262","INTPTLAT":"+31.8961515","INTPTLON":"-106.5703717","GrowthArea":"Y","LotArea":5,"ZONELABEL":"C-4","Shape_Length":11.845286388275149,"Shape_Area":5.4793043497372551}},{"type":"Feature","id":20028,"geometry":{"type":"Polygon","coordinates":[[[-106.58142981227071,31.885955911921073],[-106.58143182256649,31.886038644479658],[-106.58166347934869,31.886011665972251],[-106.58164438922894,31.885914161634787],[-106.58163264363037,31.885922772283905],[-106.58161939230369,31.885929610710992],[-106.58160500077803,31.885934488663029],[-106.5815898625338,31.885937272548421],[-106.58142981227071,31.885955911921073]]]},"properties":{"OBJECTID":20028,"Join_Count":1,"TARGET_FID":43082,"PlaceType":"Regional Corridor","SB840":"Y","TRACTCE":"010226","BLKGRPCE":"2","GEOID":"481410102262","INTPTLAT":"+31.8961515","INTPTLON":"-106.5703717","GrowthArea":"Y","LotArea":2141,"ZONELABEL":"C-4","Shape_Length":208.00750341531077,"Shape_Area":2141.2323655218461}},{"type":"Feature","id":20033,"geometry":{"type":"Polygon","coordinates":[[[-106.58009562352603,31.888754934690212],[-106.5800961747759,31.888754238936293],[-106.58001771575364,31.88826558579359],[-106.57985365050072,31.88828476152327],[-106.57979306282483,31.887907410601329],[-106.57973369508433,31.887914350536967],[-106.5795465484148,31.88674874742356],[-106.57888264067215,31.886826342341898],[-106.57891455920178,31.887025147375727],[-106.5789248341687,31.887111670114617],[-106.57892795794389,31.887198594489259],[-106.57892391605321,31.887285492145338],[-106.57891272773362,31.887371932207429],[-106.57889444951462,31.887457487430364],[-106.57886917006073,31.887541736253002],[-106.57885348185152,31.887598131103054],[-106.57884483923448,31.887655622467388],[-106.57884333877315,31.887713570726412],[-106.5788489983445,31.88777133100033],[-106.57902684219194,31.888879351462631],[-106.58009562352603,31.888754934690212]]]},"properties":{"OBJECTID":20033,"Join_Count":1,"TARGET_FID":43092,"PlaceType":"Regional Corridor","SB840":"Y","TRACTCE":"010226","BLKGRPCE":"2","GEOID":"481410102262","INTPTLAT":"+31.8961515","INTPTLON":"-106.5703717","GrowthArea":"Y","LotArea":200139,"ZONELABEL":"C-4","Shape_Length":2113.1341203641887,"Shape_Area":200139.12274195021}},{"type":"Feature","id":20034,"geometry":{"type":"Polygon","coordinates":[[[-106.57274212953168,31.885209452495065],[-106.57228179403319,31.885411266723793],[-106.57211828585713,31.885609549093413],[-106.57216409680701,31.885769964296681],[-106.57216510379448,31.885773491148655],[-106.57219095506754,31.88586401282474],[-106.5722330524499,31.886042107383972],[-106.57224808113986,31.88610569299907],[-106.57308718018299,31.885881655069547],[-106.57274212953168,31.885209452495065]]]},"properties":{"OBJECTID":20034,"Join_Count":1,"TARGET_FID":43093,"PlaceType":"Neighborhood Center","SB840":"Y","TRACTCE":"010226","BLKGRPCE":"2","GEOID":"481410102262","INTPTLAT":"+31.8961515","INTPTLON":"-106.5703717","GrowthArea":"Y","LotArea":59738,"ZONELABEL":"C-4","Shape_Length":973.70079790526233,"Shape_Area":59738.453452203408}},{"type":"Feature","id":20035,"geometry":{"type":"Polygon","coordinates":[[[-106.57533563368065,31.884299242029126],[-106.57522399619195,31.884312962100804],[-106.57505273316414,31.884337555187301],[-106.57488302794431,31.884369041121932],[-106.5747152600706,31.884407348428088],[-106.57454980602405,31.884452391325393],[-106.57438703805535,31.884504067979279],[-106.57422732020098,31.884562264305174],[-106.57407101109375,31.884626848413831],[-106.57361791982586,31.884825494261488],[-106.57361776854933,31.884825560221536],[-106.57360829608196,31.884830676702094],[-106.57360000633615,31.884837115787171],[-106.57359315016916,31.8848446839026],[-106.57358793367834,31.884853150778905],[-106.57358451680179,31.884862260357067],[-106.57358300007354,31.884871738649689],[-106.57358343224745,31.88488129698813],[-106.57358579852269,31.884890646136043],[-106.57359002852307,31.884899504939092],[-106.57378715653736,31.8852274091251],[-106.57385683906986,31.885349286118196],[-106.57392073028817,31.885473451225128],[-106.57392576035015,31.885481726114495],[-106.57393235676275,31.885489158181212],[-106.57394032958892,31.885495531615007],[-106.57394944986818,31.885500664992886],[-106.57395945483377,31.885504410125545],[-106.57397005794392,31.885506659706426],[-106.57399600761039,31.885511974837559],[-106.57402069919738,31.885520612812822],[-106.57404355294788,31.885532370179369],[-106.57405216998052,31.885536789703199],[-106.57406148744263,31.885540013171465],[-106.57407127878957,31.885541960210528],[-106.57408130595064,31.885542584419461],[-106.57409132442761,31.885541870416144],[-106.57410109191504,31.885539836134093],[-106.57411036917799,31.885536530070468],[-106.57482290768743,31.885224877054267],[-106.57497654962744,31.885161210256619],[-106.57513326712865,31.885103258916313],[-106.57529276983993,31.885051130878139],[-106.57545476042878,31.8850049243872],[-106.57533563368065,31.884299242029126]]]},"properties":{"OBJECTID":20035,"Join_Count":1,"TARGET_FID":43094,"PlaceType":"Neighborhood Center","SB840":"Y","TRACTCE":"010226","BLKGRPCE":"2","GEOID":"481410102262","INTPTLAT":"+31.8961515","INTPTLON":"-106.5703717","GrowthArea":"Y","LotArea":156835,"ZONELABEL":"C-4","Shape_Length":1621.6215143463116,"Shape_Area":156834.66041733325}},{"type":"Feature","id":20036,"geometry":{"type":"Polygon","coordinates":[[[-106.57308718018299,31.885881655069547],[-106.57224808113986,31.88610569299907],[-106.57225471550468,31.886133765444868],[-106.57235325682888,31.886478825590775],[-106.57239750072912,31.886633754409957],[-106.57240290254131,31.886647374174689],[-106.5724109938127,31.886659988041743],[-106.57242152896788,31.886671210341841],[-106.57243418817744,31.886680701415969],[-106.57244858721157,31.886688172562575],[-106.57246428770812,31.886693397288312],[-106.57248081335773,31.886696215952274],[-106.57249766104987,31.886696544264648],[-106.57251431975037,31.886694370575935],[-106.57327502215561,31.8865362295249],[-106.57308718018299,31.885881655069547]]]},"properties":{"OBJECTID":20036,"Join_Count":1,"TARGET_FID":43095,"PlaceType":"Neighborhood Center","SB840":"Y","TRACTCE":"010226","BLKGRPCE":"2","GEOID":"481410102262","INTPTLAT":"+31.8961515","INTPTLON":"-106.5703717","GrowthArea":"Y","LotArea":64312,"ZONELABEL":"C-4","Shape_Length":1005.8147665394989,"Shape_Area":64311.962483892647}},{"type":"Feature","id":20037,"geometry":{"type":"Polygon","coordinates":[[[-106.57261304424662,31.887388504947783],[-106.57276017058116,31.887903679659214],[-106.5736148087898,31.887726000512526],[-106.57350201195355,31.887331042772406],[-106.57347954828252,31.887334145053924],[-106.57345679161726,31.887334211072172],[-106.57343430288155,31.88733123834043],[-106.57341263748312,31.88732530141332],[-106.5733923258433,31.887316545593627],[-106.57337387017166,31.887305186183628],[-106.57335772505516,31.887291503092158],[-106.57334428643077,31.887275834136663],[-106.57333388665297,31.88725856444038],[-106.5733267812968,31.887240118935338],[-106.57261304424662,31.887388504947783]]]},"properties":{"OBJECTID":20037,"Join_Count":1,"TARGET_FID":43096,"PlaceType":"Neighborhood Center","SB840":"Y","TRACTCE":"010226","BLKGRPCE":"2","GEOID":"481410102262","INTPTLAT":"+31.8961515","INTPTLON":"-106.5703717","GrowthArea":"Y","LotArea":51084,"ZONELABEL":"C-4","Shape_Length":912.4824051154626,"Shape_Area":51084.21668263193}},{"type":"Feature","id":20038,"geometry":{"type":"Polygon","coordinates":[[[-106.57308718018299,31.885881655069547],[-106.57327502215561,31.8865362295249],[-106.57394802479254,31.886396316439988],[-106.57396244721129,31.886392271582274],[-106.57397594997603,31.886386349561473],[-106.57398819870292,31.886378697372336],[-106.5739988935126,31.886369503712977],[-106.57400776873372,31.886358994482457],[-106.57401460749986,31.886347429371597],[-106.57401923910504,31.88633509386025],[-106.57402155019768,31.886322292358187],[-106.57402148518358,31.886309338249902],[-106.57401904306005,31.886296554046339],[-106.5739345286367,31.886002055488223],[-106.57390421180597,31.885903224917449],[-106.57387023959275,31.885805263190051],[-106.57386615550551,31.885796724383905],[-106.57386045665376,31.885788888003997],[-106.57385330260847,31.885781974928324],[-106.57384489560386,31.885776178699381],[-106.57382218852474,31.885760522134326],[-106.57380286738804,31.885741848131506],[-106.57378747793841,31.885720679723494],[-106.57377645228776,31.885697614938042],[-106.57308718018299,31.885881655069547]]]},"properties":{"OBJECTID":20038,"Join_Count":1,"TARGET_FID":43097,"PlaceType":"Neighborhood Center","SB840":"Y","TRACTCE":"010226","BLKGRPCE":"2","GEOID":"481410102262","INTPTLAT":"+31.8961515","INTPTLON":"-106.5703717","GrowthArea":"Y","LotArea":61144,"ZONELABEL":"C-4","Shape_Length":965.78079442455532,"Shape_Area":61143.94711878652}},{"type":"Feature","id":20039,"geometry":{"type":"Polygon","coordinates":[[[-106.57206938318532,31.885504388749577],[-106.57214737456701,31.885777492787238],[-106.5721744741932,31.885867438907194],[-106.57219095506754,31.88586401282474],[-106.57216510379448,31.885773491148655],[-106.57216409680701,31.885769964296681],[-106.57210419285441,31.885560197315915],[-106.57209598760194,31.885531465760913],[-106.57214602336235,31.885470789010895],[-106.57207435814175,31.885502207534653],[-106.57206938318532,31.885504388749577]]]},"properties":{"OBJECTID":20039,"Join_Count":1,"TARGET_FID":43098,"PlaceType":"Neighborhood Center","SB840":"Y","TRACTCE":"010226","BLKGRPCE":"2","GEOID":"481410102262","INTPTLAT":"+31.8961515","INTPTLON":"-106.5703717","GrowthArea":"Y","LotArea":902,"ZONELABEL":"C-4","Shape_Length":319.56620524103528,"Shape_Area":901.92440685549889}},{"type":"Feature","id":20040,"geometry":{"type":"Polygon","coordinates":[[[-106.57432260014872,31.887033082859293],[-106.57417546938639,31.88651791862242],[-106.57416380492384,31.886477077667983],[-106.57414100915996,31.886495943372907],[-106.57411513240677,31.886511651687851],[-106.57408677021432,31.886523841675459],[-106.57405657430081,31.886532233710412],[-106.57346803726456,31.886654587693403],[-106.57345842847188,31.88665728182427],[-106.57344943336034,31.886661225563262],[-106.57344127102304,31.886666321700641],[-106.57343414382321,31.886672444020988],[-106.57342822608209,31.886679442361014],[-106.57342366525263,31.886687144360184],[-106.57342057271805,31.886695360417725],[-106.57341902408803,31.886703888194688],[-106.57341905843974,31.886712517166647],[-106.57342067457051,31.886721036029101],[-106.57352190905577,31.88707551111662],[-106.57352484361527,31.88708324781599],[-106.57352908327496,31.887090530874858],[-106.57353453598972,31.887097200310414],[-106.57354108105439,31.887103111062025],[-106.5735485765499,31.887108133537417],[-106.57356544039195,31.887119434606259],[-106.57358016707488,31.88713273400576],[-106.57359243462767,31.887147740055806],[-106.57360197382179,31.887164126032268],[-106.5736085768512,31.887181533363293],[-106.57432260014872,31.887033082859293]]]},"properties":{"OBJECTID":20040,"Join_Count":1,"TARGET_FID":43099,"PlaceType":"Neighborhood Center","SB840":"Y","TRACTCE":"010226","BLKGRPCE":"2","GEOID":"481410102262","INTPTLAT":"+31.8961515","INTPTLON":"-106.5703717","GrowthArea":"Y","LotArea":47817,"ZONELABEL":"C-4","Shape_Length":875.95475769042923,"Shape_Area":47816.64158876596}},{"type":"Feature","id":20041,"geometry":{"type":"Polygon","coordinates":[[[-106.57533563368065,31.884299242029126],[-106.57545476042878,31.8850049243872],[-106.57559480308696,31.884970225756913],[-106.57573624962308,31.884939952489834],[-106.57587890695996,31.88491414635417],[-106.57602258154709,31.884892841915718],[-106.57603341980256,31.884890575506667],[-106.57604363761901,31.884886748197697],[-106.5760529292092,31.884881474907939],[-106.57606101484807,31.884874912663662],[-106.5760676524221,31.884867259141597],[-106.57607264416377,31.884858742410245],[-106.57607583870337,31.884849619927934],[-106.57607714172816,31.884840163580119],[-106.57607651263896,31.884830657129623],[-106.57598964439215,31.884316094851908],[-106.57598605052489,31.884302188924028],[-106.57598008302836,31.884288890853021],[-106.5759775661909,31.884284606298511],[-106.57597652768554,31.884282982338263],[-106.57597545319362,31.884281374555027],[-106.57596448261384,31.884268043509945],[-106.575951032839,31.884256482455054],[-106.57593549194132,31.884247022349534],[-106.57591830229845,31.884239934644306],[-106.57589995888618,31.884235421428226],[-106.57588098482888,31.884233613890178],[-106.57586192646755,31.884234561716511],[-106.57533563368065,31.884299242029126]]]},"properties":{"OBJECTID":20041,"Join_Count":1,"TARGET_FID":43100,"PlaceType":"Neighborhood Center","SB840":"Y","TRACTCE":"010226","BLKGRPCE":"2","GEOID":"481410102262","INTPTLAT":"+31.8961515","INTPTLON":"-106.5703717","GrowthArea":"Y","LotArea":49484,"ZONELABEL":"C-4","Shape_Length":880.71874875179878,"Shape_Area":49484.133118240774}},{"type":"Feature","id":20042,"geometry":{"type":"Polygon","coordinates":[[[-106.57228179403319,31.885411266723793],[-106.57214602336235,31.885470789010895],[-106.57209598760194,31.885531465760913],[-106.57210419285441,31.885560197315915],[-106.57211828585713,31.885609549093413],[-106.57228179403319,31.885411266723793]]]},"properties":{"OBJECTID":20042,"Join_Count":1,"TARGET_FID":43101,"PlaceType":"Neighborhood Center","SB840":"Y","TRACTCE":"010226","BLKGRPCE":"2","GEOID":"481410102262","INTPTLAT":"+31.8961515","INTPTLON":"-106.5703717","GrowthArea":"Y","LotArea":1267,"ZONELABEL":"C-4","Shape_Length":191.80836068144094,"Shape_Area":1267.4668233991292}},{"type":"Feature","id":20044,"geometry":{"type":"Polygon","coordinates":[[[-106.57452968403685,31.885526160393738],[-106.57491774888663,31.886212293213806],[-106.57621928730289,31.88567638470197],[-106.57621930668968,31.885676357578227],[-106.57620134611139,31.885570083920857],[-106.57612062195372,31.885091941164834],[-106.57611837730322,31.885083462382486],[-106.57611459485902,31.885075391517258],[-106.57610936939629,31.885067929969168],[-106.57610283068087,31.885061263911894],[-106.57609514323212,31.885055560691608],[-106.57608649740639,31.88505096202789],[-106.57607711144814,31.885047583012309],[-106.5760672185301,31.885045508213619],[-106.57605706657543,31.885044788975943],[-106.57604690770467,31.885045443925279],[-106.57587740541102,31.885071360914043],[-106.57570946486116,31.885103843578683],[-106.57554343300187,31.885142823808753],[-106.57537965595201,31.885188220889859],[-106.57521847466276,31.885239939904686],[-106.5750602239815,31.885297873584385],[-106.57490523153723,31.885361901458847],[-106.57452968403685,31.885526160393738]]]},"properties":{"OBJECTID":20044,"Join_Count":1,"TARGET_FID":43103,"PlaceType":"Regional Corridor","SB840":"Y","TRACTCE":"010226","BLKGRPCE":"2","GEOID":"481410102262","INTPTLAT":"+31.8961515","INTPTLON":"-106.5703717","GrowthArea":"Y","LotArea":130688,"ZONELABEL":"C-4","Shape_Length":1477.3297325019876,"Shape_Area":130687.659037017}},{"type":"Feature","id":20045,"geometry":{"type":"Polygon","coordinates":[[[-106.57416380492384,31.886477077667983],[-106.57417546938639,31.88651791862242],[-106.57491774888663,31.886212293213806],[-106.57452968403685,31.885526160393738],[-106.57412019646112,31.885705262773577],[-106.57411224333312,31.885709386063574],[-106.57410506835733,31.885714443067641],[-106.5740988213774,31.885720329957234],[-106.57409363392986,31.88572692210295],[-106.57408376641105,31.885740014337109],[-106.57407234668875,31.885752153943997],[-106.57406578690615,31.885759609422976],[-106.57406079823858,31.885767902811487],[-106.57405752275484,31.885776796068299],[-106.57405605478677,31.885786033567882],[-106.57405643618566,31.885795350457027],[-106.57405865667803,31.885804478057413],[-106.57408540198693,31.885884686568282],[-106.57410981681926,31.885965434887424],[-106.57421044541525,31.886316081763653],[-106.57421579732407,31.886344427853729],[-106.57421576041536,31.886373138749182],[-106.57421033574391,31.886401474631523],[-106.57419966355891,31.886428703463881],[-106.5741840184546,31.886454123805017],[-106.57416380492384,31.886477077667983]]]},"properties":{"OBJECTID":20045,"Join_Count":1,"TARGET_FID":43104,"PlaceType":"Regional Corridor","SB840":"Y","TRACTCE":"010226","BLKGRPCE":"2","GEOID":"481410102262","INTPTLAT":"+31.8961515","INTPTLON":"-106.5703717","GrowthArea":"Y","LotArea":55157,"ZONELABEL":"C-4","Shape_Length":989.01353593835768,"Shape_Area":55156.953659883475}},{"type":"Feature","id":20046,"geometry":{"type":"Polygon","coordinates":[[[-106.57274212953168,31.885209452495065],[-106.57308718018299,31.885881655069547],[-106.57377645228776,31.885697614938042],[-106.57377058243665,31.885676114142832],[-106.57376851269086,31.88565410880279],[-106.57377029093863,31.88563208528555],[-106.57377587612611,31.885610529703829],[-106.57377810874546,31.885601505771849],[-106.57377854287218,31.885592290714701],[-106.57377716485227,31.885583143518119],[-106.57377401596662,31.885574321438948],[-106.57370412214969,31.885434517650211],[-106.57362657937068,31.8852976807961],[-106.57342955507242,31.884969946659378],[-106.57342358794902,31.884961844912048],[-106.57341606409254,31.884954748106694],[-106.57340721359854,31.884948871032936],[-106.57339730230116,31.884944392444275],[-106.57338663129914,31.88494144785486],[-106.57337552294067,31.884940125694623],[-106.57336431548772,31.884940466661835],[-106.57335334599436,31.884942460930233],[-106.57334294807772,31.884946046449404],[-106.57334275155289,31.884946132642213],[-106.57274212953168,31.885209452495065]]]},"properties":{"OBJECTID":20046,"Join_Count":1,"TARGET_FID":43105,"PlaceType":"Neighborhood Center","SB840":"Y","TRACTCE":"010226","BLKGRPCE":"2","GEOID":"481410102262","INTPTLAT":"+31.8961515","INTPTLON":"-106.5703717","GrowthArea":"Y","LotArea":67597,"ZONELABEL":"C-4","Shape_Length":1022.2872077838736,"Shape_Area":67596.555332991265}},{"type":"Feature","id":20047,"geometry":{"type":"Polygon","coordinates":[[[-106.5733267812968,31.887240118935338],[-106.57332325922049,31.887222071707445],[-106.57332289478009,31.887203778353008],[-106.57332569523004,31.887185638666999],[-106.57333160098389,31.887168050227114],[-106.5733404816783,31.887151396839844],[-106.57334442817699,31.887143995256565],[-106.57334705366419,31.887136178238023],[-106.573348298456,31.887128116649528],[-106.57334813599827,31.887119986091879],[-106.57334657063764,31.887111965201619],[-106.57324533547602,31.886757486432394],[-106.5732417344952,31.886748405995831],[-106.57323633994288,31.886739997703174],[-106.57322931674882,31.88673251559683],[-106.57322087796094,31.886726188832426],[-106.57321127852066,31.886721207524843],[-106.57320081116031,31.886717724751598],[-106.57318979507926,31.886715845352651],[-106.57317856328055,31.886715626537619],[-106.57316745711648,31.886717075436945],[-106.57255704473259,31.88684397244154],[-106.57254263256075,31.88684801393611],[-106.57252913766867,31.886853929100013],[-106.57251689456147,31.886861572743403],[-106.57250620318155,31.886870757072817],[-106.57249732803135,31.88688125444282],[-106.57249048616099,31.88689280786717],[-106.57248584722771,31.8869051319192],[-106.57248352464953,31.88691792309136],[-106.57248357607924,31.886930866998647],[-106.57248599959786,31.886943644883605],[-106.57261304424662,31.887388504947783],[-106.5733267812968,31.887240118935338]]]},"properties":{"OBJECTID":20047,"Join_Count":1,"TARGET_FID":43106,"PlaceType":"Neighborhood Center","SB840":"Y","TRACTCE":"010226","BLKGRPCE":"2","GEOID":"481410102262","INTPTLAT":"+31.8961515","INTPTLON":"-106.5703717","GrowthArea":"Y","LotArea":47460,"ZONELABEL":"C-4","Shape_Length":848.88550402909686,"Shape_Area":47460.081985921643}},{"type":"Feature","id":20099,"geometry":{"type":"Polygon","coordinates":[[[-106.5887597381459,31.881051116499115],[-106.58875981167395,31.881057462023225],[-106.58876014120997,31.881085787968132],[-106.58876123608761,31.881179934264217],[-106.58876730246044,31.881177248322466],[-106.5887861576572,31.881168897938245],[-106.58885946271643,31.881136433518943],[-106.58886045630376,31.881135993776166],[-106.58889030862858,31.881122773146512],[-106.58890534475871,31.881116112835105],[-106.5887597381459,31.881051116499115]]]},"properties":{"OBJECTID":20099,"Join_Count":2,"TARGET_FID":43247,"PlaceType":"Regional Corridor","SB840":"Y","TRACTCE":"010227","BLKGRPCE":"2","GEOID":"481410102272","INTPTLAT":"+31.8713773","INTPTLON":"-106.5843813","GrowthArea":"Y","LotArea":1054,"ZONELABEL":"C-3","Shape_Length":148.2752965489353,"Shape_Area":1053.5896033146278}},{"type":"Feature","id":20109,"geometry":{"type":"Polygon","coordinates":[[[-106.56711483186609,31.904304360486417],[-106.56720489771628,31.904517606521171],[-106.56727842654311,31.904549322575299],[-106.56738269386915,31.904562285751311],[-106.56738581400958,31.904562732577272],[-106.56738909033844,31.904558792083883],[-106.56751481631655,31.904417177125776],[-106.56764566825949,31.904278982981957],[-106.56778151952142,31.904144344862697],[-106.56792223577433,31.904013393829814],[-106.56806768040421,31.903886258344997],[-106.5681210778106,31.903842411592745],[-106.56810678184264,31.90382884618975],[-106.56792984118974,31.903660943033845],[-106.56787772081501,31.903615470568827],[-106.56782130687883,31.903573893339885],[-106.56776099885525,31.9035365056498],[-106.56769722176425,31.903503571675394],[-106.56763042816419,31.903475323565296],[-106.5675610886527,31.90345196189514],[-106.56748969368181,31.903433651064194],[-106.56681296535722,31.903286239796625],[-106.56678306684947,31.903386180449697],[-106.56678063767522,31.90339759360289],[-106.56678010811184,31.903409185023833],[-106.56678148851259,31.903420725695558],[-106.56678475111414,31.903431986618511],[-106.56709523063387,31.904251434249606],[-106.56711483186609,31.904304360486417]]]},"properties":{"OBJECTID":20109,"Join_Count":1,"TARGET_FID":43258,"PlaceType":"Regional Corridor","SB840":"Y","TRACTCE":"010226","BLKGRPCE":"2","GEOID":"481410102262","INTPTLAT":"+31.8961515","INTPTLON":"-106.5703717","GrowthArea":"Y","LotArea":105689,"ZONELABEL":"C-4","Shape_Length":1344.9832309815338,"Shape_Area":105689.19812652397}},{"type":"Feature","id":20110,"geometry":{"type":"Polygon","coordinates":[[[-106.52566405903129,31.835583472689716],[-106.52569355804472,31.835587291105924],[-106.52569386899523,31.835585619745139],[-106.52566405903129,31.835583472689716]]]},"properties":{"OBJECTID":20110,"Join_Count":1,"TARGET_FID":43259,"PlaceType":"Urban Neighborhood","SB840":"Y","TRACTCE":"001110","BLKGRPCE":"1","GEOID":"481410011101","INTPTLAT":"+31.8388269","INTPTLON":"-106.5196237","GrowthArea":"Y","LotArea":3,"ZONELABEL":"A-O","Shape_Length":19.172491829652998,"Shape_Area":2.8522088853577401}},{"type":"Feature","id":20111,"geometry":{"type":"Polygon","coordinates":[[[-106.58475520331429,31.919960993175359],[-106.5847552259488,31.91996327911551],[-106.58475901294857,31.920348091862333],[-106.58509464132339,31.920244483523515],[-106.58509188063508,31.919964051501076],[-106.58509166418868,31.919942130096935],[-106.58475520331429,31.919960993175359]]]},"properties":{"OBJECTID":20111,"Join_Count":2,"TARGET_FID":43261,"PlaceType":"Regional Corridor","SB840":"Y","TRACTCE":" ","BLKGRPCE":" ","GEOID":" ","INTPTLAT":" ","INTPTLON":" ","GrowthArea":"Y","LotArea":13100,"ZONELABEL":"C-3","Shape_Length":466.20938956322919,"Shape_Area":13100.179032866508}},{"type":"Feature","id":20118,"geometry":{"type":"Polygon","coordinates":[[[-106.57155381098801,31.885206219248637],[-106.57149659406976,31.885372685875041],[-106.57153522855798,31.885355498980765],[-106.57154739535522,31.885346423799795],[-106.57155761665962,31.885335743680979],[-106.57156560626858,31.885323758665493],[-106.57157114067952,31.885310804631505],[-106.57157406476998,31.885297243085976],[-106.57157429572248,31.885283456460307],[-106.57157182817157,31.88526982979873],[-106.57155381098801,31.885206219248637]]]},"properties":{"OBJECTID":20118,"Join_Count":1,"TARGET_FID":43270,"PlaceType":"Neighborhood Center","SB840":"Y","TRACTCE":"010226","BLKGRPCE":"1","GEOID":"481410102261","INTPTLAT":"+31.8810271","INTPTLON":"-106.5662863","GrowthArea":"Y","LotArea":637,"ZONELABEL":"C-3","Shape_Length":135.55487198569284,"Shape_Area":636.51834743690165}},{"type":"Feature","id":20119,"geometry":{"type":"Polygon","coordinates":[[[-106.57322832514762,31.891120688871009],[-106.57322821476193,31.891120298533682],[-106.57318282834292,31.890959644935563],[-106.5731899115749,31.890998066974074],[-106.57318987124755,31.891036961256937],[-106.57318271008684,31.891075372009336],[-106.57316860321087,31.891112356874864],[-106.5731478973828,31.891147007725809],[-106.57312109976972,31.891178472880647],[-106.57308887098183,31.891205980018864],[-106.57305199969618,31.891228852752729],[-106.57301139340639,31.891246530942222],[-106.57296804829103,31.891258579365186],[-106.573156938824,31.891219735508159],[-106.57317285516673,31.891215182037712],[-106.57318760715845,31.891208347626115],[-106.57320074879897,31.891199437001255],[-106.57321188491021,31.891188719297311],[-106.57322067799021,31.891176519596826],[-106.57322686315467,31.891163204666285],[-106.57323025200311,31.891149177351103],[-106.57323074538979,31.891134861511663],[-106.57322832514762,31.891120688871009]]]},"properties":{"OBJECTID":20119,"Join_Count":1,"TARGET_FID":43271,"PlaceType":"Neighborhood Center","SB840":"Y","TRACTCE":"010226","BLKGRPCE":"2","GEOID":"481410102262","INTPTLAT":"+31.8961515","INTPTLON":"-106.5703717","GrowthArea":"Y","LotArea":1579,"ZONELABEL":"C-3","Shape_Length":308.96042536293544,"Shape_Area":1579.2383957073512}},{"type":"Feature","id":20120,"geometry":{"type":"Polygon","coordinates":[[[-106.57318282834292,31.890959644935563],[-106.57318268615812,31.890959141408214],[-106.57317545919585,31.890933559701253],[-106.5730938141274,31.890644558150335],[-106.57175866209899,31.890925590049132],[-106.57176131706782,31.891506726836699],[-106.57296804829103,31.891258579365186],[-106.57301139340639,31.891246530942222],[-106.57305199969618,31.891228852752729],[-106.57308887098183,31.891205980018864],[-106.57312109976972,31.891178472880647],[-106.5731478973828,31.891147007725809],[-106.57316860321087,31.891112356874864],[-106.57318271008684,31.891075372009336],[-106.57318987124755,31.891036961256937],[-106.5731899115749,31.890998066974074],[-106.57318282834292,31.890959644935563]]]},"properties":{"OBJECTID":20120,"Join_Count":1,"TARGET_FID":43273,"PlaceType":"Neighborhood Center","SB840":"Y","TRACTCE":"010226","BLKGRPCE":"2","GEOID":"481410102262","INTPTLAT":"+31.8961515","INTPTLON":"-106.5703717","GrowthArea":"Y","LotArea":91534,"ZONELABEL":"C-3","Shape_Length":1282.9292641671618,"Shape_Area":91534.246644626299}},{"type":"Feature","id":20121,"geometry":{"type":"Polygon","coordinates":[[[-106.57303661675031,31.891501642792448],[-106.57308171090546,31.891495513593032],[-106.57312737446661,31.891495478456498],[-106.57317248109148,31.891501538953879],[-106.57321592192098,31.891513544073192],[-106.57325662634159,31.891531200064094],[-106.57329359270878,31.891554070771488],[-106.5733259105797,31.891581593732646],[-106.57335278470126,31.891613090769258],[-106.57337355108935,31.891647787088534],[-106.57338770143258,31.89168482817869],[-106.57334641371826,31.891538683274199],[-106.57333892322197,31.891512171205886],[-106.57333188158168,31.891500537724426],[-106.573322814195,31.89148997500163],[-106.57331193894639,31.89148073725227],[-106.57329951825994,31.891473047653175],[-106.5732858522929,31.891467091443225],[-106.57327126914119,31.891463011876365],[-106.5732561226101,31.89146090852212],[-106.57324077696521,31.891460830770029],[-106.57322560183336,31.891462780783399],[-106.57303661675031,31.891501642792448]]]},"properties":{"OBJECTID":20121,"Join_Count":1,"TARGET_FID":43274,"PlaceType":"Neighborhood Center","SB840":"Y","TRACTCE":"010226","BLKGRPCE":"2","GEOID":"481410102262","INTPTLAT":"+31.8961515","INTPTLON":"-106.5703717","GrowthArea":"Y","LotArea":1584,"ZONELABEL":"C-3","Shape_Length":309.54584189128656,"Shape_Area":1583.5353455758254}},{"type":"Feature","id":20122,"geometry":{"type":"Polygon","coordinates":[[[-106.56878237332212,31.889669551860003],[-106.56876674538067,31.889672388360079],[-106.56875188106635,31.889677386819038],[-106.56873818631883,31.889684409476903],[-106.56872603913365,31.889693263909873],[-106.56871576968813,31.889703706691666],[-106.56870766099266,31.889715453297882],[-106.56870193628589,31.889728179612693],[-106.56869875054295,31.889741537690714],[-106.56867568179983,31.889906180609067],[-106.56868192362583,31.889876784388594],[-106.56869225926155,31.889848239955576],[-106.56871349662948,31.889810222373008],[-106.56874196079805,31.889775815059064],[-106.56877683289926,31.889746008337706],[-106.56881710964295,31.889721660454352],[-106.5688616302121,31.889703471901502],[-106.56890911307089,31.889691965591798],[-106.56895819324554,31.889687474234897],[-106.56881336523924,31.889672710858147],[-106.56878237332212,31.889669551860003]]]},"properties":{"OBJECTID":20122,"Join_Count":1,"TARGET_FID":43275,"PlaceType":"Neighborhood Center","SB840":"Y","TRACTCE":"010226","BLKGRPCE":"2","GEOID":"481410102262","INTPTLAT":"+31.8961515","INTPTLON":"-106.5703717","GrowthArea":"Y","LotArea":1530,"ZONELABEL":"C-1","Shape_Length":283.94171367537882,"Shape_Area":1529.7147663820697}},{"type":"Feature","id":20123,"geometry":{"type":"Polygon","coordinates":[[[-106.57066409647203,31.88478325751818],[-106.5704533213416,31.884826718864975],[-106.57054337577233,31.885144673449457],[-106.57076441880838,31.885088123433942],[-106.57077244154739,31.885086070893799],[-106.57067686286298,31.884780625531924],[-106.57066409647203,31.88478325751818]]]},"properties":{"OBJECTID":20123,"Join_Count":1,"TARGET_FID":43276,"PlaceType":"Neighborhood Center","SB840":"Y","TRACTCE":"010226","BLKGRPCE":"1","GEOID":"481410102261","INTPTLAT":"+31.8810271","INTPTLON":"-106.5662863","GrowthArea":"Y","LotArea":8514,"ZONELABEL":"C-3","Shape_Length":379.62698551952479,"Shape_Area":8514.1189762763843}},{"type":"Feature","id":20124,"geometry":{"type":"Polygon","coordinates":[[[-106.56877987597343,31.890397488542707],[-106.56881320106851,31.890443170305399],[-106.56985968333002,31.891767772087952],[-106.56989272317496,31.891803179200981],[-106.56993190228401,31.891833691173758],[-106.56997623644827,31.89185854129623],[-106.57002461337744,31.891877108092761],[-106.57007581979535,31.891888924863984],[-106.57012857094287,31.891893693630578],[-106.57018154312921,31.891891297122989],[-106.57023340732758,31.891881794463867],[-106.57028286213043,31.891865423202873],[-106.57026892768494,31.89183964409812],[-106.57026857405764,31.89183937018387],[-106.57017807418968,31.891764984290855],[-106.57009315735797,31.891685952935827],[-106.5700141505277,31.891602579321553],[-106.56994135645688,31.89151518497146],[-106.56987505668455,31.891424106876823],[-106.56981550713203,31.891329694997172],[-106.56976293499611,31.891232313312454],[-106.56971754496311,31.891132337718474],[-106.56967951152548,31.891030151878613],[-106.56964898027459,31.890926150774835],[-106.56962606848239,31.890820733453534],[-106.56961086533914,31.890714306627238],[-106.56960342849139,31.890607280323863],[-106.56960378714942,31.890500066835113],[-106.56877987597343,31.890397488542707]]]},"properties":{"OBJECTID":20124,"Join_Count":1,"TARGET_FID":43277,"PlaceType":"Neighborhood Center","SB840":"Y","TRACTCE":"010226","BLKGRPCE":"2","GEOID":"481410102262","INTPTLAT":"+31.8961515","INTPTLON":"-106.5703717","GrowthArea":"Y","LotArea":68112,"ZONELABEL":"C-1","Shape_Length":1563.8583390953324,"Shape_Area":68111.572668241497}},{"type":"Feature","id":20265,"geometry":{"type":"Polygon","coordinates":[[[-106.59345246845169,31.877191375540129],[-106.59409978157522,31.878857161692267],[-106.59383155054672,31.87815865986645],[-106.59345246845169,31.877191375540129]]]},"properties":{"OBJECTID":20265,"Join_Count":1,"TARGET_FID":43437,"PlaceType":"Regional Corridor","SB840":"Y","TRACTCE":"010227","BLKGRPCE":"1","GEOID":"481410102271","INTPTLAT":"+31.8764533","INTPTLON":"-106.5904543","GrowthArea":"Y","LotArea":301,"ZONELABEL":"C-4","Shape_Length":1276.9001294707286,"Shape_Area":301.45807315270213}},{"type":"Feature","id":20268,"geometry":{"type":"Polygon","coordinates":[[[-106.5515740034099,31.814298319030744],[-106.55158815744784,31.814311350815089],[-106.55142632731136,31.814334326861239],[-106.5514795911137,31.814552656739387],[-106.55223021831561,31.814551611266076],[-106.55233022582027,31.814537412886949],[-106.55231088868874,31.814439731020585],[-106.55226633453729,31.814257108923584],[-106.55225946177568,31.81424790780698],[-106.55225097131003,31.814239751401569],[-106.55224107549526,31.81423284544185],[-106.55223002375573,31.814227364082981],[-106.55221809596353,31.814223445700552],[-106.5522055925931,31.814221187941765],[-106.55219282739922,31.814220648978473],[-106.55218012384017,31.814221841355245],[-106.55211807698512,31.814217982085001],[-106.55180109444795,31.814262986652317],[-106.5516423017128,31.814286451031819],[-106.5515740034099,31.814298319030744]]]},"properties":{"OBJECTID":20268,"Join_Count":1,"TARGET_FID":43443,"PlaceType":"Urban Center","SB840":"Y","TRACTCE":"001204","BLKGRPCE":"1","GEOID":"481410012041","INTPTLAT":"+31.8236933","INTPTLON":"-106.5623813","GrowthArea":"Y","LotArea":27841,"ZONELABEL":"C-3","Shape_Length":729.73072230315609,"Shape_Area":27840.657964619073}},{"type":"Feature","id":20279,"geometry":{"type":"Polygon","coordinates":[[[-106.54896421148699,31.882668898724944],[-106.54917295045895,31.88253904383323],[-106.54917308620746,31.882538966901006],[-106.54902279249985,31.882363029131497],[-106.54900565448376,31.882373645489853],[-106.54901082800345,31.882380431260941],[-106.54898656173771,31.882395653856854],[-106.54898060247982,31.882389251528597],[-106.54896748851679,31.882397370742808],[-106.54897332774971,31.882404009127942],[-106.54886687880447,31.882470188701607],[-106.54886102452363,31.882463320702147],[-106.54884725981698,31.882471816000152],[-106.54885325672868,31.882478792808726],[-106.54882684952027,31.88249434787604],[-106.5488200754793,31.882487869713831],[-106.54880690172742,31.882497144306928],[-106.54881849131644,31.882511116315943],[-106.54882575471379,31.882506504540117],[-106.54884382070961,31.882528583016178],[-106.54883749973874,31.882533150719155],[-106.54884977765896,31.882547320203177],[-106.54885613634691,31.882543327874572],[-106.54896421148699,31.882668898724944]]]},"properties":{"OBJECTID":20279,"Join_Count":1,"TARGET_FID":43470,"PlaceType":"Neighborhood Center","SB840":"Y","TRACTCE":"010213","BLKGRPCE":"3","GEOID":"481410102133","INTPTLAT":"+31.8904603","INTPTLON":"-106.5326281","GrowthArea":"Y","LotArea":6217,"ZONELABEL":"C-3","Shape_Length":347.09047968032769,"Shape_Area":6217.2852418606317}},{"type":"Feature","id":20280,"geometry":{"type":"Polygon","coordinates":[[[-106.54945574552613,31.882680839089428],[-106.5494751411801,31.882669781619246],[-106.54947049939864,31.882664374131835],[-106.54950003099255,31.882646922022623],[-106.54950355839289,31.882650412715769],[-106.54952003179389,31.882640057439819],[-106.54951613836838,31.882636021494307],[-106.54960175668762,31.882583525365789],[-106.54960568689144,31.882588122276559],[-106.54962475326052,31.882577080498852],[-106.54962038447341,31.882570815449753],[-106.54964388945402,31.882557028201532],[-106.54964776452277,31.882560784109589],[-106.54966831857058,31.882547132287922],[-106.54965538706651,31.882531149639988],[-106.54964970712255,31.882535079804995],[-106.54962921782968,31.882509319845202],[-106.54963431288924,31.882506543947667],[-106.54961868610732,31.882489558175156],[-106.54961357163401,31.882492054088786],[-106.54955901307422,31.882429643346438],[-106.54956438218535,31.882426009834447],[-106.54955074722392,31.882409210797313],[-106.54954435464832,31.882412330435788],[-106.54952497984887,31.882388488151854],[-106.54952941740554,31.882385742737561],[-106.54951481418556,31.882369271725292],[-106.54949488890661,31.882382325370862],[-106.54949790596073,31.882388091315534],[-106.54947505844133,31.882401847159031],[-106.54947114661002,31.882397530277654],[-106.54945250047982,31.882409960139523],[-106.54945639389341,31.882413996087255],[-106.5493068922306,31.882508379924534],[-106.54945574552613,31.882680839089428]]]},"properties":{"OBJECTID":20280,"Join_Count":1,"TARGET_FID":43471,"PlaceType":"Neighborhood Center","SB840":"Y","TRACTCE":"010213","BLKGRPCE":"3","GEOID":"481410102133","INTPTLAT":"+31.8904603","INTPTLON":"-106.5326281","GrowthArea":"Y","LotArea":6246,"ZONELABEL":"C-3","Shape_Length":351.93912811701449,"Shape_Area":6246.4603022151668}},{"type":"Feature","id":20281,"geometry":{"type":"Polygon","coordinates":[[[-106.54917783995209,31.882497089478701],[-106.54943601268762,31.88233456268614],[-106.54943702756849,31.882334105978558],[-106.5493851764365,31.8822735747674],[-106.54939304761596,31.88226785185795],[-106.54937879098809,31.882251645198991],[-106.54937088303379,31.882256807139694],[-106.54935050320576,31.882232730987663],[-106.5493583928011,31.882227289014391],[-106.54934446543247,31.882211066636785],[-106.54933622823242,31.882216244290071],[-106.54928265669953,31.882153786331465],[-106.5490713518298,31.88228658296439],[-106.54906597910325,31.882280084903083],[-106.54905043615781,31.882289551180229],[-106.54905515255817,31.882296081469548],[-106.54903141021269,31.882311286296755],[-106.54902607320545,31.882305349252238],[-106.54901062332857,31.882316219244863],[-106.54902067667611,31.882328685680037],[-106.54902891284785,31.882323508097333],[-106.54904859840008,31.882347054708021],[-106.54904067200368,31.882351935694235],[-106.54905209548843,31.882365182174947],[-106.54906036949039,31.882360565507916],[-106.54917783995209,31.882497089478701]]]},"properties":{"OBJECTID":20281,"Join_Count":1,"TARGET_FID":43472,"PlaceType":"Neighborhood Center","SB840":"Y","TRACTCE":"010213","BLKGRPCE":"3","GEOID":"481410102133","INTPTLAT":"+31.8904603","INTPTLON":"-106.5326281","GrowthArea":"Y","LotArea":8237,"ZONELABEL":"C-3","Shape_Length":397.62805341422222,"Shape_Area":8236.6289529371406}},{"type":"Feature","id":20282,"geometry":{"type":"Polygon","coordinates":[[[-106.54916148967254,31.882850467739939],[-106.54915542309848,31.882854540078572],[-106.54916703930056,31.882867495539085],[-106.54918229245826,31.882858661809365],[-106.54917633818339,31.882851561041459],[-106.54920186553971,31.88283521149383],[-106.54920847442924,31.882842641413244],[-106.54922428909804,31.882832700595095],[-106.54921810126734,31.882825250580268],[-106.54938279182936,31.882722643179193],[-106.5493886872589,31.882728846209499],[-106.5494018714936,31.882720652244078],[-106.54939700463026,31.882714039726256],[-106.54942089583784,31.882698489014267],[-106.54942703762542,31.882705220426388],[-106.54943470501094,31.882699811638336],[-106.54943482715885,31.882699737161516],[-106.54928280912081,31.882524232429581],[-106.54902306914609,31.882687214836956],[-106.54913063083924,31.882814474749352],[-106.549125207074,31.882818696153613],[-106.54913709211996,31.882832539322919],[-106.54914378975484,31.882828436866461],[-106.54916148967254,31.882850467739939]]]},"properties":{"OBJECTID":20282,"Join_Count":1,"TARGET_FID":43473,"PlaceType":"Neighborhood Center","SB840":"Y","TRACTCE":"010213","BLKGRPCE":"3","GEOID":"481410102133","INTPTLAT":"+31.8904603","INTPTLON":"-106.5326281","GrowthArea":"Y","LotArea":7765,"ZONELABEL":"C-3","Shape_Length":386.9746494184821,"Shape_Area":7764.5381573293271}},{"type":"Feature","id":20297,"geometry":{"type":"Polygon","coordinates":[[[-106.58480821520327,31.919190832392573],[-106.58508418936024,31.919182974518655],[-106.58507837810309,31.918592731450726],[-106.58506942244487,31.918530555148759],[-106.58496984298574,31.917983063060426],[-106.58496639535059,31.917815194221745],[-106.58464719552994,31.917812851829058],[-106.58464585525429,31.917812842071264],[-106.58460591700859,31.917812549020763],[-106.58329177439984,31.917802896923359],[-106.58331648190769,31.919006812735109],[-106.58331617336182,31.919064991326575],[-106.58474641701899,31.919068284790068],[-106.58474762983742,31.919191534566778],[-106.58475994941813,31.919190732994188],[-106.58480821520327,31.919190832392573]]]},"properties":{"OBJECTID":20297,"Join_Count":3,"TARGET_FID":43498,"PlaceType":"Regional Corridor","SB840":"Y","TRACTCE":" ","BLKGRPCE":" ","GEOID":" ","INTPTLAT":" ","INTPTLON":" ","GrowthArea":"Y","LotArea":250680,"ZONELABEL":"C-3","Shape_Length":2072.1550553288639,"Shape_Area":250679.50992450275}},{"type":"Feature","id":20410,"geometry":{"type":"Polygon","coordinates":[[[-106.55143291460068,31.813558400515479],[-106.55118774463263,31.813939937644665],[-106.55127583620366,31.814024953213423],[-106.55143356423882,31.81399754766236],[-106.55198805490897,31.813901202411618],[-106.55192376673475,31.813631429549346],[-106.55167471090148,31.81351638776561],[-106.55143291460068,31.813558400515479]]]},"properties":{"OBJECTID":20410,"Join_Count":1,"TARGET_FID":43671,"PlaceType":"Urban Center","SB840":"Y","TRACTCE":"001204","BLKGRPCE":"1","GEOID":"481410012041","INTPTLAT":"+31.8236933","INTPTLON":"-106.5623813","GrowthArea":"Y","LotArea":30133,"ZONELABEL":"C-3","Shape_Length":690.14753784490199,"Shape_Area":30132.945170727704}},{"type":"Feature","id":20414,"geometry":{"type":"Polygon","coordinates":[[[-106.55289781659874,31.815092054604317],[-106.55339723208068,31.815586052148539],[-106.554112978788,31.815084998981042],[-106.55413323473452,31.815060109305264],[-106.55414824526302,31.815032644014281],[-106.55415757606112,31.815003400687008],[-106.55416095489358,31.814973228770498],[-106.55415828483044,31.814943005462311],[-106.55414964142045,31.814913608747414],[-106.55413527736457,31.814885891882877],[-106.55409147292362,31.814833796498089],[-106.55405289865848,31.814778767466095],[-106.55401982196514,31.814721188547242],[-106.55319754415207,31.814800736272879],[-106.55320598042539,31.814855170867652],[-106.55289781659874,31.815092054604317]]]},"properties":{"OBJECTID":20414,"Join_Count":1,"TARGET_FID":43675,"PlaceType":"Urban Center","SB840":"Y","TRACTCE":"001204","BLKGRPCE":"1","GEOID":"481410012041","INTPTLAT":"+31.8236933","INTPTLON":"-106.5623813","GrowthArea":"Y","LotArea":72216,"ZONELABEL":"C-3","Shape_Length":1077.9147580014878,"Shape_Area":72215.92112974418}},{"type":"Feature","id":20416,"geometry":{"type":"Polygon","coordinates":[[[-106.56088049564205,31.816956498574964],[-106.56082750752475,31.81699819842995],[-106.56077071702509,31.81703607236696],[-106.56071050125023,31.817069870194469],[-106.56064726122793,31.817099367674999],[-106.56058141663327,31.817124366777936],[-106.56051340514816,31.817144702032813],[-106.5607158200291,31.817336437409541],[-106.56074066842744,31.817317775413908],[-106.5608069978875,31.817267958079924],[-106.56081599584687,31.817261200965536],[-106.56081605528782,31.817261155667186],[-106.56103958607855,31.817093029808316],[-106.56109757785879,31.817049412135624],[-106.56095226489472,31.816902596364411],[-106.56088049564205,31.816956498574964]]]},"properties":{"OBJECTID":20416,"Join_Count":2,"TARGET_FID":43677,"PlaceType":"Urban Neighborhood","SB840":"Y","TRACTCE":"001204","BLKGRPCE":"1","GEOID":"481410012041","INTPTLAT":"+31.8236933","INTPTLON":"-106.5623813","GrowthArea":"Y","LotArea":11986,"ZONELABEL":"C-1","Shape_Length":485.82854951120964,"Shape_Area":11986.448367508006}},{"type":"Feature","id":20422,"geometry":{"type":"Polygon","coordinates":[[[-106.52679473765014,31.829156858222021],[-106.5269246416684,31.829032995156091],[-106.52706034968656,31.828913755022977],[-106.52720163761889,31.828799335442874],[-106.52734827042525,31.828689928234883],[-106.52699134993705,31.828332557564288],[-106.52645662286892,31.828772433908529],[-106.52627979248136,31.828601120964834],[-106.52614738990169,31.828485335366764],[-106.52607138416201,31.828408959110202],[-106.52602710944301,31.828445383947823],[-106.52610788933575,31.82851988915618],[-106.52627530451184,31.828674299617543],[-106.52679473765014,31.829156858222021]]]},"properties":{"OBJECTID":20422,"Join_Count":2,"TARGET_FID":43683,"PlaceType":"Neighborhood Center","SB840":"Y","TRACTCE":" ","BLKGRPCE":" ","GEOID":" ","INTPTLAT":" ","INTPTLON":" ","GrowthArea":"Y","LotArea":44618,"ZONELABEL":"C-1","Shape_Length":1192.7996905649684,"Shape_Area":44618.046085972157}},{"type":"Feature","id":20423,"geometry":{"type":"Polygon","coordinates":[[[-106.52576236901578,31.828663183975276],[-106.52584872258642,31.828738471945762],[-106.52609090070473,31.828949614495215],[-106.52611772581305,31.828927508207002],[-106.52634566271502,31.828739663693483],[-106.52610782219764,31.828519946545885],[-106.52610788933575,31.82851988915618],[-106.52602710944301,31.828445383947823],[-106.52576236901578,31.828663183975276]]]},"properties":{"OBJECTID":20423,"Join_Count":2,"TARGET_FID":43684,"PlaceType":"Neighborhood Center","SB840":"Y","TRACTCE":" ","BLKGRPCE":" ","GEOID":" ","INTPTLAT":" ","INTPTLON":" ","GrowthArea":"Y","LotArea":16341,"ZONELABEL":"C-1","Shape_Length":515.80186492227097,"Shape_Area":16340.520224225229}},{"type":"Feature","id":20424,"geometry":{"type":"Polygon","coordinates":[[[-106.52611772581305,31.828927508207002],[-106.52609090070473,31.828949614495215],[-106.52634556686124,31.829171642851087],[-106.52658766742587,31.829382713264454],[-106.52660477729916,31.829361890203447],[-106.52669761541813,31.829257927543534],[-106.52679473765014,31.829156858222021],[-106.52641289444225,31.828802122579912],[-106.52634566271502,31.828739663693483],[-106.52611772581305,31.828927508207002]]]},"properties":{"OBJECTID":20424,"Join_Count":1,"TARGET_FID":43685,"PlaceType":"Neighborhood Center","SB840":"Y","TRACTCE":" ","BLKGRPCE":" ","GEOID":" ","INTPTLAT":" ","INTPTLON":" ","GrowthArea":"Y","LotArea":22670,"ZONELABEL":"C-1","Shape_Length":640.987887681605,"Shape_Area":22670.056493135329}},{"type":"Feature","id":20425,"geometry":{"type":"Polygon","coordinates":[[[-106.52529965399307,31.829043853063173],[-106.52528766819343,31.829053920084927],[-106.5258998087304,31.829597775608601],[-106.52591440892242,31.829585830026254],[-106.52638190827926,31.829203327026296],[-106.52634556686124,31.829171642851087],[-106.52609090070473,31.828949614495215],[-106.52584872258642,31.828738471945762],[-106.52576236901578,31.828663183975276],[-106.52529965399307,31.829043853063173]]]},"properties":{"OBJECTID":20425,"Join_Count":3,"TARGET_FID":43686,"PlaceType":"Neighborhood Center","SB840":"Y","TRACTCE":" ","BLKGRPCE":" ","GEOID":" ","INTPTLAT":" ","INTPTLON":" ","GrowthArea":"Y","LotArea":56619,"ZONELABEL":"C-1","Shape_Length":961.59892650486847,"Shape_Area":56619.231270511838}},{"type":"Feature","id":20426,"geometry":{"type":"Polygon","coordinates":[[[-106.52624326966043,31.829902805361488],[-106.52632140080374,31.829769039786687],[-106.52640491203674,31.829637663803894],[-106.5264937037642,31.829508837501418],[-106.52658766742587,31.829382713264454],[-106.52638190827926,31.829203327026296],[-106.52591440892242,31.829585830026254],[-106.5258998087304,31.829597775608601],[-106.52610176585814,31.829777201654846],[-106.52623674436099,31.829897121812202],[-106.52623678964163,31.829897053720089],[-106.52624326966043,31.829902805361488]]]},"properties":{"OBJECTID":20426,"Join_Count":2,"TARGET_FID":43687,"PlaceType":"Neighborhood Center","SB840":"Y","TRACTCE":" ","BLKGRPCE":" ","GEOID":" ","INTPTLAT":" ","INTPTLON":" ","GrowthArea":"Y","LotArea":24987,"ZONELABEL":"C-1","Shape_Length":670.19648503784902,"Shape_Area":24987.214637860601}},{"type":"Feature","id":20427,"geometry":{"type":"Polygon","coordinates":[[[-106.52528766819343,31.829053920084927],[-106.52460458683876,31.829627644522212],[-106.52504085732237,31.830210971900627],[-106.52523664574115,31.830197534952759],[-106.52528949900874,31.830192272082648],[-106.52533983928463,31.830191025384231],[-106.5254600076623,31.830180600100675],[-106.52558071410748,31.830176830494608],[-106.52570145384564,31.830179730644236],[-106.52582172151141,31.830189289366103],[-106.52594101302235,31.830205466513743],[-106.5259534269716,31.830210872629344],[-106.5259667110615,31.830214470576312],[-106.52598050549352,31.830216161855247],[-106.52599443811597,31.83021590184692],[-106.52600813274455,31.830213697609626],[-106.52602121970908,31.83020960737748],[-106.52603334558155,31.830203743710729],[-106.52604418307678,31.830196263088762],[-106.52614614286942,31.83003193044874],[-106.52623674436099,31.829897121812202],[-106.52610176585814,31.829777201654846],[-106.5258998087304,31.829597775608601],[-106.52528766819343,31.829053920084927]]]},"properties":{"OBJECTID":20427,"Join_Count":1,"TARGET_FID":43688,"PlaceType":"Urban Neighborhood","SB840":"Y","TRACTCE":" ","BLKGRPCE":" ","GEOID":" ","INTPTLAT":" ","INTPTLON":" ","GrowthArea":"Y","LotArea":125884,"ZONELABEL":"A-O","Shape_Length":1414.3657666309987,"Shape_Area":125884.47326324525}},{"type":"Feature","id":20428,"geometry":{"type":"Polygon","coordinates":[[[-106.567908429479,31.829610005259099],[-106.5676693282639,31.829743261808918],[-106.56740879177705,31.82994792052467],[-106.56796255430228,31.830502794612229],[-106.56797843552434,31.830518707475751],[-106.56809240730328,31.830435090537346],[-106.56842136061668,31.830199175985705],[-106.56839018625499,31.830160715628939],[-106.56793787552706,31.829593594112129],[-106.567908429479,31.829610005259099]]]},"properties":{"OBJECTID":20428,"Join_Count":5,"TARGET_FID":43727,"PlaceType":"Innovation, Light Manufacturing and Logistics","SB840":"Y","TRACTCE":"001204","BLKGRPCE":"1","GEOID":"481410012041","INTPTLAT":"+31.8236933","INTPTLON":"-106.5623813","GrowthArea":"Y","LotArea":53194,"ZONELABEL":"C-4","Shape_Length":929.07263653366351,"Shape_Area":53194.462062325765}},{"type":"Feature","id":20429,"geometry":{"type":"Polygon","coordinates":[[[-106.56712294217996,31.830172462570744],[-106.56710028381518,31.830193652842148],[-106.56708226826093,31.830217874350165],[-106.56706944310349,31.830244395413615],[-106.56706219457064,31.83027241168735],[-106.56706074321454,31.830301077080303],[-106.56706513255648,31.830329524170935],[-106.56707522974703,31.83035689037073],[-106.56709072869086,31.830382349389176],[-106.5671111607807,31.830405129688671],[-106.56733094466318,31.830618804493547],[-106.56754668103423,31.830835465741977],[-106.56797843552434,31.830518707475751],[-106.56796255430228,31.830502794612229],[-106.56740879177705,31.82994792052467],[-106.56712294217996,31.830172462570744]]]},"properties":{"OBJECTID":20429,"Join_Count":3,"TARGET_FID":43730,"PlaceType":"Innovation, Light Manufacturing and Logistics","SB840":"Y","TRACTCE":"001204","BLKGRPCE":"1","GEOID":"481410012041","INTPTLAT":"+31.8236933","INTPTLON":"-106.5623813","GrowthArea":"Y","LotArea":47129,"ZONELABEL":"C-4","Shape_Length":871.08047001276896,"Shape_Area":47129.474648891119}},{"type":"Feature","id":20438,"geometry":{"type":"Polygon","coordinates":[[[-106.57464885890334,31.838541770983607],[-106.57464296481383,31.838569346053713],[-106.57463223912087,31.838595839418005],[-106.574616932431,31.838620637478009],[-106.57455836477939,31.838841337265556],[-106.57455081595781,31.83886978383546],[-106.57454583735527,31.838888549617693],[-106.5745376532296,31.838919386001084],[-106.57453409634493,31.838932790424032],[-106.57561633902669,31.839142080506296],[-106.57561989682122,31.839128676004382],[-106.57562807862247,31.839097841457775],[-106.57563306018643,31.839079075484079],[-106.57572318182918,31.838739453262125],[-106.57572775706592,31.838722215236341],[-106.57464978770992,31.838513752007461],[-106.57464885890334,31.838541770983607]]]},"properties":{"OBJECTID":20438,"Join_Count":2,"TARGET_FID":43744,"PlaceType":"Neighborhood Center","SB840":"Y","TRACTCE":"001204","BLKGRPCE":"1","GEOID":"481410012041","INTPTLAT":"+31.8236933","INTPTLON":"-106.5623813","GrowthArea":"Y","LotArea":53865,"ZONELABEL":"C-4","Shape_Length":1001.6951760214081,"Shape_Area":53864.990180729386}},{"type":"Feature","id":20442,"geometry":{"type":"Polygon","coordinates":[[[-106.57328381170548,31.843444852062891],[-106.57339204236641,31.843479624962431],[-106.57349714520156,31.843520800164242],[-106.57359860208429,31.843568173985204],[-106.57369591080278,31.843621511268811],[-106.57375763183936,31.843655360048416],[-106.57382308396433,31.843683642820405],[-106.57389158105858,31.843706063678535],[-106.57411736614151,31.84277289547628],[-106.5742356279804,31.842793744246837],[-106.57437241558937,31.842228385060476],[-106.57326596074874,31.842000714267588],[-106.5733040113234,31.841839012717223],[-106.57331510923211,31.841791850144492],[-106.57324475402569,31.841708664556329],[-106.5731266151323,31.84156897979366],[-106.57297272176434,31.841556006440101],[-106.57301219000131,31.841388279919048],[-106.57250535453019,31.841640659212946],[-106.57237633864511,31.841704902360064],[-106.57254857811115,31.842206061801097],[-106.57265156180462,31.842505701513712],[-106.57347028594985,31.842674172378192],[-106.57328381170548,31.843444852062891]]]},"properties":{"OBJECTID":20442,"Join_Count":1,"TARGET_FID":43750,"PlaceType":"Neighborhood Center","SB840":"Y","TRACTCE":"001204","BLKGRPCE":"2","GEOID":"481410012042","INTPTLAT":"+31.8458468","INTPTLON":"-106.5767853","GrowthArea":"Y","LotArea":223041,"ZONELABEL":"C-3","Shape_Length":2527.3566130426875,"Shape_Area":223041.46891305418}},{"type":"Feature","id":20443,"geometry":{"type":"Polygon","coordinates":[[[-106.58018266705919,31.842880440936103],[-106.57857664921931,31.843340064673392],[-106.57858080238329,31.844166407559133],[-106.57898826291462,31.8440513101325],[-106.5804822572908,31.843629279517916],[-106.58018266705919,31.842880440936103]]]},"properties":{"OBJECTID":20443,"Join_Count":4,"TARGET_FID":43751,"PlaceType":"Neighborhood Center","SB840":"Y","TRACTCE":"001204","BLKGRPCE":"2","GEOID":"481410012042","INTPTLAT":"+31.8458468","INTPTLON":"-106.5767853","GrowthArea":"Y","LotArea":164588,"ZONELABEL":"C-4","Shape_Length":1736.4622144754994,"Shape_Area":164588.30738409178}},{"type":"Feature","id":20444,"geometry":{"type":"Polygon","coordinates":[[[-106.57898826291462,31.8440513101325],[-106.57897658980501,31.844054710973342],[-106.57858080238329,31.844166407559133],[-106.57858266280056,31.844536475948107],[-106.57865519012879,31.844529450275278],[-106.57913231486947,31.844443792052626],[-106.57924698903403,31.844413942393579],[-106.57992792044422,31.844310750728113],[-106.58065794099875,31.84410506066174],[-106.58066785914285,31.844099387240689],[-106.58067662204576,31.844092464927961],[-106.58068401657805,31.844084463831638],[-106.58068986291613,31.84407557775339],[-106.58069401876143,31.844066023985668],[-106.58069638191238,31.844056034155678],[-106.58052811486969,31.843616325361342],[-106.57898826291462,31.8440513101325]]]},"properties":{"OBJECTID":20444,"Join_Count":3,"TARGET_FID":43754,"PlaceType":"Neighborhood Center","SB840":"Y","TRACTCE":"001204","BLKGRPCE":"2","GEOID":"481410012042","INTPTLAT":"+31.8458468","INTPTLON":"-106.5767853","GrowthArea":"Y","LotArea":108640,"ZONELABEL":"C-4","Shape_Length":1626.9055146849339,"Shape_Area":108639.7741540706}},{"type":"Feature","id":20447,"geometry":{"type":"Polygon","coordinates":[[[-106.57959350905972,31.852231324312925],[-106.579810342862,31.852785996658827],[-106.58012599796257,31.85269512478763],[-106.57990722159691,31.852146461604935],[-106.57959350905972,31.852231324312925]]]},"properties":{"OBJECTID":20447,"Join_Count":3,"TARGET_FID":43762,"PlaceType":"Urban Neighborhood","SB840":"Y","TRACTCE":" ","BLKGRPCE":" ","GEOID":" ","INTPTLAT":" ","INTPTLON":" ","GrowthArea":"Y","LotArea":21772,"ZONELABEL":"A-2","Shape_Length":629.18618493112911,"Shape_Area":21771.778749624144}},{"type":"Feature","id":20467,"geometry":{"type":"Polygon","coordinates":[[[-106.57814911740492,31.870810987963313],[-106.57820257498145,31.870810724030658],[-106.57788110680298,31.869537691310953],[-106.5778784775318,31.869513981129057],[-106.57650614892354,31.869766775951604],[-106.57654002426192,31.869900933260677],[-106.57657051216611,31.870021675094989],[-106.57660100014786,31.870142416915954],[-106.57663965377495,31.870295498819683],[-106.57669203226567,31.870502931467843],[-106.57677153210778,31.870817773404376],[-106.57751439714559,31.870814116019829],[-106.57772590919411,31.870813073911133],[-106.57791707770335,31.870812131764019],[-106.57794360495492,31.8708120013833],[-106.57814911740492,31.870810987963313]]]},"properties":{"OBJECTID":20467,"Join_Count":2,"TARGET_FID":43785,"PlaceType":"Regional Corridor","SB840":"Y","TRACTCE":"010225","BLKGRPCE":"3","GEOID":"481410102253","INTPTLAT":"+31.8744933","INTPTLON":"-106.5724766","GrowthArea":"Y","LotArea":189914,"ZONELABEL":"C-3","Shape_Length":1753.6650047974426,"Shape_Area":189914.03203219717}},{"type":"Feature","id":20468,"geometry":{"type":"Polygon","coordinates":[[[-106.59296426089095,31.868679680070159],[-106.59274937072176,31.86873972340225],[-106.59255079802908,31.868793232684723],[-106.59254847235647,31.868796099456382],[-106.59232925641247,31.868855558733685],[-106.59232693178673,31.8688584254506],[-106.59209931924454,31.868919606698231],[-106.59209699461027,31.868922473410986],[-106.59189071214503,31.868978671817935],[-106.59188838433769,31.868981538679034],[-106.59162965072537,31.86905310033109],[-106.59131648808687,31.869143145920983],[-106.59106741729323,31.869212748920692],[-106.59137213811688,31.869989215128715],[-106.59137215321458,31.869989251437264],[-106.59160268431958,31.870576671664267],[-106.59169436178766,31.870810270337746],[-106.59340320780611,31.870387202504197],[-106.59340563590163,31.870376988097057],[-106.59340423560111,31.870374054745373],[-106.59342175212483,31.870332347720272],[-106.59344673393264,31.870293509193722],[-106.59347855999238,31.870258505710442],[-106.59351643877694,31.870228206328417],[-106.5935594283569,31.870203366298075],[-106.59360645912234,31.870184602485462],[-106.59300791213803,31.868666363937312],[-106.59296426089095,31.868679680070159]]]},"properties":{"OBJECTID":20468,"Join_Count":4,"TARGET_FID":43786,"PlaceType":"Innovation, Light Manufacturing and Logistics","SB840":"Y","TRACTCE":"010230","BLKGRPCE":"1","GEOID":"481410102301","INTPTLAT":"+31.8696112","INTPTLON":"-106.5967949","GrowthArea":"Y","LotArea":393452,"ZONELABEL":"P-R 2","Shape_Length":2485.1051174467239,"Shape_Area":393452.13652757753}},{"type":"Feature","id":20469,"geometry":{"type":"Polygon","coordinates":[[[-106.59004195289229,31.882491456714025],[-106.5908975955936,31.882503398813505],[-106.59090076632167,31.881406921185079],[-106.59179405679187,31.881429090356438],[-106.59198763320506,31.881433894058603],[-106.59296702378624,31.881488683149303],[-106.59302901128451,31.881492151240213],[-106.59273922288182,31.880818781516268],[-106.5925054631403,31.880275597156363],[-106.59245686054709,31.880297633353475],[-106.59122246686013,31.88085728756943],[-106.59004791688962,31.881335289416661],[-106.59002918820855,31.882491119716036],[-106.59004195289229,31.882491456714025]]]},"properties":{"OBJECTID":20469,"Join_Count":1,"TARGET_FID":43787,"PlaceType":"Regional Corridor","SB840":"Y","TRACTCE":"010228","BLKGRPCE":"1","GEOID":"481410102281","INTPTLAT":"+31.8854838","INTPTLON":"-106.5915725","GrowthArea":"Y","LotArea":308210,"ZONELABEL":"C-4","Shape_Length":3076.9018727960051,"Shape_Area":308209.81932706543}},{"type":"Feature","id":20470,"geometry":{"type":"Polygon","coordinates":[[[-106.58873354634339,31.882754418598648],[-106.59000784605257,31.882759794441132],[-106.59000478739007,31.882678115436939],[-106.59000093661751,31.882490373261177],[-106.59002918820855,31.882491119716036],[-106.59004791688962,31.881335289416661],[-106.58998191702524,31.88136214925801],[-106.58991604386168,31.881389261311099],[-106.58876303466177,31.881863830472803],[-106.58873532143272,31.881875236623685],[-106.58873354634339,31.882754418598648]]]},"properties":{"OBJECTID":20470,"Join_Count":2,"TARGET_FID":43790,"PlaceType":"Regional Corridor","SB840":"Y","TRACTCE":"010228","BLKGRPCE":"1","GEOID":"481410102281","INTPTLAT":"+31.8854838","INTPTLON":"-106.5915725","GrowthArea":"Y","LotArea":168297,"ZONELABEL":"C-4","Shape_Length":1695.0653791723598,"Shape_Area":168297.32316520016}},{"type":"Feature","id":20471,"geometry":{"type":"Polygon","coordinates":[[[-106.55571793213312,31.884434948450817],[-106.55656642623509,31.884425386208271],[-106.55667418733618,31.88439024006097],[-106.55668864413209,31.884217557808309],[-106.5567001129241,31.884080559404165],[-106.5567115827383,31.883943560940608],[-106.55672305146405,31.883806562518433],[-106.55673452021584,31.883669564987709],[-106.55674598864749,31.883532579203898],[-106.55656503287504,31.883521454814648],[-106.55654334670977,31.883520120928761],[-106.55638403780375,31.883510327537731],[-106.55620304166057,31.883499199159445],[-106.55618607479708,31.883498156381108],[-106.55607511031251,31.883491333976437],[-106.55606752872617,31.883491754935008],[-106.5560218999085,31.883494287332908],[-106.55585919609243,31.883503316656014],[-106.5557544596673,31.883509129145324],[-106.555699661375,31.883531020801421],[-106.55555218807697,31.883589936572079],[-106.55546609844907,31.883624329188319],[-106.55541367431456,31.883664060281681],[-106.55541363917787,31.883664024927061],[-106.55527921826082,31.883765742323298],[-106.555275678321,31.88376842066641],[-106.55518149710925,31.883839685504203],[-106.55528068976442,31.883940761528823],[-106.55537612782605,31.884044435758867],[-106.55571793213312,31.884434948450817]]]},"properties":{"OBJECTID":20471,"Join_Count":3,"TARGET_FID":43791,"PlaceType":"Neighborhood Center","SB840":"Y","TRACTCE":"010213","BLKGRPCE":"3","GEOID":"481410102133","INTPTLAT":"+31.8904603","INTPTLON":"-106.5326281","GrowthArea":"Y","LotArea":131599,"ZONELABEL":"C-3","Shape_Length":1410.7059733385254,"Shape_Area":131599.30692347977}},{"type":"Feature","id":20472,"geometry":{"type":"Polygon","coordinates":[[[-106.55482719427118,31.886052926749386],[-106.55482744403619,31.886077158007701],[-106.55597439566056,31.885238863326112],[-106.55594415679435,31.885204304564141],[-106.55550852387827,31.884706421222653],[-106.55548288693431,31.884706671417113],[-106.55481343411383,31.884714964002406],[-106.55482719427118,31.886052926749386]]]},"properties":{"OBJECTID":20472,"Join_Count":3,"TARGET_FID":43793,"PlaceType":"Neighborhood Center","SB840":"Y","TRACTCE":"010213","BLKGRPCE":"3","GEOID":"481410102133","INTPTLAT":"+31.8904603","INTPTLON":"-106.5326281","GrowthArea":"Y","LotArea":110000,"ZONELABEL":"C-3","Shape_Length":1421.8601273760005,"Shape_Area":110000.06176071842}},{"type":"Feature","id":20474,"geometry":{"type":"Polygon","coordinates":[[[-106.58874182686505,31.88534657398505],[-106.58937189554722,31.885349257546441],[-106.58937189617257,31.8853492349348],[-106.58937324800578,31.884904740333493],[-106.5893726332461,31.884612720889379],[-106.58937471889701,31.883966599311286],[-106.58934802894707,31.883966487646074],[-106.58922519131472,31.88396596867323],[-106.5891011825659,31.883965445319134],[-106.5889795489459,31.88396493151026],[-106.58874597722256,31.883963945501534],[-106.58873110258223,31.883963882234355],[-106.58873092724339,31.885346527536921],[-106.58874182686505,31.88534657398505]]]},"properties":{"OBJECTID":20474,"Join_Count":3,"TARGET_FID":43795,"PlaceType":"Urban Neighborhood","SB840":"Y","TRACTCE":"010228","BLKGRPCE":"1","GEOID":"481410102281","INTPTLAT":"+31.8854838","INTPTLON":"-106.5915725","GrowthArea":"Y","LotArea":100262,"ZONELABEL":"R-3","Shape_Length":1404.7489442832261,"Shape_Area":100261.69442150799}},{"type":"Feature","id":20475,"geometry":{"type":"Polygon","coordinates":[[[-106.55482744403619,31.886077158007701],[-106.55483035840167,31.886491333414213],[-106.55622107236572,31.88552078691858],[-106.55618960863639,31.885484827082106],[-106.55612579782064,31.885411899115478],[-106.55610197122566,31.885384668276647],[-106.55597439566056,31.885238863326112],[-106.55482744403619,31.886077158007701]]]},"properties":{"OBJECTID":20475,"Join_Count":3,"TARGET_FID":43796,"PlaceType":"Neighborhood Center","SB840":"Y","TRACTCE":"010213","BLKGRPCE":"3","GEOID":"481410102133","INTPTLAT":"+31.8904603","INTPTLON":"-106.5326281","GrowthArea":"Y","LotArea":62614,"ZONELABEL":"C-3","Shape_Length":1305.1281579426893,"Shape_Area":62613.587981801276}},{"type":"Feature","id":20476,"geometry":{"type":"Polygon","coordinates":[[[-106.55483035840167,31.886491333414213],[-106.55483295992381,31.886805537731796],[-106.55664726436568,31.886189000500352],[-106.5567490322521,31.886124175488611],[-106.55622107236572,31.88552078691858],[-106.55483035840167,31.886491333414213]]]},"properties":{"OBJECTID":20476,"Join_Count":2,"TARGET_FID":43797,"PlaceType":"Neighborhood Center","SB840":"Y","TRACTCE":"010213","BLKGRPCE":"3","GEOID":"481410102133","INTPTLAT":"+31.8904603","INTPTLON":"-106.5326281","GrowthArea":"Y","LotArea":113499,"ZONELABEL":"C-3","Shape_Length":1591.526283184221,"Shape_Area":113499.1260149459}},{"type":"Feature","id":20478,"geometry":{"type":"Polygon","coordinates":[[[-106.58336915741404,31.885075313154957],[-106.58344545186841,31.885353175065742],[-106.5834629741484,31.885416670806357],[-106.58346136351824,31.885584036692361],[-106.58485928508843,31.88575018123159],[-106.58491628793885,31.88576902039415],[-106.5858614273096,31.886081369683836],[-106.58576469109325,31.885615036321528],[-106.58574617445632,31.885542843165993],[-106.58572118881304,31.885472083320217],[-106.58568988373942,31.885403178650527],[-106.58565244602828,31.885336537493139],[-106.58560909775686,31.885272557457231],[-106.58556009692603,31.885211619071207],[-106.5855057364047,31.885154085833889],[-106.58544633835648,31.885100299965504],[-106.58538225734584,31.885050581355888],[-106.58502109970459,31.884791366144221],[-106.58494678177927,31.884733436693377],[-106.58487799974374,31.884670726065107],[-106.58481517592669,31.884603618657529],[-106.58475869315892,31.884532526055761],[-106.58470889869795,31.884457882327251],[-106.58466609795585,31.884380145225588],[-106.58463055091816,31.884299790039449],[-106.58461765463269,31.884233024745654],[-106.5846002054369,31.884167017232809],[-106.58453541533844,31.884209466881849],[-106.58429555989024,31.884366618718584],[-106.58432907958408,31.884403862819525],[-106.58333571997289,31.884579873506148],[-106.58319933317328,31.884457466119898],[-106.58320769472142,31.884490076382139],[-106.58321319582282,31.884511524103463],[-106.58336915741404,31.885075313154957]]]},"properties":{"OBJECTID":20478,"Join_Count":3,"TARGET_FID":43799,"PlaceType":"Regional Corridor","SB840":"Y","TRACTCE":"010228","BLKGRPCE":"3","GEOID":"481410102283","INTPTLAT":"+31.8965749","INTPTLON":"-106.5881052","GrowthArea":"Y","LotArea":297750,"ZONELABEL":"C-4","Shape_Length":2532.3714795480769,"Shape_Area":297749.65811794903}},{"type":"Feature","id":20480,"geometry":{"type":"Polygon","coordinates":[[[-106.58937064100557,31.885761613760398],[-106.58949072552639,31.885762135788731],[-106.58948813233096,31.885331503457508],[-106.59001936049323,31.885326905689496],[-106.59001976021162,31.885279123649628],[-106.5900213205116,31.885102426990276],[-106.59001948862516,31.884937950059925],[-106.59002142548711,31.884771772774197],[-106.59002079293309,31.88458643871904],[-106.59002147606657,31.884373989554021],[-106.59002269192985,31.884216105419064],[-106.59002290429626,31.884188617887965],[-106.59001989756828,31.884006176288207],[-106.59001972136038,31.883969318882173],[-106.58989453192792,31.883968791581289],[-106.58947083474415,31.883967005322727],[-106.58937471889701,31.883966599311286],[-106.5893726332461,31.884612720889379],[-106.58937324800578,31.884904740333493],[-106.58937189617257,31.8853492349348],[-106.5893718958725,31.885349294564694],[-106.58937064100557,31.885761613760398]]]},"properties":{"OBJECTID":20480,"Join_Count":5,"TARGET_FID":43801,"PlaceType":"Urban Neighborhood","SB840":"Y","TRACTCE":"010228","BLKGRPCE":"1","GEOID":"481410102281","INTPTLAT":"+31.8854838","INTPTLON":"-106.5915725","GrowthArea":"Y","LotArea":105346,"ZONELABEL":"R-5","Shape_Length":1705.9743564808068,"Shape_Area":105346.18928535245}},{"type":"Feature","id":20481,"geometry":{"type":"Polygon","coordinates":[[[-106.59539799537123,31.889279961715236],[-106.59541881821841,31.889279650657834],[-106.5958479444505,31.889273236944597],[-106.59581701682706,31.888838460992481],[-106.59581518060807,31.888812649030648],[-106.59544285318006,31.888821925787951],[-106.59539735504356,31.888823059219984],[-106.59539799537123,31.889279961715236]]]},"properties":{"OBJECTID":20481,"Join_Count":2,"TARGET_FID":43804,"PlaceType":"Regional Corridor","SB840":"Y","TRACTCE":"010228","BLKGRPCE":"1","GEOID":"481410102281","INTPTLAT":"+31.8854838","INTPTLON":"-106.5915725","GrowthArea":"Y","LotArea":22492,"ZONELABEL":"C-3","Shape_Length":603.5118747737431,"Shape_Area":22491.821235709685}},{"type":"Feature","id":20483,"geometry":{"type":"Polygon","coordinates":[[[-106.58338084468932,31.892358579700026],[-106.58339093545739,31.892358582347189],[-106.58340972261341,31.892358586804896],[-106.58362019155346,31.892358634374315],[-106.58409205738828,31.892358738585088],[-106.58418618683653,31.89235875917641],[-106.58418625016594,31.892321679143727],[-106.58418648325987,31.892184260513282],[-106.5841865645169,31.892136340503264],[-106.58418671746783,31.892046842724483],[-106.58418699764844,31.89188194104765],[-106.58418723079951,31.89174452329172],[-106.58418746494596,31.891607104576547],[-106.58418769809572,31.891469686804449],[-106.58418779436012,31.891413323290109],[-106.58414263153365,31.891413312979999],[-106.58407223632283,31.891413297800643],[-106.58339142754096,31.891413145277461],[-106.58339107286626,31.891413145134891],[-106.58338246123141,31.891413142872587],[-106.58338084468932,31.892358579700026]]]},"properties":{"OBJECTID":20483,"Join_Count":4,"TARGET_FID":43807,"PlaceType":"Regional Corridor","SB840":"Y","TRACTCE":"010228","BLKGRPCE":"3","GEOID":"481410102283","INTPTLAT":"+31.8965749","INTPTLON":"-106.5881052","GrowthArea":"Y","LotArea":85973,"ZONELABEL":"C-4","Shape_Length":1187.8137587646931,"Shape_Area":85972.995958458472}},{"type":"Feature","id":20485,"geometry":{"type":"Polygon","coordinates":[[[-106.58338068053398,31.89245477653597],[-106.58418683510079,31.892455013712009],[-106.58418618683653,31.89235875917641],[-106.58409205738828,31.892358738585088],[-106.58362019155346,31.892358634374315],[-106.58340972261341,31.892358586804896],[-106.58339093545739,31.892358582347189],[-106.58338084468932,31.892358579700026],[-106.58338068053398,31.89245477653597]]]},"properties":{"OBJECTID":20485,"Join_Count":2,"TARGET_FID":43809,"PlaceType":"Regional Corridor","SB840":"Y","TRACTCE":"010228","BLKGRPCE":"3","GEOID":"481410102283","INTPTLAT":"+31.8965749","INTPTLON":"-106.5881052","GrowthArea":"Y","LotArea":8755,"ZONELABEL":"C-4","Shape_Length":570.18746715468956,"Shape_Area":8754.6184072639062}},{"type":"Feature","id":20487,"geometry":{"type":"Polygon","coordinates":[[[-106.58434288467328,31.894930899659087],[-106.5843917456953,31.894930916762021],[-106.58527691804538,31.894931223732947],[-106.58928153395254,31.894932541820999],[-106.58929570340696,31.894932545941554],[-106.58929638361865,31.894931911699658],[-106.58929367484758,31.894038159418791],[-106.58929366926255,31.894038074780514],[-106.58928174666842,31.894038072044353],[-106.58753618149944,31.894036754622615],[-106.58719426315791,31.894036494077497],[-106.58716196741069,31.894030312808482],[-106.58714546300777,31.894029272527835],[-106.58444202354482,31.894028519416104],[-106.58434441209322,31.894031240325713],[-106.58434288467328,31.894930899659087]]]},"properties":{"OBJECTID":20487,"Join_Count":3,"TARGET_FID":43812,"PlaceType":"Regional Corridor","SB840":"Y","TRACTCE":"010228","BLKGRPCE":"3","GEOID":"481410102283","INTPTLAT":"+31.8965749","INTPTLON":"-106.5881052","GrowthArea":"Y","LotArea":502731,"ZONELABEL":"A-O","Shape_Length":3726.3845055298552,"Shape_Area":502730.54857762042}},{"type":"Feature","id":20488,"geometry":{"type":"Polygon","coordinates":[[[-106.58934625544794,31.894038089027745],[-106.58931400050075,31.894038080115177],[-106.58929366926255,31.894038074780514],[-106.58929367484758,31.894038159418791],[-106.58929638361865,31.894931911699658],[-106.58929570340696,31.894932545941554],[-106.58943553685454,31.894932589738847],[-106.58944712821078,31.894932593020481],[-106.58944712651797,31.894931588675743],[-106.58956759992974,31.894931330157618],[-106.58958386100525,31.894931295204636],[-106.58951448142776,31.89487652083443],[-106.5894357348256,31.894852288470254],[-106.58936045948619,31.894829124996072],[-106.58935806119382,31.894038037755024],[-106.58934625544794,31.894038089027745]]]},"properties":{"OBJECTID":20488,"Join_Count":4,"TARGET_FID":43813,"PlaceType":"Regional Corridor","SB840":"Y","TRACTCE":"010228","BLKGRPCE":"3","GEOID":"481410102283","INTPTLAT":"+31.8965749","INTPTLON":"-106.5881052","GrowthArea":"Y","LotArea":8095,"ZONELABEL":"R-3A","Shape_Length":803.22795271287112,"Shape_Area":8095.1989013968187}},{"type":"Feature","id":20491,"geometry":{"type":"Polygon","coordinates":[[[-106.59427470734188,31.896982785823333],[-106.5943156451262,31.896920397050973],[-106.59459216492613,31.896475599595554],[-106.59431204829524,31.896476974174487],[-106.59427437272745,31.896477159258854],[-106.59427470734188,31.896982785823333]]]},"properties":{"OBJECTID":20491,"Join_Count":3,"TARGET_FID":43816,"PlaceType":"Regional Corridor","SB840":"Y","TRACTCE":"010228","BLKGRPCE":"3","GEOID":"481410102283","INTPTLAT":"+31.8965749","INTPTLON":"-106.5881052","GrowthArea":"Y","LotArea":9125,"ZONELABEL":"R-4","Shape_Length":491.75541239915304,"Shape_Area":9125.4751617401889}},{"type":"Feature","id":20492,"geometry":{"type":"Polygon","coordinates":[[[-106.59427399366176,31.895902868694307],[-106.59219132661805,31.895907528720478],[-106.59213565893948,31.895907651896831],[-106.59213693862837,31.897911964261642],[-106.59213698459786,31.897983256435264],[-106.59352003988954,31.897979706650357],[-106.59362070660852,31.897979448967885],[-106.59368456050534,31.897882140968619],[-106.59427470734188,31.896982785823333],[-106.59427399366176,31.895902868694307]]]},"properties":{"OBJECTID":20492,"Join_Count":3,"TARGET_FID":43818,"PlaceType":"Regional Corridor","SB840":"Y","TRACTCE":"010228","BLKGRPCE":"3","GEOID":"481410102283","INTPTLAT":"+31.8965749","INTPTLON":"-106.5881052","GrowthArea":"Y","LotArea":464277,"ZONELABEL":"R-3","Shape_Length":2687.6597464545493,"Shape_Area":464276.89640256233}},{"type":"Feature","id":20567,"geometry":{"type":"Polygon","coordinates":[[[-106.5840465427878,31.863536896802636],[-106.58547631081601,31.863585520057462],[-106.5856793335127,31.863587247495733],[-106.58593509068028,31.863589440269294],[-106.58614673039185,31.863530625124667],[-106.58635659231877,31.863467339799499],[-106.58660151622099,31.863398433803955],[-106.58661812453177,31.863441275945167],[-106.5866158595508,31.863432896678429],[-106.58661525857363,31.863424311942389],[-106.58661633534179,31.863415762250494],[-106.58661906308913,31.863407483738932],[-106.58662336381356,31.863399705971457],[-106.58662911853054,31.863392646931111],[-106.58663616656071,31.863386502214929],[-106.58664431379226,31.863381441927398],[-106.58665333349855,31.863377607028156],[-106.58666297342634,31.863375104475299],[-106.58665084888455,31.863354339746834],[-106.58727535512573,31.863125616066355],[-106.58727178360147,31.863028714766809],[-106.58727178112538,31.863028420419003],[-106.5872717796272,31.863028381650267],[-106.58727177924348,31.863028343731283],[-106.58727177774533,31.863028304962548],[-106.58727177736162,31.863028267043521],[-106.58727177691851,31.863028228224113],[-106.58727177542035,31.863028189455417],[-106.58727177503658,31.863028151536398],[-106.58727177459349,31.863028112716965],[-106.5872717731547,31.863028074848614],[-106.58727177271159,31.863028036029249],[-106.5872717712728,31.863027998160916],[-106.5872717687196,31.863027959442856],[-106.58727176728085,31.86302792157451],[-106.58727176578269,31.863027882805813],[-106.58727176328887,31.863027844988132],[-106.58727176179067,31.863027806219385],[-106.5872717603519,31.863027768351092],[-106.58727175885376,31.863027729582367],[-106.58727175635994,31.863027691764689],[-106.58727175486177,31.863027652995953],[-106.58727175342298,31.863027615127614],[-106.58727175238612,31.863027567303988],[-106.58727175212115,31.86302753118586],[-106.58723619412456,31.862294905851694],[-106.58617062035566,31.862684740135638],[-106.58602561809049,31.862737787431243],[-106.58487467248951,31.863180327843313],[-106.58471421902107,31.863242021772326],[-106.58460054492977,31.863285729225378],[-106.58455376534413,31.863303715502255],[-106.58451586495721,31.863318287457464],[-106.58453677383852,31.863351900580675],[-106.5840465427878,31.863536896802636]]]},"properties":{"OBJECTID":20567,"Join_Count":6,"TARGET_FID":44010,"PlaceType":"Neighborhood Center","SB840":"Y","TRACTCE":"010227","BLKGRPCE":"2","GEOID":"481410102272","INTPTLAT":"+31.8713773","INTPTLON":"-106.5843813","GrowthArea":"Y","LotArea":216291,"ZONELABEL":"C-3","Shape_Length":2477.8736284726538,"Shape_Area":216290.54438957784}},{"type":"Feature","id":20575,"geometry":{"type":"Polygon","coordinates":[[[-106.56893111225651,31.903718089022288],[-106.5687573300015,31.903836655287272],[-106.56858861800872,31.903960436026697],[-106.56842519032612,31.904089272881215],[-106.56826725642841,31.904223002291456],[-106.56811501582077,31.904361453949786],[-106.56796866337564,31.90450445144803],[-106.56782838511091,31.904651812479226],[-106.56769436141529,31.904803349586665],[-106.56756675965993,31.904958870517039],[-106.56744574569049,31.905118175864153],[-106.56743956932942,31.905126095746784],[-106.56743506769676,31.90513479898717],[-106.56743237433399,31.905144029898764],[-106.56743156671132,31.90515351741319],[-106.56743266887133,31.905162983083127],[-106.5674356487953,31.905172149337627],[-106.56744041893612,31.905180747585749],[-106.56744683880298,31.90518852531866],[-106.56745472077182,31.905195253961345],[-106.56746383378491,31.905200736824195],[-106.56759523662238,31.905265650369749],[-106.56770046419534,31.905314083039883],[-106.56780892019064,31.905357023835126],[-106.56792020988932,31.905394315505056],[-106.56803392943624,31.905425822915269],[-106.56814966689559,31.9054514329973],[-106.56826700312925,31.905471051996741],[-106.5683855098638,31.905484608275611],[-106.56943434874712,31.905577249254311],[-106.56969411821362,31.905596659344013],[-106.56995447800806,31.905609058553843],[-106.57021516563925,31.905614433250722],[-106.57047592348955,31.905612779506061],[-106.57073035824375,31.905611163344528],[-106.57098472629826,31.905616401921161],[-106.57123877319636,31.905628489358655],[-106.5714922462957,31.905647415178336],[-106.57149241601392,31.905647339307453],[-106.5717426746629,31.903583795596195],[-106.57175137664343,31.903512043833789],[-106.57175206690683,31.903511784964714],[-106.57182336210117,31.903485026134167],[-106.57204263610342,31.903402726381788],[-106.57207593743206,31.902716962271807],[-106.57208317262427,31.902567968822645],[-106.57206483745192,31.902566350366257],[-106.57209555023475,31.902313092178808],[-106.57214469027289,31.901907874674162],[-106.57201621522313,31.902006842152133],[-106.5718847710379,31.90210293031231],[-106.57175044669245,31.90219607527067],[-106.57175100248197,31.902206049436767],[-106.57159378466179,31.902308824502033],[-106.57143305132064,31.902407562178066],[-106.57126894279375,31.902502174440208],[-106.57110160604766,31.902592577462979],[-106.57093118834696,31.902678691923516],[-106.57075784129889,31.902760440098064],[-106.57035278400782,31.902963638682746],[-106.56992701998908,31.903173263019521],[-106.57005587506276,31.903363720280979],[-106.56956935724303,31.90360691998066],[-106.56953980612093,31.903566598285654],[-106.56943270278815,31.903420459495987],[-106.56926953799221,31.903510527472736],[-106.5691097428671,31.903604888742066],[-106.56893111225651,31.903718089022288]]]},"properties":{"OBJECTID":20575,"Join_Count":3,"TARGET_FID":44027,"PlaceType":"Innovation, Light Manufacturing and Logistics","SB840":"Y","TRACTCE":"010226","BLKGRPCE":"2","GEOID":"481410102262","INTPTLAT":"+31.8961515","INTPTLON":"-106.5703717","GrowthArea":"Y","LotArea":1028301,"ZONELABEL":"C-4","Shape_Length":4785.812062574907,"Shape_Area":1028301.3463324384}},{"type":"Feature","id":20577,"geometry":{"type":"Polygon","coordinates":[[[-106.58495920634296,31.904973220016302],[-106.58494489987883,31.904928645396435],[-106.58489384396896,31.904769563816544],[-106.5848356386697,31.904588209616243],[-106.58483558375923,31.904579525648327],[-106.58483435537748,31.904386612295117],[-106.58483330451145,31.904221678669995],[-106.58483225470458,31.904056744982501],[-106.58483111699302,31.90387806705392],[-106.58334883625582,31.903888079688134],[-106.58335438621815,31.904761543124771],[-106.5834912256304,31.905187931814218],[-106.58371990928214,31.90513062345725],[-106.58495920634296,31.904973220016302]]]},"properties":{"OBJECTID":20577,"Join_Count":2,"TARGET_FID":44031,"PlaceType":"Regional Corridor","SB840":"Y","TRACTCE":"010228","BLKGRPCE":"3","GEOID":"481410102283","INTPTLAT":"+31.8965749","INTPTLON":"-106.5881052","GrowthArea":"Y","LotArea":200932,"ZONELABEL":"C-4","Shape_Length":1805.002469370344,"Shape_Area":200932.41893879211}},{"type":"Feature","id":20583,"geometry":{"type":"Polygon","coordinates":[[[-106.58249919642488,31.853903635814106],[-106.58222225741898,31.853982505890329],[-106.58239555159837,31.854445942535239],[-106.58290953503214,31.854302043920431],[-106.58302993476423,31.854264740224362],[-106.58306021918627,31.854257937301682],[-106.58306401518441,31.854257084853725],[-106.58299853178809,31.854088384970595],[-106.58301726780151,31.854083086650995],[-106.58364235990292,31.853906330464952],[-106.58392958588908,31.853825109003964],[-106.58391988008279,31.853801161287155],[-106.58391951344289,31.853801266507048],[-106.58385002150931,31.853613832206079],[-106.58433857139134,31.853462226990597],[-106.58431692963839,31.853401996075018],[-106.58361625999439,31.853595317145416],[-106.58350464215314,31.853325130966351],[-106.58421004302414,31.853127849998909],[-106.58418857525825,31.853074463850842],[-106.58416696025525,31.853015984880859],[-106.58351761576326,31.853194312027259],[-106.58326951049409,31.853263711450705],[-106.58319396168045,31.853284967350586],[-106.58293338201358,31.853355249465679],[-106.58295538245063,31.853412473515625],[-106.58286308788981,31.8534377703836],[-106.58244051069056,31.853539329819984],[-106.58236857161073,31.853560638679184],[-106.58249919642488,31.853903635814106]]]},"properties":{"OBJECTID":20583,"Join_Count":9,"TARGET_FID":44038,"PlaceType":"Regional Corridor","SB840":"Y","TRACTCE":" ","BLKGRPCE":" ","GEOID":" ","INTPTLAT":" ","INTPTLON":" ","GrowthArea":"Y","LotArea":136514,"ZONELABEL":"C-2","Shape_Length":2472.490402334055,"Shape_Area":136513.89427951237}},{"type":"Feature","id":20593,"geometry":{"type":"Polygon","coordinates":[[[-106.58372605909531,31.898006410762292],[-106.58559661999186,31.898004051108035],[-106.58778184001197,31.898001261300966],[-106.58779712090494,31.898090627641601],[-106.58945315130998,31.898086350240316],[-106.58945301017583,31.897963640164448],[-106.58945295200812,31.897963641151708],[-106.58945161821043,31.897269368504457],[-106.5894523453108,31.8972174295562],[-106.5894516495582,31.896468183431352],[-106.5894516479386,31.896465912712916],[-106.58944712821078,31.894932593020481],[-106.58943553685454,31.894932589738847],[-106.58928153395254,31.894932541820999],[-106.58527691804538,31.894931223732947],[-106.5843917456953,31.894930916762021],[-106.58434288467328,31.894930899659087],[-106.58355067830607,31.894930618185626],[-106.58350871329402,31.897916715700593],[-106.58354600376283,31.897894158686665],[-106.5836037401361,31.897859235028093],[-106.58372605909531,31.898006410762292]]]},"properties":{"OBJECTID":20593,"Join_Count":6,"TARGET_FID":44055,"PlaceType":"Regional Corridor","SB840":"Y","TRACTCE":"010228","BLKGRPCE":"3","GEOID":"481410102283","INTPTLAT":"+31.8965749","INTPTLON":"-106.5881052","GrowthArea":"School","LotArea":2067806,"ZONELABEL":"R-3A","Shape_Length":5971.2053512125913,"Shape_Area":2067806.1764621921}},{"type":"Feature","id":20594,"geometry":{"type":"Polygon","coordinates":[[[-106.58779712090494,31.898090627641601],[-106.58779731195658,31.898091742122027],[-106.58781488175654,31.898194489627464],[-106.5878279280042,31.898194472892786],[-106.58791250196623,31.898765360506975],[-106.58826516413049,31.901145813055649],[-106.58831965402423,31.901146264898994],[-106.59115538941329,31.901169723766291],[-106.59141288657018,31.901171850523379],[-106.5914360502133,31.9011720419883],[-106.59152518016715,31.901172778424367],[-106.59355753529988,31.898075727822455],[-106.5934571874719,31.898075989997157],[-106.58945315130998,31.898086350240316],[-106.58779712090494,31.898090627641601]]]},"properties":{"OBJECTID":20594,"Join_Count":5,"TARGET_FID":44056,"PlaceType":"Regional Corridor","SB840":"Y","TRACTCE":"010228","BLKGRPCE":"3","GEOID":"481410102283","INTPTLAT":"+31.8965749","INTPTLON":"-106.5881052","GrowthArea":"Y","LotArea":1564497,"ZONELABEL":"R-3","Shape_Length":5215.3034476278654,"Shape_Area":1564496.8655321484}},{"type":"Feature","id":20598,"geometry":{"type":"Polygon","coordinates":[[[-106.58410658881135,31.907266468527354],[-106.5841382041345,31.907370752324422],[-106.58583843866849,31.90734407801358],[-106.58638720119339,31.907079258237328],[-106.58695598845985,31.907570350819661],[-106.58709119295176,31.90748979157372],[-106.5865393860482,31.907013360831979],[-106.58724977992192,31.906414640069919],[-106.58777308152301,31.906816051820488],[-106.58828134324307,31.90604096061033],[-106.58620617951654,31.906407129855097],[-106.58637073159258,31.906931647651028],[-106.58623977121545,31.907004098984114],[-106.58561424375992,31.90727204336671],[-106.58541027214648,31.90726574218948],[-106.58410658881135,31.907266468527354]]]},"properties":{"OBJECTID":20598,"Join_Count":1,"TARGET_FID":44073,"PlaceType":"Regional Corridor","SB840":"Y","TRACTCE":"010228","BLKGRPCE":"3","GEOID":"481410102283","INTPTLAT":"+31.8965749","INTPTLON":"-106.5881052","GrowthArea":"Y","LotArea":138693,"ZONELABEL":"C-4","Shape_Length":3748.6805029281863,"Shape_Area":138693.26859311084}},{"type":"Feature","id":20606,"geometry":{"type":"Polygon","coordinates":[[[-106.57647431645367,31.907692940855068],[-106.57757742695966,31.907832377052316],[-106.57761231822059,31.90781186642943],[-106.5778673269993,31.907844098162926],[-106.5778925739822,31.907873127875778],[-106.57836411607542,31.90793272760666],[-106.57908330774646,31.907960877310551],[-106.57929169769778,31.908067925742138],[-106.57970858060628,31.908078763517121],[-106.57980436230885,31.908081577521756],[-106.57990018695727,31.908080206440037],[-106.58007020957591,31.908067052389026],[-106.58024070187741,31.908059515493779],[-106.58027662372153,31.908057927515458],[-106.5802765597235,31.908050304431693],[-106.58027183831382,31.907484663557064],[-106.58026973784813,31.907232953938404],[-106.5814602104802,31.907228582066153],[-106.58150932572748,31.907227863047719],[-106.58227190049416,31.904905831563379],[-106.58229119201256,31.903858549742981],[-106.58110940906819,31.903871810749845],[-106.58084291463376,31.906620369793359],[-106.57818978871467,31.906469863087196],[-106.57793514167932,31.906455413359055],[-106.57787985718545,31.90644948258204],[-106.5778257669767,31.906438068704542],[-106.57777361623631,31.9064213284007],[-106.57772412328447,31.906399492796602],[-106.57767796972213,31.906372862523142],[-106.57756094665196,31.906275139956069],[-106.57744809154164,31.906173913418932],[-106.57741112679834,31.906144627843027],[-106.57737020047927,31.906119467607557],[-106.57732593946511,31.906098819060272],[-106.57727902424048,31.906082998236041],[-106.57723017505347,31.906072249714338],[-106.57718014287885,31.906066738019856],[-106.57631178396286,31.906001596241062],[-106.57619936795173,31.906977697639199],[-106.57617054737429,31.907388957378174],[-106.57647431645367,31.907692940855068]]]},"properties":{"OBJECTID":20606,"Join_Count":4,"TARGET_FID":44082,"PlaceType":"Regional Corridor","SB840":"Y","TRACTCE":"010226","BLKGRPCE":"2","GEOID":"481410102262","INTPTLAT":"+31.8961515","INTPTLON":"-106.5703717","GrowthArea":"Y","LotArea":1142760,"ZONELABEL":"C-4","Shape_Length":6627.4318623049421,"Shape_Area":1142760.4460568237}},{"type":"Feature","id":20607,"geometry":{"type":"Polygon","coordinates":[[[-106.59427000569836,31.895830843630424],[-106.59427399366176,31.895902868694307],[-106.59427431944852,31.896397107474527],[-106.59431140017711,31.89639692568965],[-106.59555978729377,31.896390791788235],[-106.59595628738893,31.895720397192321],[-106.59432933671876,31.8957281504909],[-106.59426988825234,31.895728433736235],[-106.59427000569836,31.895830843630424]]]},"properties":{"OBJECTID":20607,"Join_Count":4,"TARGET_FID":44089,"PlaceType":"Regional Corridor","SB840":"Y","TRACTCE":"010228","BLKGRPCE":"3","GEOID":"481410102283","INTPTLAT":"+31.8965749","INTPTLON":"-106.5881052","GrowthArea":"Y","LotArea":112085,"ZONELABEL":"R-3","Shape_Length":1438.8488480156116,"Shape_Area":112084.77831418566}},{"type":"Feature","id":20612,"geometry":{"type":"Polygon","coordinates":[[[-106.58087341147238,31.875649786746742],[-106.58089493026493,31.875743051568637],[-106.58105620392215,31.876442038269481],[-106.58106400180756,31.876475835544436],[-106.58185439191797,31.876323393079463],[-106.58176920410905,31.875990962096154],[-106.58181935388941,31.875944438568968],[-106.58169050901142,31.875891383739056],[-106.58164791085937,31.875847643860489],[-106.58163510192381,31.875825174610746],[-106.58158061907028,31.875621278033829],[-106.5817612093014,31.875589205930154],[-106.58175197355743,31.875546104487903],[-106.58157459296817,31.875578210462713],[-106.58156039194623,31.875523995015321],[-106.58087341147238,31.875649786746742]]]},"properties":{"OBJECTID":20612,"Join_Count":3,"TARGET_FID":44096,"PlaceType":"Regional Corridor","SB840":"Y","TRACTCE":"010227","BLKGRPCE":"2","GEOID":"481410102272","INTPTLAT":"+31.8713773","INTPTLON":"-106.5843813","GrowthArea":"Y","LotArea":73030,"ZONELABEL":"C-3","Shape_Length":1222.7100350753881,"Shape_Area":73029.792141153317}},{"type":"Feature","id":20631,"geometry":{"type":"Polygon","coordinates":[[[-106.56754668103423,31.830835465741977],[-106.56774946728376,31.83104034316224],[-106.56778166097236,31.831072869095664],[-106.56830213285048,31.830711614975513],[-106.56827486887479,31.830675667169899],[-106.56809240730328,31.830435090537346],[-106.56754668103423,31.830835465741977]]]},"properties":{"OBJECTID":20631,"Join_Count":4,"TARGET_FID":44118,"PlaceType":"Innovation, Light Manufacturing and Logistics","SB840":"Y","TRACTCE":"001204","BLKGRPCE":"1","GEOID":"481410012041","INTPTLAT":"+31.8236933","INTPTLON":"-106.5623813","GrowthArea":"Y","LotArea":25044,"ZONELABEL":"C-4","Shape_Length":664.71866049769699,"Shape_Area":25044.472248420996}},{"type":"Feature","id":20671,"geometry":{"type":"Polygon","coordinates":[[[-106.58366833783325,31.905739802851588],[-106.58371938950593,31.905898875941634],[-106.58410788455561,31.905808147233614],[-106.5840568322805,31.905649074289382],[-106.58366833783325,31.905739802851588]]]},"properties":{"OBJECTID":20671,"Join_Count":1,"TARGET_FID":44172,"PlaceType":"Regional Corridor","SB840":"Y","TRACTCE":"010228","BLKGRPCE":"3","GEOID":"481410102283","INTPTLAT":"+31.8965749","INTPTLON":"-106.5881052","GrowthArea":"Y","LotArea":7500,"ZONELABEL":"C-4","Shape_Length":369.99981327529559,"Shape_Area":7499.9909004254396}},{"type":"Feature","id":20672,"geometry":{"type":"Polygon","coordinates":[[[-106.5834912256304,31.905187931814218],[-106.58366833783325,31.905739802851588],[-106.5840568322805,31.905649074289382],[-106.58410788455561,31.905808147233614],[-106.58507148777142,31.90558310336964],[-106.58514912622637,31.905564970455391],[-106.58509806969114,31.905405889899683],[-106.58504701320832,31.905246807512249],[-106.58499595695604,31.90508772599425],[-106.58495920634296,31.904973220016302],[-106.58371990928214,31.90513062345725],[-106.5834912256304,31.905187931814218]]]},"properties":{"OBJECTID":20672,"Join_Count":2,"TARGET_FID":44173,"PlaceType":"Regional Corridor","SB840":"Y","TRACTCE":"010228","BLKGRPCE":"3","GEOID":"481410102283","INTPTLAT":"+31.8965749","INTPTLON":"-106.5881052","GrowthArea":"Y","LotArea":107496,"ZONELABEL":"C-4","Shape_Length":1414.1896671374986,"Shape_Area":107495.72115145245}},{"type":"Feature","id":20676,"geometry":{"type":"Polygon","coordinates":[[[-106.58665084888455,31.863354339746834],[-106.58666297342634,31.863375104475299],[-106.58665333349855,31.863377607028156],[-106.58664431379226,31.863381441927398],[-106.58663616656071,31.863386502214929],[-106.58662911853054,31.863392646931111],[-106.58662336381356,31.863399705971457],[-106.58661906308913,31.863407483738932],[-106.58661633534179,31.863415762250494],[-106.58661525857363,31.863424311942389],[-106.5866158595508,31.863432896678429],[-106.58661812453177,31.863441275945167],[-106.58667409036381,31.863585645284456],[-106.58673534200749,31.86372542413493],[-106.58729147081202,31.863562792530516],[-106.58727535512573,31.863125616066355],[-106.58665084888455,31.863354339746834]]]},"properties":{"OBJECTID":20676,"Join_Count":2,"TARGET_FID":44178,"PlaceType":"Neighborhood Center","SB840":"Y","TRACTCE":"010227","BLKGRPCE":"2","GEOID":"481410102272","INTPTLAT":"+31.8713773","INTPTLON":"-106.5843813","GrowthArea":"Y","LotArea":29235,"ZONELABEL":"C-4","Shape_Length":701.96475290902981,"Shape_Area":29234.731429802436}},{"type":"Feature","id":20688,"geometry":{"type":"Polygon","coordinates":[[[-106.58519265194327,31.906585956441202],[-106.58541027214648,31.90726574218948],[-106.58561424375992,31.90727204336671],[-106.58623977121545,31.907004098984114],[-106.58637073159258,31.906931647651028],[-106.58620617951654,31.906407129855097],[-106.5862056844088,31.906407216847924],[-106.58519265194327,31.906585956441202]]]},"properties":{"OBJECTID":20688,"Join_Count":1,"TARGET_FID":44193,"PlaceType":"Regional Corridor","SB840":"Y","TRACTCE":"010228","BLKGRPCE":"3","GEOID":"481410102283","INTPTLAT":"+31.8965749","INTPTLON":"-106.5881052","GrowthArea":"Y","LotArea":77396,"ZONELABEL":"C-4","Shape_Length":1104.0813088742871,"Shape_Area":77396.014632366874}},{"type":"Feature","id":20689,"geometry":{"type":"Polygon","coordinates":[[[-106.58410658881135,31.907266468527354],[-106.58541027214648,31.90726574218948],[-106.58519265194327,31.906585956441202],[-106.58396589683257,31.906802393824755],[-106.58410658881135,31.907266468527354]]]},"properties":{"OBJECTID":20689,"Join_Count":1,"TARGET_FID":44194,"PlaceType":"Regional Corridor","SB840":"Y","TRACTCE":"010228","BLKGRPCE":"3","GEOID":"481410102283","INTPTLAT":"+31.8965749","INTPTLON":"-106.5881052","GrowthArea":"Y","LotArea":83891,"ZONELABEL":"C-4","Shape_Length":1224.0742802007219,"Shape_Area":83890.952658222115}},{"type":"Feature","id":20717,"geometry":{"type":"Polygon","coordinates":[[[-106.58027183831382,31.907484663557064],[-106.5802765597235,31.908050304431693],[-106.58036032350218,31.908049975638285],[-106.58039625918491,31.908049834875396],[-106.58039409773153,31.907639295930725],[-106.58039328154902,31.907484217836089],[-106.58039310205385,31.907450163011262],[-106.58039831821736,31.907431269755328],[-106.58040693530435,31.907413305440699],[-106.58041874107283,31.907396712902244],[-106.58043344467157,31.907381899001319],[-106.58045068373195,31.907369229769614],[-106.58047003303746,31.907359017347719],[-106.58049101783014,31.907351513024711],[-106.58051312078399,31.90734690058073],[-106.58053579672304,31.907345294678311],[-106.58142516567845,31.907342027739983],[-106.58147188799954,31.907341856166983],[-106.58150932572748,31.907227863047719],[-106.5814602104802,31.907228582066153],[-106.58026973784813,31.907232953938404],[-106.58027183831382,31.907484663557064]]]},"properties":{"OBJECTID":20717,"Join_Count":2,"TARGET_FID":44243,"PlaceType":"Regional Corridor","SB840":"Y","TRACTCE":"010226","BLKGRPCE":"2","GEOID":"481410102262","INTPTLAT":"+31.8961515","INTPTLON":"-106.5703717","GrowthArea":"Y","LotArea":25632,"ZONELABEL":"C-4","Shape_Length":1334.4717539016342,"Shape_Area":25631.827710336678}},{"type":"Feature","id":20718,"geometry":{"type":"Polygon","coordinates":[[[-106.58039409773153,31.907639295930725],[-106.58039625918491,31.908049834875396],[-106.58067087276713,31.908047100994327],[-106.58070719098691,31.90804673947224],[-106.58070637144961,31.907963788907267],[-106.58070546374698,31.907871965408798],[-106.58070297758945,31.90762039802588],[-106.58110576161752,31.90761736412362],[-106.58133968371023,31.907615600294573],[-106.58138385363554,31.907617812920094],[-106.58139133522057,31.907593869269803],[-106.58142638015576,31.907480423617418],[-106.58147188799954,31.907341856166983],[-106.58142516567845,31.907342027739983],[-106.58053579672304,31.907345294678311],[-106.58051312078399,31.90734690058073],[-106.58049101783014,31.907351513024711],[-106.58047003303746,31.907359017347719],[-106.58045068373195,31.907369229769614],[-106.58043344467157,31.907381899001319],[-106.58041874107283,31.907396712902244],[-106.58040693530435,31.907413305440699],[-106.58039831821736,31.907431269755328],[-106.58039310205385,31.907450163011262],[-106.58039328154902,31.907484217836089],[-106.58039409773153,31.907639295930725]]]},"properties":{"OBJECTID":20718,"Join_Count":2,"TARGET_FID":44244,"PlaceType":"Regional Corridor","SB840":"Y","TRACTCE":"010226","BLKGRPCE":"2","GEOID":"481410102262","INTPTLAT":"+31.8961515","INTPTLON":"-106.5703717","GrowthArea":"Y","LotArea":46625,"ZONELABEL":"C-4","Shape_Length":1139.1911196989508,"Shape_Area":46625.265879866667}},{"type":"Feature","id":20719,"geometry":{"type":"Polygon","coordinates":[[[-106.58070546374698,31.907871965408798],[-106.58070637144961,31.907963788907267],[-106.58075853521177,31.907962389268967],[-106.58081000026708,31.907954999331562],[-106.58085982571281,31.907941754544137],[-106.58090710099093,31.907922897292032],[-106.58095096136606,31.907898770735269],[-106.58099060587035,31.907869817947052],[-106.58102672422228,31.90783500053335],[-106.58105673227796,31.907796191126337],[-106.58108003288825,31.907754161745732],[-106.58109616049845,31.907709753069376],[-106.58110479426371,31.907663848513206],[-106.58110576161752,31.90761736412362],[-106.58070297758945,31.90762039802588],[-106.58070546374698,31.907871965408798]]]},"properties":{"OBJECTID":20719,"Join_Count":1,"TARGET_FID":44245,"PlaceType":"Regional Corridor","SB840":"Y","TRACTCE":"010226","BLKGRPCE":"2","GEOID":"481410102262","INTPTLAT":"+31.8961515","INTPTLON":"-106.5703717","GrowthArea":"Y","LotArea":12532,"ZONELABEL":"C-4","Shape_Length":448.58508096346549,"Shape_Area":12532.100723056292}},{"type":"Feature","id":20727,"geometry":{"type":"Polygon","coordinates":[[[-106.52975867193759,31.843647888497433],[-106.52975873640177,31.84364788723558],[-106.52975929043426,31.843549294258143],[-106.52975867193759,31.843647888497433]]]},"properties":{"OBJECTID":20727,"Join_Count":1,"TARGET_FID":44259,"PlaceType":"Urban Neighborhood","SB840":"Y","TRACTCE":" ","BLKGRPCE":" ","GEOID":" ","INTPTLAT":" ","INTPTLON":" ","GrowthArea":"Y","LotArea":0,"ZONELABEL":"A-2","Shape_Length":71.755356683356581,"Shape_Area":0.35896328139857658}},{"type":"Feature","id":20728,"geometry":{"type":"Polygon","coordinates":[[[-106.52975860122186,31.843659246659598],[-106.52975866568603,31.843659245397689],[-106.52975873640177,31.84364788723558],[-106.52975867193759,31.843647888497433],[-106.52975860122186,31.843659246659598]]]},"properties":{"OBJECTID":20728,"Join_Count":1,"TARGET_FID":44260,"PlaceType":"Urban Neighborhood","SB840":"Y","TRACTCE":" ","BLKGRPCE":" ","GEOID":" ","INTPTLAT":" ","INTPTLON":" ","GrowthArea":"Y","LotArea":0,"ZONELABEL":"A-2","Shape_Length":8.3040979668276034,"Shape_Area":0.082705986597546466}},{"type":"Feature","id":20729,"geometry":{"type":"Polygon","coordinates":[[[-106.52975860122186,31.843659246659598],[-106.52975804425867,31.843757843384967],[-106.52975866568603,31.843659245397689],[-106.52975860122186,31.843659246659598]]]},"properties":{"OBJECTID":20729,"Join_Count":1,"TARGET_FID":44261,"PlaceType":"Urban Neighborhood","SB840":"Y","TRACTCE":" ","BLKGRPCE":" ","GEOID":" ","INTPTLAT":" ","INTPTLON":" ","GrowthArea":"Y","LotArea":0,"ZONELABEL":"A-2","Shape_Length":71.758096073873901,"Shape_Area":0.3589767198896916}},{"type":"Feature","id":20730,"geometry":{"type":"Polygon","coordinates":[[[-106.57898826291462,31.8440513101325],[-106.57858080238329,31.844166407559133],[-106.57897658980501,31.844054710973342],[-106.57898826291462,31.8440513101325]]]},"properties":{"OBJECTID":20730,"Join_Count":3,"TARGET_FID":44263,"PlaceType":"Neighborhood Center","SB840":"Y","TRACTCE":"001204","BLKGRPCE":"2","GEOID":"481410012042","INTPTLAT":"+31.8458468","INTPTLON":"-106.5767853","GrowthArea":"Y","LotArea":2,"ZONELABEL":"C-4","Shape_Length":266.55871745777819,"Shape_Area":2.3810970326070588}},{"type":"Feature","id":20731,"geometry":{"type":"Polygon","coordinates":[[[-106.58018266705919,31.842880440936103],[-106.5804822572908,31.843629279517916],[-106.58052811486969,31.843616325361342],[-106.58052340741447,31.843604022825001],[-106.58022865560517,31.842867279150258],[-106.58018266705919,31.842880440936103]]]},"properties":{"OBJECTID":20731,"Join_Count":3,"TARGET_FID":44264,"PlaceType":"Neighborhood Center","SB840":"Y","TRACTCE":"001204","BLKGRPCE":"2","GEOID":"481410012042","INTPTLAT":"+31.8458468","INTPTLON":"-106.5767853","GrowthArea":"Y","LotArea":4336,"ZONELABEL":"C-4","Shape_Length":605.85520334906448,"Shape_Area":4336.2526797544588}},{"type":"Feature","id":20738,"geometry":{"type":"Polygon","coordinates":[[[-106.55289781659874,31.815092054604317],[-106.55303080909775,31.815794714718805],[-106.55303744034038,31.815829745623432],[-106.5530388051597,31.815836962591622],[-106.55339723208068,31.815586052148539],[-106.55289781659874,31.815092054604317]]]},"properties":{"OBJECTID":20738,"Join_Count":1,"TARGET_FID":44278,"PlaceType":"Urban Center","SB840":"Y","TRACTCE":"001204","BLKGRPCE":"1","GEOID":"481410012041","INTPTLAT":"+31.8236933","INTPTLON":"-106.5623813","GrowthArea":"Y","LotArea":17084,"ZONELABEL":"C-3","Shape_Length":655.87885755843013,"Shape_Area":17084.253392888048}},{"type":"Feature","id":20745,"geometry":{"type":"Polygon","coordinates":[[[-106.52610782219764,31.828519946545885],[-106.52634566271502,31.828739663693483],[-106.52627530451184,31.828674299617543],[-106.52610788933575,31.82851988915618],[-106.52610782219764,31.828519946545885]]]},"properties":{"OBJECTID":20745,"Join_Count":1,"TARGET_FID":44290,"PlaceType":"Neighborhood Center","SB840":"Y","TRACTCE":" ","BLKGRPCE":" ","GEOID":" ","INTPTLAT":" ","INTPTLON":" ","GrowthArea":"Y","LotArea":6,"ZONELABEL":"C-1","Shape_Length":217.70595212449189,"Shape_Area":6.0636380918468431}},{"type":"Feature","id":20751,"geometry":{"type":"Polygon","coordinates":[[[-106.58474762983742,31.919191534566778],[-106.58475520331429,31.919960993175359],[-106.58476752390622,31.91996030175498],[-106.58480744227286,31.919958063946272],[-106.58481576192028,31.919957597913946],[-106.58485575623428,31.919955355542974],[-106.58509166418868,31.919942130096935],[-106.58508418936024,31.919182974518655],[-106.58480821520327,31.919190832392573],[-106.58475994941813,31.919190732994188],[-106.58474762983742,31.919191534566778]]]},"properties":{"OBJECTID":20751,"Join_Count":2,"TARGET_FID":44296,"PlaceType":"Regional Corridor","SB840":"Y","TRACTCE":" ","BLKGRPCE":" ","GEOID":" ","INTPTLAT":" ","INTPTLON":" ","GrowthArea":"Y","LotArea":29031,"ZONELABEL":"C-3","Shape_Length":765.2449478975534,"Shape_Area":29031.238670714465}},{"type":"Feature","id":20767,"geometry":{"type":"Polygon","coordinates":[[[-106.55571793213312,31.884434948450817],[-106.55595090473021,31.884701118818203],[-106.55625136908208,31.885044396333711],[-106.55626184886776,31.885054517818752],[-106.5562741251199,31.885063042330323],[-106.55628786845588,31.885069741728639],[-106.55630271023509,31.885074434912266],[-106.55631825059652,31.885076997369922],[-106.5563340731146,31.885077358673588],[-106.55634975277781,31.885075511129969],[-106.55636486712422,31.88507150202231],[-106.5568048353671,31.884920081355016],[-106.55693178638847,31.884878676217028],[-106.55686319439039,31.884748617978342],[-106.55669560144419,31.884430843984561],[-106.55667418733618,31.88439024006097],[-106.55656642623509,31.884425386208271],[-106.55571793213312,31.884434948450817]]]},"properties":{"OBJECTID":20767,"Join_Count":2,"TARGET_FID":44323,"PlaceType":"Neighborhood Center","SB840":"Y","TRACTCE":"010213","BLKGRPCE":"3","GEOID":"481410102133","INTPTLAT":"+31.8904603","INTPTLON":"-106.5326281","GrowthArea":"Y","LotArea":56000,"ZONELABEL":"C-3","Shape_Length":999.53198489255385,"Shape_Area":56000.099037702385}},{"type":"Feature","id":20774,"geometry":{"type":"Polygon","coordinates":[[[-106.58662731976133,31.911190626040586],[-106.58700777263108,31.911191800696169],[-106.58700896137181,31.910911427963342],[-106.58662870872847,31.91091025368981],[-106.58662731976133,31.911190626040586]]]},"properties":{"OBJECTID":20774,"Join_Count":1,"TARGET_FID":44340,"PlaceType":"Regional Corridor","SB840":"Y","TRACTCE":" ","BLKGRPCE":" ","GEOID":" ","INTPTLAT":" ","INTPTLON":" ","GrowthArea":"Y","LotArea":12039,"ZONELABEL":"C-4","Shape_Length":440.06167730166123,"Shape_Area":12039.143856781475}},{"type":"Feature","id":20775,"geometry":{"type":"Polygon","coordinates":[[[-106.58415347952426,31.925583638046316],[-106.58482123083925,31.925576247744058],[-106.58482408118851,31.924319358474229],[-106.5848271682715,31.922959962017618],[-106.58330398830957,31.922972429733218],[-106.5832972568511,31.924786676990966],[-106.58330085811778,31.924988360821271],[-106.58415485643886,31.924978914388728],[-106.58415347952426,31.925583638046316]]]},"properties":{"OBJECTID":20775,"Join_Count":1,"TARGET_FID":44345,"PlaceType":"Regional Corridor","SB840":"Y","TRACTCE":" ","BLKGRPCE":" ","GEOID":" ","INTPTLAT":" ","INTPTLON":" ","GrowthArea":"Y","LotArea":392086,"ZONELABEL":"C-3","Shape_Length":2850.0436267213445,"Shape_Area":392086.19948971417}},{"type":"Feature","id":20776,"geometry":{"type":"Polygon","coordinates":[[[-106.58332535656794,31.928672177198397],[-106.58338981088239,31.928672925272739],[-106.5833922246248,31.928521758052373],[-106.58501236670624,31.928531314356537],[-106.58548458941306,31.928534095805695],[-106.58548639740496,31.92846217481523],[-106.58505870994723,31.928462188350654],[-106.58505885314324,31.928366679508091],[-106.58339609332097,31.928356872098259],[-106.58338774069519,31.927150945452734],[-106.58337880628576,31.92586092227657],[-106.58334510035237,31.925921073918737],[-106.58331795589795,31.925983593453381],[-106.58333510618203,31.927150634879215],[-106.58334076209165,31.927967348898555],[-106.58332535656794,31.928672177198397]]]},"properties":{"OBJECTID":20776,"Join_Count":1,"TARGET_FID":44349,"PlaceType":"Regional Corridor","SB840":"Y","TRACTCE":" ","BLKGRPCE":" ","GEOID":" ","INTPTLAT":" ","INTPTLON":" ","GrowthArea":"Y","LotArea":52061,"ZONELABEL":"C-3","Shape_Length":3368.4526701774143,"Shape_Area":52060.932197911286}},{"type":"Feature","id":20777,"geometry":{"type":"Polygon","coordinates":[[[-106.58329901609824,31.931628451860217],[-106.58438242883845,31.931603697214406],[-106.58475190184909,31.931346379399567],[-106.5850205292389,31.931140032900498],[-106.58566209196873,31.930647210192152],[-106.58587145766025,31.930384147033376],[-106.58588848649093,31.929974265445676],[-106.58582285696555,31.9298891793153],[-106.58576195049348,31.929801576796446],[-106.58570589926124,31.929711647556584],[-106.58570180399039,31.929813544982164],[-106.58569228276572,31.930039263108764],[-106.58568017004892,31.93035535059316],[-106.58552574472071,31.93054938156935],[-106.58501986905908,31.930928917595921],[-106.58432825116354,31.931447800379431],[-106.58329967236484,31.931471302057158],[-106.58329901609824,31.931628451860217]]]},"properties":{"OBJECTID":20777,"Join_Count":2,"TARGET_FID":44354,"PlaceType":"Regional Corridor","SB840":"Y","TRACTCE":" ","BLKGRPCE":" ","GEOID":" ","INTPTLAT":" ","INTPTLON":" ","GrowthArea":"Y","LotArea":64678,"ZONELABEL":"I-MU","Shape_Length":2431.1950399150301,"Shape_Area":64678.258879174929}},{"type":"Feature","id":20974,"geometry":{"type":"Polygon","coordinates":[[[-106.52441232515622,31.835028025981597],[-106.52439128238977,31.835174390178246],[-106.52434440348533,31.835412655386101],[-106.52445605967849,31.835427108977356],[-106.52453365529206,31.835437153256848],[-106.52493101097171,31.835488588104813],[-106.52566405903129,31.835583472689716],[-106.52569386899523,31.835585619745139],[-106.52574048772816,31.835328425041684],[-106.52584681832005,31.834713126926193],[-106.525903771608,31.834305844209091],[-106.52590402244721,31.834295406907103],[-106.52590229614113,31.834285071793861],[-106.52589863792356,31.834275110403667],[-106.52589314207287,31.834265783808267],[-106.52588595478247,31.83425733796383],[-106.52587726396231,31.834249993357485],[-106.52586729806688,31.834243943256187],[-106.52585631824148,31.834239346854663],[-106.52584461380931,31.834236324973656],[-106.52583249037536,31.83423495610969],[-106.52512672449504,31.834240663192272],[-106.52468021282476,31.834236980147704],[-106.52454485959446,31.834242086622016],[-106.52449128280135,31.834604552805438],[-106.52441232515622,31.835028025981597]]]},"properties":{"OBJECTID":20974,"Join_Count":3,"TARGET_FID":44738,"PlaceType":"Urban Neighborhood","SB840":"Y","TRACTCE":"001110","BLKGRPCE":"1","GEOID":"481410011101","INTPTLAT":"+31.8388269","INTPTLON":"-106.5196237","GrowthArea":"Y","LotArea":195911,"ZONELABEL":"A-2","Shape_Length":1762.3373600960833,"Shape_Area":195910.88994396667}},{"type":"Feature","id":20975,"geometry":{"type":"Polygon","coordinates":[[[-106.57636387233185,31.841574630860261],[-106.57669643893159,31.841572326068352],[-106.57669820798689,31.841437692939724],[-106.57701529199952,31.84143496283335],[-106.57702099117465,31.841314776040569],[-106.57702152196561,31.841303596935322],[-106.57670229821404,31.841238954122893],[-106.57636587727175,31.841172707291985],[-106.57636450098879,31.841315871975599],[-106.57636387233185,31.841574630860261]]]},"properties":{"OBJECTID":20975,"Join_Count":3,"TARGET_FID":44740,"PlaceType":"Neighborhood Center","SB840":"Y","TRACTCE":"001204","BLKGRPCE":"2","GEOID":"481410012042","INTPTLAT":"+31.8458468","INTPTLON":"-106.5767853","GrowthArea":"Y","LotArea":19861,"ZONELABEL":"C-3","Shape_Length":653.88286277494456,"Shape_Area":19861.366300337544}},{"type":"Feature","id":20982,"geometry":{"type":"Polygon","coordinates":[[[-106.58309085609794,31.853021527062474],[-106.58319396168045,31.853284967350586],[-106.58326951049409,31.853263711450705],[-106.58317130341078,31.852998680247264],[-106.58309085609794,31.853021527062474]]]},"properties":{"OBJECTID":20982,"Join_Count":2,"TARGET_FID":44753,"PlaceType":"Regional Corridor","SB840":"Y","TRACTCE":" ","BLKGRPCE":" ","GEOID":" ","INTPTLAT":" ","INTPTLON":" ","GrowthArea":"Y","LotArea":2579,"ZONELABEL":"C-4","Shape_Length":253.19180981484584,"Shape_Area":2578.8006940519053}},{"type":"Feature","id":20983,"geometry":{"type":"Polygon","coordinates":[[[-106.58212707566351,31.853946352897058],[-106.58232131905109,31.854466986549657],[-106.58239555159837,31.854445942535239],[-106.58222225741898,31.853982505890329],[-106.58249919642488,31.853903635814106],[-106.58236857161073,31.853560638679184],[-106.58232049977944,31.85357487826192],[-106.58237296680315,31.853708063239111],[-106.58243147563547,31.853856586633729],[-106.58212707566351,31.853946352897058]]]},"properties":{"OBJECTID":20983,"Join_Count":4,"TARGET_FID":44754,"PlaceType":"Regional Corridor","SB840":"Y","TRACTCE":" ","BLKGRPCE":" ","GEOID":" ","INTPTLAT":" ","INTPTLON":" ","GrowthArea":"Y","LotArea":8512,"ZONELABEL":"C-2","Shape_Length":845.80931228302279,"Shape_Area":8511.7306026081278}},{"type":"Feature","id":20984,"geometry":{"type":"Polygon","coordinates":[[[-106.58312253247449,31.857180540576135],[-106.58315353358107,31.857225570087184],[-106.58405529995152,31.856973847361569],[-106.58399674464981,31.856938252278969],[-106.58312253247449,31.857180540576135]]]},"properties":{"OBJECTID":20984,"Join_Count":2,"TARGET_FID":44755,"PlaceType":"Regional Corridor","SB840":"Y","TRACTCE":"001204","BLKGRPCE":"3","GEOID":"481410012043","INTPTLAT":"+31.8598461","INTPTLON":"-106.5813512","GrowthArea":"Y","LotArea":5293,"ZONELABEL":"M-2","Shape_Length":621.29880122614986,"Shape_Area":5292.7642948247048}},{"type":"Feature","id":20985,"geometry":{"type":"Polygon","coordinates":[[[-106.56071158996272,31.860306535918113],[-106.56103419923124,31.86029658683297],[-106.56115736548655,31.860091986358775],[-106.56116164766708,31.859633857826456],[-106.56099837662667,31.859620892219418],[-106.56081362873796,31.85961137436583],[-106.56069526135076,31.859607877526397],[-106.56071158996272,31.860306535918113]]]},"properties":{"OBJECTID":20985,"Join_Count":1,"TARGET_FID":44756,"PlaceType":"Neighborhood Center","SB840":"Y","TRACTCE":"010225","BLKGRPCE":"2","GEOID":"481410102252","INTPTLAT":"+31.8653556","INTPTLON":"-106.5664762","GrowthArea":"Y","LotArea":33648,"ZONELABEL":"C-3","Shape_Length":749.94691982293352,"Shape_Area":33647.70546028133}},{"type":"Feature","id":20986,"geometry":{"type":"Polygon","coordinates":[[[-106.59213116898211,31.859745895756085],[-106.59214329406728,31.859744990435065],[-106.59215510747802,31.859742489554804],[-106.5921663232911,31.859738454733332],[-106.59217666950596,31.859732982147179],[-106.59218589461246,31.859726205828935],[-106.59219800744116,31.859708564298451],[-106.5922065415624,31.859689457157977],[-106.59221126070713,31.859669409729701],[-106.59221203507293,31.859648972928969],[-106.59220884552892,31.859628706803242],[-106.59188381553145,31.859624418949281],[-106.59188183024604,31.859742606804886],[-106.59213116898211,31.859745895756085]]]},"properties":{"OBJECTID":20986,"Join_Count":1,"TARGET_FID":44757,"PlaceType":"Neighborhood Center","SB840":"Y","TRACTCE":" ","BLKGRPCE":" ","GEOID":" ","INTPTLAT":" ","INTPTLON":" ","GrowthArea":"Y","LotArea":4221,"ZONELABEL":"A-2","Shape_Length":277.44366806036362,"Shape_Area":4220.8151951551026}},{"type":"Feature","id":20987,"geometry":{"type":"Polygon","coordinates":[[[-106.55809567411293,31.86313572271478],[-106.55810014269713,31.863137546840743],[-106.55874330668468,31.863106747461767],[-106.55872288021408,31.862810771322824],[-106.55809268782868,31.862813340663767],[-106.55809262649612,31.862827805673454],[-106.55809250120186,31.862856969762309],[-106.55809212415119,31.86294523436873],[-106.55809567411293,31.86313572271478]]]},"properties":{"OBJECTID":20987,"Join_Count":2,"TARGET_FID":44759,"PlaceType":"Neighborhood Center","SB840":"Y","TRACTCE":"010225","BLKGRPCE":"2","GEOID":"481410102252","INTPTLAT":"+31.8653556","INTPTLON":"-106.5664762","GrowthArea":"Y","LotArea":22439,"ZONELABEL":"C-1","Shape_Length":622.34818864785393,"Shape_Area":22438.951599750275}},{"type":"Feature","id":20988,"geometry":{"type":"Polygon","coordinates":[[[-106.57818234744153,31.860790369876852],[-106.5781822851668,31.860166584394555],[-106.5781822849402,31.860166516660239],[-106.57688070717033,31.860213896426913],[-106.5770610500833,31.86088222912565],[-106.5773937072871,31.862114999760607],[-106.577440429803,31.86228813946914],[-106.57744542473841,31.862306649065914],[-106.57818265729586,31.862279812253227],[-106.57818249371,31.862261126059934],[-106.57818289407459,31.862078457886604],[-106.57818409578901,31.861907397104318],[-106.5781861481226,31.861731718651541],[-106.57818459869898,31.861554286259612],[-106.57818240471568,31.861362098262564],[-106.57818230623541,31.861353482190648],[-106.57818204018531,31.861165547336221],[-106.5781823804636,31.861119409215434],[-106.57818234744153,31.860790369876852]]]},"properties":{"OBJECTID":20988,"Join_Count":5,"TARGET_FID":44760,"PlaceType":"Regional Corridor","SB840":"Y","TRACTCE":"001204","BLKGRPCE":"3","GEOID":"481410012043","INTPTLAT":"+31.8598461","INTPTLON":"-106.5813512","GrowthArea":"Y","LotArea":243466,"ZONELABEL":"R-4","Shape_Length":2183.6496340219387,"Shape_Area":243465.91732307291}},{"type":"Feature","id":20990,"geometry":{"type":"Polygon","coordinates":[[[-106.55810222753644,31.863487474362206],[-106.55876939533815,31.863484755095399],[-106.55874330668468,31.863106747461767],[-106.55810014269713,31.863137546840743],[-106.55809567411293,31.86313572271478],[-106.55810222753644,31.863487474362206]]]},"properties":{"OBJECTID":20990,"Join_Count":3,"TARGET_FID":44762,"PlaceType":"Neighborhood Center","SB840":"Y","TRACTCE":"010225","BLKGRPCE":"2","GEOID":"481410102252","INTPTLAT":"+31.8653556","INTPTLON":"-106.5664762","GrowthArea":"Y","LotArea":27048,"ZONELABEL":"C-1","Shape_Length":674.41240246468283,"Shape_Area":27048.146685465854}},{"type":"Feature","id":20997,"geometry":{"type":"Polygon","coordinates":[[[-106.58731839646047,31.863562553391059],[-106.58731626149915,31.864397895056758],[-106.58819343739187,31.864243078741755],[-106.58830888077453,31.8642227031944],[-106.5884800709614,31.86419248746548],[-106.58847484965038,31.864178587631912],[-106.58847653765721,31.8641782003318],[-106.58823669383484,31.863554395620142],[-106.5882366497008,31.863554400450081],[-106.58775863068152,31.863558644981204],[-106.58731839646047,31.863562553391059]]]},"properties":{"OBJECTID":20997,"Join_Count":2,"TARGET_FID":44769,"PlaceType":"Neighborhood Center","SB840":"Y","TRACTCE":"010227","BLKGRPCE":"2","GEOID":"481410102272","INTPTLAT":"+31.8713773","INTPTLON":"-106.5843813","GrowthArea":"Y","LotArea":88148,"ZONELABEL":"C-4","Shape_Length":1202.6795845301308,"Shape_Area":88148.172572419251}},{"type":"Feature","id":20998,"geometry":{"type":"Polygon","coordinates":[[[-106.5872981722102,31.864158702294763],[-106.58729812837271,31.864158711626523],[-106.58725102524654,31.864168790006339],[-106.58696264212107,31.864230494234203],[-106.5872312860663,31.864820998641228],[-106.58731744838029,31.865112903860549],[-106.58731472773465,31.864997963184717],[-106.5873161431327,31.864444121148484],[-106.58731626149915,31.864397895056758],[-106.58731688316408,31.864154698152049],[-106.5872981722102,31.864158702294763]]]},"properties":{"OBJECTID":20998,"Join_Count":2,"TARGET_FID":44770,"PlaceType":"Neighborhood Center","SB840":"Y","TRACTCE":"010227","BLKGRPCE":"2","GEOID":"481410102272","INTPTLAT":"+31.8713773","INTPTLON":"-106.5843813","GrowthArea":"Y","LotArea":17473,"ZONELABEL":"R-3","Shape_Length":801.93576250781632,"Shape_Area":17472.635950889264}},{"type":"Feature","id":20999,"geometry":{"type":"Polygon","coordinates":[[[-106.58819343739187,31.864243078741755],[-106.58731626149915,31.864397895056758],[-106.5873161431327,31.864444121148484],[-106.58731472773465,31.864997963184717],[-106.58731744838029,31.865112903860549],[-106.58731126378191,31.865774360186339],[-106.58731091814064,31.866488342900492],[-106.58800033485841,31.866489624588226],[-106.58879615258597,31.866278877794461],[-106.58882017053496,31.866272157089401],[-106.58919071253089,31.866173866635989],[-106.58844865462403,31.864198540143111],[-106.58844734617729,31.864198263369481],[-106.58819343739187,31.864243078741755]]]},"properties":{"OBJECTID":20999,"Join_Count":2,"TARGET_FID":44771,"PlaceType":"Neighborhood Center","SB840":"Y","TRACTCE":"010227","BLKGRPCE":"2","GEOID":"481410102272","INTPTLAT":"+31.8713773","INTPTLON":"-106.5843813","GrowthArea":"Y","LotArea":368905,"ZONELABEL":"R-3","Shape_Length":2475.2062245579141,"Shape_Area":368905.44308898301}},{"type":"Feature","id":21000,"geometry":{"type":"Polygon","coordinates":[[[-106.54768213347225,31.880506574507343],[-106.54723326123647,31.880614028618609],[-106.5472218729396,31.880616754237451],[-106.54721839507435,31.880617586774207],[-106.54709426230367,31.880647302829626],[-106.54717225219734,31.8807909094545],[-106.54725352032064,31.880940551378089],[-106.54730415722234,31.881033791880263],[-106.54781936845797,31.880894113736471],[-106.54783782946195,31.880889972998027],[-106.54769592396543,31.880503272661915],[-106.54768213347225,31.880506574507343]]]},"properties":{"OBJECTID":21000,"Join_Count":2,"TARGET_FID":44777,"PlaceType":"Neighborhood Center","SB840":"Y","TRACTCE":"010213","BLKGRPCE":"3","GEOID":"481410102133","INTPTLAT":"+31.8904603","INTPTLON":"-106.5326281","GrowthArea":"Y","LotArea":27617,"ZONELABEL":"R-3A","Shape_Length":670.09001714054955,"Shape_Area":27616.522205973757}},{"type":"Feature","id":21001,"geometry":{"type":"Polygon","coordinates":[[[-106.54735966262434,31.881135997831869],[-106.54741605639892,31.881239836896047],[-106.54749385722403,31.881383095577512],[-106.54752702901965,31.881444173732664],[-106.54760065696048,31.881512772163635],[-106.54772881018994,31.881632170568668],[-106.54785935623829,31.881753799506672],[-106.54798990361749,31.881875427356835],[-106.54812045027596,31.88199705512034],[-106.54825099832425,31.8821186826965],[-106.548353354189,31.882214044160026],[-106.54846451415763,31.88209793359032],[-106.54858166611615,31.881986194093869],[-106.5487045728333,31.88187905014291],[-106.54883298699372,31.88177671765887],[-106.54896665108051,31.881679402211354],[-106.54897880377011,31.881671073248995],[-106.54898911687806,31.881661100556382],[-106.54899728766296,31.881649774976434],[-106.54900307947447,31.881637426650492],[-106.54900632233631,31.881624417764257],[-106.54900692044382,31.881611127738072],[-106.54900485796436,31.881597944820928],[-106.54900019398977,31.881585253685689],[-106.54889228180959,31.881463055038822],[-106.54879087467565,31.881336865122581],[-106.54869617330807,31.881206936313422],[-106.54860836728744,31.881073528744839],[-106.54852763276743,31.88093690770679],[-106.54845413054157,31.880797346447082],[-106.54843422400781,31.88075452957559],[-106.54790616532628,31.880987836092636],[-106.54735966262434,31.881135997831869]]]},"properties":{"OBJECTID":21001,"Join_Count":2,"TARGET_FID":44778,"PlaceType":"Neighborhood Center","SB840":"Y","TRACTCE":"010213","BLKGRPCE":"3","GEOID":"481410102133","INTPTLAT":"+31.8904603","INTPTLON":"-106.5326281","GrowthArea":"Y","LotArea":139789,"ZONELABEL":"R-3A","Shape_Length":1528.0903045537675,"Shape_Area":139789.09507612232}},{"type":"Feature","id":21002,"geometry":{"type":"Polygon","coordinates":[[[-106.59962000614023,31.880207881471581],[-106.59983342730538,31.880207410859562],[-106.59983363672106,31.880210291250851],[-106.60031011846974,31.879571800415196],[-106.60071183197223,31.879185436464113],[-106.6008922274391,31.878876706630304],[-106.60085694246463,31.878870114559671],[-106.60049784416458,31.878869985790235],[-106.60002079908136,31.878884388323243],[-106.59985383887985,31.878887541140905],[-106.59942735124696,31.878887336212362],[-106.59934956425796,31.878892494407847],[-106.598918031653,31.878899355670754],[-106.59883624835103,31.878676302825784],[-106.59846070829232,31.878648984303101],[-106.59847913752057,31.880015052010616],[-106.59830164431686,31.880144033744475],[-106.59849487258289,31.880139924627148],[-106.59849952133121,31.880210344880947],[-106.59962000614023,31.880207881471581]]]},"properties":{"OBJECTID":21002,"Join_Count":2,"TARGET_FID":44779,"PlaceType":"Innovation, Light Manufacturing and Logistics","SB840":"Y","TRACTCE":"010218","BLKGRPCE":"3","GEOID":"481410102183","INTPTLAT":"+31.8808783","INTPTLON":"-106.6029658","GrowthArea":"Y","LotArea":294741,"ZONELABEL":"R-2","Shape_Length":2474.2425191562525,"Shape_Area":294741.45661945263}},{"type":"Feature","id":21004,"geometry":{"type":"Polygon","coordinates":[[[-106.59600283250755,31.884323798931081],[-106.59623613848768,31.88432358703059],[-106.59619552061498,31.884204886247161],[-106.59595172345566,31.884196500340909],[-106.59600283250755,31.884323798931081]]]},"properties":{"OBJECTID":21004,"Join_Count":1,"TARGET_FID":44788,"PlaceType":"Regional Corridor","SB840":"Y","TRACTCE":"010228","BLKGRPCE":"1","GEOID":"481410102281","INTPTLAT":"+31.8854838","INTPTLON":"-106.5915725","GrowthArea":"Y","LotArea":3292,"ZONELABEL":"C-3","Shape_Length":242.09487988213095,"Shape_Area":3292.2131611859827}},{"type":"Feature","id":21005,"geometry":{"type":"Polygon","coordinates":[[[-106.55703248905323,31.885943615207939],[-106.55712263101705,31.886053021352456],[-106.55720787998274,31.886165246362541],[-106.55728811437433,31.886280131665362],[-106.55730488368282,31.886269303323083],[-106.55754049869226,31.886117146543686],[-106.55754953122407,31.886111313447064],[-106.55757396764568,31.885760471445082],[-106.55759038888546,31.885524703496195],[-106.55761199838875,31.885044044083809],[-106.55747463121078,31.885067300074098],[-106.55733851869307,31.885095414153774],[-106.55715905463752,31.885142719950416],[-106.55698148492721,31.885194970585022],[-106.55680599536454,31.885252110216292],[-106.55663277151712,31.885314079402182],[-106.5566184611949,31.885320226048631],[-106.5566055398253,31.88532830882939],[-106.55659436534344,31.885338103797416],[-106.55658524406738,31.885349342503279],[-106.55657842870563,31.88536171389671],[-106.55657410652094,31.88537487753754],[-106.55657239757394,31.885388469099151],[-106.55657334828174,31.885402115128198],[-106.55657693282738,31.885415438396709],[-106.55658305199486,31.885428072409894],[-106.55659153780383,31.885439667507082],[-106.55703248905323,31.885943615207939]],[[-106.55755608402509,31.885554550530426],[-106.55754175186799,31.885760347255278],[-106.55741288676566,31.885759852318181],[-106.5574272202574,31.885554055557041],[-106.55755608402509,31.885554550530426]]]},"properties":{"OBJECTID":21005,"Join_Count":1,"TARGET_FID":44789,"PlaceType":"Neighborhood Center","SB840":"Y","TRACTCE":"010213","BLKGRPCE":"3","GEOID":"481410102133","INTPTLAT":"+31.8904603","INTPTLON":"-106.5326281","GrowthArea":"Y","LotArea":83874,"ZONELABEL":"C-3","Shape_Length":1470.1426375447722,"Shape_Area":83873.782481203874}},{"type":"Feature","id":21006,"geometry":{"type":"Polygon","coordinates":[[[-106.59870949240859,31.884530466154352],[-106.59920289359331,31.882236258325172],[-106.59910168509479,31.882212818281722],[-106.59894577193327,31.882176705031743],[-106.59894570748762,31.882176690970134],[-106.5960795228188,31.882227354817918],[-106.59693505589861,31.884592888998412],[-106.59743486628898,31.885842706922286],[-106.59822627488015,31.885838706957028],[-106.59824077344945,31.885618975068986],[-106.59840076877525,31.88559361435739],[-106.59848366586199,31.885580474692109],[-106.59869147551723,31.884614237644438],[-106.59862885412198,31.884616993643089],[-106.59844445857742,31.884625109953028],[-106.598439965545,31.884550544455312],[-106.59864314734304,31.884535409265915],[-106.59870949240859,31.884530466154352]]]},"properties":{"OBJECTID":21006,"Join_Count":1,"TARGET_FID":44796,"PlaceType":"Innovation, Light Manufacturing and Logistics","SB840":" ","TRACTCE":"010218","BLKGRPCE":"3","GEOID":"481410102183","INTPTLAT":"+31.8808783","INTPTLON":"-106.6029658","GrowthArea":"Y","LotArea":847243,"ZONELABEL":"M-1","Shape_Length":4149.9020656135554,"Shape_Area":847243.14083909197}},{"type":"Feature","id":21007,"geometry":{"type":"Polygon","coordinates":[[[-106.59840076877525,31.88559361435739],[-106.59824077344945,31.885618975068986],[-106.59822627488015,31.885838706957028],[-106.59835920761452,31.88584291047264],[-106.59842792155301,31.885839661942949],[-106.59848366586199,31.885580474692109],[-106.59840076877525,31.88559361435739]]]},"properties":{"OBJECTID":21007,"Join_Count":1,"TARGET_FID":44797,"PlaceType":"Innovation, Light Manufacturing and Logistics","SB840":" ","TRACTCE":"010218","BLKGRPCE":"3","GEOID":"481410102183","INTPTLAT":"+31.8808783","INTPTLON":"-106.6029658","GrowthArea":"Y","LotArea":5976,"ZONELABEL":"M-1","Shape_Length":315.26541197707166,"Shape_Area":5976.4660075281499}},{"type":"Feature","id":21008,"geometry":{"type":"Polygon","coordinates":[[[-106.57501767444869,31.889360525337722],[-106.57503044003703,31.889407741003641],[-106.57723092757831,31.889136184442656],[-106.57724633693418,31.889133167705896],[-106.5772609641045,31.889128047744922],[-106.57727441694138,31.889120962589498],[-106.57728633622671,31.889112100176654],[-106.57729640311901,31.889101698896646],[-106.57730434688479,31.889090036383418],[-106.57730995626981,31.889077425356316],[-106.57731308195356,31.88906420266305],[-106.57731363818547,31.889050721975561],[-106.57696556466723,31.888177864875608],[-106.57653350368005,31.886967200267378],[-106.57646666605281,31.886746169435401],[-106.57640567213588,31.886523911831972],[-106.57635055257761,31.886300539804548],[-106.57630133597416,31.886076166701415],[-106.57626706308439,31.885891358062636],[-106.57622860797908,31.885707149116463],[-106.57622476959931,31.88570869612148],[-106.57621930668968,31.885676357578227],[-106.57621928730289,31.88567638470197],[-106.57417546938639,31.88651791862242],[-106.5744711757054,31.887553268415299],[-106.57452601128128,31.887541856546534],[-106.57476900950978,31.888440720072722],[-106.57501767444869,31.889360525337722]],[[-106.57624317505235,31.888165348296585],[-106.57648911387231,31.889045024009445],[-106.57514367247154,31.889333522542881],[-106.57512556780718,31.889266557426691],[-106.57537067759044,31.889214026842193],[-106.5751457592014,31.888390925702854],[-106.5749261616965,31.88758727273035],[-106.57484875688321,31.887603464272178],[-106.57480932726772,31.887469181502532],[-106.57489195947917,31.887451604976803],[-106.57467641307858,31.886713511747551],[-106.57452667489265,31.886744049161123],[-106.57450842221157,31.886673502381647],[-106.57467212488483,31.886637786726318],[-106.57467985826551,31.886668728449447],[-106.57576004178647,31.886437221665744],[-106.57624317505235,31.888165348296585]]]},"properties":{"OBJECTID":21008,"Join_Count":2,"TARGET_FID":44813,"PlaceType":"Regional Corridor","SB840":"Y","TRACTCE":"010226","BLKGRPCE":"2","GEOID":"481410102262","INTPTLAT":"+31.8961515","INTPTLON":"-106.5703717","GrowthArea":"Y","LotArea":466239,"ZONELABEL":"C-4","Shape_Length":6796.8725765251111,"Shape_Area":466239.23152653856}},{"type":"Feature","id":21014,"geometry":{"type":"Polygon","coordinates":[[[-106.59448904641361,31.891894271558776],[-106.59749689752311,31.891856770647291],[-106.59747683685907,31.891651554203087],[-106.59745522035726,31.89145493217206],[-106.59722767418626,31.889540102317216],[-106.59721981003487,31.889521815431955],[-106.59720855556708,31.889504868553789],[-106.59719420965389,31.889489715200366],[-106.59717715906893,31.889476761304891],[-106.59715785983386,31.889466355274163],[-106.59713682999397,31.889458774787261],[-106.59711463138044,31.889454223156346],[-106.59669657926605,31.889462082093303],[-106.5967123172188,31.889748435660088],[-106.59608693891573,31.890097057488344],[-106.59607136085314,31.889488289069838],[-106.59448940230999,31.889518008694722],[-106.5944889782191,31.891890385380851],[-106.59448904641361,31.891894271558776]]]},"properties":{"OBJECTID":21014,"Join_Count":2,"TARGET_FID":44856,"PlaceType":"Regional Corridor","SB840":" ","TRACTCE":"010228","BLKGRPCE":"3","GEOID":"481410102283","INTPTLAT":"+31.8965749","INTPTLON":"-106.5881052","GrowthArea":"Y","LotArea":742510,"ZONELABEL":"R-3","Shape_Length":3873.3004051155685,"Shape_Area":742510.35732668231}},{"type":"Feature","id":21016,"geometry":{"type":"Polygon","coordinates":[[[-106.59714282567072,31.898644059742043],[-106.59721735336676,31.898644003080463],[-106.5972026224446,31.897954158716779],[-106.59721237317608,31.897872120629973],[-106.59720072242126,31.897163608309576],[-106.59694861530571,31.897164692898425],[-106.5967979733224,31.897165339327646],[-106.59663687479365,31.897166032236228],[-106.59647577514764,31.897166724096174],[-106.59631467766962,31.897167416555867],[-106.59630807169268,31.897167444239027],[-106.59615357696347,31.89716810806847],[-106.5959924794213,31.897168799229764],[-106.59598313521798,31.897168839319193],[-106.59583138082129,31.897169490242767],[-106.59571850311075,31.897169974542681],[-106.59571271113158,31.89716999919095],[-106.59567028122306,31.897170182007908],[-106.59549231148456,31.897170943045111],[-106.59534808711815,31.897171561986095],[-106.5951198940915,31.897172541152575],[-106.5950973685988,31.897172635852382],[-106.59502651336575,31.897278817067143],[-106.59491787081888,31.897441624689037],[-106.59463115563244,31.89787128714034],[-106.59457582907282,31.897954199645479],[-106.59435606934517,31.898283517768348],[-106.59429121187921,31.898380709943812],[-106.59428608311296,31.898513404434045],[-106.5942866606443,31.898646170586542],[-106.5944726142575,31.8986460356052],[-106.59471427123867,31.898645859373417],[-106.59503716832981,31.898645622553261],[-106.59519827225917,31.898645504151318],[-106.59535695801434,31.898645387087821],[-106.59551806194288,31.89864526829081],[-106.59567928443697,31.898645149014047],[-106.59584038842412,31.898645030719155],[-106.59599907523319,31.898644912823489],[-106.59616017804522,31.89864479238344],[-106.59631887024962,31.89864467564567],[-106.59647997306082,31.898644554810534],[-106.596641078042,31.898644434575235],[-106.59680218196733,31.898644314191685],[-106.59696199526898,31.898644194248796],[-106.59714282567072,31.898644059742043]]]},"properties":{"OBJECTID":21016,"Join_Count":4,"TARGET_FID":44874,"PlaceType":"Regional Corridor","SB840":"Y","TRACTCE":"010228","BLKGRPCE":"2","GEOID":"481410102282","INTPTLAT":"+31.9024075","INTPTLON":"-106.5957772","GrowthArea":"Y","LotArea":431166,"ZONELABEL":"R-4","Shape_Length":2703.4799625745559,"Shape_Area":431166.05736989586}},{"type":"Feature","id":21021,"geometry":{"type":"Polygon","coordinates":[[[-106.57177891140822,31.910244927638324],[-106.57249943851977,31.910246753282557],[-106.57250692380315,31.908096086648598],[-106.57178675751942,31.908027752873934],[-106.57177891140822,31.910244927638324]]]},"properties":{"OBJECTID":21021,"Join_Count":4,"TARGET_FID":44886,"PlaceType":"Regional Corridor","SB840":"Y","TRACTCE":"010220","BLKGRPCE":"1","GEOID":"481410102201","INTPTLAT":"+31.9487970","INTPTLON":"-106.5377893","GrowthArea":"Y","LotArea":177635,"ZONELABEL":"C-4","Shape_Length":2037.4815957857725,"Shape_Area":177634.93345603079}},{"type":"Feature","id":21076,"geometry":{"type":"Polygon","coordinates":[[[-106.58356769779564,31.911395014562494],[-106.58417889142019,31.911397258681969],[-106.58423725529946,31.911377028229584],[-106.5842925506465,31.911351277981641],[-106.58434406242156,31.911320341227643],[-106.5844806282493,31.911227990228376],[-106.58413605602168,31.910777887372809],[-106.58402038540311,31.910842317665669],[-106.58392588118471,31.910771149531936],[-106.5838045760366,31.910651454670269],[-106.58356769779564,31.911395014562494]]]},"properties":{"OBJECTID":21076,"Join_Count":2,"TARGET_FID":45024,"PlaceType":"Regional Corridor","SB840":"Y","TRACTCE":" ","BLKGRPCE":" ","GEOID":" ","INTPTLAT":" ","INTPTLON":" ","GrowthArea":"Y","LotArea":46097,"ZONELABEL":"C-4","Shape_Length":917.82748862043968,"Shape_Area":46096.604339079749}},{"type":"Feature","id":21081,"geometry":{"type":"Polygon","coordinates":[[[-106.58090069647866,31.882205723512609],[-106.58036122527893,31.879711526689434],[-106.57996532143807,31.879789978866516],[-106.57992205001088,31.87979314102742],[-106.57987995015647,31.879802244641077],[-106.5798401366409,31.879817050166707],[-106.57969026568354,31.879915353363732],[-106.57954330440434,31.88001680559189],[-106.57993842786266,31.880234605301663],[-106.58031699174475,31.880454509748997],[-106.58033101791086,31.880519358680939],[-106.5796378156145,31.881473733068528],[-106.57777429632628,31.880488220561695],[-106.5772214782278,31.881248221701551],[-106.57666041734491,31.879446755983924],[-106.57663175087536,31.879446812405984],[-106.57539393177727,31.879457685173172],[-106.57545027595873,31.879604962804397],[-106.57549929279737,31.879754136195125],[-106.57554089495139,31.879904940366629],[-106.57557500861758,31.88005710698032],[-106.57560157153959,31.880210366239567],[-106.57570854538911,31.880823586234495],[-106.57578444895584,31.881291207597169],[-106.57591303178829,31.882069520807843],[-106.57594774493829,31.882279265700255],[-106.57658258756624,31.882171420052348],[-106.57665510561002,31.882155809238984],[-106.57672540384604,31.882134026240465],[-106.5767927645295,31.882106296056318],[-106.57685649698774,31.882072901101324],[-106.57727094041192,31.882329165656468],[-106.5782804548197,31.882862661342113],[-106.57826322015914,31.882890731901778],[-106.57825176123174,31.882920875790592],[-106.57824640472069,31.882952234603618],[-106.57824730350947,31.882983914912618],[-106.5782544310733,31.883015015632427],[-106.57826758507153,31.883044650430616],[-106.57828639141415,31.883071977339807],[-106.57850863246455,31.883340196681011],[-106.57851625646911,31.883385052817598],[-106.57851836514082,31.883430343241059],[-106.5785149344141,31.883475574118627],[-106.57850600289984,31.883520254934112],[-106.58016907295658,31.883227363320589],[-106.57991867269375,31.882430341586442],[-106.58090069647866,31.882205723512609]]]},"properties":{"OBJECTID":21081,"Join_Count":2,"TARGET_FID":45035,"PlaceType":"Regional Corridor","SB840":"Y","TRACTCE":"010225","BLKGRPCE":"3","GEOID":"481410102253","INTPTLAT":"+31.8744933","INTPTLON":"-106.5724766","GrowthArea":"Y","LotArea":1257178,"ZONELABEL":"C-3","Shape_Length":7276.9686015458774,"Shape_Area":1257177.7761609959}},{"type":"Feature","id":21100,"geometry":{"type":"Polygon","coordinates":[[[-106.56947817572153,31.907121407563398],[-106.5705139575701,31.90720919298197],[-106.57053077894203,31.907209275490011],[-106.57054740427438,31.907207086682313],[-106.57056341365798,31.907202681890311],[-106.57057840346442,31.907196170764255],[-106.57059199702013,31.907187718568576],[-106.57060385146214,31.907177537724465],[-106.57061366817486,31.907165885503442],[-106.57062120064226,31.907153054618917],[-106.5706262562626,31.907139368623135],[-106.57062871059257,31.907125173095675],[-106.57063078931201,31.907104850759431],[-106.57063830674626,31.907012439969606],[-106.57063805760917,31.906919807602428],[-106.57063004347268,31.906827427788532],[-106.57061430390793,31.906735772838054],[-106.57059092176245,31.906645312987596],[-106.57056001541541,31.906556511351891],[-106.57052174293989,31.90646982282108],[-106.57051194245477,31.906449261741933],[-106.57039604456075,31.90648619500142],[-106.57027781908553,31.906517300738091],[-106.57015766891445,31.906542473849623],[-106.57003600240061,31.906561627941631],[-106.56991323348319,31.906574697128391],[-106.56978978075016,31.906581637884443],[-106.56966606309685,31.906582427445699],[-106.56954250165923,31.90657706100755],[-106.56947817572153,31.907121407563398]]]},"properties":{"OBJECTID":21100,"Join_Count":1,"TARGET_FID":45085,"PlaceType":"Regional Corridor","SB840":"Y","TRACTCE":"010226","BLKGRPCE":"2","GEOID":"481410102262","INTPTLAT":"+31.8961515","INTPTLON":"-106.5703717","GrowthArea":"Y","LotArea":78107,"ZONELABEL":"C-4","Shape_Length":1132.8058660421091,"Shape_Area":78106.864747160333}},{"type":"Feature","id":21125,"geometry":{"type":"Polygon","coordinates":[[[-106.58820283634616,31.866898692701273],[-106.58850810632597,31.867681633017934],[-106.58965631403667,31.867368834958175],[-106.58965191209296,31.867356675250573],[-106.58934872847179,31.866519123513548],[-106.58934097305989,31.866497699271541],[-106.58933894740493,31.866492102368891],[-106.58804337364046,31.866489704309668],[-106.58804753678662,31.866500381524364],[-106.58820283634616,31.866898692701273]]]},"properties":{"OBJECTID":21125,"Join_Count":2,"TARGET_FID":45129,"PlaceType":"Neighborhood Center","SB840":"Y","TRACTCE":"010227","BLKGRPCE":"2","GEOID":"481410102272","INTPTLAT":"+31.8713773","INTPTLON":"-106.5843813","GrowthArea":"Y","LotArea":149597,"ZONELABEL":"C-2","Shape_Length":1567.232092290446,"Shape_Area":149596.93565668014}},{"type":"Feature","id":21131,"geometry":{"type":"Polygon","coordinates":[[[-106.55976623285066,31.905722568934134],[-106.5598459926732,31.905736736613981],[-106.55986689721428,31.905667043984252],[-106.56039336066955,31.903911822471606],[-106.56206972478509,31.903415318441617],[-106.56212235652204,31.903239827665828],[-106.56229745169273,31.903278061730838],[-106.56227447454935,31.903354673539805],[-106.56477540460953,31.90261390565658],[-106.56789149800834,31.903293910772309],[-106.56830171267168,31.90368339234681],[-106.56830983951249,31.90369110821074],[-106.56831027319527,31.903691520108858],[-106.56842124926422,31.903612429272634],[-106.56853659530485,31.90353802837738],[-106.56830460019273,31.903300009688003],[-106.56832089760506,31.903297803405412],[-106.56896964909883,31.902898470475964],[-106.56916385457117,31.903183701553072],[-106.57130833004837,31.902098381934021],[-106.57122279149081,31.901981915053955],[-106.57170350682868,31.901718768850458],[-106.57173698610539,31.901690671371242],[-106.57173684843765,31.901669963729081],[-106.57175056901939,31.901679271293169],[-106.57178141355612,31.899183024895081],[-106.57172030162329,31.89918302424865],[-106.55710440801181,31.899182003607905],[-106.55816207230244,31.905327370551454],[-106.55832154802134,31.905333675272026],[-106.5584551302758,31.905338956350022],[-106.55864614089208,31.905523606503714],[-106.55945125964041,31.905666621097044],[-106.55945682091736,31.905663512794135],[-106.55954609482477,31.905613606011116],[-106.55970408540439,31.905641669626515],[-106.55973292269471,31.905679207538871],[-106.55973287856094,31.905680518447536],[-106.55973361400227,31.905680108450181],[-106.55976623285066,31.905722568934134]]]},"properties":{"OBJECTID":21131,"Join_Count":3,"TARGET_FID":45141,"PlaceType":"Regional Corridor","SB840":"Y","TRACTCE":"010226","BLKGRPCE":"2","GEOID":"481410102262","INTPTLAT":"+31.8961515","INTPTLON":"-106.5703717","GrowthArea":"Y","LotArea":6825423,"ZONELABEL":"C-4","Shape_Length":13310.294304543902,"Shape_Area":6825422.926617763}},{"type":"Feature","id":21133,"geometry":{"type":"Polygon","coordinates":[[[-106.57214179026781,31.896593228067115],[-106.57179099743584,31.896767138356353],[-106.57179714766637,31.89790958564371],[-106.57402962271868,31.897988888343644],[-106.57411226663302,31.897759513068188],[-106.57407633795707,31.897747379455868],[-106.57418473796966,31.897283587222766],[-106.57422536570613,31.897111510246091],[-106.57425890605272,31.896938324898784],[-106.57428531903112,31.89676424356146],[-106.57430457005981,31.896589480161456],[-106.57431663728228,31.896414248918656],[-106.57432150523456,31.896238764648892],[-106.57431916801086,31.896063242612151],[-106.57430962920421,31.895887897612088],[-106.5742928999141,31.895712945898161],[-106.57426900056049,31.895538600562254],[-106.57420962444738,31.895568038161027],[-106.57372038667876,31.895810597467175],[-106.57361330013158,31.895930917031503],[-106.57335429965951,31.896064376319206],[-106.57301508460895,31.896346927015635],[-106.57276307595708,31.896331350304372],[-106.57272913312454,31.896329366817476],[-106.57259365736107,31.896396531303179],[-106.57246675329678,31.896571100887286],[-106.57238086700909,31.896602357475444],[-106.57214179026781,31.896593228067115]]]},"properties":{"OBJECTID":21133,"Join_Count":5,"TARGET_FID":45143,"PlaceType":"Regional Corridor","SB840":"Y","TRACTCE":"010226","BLKGRPCE":"2","GEOID":"481410102262","INTPTLAT":"+31.8961515","INTPTLON":"-106.5703717","GrowthArea":"Y","LotArea":478558,"ZONELABEL":"C-4","Shape_Length":2953.4814029097452,"Shape_Area":478557.61834066565}},{"type":"Feature","id":21138,"geometry":{"type":"Polygon","coordinates":[[[-106.5868612655414,31.906742081581882],[-106.58742194631736,31.907226172743837],[-106.58743880917426,31.907210960777263],[-106.58753690925188,31.907112918621561],[-106.58762903345101,31.907010745460411],[-106.58771494625942,31.906904707331606],[-106.58777308152301,31.906816051820488],[-106.58724977992192,31.906414640069919],[-106.5868612655414,31.906742081581882]]]},"properties":{"OBJECTID":21138,"Join_Count":1,"TARGET_FID":45150,"PlaceType":"Regional Corridor","SB840":"Y","TRACTCE":"010228","BLKGRPCE":"3","GEOID":"481410102283","INTPTLAT":"+31.8965749","INTPTLON":"-106.5881052","GrowthArea":"Y","LotArea":41741,"ZONELABEL":"C-4","Shape_Length":820.70993013644136,"Shape_Area":41740.945880430445}},{"type":"Feature","id":21142,"geometry":{"type":"Polygon","coordinates":[[[-106.59430064646084,31.889555885807287],[-106.59429445461731,31.889729436023874],[-106.59429164252025,31.889808260944886],[-106.5942893883376,31.889979364596098],[-106.59428694294147,31.890200990708685],[-106.59428459296161,31.890354387718585],[-106.59428428845902,31.890367251298208],[-106.59428299094157,31.890422150876656],[-106.59428250146317,31.89044287452522],[-106.59428127749116,31.890494671464978],[-106.59428075638267,31.890634737776757],[-106.59427834113998,31.890941725397592],[-106.59427418510951,31.891179034830522],[-106.59428121050615,31.891544669157675],[-106.5942651042874,31.891550968644999],[-106.59426549644627,31.891893847885097],[-106.59428885252227,31.891893876833652],[-106.59428885600123,31.891894025705021],[-106.59448904641361,31.891894271558776],[-106.5944889782191,31.891890385380851],[-106.59448940230999,31.889518008694722],[-106.59607136085314,31.889488289069838],[-106.59608693891573,31.890097057488344],[-106.5967123172188,31.889748435660088],[-106.59669657926605,31.889462082093303],[-106.59711463138044,31.889454223156346],[-106.59713682999397,31.889458774787261],[-106.59715785983386,31.889466355274163],[-106.59717715906893,31.889476761304891],[-106.59719420965389,31.889489715200366],[-106.59720855556708,31.889504868553789],[-106.59721981003487,31.889521815431955],[-106.59722767418626,31.889540102317216],[-106.59719357118929,31.889253114462438],[-106.59587654833339,31.889272809109833],[-106.59541881821841,31.889279650657834],[-106.59496333766879,31.889286457416517],[-106.59430587611274,31.889296279878941],[-106.59430573055906,31.889318700499441],[-106.59430064646084,31.889555885807287]]]},"properties":{"OBJECTID":21142,"Join_Count":4,"TARGET_FID":45158,"PlaceType":"Regional Corridor","SB840":"Y","TRACTCE":"010228","BLKGRPCE":"3","GEOID":"481410102283","INTPTLAT":"+31.8965749","INTPTLON":"-106.5881052","GrowthArea":"Y","LotArea":158593,"ZONELABEL":"C-3","Shape_Length":4111.8108243572678,"Shape_Area":158593.09068456723}},{"type":"Feature","id":21147,"geometry":{"type":"Polygon","coordinates":[[[-106.58874695794761,31.879952158361398],[-106.5887597381459,31.881051116499115],[-106.58890534475871,31.881116112835105],[-106.58891152528557,31.881113376239647],[-106.58906978135674,31.88104329016836],[-106.58907090065651,31.879454002516745],[-106.58892724788899,31.879455730826464],[-106.58874730751015,31.879457895877973],[-106.58874700491087,31.879886423609516],[-106.58874619323058,31.879886427369762],[-106.58874695794761,31.879952158361398]]]},"properties":{"OBJECTID":21147,"Join_Count":2,"TARGET_FID":45169,"PlaceType":"Regional Corridor","SB840":"Y","TRACTCE":"010227","BLKGRPCE":"2","GEOID":"481410102272","INTPTLAT":"+31.8713773","INTPTLON":"-106.5843813","GrowthArea":"Y","LotArea":58519,"ZONELABEL":"C-3","Shape_Length":1367.0278089715298,"Shape_Area":58518.745900411021}},{"type":"Feature","id":21165,"geometry":{"type":"Polygon","coordinates":[[[-106.58673534200749,31.86372542413493],[-106.5867840129354,31.863836491487685],[-106.58696264212107,31.864230494234203],[-106.58725102524654,31.864168790006339],[-106.58729812837271,31.864158711626523],[-106.5872981722102,31.864158702294763],[-106.58731688316408,31.864154698152049],[-106.58731839646047,31.863562553391059],[-106.58729147081202,31.863562792530516],[-106.58673534200749,31.86372542413493]]]},"properties":{"OBJECTID":21165,"Join_Count":3,"TARGET_FID":45197,"PlaceType":"Neighborhood Center","SB840":"Y","TRACTCE":"010227","BLKGRPCE":"2","GEOID":"481410102272","INTPTLAT":"+31.8713773","INTPTLON":"-106.5843813","GrowthArea":"Y","LotArea":30838,"ZONELABEL":"C-4","Shape_Length":716.50956668114748,"Shape_Area":30837.932990696947}},{"type":"Feature","id":21169,"geometry":{"type":"Polygon","coordinates":[[[-106.59427437272745,31.896477159258854],[-106.59431204829524,31.896476974174487],[-106.59459216492613,31.896475599595554],[-106.59551230285904,31.896471080480467],[-106.59555978729377,31.896390791788235],[-106.59431140017711,31.89639692568965],[-106.59427431944852,31.896397107474527],[-106.59427437272745,31.896477159258854]]]},"properties":{"OBJECTID":21169,"Join_Count":4,"TARGET_FID":45201,"PlaceType":"Regional Corridor","SB840":"Y","TRACTCE":"010228","BLKGRPCE":"3","GEOID":"481410102283","INTPTLAT":"+31.8965749","INTPTLON":"-106.5881052","GrowthArea":"Y","LotArea":11404,"ZONELABEL":"C-2","Shape_Length":845.0267515990671,"Shape_Area":11404.253077539621}},{"type":"Feature","id":21178,"geometry":{"type":"Polygon","coordinates":[[[-106.58860968337335,31.903471189571814],[-106.58891987451726,31.903469437202205],[-106.5899399490317,31.903463670641987],[-106.59002204737325,31.903463206784249],[-106.59152518016715,31.901172778424367],[-106.5914360502133,31.9011720419883],[-106.59141288657018,31.901171850523379],[-106.59115538941329,31.901169723766291],[-106.58831965402423,31.901146264898994],[-106.58826516413049,31.901145813055649],[-106.58860968337335,31.903471189571814]]]},"properties":{"OBJECTID":21178,"Join_Count":3,"TARGET_FID":45218,"PlaceType":"Regional Corridor","SB840":" ","TRACTCE":"010228","BLKGRPCE":"3","GEOID":"481410102283","INTPTLAT":"+31.8965749","INTPTLON":"-106.5881052","GrowthArea":"Y","LotArea":609361,"ZONELABEL":"R-3","Shape_Length":3257.7609633983416,"Shape_Area":609360.82264789264}},{"type":"Feature","id":21179,"geometry":{"type":"Polygon","coordinates":[[[-106.53164834618228,31.843501529526456],[-106.53165401121429,31.842739099259685],[-106.52978056571898,31.842739973654382],[-106.52977914907345,31.842813114297719],[-106.52977373193215,31.842961811022533],[-106.52976125568682,31.84330427454951],[-106.52976004303139,31.843427968682029],[-106.52975935429129,31.843537928292651],[-106.52975873640177,31.84364788723558],[-106.52975804765855,31.84375784683612],[-106.52975703018889,31.843920215276086],[-106.52987407872585,31.843929315482811],[-106.52999146823663,31.84393425613267],[-106.53010899821876,31.843935029606204],[-106.53022646330727,31.843931634839034],[-106.53033203070149,31.843911639092017],[-106.5304387355102,31.843896679848882],[-106.53054624951892,31.843886802539497],[-106.53065424040764,31.843882038338027],[-106.53076237473928,31.843882401311209],[-106.53083708253084,31.84388987800817],[-106.53091050302143,31.843903839887197],[-106.53096996702999,31.843920755906243],[-106.53097139143217,31.843913178443195],[-106.53100907246613,31.843670932075206],[-106.53111225015719,31.843569425100533],[-106.53164834618228,31.843501529526456]]]},"properties":{"OBJECTID":21179,"Join_Count":2,"TARGET_FID":45220,"PlaceType":"Urban Neighborhood","SB840":"Y","TRACTCE":" ","BLKGRPCE":" ","GEOID":" ","INTPTLAT":" ","INTPTLON":" ","GrowthArea":"Y","LotArea":222732,"ZONELABEL":"A-2","Shape_Length":1977.5582328045941,"Shape_Area":222732.04926038711}},{"type":"Feature","id":21218,"geometry":{"type":"Polygon","coordinates":[[[-106.5725439583665,31.907386953129652],[-106.5725570531775,31.907388171301243],[-106.57399153687689,31.907521585366446],[-106.57414447595876,31.906670440679189],[-106.57421303519338,31.906105015321749],[-106.57421327050056,31.906103072901232],[-106.57289763184939,31.905987449830427],[-106.57288651348055,31.90598775023744],[-106.57287560995623,31.905989625554952],[-106.5728652237168,31.90599302155394],[-106.57285564409902,31.905997845793472],[-106.57284713953229,31.906003961671537],[-106.57283994663929,31.90601119978626],[-106.57283426706918,31.906019358087402],[-106.57283025630191,31.906028208735375],[-106.57282802939953,31.90603750505187],[-106.57281066226017,31.906174005770307],[-106.57279703882428,31.906262336652784],[-106.57277695622884,31.906349765643462],[-106.57275049356335,31.906435950232126],[-106.57271775244013,31.906520552248825],[-106.57267886438378,31.906603237509501],[-106.57263397963507,31.906683682675435],[-106.57259368513779,31.90675578054012],[-106.57255882180598,31.906829909805783],[-106.5725295299539,31.906905772910861],[-106.5725059271974,31.906983065251175],[-106.57248810652044,31.907061477982257],[-106.57247614137492,31.907140695065216],[-106.57245798877325,31.907287168083776],[-106.57245715833812,31.907302334554842],[-106.57245935078491,31.907317401411948],[-106.57246450048707,31.907331934625898],[-106.5724724611927,31.907345513964568],[-106.57248300175408,31.907357748552538],[-106.57249581721628,31.907368284469346],[-106.5725105391469,31.907376816900388],[-106.57252674262121,31.907383099738041],[-106.5725439583665,31.907386953129652]]]},"properties":{"OBJECTID":21218,"Join_Count":2,"TARGET_FID":45316,"PlaceType":"Regional Corridor","SB840":"Y","TRACTCE":"010226","BLKGRPCE":"2","GEOID":"481410102262","INTPTLAT":"+31.8961515","INTPTLON":"-106.5703717","GrowthArea":"Y","LotArea":238419,"ZONELABEL":"C-4","Shape_Length":1936.2316709059594,"Shape_Area":238418.67332213614}},{"type":"Feature","id":21219,"geometry":{"type":"Polygon","coordinates":[[[-106.57088030116608,31.907240239953946],[-106.57173725471294,31.907312860707378],[-106.57185110869071,31.907322508927368],[-106.57218280378999,31.90735336169816],[-106.57220113314155,31.907350276341599],[-106.57221856236816,31.907344535185377],[-106.57223456491027,31.907336310677159],[-106.57224866041251,31.907325849827934],[-106.57226042386813,31.907313468354893],[-106.57226950179646,31.907299539067296],[-106.57227561997617,31.907284480657204],[-106.57227859434532,31.907268746338271],[-106.57229637255197,31.907123643449847],[-106.5723101573825,31.907035149592566],[-106.57233035579168,31.906947557112264],[-106.57235689040937,31.906861203009328],[-106.57238965823723,31.906776420994586],[-106.57242853246385,31.906693536886291],[-106.57247336481305,31.90661287211044],[-106.57252023547898,31.906525950436794],[-106.57255960854549,31.906436362854684],[-106.57259127458951,31.906344579155352],[-106.57261507052692,31.906251081361702],[-106.57263086975628,31.90615635878056],[-106.57264753422685,31.90602048789626],[-106.57264786563881,31.906011527149722],[-106.57264646655982,31.906002642060074],[-106.57264337404315,31.905994073826538],[-106.57263867334102,31.905986055920245],[-106.57263249097859,31.905978805383565],[-106.57262499569073,31.905972520978622],[-106.57261639137792,31.905967372685794],[-106.57260691282465,31.905963501005619],[-106.57259681684049,31.905961011060374],[-106.5722404122386,31.905929685491856],[-106.57173975429978,31.905885679294798],[-106.57145544134093,31.905860688618215],[-106.57121263167163,31.905842152626075],[-106.57096924385884,31.905830373068166],[-106.57072553488894,31.905825362021776],[-106.5705926417906,31.905826323573638],[-106.57058182403004,31.90582766799826],[-106.57057143998489,31.905830583178794],[-106.57056179940396,31.905834981121462],[-106.57055319224503,31.905840730521128],[-106.57054587501159,31.905847658318628],[-106.57054006712382,31.905855558906822],[-106.57053594147749,31.905864195486103],[-106.57053362292561,31.905873309169245],[-106.57053318030819,31.905882626589325],[-106.57054131439722,31.90597425732232],[-106.57055702177648,31.906065168664],[-106.57058022270125,31.906154904677656],[-106.57061080089666,31.906243017497239],[-106.57064860560889,31.90632906632581],[-106.57068868412887,31.906410099830858],[-106.57072628140877,31.906494876860553],[-106.57075767478815,31.90658147109318],[-106.57078274305023,31.906669553231314],[-106.57080139312083,31.906758787209725],[-106.57081355174299,31.906848832400463],[-106.5708191740993,31.906939345909681],[-106.57081823747905,31.907029982880893],[-106.57081074667484,31.907120398042931],[-106.57080900340253,31.907139976304741],[-106.5708082189234,31.907155764697336],[-106.57081053812631,31.907171442419312],[-106.57081589714805,31.907186569937057],[-106.57082414299636,31.907200721016853],[-106.57083504505297,31.907213496626067],[-106.57084829602157,31.907224539339808],[-106.57086352389427,31.907233538187509],[-106.57088030116608,31.907240239953946]]]},"properties":{"OBJECTID":21219,"Join_Count":2,"TARGET_FID":45317,"PlaceType":"Regional Corridor","SB840":"Y","TRACTCE":"010226","BLKGRPCE":"2","GEOID":"481410102262","INTPTLAT":"+31.8961515","INTPTLON":"-106.5703717","GrowthArea":"Y","LotArea":281242,"ZONELABEL":"C-4","Shape_Length":2124.6063513274335,"Shape_Area":281242.01388177992}},{"type":"Feature","id":21220,"geometry":{"type":"Polygon","coordinates":[[[-106.56801450168008,31.906997342414765],[-106.56803137361923,31.906997421919989],[-106.56804804251423,31.906995187087759],[-106.56806407279988,31.906990696700475],[-106.56807904853449,31.906984066409443],[-106.5680925797335,31.906975468431479],[-106.56810431591384,31.906965128191164],[-106.56811395060176,31.906953312362489],[-106.56812123405867,31.906940329163415],[-106.5681259767334,31.906926516447967],[-106.5681280550623,31.906912233299643],[-106.56813233576223,31.906881592631496],[-106.56814585728017,31.906804057532597],[-106.56816717607983,31.906727807605666],[-106.5681961337048,31.906653412249366],[-106.56823251475039,31.906581428231839],[-106.56827604539379,31.906512393438302],[-106.56832640259854,31.906446821914695],[-106.56849495829864,31.906245109992135],[-106.56853651748021,31.906190892370869],[-106.56857247809245,31.906133836437689],[-106.56860257552586,31.906074362227077],[-106.56862658863798,31.906012906660845],[-106.56864434074991,31.905949922596943],[-106.56865570239742,31.905885872374956],[-106.56866802357129,31.905779601807193],[-106.56866827800003,31.905770446961469],[-106.56866671316652,31.905761386420913],[-106.56866337597958,31.905752682591576],[-106.56865836125101,31.905744585650854],[-106.56865181345108,31.90573732804398],[-106.56864392213097,31.905731119283768],[-106.56863491300477,31.905726139151266],[-106.56862504636085,31.905722529642851],[-106.56861460650677,31.905720395475459],[-106.56835962271447,31.905697872817186],[-106.56824377437439,31.905685022964633],[-106.56812887106136,31.905667028951697],[-106.56801522533155,31.90564394175977],[-106.56790314828052,31.905615822376681],[-106.5677929468502,31.905582749151701],[-106.56768491919212,31.905544811694629],[-106.56766337516876,31.905536075932346],[-106.56766298523466,31.905536409826766],[-106.56736528532392,31.905514487052191],[-106.5673799935531,31.905489913086466],[-106.56723791005427,31.905425113913228],[-106.56708985714208,31.905677517835045],[-106.56701778341522,31.905813967984855],[-106.56694280533053,31.905967989708575],[-106.56687352564835,31.906123941709826],[-106.56681001044406,31.906281669091374],[-106.56675232374268,31.906441017956723],[-106.56670052083031,31.906601830310954],[-106.56666751665925,31.906718486678184],[-106.56685718114477,31.906751023780089],[-106.56706021590301,31.906916444958377],[-106.56801183326833,31.906997116050899],[-106.56801450168008,31.906997342414765]]]},"properties":{"OBJECTID":21220,"Join_Count":2,"TARGET_FID":45318,"PlaceType":"Regional Corridor","SB840":"Y","TRACTCE":"010226","BLKGRPCE":"2","GEOID":"481410102262","INTPTLAT":"+31.8961515","INTPTLON":"-106.5703717","GrowthArea":"Y","LotArea":236041,"ZONELABEL":"C-4","Shape_Length":1941.3785743372341,"Shape_Area":236040.53117138389}},{"type":"Feature","id":21221,"geometry":{"type":"Polygon","coordinates":[[[-106.56864167582486,31.906335542412524],[-106.56875537938369,31.906388339541696],[-106.56887264639586,31.906435120192832],[-106.56899304083873,31.906475711028932],[-106.56911611438601,31.9065099609812],[-106.56924140857893,31.906537742048133],[-106.56936845488569,31.906558950196647],[-106.56949678332388,31.906573507658628],[-106.56962591266495,31.906581358884011],[-106.56975536351595,31.906582476237489],[-106.56988465262749,31.906576853947804],[-106.57001329852763,31.906564513258221],[-106.57014082245902,31.906545500574641],[-106.57026674943555,31.906519887415101],[-106.57039061017566,31.906487767607786],[-106.57051194245477,31.906449261741933],[-106.57048270845361,31.906387934491722],[-106.57044628295938,31.906306784741155],[-106.57041561187462,31.9062239205956],[-106.57039080698252,31.906139641100793],[-106.57037195678404,31.906054245513186],[-106.57035912709054,31.905968042304078],[-106.57035236559099,31.905881338101942],[-106.57035128357265,31.90587271421116],[-106.57034859433615,31.905864349726851],[-106.57034436921732,31.905856459819361],[-106.57033871707726,31.905849250636713],[-106.57033178347255,31.905842906698211],[-106.5703237476074,31.905837592847334],[-106.57031481751891,31.905833445449797],[-106.57030522374396,31.905830572696487],[-106.57029521468252,31.905829048502977],[-106.57029198098125,31.905829081386351],[-106.57028357306451,31.90582900792516],[-106.57010219581635,31.905827423569029],[-106.56991250009864,31.905822151815865],[-106.56966020614378,31.905809528043537],[-106.56940846392968,31.905790513995548],[-106.56891298345823,31.905746750493762],[-106.5689023833751,31.905747122400545],[-106.56889201211528,31.905749025196467],[-106.56888216983201,31.905752402061502],[-106.56887314345798,31.90575715616259],[-106.56886519386131,31.905763148558297],[-106.56885855315289,31.90577020555401],[-106.5688534133125,31.905778122859061],[-106.56884992425535,31.905786668389226],[-106.56884818733171,31.905795596126321],[-106.56883513514623,31.905902050746569],[-106.56882165856346,31.905979357114418],[-106.56880040716388,31.906055381781364],[-106.56877154053754,31.906129557090733],[-106.56873527317525,31.906201329015566],[-106.56869187693513,31.90627016246],[-106.56864167582486,31.906335542412524]]]},"properties":{"OBJECTID":21221,"Join_Count":4,"TARGET_FID":45319,"PlaceType":"Regional Corridor","SB840":"Y","TRACTCE":"010226","BLKGRPCE":"2","GEOID":"481410102262","INTPTLAT":"+31.8961515","INTPTLON":"-106.5703717","GrowthArea":"Y","LotArea":135492,"ZONELABEL":"C-4","Shape_Length":1514.1971045389182,"Shape_Area":135491.94671478585}},{"type":"Feature","id":21222,"geometry":{"type":"Polygon","coordinates":[[[-106.56954250165923,31.90657706100755],[-106.56942418047572,31.906566108118358],[-106.56930676604863,31.906549510681671],[-106.56919062817596,31.906527320548992],[-106.56907613162461,31.90649960968538],[-106.56896363776738,31.906466462864884],[-106.56885350089331,31.906427985976428],[-106.56874606785217,31.906384300621177],[-106.56864167582486,31.906335542412524],[-106.56864142930453,31.906335835121887],[-106.56847227862121,31.906536693238806],[-106.56843099646623,31.906591197441053],[-106.56839522866987,31.906648468088079],[-106.56836522913571,31.906708099216612],[-106.56834120842225,31.906769669775805],[-106.56832333696876,31.906832744376143],[-106.56831174110927,31.906896877093061],[-106.56830795102418,31.906927892619681],[-106.56830768001217,31.906944394355811],[-106.56831074877181,31.906960688372521],[-106.56831706486149,31.906976286824758],[-106.56832643985422,31.906990723622929],[-106.56833859215953,31.907003565136787],[-106.56835315659276,31.907014426899504],[-106.56836969986348,31.907022983705129],[-106.56838772439343,31.907028979361719],[-106.56947817572153,31.907121407563398],[-106.56954250165923,31.90657706100755]]]},"properties":{"OBJECTID":21222,"Join_Count":2,"TARGET_FID":45320,"PlaceType":"Regional Corridor","SB840":"Y","TRACTCE":"010226","BLKGRPCE":"2","GEOID":"481410102262","INTPTLAT":"+31.8961515","INTPTLON":"-106.5703717","GrowthArea":"Y","LotArea":77083,"ZONELABEL":"C-4","Shape_Length":1125.698873165938,"Shape_Area":77082.663654600299}},{"type":"Feature","id":21243,"geometry":{"type":"Polygon","coordinates":[[[-106.54789382364143,31.8809911817279],[-106.54790616532628,31.880987836092636],[-106.54843422400781,31.88075452957559],[-106.54838800686264,31.880655122519887],[-106.5483293936788,31.880510521386732],[-106.54831258298448,31.880462156239705],[-106.54830487279743,31.880445430220913],[-106.54829390497055,31.880430086272007],[-106.54828000789574,31.880416580216135],[-106.54826359436369,31.880405315073467],[-106.548245154347,31.880396627856705],[-106.54822523828639,31.880390776820274],[-106.54820443879687,31.880387936914133],[-106.54818337741504,31.880388191383403],[-106.54816268150161,31.880391534677571],[-106.54772462331759,31.880496402434886],[-106.54771483176344,31.880498746608456],[-106.54784909253405,31.880868118910868],[-106.5478465532084,31.880886647359311],[-106.5478697116715,31.880950335824711],[-106.54787798565849,31.880947609724142],[-106.54789382364143,31.8809911817279]]]},"properties":{"OBJECTID":21243,"Join_Count":1,"TARGET_FID":45374,"PlaceType":"Neighborhood Center","SB840":"Y","TRACTCE":"010213","BLKGRPCE":"3","GEOID":"481410102133","INTPTLAT":"+31.8904603","INTPTLON":"-106.5326281","GrowthArea":"Y","LotArea":30658,"ZONELABEL":"C-3","Shape_Length":695.84888641584746,"Shape_Area":30657.960746386558}},{"type":"Feature","id":21250,"geometry":{"type":"Polygon","coordinates":[[[-106.54730415599006,31.881033789229303],[-106.54733478875929,31.881090194141983],[-106.54735966262434,31.881135997831869],[-106.54787667573511,31.880995830666965],[-106.54789382364143,31.8809911817279],[-106.54787798565849,31.880947609724142],[-106.5478697116715,31.880950335824711],[-106.5478465532084,31.880886647359311],[-106.54784909253405,31.880868118910868],[-106.54771483176344,31.880498746608456],[-106.54769592396543,31.880503272661915],[-106.54783782946195,31.880889972998027],[-106.54781936845797,31.880894113736471],[-106.54730415599006,31.881033789229303]]]},"properties":{"OBJECTID":21250,"Join_Count":2,"TARGET_FID":45392,"PlaceType":"Neighborhood Center","SB840":"Y","TRACTCE":"010213","BLKGRPCE":"3","GEOID":"481410102133","INTPTLAT":"+31.8904603","INTPTLON":"-106.5326281","GrowthArea":"Y","LotArea":7974,"ZONELABEL":"R-3A","Shape_Length":733.2901690491725,"Shape_Area":7974.320357079886}},{"type":"Feature","id":21263,"geometry":{"type":"Polygon","coordinates":[[[-106.55741288676566,31.885759852318181],[-106.55754175186799,31.885760347255278],[-106.55755608402509,31.885554550530426],[-106.5574272202574,31.885554055557041],[-106.55741288676566,31.885759852318181]]]},"properties":{"OBJECTID":21263,"Join_Count":1,"TARGET_FID":45413,"PlaceType":"Neighborhood Center","SB840":"Y","TRACTCE":"010213","BLKGRPCE":"3","GEOID":"481410102133","INTPTLAT":"+31.8904603","INTPTLON":"-106.5326281","GrowthArea":"Y","LotArea":2995,"ZONELABEL":"C-3","Shape_Length":229.99966991837692,"Shape_Area":2995.4810807134013}},{"type":"Feature","id":21276,"geometry":{"type":"Polygon","coordinates":[[[-106.58330085811778,31.924988360821271],[-106.58331042013971,31.925523896539715],[-106.58331059583492,31.925534654804697],[-106.58331268924282,31.925545264177551],[-106.58331665136626,31.92555547951908],[-106.58332239010065,31.925565060467452],[-106.58332977118403,31.925573785844669],[-106.58333862329734,31.925581450702218],[-106.5833487409481,31.925587877924759],[-106.58338182724583,31.925592173691221],[-106.58415347952426,31.925583638046316],[-106.58415485643886,31.924978914388728],[-106.58330085811778,31.924988360821271]]]},"properties":{"OBJECTID":21276,"Join_Count":1,"TARGET_FID":45434,"PlaceType":"Regional Corridor","SB840":"Y","TRACTCE":" ","BLKGRPCE":" ","GEOID":" ","INTPTLAT":" ","INTPTLON":" ","GrowthArea":"Y","LotArea":57775,"ZONELABEL":"C-3","Shape_Length":957.06815333156464,"Shape_Area":57775.029607252611}},{"type":"Feature","id":21280,"geometry":{"type":"Polygon","coordinates":[[[-106.5868612655414,31.906742081581882],[-106.58653938405588,31.907013362734084],[-106.58709119295176,31.90748979157372],[-106.58711127823322,31.907477823908572],[-106.58722571756701,31.90739365024411],[-106.58733498968019,31.907304618433088],[-106.58742194631736,31.907226172743837],[-106.5868612655414,31.906742081581882]]]},"properties":{"OBJECTID":21280,"Join_Count":1,"TARGET_FID":45439,"PlaceType":"Regional Corridor","SB840":"Y","TRACTCE":"010228","BLKGRPCE":"3","GEOID":"481410102283","INTPTLAT":"+31.8965749","INTPTLON":"-106.5881052","GrowthArea":"Y","LotArea":34760,"ZONELABEL":"C-4","Shape_Length":772.30500412275239,"Shape_Area":34760.311927338451}},{"type":"Feature","id":21305,"geometry":{"type":"Polygon","coordinates":[[[-106.5735715107424,31.892322674664548],[-106.5735700846829,31.892303823415993],[-106.57356486519473,31.892280402790725],[-106.57356454989436,31.892279279795936],[-106.57351400973991,31.892289660637775],[-106.57344514446655,31.892303806199333],[-106.57271542662035,31.892453691504564],[-106.57341669617436,31.89244938183537],[-106.57354246869455,31.892448610415105],[-106.57355515978007,31.892428525511658],[-106.57356478937115,31.892407238723109],[-106.57357120285288,31.892385087145783],[-106.5735715107424,31.892322674664548]]]},"properties":{"OBJECTID":21305,"Join_Count":4,"TARGET_FID":45467,"PlaceType":"Neighborhood Center","SB840":"Y","TRACTCE":"010226","BLKGRPCE":"2","GEOID":"481410102262","INTPTLAT":"+31.8961515","INTPTLON":"-106.5703717","GrowthArea":"Y","LotArea":8142,"ZONELABEL":"R-3A","Shape_Length":591.35607838768271,"Shape_Area":8142.1090323337303}},{"type":"Feature","id":21404,"geometry":{"type":"Polygon","coordinates":[[[-106.52589689328858,31.832804028176728],[-106.52591137455401,31.831882629945369],[-106.52530250317147,31.831857464189454],[-106.5249997128131,31.831809928646877],[-106.52491414136921,31.831787558964749],[-106.52476274620643,31.831754004516469],[-106.52471996060594,31.831737227546878],[-106.52471337910069,31.832810962722373],[-106.52589689328858,31.832804028176728]]]},"properties":{"OBJECTID":21404,"Join_Count":1,"TARGET_FID":0,"PlaceType":" ","SB840":" ","TRACTCE":" ","BLKGRPCE":" ","GEOID":" ","INTPTLAT":" ","INTPTLON":" ","GrowthArea":"Y","LotArea":130059,"ZONELABEL":"A-O","Shape_Length":1469.3496099182107,"Shape_Area":130059.16072080884}}]
}