{
  "type" : "FeatureCollection",
  "features" : [{"type":"Feature","id":938,"geometry":{"type":"Polygon","coordinates":[[[-106.26664882131777,31.785554616787277],[-106.26663275714742,31.786438716168142],[-106.26671577315274,31.786432794513548],[-106.26673060956192,31.785550887042909],[-106.26664882131777,31.785554616787277]]]},"properties":{"OBJECTID":938,"Join_Count":1,"TARGET_FID":1219,"PIDN":"T28799903307850","STATE_CD":"F1","CombineADD":"3070 JOE BATTLE BLVD","Type":"Commercial","State_Code":"F1","Living_Are":"920","Value":80310,"Value_Sq_F":87.293478260900002,"Descriptio":"MAIN AREA","Class_CD":"QICA","Class_Desc":"Office Apartments; Masonry; Average","Class_De_1":"Office Apartments","Building_M":"Masonry","Condition":"Average","Exterior_W":"804","Year_Built":2004,"Sq_Footage":"621","BUILD_ID":29470725,"OCC_CLS":"Commercial","PRIM_OCC":"Retail Trade","SEC_OCC":" ","PROP_ADDR":"3070 JOE BATTLE BOULEVARD NORTHBOUND","PROP_CITY":"EL PASO","PROP_ST":"Texas","PROP_ZIP":"79938","OUTBLDG":" ","HEIGHT":3.22000003,"SQMETERS":558.390015,"SQFEET":6010.45996,"H_ADJ_ELEV":0,"L_ADJ_ELEV":0,"FIPS":"48141","CENSUSCODE":"48141010352","PROD_DATE":1414800000000,"SOURCE":"NGA","USNG":"13R CR 80075 17413","LONGITUDE":-106.26666208100001,"LATITUDE":31.785990135399999,"IMAGE_NAME":"Li270-El Paso","IMAGE_DATE":1414800000000,"VAL_METHOD":"Unverified","REMARKS":" ","UUID":"{f35dc20a-30e0-47a7-9f4d-a6912697553a}","Shape_Leng":0.00183841412724,"Shape_Area":5.31701502036e-08,"HEIGHT_FT":10.564304893899999,"Shape_Length":693.8445482971822}},{"type":"Feature","id":939,"geometry":{"type":"Polygon","coordinates":[[[-106.26635017487995,31.784998616412093],[-106.26634534551654,31.785891341674624],[-106.2664162762247,31.785885060890294],[-106.26642129583269,31.784995373269116],[-106.26635017487995,31.784998616412093]]]},"properties":{"OBJECTID":939,"Join_Count":1,"TARGET_FID":1220,"PIDN":"T28799903307850","STATE_CD":"F1","CombineADD":"3070 JOE BATTLE BLVD","Type":"Commercial","State_Code":"F1","Living_Are":"920","Value":80310,"Value_Sq_F":87.293478260900002,"Descriptio":"MAIN AREA","Class_CD":"QICA","Class_Desc":"Office Apartments; Masonry; Average","Class_De_1":"Office Apartments","Building_M":"Masonry","Condition":"Average","Exterior_W":"804","Year_Built":2004,"Sq_Footage":"621","BUILD_ID":29468393,"OCC_CLS":"Commercial","PRIM_OCC":"Retail Trade","SEC_OCC":" ","PROP_ADDR":"3070 JOE BATTLE BOULEVARD NORTHBOUND","PROP_CITY":"EL PASO","PROP_ST":"Texas","PROP_ZIP":"79938","OUTBLDG":" ","HEIGHT":2.8599999,"SQMETERS":476.934998,"SQFEET":5133.68018,"H_ADJ_ELEV":0,"L_ADJ_ELEV":0,"FIPS":"48141","CENSUSCODE":"48141010352","PROD_DATE":1414800000000,"SOURCE":"NGA","USNG":"13R CR 80102 17352","LONGITUDE":-106.26636701300001,"LATITUDE":31.7854432422,"IMAGE_NAME":"Li270-El Paso","IMAGE_DATE":1414800000000,"VAL_METHOD":"Unverified","REMARKS":" ","UUID":"{f13cde2f-42bd-4bfb-ab4a-a6436a8a5ca2}","Shape_Leng":0.00185963789527,"Shape_Area":4.5413660217200003e-08,"HEIGHT_FT":9.3832020558300009,"Shape_Length":692.70198736848465}},{"type":"Feature","id":3662,"geometry":{"type":"Polygon","coordinates":[[[-106.2666206408454,31.787102910578941],[-106.26670873205509,31.787101087257984],[-106.26671572025475,31.786511084431364],[-106.2666337571884,31.786511776652219],[-106.2666206408454,31.787102910578941]]]},"properties":{"OBJECTID":3662,"Join_Count":1,"TARGET_FID":6702,"PIDN":"T28799903307850","STATE_CD":"F1","CombineADD":"3070 JOE BATTLE BLVD","Type":"Commercial","State_Code":"F1","Living_Are":"920","Value":80310,"Value_Sq_F":87.293478260900002,"Descriptio":"MAIN AREA","Class_CD":"QICA","Class_Desc":"Office Apartments; Masonry; Average","Class_De_1":"Office Apartments","Building_M":"Masonry","Condition":"Average","Exterior_W":"804","Year_Built":2004,"Sq_Footage":"621","BUILD_ID":29473797,"OCC_CLS":"Commercial","PRIM_OCC":"Retail Trade","SEC_OCC":" ","PROP_ADDR":"3070 JOE BATTLE BOULEVARD NORTHBOUND","PROP_CITY":"EL PASO","PROP_ST":"Texas","PROP_ZIP":"79938","OUTBLDG":" ","HEIGHT":3.1099999,"SQMETERS":430.096008,"SQFEET":4629.50977,"H_ADJ_ELEV":0,"L_ADJ_ELEV":0,"FIPS":"48141","CENSUSCODE":"48141010352","PROD_DATE":1414800000000,"SOURCE":"NGA","USNG":"13R CR 80077 17503","LONGITUDE":-106.266651762,"LATITUDE":31.786803183100002,"IMAGE_NAME":"Li270-El Paso","IMAGE_DATE":1414800000000,"VAL_METHOD":"Unverified","REMARKS":" ","UUID":"{e58ab4b5-4cde-415f-8223-e230eb5259a4}","Shape_Leng":0.0012858676013900001,"Shape_Area":4.0954272086300003e-08,"HEIGHT_FT":10.203412055799999,"Shape_Length":482.57264901868569}},{"type":"Feature","id":3663,"geometry":{"type":"Polygon","coordinates":[[[-106.2659975263355,31.787025773657355],[-106.2660906951311,31.787022988577906],[-106.26612050175483,31.784975582172244],[-106.26601433263188,31.784980074647201],[-106.2659975263355,31.787025773657355]]]},"properties":{"OBJECTID":3663,"Join_Count":1,"TARGET_FID":6703,"PIDN":"T28799903307850","STATE_CD":"F1","CombineADD":"3070 JOE BATTLE BLVD","Type":"Commercial","State_Code":"F1","Living_Are":"920","Value":80310,"Value_Sq_F":87.293478260900002,"Descriptio":"MAIN AREA","Class_CD":"QICA","Class_Desc":"Office Apartments; Masonry; Average","Class_De_1":"Office Apartments","Building_M":"Masonry","Condition":"Average","Exterior_W":"804","Year_Built":2004,"Sq_Footage":"621","BUILD_ID":29473460,"OCC_CLS":"Commercial","PRIM_OCC":"Retail Trade","SEC_OCC":" ","PROP_ADDR":"3070 JOE BATTLE BOULEVARD NORTHBOUND","PROP_CITY":"EL PASO","PROP_ST":"Texas","PROP_ZIP":"79938","OUTBLDG":" ","HEIGHT":3.79999995,"SQMETERS":1765.65002,"SQFEET":19005.1992,"H_ADJ_ELEV":0,"L_ADJ_ELEV":0,"FIPS":"48141","CENSUSCODE":"48141010352","PROD_DATE":1414800000000,"SOURCE":"NGA","USNG":"13R CR 80134 17413","LONGITUDE":-106.26604163499999,"LATITUDE":31.7859997702,"IMAGE_NAME":"Li270-El Paso","IMAGE_DATE":1414800000000,"VAL_METHOD":"Unverified","REMARKS":" ","UUID":"{9315fb57-4ed1-4d49-a05d-a617bbc167f2}","Shape_Leng":0.0042130779403500001,"Shape_Area":1.6812548125200001e-07,"HEIGHT_FT":12.4671918436,"Shape_Length":1551.0628850615847}},{"type":"Feature","id":3664,"geometry":{"type":"Polygon","coordinates":[[[-106.26648587262531,31.78500156666129],[-106.26646682021233,31.785894940565825],[-106.26654149712211,31.78589153523507],[-106.26654988095368,31.784998647791728],[-106.26648587262531,31.78500156666129]]]},"properties":{"OBJECTID":3664,"Join_Count":1,"TARGET_FID":6704,"PIDN":"T28799903307850","STATE_CD":"F1","CombineADD":"3070 JOE BATTLE BLVD","Type":"Commercial","State_Code":"F1","Living_Are":"920","Value":80310,"Value_Sq_F":87.293478260900002,"Descriptio":"MAIN AREA","Class_CD":"QICA","Class_Desc":"Office Apartments; Masonry; Average","Class_De_1":"Office Apartments","Building_M":"Masonry","Condition":"Average","Exterior_W":"804","Year_Built":2004,"Sq_Footage":"621","BUILD_ID":29468379,"OCC_CLS":"Commercial","PRIM_OCC":"Retail Trade","SEC_OCC":" ","PROP_ADDR":"3070 JOE BATTLE BOULEVARD NORTHBOUND","PROP_CITY":"EL PASO","PROP_ST":"Texas","PROP_ZIP":"79938","OUTBLDG":" ","HEIGHT":2.82999992,"SQMETERS":424.589996,"SQFEET":4570.24023,"H_ADJ_ELEV":0,"L_ADJ_ELEV":0,"FIPS":"48141","CENSUSCODE":"48141010352","PROD_DATE":1414800000000,"SOURCE":"NGA","USNG":"13R CR 80090 17352","LONGITUDE":-106.266494806,"LATITUDE":31.7854447293,"IMAGE_NAME":"Li270-El Paso","IMAGE_DATE":1414800000000,"VAL_METHOD":"Unverified","REMARKS":" ","UUID":"{6590630a-f66d-4141-af1a-06ae16af2ef5}","Shape_Leng":0.00182807573857,"Shape_Area":4.0429380356300002e-08,"HEIGHT_FT":9.2847769496900003,"Shape_Length":693.024843863922}},{"type":"Feature","id":3665,"geometry":{"type":"Polygon","coordinates":[[[-106.26621002615256,31.785894465766411],[-106.26628787870894,31.7858848239784],[-106.26629327916861,31.785001210850425],[-106.26620063265128,31.785002390019713],[-106.26621002615256,31.785894465766411]]]},"properties":{"OBJECTID":3665,"Join_Count":1,"TARGET_FID":6705,"PIDN":"T28799903307850","STATE_CD":"F1","CombineADD":"3070 JOE BATTLE BLVD","Type":"Commercial","State_Code":"F1","Living_Are":"920","Value":80310,"Value_Sq_F":87.293478260900002,"Descriptio":"MAIN AREA","Class_CD":"QICA","Class_Desc":"Office Apartments; Masonry; Average","Class_De_1":"Office Apartments","Building_M":"Masonry","Condition":"Average","Exterior_W":"804","Year_Built":2004,"Sq_Footage":"621","BUILD_ID":29468385,"OCC_CLS":"Commercial","PRIM_OCC":"Retail Trade","SEC_OCC":" ","PROP_ADDR":"3070 JOE BATTLE BOULEVARD NORTHBOUND","PROP_CITY":"EL PASO","PROP_ST":"Texas","PROP_ZIP":"79938","OUTBLDG":" ","HEIGHT":2.86999989,"SQMETERS":630.028992,"SQFEET":6781.56006,"H_ADJ_ELEV":0,"L_ADJ_ELEV":0,"FIPS":"48141","CENSUSCODE":"48141010352","PROD_DATE":1414800000000,"SOURCE":"NGA","USNG":"13R CR 80115 17351","LONGITUDE":-106.26623079300001,"LATITUDE":31.7854427083,"IMAGE_NAME":"Li270-El Paso","IMAGE_DATE":1414800000000,"VAL_METHOD":"Unverified","REMARKS":" ","UUID":"{c31c9191-2707-4393-93d4-6ddedb48fdb2}","Shape_Leng":0.0018927017471999999,"Shape_Area":5.9991210482000001e-08,"HEIGHT_FT":9.4160104245399996,"Shape_Length":699.212213909203}},{"type":"Feature","id":6917,"geometry":{"type":"Polygon","coordinates":[[[-106.26639606431002,31.787102375763045],[-106.26654681136364,31.787101618781659],[-106.26654728823632,31.787026557308753],[-106.26639582998104,31.787025948639133],[-106.26639606431002,31.787102375763045]]]},"properties":{"OBJECTID":6917,"Join_Count":1,"TARGET_FID":11590,"PIDN":"T28799903307850","STATE_CD":"F1","CombineADD":"3070 JOE BATTLE BLVD","Type":"Commercial","State_Code":"F1","Living_Are":"920","Value":80310,"Value_Sq_F":87.293478260900002,"Descriptio":"MAIN AREA","Class_CD":"QICA","Class_Desc":"Office Apartments; Masonry; Average","Class_De_1":"Office Apartments","Building_M":"Masonry","Condition":"Average","Exterior_W":"804","Year_Built":2004,"Sq_Footage":"621","BUILD_ID":29473864,"OCC_CLS":"Commercial","PRIM_OCC":"Retail Trade","SEC_OCC":" ","PROP_ADDR":"3070 JOE BATTLE BOULEVARD NORTHBOUND","PROP_CITY":"EL PASO","PROP_ST":"Texas","PROP_ZIP":"79938","OUTBLDG":" ","HEIGHT":4.73999977,"SQMETERS":160.136993,"SQFEET":1723.68994,"H_ADJ_ELEV":0,"L_ADJ_ELEV":0,"FIPS":"48141","CENSUSCODE":"48141010352","PROD_DATE":1414800000000,"SOURCE":"NGA","USNG":"13R CR 80102 17532","LONGITUDE":-106.266396669,"LATITUDE":31.787067769099998,"IMAGE_NAME":"Li270-El Paso","IMAGE_DATE":1414800000000,"VAL_METHOD":"Unverified","REMARKS":" ","UUID":"{8482914a-63dc-4929-bc9c-b352477010f0}","Shape_Leng":0.000585673477603,"Shape_Area":1.5248444555199999e-08,"HEIGHT_FT":15.5511808491,"Shape_Length":149.01246715652644}},{"type":"Feature","id":6918,"geometry":{"type":"Polygon","coordinates":[[[-106.26639582998104,31.787025948639133],[-106.2663687903913,31.787025840438343],[-106.26637051913831,31.787030204239198],[-106.26628835980614,31.787031874259267],[-106.26628908053213,31.787080354483564],[-106.2663019733661,31.787079766587652],[-106.26630206353254,31.787102847173689],[-106.26639606431002,31.787102375763045],[-106.26639582998104,31.787025948639133]]]},"properties":{"OBJECTID":6918,"Join_Count":1,"TARGET_FID":11592,"PIDN":"T28799903307850","STATE_CD":"F1","CombineADD":"3070 JOE BATTLE BLVD","Type":"Commercial","State_Code":"F1","Living_Are":"920","Value":80310,"Value_Sq_F":87.293478260900002,"Descriptio":"MAIN AREA","Class_CD":"QICA","Class_Desc":"Office Apartments; Masonry; Average","Class_De_1":"Office Apartments","Building_M":"Masonry","Condition":"Average","Exterior_W":"804","Year_Built":2004,"Sq_Footage":"621","BUILD_ID":29473864,"OCC_CLS":"Commercial","PRIM_OCC":"Retail Trade","SEC_OCC":" ","PROP_ADDR":"3070 JOE BATTLE BOULEVARD NORTHBOUND","PROP_CITY":"EL PASO","PROP_ST":"Texas","PROP_ZIP":"79938","OUTBLDG":" ","HEIGHT":4.73999977,"SQMETERS":160.136993,"SQFEET":1723.68994,"H_ADJ_ELEV":0,"L_ADJ_ELEV":0,"FIPS":"48141","CENSUSCODE":"48141010352","PROD_DATE":1414800000000,"SOURCE":"NGA","USNG":"13R CR 80102 17532","LONGITUDE":-106.266396669,"LATITUDE":31.787067769099998,"IMAGE_NAME":"Li270-El Paso","IMAGE_DATE":1414800000000,"VAL_METHOD":"Unverified","REMARKS":" ","UUID":"{8482914a-63dc-4929-bc9c-b352477010f0}","Shape_Leng":0.000585673477603,"Shape_Area":1.5248444555199999e-08,"HEIGHT_FT":15.5511808491,"Shape_Length":122.67092833009501}},{"type":"Feature","id":7774,"geometry":{"type":"Polygon","coordinates":[[[-106.25920460813185,31.791157977778958],[-106.25920596140162,31.791188818419183],[-106.25925280950285,31.791187705416061],[-106.25925196494846,31.791158221624769],[-106.25920460813185,31.791157977778958]]]},"properties":{"OBJECTID":7774,"Join_Count":1,"TARGET_FID":13048,"PIDN":"T28799906000200","STATE_CD":"F1","CombineADD":"12680 TIERRA ESTE RD","Type":"Commercial","State_Code":"F1","Living_Are":"4938","Value":816700,"Value_Sq_F":165.39084649700001,"Descriptio":"MAIN AREA","Class_CD":"PADA","Class_Desc":" ","Class_De_1":"Branch Bank","Building_M":"Frame","Condition":"Average","Exterior_W":"892","Year_Built":2004,"Sq_Footage":"4938","BUILD_ID":29492837,"OCC_CLS":"Commercial","PRIM_OCC":"Professional/Technical Services","SEC_OCC":" ","PROP_ADDR":"12680 TIERRA ESTE ROAD","PROP_CITY":"EL PASO","PROP_ST":"Texas","PROP_ZIP":"79938","OUTBLDG":" ","HEIGHT":5.69000006,"SQMETERS":647.263977,"SQFEET":6967.08984,"H_ADJ_ELEV":0,"L_ADJ_ELEV":0,"FIPS":"48141","CENSUSCODE":"48141010352","PROD_DATE":1414800000000,"SOURCE":"NGA","USNG":"13R CR 80786 17967","LONGITUDE":-106.25917487,"LATITUDE":31.791106351300002,"IMAGE_NAME":"Li270-El Paso","IMAGE_DATE":1414800000000,"VAL_METHOD":"Unverified","REMARKS":" ","UUID":"{15454a4b-3961-4828-959d-d537329c4c6e}","Shape_Leng":0.00146510342593,"Shape_Area":6.1636085370599997e-08,"HEIGHT_FT":18.667979787699998,"Shape_Length":51.232202580705732}},{"type":"Feature","id":18082,"geometry":{"type":"Polygon","coordinates":[[[-106.25716056875972,31.770951212213646],[-106.25714091049123,31.770971005978627],[-106.25717787781051,31.771002411658049],[-106.25722352553962,31.771034440813327],[-106.2573524440626,31.770919129015649],[-106.25730087779557,31.770885500783699],[-106.2572679292977,31.77085222141843],[-106.25724729772348,31.77087376559129],[-106.25723496932078,31.770863303030513],[-106.25725499922997,31.770846246960236],[-106.25720590172875,31.770811079281309],[-106.25716933300224,31.770776521498146],[-106.25704209414408,31.770894134652885],[-106.2570791447705,31.770926571585147],[-106.25712345143752,31.7709571020841],[-106.25714491446604,31.770936700501139],[-106.25716056875972,31.770951212213646]]]},"properties":{"OBJECTID":18082,"Join_Count":1,"TARGET_FID":28199,"PIDN":"S81299904600100","STATE_CD":"B2","CombineADD":"2140 ZARAGOZA RD","Type":"Commercial","State_Code":"B2","Living_Are":"3348","Value":165127,"Value_Sq_F":49.321087216199999,"Descriptio":"MAIN AREA","Class_CD":"QNDA","Class_Desc":"Apartments; Frame; Average","Class_De_1":"Apartments","Building_M":"Frame","Condition":"Average","Exterior_W":"892","Year_Built":2004,"Sq_Footage":"1674","BUILD_ID":29418704,"OCC_CLS":"Residential","PRIM_OCC":"Multi - Family Dwelling","SEC_OCC":" ","PROP_ADDR":"2140 NORTH ZARAGOZA ROAD","PROP_CITY":"EL PASO","PROP_ST":"Texas","PROP_ZIP":"79938","OUTBLDG":" ","HEIGHT":5.94000006,"SQMETERS":362.162994,"SQFEET":3898.29004,"H_ADJ_ELEV":0,"L_ADJ_ELEV":0,"FIPS":"48141","CENSUSCODE":"48141010366","PROD_DATE":1414800000000,"SOURCE":"NGA","USNG":"13R CR 80952 15729","LONGITUDE":-106.25719655499999,"LATITUDE":31.7708998198,"IMAGE_NAME":"Li270-El Paso","IMAGE_DATE":1414800000000,"VAL_METHOD":"Unverified","REMARKS":" ","UUID":"{6346ae84-6dee-4512-a0cc-3a17750d23d9}","Shape_Leng":0.00077255084577500005,"Shape_Area":3.4479829270599998e-08,"HEIGHT_FT":19.488189787700001,"Shape_Length":308.79535337055029}},{"type":"Feature","id":18083,"geometry":{"type":"Polygon","coordinates":[[[-106.25690731105446,31.77076278140256],[-106.25688652473768,31.770784201604215],[-106.25691583358355,31.770809150773701],[-106.25695571569702,31.770839323740638],[-106.25709755224193,31.770709443066462],[-106.25705331536086,31.770680012140808],[-106.25702700794328,31.770652336069766],[-106.256999645568,31.770676681219467],[-106.25698592784983,31.770663656416389],[-106.2570097776002,31.770642096701255],[-106.25697311902815,31.770615941433597],[-106.25694168108448,31.770584824914401],[-106.25679868157134,31.770715755465517],[-106.25683053601433,31.770743702834402],[-106.25686961289495,31.770769222387209],[-106.25689110969142,31.770749344946033],[-106.25690731105446,31.77076278140256]]]},"properties":{"OBJECTID":18083,"Join_Count":1,"TARGET_FID":28200,"PIDN":"S81299904600100","STATE_CD":"B2","CombineADD":"2140 ZARAGOZA RD","Type":"Commercial","State_Code":"B2","Living_Are":"3348","Value":165127,"Value_Sq_F":49.321087216199999,"Descriptio":"MAIN AREA","Class_CD":"QNDA","Class_Desc":"Apartments; Frame; Average","Class_De_1":"Apartments","Building_M":"Frame","Condition":"Average","Exterior_W":"892","Year_Built":2004,"Sq_Footage":"1674","BUILD_ID":29418142,"OCC_CLS":"Residential","PRIM_OCC":"Multi - Family Dwelling","SEC_OCC":" ","PROP_ADDR":"2140 NORTH ZARAGOZA ROAD","PROP_CITY":"EL PASO","PROP_ST":"Texas","PROP_ZIP":"79938","OUTBLDG":" ","HEIGHT":5.67000008,"SQMETERS":363.097992,"SQFEET":3908.3501,"H_ADJ_ELEV":0,"L_ADJ_ELEV":0,"FIPS":"48141","CENSUSCODE":"48141010366","PROD_DATE":1414800000000,"SOURCE":"NGA","USNG":"13R CR 80976 15708","LONGITUDE":-106.25694516999999,"LATITUDE":31.770709352800001,"IMAGE_NAME":"Li270-El Paso","IMAGE_DATE":1414800000000,"VAL_METHOD":"Unverified","REMARKS":" ","UUID":"{b9a5b561-be96-4e99-9946-c9efabff6714}","Shape_Leng":0.00075301481360100003,"Shape_Area":3.4568699508500001e-08,"HEIGHT_FT":18.602363050299999,"Shape_Length":305.26687672631942}},{"type":"Feature","id":18084,"geometry":{"type":"Polygon","coordinates":[[[-106.25666237383898,31.770559954250935],[-106.25664220005284,31.770581347427818],[-106.25668099194046,31.770612129169294],[-106.2567267182863,31.770645746273871],[-106.25685170207976,31.770531384513156],[-106.25680261735174,31.770493196849998],[-106.2567713427845,31.770464697433397],[-106.25675103940625,31.770483995783017],[-106.25673619477074,31.770472597377051],[-106.25675465964191,31.770453382743266],[-106.25670777275717,31.770420869769719],[-106.25667430153494,31.770386695553615],[-106.25654787098847,31.770507420749475],[-106.25658714367108,31.770536081684416],[-106.2566308691588,31.770567164440909],[-106.25665069067065,31.770549986994453],[-106.25666237383898,31.770559954250935]]]},"properties":{"OBJECTID":18084,"Join_Count":1,"TARGET_FID":28201,"PIDN":"S81299904600100","STATE_CD":"B2","CombineADD":"2140 ZARAGOZA RD","Type":"Commercial","State_Code":"B2","Living_Are":"3348","Value":165127,"Value_Sq_F":49.321087216199999,"Descriptio":"MAIN AREA","Class_CD":"QNDA","Class_Desc":"Apartments; Frame; Average","Class_De_1":"Apartments","Building_M":"Frame","Condition":"Average","Exterior_W":"892","Year_Built":2004,"Sq_Footage":"1674","BUILD_ID":29417642,"OCC_CLS":"Residential","PRIM_OCC":"Multi - Family Dwelling","SEC_OCC":" ","PROP_ADDR":"2140 NORTH ZARAGOZA ROAD","PROP_CITY":"EL PASO","PROP_ST":"Texas","PROP_ZIP":"79938","OUTBLDG":" ","HEIGHT":5.82999992,"SQMETERS":360.871002,"SQFEET":3884.37988,"H_ADJ_ELEV":0,"L_ADJ_ELEV":0,"FIPS":"48141","CENSUSCODE":"48141010366","PROD_DATE":1414800000000,"SOURCE":"NGA","USNG":"13R CR 80998 15686","LONGITUDE":-106.256700225,"LATITUDE":31.770509079899998,"IMAGE_NAME":"Li270-El Paso","IMAGE_DATE":1414800000000,"VAL_METHOD":"Unverified","REMARKS":" ","UUID":"{0d0a4d62-387e-4657-baf5-094cca197dc0}","Shape_Leng":0.00075460315829899995,"Shape_Area":3.4356635527600002e-08,"HEIGHT_FT":19.1272969497,"Shape_Length":303.18193822938309}},{"type":"Feature","id":18085,"geometry":{"type":"Polygon","coordinates":[[[-106.25620227137185,31.771236853654244],[-106.25618177718947,31.77125574151809],[-106.256216755376,31.771290056777385],[-106.25626563424777,31.771322061072535],[-106.25638460172037,31.771207458974725],[-106.25634183323581,31.771172756956656],[-106.25630733080905,31.771142272039185],[-106.25628566190701,31.771162867992917],[-106.25626459224972,31.771151482911478],[-106.25628919210799,31.77113441853351],[-106.25625642764408,31.771108880552028],[-106.25625291094791,31.771111618279097],[-106.25619348306952,31.771064388339497],[-106.25619656364272,31.771059421605514],[-106.25616409227997,31.771035429109354],[-106.25614015167004,31.77105172376314],[-106.25612825151634,31.771039922090804],[-106.25614922233551,31.771018151325475],[-106.25610103834818,31.770986081034899],[-106.25606862135933,31.77095590934006],[-106.25593927784087,31.77107427917171],[-106.25597725453584,31.771104026179906],[-106.25602377741735,31.771133888957117],[-106.25604420288258,31.771113882523267],[-106.25606203299847,31.771125975086346],[-106.256045913024,31.771141296806846],[-106.2560513956649,31.771144975030904],[-106.25604702139684,31.771148540252579],[-106.25607326795334,31.771169227027915],[-106.25607967807828,31.771166690839905],[-106.25614110482549,31.771214390686072],[-106.25613807476149,31.771218455572644],[-106.25616170272642,31.771239261551436],[-106.25616573644986,31.771240761389276],[-106.25618633646603,31.771223553099951],[-106.25620227137185,31.771236853654244]]]},"properties":{"OBJECTID":18085,"Join_Count":1,"TARGET_FID":28202,"PIDN":"S81299904600100","STATE_CD":"B2","CombineADD":"2140 ZARAGOZA RD","Type":"Commercial","State_Code":"B2","Living_Are":"3348","Value":165127,"Value_Sq_F":49.321087216199999,"Descriptio":"MAIN AREA","Class_CD":"QNDA","Class_Desc":"Apartments; Frame; Average","Class_De_1":"Apartments","Building_M":"Frame","Condition":"Average","Exterior_W":"892","Year_Built":2004,"Sq_Footage":"1674","BUILD_ID":29419275,"OCC_CLS":"Residential","PRIM_OCC":"Multi - Family Dwelling","SEC_OCC":" ","PROP_ADDR":"2140 NORTH ZARAGOZA ROAD","PROP_CITY":"EL PASO","PROP_ST":"Texas","PROP_ZIP":"79938","OUTBLDG":" ","HEIGHT":6.07999992,"SQMETERS":629.525024,"SQFEET":6776.1499,"H_ADJ_ELEV":0,"L_ADJ_ELEV":0,"FIPS":"48141","CENSUSCODE":"48141010366","PROD_DATE":1414800000000,"SOURCE":"NGA","USNG":"13R CR 81050 15754","LONGITUDE":-106.256163872,"LATITUDE":31.771131565099999,"IMAGE_NAME":"Li270-El Paso","IMAGE_DATE":1414800000000,"VAL_METHOD":"Unverified","REMARKS":" ","UUID":"{576ea76d-e90d-4081-ae86-290faa229866}","Shape_Leng":0.00110227062446,"Shape_Area":5.9934181102199998e-08,"HEIGHT_FT":19.947506949699999,"Shape_Length":467.30836603361053}},{"type":"Feature","id":18086,"geometry":{"type":"Polygon","coordinates":[[[-106.25584454378472,31.771534120727576],[-106.25582404941095,31.771553007632303],[-106.25585902868816,31.771587323836322],[-106.25590790648194,31.771619327409393],[-106.25602687481424,31.771504726552326],[-106.2559841062704,31.771470023520234],[-106.25594960385047,31.771439538511537],[-106.25592793480313,31.771460134403323],[-106.25590686517891,31.771448750165948],[-106.25593146512217,31.771431684956958],[-106.25589870070812,31.771406147789023],[-106.25589518399067,31.771408885506048],[-106.25583575715837,31.771361655360757],[-106.25583883670572,31.771356688683738],[-106.25580636533169,31.771332696101226],[-106.25578242563974,31.771348990639364],[-106.25577052443904,31.77133718898369],[-106.25579149645995,31.771315418230529],[-106.25574331138841,31.771283347859306],[-106.25571089546595,31.771253176030903],[-106.25558155004313,31.771371545541459],[-106.25561952779908,31.771401292602455],[-106.25566604965952,31.771431155552037],[-106.25568647526399,31.771411149176629],[-106.25570430539007,31.771423241787318],[-106.25568818530753,31.77143856346175],[-106.25569366894973,31.771442240751803],[-106.25568929365657,31.771445806909679],[-106.25571554127151,31.771466493706662],[-106.25572195037184,31.771463957584512],[-106.25578337713158,31.771511657593869],[-106.25578034809708,31.771515722423722],[-106.25580397500335,31.771536528512968],[-106.255808009788,31.771538028313802],[-106.2558286088792,31.771520820131006],[-106.25584454378472,31.771534120727576]]]},"properties":{"OBJECTID":18086,"Join_Count":1,"TARGET_FID":28203,"PIDN":"S81299904600100","STATE_CD":"B2","CombineADD":"2140 ZARAGOZA RD","Type":"Commercial","State_Code":"B2","Living_Are":"3348","Value":165127,"Value_Sq_F":49.321087216199999,"Descriptio":"MAIN AREA","Class_CD":"QNDA","Class_Desc":"Apartments; Frame; Average","Class_De_1":"Apartments","Building_M":"Frame","Condition":"Average","Exterior_W":"892","Year_Built":2004,"Sq_Footage":"1674","BUILD_ID":29419953,"OCC_CLS":"Residential","PRIM_OCC":"Multi - Family Dwelling","SEC_OCC":" ","PROP_ADDR":"2140 NORTH ZARAGOZA ROAD","PROP_CITY":"EL PASO","PROP_ST":"Texas","PROP_ZIP":"79938","OUTBLDG":" ","HEIGHT":6.13999987,"SQMETERS":618.416016,"SQFEET":6656.56982,"H_ADJ_ELEV":0,"L_ADJ_ELEV":0,"FIPS":"48141","CENSUSCODE":"48141010366","PROD_DATE":1414800000000,"SOURCE":"NGA","USNG":"13R CR 81084 15786","LONGITUDE":-106.255810267,"LATITUDE":31.771428331799999,"IMAGE_NAME":"Li270-El Paso","IMAGE_DATE":1414800000000,"VAL_METHOD":"Unverified","REMARKS":" ","UUID":"{2a9b074c-dbe0-4e4e-be40-6795aa930e3c}","Shape_Leng":0.00110669373039,"Shape_Area":5.88767496691e-08,"HEIGHT_FT":20.144357161999999,"Shape_Length":467.30798011915067}},{"type":"Feature","id":18087,"geometry":{"type":"Polygon","coordinates":[[[-106.25646084251233,31.772074744398807],[-106.25643933012059,31.772095191440606],[-106.25647346170634,31.7721258602982],[-106.25651274428382,31.772150924440087],[-106.25665328249056,31.772023018243399],[-106.256613832886,31.771995276658579],[-106.25658518634091,31.771964358094799],[-106.25656004790518,31.771989670294499],[-106.25654424158041,31.771975620626087],[-106.25655911996367,31.771962188794326],[-106.25652763162454,31.771936098741897],[-106.25652165459148,31.771941070014705],[-106.25645983711871,31.77189487923588],[-106.25646490452975,31.771887935338309],[-106.25643597590334,31.771865084856572],[-106.25642097228211,31.7718765092369],[-106.2564052912884,31.771864467889511],[-106.2564235441895,31.771842155211704],[-106.25638673793256,31.771818992343068],[-106.25635639967516,31.771786136713189],[-106.25621314381526,31.771920879504982],[-106.25624537464894,31.771946264777963],[-106.2562801641055,31.771974889687861],[-106.25630538615701,31.771950916734578],[-106.25632428479935,31.771964153689314],[-106.25630862310662,31.77197762115626],[-106.25634072869464,31.772000998066638],[-106.25634600495631,31.771997401704905],[-106.25641173987722,31.772043414175005],[-106.25640287925449,31.772052544817214],[-106.25643394997502,31.772071940737725],[-106.25644586126646,31.772061329102524],[-106.25646084251233,31.772074744398807]]]},"properties":{"OBJECTID":18087,"Join_Count":1,"TARGET_FID":28204,"PIDN":"S81299904600100","STATE_CD":"B2","CombineADD":"2140 ZARAGOZA RD","Type":"Commercial","State_Code":"B2","Living_Are":"3348","Value":165127,"Value_Sq_F":49.321087216199999,"Descriptio":"MAIN AREA","Class_CD":"QNDA","Class_Desc":"Apartments; Frame; Average","Class_De_1":"Apartments","Building_M":"Frame","Condition":"Average","Exterior_W":"892","Year_Built":2004,"Sq_Footage":"1674","BUILD_ID":29421278,"OCC_CLS":"Residential","PRIM_OCC":"Multi - Family Dwelling","SEC_OCC":" ","PROP_ADDR":"2140 NORTH ZARAGOZA ROAD","PROP_CITY":"EL PASO","PROP_ST":"Texas","PROP_ZIP":"79938","OUTBLDG":" ","HEIGHT":5.96999979,"SQMETERS":630.322021,"SQFEET":6784.72021,"H_ADJ_ELEV":0,"L_ADJ_ELEV":0,"FIPS":"48141","CENSUSCODE":"48141010366","PROD_DATE":1414800000000,"SOURCE":"NGA","USNG":"13R CR 81025 15846","LONGITUDE":-106.25643506900001,"LATITUDE":31.771960388899998,"IMAGE_NAME":"Li270-El Paso","IMAGE_DATE":1414800000000,"VAL_METHOD":"Unverified","REMARKS":" ","UUID":"{3bc1732f-3c06-4726-b417-cbc3df2ec206}","Shape_Leng":0.0011344837141300001,"Shape_Area":6.0010594482700006e-08,"HEIGHT_FT":19.586614111700001,"Shape_Length":460.72569052488791}},{"type":"Feature","id":18088,"geometry":{"type":"Polygon","coordinates":[[[-106.25611545271674,31.772399879876644],[-106.25609393917907,31.772420327807364],[-106.25612807182434,31.772450996703601],[-106.25616735444514,31.772476060946524],[-106.25630789359755,31.772348155138882],[-106.25626844395887,31.772320413452913],[-106.25623979742812,31.772289494817116],[-106.25621465875822,31.772314806046317],[-106.25619885143243,31.772300757286359],[-106.2562137299154,31.772287325495803],[-106.25618224150718,31.77226123446253],[-106.25617626554599,31.772266206571476],[-106.25611444802956,31.772220015634566],[-106.25611951548321,31.772213071751349],[-106.25609058684087,31.772190221195764],[-106.2560755831268,31.772201645534853],[-106.25605990106897,31.772189604195386],[-106.25607815411365,31.772167291568859],[-106.25604134886913,31.772144128557549],[-106.25601100957311,31.772111272899355],[-106.25586775273342,31.772246015293959],[-106.25589998352893,31.772271399748696],[-106.25593477305667,31.772300025647816],[-106.25595999528159,31.772276052764472],[-106.25597889499468,31.77228928971962],[-106.25596323319944,31.772302757143269],[-106.25599533775808,31.772326134183864],[-106.25600061405088,31.772322537836605],[-106.2560663500837,31.772368550427174],[-106.25605748939748,31.772377681044748],[-106.25608856015381,31.772397077045216],[-106.2561004714684,31.772386464542372],[-106.25611545271674,31.772399879876644]]]},"properties":{"OBJECTID":18088,"Join_Count":1,"TARGET_FID":28205,"PIDN":"S81299904600100","STATE_CD":"B2","CombineADD":"2140 ZARAGOZA RD","Type":"Commercial","State_Code":"B2","Living_Are":"3348","Value":165127,"Value_Sq_F":49.321087216199999,"Descriptio":"MAIN AREA","Class_CD":"QNDA","Class_Desc":"Apartments; Frame; Average","Class_De_1":"Apartments","Building_M":"Frame","Condition":"Average","Exterior_W":"892","Year_Built":2004,"Sq_Footage":"1674","BUILD_ID":29422075,"OCC_CLS":"Residential","PRIM_OCC":"Multi - Family Dwelling","SEC_OCC":" ","PROP_ADDR":"2140 NORTH ZARAGOZA ROAD","PROP_CITY":"EL PASO","PROP_ST":"Texas","PROP_ZIP":"79938","OUTBLDG":" ","HEIGHT":6.07000017,"SQMETERS":618.30603,"SQFEET":6655.39014,"H_ADJ_ELEV":0,"L_ADJ_ELEV":0,"FIPS":"48141","CENSUSCODE":"48141010366","PROD_DATE":1414800000000,"SOURCE":"NGA","USNG":"13R CR 81058 15882","LONGITUDE":-106.25609159299999,"LATITUDE":31.772284344599999,"IMAGE_NAME":"Li270-El Paso","IMAGE_DATE":1414800000000,"VAL_METHOD":"Unverified","REMARKS":" ","UUID":"{14768812-853e-4868-aa29-4257606e70f3}","Shape_Leng":0.00111538038621,"Shape_Area":5.88668157919e-08,"HEIGHT_FT":19.9146993632,"Shape_Length":460.72694871493616}},{"type":"Feature","id":18089,"geometry":{"type":"Polygon","coordinates":[[[-106.25647383717958,31.771639190782704],[-106.25659542909041,31.771731873043439],[-106.25664832920856,31.771678562394317],[-106.25652995174087,31.771583584307393],[-106.25647383717958,31.771639190782704]]]},"properties":{"OBJECTID":18089,"Join_Count":0,"TARGET_FID":28206,"PIDN":"S81299904600100","STATE_CD":"B2","CombineADD":"2140 ZARAGOZA RD","Type":"Commercial","State_Code":"B2","Living_Are":"3348","Value":165127,"Value_Sq_F":49.321087216199999,"Descriptio":"MAIN AREA","Class_CD":"QNDA","Class_Desc":"Apartments; Frame; Average","Class_De_1":"Apartments","Building_M":"Frame","Condition":"Average","Exterior_W":"892","Year_Built":2004,"Sq_Footage":"1674","BUILD_ID":null,"OCC_CLS":null,"PRIM_OCC":null,"SEC_OCC":null,"PROP_ADDR":null,"PROP_CITY":null,"PROP_ST":null,"PROP_ZIP":null,"OUTBLDG":null,"HEIGHT":null,"SQMETERS":null,"SQFEET":null,"H_ADJ_ELEV":null,"L_ADJ_ELEV":null,"FIPS":null,"CENSUSCODE":null,"PROD_DATE":null,"SOURCE":null,"USNG":null,"LONGITUDE":null,"LATITUDE":null,"IMAGE_NAME":null,"IMAGE_DATE":null,"VAL_METHOD":null,"REMARKS":null,"UUID":null,"Shape_Leng":null,"Shape_Area":null,"HEIGHT_FT":null,"Shape_Length":153.24332839693915}},{"type":"Feature","id":18090,"geometry":{"type":"Polygon","coordinates":[[[-106.25568023525226,31.772031821548829],[-106.25570974033613,31.771997546495669],[-106.25575636581608,31.771961018978548],[-106.2557245835082,31.771940347525529],[-106.25573988321096,31.771927363544403],[-106.25575919001342,31.771941721781388],[-106.25576706915592,31.771938905589874],[-106.25577356306302,31.771941558764802],[-106.25578206941697,31.771930358000429],[-106.2557975230271,31.771919824498397],[-106.25579084458667,31.771914230011461],[-106.25585083410968,31.771861365555175],[-106.25585452064178,31.771865129169917],[-106.25586073308291,31.771854033734801],[-106.25588017158098,31.771842827488047],[-106.2558505609352,31.771820091023038],[-106.25587246939692,31.771802382486314],[-106.2558987603076,31.771827235353406],[-106.25593125610229,31.771794791163533],[-106.2559757473734,31.771761338432022],[-106.25583782093113,31.771650448295688],[-106.25579160629931,31.77168662749806],[-106.25576216135316,31.771721881574692],[-106.25578455671656,31.771739637773479],[-106.25576838523718,31.771757085118548],[-106.25575424202297,31.771742492713823],[-106.25574497026702,31.771741439954077],[-106.25571807565267,31.771762226733063],[-106.25572351430984,31.771766402807263],[-106.25566425112301,31.771821691633328],[-106.25566002061848,31.771818444095469],[-106.25563334606622,31.771842759409363],[-106.25565528412081,31.771862404179029],[-106.25563877526515,31.771874460560284],[-106.25561291342042,31.771856468368291],[-106.25556973103203,31.771892839996617],[-106.2555407382427,31.771926108158276],[-106.25568023525226,31.772031821548829]]]},"properties":{"OBJECTID":18090,"Join_Count":1,"TARGET_FID":28207,"PIDN":"S81299904600100","STATE_CD":"B2","CombineADD":"2140 ZARAGOZA RD","Type":"Commercial","State_Code":"B2","Living_Are":"3348","Value":165127,"Value_Sq_F":49.321087216199999,"Descriptio":"MAIN AREA","Class_CD":"QNDA","Class_Desc":"Apartments; Frame; Average","Class_De_1":"Apartments","Building_M":"Frame","Condition":"Average","Exterior_W":"892","Year_Built":2004,"Sq_Footage":"1674","BUILD_ID":29421009,"OCC_CLS":"Residential","PRIM_OCC":"Multi - Family Dwelling","SEC_OCC":" ","PROP_ADDR":"2140 NORTH ZARAGOZA ROAD","PROP_CITY":"EL PASO","PROP_ST":"Texas","PROP_ZIP":"79938","OUTBLDG":" ","HEIGHT":6.07000017,"SQMETERS":651.453003,"SQFEET":7012.16992,"H_ADJ_ELEV":0,"L_ADJ_ELEV":0,"FIPS":"48141","CENSUSCODE":"48141010366","PROD_DATE":1414800000000,"SOURCE":"NGA","USNG":"13R CR 81089 15831","LONGITUDE":-106.255756854,"LATITUDE":31.771834646799999,"IMAGE_NAME":"Li270-El Paso","IMAGE_DATE":1414800000000,"VAL_METHOD":"Unverified","REMARKS":" ","UUID":"{aee9861e-eee9-4f76-9c4e-2e9d3ddee0f3}","Shape_Leng":0.0011101373118899999,"Shape_Area":6.2022246519899999e-08,"HEIGHT_FT":19.9146993632,"Shape_Length":484.28978677623212}},{"type":"Feature","id":18091,"geometry":{"type":"Polygon","coordinates":[[[-106.25434983884749,31.773426532012468],[-106.2545266202127,31.773556430537589],[-106.25500731122729,31.773118848629984],[-106.25482402460473,31.772974112638561],[-106.25434983884749,31.773426532012468]]]},"properties":{"OBJECTID":18091,"Join_Count":1,"TARGET_FID":28208,"PIDN":"Z01099900100250","STATE_CD":"F1","CombineADD":"2230 ZARAGOZA RD","Type":"Commercial","State_Code":"F1","Living_Are":"13200","Value":472288,"Value_Sq_F":35.779393939400002,"Descriptio":"MAIN AREA","Class_CD":"MXCA","Class_Desc":" ","Class_De_1":"Strip Store","Building_M":"Masonry","Condition":"Average","Exterior_W":"817","Year_Built":2005,"Sq_Footage":"13200","BUILD_ID":29424547,"OCC_CLS":"Education","PRIM_OCC":"Other Educational Buildings","SEC_OCC":" ","PROP_ADDR":"2230 NORTH ZARAGOZA ROAD","PROP_CITY":"EL PASO","PROP_ST":"Texas","PROP_ZIP":"79938","OUTBLDG":" ","HEIGHT":4.92000008,"SQMETERS":1413.77002,"SQFEET":15217.5996,"H_ADJ_ELEV":0,"L_ADJ_ELEV":0,"FIPS":"48141","CENSUSCODE":"48141010366","PROD_DATE":1414800000000,"SOURCE":"NGA","USNG":"13R CR 81197 15988","LONGITUDE":-106.25464356400001,"LATITUDE":31.773254832599999,"IMAGE_NAME":"Li270-El Paso","IMAGE_DATE":1414800000000,"VAL_METHOD":"Unverified","REMARKS":" ","UUID":"{5ab7a0ed-5ae9-49c9-9c6b-8930138e8ee0}","Shape_Leng":0.00170745837021,"Shape_Area":1.3460125591999999e-07,"HEIGHT_FT":16.141733050300001,"Shape_Length":589.24281872092808}},{"type":"Feature","id":18771,"geometry":{"type":"Polygon","coordinates":[[[-106.26588996796613,31.781743221739134],[-106.26705540045833,31.781732721167899],[-106.26705383142679,31.781653369789325],[-106.26698760498603,31.781653379041177],[-106.26673703513104,31.78165341220166],[-106.26666578120823,31.781653422067574],[-106.26657870890125,31.781653433451783],[-106.26593130468869,31.781653516386179],[-106.26589195389559,31.781653521561509],[-106.26588996796613,31.781743221739134]]]},"properties":{"OBJECTID":18771,"Join_Count":1,"TARGET_FID":29370,"PIDN":"S53999900100100","STATE_CD":"C10","CombineADD":"12221 MARIBEL CHAVEZ","Type":"Commercial","State_Code":"F1","Living_Are":"1530","Value":201897,"Value_Sq_F":131.958823529,"Descriptio":"MAIN AREA","Class_CD":"QICA","Class_Desc":"Office Apartments; Masonry; Average","Class_De_1":"Office Apartments","Building_M":"Masonry","Condition":"Average","Exterior_W":"812","Year_Built":2003,"Sq_Footage":"765","BUILD_ID":29453603,"OCC_CLS":"Commercial","PRIM_OCC":"Retail Trade","SEC_OCC":" ","PROP_ADDR":"2250 JOE BATTLE BOULEVARD NORTHBOUND","PROP_CITY":"EL PASO","PROP_ST":"Texas","PROP_ZIP":"79938","OUTBLDG":" ","HEIGHT":2.70000005,"SQMETERS":984.700012,"SQFEET":10599.2002,"H_ADJ_ELEV":0,"L_ADJ_ELEV":0,"FIPS":"48141","CENSUSCODE":"48141010352","PROD_DATE":1414800000000,"SOURCE":"NGA","USNG":"13R CR 80090 16935","LONGITUDE":-106.266450077,"LATITUDE":31.7816845167,"IMAGE_NAME":"Li270-El Paso","IMAGE_DATE":1414800000000,"VAL_METHOD":"Unverified","REMARKS":" ","UUID":"{4c2fc8bb-12c0-423d-bcc1-6df395d36bd5}","Shape_Leng":0.0024634053674300002,"Shape_Area":9.3759265924199999e-08,"HEIGHT_FT":8.8582681564399994,"Shape_Length":784.71699592609991}},{"type":"Feature","id":18772,"geometry":{"type":"Polygon","coordinates":[[[-106.26668533353482,31.782945331242821],[-106.26671606558664,31.782945326930143],[-106.26674934054822,31.782945323150333],[-106.26673647247222,31.78192828819185],[-106.26670273594624,31.781929106007723],[-106.26667545304377,31.781929767686336],[-106.26668533353482,31.782945331242821]]]},"properties":{"OBJECTID":18772,"Join_Count":1,"TARGET_FID":29371,"PIDN":"T28799910400200","STATE_CD":"F1","CombineADD":"2260 JOE BATTLE BLVD","Type":"Commercial","State_Code":"F1","Living_Are":"1530","Value":201897,"Value_Sq_F":131.958823529,"Descriptio":"MAIN AREA","Class_CD":"QICA","Class_Desc":"Office Apartments; Masonry; Average","Class_De_1":"Office Apartments","Building_M":"Masonry","Condition":"Average","Exterior_W":"812","Year_Built":2003,"Sq_Footage":"765","BUILD_ID":29457937,"OCC_CLS":"Commercial","PRIM_OCC":"Retail Trade","SEC_OCC":" ","PROP_ADDR":"2250 JOE BATTLE BOULEVARD NORTHBOUND","PROP_CITY":"EL PASO","PROP_ST":"Texas","PROP_ZIP":"79938","OUTBLDG":" ","HEIGHT":3.29999995,"SQMETERS":1279.14001,"SQFEET":13768.5996,"H_ADJ_ELEV":0,"L_ADJ_ELEV":0,"FIPS":"48141","CENSUSCODE":"48141010352","PROD_DATE":1414800000000,"SOURCE":"NGA","USNG":"13R CR 80054 16956","LONGITUDE":-106.26683730800001,"LATITUDE":31.782160211099999,"IMAGE_NAME":"Li270-El Paso","IMAGE_DATE":1414800000000,"VAL_METHOD":"Unverified","REMARKS":" ","UUID":"{6e2c1419-b1cc-473c-b865-70383227fbe9}","Shape_Leng":0.0036942534741999998,"Shape_Area":1.2179563965299999e-07,"HEIGHT_FT":10.8267718436,"Shape_Length":778.30977625097728}},{"type":"Feature","id":18773,"geometry":{"type":"Polygon","coordinates":[[[-106.26634915833235,31.781844126966455],[-106.26636164095223,31.782842677275212],[-106.26643612561379,31.782836234303829],[-106.26641672073107,31.781841045990276],[-106.26634915833235,31.781844126966455]]]},"properties":{"OBJECTID":18773,"Join_Count":1,"TARGET_FID":29372,"PIDN":"T28799910400150","STATE_CD":"F1","CombineADD":"2250 JOE BATTLE BLVD","Type":"Commercial","State_Code":"F1","Living_Are":"1530","Value":201897,"Value_Sq_F":131.958823529,"Descriptio":"MAIN AREA","Class_CD":"QICA","Class_Desc":"Office Apartments; Masonry; Average","Class_De_1":"Office Apartments","Building_M":"Masonry","Condition":"Average","Exterior_W":"812","Year_Built":2003,"Sq_Footage":"765","BUILD_ID":29457544,"OCC_CLS":"Commercial","PRIM_OCC":"Retail Trade","SEC_OCC":" ","PROP_ADDR":"2250 JOE BATTLE BOULEVARD NORTHBOUND","PROP_CITY":"EL PASO","PROP_ST":"Texas","PROP_ZIP":"79938","OUTBLDG":" ","HEIGHT":2.56999993,"SQMETERS":641.070007,"SQFEET":6900.41016,"H_ADJ_ELEV":0,"L_ADJ_ELEV":0,"FIPS":"48141","CENSUSCODE":"48141010352","PROD_DATE":1414800000000,"SOURCE":"NGA","USNG":"13R CR 80098 17006","LONGITUDE":-106.26636782200001,"LATITUDE":31.7823272037,"IMAGE_NAME":"Li270-El Paso","IMAGE_DATE":1414800000000,"VAL_METHOD":"Unverified","REMARKS":" ","UUID":"{6ecb0f10-4264-4dc1-894f-faf240faa7a8}","Shape_Leng":0.0020890659486,"Shape_Area":6.1040521078100005e-08,"HEIGHT_FT":8.4317585809800004,"Shape_Length":769.63950272011402}},{"type":"Feature","id":18774,"geometry":{"type":"Polygon","coordinates":[[[-106.26617491960712,31.781852072426968],[-106.26619000745796,31.782835272999943],[-106.26629331955576,31.782833608285912],[-106.26627429580488,31.781844494446037],[-106.26617491960712,31.781852072426968]]]},"properties":{"OBJECTID":18774,"Join_Count":1,"TARGET_FID":29373,"PIDN":"T28799910400150","STATE_CD":"F1","CombineADD":"2250 JOE BATTLE BLVD","Type":"Commercial","State_Code":"F1","Living_Are":"1530","Value":201897,"Value_Sq_F":131.958823529,"Descriptio":"MAIN AREA","Class_CD":"QICA","Class_Desc":"Office Apartments; Masonry; Average","Class_De_1":"Office Apartments","Building_M":"Masonry","Condition":"Average","Exterior_W":"812","Year_Built":2003,"Sq_Footage":"765","BUILD_ID":29457547,"OCC_CLS":"Commercial","PRIM_OCC":"Retail Trade","SEC_OCC":" ","PROP_ADDR":"2250 JOE BATTLE BOULEVARD NORTHBOUND","PROP_CITY":"EL PASO","PROP_ST":"Texas","PROP_ZIP":"79938","OUTBLDG":" ","HEIGHT":2.75999999,"SQMETERS":938.888977,"SQFEET":10106.0996,"H_ADJ_ELEV":0,"L_ADJ_ELEV":0,"FIPS":"48141","CENSUSCODE":"48141010352","PROD_DATE":1414800000000,"SOURCE":"NGA","USNG":"13R CR 80113 17006","LONGITUDE":-106.266206901,"LATITUDE":31.782328802199999,"IMAGE_NAME":"Li270-El Paso","IMAGE_DATE":1414800000000,"VAL_METHOD":"Unverified","REMARKS":" ","UUID":"{834fba27-e277-46ad-acf6-0bd7d25a8d81}","Shape_Leng":0.0021469701884199999,"Shape_Area":8.9397851370700005e-08,"HEIGHT_FT":9.0551183687099996,"Shape_Length":780.67799078281882}},{"type":"Feature","id":18775,"geometry":{"type":"Polygon","coordinates":[[[-106.26667113852305,31.781917779925706],[-106.26718824890634,31.781928227577044],[-106.26718650148743,31.781833354510315],[-106.26666226679517,31.78183289467351],[-106.26667113852305,31.781917779925706]]]},"properties":{"OBJECTID":18775,"Join_Count":1,"TARGET_FID":29374,"PIDN":"T28799910400200","STATE_CD":"F1","CombineADD":"2260 JOE BATTLE BLVD","Type":"Commercial","State_Code":"F1","Living_Are":"1530","Value":201897,"Value_Sq_F":131.958823529,"Descriptio":"MAIN AREA","Class_CD":"QICA","Class_Desc":"Office Apartments; Masonry; Average","Class_De_1":"Office Apartments","Building_M":"Masonry","Condition":"Average","Exterior_W":"812","Year_Built":2003,"Sq_Footage":"765","BUILD_ID":29457937,"OCC_CLS":"Commercial","PRIM_OCC":"Retail Trade","SEC_OCC":" ","PROP_ADDR":"2250 JOE BATTLE BOULEVARD NORTHBOUND","PROP_CITY":"EL PASO","PROP_ST":"Texas","PROP_ZIP":"79938","OUTBLDG":" ","HEIGHT":3.29999995,"SQMETERS":1279.14001,"SQFEET":13768.5996,"H_ADJ_ELEV":0,"L_ADJ_ELEV":0,"FIPS":"48141","CENSUSCODE":"48141010352","PROD_DATE":1414800000000,"SOURCE":"NGA","USNG":"13R CR 80054 16956","LONGITUDE":-106.26683730800001,"LATITUDE":31.782160211099999,"IMAGE_NAME":"Li270-El Paso","IMAGE_DATE":1414800000000,"VAL_METHOD":"Unverified","REMARKS":" ","UUID":"{6e2c1419-b1cc-473c-b865-70383227fbe9}","Shape_Leng":0.0036942534741999998,"Shape_Area":1.2179563965299999e-07,"HEIGHT_FT":10.8267718436,"Shape_Length":389.15191364707647}},{"type":"Feature","id":18776,"geometry":{"type":"Polygon","coordinates":[[[-106.26670275404561,31.770084194340214],[-106.26719514114039,31.770081904050848],[-106.26720204253584,31.769923644894281],[-106.26670251643031,31.769915977440899],[-106.26670275404561,31.770084194340214]]]},"properties":{"OBJECTID":18776,"Join_Count":1,"TARGET_FID":29375,"PIDN":"S81299901102750","STATE_CD":"F1","CombineADD":"2110 JOE BATTLE BLVD","Type":" ","State_Code":" ","Living_Are":" ","Value":0,"Value_Sq_F":0,"Descriptio":" ","Class_CD":" ","Class_Desc":" ","Class_De_1":" ","Building_M":" ","Condition":" ","Exterior_W":" ","Year_Built":0,"Sq_Footage":" ","BUILD_ID":29416550,"OCC_CLS":"Commercial","PRIM_OCC":"Personal and Repair Services","SEC_OCC":" ","PROP_ADDR":"2110 JOE BATTLE BOULEVARD NORTHBOUND","PROP_CITY":"EL PASO","PROP_ST":"Texas","PROP_ZIP":"79938","OUTBLDG":" ","HEIGHT":4.42000008,"SQMETERS":864.981995,"SQFEET":9310.58008,"H_ADJ_ELEV":0,"L_ADJ_ELEV":0,"FIPS":"48141","CENSUSCODE":"48141010329","PROD_DATE":1414800000000,"SOURCE":"NGA","USNG":"13R CR 80031 15640","LONGITUDE":-106.26691193400001,"LATITUDE":31.7699931993,"IMAGE_NAME":"Li270-El Paso","IMAGE_DATE":1414800000000,"VAL_METHOD":"Unverified","REMARKS":" ","UUID":"{c575e69a-c41e-4ac6-9226-15ae67761796}","Shape_Leng":0.0014127602326799999,"Shape_Area":8.2349885885499995e-08,"HEIGHT_FT":14.5013130503,"Shape_Length":427.09749035755863}},{"type":"Feature","id":18777,"geometry":{"type":"Polygon","coordinates":[[[-106.26425037652712,31.76574743437541],[-106.26454564168915,31.765975955676637],[-106.26480993710214,31.765724695348361],[-106.26451196651047,31.765506864103095],[-106.26425037652712,31.76574743437541]]]},"properties":{"OBJECTID":18777,"Join_Count":1,"TARGET_FID":29376,"PIDN":"X579999304A0200","STATE_CD":"J4","CombineADD":"2001 ZARAGOZA RD","Type":" ","State_Code":" ","Living_Are":" ","Value":0,"Value_Sq_F":0,"Descriptio":" ","Class_CD":" ","Class_Desc":" ","Class_De_1":" ","Building_M":" ","Condition":" ","Exterior_W":" ","Year_Built":0,"Sq_Footage":" ","BUILD_ID":29407514,"OCC_CLS":"Commercial","PRIM_OCC":"Professional/Technical Services","SEC_OCC":" ","PROP_ADDR":"2001 NORTH ZARAGOZA ROAD","PROP_CITY":"EL PASO","PROP_ST":"Texas","PROP_ZIP":"79938","OUTBLDG":" ","HEIGHT":5.05999994,"SQMETERS":1499.43005,"SQFEET":16139.7002,"H_ADJ_ELEV":0,"L_ADJ_ELEV":0,"FIPS":"48141","CENSUSCODE":"48141010329","PROD_DATE":1414800000000,"SOURCE":"NGA","USNG":"13R CR 80255 15161","LONGITUDE":-106.264483189,"LATITUDE":31.765701526499999,"IMAGE_NAME":"Li270-El Paso","IMAGE_DATE":1414800000000,"VAL_METHOD":"Unverified","REMARKS":" ","UUID":"{625bcaea-919b-48dc-8153-6c423d4fcfc4}","Shape_Leng":0.0015238370785900001,"Shape_Area":1.4274539994099999e-07,"HEIGHT_FT":16.601050212299999,"Shape_Length":488.04320098211952}},{"type":"Feature","id":19371,"geometry":{"type":"Polygon","coordinates":[[[-106.25843013853404,31.769157353235872],[-106.25848590046931,31.769208027631787],[-106.25862623042275,31.7690833824111],[-106.2585677075492,31.769032832925152],[-106.25843013853404,31.769157353235872]]]},"properties":{"OBJECTID":19371,"Join_Count":1,"TARGET_FID":30290,"PIDN":"S81299904600320","STATE_CD":"F1","CombineADD":"2181 SUN COUNTRY DR","Type":"Commercial","State_Code":"F1","Living_Are":"1210","Value":5919,"Value_Sq_F":4.8917355371899998,"Descriptio":"MAIN AREA","Class_CD":"SXCA","Class_Desc":"Carwash Self Service; Masonry; Average","Class_De_1":"Carwash Self Service","Building_M":"Masonry","Condition":"Average","Exterior_W":"812","Year_Built":2004,"Sq_Footage":"1210","BUILD_ID":29414028,"OCC_CLS":"Commercial","PRIM_OCC":"Retail Trade","SEC_OCC":" ","PROP_ADDR":"2181 N ZARAGOZA RD","PROP_CITY":" ","PROP_ST":"Texas","PROP_ZIP":"79938","OUTBLDG":" ","HEIGHT":4.07000017,"SQMETERS":120.987999,"SQFEET":1302.30005,"H_ADJ_ELEV":0,"L_ADJ_ELEV":0,"FIPS":"48141","CENSUSCODE":"48141010366","PROD_DATE":1414800000000,"SOURCE":"NGA","USNG":"13R CR 80824 15534","LONGITUDE":-106.258524041,"LATITUDE":31.769120198100001,"IMAGE_NAME":"Li270-El Paso","IMAGE_DATE":1414800000000,"VAL_METHOD":"Unverified","REMARKS":" ","UUID":"{2a4f8509-7112-42c9-a5c2-6fa1a9b8b456}","Shape_Leng":0.00047850631610600001,"Shape_Area":1.1518458287699999e-08,"HEIGHT_FT":13.3530193632,"Shape_Length":176.36547178573761}},{"type":"Feature","id":19372,"geometry":{"type":"Polygon","coordinates":[[[-106.25830481254332,31.769056633010777],[-106.25836848799524,31.769101034034083],[-106.25849944972961,31.768981545485119],[-106.2584351130653,31.768926531800865],[-106.25830481254332,31.769056633010777]]]},"properties":{"OBJECTID":19372,"Join_Count":1,"TARGET_FID":30291,"PIDN":"S81299904600320","STATE_CD":"F1","CombineADD":"2181 SUN COUNTRY DR","Type":"Commercial","State_Code":"F1","Living_Are":"1210","Value":5919,"Value_Sq_F":4.8917355371899998,"Descriptio":"MAIN AREA","Class_CD":"SXCA","Class_Desc":"Carwash Self Service; Masonry; Average","Class_De_1":"Carwash Self Service","Building_M":"Masonry","Condition":"Average","Exterior_W":"812","Year_Built":2004,"Sq_Footage":"1210","BUILD_ID":29413793,"OCC_CLS":"Commercial","PRIM_OCC":"Retail Trade","SEC_OCC":" ","PROP_ADDR":"2181 NORTH ZARAGOZA ROAD","PROP_CITY":"EL PASO","PROP_ST":"Texas","PROP_ZIP":"79938","OUTBLDG":" ","HEIGHT":4.01999998,"SQMETERS":114.295998,"SQFEET":1230.27002,"H_ADJ_ELEV":0,"L_ADJ_ELEV":0,"FIPS":"48141","CENSUSCODE":"48141010366","PROD_DATE":1414800000000,"SOURCE":"NGA","USNG":"13R CR 80836 15522","LONGITUDE":-106.258400284,"LATITUDE":31.769014629099999,"IMAGE_NAME":"Li270-El Paso","IMAGE_DATE":1414800000000,"VAL_METHOD":"Unverified","REMARKS":" ","UUID":"{5133d761-1e24-4b8c-8aa7-856a2524454f}","Shape_Leng":0.00046358239583600003,"Shape_Area":1.0881374796500001e-08,"HEIGHT_FT":13.188976737400001,"Shape_Length":175.6692338608284}},{"type":"Feature","id":19373,"geometry":{"type":"Polygon","coordinates":[[[-106.2581980014137,31.768942061194132],[-106.25826081090563,31.768994780072447],[-106.25837695834122,31.768881878456963],[-106.25831574952684,31.76883263434117],[-106.2581980014137,31.768942061194132]]]},"properties":{"OBJECTID":19373,"Join_Count":1,"TARGET_FID":30292,"PIDN":"S81299904600320","STATE_CD":"F1","CombineADD":"2181 SUN COUNTRY DR","Type":"Commercial","State_Code":"F1","Living_Are":"1210","Value":5919,"Value_Sq_F":4.8917355371899998,"Descriptio":"MAIN AREA","Class_CD":"SXCA","Class_Desc":"Carwash Self Service; Masonry; Average","Class_De_1":"Carwash Self Service","Building_M":"Masonry","Condition":"Average","Exterior_W":"812","Year_Built":2004,"Sq_Footage":"1210","BUILD_ID":29413555,"OCC_CLS":"Commercial","PRIM_OCC":"Retail Trade","SEC_OCC":" ","PROP_ADDR":"2181 NORTH ZARAGOZA ROAD","PROP_CITY":"EL PASO","PROP_ST":"Texas","PROP_ZIP":"79938","OUTBLDG":" ","HEIGHT":4.0999999,"SQMETERS":104.497002,"SQFEET":1124.79004,"H_ADJ_ELEV":0,"L_ADJ_ELEV":0,"FIPS":"48141","CENSUSCODE":"48141010366","PROD_DATE":1414800000000,"SOURCE":"NGA","USNG":"13R CR 80846 15511","LONGITUDE":-106.258284491,"LATITUDE":31.768915827800001,"IMAGE_NAME":"Li270-El Paso","IMAGE_DATE":1414800000000,"VAL_METHOD":"Unverified","REMARKS":" ","UUID":"{158af2b4-ee60-47eb-9af0-6e3714e1f17f}","Shape_Leng":0.000427020502546,"Shape_Area":9.9484274934499999e-09,"HEIGHT_FT":13.451443687099999,"Shape_Length":162.24497045801377}},{"type":"Feature","id":19382,"geometry":{"type":"Polygon","coordinates":[[[-106.24605065403435,31.803257984347777],[-106.24610125858447,31.80326385767108],[-106.2461007791392,31.80348657002855],[-106.24630657247958,31.803487435089234],[-106.24630241013561,31.803459021684951],[-106.24647216613991,31.803457437168881],[-106.24647325315581,31.803206094628848],[-106.24642792821784,31.803208154096136],[-106.2464262781786,31.803181669447191],[-106.24626819584037,31.803178636795813],[-106.24626682326334,31.803002998157954],[-106.24621446805422,31.803007419895113],[-106.24621644662115,31.802962383290705],[-106.24586236900693,31.802962126561408],[-106.24587122697309,31.803065918772557],[-106.24566845452027,31.803075131265807],[-106.24567223861774,31.803481523359356],[-106.24575334816134,31.803477838388613],[-106.24575354870169,31.803212234956707],[-106.24605012036213,31.803211018988534],[-106.24605065403435,31.803257984347777]]]},"properties":{"OBJECTID":19382,"Join_Count":1,"TARGET_FID":30301,"PIDN":"T28799911900100","STATE_CD":"XV-C","CombineADD":"  RICH BEAM BLVD","Type":"Residential","State_Code":"XV-C","Living_Are":" ","Value":0,"Value_Sq_F":0,"Descriptio":"MAIN AREA","Class_CD":"XXX","Class_Desc":"Unknown Class/Permit Info","Class_De_1":"Unknown Class/Permit Info","Building_M":" ","Condition":" ","Exterior_W":" ","Year_Built":2007,"Sq_Footage":" ","BUILD_ID":29282569,"OCC_CLS":"Education","PRIM_OCC":"Pre-K - 12 Schools","SEC_OCC":" ","PROP_ADDR":"3830 RICH BEEM BOULEVARD NORTHBOUND","PROP_CITY":"EL PASO","PROP_ST":"Texas","PROP_ZIP":"79938","OUTBLDG":" ","HEIGHT":6.26999998,"SQMETERS":7828.50977,"SQFEET":84265.2969,"H_ADJ_ELEV":0,"L_ADJ_ELEV":0,"FIPS":"48141","CENSUSCODE":"48141010354","PROD_DATE":1414800000000,"SOURCE":"NGA","USNG":"13R CR 82075 19222","LONGITUDE":-106.246028763,"LATITUDE":31.8028715405,"IMAGE_NAME":"Li270-El Paso","IMAGE_DATE":1414800000000,"VAL_METHOD":"Unverified","REMARKS":" ","UUID":"{a7313a76-7a74-432e-bae9-23d1f3ba2972}","Shape_Leng":0.0074755092373499999,"Shape_Area":7.4556736553499998e-07,"HEIGHT_FT":20.570866737399999,"Shape_Length":1074.7860466651273}},{"type":"Feature","id":19383,"geometry":{"type":"Polygon","coordinates":[[[-106.24575334816134,31.803477838388613],[-106.24575928710399,31.8035347736067],[-106.24605309362089,31.80352755457962],[-106.24605065403435,31.803257984347777],[-106.24605012036213,31.803211018988534],[-106.24575354870169,31.803212234956707],[-106.24575334816134,31.803477838388613]]]},"properties":{"OBJECTID":19383,"Join_Count":1,"TARGET_FID":30302,"PIDN":"T28799911900100","STATE_CD":"XV-C","CombineADD":"  RICH BEAM BLVD","Type":"Residential","State_Code":"XV-C","Living_Are":" ","Value":0,"Value_Sq_F":0,"Descriptio":"MAIN AREA","Class_CD":"XXX","Class_Desc":"Unknown Class/Permit Info","Class_De_1":"Unknown Class/Permit Info","Building_M":" ","Condition":" ","Exterior_W":" ","Year_Built":2007,"Sq_Footage":" ","BUILD_ID":29282569,"OCC_CLS":"Education","PRIM_OCC":"Pre-K - 12 Schools","SEC_OCC":" ","PROP_ADDR":"3830 RICH BEEM BOULEVARD NORTHBOUND","PROP_CITY":"EL PASO","PROP_ST":"Texas","PROP_ZIP":"79938","OUTBLDG":" ","HEIGHT":6.26999998,"SQMETERS":7828.50977,"SQFEET":84265.2969,"H_ADJ_ELEV":0,"L_ADJ_ELEV":0,"FIPS":"48141","CENSUSCODE":"48141010354","PROD_DATE":1414800000000,"SOURCE":"NGA","USNG":"13R CR 82075 19222","LONGITUDE":-106.246028763,"LATITUDE":31.8028715405,"IMAGE_NAME":"Li270-El Paso","IMAGE_DATE":1414800000000,"VAL_METHOD":"Unverified","REMARKS":" ","UUID":"{a7313a76-7a74-432e-bae9-23d1f3ba2972}","Shape_Leng":0.0074755092373499999,"Shape_Area":7.4556736553499998e-07,"HEIGHT_FT":20.570866737399999,"Shape_Length":416.02109008315978}},{"type":"Feature","id":19384,"geometry":{"type":"Polygon","coordinates":[[[-106.24589327574157,31.802613405287239],[-106.24589218725416,31.802864748782824],[-106.2462893318487,31.802865091506401],[-106.24628453385685,31.802826491528961],[-106.24632270346261,31.802824757220463],[-106.24631869050832,31.802645152706422],[-106.24607711590824,31.802645913482671],[-106.24607495833996,31.802611280251515],[-106.2459720408127,31.802612483709478],[-106.24589327574157,31.802613405287239]]]},"properties":{"OBJECTID":19384,"Join_Count":1,"TARGET_FID":30303,"PIDN":"T28799911900100","STATE_CD":"XV-C","CombineADD":"  RICH BEAM BLVD","Type":"Residential","State_Code":"XV-C","Living_Are":" ","Value":0,"Value_Sq_F":0,"Descriptio":"MAIN AREA","Class_CD":"XXX","Class_Desc":"Unknown Class/Permit Info","Class_De_1":"Unknown Class/Permit Info","Building_M":" ","Condition":" ","Exterior_W":" ","Year_Built":2007,"Sq_Footage":" ","BUILD_ID":29282569,"OCC_CLS":"Education","PRIM_OCC":"Pre-K - 12 Schools","SEC_OCC":" ","PROP_ADDR":"3830 RICH BEEM BOULEVARD NORTHBOUND","PROP_CITY":"EL PASO","PROP_ST":"Texas","PROP_ZIP":"79938","OUTBLDG":" ","HEIGHT":6.26999998,"SQMETERS":7828.50977,"SQFEET":84265.2969,"H_ADJ_ELEV":0,"L_ADJ_ELEV":0,"FIPS":"48141","CENSUSCODE":"48141010354","PROD_DATE":1414800000000,"SOURCE":"NGA","USNG":"13R CR 82075 19222","LONGITUDE":-106.246028763,"LATITUDE":31.8028715405,"IMAGE_NAME":"Li270-El Paso","IMAGE_DATE":1414800000000,"VAL_METHOD":"Unverified","REMARKS":" ","UUID":"{a7313a76-7a74-432e-bae9-23d1f3ba2972}","Shape_Leng":0.0074755092373499999,"Shape_Area":7.4556736553499998e-07,"HEIGHT_FT":20.570866737399999,"Shape_Length":450.27783953782614}},{"type":"Feature","id":19385,"geometry":{"type":"Polygon","coordinates":[[[-106.24593821776325,31.802413188568789],[-106.24617263559549,31.802412753199039],[-106.24617377310329,31.802046997230732],[-106.24603980247471,31.802046955560485],[-106.24604107160734,31.802067327895479],[-106.24593120965545,31.802070276545024],[-106.24593821776325,31.802413188568789]]]},"properties":{"OBJECTID":19385,"Join_Count":1,"TARGET_FID":30304,"PIDN":"T28799911900100","STATE_CD":"XV-C","CombineADD":"  RICH BEAM BLVD","Type":"Residential","State_Code":"XV-C","Living_Are":" ","Value":0,"Value_Sq_F":0,"Descriptio":"MAIN AREA","Class_CD":"XXX","Class_Desc":"Unknown Class/Permit Info","Class_De_1":"Unknown Class/Permit Info","Building_M":" ","Condition":" ","Exterior_W":" ","Year_Built":2007,"Sq_Footage":" ","BUILD_ID":29282569,"OCC_CLS":"Education","PRIM_OCC":"Pre-K - 12 Schools","SEC_OCC":" ","PROP_ADDR":"3830 RICH BEEM BOULEVARD NORTHBOUND","PROP_CITY":"EL PASO","PROP_ST":"Texas","PROP_ZIP":"79938","OUTBLDG":" ","HEIGHT":6.26999998,"SQMETERS":7828.50977,"SQFEET":84265.2969,"H_ADJ_ELEV":0,"L_ADJ_ELEV":0,"FIPS":"48141","CENSUSCODE":"48141010354","PROD_DATE":1414800000000,"SOURCE":"NGA","USNG":"13R CR 82075 19222","LONGITUDE":-106.246028763,"LATITUDE":31.8028715405,"IMAGE_NAME":"Li270-El Paso","IMAGE_DATE":1414800000000,"VAL_METHOD":"Unverified","REMARKS":" ","UUID":"{a7313a76-7a74-432e-bae9-23d1f3ba2972}","Shape_Leng":0.0074755092373499999,"Shape_Area":7.4556736553499998e-07,"HEIGHT_FT":20.570866737399999,"Shape_Length":413.83850858517633}},{"type":"Feature","id":19386,"geometry":{"type":"Polygon","coordinates":[[[-106.24607495833996,31.802611280251515],[-106.24656513762976,31.802607394997867],[-106.24656292739705,31.802495128173916],[-106.24662030799119,31.802494563750798],[-106.2466177432006,31.802415002297149],[-106.24617263559549,31.802412753199039],[-106.24593821776325,31.802413188568789],[-106.24550755054887,31.802412324921335],[-106.24551044564433,31.80261241108423],[-106.24589327574157,31.802613405287239],[-106.2459720408127,31.802612483709478],[-106.24607495833996,31.802611280251515]]]},"properties":{"OBJECTID":19386,"Join_Count":1,"TARGET_FID":30305,"PIDN":"T28799911900100","STATE_CD":"XV-C","CombineADD":"  RICH BEAM BLVD","Type":"Residential","State_Code":"XV-C","Living_Are":" ","Value":0,"Value_Sq_F":0,"Descriptio":"MAIN AREA","Class_CD":"XXX","Class_Desc":"Unknown Class/Permit Info","Class_De_1":"Unknown Class/Permit Info","Building_M":" ","Condition":" ","Exterior_W":" ","Year_Built":2007,"Sq_Footage":" ","BUILD_ID":29282569,"OCC_CLS":"Education","PRIM_OCC":"Pre-K - 12 Schools","SEC_OCC":" ","PROP_ADDR":"3830 RICH BEEM BOULEVARD NORTHBOUND","PROP_CITY":"EL PASO","PROP_ST":"Texas","PROP_ZIP":"79938","OUTBLDG":" ","HEIGHT":6.26999998,"SQMETERS":7828.50977,"SQFEET":84265.2969,"H_ADJ_ELEV":0,"L_ADJ_ELEV":0,"FIPS":"48141","CENSUSCODE":"48141010354","PROD_DATE":1414800000000,"SOURCE":"NGA","USNG":"13R CR 82075 19222","LONGITUDE":-106.246028763,"LATITUDE":31.8028715405,"IMAGE_NAME":"Li270-El Paso","IMAGE_DATE":1414800000000,"VAL_METHOD":"Unverified","REMARKS":" ","UUID":"{a7313a76-7a74-432e-bae9-23d1f3ba2972}","Shape_Leng":0.0074755092373499999,"Shape_Area":7.4556736553499998e-07,"HEIGHT_FT":20.570866737399999,"Shape_Length":833.00687455891898}},{"type":"Feature","id":19387,"geometry":{"type":"Polygon","coordinates":[[[-106.26526422483481,31.759496309150222],[-106.26490223656938,31.759492741335336],[-106.26489051144407,31.759978554476547],[-106.26492780232702,31.759976853957586],[-106.26493343306807,31.760104406941057],[-106.26415690380443,31.760095881081387],[-106.26415085325662,31.760335800255824],[-106.26525859344814,31.760333215926963],[-106.26526422483481,31.759496309150222]]]},"properties":{"OBJECTID":19387,"Join_Count":1,"TARGET_FID":30309,"PIDN":"E36199900100100","STATE_CD":"F1","CombineADD":"12210 MONTWOOD DR","Type":"Commercial","State_Code":"F1","Living_Are":"43313","Value":2357742,"Value_Sq_F":54.434973333599999,"Descriptio":"MAIN AREA","Class_CD":"MXCA","Class_Desc":" ","Class_De_1":"Strip Store","Building_M":"Masonry","Condition":"Average","Exterior_W":"849","Year_Built":2006,"Sq_Footage":"43313","BUILD_ID":29395876,"OCC_CLS":"Commercial","PRIM_OCC":"Retail Trade","SEC_OCC":" ","PROP_ADDR":"1874 JOE BATTLE BOULEVARD NORTHBOUND","PROP_CITY":"EL PASO","PROP_ST":"Texas","PROP_ZIP":"79928","OUTBLDG":" ","HEIGHT":6.23000002,"SQMETERS":37631.1016,"SQFEET":405058,"H_ADJ_ELEV":0,"L_ADJ_ELEV":0,"FIPS":"48141","CENSUSCODE":"48141010366","PROD_DATE":1414800000000,"SOURCE":"NGA","USNG":"13R CR 80191 14276","LONGITUDE":-106.264907713,"LATITUDE":31.7579407078,"IMAGE_NAME":"Li270-El Paso","IMAGE_DATE":1414800000000,"VAL_METHOD":"Unverified","REMARKS":" ","UUID":"{8bbf496b-b23c-4f56-a357-0bc25c26f3a5}","Shape_Leng":0.016575380561999999,"Shape_Area":3.5821863931899999e-06,"HEIGHT_FT":20.439633262600001,"Shape_Length":1324.7447052127463}},{"type":"Feature","id":19402,"geometry":{"type":"Polygon","coordinates":[[[-106.25911659254454,31.791157309632922],[-106.25930523058742,31.791153959659958],[-106.25930090089311,31.790975391311854],[-106.25911483649544,31.790976294856723],[-106.25911659254454,31.791157309632922]]]},"properties":{"OBJECTID":19402,"Join_Count":1,"TARGET_FID":30339,"PIDN":"T28799906000200","STATE_CD":"F1","CombineADD":"12680 TIERRA ESTE RD","Type":"Commercial","State_Code":"F1","Living_Are":"4938","Value":816700,"Value_Sq_F":165.39084649700001,"Descriptio":"MAIN AREA","Class_CD":"PADA","Class_Desc":" ","Class_De_1":"Branch Bank","Building_M":"Frame","Condition":"Average","Exterior_W":"892","Year_Built":2004,"Sq_Footage":"4938","BUILD_ID":29492837,"OCC_CLS":"Commercial","PRIM_OCC":"Professional/Technical Services","SEC_OCC":" ","PROP_ADDR":"12680 TIERRA ESTE ROAD","PROP_CITY":"EL PASO","PROP_ST":"Texas","PROP_ZIP":"79938","OUTBLDG":" ","HEIGHT":5.69000006,"SQMETERS":647.263977,"SQFEET":6967.08984,"H_ADJ_ELEV":0,"L_ADJ_ELEV":0,"FIPS":"48141","CENSUSCODE":"48141010352","PROD_DATE":1414800000000,"SOURCE":"NGA","USNG":"13R CR 80786 17967","LONGITUDE":-106.25917487,"LATITUDE":31.791106351300002,"IMAGE_NAME":"Li270-El Paso","IMAGE_DATE":1414800000000,"VAL_METHOD":"Unverified","REMARKS":" ","UUID":"{15454a4b-3961-4828-959d-d537329c4c6e}","Shape_Leng":0.00146510342593,"Shape_Area":6.1636085370599997e-08,"HEIGHT_FT":18.667979787699998,"Shape_Length":247.26287970806686}},{"type":"Feature","id":19403,"geometry":{"type":"Polygon","coordinates":[[[-106.25888030178029,31.791216401719804],[-106.25912143264506,31.79121299074162],[-106.25912156865792,31.791160577311341],[-106.25911473455746,31.791160306012127],[-106.25911461615495,31.791147501087696],[-106.2588775297951,31.791150145342787],[-106.25888030178029,31.791216401719804]]]},"properties":{"OBJECTID":19403,"Join_Count":1,"TARGET_FID":30340,"PIDN":"T28799906000200","STATE_CD":"F1","CombineADD":"12680 TIERRA ESTE RD","Type":"Commercial","State_Code":"F1","Living_Are":"4938","Value":816700,"Value_Sq_F":165.39084649700001,"Descriptio":"MAIN AREA","Class_CD":"PADA","Class_Desc":" ","Class_De_1":"Branch Bank","Building_M":"Frame","Condition":"Average","Exterior_W":"892","Year_Built":2004,"Sq_Footage":"4938","BUILD_ID":29492837,"OCC_CLS":"Commercial","PRIM_OCC":"Professional/Technical Services","SEC_OCC":" ","PROP_ADDR":"12680 TIERRA ESTE ROAD","PROP_CITY":"EL PASO","PROP_ST":"Texas","PROP_ZIP":"79938","OUTBLDG":" ","HEIGHT":5.69000006,"SQMETERS":647.263977,"SQFEET":6967.08984,"H_ADJ_ELEV":0,"L_ADJ_ELEV":0,"FIPS":"48141","CENSUSCODE":"48141010352","PROD_DATE":1414800000000,"SOURCE":"NGA","USNG":"13R CR 80786 17967","LONGITUDE":-106.25917487,"LATITUDE":31.791106351300002,"IMAGE_NAME":"Li270-El Paso","IMAGE_DATE":1414800000000,"VAL_METHOD":"Unverified","REMARKS":" ","UUID":"{15454a4b-3961-4828-959d-d537329c4c6e}","Shape_Leng":0.00146510342593,"Shape_Area":6.1636085370599997e-08,"HEIGHT_FT":18.667979787699998,"Shape_Length":198.5724157955396}},{"type":"Feature","id":20290,"geometry":{"type":"Polygon","coordinates":[[[-106.26719139565424,31.781914613437163],[-106.26736964649747,31.781910956073418],[-106.26736868352499,31.781895550547752],[-106.26739600783247,31.781891052019439],[-106.26739439727629,31.781850063328825],[-106.26740293930571,31.781849673728956],[-106.26740115846752,31.781813572575242],[-106.26739261644133,31.781813962175022],[-106.26739126207171,31.781807518489249],[-106.26736088737874,31.781808903866853],[-106.26735731291932,31.781805001775062],[-106.26734342217458,31.781803602311555],[-106.26734211852941,31.781797970058683],[-106.26718822481043,31.781802955946919],[-106.26719139565424,31.781914613437163]]]},"properties":{"OBJECTID":20290,"Join_Count":1,"TARGET_FID":31374,"PIDN":"T28799910400150","STATE_CD":"F1","CombineADD":"2250 JOE BATTLE BLVD","Type":"Commercial","State_Code":"F1","Living_Are":"1530","Value":201897,"Value_Sq_F":131.958823529,"Descriptio":"MAIN AREA","Class_CD":"QICA","Class_Desc":"Office Apartments; Masonry; Average","Class_De_1":"Office Apartments","Building_M":"Masonry","Condition":"Average","Exterior_W":"812","Year_Built":2003,"Sq_Footage":"765","BUILD_ID":29457937,"OCC_CLS":"Commercial","PRIM_OCC":"Retail Trade","SEC_OCC":" ","PROP_ADDR":"2250 JOE BATTLE BOULEVARD NORTHBOUND","PROP_CITY":"EL PASO","PROP_ST":"Texas","PROP_ZIP":"79938","OUTBLDG":" ","HEIGHT":3.29999995,"SQMETERS":1279.14001,"SQFEET":13768.5996,"H_ADJ_ELEV":0,"L_ADJ_ELEV":0,"FIPS":"48141","CENSUSCODE":"48141010352","PROD_DATE":1414800000000,"SOURCE":"NGA","USNG":"13R CR 80054 16956","LONGITUDE":-106.26683730800001,"LATITUDE":31.782160211099999,"IMAGE_NAME":"Li270-El Paso","IMAGE_DATE":1414800000000,"VAL_METHOD":"Unverified","REMARKS":" ","UUID":"{6e2c1419-b1cc-473c-b865-70383227fbe9}","Shape_Leng":0.0036942534741999998,"Shape_Area":1.2179563965299999e-07,"HEIGHT_FT":10.8267718436,"Shape_Length":211.60172165841203}},{"type":"Feature","id":20359,"geometry":{"type":"Polygon","coordinates":[[[-106.26353002403613,31.76018373638183],[-106.26386205673496,31.760186772741381],[-106.26385099282454,31.760043696417714],[-106.2635280128352,31.760049334081383],[-106.26353002403613,31.76018373638183]]]},"properties":{"OBJECTID":20359,"Join_Count":1,"TARGET_FID":31449,"PIDN":"M77199900102700","STATE_CD":"F1","CombineADD":"12300 MONTWOOD DR","Type":"Commercial","State_Code":"F1","Living_Are":"5047","Value":0,"Value_Sq_F":0,"Descriptio":"MAIN AREA","Class_CD":"PFSA","Class_Desc":"1 & 2 Story Detached Office; Metal; Average","Class_De_1":"1 & 2 Story Detached Office","Building_M":"Metal","Condition":"Average","Exterior_W":"888","Year_Built":1995,"Sq_Footage":"4927","BUILD_ID":29395861,"OCC_CLS":"Commercial","PRIM_OCC":"Retail Trade","SEC_OCC":" ","PROP_ADDR":"12300 MONTWOOD DRIVE EASTBOUND","PROP_CITY":"EL PASO","PROP_ST":"Texas","PROP_ZIP":"79928","OUTBLDG":" ","HEIGHT":4.42000008,"SQMETERS":823.05603,"SQFEET":8859.29004,"H_ADJ_ELEV":0,"L_ADJ_ELEV":0,"FIPS":"48141","CENSUSCODE":"48141010366","PROD_DATE":1414800000000,"SOURCE":"NGA","USNG":"13R CR 80326 14549","LONGITUDE":-106.26365749999999,"LATITUDE":31.760183743199999,"IMAGE_NAME":"Li270-El Paso","IMAGE_DATE":1414800000000,"VAL_METHOD":"Unverified","REMARKS":" ","UUID":"{4f7d08ef-ed6a-43b8-8897-51be0237db9a}","Shape_Leng":0.0011774424062599999,"Shape_Area":7.8350265534799998e-08,"HEIGHT_FT":14.5013130503,"Shape_Length":304.66961734281892}},{"type":"Feature","id":20889,"geometry":{"type":"Polygon","coordinates":[[[-106.26316921508598,31.762713672599478],[-106.26341501801974,31.762713863150982],[-106.26341628708343,31.762822741392345],[-106.26387179956136,31.762806819011594],[-106.2638692781032,31.762713609052639],[-106.26393950018218,31.76271040746175],[-106.26392109861538,31.762548444654726],[-106.26409871636557,31.762540346481721],[-106.26409529442854,31.762352925073007],[-106.26397959033022,31.76235195324406],[-106.26397685232729,31.762308116524004],[-106.26391872209368,31.762311427063654],[-106.26391694981601,31.76201775526118],[-106.26397064741886,31.762015307025457],[-106.26397284265681,31.761785159947713],[-106.2639233531048,31.761790784235792],[-106.26390342717912,31.761204358958754],[-106.2637666774874,31.761203515624235],[-106.26377119072569,31.76143827731967],[-106.2633175174001,31.76144344491685],[-106.26331408381319,31.761517902120968],[-106.26315253297192,31.761515613840743],[-106.26316921508598,31.762713672599478]]]},"properties":{"OBJECTID":20889,"Join_Count":1,"TARGET_FID":32028,"PIDN":"M77099900A00100","STATE_CD":"F1","CombineADD":"12221 MONTWOOD DR","Type":"Commercial","State_Code":"F1","Living_Are":"102496","Value":2703708,"Value_Sq_F":26.378668435800002,"Descriptio":"MAIN AREA","Class_CD":"MWCA","Class_Desc":" ","Class_De_1":"Wholesale Disount","Building_M":"Masonry","Condition":"Average","Exterior_W":"817","Year_Built":2004,"Sq_Footage":"102496","BUILD_ID":29401076,"OCC_CLS":"Commercial","PRIM_OCC":"Wholesale Trade","SEC_OCC":" ","PROP_ADDR":"12221 MONTWOOD DRIVE WESTBOUND","PROP_CITY":"EL PASO","PROP_ST":"Texas","PROP_ZIP":"79938","OUTBLDG":" ","HEIGHT":6.78999996,"SQMETERS":11079.4004,"SQFEET":119258,"H_ADJ_ELEV":0,"L_ADJ_ELEV":0,"FIPS":"48141","CENSUSCODE":"48141010366","PROD_DATE":1414800000000,"SOURCE":"NGA","USNG":"13R CR 80339 14761","LONGITUDE":-106.26355370500001,"LATITUDE":31.762101706799999,"IMAGE_NAME":"Li270-El Paso","IMAGE_DATE":1414800000000,"VAL_METHOD":"Unverified","REMARKS":" ","UUID":"{3655cef8-389e-4216-8418-6e91c5be6bfd}","Shape_Leng":0.0051495735411,"Shape_Area":1.05471734682e-06,"HEIGHT_FT":22.276903474800001,"Shape_Length":1784.4960550249559}},{"type":"Feature","id":21362,"geometry":{"type":"Polygon","coordinates":[[[-106.25920460813185,31.791157977778958],[-106.25912296512109,31.791161096247926],[-106.25912423307882,31.791225090988988],[-106.25920721419881,31.791223147997599],[-106.25920460813185,31.791157977778958]]]},"properties":{"OBJECTID":21362,"Join_Count":1,"TARGET_FID":32586,"PIDN":"T28799906000200","STATE_CD":"F1","CombineADD":"12680 TIERRA ESTE RD","Type":"Commercial","State_Code":"F1","Living_Are":"4938","Value":816700,"Value_Sq_F":165.39084649700001,"Descriptio":"MAIN AREA","Class_CD":"PADA","Class_Desc":" ","Class_De_1":"Branch Bank","Building_M":"Frame","Condition":"Average","Exterior_W":"892","Year_Built":2004,"Sq_Footage":"4938","BUILD_ID":29492837,"OCC_CLS":"Commercial","PRIM_OCC":"Professional/Technical Services","SEC_OCC":" ","PROP_ADDR":"12680 TIERRA ESTE ROAD","PROP_CITY":"EL PASO","PROP_ST":"Texas","PROP_ZIP":"79938","OUTBLDG":" ","HEIGHT":5.69000006,"SQMETERS":647.263977,"SQFEET":6967.08984,"H_ADJ_ELEV":0,"L_ADJ_ELEV":0,"FIPS":"48141","CENSUSCODE":"48141010352","PROD_DATE":1414800000000,"SOURCE":"NGA","USNG":"13R CR 80786 17967","LONGITUDE":-106.25917487,"LATITUDE":31.791106351300002,"IMAGE_NAME":"Li270-El Paso","IMAGE_DATE":1414800000000,"VAL_METHOD":"Unverified","REMARKS":" ","UUID":"{15454a4b-3961-4828-959d-d537329c4c6e}","Shape_Leng":0.00146510342593,"Shape_Area":6.1636085370599997e-08,"HEIGHT_FT":18.667979787699998,"Shape_Length":98.190172265060312}},{"type":"Feature","id":21500,"geometry":{"type":"Polygon","coordinates":[[[-106.25806011580821,31.810694025618993],[-106.25798485064767,31.810697451930174],[-106.25799937304033,31.811026792784194],[-106.2582194682831,31.811021929287136],[-106.25821582494939,31.810625061722885],[-106.25811029371081,31.810627287481346],[-106.25811001226002,31.810671129023696],[-106.25806168230645,31.810670750702908],[-106.25806011580821,31.810694025618993]]]},"properties":{"OBJECTID":21500,"Join_Count":1,"TARGET_FID":32782,"PIDN":"X57999923300075","STATE_CD":"F1","CombineADD":"12451 DENIM","Type":"Commercial","State_Code":"F1","Living_Are":"9130","Value":1136947,"Value_Sq_F":124.52869660499999,"Descriptio":"MAIN AREA","Class_CD":"QDCA","Class_Desc":"Dorm; Masonry; Average","Class_De_1":"Dorm","Building_M":"Masonry","Condition":"Average","Exterior_W":"817","Year_Built":2002,"Sq_Footage":"9130","BUILD_ID":29286798,"OCC_CLS":"Residential","PRIM_OCC":"Institutional Dormitory","SEC_OCC":" ","PROP_ADDR":"12451 INTERNATIONAL GARMENT ROAD","PROP_CITY":"EL PASO","PROP_ST":"Texas","PROP_ZIP":"79938","OUTBLDG":" ","HEIGHT":5.84000015,"SQMETERS":837.822021,"SQFEET":9018.23047,"H_ADJ_ELEV":0,"L_ADJ_ELEV":0,"FIPS":"48141","CENSUSCODE":"48141010358","PROD_DATE":1414800000000,"SOURCE":"NGA","USNG":"13R CR 80915 20158","LONGITUDE":-106.25812290099999,"LATITUDE":31.8108458974,"IMAGE_NAME":"Li270-El Paso","IMAGE_DATE":1414800000000,"VAL_METHOD":"Unverified","REMARKS":" ","UUID":"{e06c7847-0fcd-4b12-824c-d6ff21f0b8a7}","Shape_Leng":0.0012185640797599999,"Shape_Area":7.97987861052e-08,"HEIGHT_FT":19.1601061006,"Shape_Length":428.31725252256518}},{"type":"Feature","id":21518,"geometry":{"type":"Polygon","coordinates":[[[-106.26016851022023,31.791964287146214],[-106.26013788451863,31.791984922880427],[-106.26050372485804,31.791981086256264],[-106.26049706117854,31.791663908949864],[-106.26007900527242,31.7916733310586],[-106.26008916282785,31.791926211789068],[-106.26011537060363,31.791925018062742],[-106.26016851022023,31.791964287146214]]]},"properties":{"OBJECTID":21518,"Join_Count":1,"TARGET_FID":32813,"PIDN":"T28799905900100","STATE_CD":"F1","CombineADD":"12390 EDGEMERE BLVD","Type":"Commercial","State_Code":"F1","Living_Are":"14736","Value":849044,"Value_Sq_F":57.616992399600001,"Descriptio":"MAIN AREA","Class_CD":"MACG","Class_Desc":"Drug Store; Masonry; Good","Class_De_1":"Drug Store","Building_M":"Masonry","Condition":"Good","Exterior_W":"817","Year_Built":2006,"Sq_Footage":"14736","BUILD_ID":29495690,"OCC_CLS":"Commercial","PRIM_OCC":"Retail Trade","SEC_OCC":" ","PROP_ADDR":"12390 EDGEMERE BOULEVARD EASTBOUND","PROP_CITY":"EL PASO","PROP_ST":"Texas","PROP_ZIP":"79938","OUTBLDG":" ","HEIGHT":5.57999992,"SQMETERS":1554.43005,"SQFEET":16731.6992,"H_ADJ_ELEV":0,"L_ADJ_ELEV":0,"FIPS":"48141","CENSUSCODE":"48141010352","PROD_DATE":1414800000000,"SOURCE":"NGA","USNG":"13R CR 80688 18053","LONGITUDE":-106.26027037999999,"LATITUDE":31.7918268757,"IMAGE_NAME":"Li270-El Paso","IMAGE_DATE":1414800000000,"VAL_METHOD":"Unverified","REMARKS":" ","UUID":"{13d9ff41-dcb3-485a-8feb-39cbf5b3e30e}","Shape_Leng":0.0015940994722000001,"Shape_Area":1.48022443486e-07,"HEIGHT_FT":18.3070869497,"Shape_Length":493.17266471142517}},{"type":"Feature","id":21520,"geometry":{"type":"Polygon","coordinates":[[[-106.26145872795443,31.791841738163392],[-106.26153847964518,31.791839412494451],[-106.26154097900741,31.791879432052351],[-106.26190182932147,31.791869130971463],[-106.26189934493837,31.791829353679265],[-106.26197479113391,31.791825916144528],[-106.26197052824487,31.791652984853762],[-106.26145033913696,31.791669505154793],[-106.26145872795443,31.791841738163392]]]},"properties":{"OBJECTID":21520,"Join_Count":0,"TARGET_FID":32815,"PIDN":"T28799905900150","STATE_CD":"F1","CombineADD":"12380 EDGEMERE BLVD","Type":"Commercial","State_Code":"F1","Living_Are":"9720","Value":491474,"Value_Sq_F":50.563168724299999,"Descriptio":"MAIN AREA","Class_CD":"MXCA","Class_Desc":" ","Class_De_1":"Strip Store","Building_M":"Masonry","Condition":"Average","Exterior_W":"868","Year_Built":2006,"Sq_Footage":"9720","BUILD_ID":null,"OCC_CLS":null,"PRIM_OCC":null,"SEC_OCC":null,"PROP_ADDR":null,"PROP_CITY":null,"PROP_ST":null,"PROP_ZIP":null,"OUTBLDG":null,"HEIGHT":null,"SQMETERS":null,"SQFEET":null,"H_ADJ_ELEV":null,"L_ADJ_ELEV":null,"FIPS":null,"CENSUSCODE":null,"PROD_DATE":null,"SOURCE":null,"USNG":null,"LONGITUDE":null,"LATITUDE":null,"IMAGE_NAME":null,"IMAGE_DATE":null,"VAL_METHOD":null,"REMARKS":null,"UUID":null,"Shape_Leng":null,"Shape_Area":null,"HEIGHT_FT":null,"Shape_Length":476.8908994691883}},{"type":"Feature","id":21521,"geometry":{"type":"Polygon","coordinates":[[[-106.26085653493374,31.791851864073443],[-106.26093628664779,31.791849538773267],[-106.26093878575664,31.791889558342554],[-106.2612996361744,31.791879258930173],[-106.26129715204311,31.791839481626567],[-106.26137259826851,31.791836044440679],[-106.26136833647513,31.791663113130916],[-106.26084814720699,31.791679631026785],[-106.26085653493374,31.791851864073443]]]},"properties":{"OBJECTID":21521,"Join_Count":1,"TARGET_FID":32816,"PIDN":"T28799905900150","STATE_CD":"F1","CombineADD":"12380 EDGEMERE BLVD","Type":"Commercial","State_Code":"F1","Living_Are":"9720","Value":491474,"Value_Sq_F":50.563168724299999,"Descriptio":"MAIN AREA","Class_CD":"MXCA","Class_Desc":" ","Class_De_1":"Strip Store","Building_M":"Masonry","Condition":"Average","Exterior_W":"868","Year_Built":2006,"Sq_Footage":"9720","BUILD_ID":29495250,"OCC_CLS":"Commercial","PRIM_OCC":"Retail Trade","SEC_OCC":" ","PROP_ADDR":"12380 EDGEMERE BOULEVARD EASTBOUND","PROP_CITY":"EL PASO","PROP_ST":"Texas","PROP_ZIP":"79938","OUTBLDG":" ","HEIGHT":4.61999989,"SQMETERS":1077.87,"SQFEET":11602.0996,"H_ADJ_ELEV":0,"L_ADJ_ELEV":0,"FIPS":"48141","CENSUSCODE":"48141010352","PROD_DATE":1414800000000,"SOURCE":"NGA","USNG":"13R CR 80608 18048","LONGITUDE":-106.26110693299999,"LATITUDE":31.791775298899999,"IMAGE_NAME":"Li270-El Paso","IMAGE_DATE":1414800000000,"VAL_METHOD":"Unverified","REMARKS":" ","UUID":"{41ae8052-29da-4adc-bdba-0edc2df8e763}","Shape_Leng":0.0014652057786399999,"Shape_Area":1.02641654988e-07,"HEIGHT_FT":15.157480424499999,"Shape_Length":476.89089946996125}},{"type":"Feature","id":21522,"geometry":{"type":"Polygon","coordinates":[[[-106.26487590919788,31.758088662567214],[-106.26439857836161,31.758081414772356],[-106.26439377093796,31.75827205853059],[-106.26434932265236,31.758274085291266],[-106.26435525278123,31.758369027607124],[-106.26419631582675,31.758366753536375],[-106.26417901842927,31.759338707889178],[-106.2643242148462,31.759343989332091],[-106.26432155334157,31.759479787917652],[-106.2645770597573,31.759484266936536],[-106.26526422483481,31.759496309150222],[-106.26526957490636,31.759440000198353],[-106.26527262903097,31.759407854500765],[-106.26530318738085,31.759406460897342],[-106.26531095858078,31.759263287858342],[-106.26535262774779,31.759261387532682],[-106.26539399583562,31.758407350410081],[-106.26536899371746,31.758408490653864],[-106.26537590586673,31.75811777742917],[-106.26530075248914,31.758118824103196],[-106.26529926973767,31.758095088758214],[-106.26487590919788,31.758088662567214]]]},"properties":{"OBJECTID":21522,"Join_Count":1,"TARGET_FID":32817,"PIDN":"E36199900100200","STATE_CD":"F1","CombineADD":"1874 JOE BATTLE BLVD","Type":"Commercial","State_Code":"F1","Living_Are":"173471","Value":6267303,"Value_Sq_F":36.128822685099998,"Descriptio":"MAIN AREA","Class_CD":"MECG","Class_Desc":"Discount Store; Masonry; Good","Class_De_1":"Discount Store","Building_M":"Masonry","Condition":"Good","Exterior_W":"817","Year_Built":2006,"Sq_Footage":"173471","BUILD_ID":29395876,"OCC_CLS":"Commercial","PRIM_OCC":"Retail Trade","SEC_OCC":" ","PROP_ADDR":"1874 JOE BATTLE BOULEVARD NORTHBOUND","PROP_CITY":"EL PASO","PROP_ST":"Texas","PROP_ZIP":"79928","OUTBLDG":" ","HEIGHT":6.23000002,"SQMETERS":37631.1016,"SQFEET":405058,"H_ADJ_ELEV":0,"L_ADJ_ELEV":0,"FIPS":"48141","CENSUSCODE":"48141010366","PROD_DATE":1414800000000,"SOURCE":"NGA","USNG":"13R CR 80191 14276","LONGITUDE":-106.264907713,"LATITUDE":31.7579407078,"IMAGE_NAME":"Li270-El Paso","IMAGE_DATE":1414800000000,"VAL_METHOD":"Unverified","REMARKS":" ","UUID":"{8bbf496b-b23c-4f56-a357-0bc25c26f3a5}","Shape_Leng":0.016575380561999999,"Shape_Area":3.5821863931899999e-06,"HEIGHT_FT":20.439633262600001,"Shape_Length":1751.8545625491797}},{"type":"Feature","id":21532,"geometry":{"type":"Polygon","coordinates":[[[-106.25685977848154,31.794190743870786],[-106.25670828699492,31.794328842520084],[-106.25728566384245,31.794824191921872],[-106.25771932947688,31.79444754126613],[-106.25754648649279,31.794305691594701],[-106.25739181978929,31.794178757028096],[-106.25721872457929,31.794323909020129],[-106.25695836262202,31.794100874891917],[-106.25685977848154,31.794190743870786]]]},"properties":{"OBJECTID":21532,"Join_Count":1,"TARGET_FID":32831,"PIDN":"T28799903400100","STATE_CD":"XV-R","CombineADD":"12401 EDGEMERE","Type":" ","State_Code":" ","Living_Are":" ","Value":0,"Value_Sq_F":0,"Descriptio":" ","Class_CD":" ","Class_Desc":" ","Class_De_1":" ","Building_M":" ","Condition":" ","Exterior_W":" ","Year_Built":0,"Sq_Footage":" ","BUILD_ID":29507071,"OCC_CLS":"Education","PRIM_OCC":"Pre-K - 12 Schools","SEC_OCC":" ","PROP_ADDR":"12401 EDGEMERE BOULEVARD WESTBOUND","PROP_CITY":"EL PASO","PROP_ST":"Texas","PROP_ZIP":"79938","OUTBLDG":" ","HEIGHT":7.46000004,"SQMETERS":23357.9004,"SQFEET":251422,"H_ADJ_ELEV":0,"L_ADJ_ELEV":0,"FIPS":"48141","CENSUSCODE":"48141010355","PROD_DATE":1414800000000,"SOURCE":"NGA","USNG":"13R CR 80934 18276","LONGITUDE":-106.25769770399999,"LATITUDE":31.793889700499999,"IMAGE_NAME":"Li270-El Paso","IMAGE_DATE":1414800000000,"VAL_METHOD":"Unverified","REMARKS":" ","UUID":"{a6edd35a-f872-427c-ab02-7d6791779fe6}","Shape_Leng":0.018052893889800001,"Shape_Area":2.2243323264200002e-06,"HEIGHT_FT":24.475066525199999,"Shape_Length":891.14163949304759}},{"type":"Feature","id":21533,"geometry":{"type":"Polygon","coordinates":[[[-106.25739181978929,31.794178757028096],[-106.25754648649279,31.794305691594701],[-106.25771932947688,31.79444754126613],[-106.25776016905291,31.794415177053601],[-106.25779412097673,31.794444136065927],[-106.25792300400876,31.794334551971062],[-106.25788154947917,31.794299832899153],[-106.2579975145424,31.794212190069384],[-106.2578162511719,31.794063429383211],[-106.25767000593358,31.793943406457629],[-106.2575382874678,31.794054843536095],[-106.25739181978929,31.794178757028096]]]},"properties":{"OBJECTID":21533,"Join_Count":1,"TARGET_FID":32832,"PIDN":"T28799903400100","STATE_CD":"XV-R","CombineADD":"12401 EDGEMERE","Type":" ","State_Code":" ","Living_Are":" ","Value":0,"Value_Sq_F":0,"Descriptio":" ","Class_CD":" ","Class_Desc":" ","Class_De_1":" ","Building_M":" ","Condition":" ","Exterior_W":" ","Year_Built":0,"Sq_Footage":" ","BUILD_ID":29507071,"OCC_CLS":"Education","PRIM_OCC":"Pre-K - 12 Schools","SEC_OCC":" ","PROP_ADDR":"12401 EDGEMERE BOULEVARD WESTBOUND","PROP_CITY":"EL PASO","PROP_ST":"Texas","PROP_ZIP":"79938","OUTBLDG":" ","HEIGHT":7.46000004,"SQMETERS":23357.9004,"SQFEET":251422,"H_ADJ_ELEV":0,"L_ADJ_ELEV":0,"FIPS":"48141","CENSUSCODE":"48141010355","PROD_DATE":1414800000000,"SOURCE":"NGA","USNG":"13R CR 80934 18276","LONGITUDE":-106.25769770399999,"LATITUDE":31.793889700499999,"IMAGE_NAME":"Li270-El Paso","IMAGE_DATE":1414800000000,"VAL_METHOD":"Unverified","REMARKS":" ","UUID":"{a6edd35a-f872-427c-ab02-7d6791779fe6}","Shape_Leng":0.018052893889800001,"Shape_Area":2.2243323264200002e-06,"HEIGHT_FT":24.475066525199999,"Shape_Length":558.77215451057873}},{"type":"Feature","id":21534,"geometry":{"type":"Polygon","coordinates":[[[-106.25695836262202,31.794100874891917],[-106.25721872457929,31.794323909020129],[-106.25739181978929,31.794178757028096],[-106.2575382874678,31.794054843536095],[-106.25767000593358,31.793943406457629],[-106.25744552170413,31.793749849727188],[-106.25739444803479,31.793705811704324],[-106.25713147970268,31.793944043594664],[-106.25704137913309,31.794025667302535],[-106.25695836262202,31.794100874891917]]]},"properties":{"OBJECTID":21534,"Join_Count":1,"TARGET_FID":32833,"PIDN":"T28799903400100","STATE_CD":"XV-R","CombineADD":"12401 EDGEMERE","Type":" ","State_Code":" ","Living_Are":" ","Value":0,"Value_Sq_F":0,"Descriptio":" ","Class_CD":" ","Class_Desc":" ","Class_De_1":" ","Building_M":" ","Condition":" ","Exterior_W":" ","Year_Built":0,"Sq_Footage":" ","BUILD_ID":29507071,"OCC_CLS":"Education","PRIM_OCC":"Pre-K - 12 Schools","SEC_OCC":" ","PROP_ADDR":"12401 EDGEMERE BOULEVARD WESTBOUND","PROP_CITY":"EL PASO","PROP_ST":"Texas","PROP_ZIP":"79938","OUTBLDG":" ","HEIGHT":7.46000004,"SQMETERS":23357.9004,"SQFEET":251422,"H_ADJ_ELEV":0,"L_ADJ_ELEV":0,"FIPS":"48141","CENSUSCODE":"48141010355","PROD_DATE":1414800000000,"SOURCE":"NGA","USNG":"13R CR 80934 18276","LONGITUDE":-106.25769770399999,"LATITUDE":31.793889700499999,"IMAGE_NAME":"Li270-El Paso","IMAGE_DATE":1414800000000,"VAL_METHOD":"Unverified","REMARKS":" ","UUID":"{a6edd35a-f872-427c-ab02-7d6791779fe6}","Shape_Leng":0.018052893889800001,"Shape_Area":2.2243323264200002e-06,"HEIGHT_FT":24.475066525199999,"Shape_Length":630.77401940642437}},{"type":"Feature","id":21550,"geometry":{"type":"Polygon","coordinates":[[[-106.25673265685118,31.794089795468111],[-106.25685977848154,31.794190743870786],[-106.25695836262202,31.794100874891917],[-106.25704137913309,31.794025667302535],[-106.25713147970268,31.793944043594664],[-106.25702452047329,31.793844672081804],[-106.25686804160844,31.79397609162357],[-106.25673265685118,31.794089795468111]]]},"properties":{"OBJECTID":21550,"Join_Count":1,"TARGET_FID":32850,"PIDN":"T28799903400100","STATE_CD":"XV-R","CombineADD":"12401 EDGEMERE","Type":" ","State_Code":" ","Living_Are":" ","Value":0,"Value_Sq_F":0,"Descriptio":" ","Class_CD":" ","Class_Desc":" ","Class_De_1":" ","Building_M":" ","Condition":" ","Exterior_W":" ","Year_Built":0,"Sq_Footage":" ","BUILD_ID":29507071,"OCC_CLS":"Education","PRIM_OCC":"Pre-K - 12 Schools","SEC_OCC":" ","PROP_ADDR":"12401 EDGEMERE BOULEVARD WESTBOUND","PROP_CITY":"EL PASO","PROP_ST":"Texas","PROP_ZIP":"79938","OUTBLDG":" ","HEIGHT":7.46000004,"SQMETERS":23357.9004,"SQFEET":251422,"H_ADJ_ELEV":0,"L_ADJ_ELEV":0,"FIPS":"48141","CENSUSCODE":"48141010355","PROD_DATE":1414800000000,"SOURCE":"NGA","USNG":"13R CR 80934 18276","LONGITUDE":-106.25769770399999,"LATITUDE":31.793889700499999,"IMAGE_NAME":"Li270-El Paso","IMAGE_DATE":1414800000000,"VAL_METHOD":"Unverified","REMARKS":" ","UUID":"{a6edd35a-f872-427c-ab02-7d6791779fe6}","Shape_Leng":0.018052893889800001,"Shape_Area":2.2243323264200002e-06,"HEIGHT_FT":24.475066525199999,"Shape_Length":353.42405475146217}},{"type":"Feature","id":21551,"geometry":{"type":"Polygon","coordinates":[[[-106.25702452047329,31.793844672081804],[-106.25683206403359,31.793679556027843],[-106.25653701811116,31.793930924639771],[-106.25673265685118,31.794089795468111],[-106.25686804160844,31.79397609162357],[-106.25702452047329,31.793844672081804]]]},"properties":{"OBJECTID":21551,"Join_Count":1,"TARGET_FID":32851,"PIDN":"T28799903400100","STATE_CD":"XV-R","CombineADD":"12401 EDGEMERE","Type":" ","State_Code":" ","Living_Are":" ","Value":0,"Value_Sq_F":0,"Descriptio":" ","Class_CD":" ","Class_Desc":" ","Class_De_1":" ","Building_M":" ","Condition":" ","Exterior_W":" ","Year_Built":0,"Sq_Footage":" ","BUILD_ID":29507071,"OCC_CLS":"Education","PRIM_OCC":"Pre-K - 12 Schools","SEC_OCC":" ","PROP_ADDR":"12401 EDGEMERE BOULEVARD WESTBOUND","PROP_CITY":"EL PASO","PROP_ST":"Texas","PROP_ZIP":"79938","OUTBLDG":" ","HEIGHT":7.46000004,"SQMETERS":23357.9004,"SQFEET":251422,"H_ADJ_ELEV":0,"L_ADJ_ELEV":0,"FIPS":"48141","CENSUSCODE":"48141010355","PROD_DATE":1414800000000,"SOURCE":"NGA","USNG":"13R CR 80934 18276","LONGITUDE":-106.25769770399999,"LATITUDE":31.793889700499999,"IMAGE_NAME":"Li270-El Paso","IMAGE_DATE":1414800000000,"VAL_METHOD":"Unverified","REMARKS":" ","UUID":"{a6edd35a-f872-427c-ab02-7d6791779fe6}","Shape_Leng":0.018052893889800001,"Shape_Area":2.2243323264200002e-06,"HEIGHT_FT":24.475066525199999,"Shape_Length":425.29197698806246}},{"type":"Feature","id":21552,"geometry":{"type":"Polygon","coordinates":[[[-106.25767000593358,31.793943406457629],[-106.2578162511719,31.794063429383211],[-106.25795962788511,31.793948522344294],[-106.25781104557643,31.793799713274243],[-106.25778108083756,31.793834632336655],[-106.25751853107613,31.793691010909427],[-106.25744552170413,31.793749849727188],[-106.25767000593358,31.793943406457629]]]},"properties":{"OBJECTID":21552,"Join_Count":1,"TARGET_FID":32852,"PIDN":"T28799903400100","STATE_CD":"XV-R","CombineADD":"12401 EDGEMERE","Type":" ","State_Code":" ","Living_Are":" ","Value":0,"Value_Sq_F":0,"Descriptio":" ","Class_CD":" ","Class_Desc":" ","Class_De_1":" ","Building_M":" ","Condition":" ","Exterior_W":" ","Year_Built":0,"Sq_Footage":" ","BUILD_ID":29507071,"OCC_CLS":"Education","PRIM_OCC":"Pre-K - 12 Schools","SEC_OCC":" ","PROP_ADDR":"12401 EDGEMERE BOULEVARD WESTBOUND","PROP_CITY":"EL PASO","PROP_ST":"Texas","PROP_ZIP":"79938","OUTBLDG":" ","HEIGHT":7.46000004,"SQMETERS":23357.9004,"SQFEET":251422,"H_ADJ_ELEV":0,"L_ADJ_ELEV":0,"FIPS":"48141","CENSUSCODE":"48141010355","PROD_DATE":1414800000000,"SOURCE":"NGA","USNG":"13R CR 80934 18276","LONGITUDE":-106.25769770399999,"LATITUDE":31.793889700499999,"IMAGE_NAME":"Li270-El Paso","IMAGE_DATE":1414800000000,"VAL_METHOD":"Unverified","REMARKS":" ","UUID":"{a6edd35a-f872-427c-ab02-7d6791779fe6}","Shape_Leng":0.018052893889800001,"Shape_Area":2.2243323264200002e-06,"HEIGHT_FT":24.475066525199999,"Shape_Length":438.16799113401646}},{"type":"Feature","id":21553,"geometry":{"type":"Polygon","coordinates":[[[-106.25824548666624,31.794408332396451],[-106.25827554478978,31.794489326616976],[-106.25831111129422,31.794651026665942],[-106.25833484793053,31.794809978789925],[-106.25858078483709,31.79480183012663],[-106.25853781535614,31.794513990852273],[-106.25848800473264,31.79434543155087],[-106.25824548666624,31.794408332396451]]]},"properties":{"OBJECTID":21553,"Join_Count":1,"TARGET_FID":32853,"PIDN":"T28799903400100","STATE_CD":"XV-R","CombineADD":"12401 EDGEMERE","Type":" ","State_Code":" ","Living_Are":" ","Value":0,"Value_Sq_F":0,"Descriptio":" ","Class_CD":" ","Class_Desc":" ","Class_De_1":" ","Building_M":" ","Condition":" ","Exterior_W":" ","Year_Built":0,"Sq_Footage":" ","BUILD_ID":29507071,"OCC_CLS":"Education","PRIM_OCC":"Pre-K - 12 Schools","SEC_OCC":" ","PROP_ADDR":"12401 EDGEMERE BOULEVARD WESTBOUND","PROP_CITY":"EL PASO","PROP_ST":"Texas","PROP_ZIP":"79938","OUTBLDG":" ","HEIGHT":7.46000004,"SQMETERS":23357.9004,"SQFEET":251422,"H_ADJ_ELEV":0,"L_ADJ_ELEV":0,"FIPS":"48141","CENSUSCODE":"48141010355","PROD_DATE":1414800000000,"SOURCE":"NGA","USNG":"13R CR 80934 18276","LONGITUDE":-106.25769770399999,"LATITUDE":31.793889700499999,"IMAGE_NAME":"Li270-El Paso","IMAGE_DATE":1414800000000,"VAL_METHOD":"Unverified","REMARKS":" ","UUID":"{a6edd35a-f872-427c-ab02-7d6791779fe6}","Shape_Leng":0.018052893889800001,"Shape_Area":2.2243323264200002e-06,"HEIGHT_FT":24.475066525199999,"Shape_Length":473.07043343389569}},{"type":"Feature","id":21554,"geometry":{"type":"Polygon","coordinates":[[[-106.25795962788511,31.793948522344294],[-106.25808157047489,31.794071091133137],[-106.25824301830728,31.794368788327894],[-106.25824548666624,31.794408332396451],[-106.25848800473264,31.79434543155087],[-106.25842608304039,31.794268938205256],[-106.25825751199201,31.793971565551111],[-106.25808471272005,31.793778101293906],[-106.25819018208101,31.79369398607021],[-106.2582464537257,31.793737181102067],[-106.25826649301423,31.793714915437615],[-106.25822185649359,31.793686443049705],[-106.25811187156195,31.793604377250762],[-106.25808699670641,31.793585816646289],[-106.25802602515287,31.79352453228158],[-106.2579984833516,31.793541038724374],[-106.25796809255031,31.793511917624162],[-106.25788921573604,31.793564317065044],[-106.2579308607733,31.793602076494683],[-106.25789975595788,31.793618745141845],[-106.25748529971347,31.793387475557303],[-106.25753625403756,31.79334549925218],[-106.25750921233113,31.793325577703921],[-106.25744266048493,31.793276548215541],[-106.25737503779403,31.793337586604306],[-106.25717478961558,31.793276541833848],[-106.25683545327652,31.793218777673196],[-106.25648471910324,31.793207289609228],[-106.2561308470254,31.793260003000807],[-106.25619959922678,31.793446004132146],[-106.25626631817502,31.793427714811962],[-106.25646144211923,31.793406630491763],[-106.25665020146195,31.79339803806953],[-106.25685097428659,31.793410252583506],[-106.25707126304964,31.793449031417126],[-106.2573729422385,31.793532913458648],[-106.25736809756272,31.793569739633764],[-106.25742735902556,31.793603647255726],[-106.25740057545407,31.79363232151869],[-106.25751853107613,31.793691010909427],[-106.25778108083756,31.793834632336655],[-106.25781104557643,31.793799713274243],[-106.25795962788511,31.793948522344294]]]},"properties":{"OBJECTID":21554,"Join_Count":1,"TARGET_FID":32854,"PIDN":"T28799903400100","STATE_CD":"XV-R","CombineADD":"12401 EDGEMERE","Type":" ","State_Code":" ","Living_Are":" ","Value":0,"Value_Sq_F":0,"Descriptio":" ","Class_CD":" ","Class_Desc":" ","Class_De_1":" ","Building_M":" ","Condition":" ","Exterior_W":" ","Year_Built":0,"Sq_Footage":" ","BUILD_ID":29507071,"OCC_CLS":"Education","PRIM_OCC":"Pre-K - 12 Schools","SEC_OCC":" ","PROP_ADDR":"12401 EDGEMERE BOULEVARD WESTBOUND","PROP_CITY":"EL PASO","PROP_ST":"Texas","PROP_ZIP":"79938","OUTBLDG":" ","HEIGHT":7.46000004,"SQMETERS":23357.9004,"SQFEET":251422,"H_ADJ_ELEV":0,"L_ADJ_ELEV":0,"FIPS":"48141","CENSUSCODE":"48141010355","PROD_DATE":1414800000000,"SOURCE":"NGA","USNG":"13R CR 80934 18276","LONGITUDE":-106.25769770399999,"LATITUDE":31.793889700499999,"IMAGE_NAME":"Li270-El Paso","IMAGE_DATE":1414800000000,"VAL_METHOD":"Unverified","REMARKS":" ","UUID":"{a6edd35a-f872-427c-ab02-7d6791779fe6}","Shape_Leng":0.018052893889800001,"Shape_Area":2.2243323264200002e-06,"HEIGHT_FT":24.475066525199999,"Shape_Length":2138.0390450173163}},{"type":"Feature","id":21555,"geometry":{"type":"Polygon","coordinates":[[[-106.25826649301423,31.793714915437615],[-106.25851873899109,31.793865105385215],[-106.25873157288716,31.793956079898766],[-106.2587711296858,31.793960379383218],[-106.25870659147122,31.794128044948796],[-106.25865639676469,31.794182188687429],[-106.25865701335286,31.794249271074829],[-106.25867244423117,31.794324830504465],[-106.25873322686044,31.794383073250494],[-106.25881252967621,31.794394714449915],[-106.25888751200948,31.794394349870139],[-106.25895366246272,31.794366933442184],[-106.25900855739356,31.794330878813355],[-106.2590405645287,31.794271461494297],[-106.25903206627235,31.794192535542273],[-106.25899602417869,31.794130117233642],[-106.25896639349699,31.794113163312264],[-106.25912386348415,31.79388940745125],[-106.25889193861482,31.793835908573758],[-106.25888671473872,31.793866651306544],[-106.25882559865676,31.793860283679159],[-106.25885423479015,31.793804070746635],[-106.25862677472347,31.793707661672503],[-106.25848631068105,31.79363169401196],[-106.25834057720995,31.79352851305352],[-106.25838255539888,31.793514399124572],[-106.25840169199152,31.793534880957299],[-106.25846428007102,31.793507626959087],[-106.25842168547945,31.79345465850643],[-106.25863219386459,31.793451173655626],[-106.25861619244614,31.793366488547992],[-106.25858413947367,31.793367948120864],[-106.25858950639014,31.793282289975476],[-106.25853964601959,31.793284560419284],[-106.25854187877627,31.793263105535495],[-106.25850270202488,31.793264889477229],[-106.25850640694904,31.79320981186352],[-106.25840687506518,31.793217394014967],[-106.25840084587742,31.793178012974025],[-106.25830468502903,31.793182391606305],[-106.25830107233911,31.793353382697138],[-106.25826901831181,31.793354842240458],[-106.2582699676701,31.793370051434337],[-106.25824655643707,31.793395521487877],[-106.25826569303264,31.793416004242136],[-106.25824622343141,31.793447395605341],[-106.2580908983595,31.79330499374651],[-106.257961028069,31.793112625520155],[-106.25785627822665,31.792922163365038],[-106.25782432344711,31.792810750548419],[-106.25761310330176,31.792860022920518],[-106.25769011894305,31.793063950453064],[-106.25761200277978,31.793128516686835],[-106.25759642723064,31.793107871713605],[-106.2575146113938,31.792998728941122],[-106.25747838193642,31.792933267934298],[-106.25735975913746,31.792978324987118],[-106.25740235292341,31.793031293797142],[-106.25731431028125,31.793108514244715],[-106.25728092851051,31.793088680793662],[-106.25725062919845,31.793175473912626],[-106.25740082697278,31.793235746376471],[-106.25744266048493,31.793276548215541],[-106.25750921233113,31.793325577703921],[-106.25768327766802,31.793183230438135],[-106.25769866231842,31.793200833248381],[-106.25774325309035,31.79317134815302],[-106.25788793919975,31.7933721936325],[-106.25799131400122,31.793483405422617],[-106.25802602515287,31.79352453228158],[-106.25811187156195,31.793604377250762],[-106.25822185649359,31.793686443049705],[-106.25826649301423,31.793714915437615]]]},"properties":{"OBJECTID":21555,"Join_Count":1,"TARGET_FID":32855,"PIDN":"T28799903400100","STATE_CD":"XV-R","CombineADD":"12401 EDGEMERE","Type":" ","State_Code":" ","Living_Are":" ","Value":0,"Value_Sq_F":0,"Descriptio":" ","Class_CD":" ","Class_Desc":" ","Class_De_1":" ","Building_M":" ","Condition":" ","Exterior_W":" ","Year_Built":0,"Sq_Footage":" ","BUILD_ID":29507071,"OCC_CLS":"Education","PRIM_OCC":"Pre-K - 12 Schools","SEC_OCC":" ","PROP_ADDR":"12401 EDGEMERE BOULEVARD WESTBOUND","PROP_CITY":"EL PASO","PROP_ST":"Texas","PROP_ZIP":"79938","OUTBLDG":" ","HEIGHT":7.46000004,"SQMETERS":23357.9004,"SQFEET":251422,"H_ADJ_ELEV":0,"L_ADJ_ELEV":0,"FIPS":"48141","CENSUSCODE":"48141010355","PROD_DATE":1414800000000,"SOURCE":"NGA","USNG":"13R CR 80934 18276","LONGITUDE":-106.25769770399999,"LATITUDE":31.793889700499999,"IMAGE_NAME":"Li270-El Paso","IMAGE_DATE":1414800000000,"VAL_METHOD":"Unverified","REMARKS":" ","UUID":"{a6edd35a-f872-427c-ab02-7d6791779fe6}","Shape_Leng":0.018052893889800001,"Shape_Area":2.2243323264200002e-06,"HEIGHT_FT":24.475066525199999,"Shape_Length":2532.3528543321204}},{"type":"Feature","id":22336,"geometry":{"type":"Polygon","coordinates":[[[-106.25925410010065,31.791220506042116],[-106.2593486162349,31.791216050691933],[-106.25934815483167,31.791132220299062],[-106.25931895834675,31.791134131625792],[-106.2593207259798,31.791151520805414],[-106.2593141818806,31.791155894770746],[-106.25925228082522,31.79115813227731],[-106.25925410010065,31.791220506042116]]]},"properties":{"OBJECTID":22336,"Join_Count":1,"TARGET_FID":33853,"PIDN":"T28799906000200","STATE_CD":"F1","CombineADD":"12680 TIERRA ESTE RD","Type":"Commercial","State_Code":"F1","Living_Are":"4938","Value":816700,"Value_Sq_F":165.39084649700001,"Descriptio":"MAIN AREA","Class_CD":"PADA","Class_Desc":" ","Class_De_1":"Branch Bank","Building_M":"Frame","Condition":"Average","Exterior_W":"892","Year_Built":2004,"Sq_Footage":"4938","BUILD_ID":29492837,"OCC_CLS":"Commercial","PRIM_OCC":"Professional/Technical Services","SEC_OCC":" ","PROP_ADDR":"12680 TIERRA ESTE ROAD","PROP_CITY":"EL PASO","PROP_ST":"Texas","PROP_ZIP":"79938","OUTBLDG":" ","HEIGHT":5.69000006,"SQMETERS":647.263977,"SQFEET":6967.08984,"H_ADJ_ELEV":0,"L_ADJ_ELEV":0,"FIPS":"48141","CENSUSCODE":"48141010352","PROD_DATE":1414800000000,"SOURCE":"NGA","USNG":"13R CR 80786 17967","LONGITUDE":-106.25917487,"LATITUDE":31.791106351300002,"IMAGE_NAME":"Li270-El Paso","IMAGE_DATE":1414800000000,"VAL_METHOD":"Unverified","REMARKS":" ","UUID":"{15454a4b-3961-4828-959d-d537329c4c6e}","Shape_Leng":0.00146510342593,"Shape_Area":6.1636085370599997e-08,"HEIGHT_FT":18.667979787699998,"Shape_Length":119.88558415806997}},{"type":"Feature","id":23806,"geometry":{"type":"Polygon","coordinates":[[[-106.26352468381883,31.760336647327012],[-106.26379486386489,31.760337052261328],[-106.26379005030535,31.760191873804406],[-106.26352009811259,31.760195093732019],[-106.26352468381883,31.760336647327012]]]},"properties":{"OBJECTID":23806,"Join_Count":1,"TARGET_FID":35912,"PIDN":"M77199900102700","STATE_CD":"F1","CombineADD":"12300 MONTWOOD DR","Type":"Commercial","State_Code":"F1","Living_Are":"5047","Value":0,"Value_Sq_F":0,"Descriptio":"MAIN AREA","Class_CD":"PFSA","Class_Desc":"1 & 2 Story Detached Office; Metal; Average","Class_De_1":"1 & 2 Story Detached Office","Building_M":"Metal","Condition":"Average","Exterior_W":"888","Year_Built":1995,"Sq_Footage":"4927","BUILD_ID":29395861,"OCC_CLS":"Commercial","PRIM_OCC":"Retail Trade","SEC_OCC":" ","PROP_ADDR":"12300 MONTWOOD DRIVE EASTBOUND","PROP_CITY":"EL PASO","PROP_ST":"Texas","PROP_ZIP":"79928","OUTBLDG":" ","HEIGHT":4.42000008,"SQMETERS":823.05603,"SQFEET":8859.29004,"H_ADJ_ELEV":0,"L_ADJ_ELEV":0,"FIPS":"48141","CENSUSCODE":"48141010366","PROD_DATE":1414800000000,"SOURCE":"NGA","USNG":"13R CR 80326 14549","LONGITUDE":-106.26365749999999,"LATITUDE":31.760183743199999,"IMAGE_NAME":"Li270-El Paso","IMAGE_DATE":1414800000000,"VAL_METHOD":"Unverified","REMARKS":" ","UUID":"{4f7d08ef-ed6a-43b8-8897-51be0237db9a}","Shape_Leng":0.0011774424062599999,"Shape_Area":7.8350265534799998e-08,"HEIGHT_FT":14.5013130503,"Shape_Length":272.23430726140975}},{"type":"Feature","id":23807,"geometry":{"type":"Polygon","coordinates":[[[-106.26242911082907,31.760359757516962],[-106.26254454601624,31.760358020731662],[-106.26254516756717,31.760368804187983],[-106.26261496483581,31.760366817483153],[-106.26260987533384,31.760162139386125],[-106.26264811909368,31.760125149166736],[-106.26260111632675,31.760089057138416],[-106.26260082695377,31.76005083663873],[-106.26265539670912,31.760051335905771],[-106.26265542411446,31.759995775546695],[-106.26264566236118,31.759996220527064],[-106.26264419182138,31.759905481523507],[-106.26255827348056,31.7599076539896],[-106.26242165765017,31.759908262740552],[-106.26242911082907,31.760359757516962]]]},"properties":{"OBJECTID":23807,"Join_Count":1,"TARGET_FID":35913,"PIDN":"M77199900102675","STATE_CD":"F1","CombineADD":"12350 MONTWOOD DR","Type":"Commercial","State_Code":"F1","Living_Are":"9995","Value":0,"Value_Sq_F":0,"Descriptio":"MAIN AREA","Class_CD":"PFDA","Class_Desc":"1 & 2 Story Detached Office; Frame; Low","Class_De_1":"1 & 2 Story Detached Office","Building_M":"Frame","Condition":"Low","Exterior_W":"804","Year_Built":2004,"Sq_Footage":"9995","BUILD_ID":29395911,"OCC_CLS":"Commercial","PRIM_OCC":"Medical Office/Clinic","SEC_OCC":" ","PROP_ADDR":"12350 MONTWOOD DRIVE EASTBOUND","PROP_CITY":"EL PASO","PROP_ST":"Texas","PROP_ZIP":"79928","OUTBLDG":" ","HEIGHT":4.57000017,"SQMETERS":926.348999,"SQFEET":9971.12988,"H_ADJ_ELEV":0,"L_ADJ_ELEV":0,"FIPS":"48141","CENSUSCODE":"48141010366","PROD_DATE":1414800000000,"SOURCE":"NGA","USNG":"13R CR 80434 14540","LONGITUDE":-106.262515627,"LATITUDE":31.760115686900001,"IMAGE_NAME":"Li270-El Paso","IMAGE_DATE":1414800000000,"VAL_METHOD":"Unverified","REMARKS":" ","UUID":"{ae2d501d-b4d2-40bc-a58f-34c89f8b8aa5}","Shape_Leng":0.0014538251586199999,"Shape_Area":8.8183134454899997e-08,"HEIGHT_FT":14.9934393632,"Shape_Length":494.15281869229472}},{"type":"Feature","id":24120,"geometry":{"type":"Polygon","coordinates":[[[-106.25740097019734,31.771150253982437],[-106.25737586283822,31.771171347199807],[-106.2574090079351,31.77120028603715],[-106.25745127931059,31.771227759799793],[-106.25759332291759,31.771099114628001],[-106.25754765251202,31.771068503685274],[-106.25751935744721,31.771041253294499],[-106.25749636819148,31.771064014854943],[-106.25748026569465,31.771052148171165],[-106.25750150112304,31.77102808284118],[-106.25746558540595,31.771003993719251],[-106.25743363268697,31.770974475861983],[-106.25729321492125,31.771107389216475],[-106.25732116395172,31.771131839361491],[-106.25736101802039,31.771159948868178],[-106.25738534959295,31.771136266401285],[-106.25740097019734,31.771150253982437]]]},"properties":{"OBJECTID":24120,"Join_Count":1,"TARGET_FID":36336,"PIDN":"S81299904600100","STATE_CD":"B2","CombineADD":"2140 ZARAGOZA RD","Type":"Commercial","State_Code":"B2","Living_Are":"3348","Value":165127,"Value_Sq_F":49.321087216199999,"Descriptio":"MAIN AREA","Class_CD":"QNDA","Class_Desc":"Apartments; Frame; Average","Class_De_1":"Apartments","Building_M":"Frame","Condition":"Average","Exterior_W":"892","Year_Built":2004,"Sq_Footage":"1674","BUILD_ID":29419091,"OCC_CLS":"Residential","PRIM_OCC":"Multi - Family Dwelling","SEC_OCC":" ","PROP_ADDR":"2140 NORTH ZARAGOZA ROAD","PROP_CITY":"EL PASO","PROP_ST":"Texas","PROP_ZIP":"79938","OUTBLDG":" ","HEIGHT":5.82000017,"SQMETERS":356.32901,"SQFEET":3835.48999,"H_ADJ_ELEV":0,"L_ADJ_ELEV":0,"FIPS":"48141","CENSUSCODE":"48141010366","PROD_DATE":1414800000000,"SOURCE":"NGA","USNG":"13R CR 80929 15751","LONGITUDE":-106.25744335100001,"LATITUDE":31.771093338099998,"IMAGE_NAME":"Li270-El Paso","IMAGE_DATE":1414800000000,"VAL_METHOD":"Unverified","REMARKS":" ","UUID":"{f9e53a6d-a027-4d5d-8521-a000f58b3dc7}","Shape_Leng":0.00078956740270299999,"Shape_Area":3.3924464049400003e-08,"HEIGHT_FT":19.094489363200001,"Shape_Length":307.2482670433655}},{"type":"Feature","id":24121,"geometry":{"type":"Polygon","coordinates":[[[-106.25645305024298,31.771035177261489],[-106.25643252120727,31.771053504992818],[-106.25646670519059,31.77108561290305],[-106.25651412722289,31.771119362409582],[-106.25664043824268,31.771002231909495],[-106.25659273897242,31.770968783178791],[-106.25656069346712,31.770939383142579],[-106.25653875291773,31.77095614857296],[-106.25652422845627,31.770944409524429],[-106.25653675005724,31.770929873854413],[-106.25650916801163,31.770903015277391],[-106.25650199853197,31.770903902574769],[-106.25644405907204,31.770859467086229],[-106.25645117968877,31.770855390253899],[-106.25641390994183,31.770828858949692],[-106.25639847961962,31.77084471018166],[-106.25638819835548,31.770837828387297],[-106.25641094984782,31.770819081558088],[-106.25639931573487,31.770816001340684],[-106.25635349809957,31.770784326459914],[-106.25631632837283,31.77074967027599],[-106.25619088323484,31.770872801372267],[-106.25623041807489,31.770902393374463],[-106.25627563789209,31.770932382224377],[-106.25629843060027,31.770914854611433],[-106.25631412118557,31.770924239342278],[-106.25629628165909,31.770943567225963],[-106.25632542712135,31.770968610663985],[-106.2563309720646,31.770962746878837],[-106.25636580357644,31.770991441196401],[-106.2563891244717,31.771010595691919],[-106.25638427012974,31.771016988897653],[-106.25641614750577,31.771040118774696],[-106.25643780593674,31.771022406154774],[-106.25645305024298,31.771035177261489]]]},"properties":{"OBJECTID":24121,"Join_Count":2,"TARGET_FID":36337,"PIDN":"S81299904600100","STATE_CD":"B2","CombineADD":"2140 ZARAGOZA RD","Type":"Commercial","State_Code":"B2","Living_Are":"3348","Value":165127,"Value_Sq_F":49.321087216199999,"Descriptio":"MAIN AREA","Class_CD":"QNDA","Class_Desc":"Apartments; Frame; Average","Class_De_1":"Apartments","Building_M":"Frame","Condition":"Average","Exterior_W":"892","Year_Built":2004,"Sq_Footage":"1674","BUILD_ID":29418712,"OCC_CLS":"Residential","PRIM_OCC":"Multi - Family Dwelling","SEC_OCC":" ","PROP_ADDR":"2140 NORTH ZARAGOZA ROAD","PROP_CITY":"EL PASO","PROP_ST":"Texas","PROP_ZIP":"79938","OUTBLDG":" ","HEIGHT":5.98000002,"SQMETERS":464.160004,"SQFEET":4996.16992,"H_ADJ_ELEV":0,"L_ADJ_ELEV":0,"FIPS":"48141","CENSUSCODE":"48141010366","PROD_DATE":1414800000000,"SOURCE":"NGA","USNG":"13R CR 81030 15728","LONGITUDE":-106.256368588,"LATITUDE":31.770893129099999,"IMAGE_NAME":"Li270-El Paso","IMAGE_DATE":1414800000000,"VAL_METHOD":"Unverified","REMARKS":" ","UUID":"{c19ae6ac-5ea4-4d25-89e3-87e6473dd880}","Shape_Leng":0.00088742225201000001,"Shape_Area":4.4190448316899998e-08,"HEIGHT_FT":19.619423262600002,"Shape_Length":465.97204861894602}},{"type":"Feature","id":24122,"geometry":{"type":"Polygon","coordinates":[[[-106.25699627378107,31.771486401960185],[-106.25697476169394,31.771506849995721],[-106.25700889324119,31.771537518720052],[-106.2570481757167,31.771562582706231],[-106.25718871233272,31.771434675902135],[-106.2571492628161,31.771406934473131],[-106.25712061627415,31.771376016020024],[-106.25709547808047,31.771401327428329],[-106.25707967183062,31.771387278722283],[-106.25709454899189,31.771373846874226],[-106.2570630616987,31.7713477559967],[-106.25705708478684,31.771352728195822],[-106.25699526743651,31.77130653766055],[-106.25700033472087,31.771299592839938],[-106.256971406201,31.771276743372461],[-106.25695640273705,31.771288167817172],[-106.25694072177251,31.771276126531482],[-106.25695897443495,31.77125381377347],[-106.25692216827535,31.771230651050864],[-106.25689183002066,31.771197795538093],[-106.25674857580681,31.771332538949991],[-106.25678080652781,31.771357923195701],[-106.25681559598645,31.771386548869732],[-106.25684081774672,31.771362575807256],[-106.25685971634665,31.771375812687292],[-106.25684405482677,31.771389280221726],[-106.25687616034774,31.771412657005481],[-106.25688143655648,31.771409060621263],[-106.25694717132967,31.771455072831678],[-106.25693831081325,31.771464203512398],[-106.2569693814507,31.771483599309654],[-106.25698129255235,31.771472986722397],[-106.25699627378107,31.771486401960185]]]},"properties":{"OBJECTID":24122,"Join_Count":1,"TARGET_FID":36338,"PIDN":"S81299904600100","STATE_CD":"B2","CombineADD":"2140 ZARAGOZA RD","Type":"Commercial","State_Code":"B2","Living_Are":"3348","Value":165127,"Value_Sq_F":49.321087216199999,"Descriptio":"MAIN AREA","Class_CD":"QNDA","Class_Desc":"Apartments; Frame; Average","Class_De_1":"Apartments","Building_M":"Frame","Condition":"Average","Exterior_W":"892","Year_Built":2004,"Sq_Footage":"1674","BUILD_ID":29419891,"OCC_CLS":"Residential","PRIM_OCC":"Multi - Family Dwelling","SEC_OCC":" ","PROP_ADDR":"2140 NORTH ZARAGOZA ROAD","PROP_CITY":"EL PASO","PROP_ST":"Texas","PROP_ZIP":"79938","OUTBLDG":" ","HEIGHT":6.01999998,"SQMETERS":623.356995,"SQFEET":6709.75977,"H_ADJ_ELEV":0,"L_ADJ_ELEV":0,"FIPS":"48141","CENSUSCODE":"48141010366","PROD_DATE":1414800000000,"SOURCE":"NGA","USNG":"13R CR 80974 15782","LONGITUDE":-106.25697294,"LATITUDE":31.771378583099999,"IMAGE_NAME":"Li270-El Paso","IMAGE_DATE":1414800000000,"VAL_METHOD":"Unverified","REMARKS":" ","UUID":"{e3d41b9a-7572-427e-8cbf-a9f4fc57bdd0}","Shape_Leng":0.0011118518074900001,"Shape_Area":5.9347124252500001e-08,"HEIGHT_FT":19.7506567374,"Shape_Length":460.72569439138817}},{"type":"Feature","id":24123,"geometry":{"type":"Polygon","coordinates":[[[-106.25661815657938,31.771732988643013],[-106.2565758670849,31.771781513513595],[-106.25677057191568,31.771929654153514],[-106.25681453434535,31.771881052143709],[-106.25688962784751,31.77182027959805],[-106.25669664174337,31.771672777981642],[-106.25661815657938,31.771732988643013]]]},"properties":{"OBJECTID":24123,"Join_Count":1,"TARGET_FID":36339,"PIDN":"S81299904600100","STATE_CD":"B2","CombineADD":"2140 ZARAGOZA RD","Type":"Commercial","State_Code":"B2","Living_Are":"3348","Value":165127,"Value_Sq_F":49.321087216199999,"Descriptio":"MAIN AREA","Class_CD":"QNDA","Class_Desc":"Apartments; Frame; Average","Class_De_1":"Apartments","Building_M":"Frame","Condition":"Average","Exterior_W":"892","Year_Built":2004,"Sq_Footage":"1674","BUILD_ID":29420775,"OCC_CLS":"Residential","PRIM_OCC":"Multi - Family Dwelling","SEC_OCC":" ","PROP_ADDR":"2140 NORTH ZARAGOZA ROAD","PROP_CITY":"EL PASO","PROP_ST":"Texas","PROP_ZIP":"79938","OUTBLDG":" ","HEIGHT":4.23999977,"SQMETERS":346.628998,"SQFEET":3731.08008,"H_ADJ_ELEV":0,"L_ADJ_ELEV":0,"FIPS":"48141","CENSUSCODE":"48141010366","PROD_DATE":1414800000000,"SOURCE":"NGA","USNG":"13R CR 80997 15828","LONGITUDE":-106.25672791700001,"LATITUDE":31.771796544400001,"IMAGE_NAME":"Li270-El Paso","IMAGE_DATE":1414800000000,"VAL_METHOD":"Unverified","REMARKS":" ","UUID":"{d6736add-4f8e-4e33-bf14-e7da8a851215}","Shape_Leng":0.00075084788508799998,"Shape_Area":3.3001194622199997e-08,"HEIGHT_FT":13.910760849100001,"Shape_Length":270.78194827497327}},{"type":"Feature","id":24124,"geometry":{"type":"Polygon","coordinates":[[[-106.25709459760306,31.77013859499251],[-106.2571269877149,31.77016896184692],[-106.25711410232836,31.770179680241327],[-106.25722803217376,31.770267847297117],[-106.2572828041137,31.770208905670902],[-106.25732866314753,31.770168013110872],[-106.25734780206533,31.770150946108117],[-106.25724001138916,31.770066118552123],[-106.25723201440489,31.770073718825991],[-106.25719106526908,31.770047095179763],[-106.25718379403591,31.770053992257907],[-106.25709459760306,31.77013859499251]]]},"properties":{"OBJECTID":24124,"Join_Count":1,"TARGET_FID":36340,"PIDN":"S81299904600260","STATE_CD":"F1","CombineADD":"2191 SUN COUNTRY RD","Type":"Commercial","State_Code":"F1","Living_Are":"4116","Value":620475,"Value_Sq_F":150.747084548,"Descriptio":"MAIN AREA","Class_CD":"XSDA","Class_Desc":"Schools; Frame; Average","Class_De_1":"Schools","Building_M":"Frame","Condition":"Average","Exterior_W":"892","Year_Built":2019,"Sq_Footage":"4116","BUILD_ID":29416840,"OCC_CLS":"Education","PRIM_OCC":"Other Educational Buildings","SEC_OCC":" ","PROP_ADDR":" ","PROP_CITY":" ","PROP_ST":"Texas","PROP_ZIP":" ","OUTBLDG":" ","HEIGHT":3.71000004,"SQMETERS":274.537994,"SQFEET":2955.1001,"H_ADJ_ELEV":0,"L_ADJ_ELEV":0,"FIPS":"48141","CENSUSCODE":"48141010366","PROD_DATE":1414800000000,"SOURCE":"NGA","USNG":"13R CR 80950 15646","LONGITUDE":-106.25720537300001,"LATITUDE":31.770144501899999,"IMAGE_NAME":"Li270-El Paso","IMAGE_DATE":1414800000000,"VAL_METHOD":"Unverified","REMARKS":" ","UUID":"{95d27a28-5e74-4422-b92d-ee624a6b54ef}","Shape_Leng":0.00065616287088200004,"Shape_Area":2.6137209110000001e-08,"HEIGHT_FT":12.1719165252,"Shape_Length":234.93652003527214}},{"type":"Feature","id":24138,"geometry":{"type":"Polygon","coordinates":[[[-106.26649695596512,31.782839553022132],[-106.266603824236,31.782837724988749],[-106.26659845040285,31.781838850399208],[-106.2664986956411,31.781840354084117],[-106.26649695596512,31.782839553022132]]]},"properties":{"OBJECTID":24138,"Join_Count":1,"TARGET_FID":36359,"PIDN":"T28799910400150","STATE_CD":"F1","CombineADD":"2250 JOE BATTLE BLVD","Type":"Commercial","State_Code":"F1","Living_Are":"1530","Value":201897,"Value_Sq_F":131.958823529,"Descriptio":"MAIN AREA","Class_CD":"QICA","Class_Desc":"Office Apartments; Masonry; Average","Class_De_1":"Office Apartments","Building_M":"Masonry","Condition":"Average","Exterior_W":"812","Year_Built":2003,"Sq_Footage":"765","BUILD_ID":29457579,"OCC_CLS":"Commercial","PRIM_OCC":"Retail Trade","SEC_OCC":" ","PROP_ADDR":"2250 JOE BATTLE BOULEVARD NORTHBOUND","PROP_CITY":"EL PASO","PROP_ST":"Texas","PROP_ZIP":"79938","OUTBLDG":" ","HEIGHT":2.6500001,"SQMETERS":921.012024,"SQFEET":9913.67969,"H_ADJ_ELEV":0,"L_ADJ_ELEV":0,"FIPS":"48141","CENSUSCODE":"48141010352","PROD_DATE":1414800000000,"SOURCE":"NGA","USNG":"13R CR 80083 17006","LONGITUDE":-106.26652989,"LATITUDE":31.782328438299999,"IMAGE_NAME":"Li270-El Paso","IMAGE_DATE":1414800000000,"VAL_METHOD":"Unverified","REMARKS":" ","UUID":"{d00339c9-3db2-401e-bebb-91eef280685a}","Shape_Leng":0.00215383964111,"Shape_Area":8.7695722784699995e-08,"HEIGHT_FT":8.6942263128900006,"Shape_Length":791.07921869100664}},{"type":"Feature","id":24139,"geometry":{"type":"Polygon","coordinates":[[[-106.26599992156007,31.781847867760259],[-106.26601576690202,31.782843218244384],[-106.26611888916848,31.782838515971299],[-106.2660994865534,31.781843327659484],[-106.26599992156007,31.781847867760259]]]},"properties":{"OBJECTID":24139,"Join_Count":1,"TARGET_FID":36360,"PIDN":"T28799910400150","STATE_CD":"F1","CombineADD":"2250 JOE BATTLE BLVD","Type":"Commercial","State_Code":"F1","Living_Are":"1530","Value":201897,"Value_Sq_F":131.958823529,"Descriptio":"MAIN AREA","Class_CD":"QICA","Class_Desc":"Office Apartments; Masonry; Average","Class_De_1":"Office Apartments","Building_M":"Masonry","Condition":"Average","Exterior_W":"812","Year_Built":2003,"Sq_Footage":"765","BUILD_ID":29457575,"OCC_CLS":"Commercial","PRIM_OCC":"Retail Trade","SEC_OCC":" ","PROP_ADDR":"2250 JOE BATTLE BOULEVARD NORTHBOUND","PROP_CITY":"EL PASO","PROP_ST":"Texas","PROP_ZIP":"79938","OUTBLDG":" ","HEIGHT":2.61999989,"SQMETERS":1005.91998,"SQFEET":10827.5996,"H_ADJ_ELEV":0,"L_ADJ_ELEV":0,"FIPS":"48141","CENSUSCODE":"48141010352","PROD_DATE":1414800000000,"SOURCE":"NGA","USNG":"13R CR 80130 17007","LONGITUDE":-106.266032626,"LATITUDE":31.782336063199999,"IMAGE_NAME":"Li270-El Paso","IMAGE_DATE":1414800000000,"VAL_METHOD":"Unverified","REMARKS":" ","UUID":"{1ccedef7-40cc-4066-8678-36b8fe362e2e}","Shape_Leng":0.0021525911175100001,"Shape_Area":9.5780366366599994e-08,"HEIGHT_FT":8.5958004245400002,"Shape_Length":787.27287849418167}},{"type":"Feature","id":24140,"geometry":{"type":"Polygon","coordinates":[[[-106.26695131277238,31.76963592659861],[-106.26713575513226,31.769634678408369],[-106.26713675092458,31.769516403429808],[-106.26694127654228,31.7695142929011],[-106.26695131277238,31.76963592659861]]]},"properties":{"OBJECTID":24140,"Join_Count":1,"TARGET_FID":36361,"PIDN":"S81299901102725","STATE_CD":"F1","CombineADD":"2100 JOE BATTLE BLVD","Type":"Commercial","State_Code":"F1","Living_Are":"2640","Value":9103,"Value_Sq_F":3.4481060606099998,"Descriptio":"MAIN AREA","Class_CD":"SGDA","Class_Desc":"Service Garage; Frame; Average","Class_De_1":"Service Garage","Building_M":"Frame","Condition":"Average","Exterior_W":"896","Year_Built":1998,"Sq_Footage":"2640","BUILD_ID":29415314,"OCC_CLS":"Commercial","PRIM_OCC":"Personal and Repair Services","SEC_OCC":" ","PROP_ADDR":"2100 JOE BATTLE BOULEVARD NORTHBOUND","PROP_CITY":"EL PASO","PROP_ST":"Texas","PROP_ZIP":"79938","OUTBLDG":" ","HEIGHT":3.24000001,"SQMETERS":206.173004,"SQFEET":2219.21997,"H_ADJ_ELEV":0,"L_ADJ_ELEV":0,"FIPS":"48141","CENSUSCODE":"48141010329","PROD_DATE":1414800000000,"SOURCE":"NGA","USNG":"13R CR 80020 15593","LONGITUDE":-106.2670159,"LATITUDE":31.769571839899999,"IMAGE_NAME":"Li270-El Paso","IMAGE_DATE":1414800000000,"VAL_METHOD":"Unverified","REMARKS":" ","UUID":"{580ccdb4-5324-4eeb-8879-8a129a905bf1}","Shape_Leng":0.000576778940305,"Shape_Area":1.96284134883e-08,"HEIGHT_FT":10.6299216313,"Shape_Length":205.4615076500541}},{"type":"Feature","id":24323,"geometry":{"type":"Polygon","coordinates":[[[-106.26247994030217,31.768082789875137],[-106.26292810406183,31.767652646286294],[-106.26279763590908,31.767548163581385],[-106.26265641945892,31.767678621727551],[-106.26265919833708,31.767682796828414],[-106.26261484099253,31.767724964214004],[-106.26261841110512,31.767728385237124],[-106.26254030528321,31.767807935553915],[-106.26254443451499,31.767847175803926],[-106.26258845832506,31.76788029681887],[-106.26258137490871,31.767887788981451],[-106.26256600061552,31.767883471764527],[-106.26255089519489,31.767883443150058],[-106.26253508562635,31.767885597057941],[-106.26252183177424,31.767888352490669],[-106.2625138220406,31.767894452648218],[-106.26250766381837,31.76790333595563],[-106.26250229688856,31.767911466085433],[-106.26250097756332,31.767920099939126],[-106.26249931926469,31.767930957474739],[-106.26245808443089,31.767915631666273],[-106.26241430514693,31.767913326200212],[-106.26233602144288,31.767990016038233],[-106.2623676171836,31.768012233406605],[-106.26237628538127,31.768003235707567],[-106.26247994030217,31.768082789875137]]]},"properties":{"OBJECTID":24323,"Join_Count":1,"TARGET_FID":36595,"PIDN":"B197999001B0100","STATE_CD":"F1","CombineADD":"2077 ZARAGOZA RD","Type":"Commercial","State_Code":"F1","Living_Are":"8841","Value":449807,"Value_Sq_F":50.877389435600001,"Descriptio":"MAIN AREA","Class_CD":"MXCG","Class_Desc":" ","Class_De_1":"Strip Store","Building_M":"Masonry","Condition":"Good","Exterior_W":"817","Year_Built":2006,"Sq_Footage":"8841","BUILD_ID":29411913,"OCC_CLS":"Commercial","PRIM_OCC":"Retail Trade","SEC_OCC":" ","PROP_ADDR":"2077 NORTH ZARAGOZA ROAD","PROP_CITY":"EL PASO","PROP_ST":"Texas","PROP_ZIP":"79938","OUTBLDG":" ","HEIGHT":7.90999985,"SQMETERS":904.612976,"SQFEET":9737.16992,"H_ADJ_ELEV":0,"L_ADJ_ELEV":0,"FIPS":"48141","CENSUSCODE":"48141010329","PROD_DATE":1414800000000,"SOURCE":"NGA","USNG":"13R CR 80432 15394","LONGITUDE":-106.262640547,"LATITUDE":31.7678227492,"IMAGE_NAME":"Li270-El Paso","IMAGE_DATE":1414800000000,"VAL_METHOD":"Unverified","REMARKS":" ","UUID":"{a9643e23-36a0-4e1b-b684-1804d87fbe2b}","Shape_Leng":0.0016844740418699999,"Shape_Area":8.6120855980099994e-08,"HEIGHT_FT":25.951443899400001,"Shape_Length":589.04126622478998}},{"type":"Feature","id":24335,"geometry":{"type":"Polygon","coordinates":[[[-106.24593205219043,31.79625487040407],[-106.24612778390775,31.796549648440585],[-106.24632359899979,31.796450280860473],[-106.2461264460588,31.796159074579855],[-106.24593205219043,31.79625487040407]]]},"properties":{"OBJECTID":24335,"Join_Count":1,"TARGET_FID":36608,"PIDN":"E24299900100120","STATE_CD":"F1","CombineADD":"12820 EDGEMERE BLVD","Type":"Commercial","State_Code":"F1","Living_Are":"9100","Value":0,"Value_Sq_F":0,"Descriptio":"MAIN AREA","Class_CD":"MECA","Class_Desc":"Discount Store; Masonry; Average","Class_De_1":"Discount Store","Building_M":"Masonry","Condition":"Average","Exterior_W":"812","Year_Built":2007,"Sq_Footage":"9100","BUILD_ID":29512789,"OCC_CLS":"Commercial","PRIM_OCC":"Wholesale Trade","SEC_OCC":" ","PROP_ADDR":"12820 EDGEMERE BOULEVARD EASTBOUND","PROP_CITY":"EL PASO","PROP_ST":"Texas","PROP_ZIP":"79938","OUTBLDG":" ","HEIGHT":5.3499999,"SQMETERS":810.224976,"SQFEET":8721.17969,"H_ADJ_ELEV":0,"L_ADJ_ELEV":0,"FIPS":"48141","CENSUSCODE":"48141010353","PROD_DATE":1414800000000,"SOURCE":"NGA","USNG":"13R CR 82033 18539","LONGITUDE":-106.246124667,"LATITUDE":31.796351314100001,"IMAGE_NAME":"Li270-El Paso","IMAGE_DATE":1414800000000,"VAL_METHOD":"Unverified","REMARKS":" ","UUID":"{df25c2d1-e268-49f2-8972-c717caba60ce}","Shape_Leng":0.0011656912942,"Shape_Area":7.7158374063300005e-08,"HEIGHT_FT":17.5524936871,"Shape_Length":386.14419913816528}},{"type":"Feature","id":24336,"geometry":{"type":"Polygon","coordinates":[[[-106.24563135649798,31.796450175165234],[-106.24580680860555,31.796709406045196],[-106.24598690060141,31.796621273236617],[-106.24580967984298,31.796360018608357],[-106.24563135649798,31.796450175165234]]]},"properties":{"OBJECTID":24336,"Join_Count":1,"TARGET_FID":36609,"PIDN":"E24299900100140","STATE_CD":"F1","CombineADD":"12820 EDGEMERE BLVD","Type":"Commercial","State_Code":"F1","Living_Are":"7360","Value":726476,"Value_Sq_F":98.705978260899997,"Descriptio":"MAIN AREA","Class_CD":"MECA","Class_Desc":"Discount Store; Masonry; Average","Class_De_1":"Discount Store","Building_M":"Masonry","Condition":"Average","Exterior_W":"812","Year_Built":2007,"Sq_Footage":"7360","BUILD_ID":29513241,"OCC_CLS":"Commercial","PRIM_OCC":"Wholesale Trade","SEC_OCC":" ","PROP_ADDR":"12820 EDGEMERE BOULEVARD EASTBOUND","PROP_CITY":"EL PASO","PROP_ST":"Texas","PROP_ZIP":"79938","OUTBLDG":" ","HEIGHT":4.98000002,"SQMETERS":667.21698,"SQFEET":7181.85986,"H_ADJ_ELEV":0,"L_ADJ_ELEV":0,"FIPS":"48141","CENSUSCODE":"48141010353","PROD_DATE":1414800000000,"SOURCE":"NGA","USNG":"13R CR 82063 18558","LONGITUDE":-106.245802725,"LATITUDE":31.796533173699999,"IMAGE_NAME":"Li270-El Paso","IMAGE_DATE":1414800000000,"VAL_METHOD":"Unverified","REMARKS":" ","UUID":"{24c9f9e3-9ca7-45f1-9102-7757aa2b4c48}","Shape_Leng":0.0010506306168999999,"Shape_Area":6.3539807857499998e-08,"HEIGHT_FT":16.3385832626,"Shape_Length":347.63335810653206}},{"type":"Feature","id":24337,"geometry":{"type":"Polygon","coordinates":[[[-106.2450698926566,31.796600112935305],[-106.24509155884471,31.796633793123338],[-106.24550235978458,31.796759359026868],[-106.24554423218964,31.796745076292179],[-106.24546849666515,31.79657643294976],[-106.24527631763246,31.796516453842255],[-106.2450698926566,31.796600112935305]]]},"properties":{"OBJECTID":24337,"Join_Count":1,"TARGET_FID":36610,"PIDN":"E24299900100180","STATE_CD":"F1","CombineADD":"3589 RICH BEEM BLVD","Type":"Commercial","State_Code":"F1","Living_Are":"8400","Value":399621,"Value_Sq_F":47.573928571400003,"Descriptio":"MAIN AREA","Class_CD":"MXCA","Class_Desc":" ","Class_De_1":"Strip Store","Building_M":"Masonry","Condition":"Average","Exterior_W":"801","Year_Built":2019,"Sq_Footage":"8400","BUILD_ID":2869361,"OCC_CLS":"Unclassified","PRIM_OCC":"Unclassified","SEC_OCC":" ","PROP_ADDR":" ","PROP_CITY":" ","PROP_ST":"Texas","PROP_ZIP":" ","OUTBLDG":" ","HEIGHT":0,"SQMETERS":983.85498,"SQFEET":10590.0996,"H_ADJ_ELEV":0,"L_ADJ_ELEV":0,"FIPS":"48141","CENSUSCODE":"48141010353","PROD_DATE":1634774400000,"SOURCE":"ORNL","USNG":"13R CR 82104 18578","LONGITUDE":-106.245367812,"LATITUDE":31.7967205524,"IMAGE_NAME":"1040010068C22B00","IMAGE_DATE":1618272000000,"VAL_METHOD":"Automated","REMARKS":" ","UUID":"{98e260f6-e26c-42f2-ba11-a1b1caa35409}","Shape_Leng":0.0013077188521599999,"Shape_Area":9.4244964579099998e-08,"HEIGHT_FT":0,"Shape_Length":363.81473773584554}},{"type":"Feature","id":24338,"geometry":{"type":"Polygon","coordinates":[[[-106.24658366921416,31.796140714898485],[-106.24650808035474,31.79603501282228],[-106.24636681631831,31.796105822692731],[-106.24643878596149,31.796214963206818],[-106.24651216528309,31.796177358889906],[-106.24658366921416,31.796140714898485]]]},"properties":{"OBJECTID":24338,"Join_Count":0,"TARGET_FID":36611,"PIDN":"E24299900100160","STATE_CD":"F1","CombineADD":"12810 EDGEMERE BLVD","Type":"Commercial","State_Code":"F1","Living_Are":"3158","Value":545817,"Value_Sq_F":172.83628879,"Descriptio":"MAIN AREA","Class_CD":"PMDA","Class_Desc":"Medical Office; Frame; Average","Class_De_1":"Medical Office","Building_M":"Frame","Condition":"Average","Exterior_W":"892","Year_Built":2018,"Sq_Footage":"3158","BUILD_ID":null,"OCC_CLS":null,"PRIM_OCC":null,"SEC_OCC":null,"PROP_ADDR":null,"PROP_CITY":null,"PROP_ST":null,"PROP_ZIP":null,"OUTBLDG":null,"HEIGHT":null,"SQMETERS":null,"SQFEET":null,"H_ADJ_ELEV":null,"L_ADJ_ELEV":null,"FIPS":null,"CENSUSCODE":null,"PROD_DATE":null,"SOURCE":null,"USNG":null,"LONGITUDE":null,"LATITUDE":null,"IMAGE_NAME":null,"IMAGE_DATE":null,"VAL_METHOD":null,"REMARKS":null,"UUID":null,"Shape_Leng":null,"Shape_Area":null,"HEIGHT_FT":null,"Shape_Length":194.01052454249208}},{"type":"Feature","id":24339,"geometry":{"type":"Polygon","coordinates":[[[-106.24679935309531,31.796033782038069],[-106.24671583348872,31.795903338449499],[-106.2465709507574,31.795977587812459],[-106.24665426678824,31.796104765929705],[-106.24672704704521,31.796069158465862],[-106.24679935309531,31.796033782038069]]]},"properties":{"OBJECTID":24339,"Join_Count":0,"TARGET_FID":36612,"PIDN":"E24299900100160","STATE_CD":"F1","CombineADD":"12810 EDGEMERE BLVD","Type":"Commercial","State_Code":"F1","Living_Are":"3158","Value":545817,"Value_Sq_F":172.83628879,"Descriptio":"MAIN AREA","Class_CD":"PMDA","Class_Desc":"Medical Office; Frame; Average","Class_De_1":"Medical Office","Building_M":"Frame","Condition":"Average","Exterior_W":"892","Year_Built":2018,"Sq_Footage":"3158","BUILD_ID":null,"OCC_CLS":null,"PRIM_OCC":null,"SEC_OCC":null,"PROP_ADDR":null,"PROP_CITY":null,"PROP_ST":null,"PROP_ZIP":null,"OUTBLDG":null,"HEIGHT":null,"SQMETERS":null,"SQFEET":null,"H_ADJ_ELEV":null,"L_ADJ_ELEV":null,"FIPS":null,"CENSUSCODE":null,"PROD_DATE":null,"SOURCE":null,"USNG":null,"LONGITUDE":null,"LATITUDE":null,"IMAGE_NAME":null,"IMAGE_DATE":null,"VAL_METHOD":null,"REMARKS":null,"UUID":null,"Shape_Leng":null,"Shape_Area":null,"HEIGHT_FT":null,"Shape_Length":211.54477089961702}},{"type":"Feature","id":24340,"geometry":{"type":"Polygon","coordinates":[[[-106.24679935309531,31.796033782038069],[-106.2468916865103,31.796171483709823],[-106.24693103845307,31.796152209564674],[-106.24696541350762,31.796135372483452],[-106.2468724313479,31.795996628306874],[-106.2468263576951,31.796020052592144],[-106.24679935309531,31.796033782038069]]]},"properties":{"OBJECTID":24340,"Join_Count":0,"TARGET_FID":36613,"PIDN":"E24299900100160","STATE_CD":"F1","CombineADD":"12810 EDGEMERE BLVD","Type":"Commercial","State_Code":"F1","Living_Are":"3158","Value":545817,"Value_Sq_F":172.83628879,"Descriptio":"MAIN AREA","Class_CD":"PMDA","Class_Desc":"Medical Office; Frame; Average","Class_De_1":"Medical Office","Building_M":"Frame","Condition":"Average","Exterior_W":"892","Year_Built":2018,"Sq_Footage":"3158","BUILD_ID":null,"OCC_CLS":null,"PRIM_OCC":null,"SEC_OCC":null,"PROP_ADDR":null,"PROP_CITY":null,"PROP_ST":null,"PROP_ZIP":null,"OUTBLDG":null,"HEIGHT":null,"SQMETERS":null,"SQFEET":null,"H_ADJ_ELEV":null,"L_ADJ_ELEV":null,"FIPS":null,"CENSUSCODE":null,"PROD_DATE":null,"SOURCE":null,"USNG":null,"LONGITUDE":null,"LATITUDE":null,"IMAGE_NAME":null,"IMAGE_DATE":null,"VAL_METHOD":null,"REMARKS":null,"UUID":null,"Shape_Leng":null,"Shape_Area":null,"HEIGHT_FT":null,"Shape_Length":168.71081947516498}},{"type":"Feature","id":24341,"geometry":{"type":"Polygon","coordinates":[[[-106.24672704704521,31.796069158465862],[-106.2468208758327,31.796206167251093],[-106.2468916865103,31.796171483709823],[-106.24679935309531,31.796033782038069],[-106.24672704704521,31.796069158465862]]]},"properties":{"OBJECTID":24341,"Join_Count":0,"TARGET_FID":36614,"PIDN":"E24299900100160","STATE_CD":"F1","CombineADD":"12810 EDGEMERE BLVD","Type":"Commercial","State_Code":"F1","Living_Are":"3158","Value":545817,"Value_Sq_F":172.83628879,"Descriptio":"MAIN AREA","Class_CD":"PMDA","Class_Desc":"Medical Office; Frame; Average","Class_De_1":"Medical Office","Building_M":"Frame","Condition":"Average","Exterior_W":"892","Year_Built":2018,"Sq_Footage":"3158","BUILD_ID":null,"OCC_CLS":null,"PRIM_OCC":null,"SEC_OCC":null,"PROP_ADDR":null,"PROP_CITY":null,"PROP_ST":null,"PROP_ZIP":null,"OUTBLDG":null,"HEIGHT":null,"SQMETERS":null,"SQFEET":null,"H_ADJ_ELEV":null,"L_ADJ_ELEV":null,"FIPS":null,"CENSUSCODE":null,"PROD_DATE":null,"SOURCE":null,"USNG":null,"LONGITUDE":null,"LATITUDE":null,"IMAGE_NAME":null,"IMAGE_DATE":null,"VAL_METHOD":null,"REMARKS":null,"UUID":null,"Shape_Leng":null,"Shape_Area":null,"HEIGHT_FT":null,"Shape_Length":166.71847139739469}},{"type":"Feature","id":24342,"geometry":{"type":"Polygon","coordinates":[[[-106.24665426678824,31.796104765929705],[-106.24674710051146,31.796242302261195],[-106.2468208758327,31.796206167251093],[-106.24672704704521,31.796069158465862],[-106.24665426678824,31.796104765929705]]]},"properties":{"OBJECTID":24342,"Join_Count":0,"TARGET_FID":36615,"PIDN":"E24299900100160","STATE_CD":"F1","CombineADD":"12810 EDGEMERE BLVD","Type":"Commercial","State_Code":"F1","Living_Are":"3158","Value":545817,"Value_Sq_F":172.83628879,"Descriptio":"MAIN AREA","Class_CD":"PMDA","Class_Desc":"Medical Office; Frame; Average","Class_De_1":"Medical Office","Building_M":"Frame","Condition":"Average","Exterior_W":"892","Year_Built":2018,"Sq_Footage":"3158","BUILD_ID":null,"OCC_CLS":null,"PRIM_OCC":null,"SEC_OCC":null,"PROP_ADDR":null,"PROP_CITY":null,"PROP_ST":null,"PROP_ZIP":null,"OUTBLDG":null,"HEIGHT":null,"SQMETERS":null,"SQFEET":null,"H_ADJ_ELEV":null,"L_ADJ_ELEV":null,"FIPS":null,"CENSUSCODE":null,"PROD_DATE":null,"SOURCE":null,"USNG":null,"LONGITUDE":null,"LATITUDE":null,"IMAGE_NAME":null,"IMAGE_DATE":null,"VAL_METHOD":null,"REMARKS":null,"UUID":null,"Shape_Leng":null,"Shape_Area":null,"HEIGHT_FT":null,"Shape_Length":167.97506001759842}},{"type":"Feature","id":24343,"geometry":{"type":"Polygon","coordinates":[[[-106.24658366921416,31.796140714898485],[-106.24667385360446,31.796278178395902],[-106.24674710051146,31.796242302261195],[-106.24665426678824,31.796104765929705],[-106.24658366921416,31.796140714898485]]]},"properties":{"OBJECTID":24343,"Join_Count":0,"TARGET_FID":36616,"PIDN":"E24299900100160","STATE_CD":"F1","CombineADD":"12810 EDGEMERE BLVD","Type":"Commercial","State_Code":"F1","Living_Are":"3158","Value":545817,"Value_Sq_F":172.83628879,"Descriptio":"MAIN AREA","Class_CD":"PMDA","Class_Desc":"Medical Office; Frame; Average","Class_De_1":"Medical Office","Building_M":"Frame","Condition":"Average","Exterior_W":"892","Year_Built":2018,"Sq_Footage":"3158","BUILD_ID":null,"OCC_CLS":null,"PRIM_OCC":null,"SEC_OCC":null,"PROP_ADDR":null,"PROP_CITY":null,"PROP_ST":null,"PROP_ZIP":null,"OUTBLDG":null,"HEIGHT":null,"SQMETERS":null,"SQFEET":null,"H_ADJ_ELEV":null,"L_ADJ_ELEV":null,"FIPS":null,"CENSUSCODE":null,"PROD_DATE":null,"SOURCE":null,"USNG":null,"LONGITUDE":null,"LATITUDE":null,"IMAGE_NAME":null,"IMAGE_DATE":null,"VAL_METHOD":null,"REMARKS":null,"UUID":null,"Shape_Leng":null,"Shape_Area":null,"HEIGHT_FT":null,"Shape_Length":166.84389672123515}},{"type":"Feature","id":24344,"geometry":{"type":"Polygon","coordinates":[[[-106.24651216528309,31.796177358889906],[-106.24660207298864,31.796313335783587],[-106.24667385360446,31.796278178395902],[-106.24658366921416,31.796140714898485],[-106.24651216528309,31.796177358889906]]]},"properties":{"OBJECTID":24344,"Join_Count":0,"TARGET_FID":36617,"PIDN":"E24299900100160","STATE_CD":"F1","CombineADD":"12810 EDGEMERE BLVD","Type":"Commercial","State_Code":"F1","Living_Are":"3158","Value":545817,"Value_Sq_F":172.83628879,"Descriptio":"MAIN AREA","Class_CD":"PMDA","Class_Desc":"Medical Office; Frame; Average","Class_De_1":"Medical Office","Building_M":"Frame","Condition":"Average","Exterior_W":"892","Year_Built":2018,"Sq_Footage":"3158","BUILD_ID":null,"OCC_CLS":null,"PRIM_OCC":null,"SEC_OCC":null,"PROP_ADDR":null,"PROP_CITY":null,"PROP_ST":null,"PROP_ZIP":null,"OUTBLDG":null,"HEIGHT":null,"SQMETERS":null,"SQFEET":null,"H_ADJ_ELEV":null,"L_ADJ_ELEV":null,"FIPS":null,"CENSUSCODE":null,"PROD_DATE":null,"SOURCE":null,"USNG":null,"LONGITUDE":null,"LATITUDE":null,"IMAGE_NAME":null,"IMAGE_DATE":null,"VAL_METHOD":null,"REMARKS":null,"UUID":null,"Shape_Leng":null,"Shape_Area":null,"HEIGHT_FT":null,"Shape_Length":165.74679105450721}},{"type":"Feature","id":24345,"geometry":{"type":"Polygon","coordinates":[[[-106.24643878596149,31.796214963206818],[-106.24653026469024,31.796348507933953],[-106.24660207298864,31.796313335783587],[-106.24651216528309,31.796177358889906],[-106.24643878596149,31.796214963206818]]]},"properties":{"OBJECTID":24345,"Join_Count":1,"TARGET_FID":36618,"PIDN":"E24299900100160","STATE_CD":"F1","CombineADD":"12810 EDGEMERE BLVD","Type":"Commercial","State_Code":"F1","Living_Are":"3158","Value":545817,"Value_Sq_F":172.83628879,"Descriptio":"MAIN AREA","Class_CD":"PMDA","Class_Desc":"Medical Office; Frame; Average","Class_De_1":"Medical Office","Building_M":"Frame","Condition":"Average","Exterior_W":"892","Year_Built":2018,"Sq_Footage":"3158","BUILD_ID":2868868,"OCC_CLS":"Commercial","PRIM_OCC":"Medical Office/Clinic","SEC_OCC":" ","PROP_ADDR":"12810 EDGEMERE BOULEVARD EASTBOUND","PROP_CITY":"EL PASO","PROP_ST":"Texas","PROP_ZIP":"79938","OUTBLDG":" ","HEIGHT":0,"SQMETERS":325.714996,"SQFEET":3505.95996,"H_ADJ_ELEV":0,"L_ADJ_ELEV":0,"FIPS":"48141","CENSUSCODE":"48141010353","PROD_DATE":1634774400000,"SOURCE":"ORNL","USNG":"13R CR 81996 18537","LONGITUDE":-106.246509977,"LATITUDE":31.796320119499999,"IMAGE_NAME":"1040010068C22B00","IMAGE_DATE":1618272000000,"VAL_METHOD":"Automated","REMARKS":" ","UUID":"{bba06fd8-f73a-4353-a5c4-4a1d0d767b3e}","Shape_Leng":0.00071630802976300003,"Shape_Area":2.9177712450899999e-08,"HEIGHT_FT":0,"Shape_Length":165.39894426881671}},{"type":"Feature","id":24346,"geometry":{"type":"Polygon","coordinates":[[[-106.24643878596149,31.796214963206818],[-106.24636570737137,31.796252116691441],[-106.24645700735522,31.796384388927343],[-106.24653026469024,31.796348507933953],[-106.24643878596149,31.796214963206818]]]},"properties":{"OBJECTID":24346,"Join_Count":1,"TARGET_FID":36619,"PIDN":"E24299900100160","STATE_CD":"F1","CombineADD":"12810 EDGEMERE BLVD","Type":"Commercial","State_Code":"F1","Living_Are":"3158","Value":545817,"Value_Sq_F":172.83628879,"Descriptio":"MAIN AREA","Class_CD":"PMDA","Class_Desc":"Medical Office; Frame; Average","Class_De_1":"Medical Office","Building_M":"Frame","Condition":"Average","Exterior_W":"892","Year_Built":2018,"Sq_Footage":"3158","BUILD_ID":2868868,"OCC_CLS":"Commercial","PRIM_OCC":"Medical Office/Clinic","SEC_OCC":" ","PROP_ADDR":"12810 EDGEMERE BOULEVARD EASTBOUND","PROP_CITY":"EL PASO","PROP_ST":"Texas","PROP_ZIP":"79938","OUTBLDG":" ","HEIGHT":0,"SQMETERS":325.714996,"SQFEET":3505.95996,"H_ADJ_ELEV":0,"L_ADJ_ELEV":0,"FIPS":"48141","CENSUSCODE":"48141010353","PROD_DATE":1634774400000,"SOURCE":"ORNL","USNG":"13R CR 81996 18537","LONGITUDE":-106.246509977,"LATITUDE":31.796320119499999,"IMAGE_NAME":"1040010068C22B00","IMAGE_DATE":1618272000000,"VAL_METHOD":"Automated","REMARKS":" ","UUID":"{bba06fd8-f73a-4353-a5c4-4a1d0d767b3e}","Shape_Leng":0.00071630802976300003,"Shape_Area":2.9177712450899999e-08,"HEIGHT_FT":0,"Shape_Length":164.80227685239265}},{"type":"Feature","id":24347,"geometry":{"type":"Polygon","coordinates":[[[-106.24697407396165,31.7957576175647],[-106.24715993799616,31.796035700944632],[-106.24732661772579,31.79595479574888],[-106.24716193976641,31.795705144426513],[-106.24713891016852,31.795675201409729],[-106.24697407396165,31.7957576175647]]]},"properties":{"OBJECTID":24347,"Join_Count":1,"TARGET_FID":36620,"PIDN":"E24299900100170","STATE_CD":"C10","CombineADD":"12800 EDGEMERE BLVD","Type":" ","State_Code":" ","Living_Are":" ","Value":0,"Value_Sq_F":0,"Descriptio":" ","Class_CD":" ","Class_Desc":" ","Class_De_1":" ","Building_M":" ","Condition":" ","Exterior_W":" ","Year_Built":0,"Sq_Footage":" ","BUILD_ID":2868417,"OCC_CLS":"Unclassified","PRIM_OCC":"Unclassified","SEC_OCC":" ","PROP_ADDR":"12800 EDGEMERE BOULEVARD EASTBOUND","PROP_CITY":"EL PASO","PROP_ST":"Texas","PROP_ZIP":"79938","OUTBLDG":" ","HEIGHT":0,"SQMETERS":966.070984,"SQFEET":10398.7002,"H_ADJ_ELEV":0,"L_ADJ_ELEV":0,"FIPS":"48141","CENSUSCODE":"48141010353","PROD_DATE":1634774400000,"SOURCE":"ORNL","USNG":"13R CR 81949 18477","LONGITUDE":-106.24700152200001,"LATITUDE":31.795792781399999,"IMAGE_NAME":"1040010068C22B00","IMAGE_DATE":1618272000000,"VAL_METHOD":"Automated","REMARKS":" ","UUID":"{de528c90-96fa-4868-9598-7daf92b3f68f}","Shape_Leng":0.0012748042437700001,"Shape_Area":9.1471977472100003e-08,"HEIGHT_FT":0,"Shape_Length":352.66473515770832}},{"type":"Feature","id":24348,"geometry":{"type":"Polygon","coordinates":[[[-106.24488819531086,31.796203504856223],[-106.24501282189709,31.796441359798884],[-106.24528469731553,31.796336866641347],[-106.24515779233217,31.796093356983864],[-106.24488819531086,31.796203504856223]]]},"properties":{"OBJECTID":24348,"Join_Count":0,"TARGET_FID":36621,"PIDN":"E24299900100190","STATE_CD":"C10","CombineADD":"3551 RICH BEEM BLVD","Type":" ","State_Code":" ","Living_Are":" ","Value":0,"Value_Sq_F":0,"Descriptio":" ","Class_CD":" ","Class_Desc":" ","Class_De_1":" ","Building_M":" ","Condition":" ","Exterior_W":" ","Year_Built":0,"Sq_Footage":" ","BUILD_ID":null,"OCC_CLS":null,"PRIM_OCC":null,"SEC_OCC":null,"PROP_ADDR":null,"PROP_CITY":null,"PROP_ST":null,"PROP_ZIP":null,"OUTBLDG":null,"HEIGHT":null,"SQMETERS":null,"SQFEET":null,"H_ADJ_ELEV":null,"L_ADJ_ELEV":null,"FIPS":null,"CENSUSCODE":null,"PROD_DATE":null,"SOURCE":null,"USNG":null,"LONGITUDE":null,"LATITUDE":null,"IMAGE_NAME":null,"IMAGE_DATE":null,"VAL_METHOD":null,"REMARKS":null,"UUID":null,"Shape_Leng":null,"Shape_Area":null,"HEIGHT_FT":null,"Shape_Length":377.24010047654542}},{"type":"Feature","id":24349,"geometry":{"type":"Polygon","coordinates":[[[-106.24502185424207,31.795736737698785],[-106.24506030690013,31.795792447941594],[-106.24520665394476,31.795719183222168],[-106.24516854349604,31.795662958032029],[-106.24502185424207,31.795736737698785]]]},"properties":{"OBJECTID":24349,"Join_Count":0,"TARGET_FID":36622,"PIDN":"E24299900100190","STATE_CD":"C10","CombineADD":"3551 RICH BEEM BLVD","Type":" ","State_Code":" ","Living_Are":" ","Value":0,"Value_Sq_F":0,"Descriptio":" ","Class_CD":" ","Class_Desc":" ","Class_De_1":" ","Building_M":" ","Condition":" ","Exterior_W":" ","Year_Built":0,"Sq_Footage":" ","BUILD_ID":null,"OCC_CLS":null,"PRIM_OCC":null,"SEC_OCC":null,"PROP_ADDR":null,"PROP_CITY":null,"PROP_ST":null,"PROP_ZIP":null,"OUTBLDG":null,"HEIGHT":null,"SQMETERS":null,"SQFEET":null,"H_ADJ_ELEV":null,"L_ADJ_ELEV":null,"FIPS":null,"CENSUSCODE":null,"PROD_DATE":null,"SOURCE":null,"USNG":null,"LONGITUDE":null,"LATITUDE":null,"IMAGE_NAME":null,"IMAGE_DATE":null,"VAL_METHOD":null,"REMARKS":null,"UUID":null,"Shape_Leng":null,"Shape_Area":null,"HEIGHT_FT":null,"Shape_Length":152.7556268788}},{"type":"Feature","id":24350,"geometry":{"type":"Polygon","coordinates":[[[-106.24498241133949,31.795679593081193],[-106.24502185424207,31.795736737698785],[-106.24516854349604,31.795662958032029],[-106.24513002088052,31.795606124774284],[-106.24498241133949,31.795679593081193]]]},"properties":{"OBJECTID":24350,"Join_Count":0,"TARGET_FID":36623,"PIDN":"E24299900100190","STATE_CD":"C10","CombineADD":"3551 RICH BEEM BLVD","Type":" ","State_Code":" ","Living_Are":" ","Value":0,"Value_Sq_F":0,"Descriptio":" ","Class_CD":" ","Class_Desc":" ","Class_De_1":" ","Building_M":" ","Condition":" ","Exterior_W":" ","Year_Built":0,"Sq_Footage":" ","BUILD_ID":null,"OCC_CLS":null,"PRIM_OCC":null,"SEC_OCC":null,"PROP_ADDR":null,"PROP_CITY":null,"PROP_ST":null,"PROP_ZIP":null,"OUTBLDG":null,"HEIGHT":null,"SQMETERS":null,"SQFEET":null,"H_ADJ_ELEV":null,"L_ADJ_ELEV":null,"FIPS":null,"CENSUSCODE":null,"PROD_DATE":null,"SOURCE":null,"USNG":null,"LONGITUDE":null,"LATITUDE":null,"IMAGE_NAME":null,"IMAGE_DATE":null,"VAL_METHOD":null,"REMARKS":null,"UUID":null,"Shape_Leng":null,"Shape_Area":null,"HEIGHT_FT":null,"Shape_Length":153.9930478987817}},{"type":"Feature","id":24351,"geometry":{"type":"Polygon","coordinates":[[[-106.24494299870524,31.795622492234664],[-106.24498241133949,31.795679593081193],[-106.24513002088052,31.795606124774284],[-106.24509169741681,31.795549585011802],[-106.24494299870524,31.795622492234664]]]},"properties":{"OBJECTID":24351,"Join_Count":0,"TARGET_FID":36624,"PIDN":"E24299900100190","STATE_CD":"C10","CombineADD":"3551 RICH BEEM BLVD","Type":" ","State_Code":" ","Living_Are":" ","Value":0,"Value_Sq_F":0,"Descriptio":" ","Class_CD":" ","Class_Desc":" ","Class_De_1":" ","Building_M":" ","Condition":" ","Exterior_W":" ","Year_Built":0,"Sq_Footage":" ","BUILD_ID":null,"OCC_CLS":null,"PRIM_OCC":null,"SEC_OCC":null,"PROP_ADDR":null,"PROP_CITY":null,"PROP_ST":null,"PROP_ZIP":null,"OUTBLDG":null,"HEIGHT":null,"SQMETERS":null,"SQFEET":null,"H_ADJ_ELEV":null,"L_ADJ_ELEV":null,"FIPS":null,"CENSUSCODE":null,"PROD_DATE":null,"SOURCE":null,"USNG":null,"LONGITUDE":null,"LATITUDE":null,"IMAGE_NAME":null,"IMAGE_DATE":null,"VAL_METHOD":null,"REMARKS":null,"UUID":null,"Shape_Leng":null,"Shape_Area":null,"HEIGHT_FT":null,"Shape_Length":154.23139657882683}},{"type":"Feature","id":24352,"geometry":{"type":"Polygon","coordinates":[[[-106.24490393587892,31.795565896600014],[-106.24494299870524,31.795622492234664],[-106.24509169741681,31.795549585011802],[-106.24505223158478,31.795491358583643],[-106.24490393587892,31.795565896600014]]]},"properties":{"OBJECTID":24352,"Join_Count":0,"TARGET_FID":36625,"PIDN":"E24299900100190","STATE_CD":"C10","CombineADD":"3551 RICH BEEM BLVD","Type":" ","State_Code":" ","Living_Are":" ","Value":0,"Value_Sq_F":0,"Descriptio":" ","Class_CD":" ","Class_Desc":" ","Class_De_1":" ","Building_M":" ","Condition":" ","Exterior_W":" ","Year_Built":0,"Sq_Footage":" ","BUILD_ID":null,"OCC_CLS":null,"PRIM_OCC":null,"SEC_OCC":null,"PROP_ADDR":null,"PROP_CITY":null,"PROP_ST":null,"PROP_ZIP":null,"OUTBLDG":null,"HEIGHT":null,"SQMETERS":null,"SQFEET":null,"H_ADJ_ELEV":null,"L_ADJ_ELEV":null,"FIPS":null,"CENSUSCODE":null,"PROD_DATE":null,"SOURCE":null,"USNG":null,"LONGITUDE":null,"LATITUDE":null,"IMAGE_NAME":null,"IMAGE_DATE":null,"VAL_METHOD":null,"REMARKS":null,"UUID":null,"Shape_Leng":null,"Shape_Area":null,"HEIGHT_FT":null,"Shape_Length":155.10738726743048}},{"type":"Feature","id":24353,"geometry":{"type":"Polygon","coordinates":[[[-106.24505223158478,31.795491358583643],[-106.24501620103722,31.795438201673967],[-106.24486647257979,31.795511619816448],[-106.24490393587892,31.795565896600014],[-106.24505223158478,31.795491358583643]]]},"properties":{"OBJECTID":24353,"Join_Count":0,"TARGET_FID":36626,"PIDN":"E24299900100190","STATE_CD":"C10","CombineADD":"3551 RICH BEEM BLVD","Type":" ","State_Code":" ","Living_Are":" ","Value":0,"Value_Sq_F":0,"Descriptio":" ","Class_CD":" ","Class_Desc":" ","Class_De_1":" ","Building_M":" ","Condition":" ","Exterior_W":" ","Year_Built":0,"Sq_Footage":" ","BUILD_ID":null,"OCC_CLS":null,"PRIM_OCC":null,"SEC_OCC":null,"PROP_ADDR":null,"PROP_CITY":null,"PROP_ST":null,"PROP_ZIP":null,"OUTBLDG":null,"HEIGHT":null,"SQMETERS":null,"SQFEET":null,"H_ADJ_ELEV":null,"L_ADJ_ELEV":null,"FIPS":null,"CENSUSCODE":null,"PROD_DATE":null,"SOURCE":null,"USNG":null,"LONGITUDE":null,"LATITUDE":null,"IMAGE_NAME":null,"IMAGE_DATE":null,"VAL_METHOD":null,"REMARKS":null,"UUID":null,"Shape_Leng":null,"Shape_Area":null,"HEIGHT_FT":null,"Shape_Length":152.36759662673211}},{"type":"Feature","id":24354,"geometry":{"type":"Polygon","coordinates":[[[-106.24466327169957,31.795522438692576],[-106.24462268883897,31.79546331910397],[-106.24446477614117,31.795541453587411],[-106.24450504698819,31.795601541114891],[-106.24466327169957,31.795522438692576]]]},"properties":{"OBJECTID":24354,"Join_Count":0,"TARGET_FID":36627,"PIDN":"E24299900100190","STATE_CD":"C10","CombineADD":"3551 RICH BEEM BLVD","Type":" ","State_Code":" ","Living_Are":" ","Value":0,"Value_Sq_F":0,"Descriptio":" ","Class_CD":" ","Class_Desc":" ","Class_De_1":" ","Building_M":" ","Condition":" ","Exterior_W":" ","Year_Built":0,"Sq_Footage":" ","BUILD_ID":null,"OCC_CLS":null,"PRIM_OCC":null,"SEC_OCC":null,"PROP_ADDR":null,"PROP_CITY":null,"PROP_ST":null,"PROP_ZIP":null,"OUTBLDG":null,"HEIGHT":null,"SQMETERS":null,"SQFEET":null,"H_ADJ_ELEV":null,"L_ADJ_ELEV":null,"FIPS":null,"CENSUSCODE":null,"PROD_DATE":null,"SOURCE":null,"USNG":null,"LONGITUDE":null,"LATITUDE":null,"IMAGE_NAME":null,"IMAGE_DATE":null,"VAL_METHOD":null,"REMARKS":null,"UUID":null,"Shape_Leng":null,"Shape_Area":null,"HEIGHT_FT":null,"Shape_Length":163.78070183830778}},{"type":"Feature","id":24355,"geometry":{"type":"Polygon","coordinates":[[[-106.24450504698819,31.795601541114891],[-106.24454553121457,31.795661946779177],[-106.24470424653795,31.795582129312955],[-106.24466327169957,31.795522438692576],[-106.24450504698819,31.795601541114891]]]},"properties":{"OBJECTID":24355,"Join_Count":0,"TARGET_FID":36628,"PIDN":"E24299900100190","STATE_CD":"C10","CombineADD":"3551 RICH BEEM BLVD","Type":" ","State_Code":" ","Living_Are":" ","Value":0,"Value_Sq_F":0,"Descriptio":" ","Class_CD":" ","Class_Desc":" ","Class_De_1":" ","Building_M":" ","Condition":" ","Exterior_W":" ","Year_Built":0,"Sq_Footage":" ","BUILD_ID":null,"OCC_CLS":null,"PRIM_OCC":null,"SEC_OCC":null,"PROP_ADDR":null,"PROP_CITY":null,"PROP_ST":null,"PROP_ZIP":null,"OUTBLDG":null,"HEIGHT":null,"SQMETERS":null,"SQFEET":null,"H_ADJ_ELEV":null,"L_ADJ_ELEV":null,"FIPS":null,"CENSUSCODE":null,"PROD_DATE":null,"SOURCE":null,"USNG":null,"LONGITUDE":null,"LATITUDE":null,"IMAGE_NAME":null,"IMAGE_DATE":null,"VAL_METHOD":null,"REMARKS":null,"UUID":null,"Shape_Leng":null,"Shape_Area":null,"HEIGHT_FT":null,"Shape_Length":164.67893167298195}},{"type":"Feature","id":24356,"geometry":{"type":"Polygon","coordinates":[[[-106.24454553121457,31.795661946779177],[-106.24458649459294,31.795723066728105],[-106.24474669019789,31.795643958674578],[-106.24470424653795,31.795582129312955],[-106.24454553121457,31.795661946779177]]]},"properties":{"OBJECTID":24356,"Join_Count":0,"TARGET_FID":36629,"PIDN":"E24299900100190","STATE_CD":"C10","CombineADD":"3551 RICH BEEM BLVD","Type":" ","State_Code":" ","Living_Are":" ","Value":0,"Value_Sq_F":0,"Descriptio":" ","Class_CD":" ","Class_Desc":" ","Class_De_1":" ","Building_M":" ","Condition":" ","Exterior_W":" ","Year_Built":0,"Sq_Footage":" ","BUILD_ID":null,"OCC_CLS":null,"PRIM_OCC":null,"SEC_OCC":null,"PROP_ADDR":null,"PROP_CITY":null,"PROP_ST":null,"PROP_ZIP":null,"OUTBLDG":null,"HEIGHT":null,"SQMETERS":null,"SQFEET":null,"H_ADJ_ELEV":null,"L_ADJ_ELEV":null,"FIPS":null,"CENSUSCODE":null,"PROD_DATE":null,"SOURCE":null,"USNG":null,"LONGITUDE":null,"LATITUDE":null,"IMAGE_NAME":null,"IMAGE_DATE":null,"VAL_METHOD":null,"REMARKS":null,"UUID":null,"Shape_Leng":null,"Shape_Area":null,"HEIGHT_FT":null,"Shape_Length":166.41065765765126}},{"type":"Feature","id":24357,"geometry":{"type":"Polygon","coordinates":[[[-106.24458649459294,31.795723066728105],[-106.24462721091828,31.795783818567347],[-106.24478791046367,31.795704005701097],[-106.24474669019789,31.795643958674578],[-106.24458649459294,31.795723066728105]]]},"properties":{"OBJECTID":24357,"Join_Count":0,"TARGET_FID":36630,"PIDN":"E24299900100190","STATE_CD":"C10","CombineADD":"3551 RICH BEEM BLVD","Type":" ","State_Code":" ","Living_Are":" ","Value":0,"Value_Sq_F":0,"Descriptio":" ","Class_CD":" ","Class_Desc":" ","Class_De_1":" ","Building_M":" ","Condition":" ","Exterior_W":" ","Year_Built":0,"Sq_Footage":" ","BUILD_ID":null,"OCC_CLS":null,"PRIM_OCC":null,"SEC_OCC":null,"PROP_ADDR":null,"PROP_CITY":null,"PROP_ST":null,"PROP_ZIP":null,"OUTBLDG":null,"HEIGHT":null,"SQMETERS":null,"SQFEET":null,"H_ADJ_ELEV":null,"L_ADJ_ELEV":null,"FIPS":null,"CENSUSCODE":null,"PROD_DATE":null,"SOURCE":null,"USNG":null,"LONGITUDE":null,"LATITUDE":null,"IMAGE_NAME":null,"IMAGE_DATE":null,"VAL_METHOD":null,"REMARKS":null,"UUID":null,"Shape_Leng":null,"Shape_Area":null,"HEIGHT_FT":null,"Shape_Length":166.03590501522228}},{"type":"Feature","id":24358,"geometry":{"type":"Polygon","coordinates":[[[-106.24462721091828,31.795783818567347],[-106.24466676842788,31.795842840229568],[-106.24482984836411,31.795765098468813],[-106.24478791046367,31.795704005701097],[-106.24462721091828,31.795783818567347]]]},"properties":{"OBJECTID":24358,"Join_Count":0,"TARGET_FID":36631,"PIDN":"E24299900100190","STATE_CD":"C10","CombineADD":"3551 RICH BEEM BLVD","Type":" ","State_Code":" ","Living_Are":" ","Value":0,"Value_Sq_F":0,"Descriptio":" ","Class_CD":" ","Class_Desc":" ","Class_De_1":" ","Building_M":" ","Condition":" ","Exterior_W":" ","Year_Built":0,"Sq_Footage":" ","BUILD_ID":null,"OCC_CLS":null,"PRIM_OCC":null,"SEC_OCC":null,"PROP_ADDR":null,"PROP_CITY":null,"PROP_ST":null,"PROP_ZIP":null,"OUTBLDG":null,"HEIGHT":null,"SQMETERS":null,"SQFEET":null,"H_ADJ_ELEV":null,"L_ADJ_ELEV":null,"FIPS":null,"CENSUSCODE":null,"PROD_DATE":null,"SOURCE":null,"USNG":null,"LONGITUDE":null,"LATITUDE":null,"IMAGE_NAME":null,"IMAGE_DATE":null,"VAL_METHOD":null,"REMARKS":null,"UUID":null,"Shape_Leng":null,"Shape_Area":null,"HEIGHT_FT":null,"Shape_Length":166.28534991677788}},{"type":"Feature","id":24359,"geometry":{"type":"Polygon","coordinates":[[[-106.24466676842788,31.795842840229568],[-106.24470795584774,31.795904294966512],[-106.24487082346786,31.795824789931583],[-106.24482984836411,31.795765098468813],[-106.24466676842788,31.795842840229568]]]},"properties":{"OBJECTID":24359,"Join_Count":0,"TARGET_FID":36632,"PIDN":"E24299900100190","STATE_CD":"C10","CombineADD":"3551 RICH BEEM BLVD","Type":" ","State_Code":" ","Living_Are":" ","Value":0,"Value_Sq_F":0,"Descriptio":" ","Class_CD":" ","Class_Desc":" ","Class_De_1":" ","Building_M":" ","Condition":" ","Exterior_W":" ","Year_Built":0,"Sq_Footage":" ","BUILD_ID":null,"OCC_CLS":null,"PRIM_OCC":null,"SEC_OCC":null,"PROP_ADDR":null,"PROP_CITY":null,"PROP_ST":null,"PROP_ZIP":null,"OUTBLDG":null,"HEIGHT":null,"SQMETERS":null,"SQFEET":null,"H_ADJ_ELEV":null,"L_ADJ_ELEV":null,"FIPS":null,"CENSUSCODE":null,"PROD_DATE":null,"SOURCE":null,"USNG":null,"LONGITUDE":null,"LATITUDE":null,"IMAGE_NAME":null,"IMAGE_DATE":null,"VAL_METHOD":null,"REMARKS":null,"UUID":null,"Shape_Leng":null,"Shape_Area":null,"HEIGHT_FT":null,"Shape_Length":167.24160807688324}},{"type":"Feature","id":24360,"geometry":{"type":"Polygon","coordinates":[[[-106.24470795584774,31.795904294966512],[-106.24474844033213,31.79596470056045],[-106.24491181484417,31.795884504124931],[-106.24487082346786,31.795824789931583],[-106.24470795584774,31.795904294966512]]]},"properties":{"OBJECTID":24360,"Join_Count":0,"TARGET_FID":36633,"PIDN":"E24299900100190","STATE_CD":"C10","CombineADD":"3551 RICH BEEM BLVD","Type":" ","State_Code":" ","Living_Are":" ","Value":0,"Value_Sq_F":0,"Descriptio":" ","Class_CD":" ","Class_Desc":" ","Class_De_1":" ","Building_M":" ","Condition":" ","Exterior_W":" ","Year_Built":0,"Sq_Footage":" ","BUILD_ID":null,"OCC_CLS":null,"PRIM_OCC":null,"SEC_OCC":null,"PROP_ADDR":null,"PROP_CITY":null,"PROP_ST":null,"PROP_ZIP":null,"OUTBLDG":null,"HEIGHT":null,"SQMETERS":null,"SQFEET":null,"H_ADJ_ELEV":null,"L_ADJ_ELEV":null,"FIPS":null,"CENSUSCODE":null,"PROD_DATE":null,"SOURCE":null,"USNG":null,"LONGITUDE":null,"LATITUDE":null,"IMAGE_NAME":null,"IMAGE_DATE":null,"VAL_METHOD":null,"REMARKS":null,"UUID":null,"Shape_Leng":null,"Shape_Area":null,"HEIGHT_FT":null,"Shape_Length":167.33125475817795}},{"type":"Feature","id":24361,"geometry":{"type":"Polygon","coordinates":[[[-106.24474844033213,31.79596470056045],[-106.24478939691554,31.79602580901788],[-106.24495233289996,31.795943528131101],[-106.24491181484417,31.795884504124931],[-106.24474844033213,31.79596470056045]]]},"properties":{"OBJECTID":24361,"Join_Count":0,"TARGET_FID":36634,"PIDN":"E24299900100190","STATE_CD":"C10","CombineADD":"3551 RICH BEEM BLVD","Type":" ","State_Code":" ","Living_Are":" ","Value":0,"Value_Sq_F":0,"Descriptio":" ","Class_CD":" ","Class_Desc":" ","Class_De_1":" ","Building_M":" ","Condition":" ","Exterior_W":" ","Year_Built":0,"Sq_Footage":" ","BUILD_ID":null,"OCC_CLS":null,"PRIM_OCC":null,"SEC_OCC":null,"PROP_ADDR":null,"PROP_CITY":null,"PROP_ST":null,"PROP_ZIP":null,"OUTBLDG":null,"HEIGHT":null,"SQMETERS":null,"SQFEET":null,"H_ADJ_ELEV":null,"L_ADJ_ELEV":null,"FIPS":null,"CENSUSCODE":null,"PROD_DATE":null,"SOURCE":null,"USNG":null,"LONGITUDE":null,"LATITUDE":null,"IMAGE_NAME":null,"IMAGE_DATE":null,"VAL_METHOD":null,"REMARKS":null,"UUID":null,"Shape_Leng":null,"Shape_Area":null,"HEIGHT_FT":null,"Shape_Length":167.86090592212005}},{"type":"Feature","id":24362,"geometry":{"type":"Polygon","coordinates":[[[-106.24478939691554,31.79602580901788],[-106.24482929278945,31.796085336377235],[-106.24499191842908,31.796001195519224],[-106.24495233289996,31.795943528131101],[-106.24478939691554,31.79602580901788]]]},"properties":{"OBJECTID":24362,"Join_Count":0,"TARGET_FID":36635,"PIDN":"E24299900100190","STATE_CD":"C10","CombineADD":"3551 RICH BEEM BLVD","Type":" ","State_Code":" ","Living_Are":" ","Value":0,"Value_Sq_F":0,"Descriptio":" ","Class_CD":" ","Class_Desc":" ","Class_De_1":" ","Building_M":" ","Condition":" ","Exterior_W":" ","Year_Built":0,"Sq_Footage":" ","BUILD_ID":null,"OCC_CLS":null,"PRIM_OCC":null,"SEC_OCC":null,"PROP_ADDR":null,"PROP_CITY":null,"PROP_ST":null,"PROP_ZIP":null,"OUTBLDG":null,"HEIGHT":null,"SQMETERS":null,"SQFEET":null,"H_ADJ_ELEV":null,"L_ADJ_ELEV":null,"FIPS":null,"CENSUSCODE":null,"PROD_DATE":null,"SOURCE":null,"USNG":null,"LONGITUDE":null,"LATITUDE":null,"IMAGE_NAME":null,"IMAGE_DATE":null,"VAL_METHOD":null,"REMARKS":null,"UUID":null,"Shape_Leng":null,"Shape_Area":null,"HEIGHT_FT":null,"Shape_Length":167.1546317720011}},{"type":"Feature","id":24363,"geometry":{"type":"Polygon","coordinates":[[[-106.24423476942299,31.795242774302064],[-106.24438741600135,31.795425923349349],[-106.24438849032383,31.795427213007862],[-106.24441725508727,31.795410009188149],[-106.2446904468934,31.795246615629345],[-106.24453785395217,31.795057218323837],[-106.24423476942299,31.795242774302064]]]},"properties":{"OBJECTID":24363,"Join_Count":1,"TARGET_FID":36636,"PIDN":"E24299900100200","STATE_CD":"F1","CombineADD":"3551 RICH BEEM BLVD","Type":"Commercial","State_Code":"F1","Living_Are":"7228","Value":1253443,"Value_Sq_F":173.41491422199999,"Descriptio":"MAIN AREA","Class_CD":"PMDG","Class_Desc":"Medical Office; Frame; Good","Class_De_1":"Medical Office","Building_M":"Frame","Condition":"Good","Exterior_W":"892","Year_Built":2014,"Sq_Footage":"7228","BUILD_ID":29508604,"OCC_CLS":"Commercial","PRIM_OCC":"Medical Office/Clinic","SEC_OCC":" ","PROP_ADDR":" ","PROP_CITY":" ","PROP_ST":"Texas","PROP_ZIP":" ","OUTBLDG":" ","HEIGHT":4.21999979,"SQMETERS":646.497986,"SQFEET":6958.83984,"H_ADJ_ELEV":0,"L_ADJ_ELEV":0,"FIPS":"48141","CENSUSCODE":"48141010353","PROD_DATE":1414800000000,"SOURCE":"NGA","USNG":"13R CR 82197 18409","LONGITUDE":-106.244372704,"LATITUDE":31.795201319899999,"IMAGE_NAME":"Li270-El Paso","IMAGE_DATE":1414800000000,"VAL_METHOD":"Unverified","REMARKS":" ","UUID":"{78012c24-b479-4105-8974-906816007923}","Shape_Leng":0.00101183213044,"Shape_Area":6.1565806162700002e-08,"HEIGHT_FT":13.8451441117,"Shape_Length":396.38776548234813}},{"type":"Feature","id":24364,"geometry":{"type":"Polygon","coordinates":[[[-106.24399216514186,31.794969116793954],[-106.24414076165115,31.795121799150063],[-106.2441671455932,31.795148908849345],[-106.24441143037564,31.79498811048618],[-106.24437717991776,31.794952389949255],[-106.24423780556354,31.794807030689338],[-106.24399216514186,31.794969116793954]]]},"properties":{"OBJECTID":24364,"Join_Count":0,"TARGET_FID":36637,"PIDN":"E24299900100100","STATE_CD":"F1","CombineADD":"3501 RICH BEEM BLVD","Type":"Commercial","State_Code":"F1","Living_Are":"4988.5","Value":273689,"Value_Sq_F":54.863987170500003,"Descriptio":"MAIN AREA","Class_CD":"IBCA","Class_Desc":"Bakery; Masonry; Average","Class_De_1":"Bakery","Building_M":"Masonry","Condition":"Average","Exterior_W":"812","Year_Built":2013,"Sq_Footage":"4988.5","BUILD_ID":null,"OCC_CLS":null,"PRIM_OCC":null,"SEC_OCC":null,"PROP_ADDR":null,"PROP_CITY":null,"PROP_ST":null,"PROP_ZIP":null,"OUTBLDG":null,"HEIGHT":null,"SQMETERS":null,"SQFEET":null,"H_ADJ_ELEV":null,"L_ADJ_ELEV":null,"FIPS":null,"CENSUSCODE":null,"PROD_DATE":null,"SOURCE":null,"USNG":null,"LONGITUDE":null,"LATITUDE":null,"IMAGE_NAME":null,"IMAGE_DATE":null,"VAL_METHOD":null,"REMARKS":null,"UUID":null,"Shape_Leng":null,"Shape_Area":null,"HEIGHT_FT":null,"Shape_Length":362.46113347596366}},{"type":"Feature","id":24365,"geometry":{"type":"Polygon","coordinates":[[[-106.2667547696683,31.799275917664275],[-106.26706000108111,31.799272770941737],[-106.26705980747721,31.799259000362458],[-106.26726555509838,31.79925689332082],[-106.26726481930079,31.799204426575855],[-106.26727709233627,31.799204301340573],[-106.26727613207764,31.799135862629573],[-106.26705811063712,31.799138094951903],[-106.26705795592757,31.799127060958817],[-106.26692714220739,31.799128399855125],[-106.26692708448179,31.799124262433363],[-106.26683987572579,31.799125155542242],[-106.26683993344761,31.799129292964064],[-106.26675272468619,31.799130186014583],[-106.26675291854194,31.799143978257149],[-106.2665348970705,31.799146209703729],[-106.26653585673895,31.799214647519346],[-106.26654813083124,31.799214522304727],[-106.26654886728764,31.799266989005428],[-106.26675461499379,31.799264883671462],[-106.2667547696683,31.799275917664275]]]},"properties":{"OBJECTID":24365,"Join_Count":1,"TARGET_FID":36638,"PIDN":"V42599900100200","STATE_CD":"F1","CombineADD":"3610 JOE BATTLE BLVD","Type":"Commercial","State_Code":"F1","Living_Are":"43908","Value":0,"Value_Sq_F":0,"Descriptio":"MAIN AREA","Class_CD":"QMDA","Class_Desc":"Motels; Frame; Average","Class_De_1":"Motels","Building_M":"Frame","Condition":"Average","Exterior_W":"896","Year_Built":2007,"Sq_Footage":"10977","BUILD_ID":29276952,"OCC_CLS":"Residential","PRIM_OCC":"Temporary Lodging","SEC_OCC":" ","PROP_ADDR":"3610 JOE BATTLE BOULEVARD NORTHBOUND","PROP_CITY":"EL PASO","PROP_ST":"Texas","PROP_ZIP":"79938","OUTBLDG":" ","HEIGHT":11.8199997,"SQMETERS":958.93103,"SQFEET":10321.7998,"H_ADJ_ELEV":0,"L_ADJ_ELEV":0,"FIPS":"48141","CENSUSCODE":"48141010355","PROD_DATE":1414800000000,"SOURCE":"NGA","USNG":"13R CR 80070 18876","LONGITUDE":-106.266899373,"LATITUDE":31.799188163099998,"IMAGE_NAME":"Li270-El Paso","IMAGE_DATE":1414800000000,"VAL_METHOD":"Unverified","REMARKS":" ","UUID":"{c217c8cf-b98f-4f8f-84ca-16cfe2cf0d4f}","Shape_Leng":0.0017189579413799999,"Shape_Area":9.1322587531800002e-08,"HEIGHT_FT":38.779527798799997,"Shape_Length":569.67490744448639}},{"type":"Feature","id":24366,"geometry":{"type":"Polygon","coordinates":[[[-106.24766987615247,31.795669433242981],[-106.24768589483514,31.795691754367411],[-106.24770989052016,31.795696672366013],[-106.24773602445767,31.795682991323432],[-106.24773043817952,31.795675206324795],[-106.24773856374397,31.795646288558697],[-106.24778264221739,31.795655322466448],[-106.24778452049244,31.795648639613134],[-106.24780382140248,31.795652595987363],[-106.24781008090734,31.795630319872377],[-106.247828338483,31.795634061752143],[-106.2478311470569,31.795624065418565],[-106.24786494640543,31.795503774469751],[-106.24788034396346,31.795448975250096],[-106.2478121060342,31.795434989304489],[-106.24781360864917,31.795429643021077],[-106.2477353620374,31.795413605721919],[-106.24773385941828,31.795418952004479],[-106.24766562153214,31.795404965981977],[-106.24765689192861,31.795436035400051],[-106.2476560960335,31.795435922555143],[-106.24761642425264,31.795580056072421],[-106.24761361565746,31.795590052401526],[-106.24763030827742,31.795593473471172],[-106.24762217150156,31.795622432380974],[-106.24768711685005,31.795635743509063],[-106.24768036012357,31.795659289460659],[-106.24767899132696,31.795664662172641],[-106.24766987615247,31.795669433242981]]]},"properties":{"OBJECTID":24366,"Join_Count":0,"TARGET_FID":36639,"PIDN":"T28799916600100","STATE_CD":"F1","CombineADD":"12798 EDGEMERE BLVD","Type":"Commercial","State_Code":"F1","Living_Are":"2800","Value":319550,"Value_Sq_F":114.125,"Descriptio":"MAIN AREA","Class_CD":"PFCG","Class_Desc":"1 & 2 Story Detached Office; Masonry; Good","Class_De_1":"1 & 2 Story Detached Office","Building_M":"Masonry","Condition":"Good","Exterior_W":"804","Year_Built":2008,"Sq_Footage":"2800","BUILD_ID":null,"OCC_CLS":null,"PRIM_OCC":null,"SEC_OCC":null,"PROP_ADDR":null,"PROP_CITY":null,"PROP_ST":null,"PROP_ZIP":null,"OUTBLDG":null,"HEIGHT":null,"SQMETERS":null,"SQFEET":null,"H_ADJ_ELEV":null,"L_ADJ_ELEV":null,"FIPS":null,"CENSUSCODE":null,"PROD_DATE":null,"SOURCE":null,"USNG":null,"LONGITUDE":null,"LATITUDE":null,"IMAGE_NAME":null,"IMAGE_DATE":null,"VAL_METHOD":null,"REMARKS":null,"UUID":null,"Shape_Leng":null,"Shape_Area":null,"HEIGHT_FT":null,"Shape_Length":340.15830138668059}},{"type":"Feature","id":24367,"geometry":{"type":"Polygon","coordinates":[[[-106.24757315704096,31.795360070827492],[-106.24752462311959,31.7952924427378],[-106.24739925927939,31.795358068724177],[-106.24739238269765,31.795382543123676],[-106.24740778290737,31.795404002789837],[-106.24743643906665,31.795409876788852],[-106.2474490021708,31.795403299882786],[-106.2474603563066,31.79541912085234],[-106.24757315704096,31.795360070827492]]]},"properties":{"OBJECTID":24367,"Join_Count":0,"TARGET_FID":36640,"PIDN":"T28799916600100","STATE_CD":"F1","CombineADD":"12798 EDGEMERE BLVD","Type":"Commercial","State_Code":"F1","Living_Are":"2800","Value":319550,"Value_Sq_F":114.125,"Descriptio":"MAIN AREA","Class_CD":"PFCG","Class_Desc":"1 & 2 Story Detached Office; Masonry; Good","Class_De_1":"1 & 2 Story Detached Office","Building_M":"Masonry","Condition":"Good","Exterior_W":"804","Year_Built":2008,"Sq_Footage":"2800","BUILD_ID":null,"OCC_CLS":null,"PRIM_OCC":null,"SEC_OCC":null,"PROP_ADDR":null,"PROP_CITY":null,"PROP_ST":null,"PROP_ZIP":null,"OUTBLDG":null,"HEIGHT":null,"SQMETERS":null,"SQFEET":null,"H_ADJ_ELEV":null,"L_ADJ_ELEV":null,"FIPS":null,"CENSUSCODE":null,"PROD_DATE":null,"SOURCE":null,"USNG":null,"LONGITUDE":null,"LATITUDE":null,"IMAGE_NAME":null,"IMAGE_DATE":null,"VAL_METHOD":null,"REMARKS":null,"UUID":null,"Shape_Leng":null,"Shape_Area":null,"HEIGHT_FT":null,"Shape_Length":154.44305243191761}},{"type":"Feature","id":24368,"geometry":{"type":"Polygon","coordinates":[[[-106.24751183389203,31.79549085092928],[-106.24753310405168,31.795520490015086],[-106.24751245193669,31.795531301844136],[-106.24755467730127,31.79559014094761],[-106.24758589463306,31.79557379852724],[-106.24761642425264,31.795580056072421],[-106.2476560960335,31.795435922555143],[-106.24762505505012,31.795432386863332],[-106.24751183389203,31.79549085092928]]]},"properties":{"OBJECTID":24368,"Join_Count":0,"TARGET_FID":36641,"PIDN":"T28799916600100","STATE_CD":"F1","CombineADD":"12798 EDGEMERE BLVD","Type":"Commercial","State_Code":"F1","Living_Are":"2800","Value":319550,"Value_Sq_F":114.125,"Descriptio":"MAIN AREA","Class_CD":"PFCG","Class_Desc":"1 & 2 Story Detached Office; Masonry; Good","Class_De_1":"1 & 2 Story Detached Office","Building_M":"Masonry","Condition":"Good","Exterior_W":"804","Year_Built":2008,"Sq_Footage":"2800","BUILD_ID":null,"OCC_CLS":null,"PRIM_OCC":null,"SEC_OCC":null,"PROP_ADDR":null,"PROP_CITY":null,"PROP_ST":null,"PROP_ZIP":null,"OUTBLDG":null,"HEIGHT":null,"SQMETERS":null,"SQFEET":null,"H_ADJ_ELEV":null,"L_ADJ_ELEV":null,"FIPS":null,"CENSUSCODE":null,"PROD_DATE":null,"SOURCE":null,"USNG":null,"LONGITUDE":null,"LATITUDE":null,"IMAGE_NAME":null,"IMAGE_DATE":null,"VAL_METHOD":null,"REMARKS":null,"UUID":null,"Shape_Leng":null,"Shape_Area":null,"HEIGHT_FT":null,"Shape_Length":171.10719086443271}},{"type":"Feature","id":24369,"geometry":{"type":"Polygon","coordinates":[[[-106.2474603563066,31.79541912085234],[-106.24751183389203,31.79549085092928],[-106.24762505505012,31.795432386863332],[-106.24757315704096,31.795360070827492],[-106.2474603563066,31.79541912085234]]]},"properties":{"OBJECTID":24369,"Join_Count":0,"TARGET_FID":36642,"PIDN":"T28799916600100","STATE_CD":"F1","CombineADD":"12798 EDGEMERE BLVD","Type":"Commercial","State_Code":"F1","Living_Are":"2800","Value":319550,"Value_Sq_F":114.125,"Descriptio":"MAIN AREA","Class_CD":"PFCG","Class_Desc":"1 & 2 Story Detached Office; Masonry; Good","Class_De_1":"1 & 2 Story Detached Office","Building_M":"Masonry","Condition":"Good","Exterior_W":"804","Year_Built":2008,"Sq_Footage":"2800","BUILD_ID":null,"OCC_CLS":null,"PRIM_OCC":null,"SEC_OCC":null,"PROP_ADDR":null,"PROP_CITY":null,"PROP_ST":null,"PROP_ZIP":null,"OUTBLDG":null,"HEIGHT":null,"SQMETERS":null,"SQFEET":null,"H_ADJ_ELEV":null,"L_ADJ_ELEV":null,"FIPS":null,"CENSUSCODE":null,"PROD_DATE":null,"SOURCE":null,"USNG":null,"LONGITUDE":null,"LATITUDE":null,"IMAGE_NAME":null,"IMAGE_DATE":null,"VAL_METHOD":null,"REMARKS":null,"UUID":null,"Shape_Leng":null,"Shape_Area":null,"HEIGHT_FT":null,"Shape_Length":143.67426470820027}},{"type":"Feature","id":24370,"geometry":{"type":"Polygon","coordinates":[[[-106.24766987615247,31.795669433242981],[-106.24766482380397,31.79566239345457],[-106.24762886303596,31.795681219284536],[-106.24763391538281,31.795688259074307],[-106.24763258937129,31.795692977769519],[-106.24761817822996,31.795690023793334],[-106.24761648885367,31.795696038761424],[-106.24761133769528,31.795694982288641],[-106.24760149491512,31.795730012010797],[-106.24760664601918,31.795731067583343],[-106.2476049555308,31.795737081698508],[-106.24761936667886,31.795740035676136],[-106.24761804066584,31.795744754371118],[-106.24760979802451,31.795749069429281],[-106.2476318394633,31.795779782508134],[-106.2476400821063,31.795775467448685],[-106.2476456070613,31.795776599955193],[-106.24764214941071,31.795788908033973],[-106.24764919107298,31.795790350926296],[-106.24764795514191,31.795794750329321],[-106.2476889691771,31.795803156780902],[-106.24769020510639,31.795798757377511],[-106.24769724788077,31.795800201119889],[-106.2477007065791,31.795787892991751],[-106.24770623048107,31.795789025543698],[-106.2477112828394,31.795796065330119],[-106.24774724474513,31.79577724033091],[-106.24774219238512,31.795770200545835],[-106.24774351839227,31.795765481849617],[-106.24775792843833,31.795768434959189],[-106.2477596189176,31.795762420842113],[-106.24776477002513,31.7957634764084],[-106.24777461280472,31.795728447574962],[-106.24776946164278,31.795727391108439],[-106.24777115106609,31.79572137703909],[-106.24775674097064,31.795718423030287],[-106.24775806697636,31.795713704333824],[-106.24776630860954,31.795709390214764],[-106.24774426708754,31.795678676257193],[-106.24773602445767,31.795682991323432],[-106.24770989052016,31.795696672366013],[-106.24768589483514,31.795691754367411],[-106.24766987615247,31.795669433242981]]]},"properties":{"OBJECTID":24370,"Join_Count":0,"TARGET_FID":36643,"PIDN":"T28799916600100","STATE_CD":"F1","CombineADD":"12798 EDGEMERE BLVD","Type":"Commercial","State_Code":"F1","Living_Are":"2800","Value":319550,"Value_Sq_F":114.125,"Descriptio":"MAIN AREA","Class_CD":"PFCG","Class_Desc":"1 & 2 Story Detached Office; Masonry; Good","Class_De_1":"1 & 2 Story Detached Office","Building_M":"Masonry","Condition":"Good","Exterior_W":"804","Year_Built":2008,"Sq_Footage":"2800","BUILD_ID":null,"OCC_CLS":null,"PRIM_OCC":null,"SEC_OCC":null,"PROP_ADDR":null,"PROP_CITY":null,"PROP_ST":null,"PROP_ZIP":null,"OUTBLDG":null,"HEIGHT":null,"SQMETERS":null,"SQFEET":null,"H_ADJ_ELEV":null,"L_ADJ_ELEV":null,"FIPS":null,"CENSUSCODE":null,"PROD_DATE":null,"SOURCE":null,"USNG":null,"LONGITUDE":null,"LATITUDE":null,"IMAGE_NAME":null,"IMAGE_DATE":null,"VAL_METHOD":null,"REMARKS":null,"UUID":null,"Shape_Leng":null,"Shape_Area":null,"HEIGHT_FT":null,"Shape_Length":204.07121271029371}},{"type":"Feature","id":24371,"geometry":{"type":"Polygon","coordinates":[[[-106.24808255051802,31.795418843005109],[-106.24813887654824,31.795496012491082],[-106.24814090618298,31.795496561468511],[-106.24818857073042,31.795471609404199],[-106.24819627040428,31.795482339214022],[-106.24822492769044,31.795488212991444],[-106.24825005386468,31.795475059927039],[-106.24825693017605,31.795450584582564],[-106.248241529767,31.795429125017183],[-106.24821287255374,31.795423252143891],[-106.24820031049818,31.795429828175063],[-106.24812284795649,31.79532189193554],[-106.24804297907811,31.795363702831683],[-106.24808255051802,31.795418843005109]]]},"properties":{"OBJECTID":24371,"Join_Count":1,"TARGET_FID":36644,"PIDN":"T28799916600100","STATE_CD":"F1","CombineADD":"12798 EDGEMERE BLVD","Type":"Commercial","State_Code":"F1","Living_Are":"2800","Value":319550,"Value_Sq_F":114.125,"Descriptio":"MAIN AREA","Class_CD":"PFCG","Class_Desc":"1 & 2 Story Detached Office; Masonry; Good","Class_De_1":"1 & 2 Story Detached Office","Building_M":"Masonry","Condition":"Good","Exterior_W":"804","Year_Built":2008,"Sq_Footage":"2800","BUILD_ID":29509064,"OCC_CLS":"Commercial","PRIM_OCC":"Retail Trade","SEC_OCC":" ","PROP_ADDR":"12798 EDGEMERE BOULEVARD EASTBOUND","PROP_CITY":"EL PASO","PROP_ST":"Texas","PROP_ZIP":"79938","OUTBLDG":" ","HEIGHT":3.83999991,"SQMETERS":179.733002,"SQFEET":1934.63,"H_ADJ_ELEV":0,"L_ADJ_ELEV":0,"FIPS":"48141","CENSUSCODE":"48141010353","PROD_DATE":1414800000000,"SOURCE":"NGA","USNG":"13R CR 81835 18436","LONGITUDE":-106.24819865000001,"LATITUDE":31.795408132799999,"IMAGE_NAME":"Li270-El Paso","IMAGE_DATE":1414800000000,"VAL_METHOD":"Unverified","REMARKS":" ","UUID":"{1e318b6a-8223-4578-aaa0-f93463f02dbd}","Shape_Leng":0.00053964328377800004,"Shape_Area":1.7115955554700001e-08,"HEIGHT_FT":12.5984253184,"Shape_Length":204.73626596383434}},{"type":"Feature","id":24372,"geometry":{"type":"Polygon","coordinates":[[[-106.24790949162414,31.795499680660146],[-106.24797174778502,31.795585114498543],[-106.24805504745234,31.795541507603044],[-106.24800009476803,31.795463619976434],[-106.24799984065189,31.795461951674881],[-106.24798728085577,31.79544444970275],[-106.24790192286527,31.79548913364194],[-106.24790949162414,31.795499680660146]]]},"properties":{"OBJECTID":24372,"Join_Count":0,"TARGET_FID":36645,"PIDN":"T28799916600100","STATE_CD":"F1","CombineADD":"12798 EDGEMERE BLVD","Type":"Commercial","State_Code":"F1","Living_Are":"2800","Value":319550,"Value_Sq_F":114.125,"Descriptio":"MAIN AREA","Class_CD":"PFCG","Class_Desc":"1 & 2 Story Detached Office; Masonry; Good","Class_De_1":"1 & 2 Story Detached Office","Building_M":"Masonry","Condition":"Good","Exterior_W":"804","Year_Built":2008,"Sq_Footage":"2800","BUILD_ID":null,"OCC_CLS":null,"PRIM_OCC":null,"SEC_OCC":null,"PROP_ADDR":null,"PROP_CITY":null,"PROP_ST":null,"PROP_ZIP":null,"OUTBLDG":null,"HEIGHT":null,"SQMETERS":null,"SQFEET":null,"H_ADJ_ELEV":null,"L_ADJ_ELEV":null,"FIPS":null,"CENSUSCODE":null,"PROD_DATE":null,"SOURCE":null,"USNG":null,"LONGITUDE":null,"LATITUDE":null,"IMAGE_NAME":null,"IMAGE_DATE":null,"VAL_METHOD":null,"REMARKS":null,"UUID":null,"Shape_Leng":null,"Shape_Area":null,"HEIGHT_FT":null,"Shape_Length":143.72830962602637}},{"type":"Feature","id":24373,"geometry":{"type":"Polygon","coordinates":[[[-106.24805504745234,31.795541507603044],[-106.24806770676931,31.795559146839445],[-106.24815306163738,31.7955144638372],[-106.24814040336503,31.795496824560846],[-106.24814090618298,31.795496561468511],[-106.24813887654824,31.795496012491082],[-106.24808255051802,31.795418843005109],[-106.24799993909271,31.795462088994345],[-106.24799984065189,31.795461951674881],[-106.24800009476803,31.795463619976434],[-106.24805504745234,31.795541507603044]]]},"properties":{"OBJECTID":24373,"Join_Count":0,"TARGET_FID":36646,"PIDN":"T28799916600100","STATE_CD":"F1","CombineADD":"12798 EDGEMERE BLVD","Type":"Commercial","State_Code":"F1","Living_Are":"2800","Value":319550,"Value_Sq_F":114.125,"Descriptio":"MAIN AREA","Class_CD":"PFCG","Class_Desc":"1 & 2 Story Detached Office; Masonry; Good","Class_De_1":"1 & 2 Story Detached Office","Building_M":"Masonry","Condition":"Good","Exterior_W":"804","Year_Built":2008,"Sq_Footage":"2800","BUILD_ID":null,"OCC_CLS":null,"PRIM_OCC":null,"SEC_OCC":null,"PROP_ADDR":null,"PROP_CITY":null,"PROP_ST":null,"PROP_ZIP":null,"OUTBLDG":null,"HEIGHT":null,"SQMETERS":null,"SQFEET":null,"H_ADJ_ELEV":null,"L_ADJ_ELEV":null,"FIPS":null,"CENSUSCODE":null,"PROD_DATE":null,"SOURCE":null,"USNG":null,"LONGITUDE":null,"LATITUDE":null,"IMAGE_NAME":null,"IMAGE_DATE":null,"VAL_METHOD":null,"REMARKS":null,"UUID":null,"Shape_Leng":null,"Shape_Area":null,"HEIGHT_FT":null,"Shape_Length":143.93845528283217}},{"type":"Feature","id":24374,"geometry":{"type":"Polygon","coordinates":[[[-106.2478311470569,31.795624065418565],[-106.24786167670885,31.795630322906142],[-106.24788080332173,31.795656988672444],[-106.24794970281862,31.795620920155208],[-106.24793704456984,31.79560328085984],[-106.24797174778502,31.795585114498543],[-106.24790949162414,31.795499680660146],[-106.24789133928036,31.79550918406731],[-106.24786494640543,31.795503774469751],[-106.2478311470569,31.795624065418565]]]},"properties":{"OBJECTID":24374,"Join_Count":0,"TARGET_FID":36647,"PIDN":"T28799916600100","STATE_CD":"F1","CombineADD":"12798 EDGEMERE BLVD","Type":"Commercial","State_Code":"F1","Living_Are":"2800","Value":319550,"Value_Sq_F":114.125,"Descriptio":"MAIN AREA","Class_CD":"PFCG","Class_Desc":"1 & 2 Story Detached Office; Masonry; Good","Class_De_1":"1 & 2 Story Detached Office","Building_M":"Masonry","Condition":"Good","Exterior_W":"804","Year_Built":2008,"Sq_Footage":"2800","BUILD_ID":null,"OCC_CLS":null,"PRIM_OCC":null,"SEC_OCC":null,"PROP_ADDR":null,"PROP_CITY":null,"PROP_ST":null,"PROP_ZIP":null,"OUTBLDG":null,"HEIGHT":null,"SQMETERS":null,"SQFEET":null,"H_ADJ_ELEV":null,"L_ADJ_ELEV":null,"FIPS":null,"CENSUSCODE":null,"PROD_DATE":null,"SOURCE":null,"USNG":null,"LONGITUDE":null,"LATITUDE":null,"IMAGE_NAME":null,"IMAGE_DATE":null,"VAL_METHOD":null,"REMARKS":null,"UUID":null,"Shape_Leng":null,"Shape_Area":null,"HEIGHT_FT":null,"Shape_Length":163.06799167182507}},{"type":"Feature","id":24379,"geometry":{"type":"Polygon","coordinates":[[[-106.26660931371994,31.760318752351406],[-106.26682545029918,31.760323983344534],[-106.26682705196205,31.760294467042133],[-106.26685508581281,31.760295027995596],[-106.26685978851077,31.760218629538944],[-106.26682732174513,31.760216062556761],[-106.2668280166878,31.760158248944773],[-106.26662870060412,31.760153355286377],[-106.26662612123603,31.760201685796368],[-106.26661495334886,31.760202195214372],[-106.26660931371994,31.760318752351406]]]},"properties":{"OBJECTID":24379,"Join_Count":1,"TARGET_FID":36652,"PIDN":"E36199900100120","STATE_CD":"F1","CombineADD":"1890 JOE BATTLE BLVD","Type":"Commercial","State_Code":"F1","Living_Are":"4079","Value":874905,"Value_Sq_F":214.49007109600001,"Descriptio":"MAIN AREA","Class_CD":"PADA","Class_Desc":" ","Class_De_1":"Branch Bank","Building_M":"Frame","Condition":"Average","Exterior_W":"849","Year_Built":2008,"Sq_Footage":"4079","BUILD_ID":29395887,"OCC_CLS":"Commercial","PRIM_OCC":"Professional/Technical Services","SEC_OCC":" ","PROP_ADDR":"1890 JOE BATTLE BOULEVARD NORTHBOUND","PROP_CITY":"EL PASO","PROP_ST":"Texas","PROP_ZIP":"79928","OUTBLDG":" ","HEIGHT":4.5999999,"SQMETERS":453.213989,"SQFEET":4878.3501,"H_ADJ_ELEV":0,"L_ADJ_ELEV":0,"FIPS":"48141","CENSUSCODE":"48141010366","PROD_DATE":1414800000000,"SOURCE":"NGA","USNG":"13R CR 80040 14558","LONGITUDE":-106.26668378799999,"LATITUDE":31.760238045400001,"IMAGE_NAME":"Li270-El Paso","IMAGE_DATE":1414800000000,"VAL_METHOD":"Unverified","REMARKS":" ","UUID":"{7ae58690-eb46-428a-b87f-a7ec8001c27f}","Shape_Leng":0.00106162173624,"Shape_Area":4.3143423543299999e-08,"HEIGHT_FT":15.0918636871,"Shape_Length":271.15361892642215}},{"type":"Feature","id":24380,"geometry":{"type":"Polygon","coordinates":[[[-106.2669386615741,31.756358757710458],[-106.26693878469617,31.75638163657279],[-106.26700111466565,31.756382514187351],[-106.26700181367688,31.756358853608464],[-106.26700789331417,31.756358576258993],[-106.26700790709819,31.75634834273265],[-106.26700202140582,31.756348239129135],[-106.26700222824917,31.756323671642036],[-106.2670087421438,31.756323374481884],[-106.2670088369436,31.75631391308114],[-106.26700272802908,31.756313891011324],[-106.26700275050555,31.756289807001188],[-106.26701208367918,31.756289732559278],[-106.26701221227839,31.756284229106672],[-106.26701285443467,31.756256766071939],[-106.26699712835602,31.756255995065676],[-106.26699808371622,31.756212043950985],[-106.26694142241281,31.756211279846742],[-106.26694088162097,31.756220048993306],[-106.26688485905542,31.756219069672966],[-106.26688476005624,31.756210515765805],[-106.26687168591145,31.756210367978056],[-106.26687174271191,31.75621518469325],[-106.26682220081673,31.756214797522222],[-106.26682207264335,31.756209819686415],[-106.26680849913012,31.75620971544544],[-106.26680869662123,31.756218424720092],[-106.26675257555934,31.756217289975293],[-106.2667524302028,31.756207993972602],[-106.26667986048285,31.756207025193198],[-106.26667938560369,31.756251698591445],[-106.26668506575223,31.75625199763827],[-106.26668427833954,31.756287338404526],[-106.26668369165264,31.756313643750484],[-106.2666771777577,31.756313940894412],[-106.26667703592847,31.756360459624524],[-106.26673152601933,31.756361322892744],[-106.26673222912335,31.756355151081344],[-106.2669386615741,31.756358757710458]]]},"properties":{"OBJECTID":24380,"Join_Count":1,"TARGET_FID":36653,"PIDN":"E36199900100430","STATE_CD":"F1","CombineADD":"1840 JOE BATTLE BLVD","Type":"Commercial","State_Code":"F1","Living_Are":"22970","Value":0,"Value_Sq_F":0,"Descriptio":"MAIN AREA","Class_CD":"MECA","Class_Desc":"Discount Store; Masonry; Average","Class_De_1":"Discount Store","Building_M":"Masonry","Condition":"Average","Exterior_W":"849","Year_Built":2009,"Sq_Footage":"22970","BUILD_ID":29387748,"OCC_CLS":"Commercial","PRIM_OCC":"Retail Trade","SEC_OCC":" ","PROP_ADDR":"1834 JOE BATTLE BOULEVARD NORTHBOUND","PROP_CITY":"EL PASO","PROP_ST":"Texas","PROP_ZIP":"79928","OUTBLDG":" ","HEIGHT":4.82999992,"SQMETERS":500.234009,"SQFEET":5384.45996,"H_ADJ_ELEV":0,"L_ADJ_ELEV":0,"FIPS":"48141","CENSUSCODE":"48141010366","PROD_DATE":1414800000000,"SOURCE":"NGA","USNG":"13R CR 80021 14120","LONGITUDE":-106.266828369,"LATITUDE":31.756282332000001,"IMAGE_NAME":"Li270-El Paso","IMAGE_DATE":1414800000000,"VAL_METHOD":"Unverified","REMARKS":" ","UUID":"{56f23d1c-8c2c-4054-88f8-b5d47ca636fc}","Shape_Leng":0.00094141998390799998,"Shape_Area":4.7617431521200003e-08,"HEIGHT_FT":15.8464569497,"Shape_Length":362.51844279645786}},{"type":"Feature","id":24396,"geometry":{"type":"Polygon","coordinates":[[[-106.2444194769806,31.797187889813543],[-106.24450458948188,31.797368497939669],[-106.24462944097448,31.797324593606],[-106.24454327090783,31.797144989116983],[-106.2444194769806,31.797187889813543]]]},"properties":{"OBJECTID":24396,"Join_Count":1,"TARGET_FID":36677,"PIDN":"I05099900100100","STATE_CD":"F1","CombineADD":"12900 EDGEMERE BLVD","Type":"Commercial","State_Code":"F1","Living_Are":"3760","Value":471564,"Value_Sq_F":125.415957447,"Descriptio":"MAIN AREA","Class_CD":"MCDG","Class_Desc":"Mini-Mart; Frame; Good","Class_De_1":"Mini-Mart","Building_M":"Frame","Condition":"Good","Exterior_W":"892","Year_Built":2008,"Sq_Footage":"3760","BUILD_ID":29515208,"OCC_CLS":"Commercial","PRIM_OCC":"Retail Trade","SEC_OCC":" ","PROP_ADDR":"12900 EDGEMERE BOULEVARD EASTBOUND","PROP_CITY":"EL PASO","PROP_ST":"Texas","PROP_ZIP":"79938","OUTBLDG":" ","HEIGHT":4.73000002,"SQMETERS":275.915009,"SQFEET":2969.91992,"H_ADJ_ELEV":0,"L_ADJ_ELEV":0,"FIPS":"48141","CENSUSCODE":"48141010353","PROD_DATE":1414800000000,"SOURCE":"NGA","USNG":"13R CR 82186 18637","LONGITUDE":-106.244516279,"LATITUDE":31.7972527736,"IMAGE_NAME":"Li270-El Paso","IMAGE_DATE":1414800000000,"VAL_METHOD":"Unverified","REMARKS":" ","UUID":"{2a583d7b-8273-4de9-8557-218cbd870085}","Shape_Leng":0.00066500207703600002,"Shape_Area":2.6275859256099999e-08,"HEIGHT_FT":15.518373262600001,"Shape_Length":224.88951445733858}},{"type":"Feature","id":24397,"geometry":{"type":"Polygon","coordinates":[[[-106.24393515453743,31.797156362718759],[-106.24398345003199,31.797266956375321],[-106.24429570571672,31.797165287933357],[-106.24424546451687,31.797053375657018],[-106.24393515453743,31.797156362718759]]]},"properties":{"OBJECTID":24397,"Join_Count":1,"TARGET_FID":36678,"PIDN":"I05099900100100","STATE_CD":"F1","CombineADD":"12900 EDGEMERE BLVD","Type":"Commercial","State_Code":"F1","Living_Are":"3760","Value":471564,"Value_Sq_F":125.415957447,"Descriptio":"MAIN AREA","Class_CD":"MCDG","Class_Desc":"Mini-Mart; Frame; Good","Class_De_1":"Mini-Mart","Building_M":"Frame","Condition":"Good","Exterior_W":"892","Year_Built":2008,"Sq_Footage":"3760","BUILD_ID":29514938,"OCC_CLS":"Commercial","PRIM_OCC":"Retail Trade","SEC_OCC":" ","PROP_ADDR":"12900 EDGEMERE BLVD","PROP_CITY":" ","PROP_ST":"Texas","PROP_ZIP":"79938","OUTBLDG":" ","HEIGHT":4.69999981,"SQMETERS":500.102997,"SQFEET":5383.06006,"H_ADJ_ELEV":0,"L_ADJ_ELEV":0,"FIPS":"48141","CENSUSCODE":"48141010353","PROD_DATE":1414800000000,"SOURCE":"NGA","USNG":"13R CR 82226 18626","LONGITUDE":-106.244089945,"LATITUDE":31.797158303300002,"IMAGE_NAME":"Li270-El Paso","IMAGE_DATE":1414800000000,"VAL_METHOD":"Unverified","REMARKS":" ","UUID":"{88b1d1a9-0654-4de1-ae72-fd732d3e1625}","Shape_Leng":0.00099409431108699996,"Shape_Area":4.7625652393599999e-08,"HEIGHT_FT":15.4199473742,"Shape_Length":293.79973231865551}},{"type":"Feature","id":24401,"geometry":{"type":"Polygon","coordinates":[[[-106.25840006711307,31.760236544651516],[-106.25863190119102,31.760228298027453],[-106.25862911602239,31.760122918255693],[-106.25839347351628,31.760130875945816],[-106.25840006711307,31.760236544651516]]]},"properties":{"OBJECTID":24401,"Join_Count":1,"TARGET_FID":36682,"PIDN":"M77199900201875","STATE_CD":"F1","CombineADD":"12460 MONTWOOD DR","Type":" ","State_Code":" ","Living_Are":" ","Value":0,"Value_Sq_F":0,"Descriptio":" ","Class_CD":" ","Class_Desc":" ","Class_De_1":" ","Building_M":" ","Condition":" ","Exterior_W":" ","Year_Built":0,"Sq_Footage":" ","BUILD_ID":29395550,"OCC_CLS":"Commercial","PRIM_OCC":"Retail Trade","SEC_OCC":" ","PROP_ADDR":"12460 MONTWOOD DRIVE EASTBOUND","PROP_CITY":"EL PASO","PROP_ST":"Texas","PROP_ZIP":"79928","OUTBLDG":" ","HEIGHT":4.5,"SQMETERS":259.226013,"SQFEET":2790.28003,"H_ADJ_ELEV":0,"L_ADJ_ELEV":0,"FIPS":"48141","CENSUSCODE":"48141010366","PROD_DATE":1414800000000,"SOURCE":"NGA","USNG":"13R CR 80815 14542","LONGITUDE":-106.25849901700001,"LATITUDE":31.760173719299999,"IMAGE_NAME":"Li270-El Paso","IMAGE_DATE":1414800000000,"VAL_METHOD":"Unverified","REMARKS":" ","UUID":"{e0eca576-290f-45ab-aa09-ab35a19eeb9d}","Shape_Leng":0.00071741837319700004,"Shape_Area":2.4676816183400001e-08,"HEIGHT_FT":14.763780000000001,"Shape_Length":222.25516791392508}},{"type":"Feature","id":24449,"geometry":{"type":"Polygon","coordinates":[[[-106.26661549668734,31.763890907099331],[-106.26707054031547,31.763876904421291],[-106.26706146933493,31.76370470335473],[-106.26660760726618,31.763721631688757],[-106.26661549668734,31.763890907099331]]]},"properties":{"OBJECTID":24449,"Join_Count":1,"TARGET_FID":36815,"PIDN":"E350999001B0700","STATE_CD":"F1","CombineADD":"1921 ZARAGOZA RD","Type":"Commercial","State_Code":"F1","Living_Are":"8596","Value":56650,"Value_Sq_F":6.5902745462999999,"Descriptio":"MAIN AREA","Class_CD":"MXCA","Class_Desc":" ","Class_De_1":"Strip Store","Building_M":"Masonry","Condition":"Average","Exterior_W":"849","Year_Built":2008,"Sq_Footage":"8596","BUILD_ID":29403354,"OCC_CLS":"Commercial","PRIM_OCC":"Retail Trade","SEC_OCC":" ","PROP_ADDR":"1921 NORTH ZARAGOZA ROAD","PROP_CITY":"EL PASO","PROP_ST":"Texas","PROP_ZIP":"79938","OUTBLDG":" ","HEIGHT":5.30999994,"SQMETERS":789.434021,"SQFEET":8497.38965,"H_ADJ_ELEV":0,"L_ADJ_ELEV":0,"FIPS":"48141","CENSUSCODE":"48141010329","PROD_DATE":1414800000000,"SOURCE":"NGA","USNG":"13R CR 80031 14953","LONGITUDE":-106.266826352,"LATITUDE":31.763802901199998,"IMAGE_NAME":"Li270-El Paso","IMAGE_DATE":1414800000000,"VAL_METHOD":"Unverified","REMARKS":" ","UUID":"{d63a62ff-f9f9-4695-8b92-5d1c25512a9f}","Shape_Leng":0.0012422667167,"Shape_Area":7.5152559890100006e-08,"HEIGHT_FT":17.421260212300002,"Shape_Length":407.04643622176098}},{"type":"Feature","id":24450,"geometry":{"type":"Polygon","coordinates":[[[-106.2667995392972,31.764558733990231],[-106.26680703831455,31.76474902485138],[-106.2668394451207,31.764747917853565],[-106.26684239596115,31.764778779888477],[-106.26700517218018,31.764770758827623],[-106.26700422415041,31.764741531384292],[-106.26704889782367,31.764739493576528],[-106.26703995016669,31.764546683927531],[-106.2667995392972,31.764558733990231]]]},"properties":{"OBJECTID":24450,"Join_Count":1,"TARGET_FID":36816,"PIDN":"E350999001B0600","STATE_CD":"F1","CombineADD":"1921 ZARAGOZA RD","Type":"Commercial","State_Code":"F1","Living_Are":"5066","Value":397180,"Value_Sq_F":78.401105408600003,"Descriptio":"MAIN AREA","Class_CD":"ERDA","Class_Desc":"Restaurant; Frame; Average","Class_De_1":"Restaurant","Building_M":"Frame","Condition":"Average","Exterior_W":"892","Year_Built":2007,"Sq_Footage":"5066","BUILD_ID":29405102,"OCC_CLS":"Commercial","PRIM_OCC":"Entertainment and Recreation","SEC_OCC":" ","PROP_ADDR":" ","PROP_CITY":" ","PROP_ST":"Texas","PROP_ZIP":" ","OUTBLDG":" ","HEIGHT":4.38999987,"SQMETERS":464.226013,"SQFEET":4996.87988,"H_ADJ_ELEV":0,"L_ADJ_ELEV":0,"FIPS":"48141","CENSUSCODE":"48141010329","PROD_DATE":1414800000000,"SOURCE":"NGA","USNG":"13R CR 80024 15047","LONGITUDE":-106.266913999,"LATITUDE":31.764649263500001,"IMAGE_NAME":"Li270-El Paso","IMAGE_DATE":1414800000000,"VAL_METHOD":"Unverified","REMARKS":" ","UUID":"{6ad9d68c-34cd-47a6-b938-87baf486137c}","Shape_Leng":0.00084394255428699996,"Shape_Area":4.4193770292599999e-08,"HEIGHT_FT":14.402887162000001,"Shape_Length":310.86374773140278}},{"type":"Feature","id":24451,"geometry":{"type":"Polygon","coordinates":[[[-106.26507414711581,31.766404396423599],[-106.26509547714279,31.766383938922058],[-106.26510419267606,31.76638995305731],[-106.26514296991776,31.766353506931431],[-106.26513537253018,31.766347673924397],[-106.26521299334951,31.766274474245556],[-106.26486327953926,31.765991241562521],[-106.26471755158934,31.766128276182567],[-106.26507414711581,31.766404396423599]]]},"properties":{"OBJECTID":24451,"Join_Count":1,"TARGET_FID":36817,"PIDN":"E35099900100200","STATE_CD":"F1","CombineADD":"1971 JOE BATTLE BLVD","Type":"Commercial","State_Code":"F1","Living_Are":"10173","Value":931798,"Value_Sq_F":91.595202988300002,"Descriptio":"MAIN AREA","Class_CD":"PYCA","Class_Desc":"Dental Clinic; Masonry; Average","Class_De_1":"Dental Clinic","Building_M":"Masonry","Condition":"Average","Exterior_W":"818","Year_Built":2007,"Sq_Footage":"10173","BUILD_ID":29409957,"OCC_CLS":"Commercial","PRIM_OCC":"Retail Trade","SEC_OCC":" ","PROP_ADDR":"1971 NORTH ZARAGOZA ROAD","PROP_CITY":"EL PASO","PROP_ST":"Texas","PROP_ZIP":"79938","OUTBLDG":" ","HEIGHT":6.26000023,"SQMETERS":14768,"SQFEET":158961,"H_ADJ_ELEV":0,"L_ADJ_ELEV":0,"FIPS":"48141","CENSUSCODE":"48141010329","PROD_DATE":1414800000000,"SOURCE":"NGA","USNG":"13R CR 80090 15255","LONGITUDE":-106.26623452,"LATITUDE":31.766527919400001,"IMAGE_NAME":"Li270-El Paso","IMAGE_DATE":1414800000000,"VAL_METHOD":"Unverified","REMARKS":" ","UUID":"{054296cd-e7ea-4e8a-b309-00bc5868112a}","Shape_Leng":0.0069749355663399999,"Shape_Area":1.4059233876100001e-06,"HEIGHT_FT":20.538059150900001,"Shape_Length":437.15873411641923}},{"type":"Feature","id":24452,"geometry":{"type":"Polygon","coordinates":[[[-106.2661073007488,31.767015666100985],[-106.26702565682885,31.766975034598641],[-106.26703525410724,31.767128604455962],[-106.26714877925016,31.767123117155712],[-106.26713924662734,31.76697058479451],[-106.26718510465797,31.76696806215525],[-106.26715059863903,31.766147613454397],[-106.26684303920938,31.76616245275471],[-106.26684219044724,31.766149056892409],[-106.26639574131792,31.76616164208005],[-106.26639648666085,31.76617466965229],[-106.26606032224484,31.766189395597618],[-106.2661073007488,31.767015666100985]]]},"properties":{"OBJECTID":24452,"Join_Count":1,"TARGET_FID":36818,"PIDN":"E35099900100100","STATE_CD":"F1","CombineADD":"1950 JOE BATTLE BLVD","Type":"Commercial","State_Code":"F1","Living_Are":"104569","Value":4738900,"Value_Sq_F":45.318402203300003,"Descriptio":"MAIN AREA","Class_CD":"MDCG","Class_Desc":"Department Store; Masonry; Good","Class_De_1":"Department Store","Building_M":"Masonry","Condition":"Good","Exterior_W":"817","Year_Built":2007,"Sq_Footage":"104569","BUILD_ID":29409957,"OCC_CLS":"Commercial","PRIM_OCC":"Retail Trade","SEC_OCC":" ","PROP_ADDR":"1971 NORTH ZARAGOZA ROAD","PROP_CITY":"EL PASO","PROP_ST":"Texas","PROP_ZIP":"79938","OUTBLDG":" ","HEIGHT":6.26000023,"SQMETERS":14768,"SQFEET":158961,"H_ADJ_ELEV":0,"L_ADJ_ELEV":0,"FIPS":"48141","CENSUSCODE":"48141010329","PROD_DATE":1414800000000,"SOURCE":"NGA","USNG":"13R CR 80090 15255","LONGITUDE":-106.26623452,"LATITUDE":31.766527919400001,"IMAGE_NAME":"Li270-El Paso","IMAGE_DATE":1414800000000,"VAL_METHOD":"Unverified","REMARKS":" ","UUID":"{054296cd-e7ea-4e8a-b309-00bc5868112a}","Shape_Leng":0.0069749355663399999,"Shape_Area":1.4059233876100001e-06,"HEIGHT_FT":20.538059150900001,"Shape_Length":1395.3209965738538}},{"type":"Feature","id":24458,"geometry":{"type":"Polygon","coordinates":[[[-106.26138711136259,31.760349272182101],[-106.26143138050855,31.760349219931694],[-106.26143122757549,31.760346770293985],[-106.26147087879609,31.76034643716811],[-106.26147095526044,31.760329240139395],[-106.26150949128052,31.760329449147982],[-106.26150658372428,31.760135537644793],[-106.26136231043093,31.76013621789054],[-106.2613609200199,31.760132351588066],[-106.26128384814028,31.76013193347147],[-106.2612852490355,31.760329351970057],[-106.26132438800434,31.760330024876527],[-106.26132485434464,31.760346705844825],[-106.26138632389696,31.760345869722816],[-106.26138711136259,31.760349272182101]]]},"properties":{"OBJECTID":24458,"Join_Count":1,"TARGET_FID":36824,"PIDN":"M77199900102685","STATE_CD":"F1","CombineADD":"12370 MONTWOOD DR","Type":"Commercial","State_Code":"F1","Living_Are":"5260","Value":952097,"Value_Sq_F":181.007034221,"Descriptio":"MAIN AREA","Class_CD":"PADA","Class_Desc":" ","Class_De_1":"Branch Bank","Building_M":"Frame","Condition":"Average","Exterior_W":"892","Year_Built":2008,"Sq_Footage":"5260","BUILD_ID":29395805,"OCC_CLS":"Commercial","PRIM_OCC":"Professional/Technical Services","SEC_OCC":" ","PROP_ADDR":"12370 MONTWOOD DR","PROP_CITY":" ","PROP_ST":"Texas","PROP_ZIP":"79928","OUTBLDG":" ","HEIGHT":4.63000011,"SQMETERS":605.755981,"SQFEET":6520.29004,"H_ADJ_ELEV":0,"L_ADJ_ELEV":0,"FIPS":"48141","CENSUSCODE":"48141010366","PROD_DATE":1414800000000,"SOURCE":"NGA","USNG":"13R CR 80542 14551","LONGITUDE":-106.261362091,"LATITUDE":31.760197569599999,"IMAGE_NAME":"Li270-El Paso","IMAGE_DATE":1414800000000,"VAL_METHOD":"Unverified","REMARKS":" ","UUID":"{a3836854-109e-49e3-afdd-9157e2bbda9a}","Shape_Leng":0.0011391326966199999,"Shape_Area":5.7664521741499997e-08,"HEIGHT_FT":15.1902895755,"Shape_Length":296.44915662089164}},{"type":"Feature","id":29789,"geometry":{"type":"Polygon","coordinates":[[[-106.2590532931555,31.811963727940103],[-106.2593383640956,31.811957916465058],[-106.25934182470277,31.811878902578076],[-106.25958503854154,31.811874997317243],[-106.25956211281408,31.810768472352986],[-106.25876087926636,31.810776279194926],[-106.25878842681342,31.811889761708937],[-106.25904838325253,31.811885095185559],[-106.2590532931555,31.811963727940103]]]},"properties":{"OBJECTID":29789,"Join_Count":1,"TARGET_FID":145678,"PIDN":"X57999923300000","STATE_CD":" ","CombineADD":" ","Type":" ","State_Code":" ","Living_Are":" ","Value":0,"Value_Sq_F":0,"Descriptio":" ","Class_CD":" ","Class_Desc":" ","Class_De_1":" ","Building_M":" ","Condition":" ","Exterior_W":" ","Year_Built":0,"Sq_Footage":" ","BUILD_ID":29287212,"OCC_CLS":"Government","PRIM_OCC":"Emergency Response","SEC_OCC":" ","PROP_ADDR":"3850 JUSTICE DRIVE","PROP_CITY":"EL PASO","PROP_ST":"Texas","PROP_ZIP":"79938","OUTBLDG":" ","HEIGHT":8.46000004,"SQMETERS":9586.12012,"SQFEET":103184,"H_ADJ_ELEV":0,"L_ADJ_ELEV":0,"FIPS":"48141","CENSUSCODE":"48141010358","PROD_DATE":1414800000000,"SOURCE":"NGA","USNG":"13R CR 80817 20214","LONGITUDE":-106.259169556,"LATITUDE":31.811332267400001,"IMAGE_NAME":"Li270-El Paso","IMAGE_DATE":1414800000000,"VAL_METHOD":"Unverified","REMARKS":" ","UUID":"{809e4721-35ee-4aee-a7b7-9b91e56611a4}","Shape_Leng":0.0039721865873199999,"Shape_Area":9.13040239354e-07,"HEIGHT_FT":27.7559065252,"Shape_Length":1358.9982232328598}},{"type":"Feature","id":29790,"geometry":{"type":"Polygon","coordinates":[[[-106.25112893208566,31.809360459857828],[-106.25104382597284,31.809364329672849],[-106.25104397097442,31.809411517695377],[-106.25107899807766,31.809412313816079],[-106.25107823826889,31.809478658894882],[-106.25122095605576,31.80947874155698],[-106.25122257058013,31.809325137513287],[-106.25112964252099,31.809326974249572],[-106.25112893208566,31.809360459857828]]]},"properties":{"OBJECTID":29790,"Join_Count":1,"TARGET_FID":145684,"PIDN":"X57999923300060","STATE_CD":"A1","CombineADD":"12525 MONTANA AVE","Type":"Residential","State_Code":"A1","Living_Are":"1834","Value":50,"Value_Sq_F":0.027262813522399999,"Descriptio":"MAIN AREA","Class_CD":"R2","Class_Desc":"Residential, Fair Quality","Class_De_1":"Residential","Building_M":" ","Condition":"Fair","Exterior_W":"%","Year_Built":1991,"Sq_Footage":"1450","BUILD_ID":29286174,"OCC_CLS":"Unclassified","PRIM_OCC":"Unclassified","SEC_OCC":" ","PROP_ADDR":" ","PROP_CITY":" ","PROP_ST":"Texas","PROP_ZIP":" ","OUTBLDG":" ","HEIGHT":3.1099999,"SQMETERS":199.438995,"SQFEET":2146.73999,"H_ADJ_ELEV":0,"L_ADJ_ELEV":0,"FIPS":"48141","CENSUSCODE":"48141010358","PROD_DATE":1414800000000,"SOURCE":"NGA","USNG":"13R CR 81576 19990","LONGITUDE":-106.25112765199999,"LATITUDE":31.809396893799999,"IMAGE_NAME":"Li270-El Paso","IMAGE_DATE":1414800000000,"VAL_METHOD":"Unverified","REMARKS":" ","UUID":"{0bedda9c-0511-444b-b801-07c0cb0e9eec}","Shape_Leng":0.00055305820380899999,"Shape_Area":1.8995353789300001e-08,"HEIGHT_FT":10.203412055799999,"Shape_Length":219.9387512941648}},{"type":"Feature","id":29791,"geometry":{"type":"Polygon","coordinates":[[[-106.25111741179369,31.809321556102027],[-106.2511558172008,31.809320406751713],[-106.25115275501197,31.809248859047951],[-106.25119112221475,31.809247114445714],[-106.25118658639268,31.809118284187782],[-106.25107834879326,31.809121414018811],[-106.25107976426159,31.809200204845389],[-106.25111394564742,31.809198650596159],[-106.25111863923422,31.809240254484635],[-106.2510891911521,31.809239204696365],[-106.2510883988532,31.809260149376797],[-106.251114172537,31.809258379550595],[-106.25111741179369,31.809321556102027]]]},"properties":{"OBJECTID":29791,"Join_Count":1,"TARGET_FID":145685,"PIDN":"X57999923300060","STATE_CD":"A1","CombineADD":"12525 MONTANA AVE","Type":"Residential","State_Code":"A1","Living_Are":"1834","Value":50,"Value_Sq_F":0.027262813522399999,"Descriptio":"MAIN AREA","Class_CD":"R2","Class_Desc":"Residential, Fair Quality","Class_De_1":"Residential","Building_M":" ","Condition":"Fair","Exterior_W":"%","Year_Built":1991,"Sq_Footage":"1450","BUILD_ID":29286065,"OCC_CLS":"Unclassified","PRIM_OCC":"Unclassified","SEC_OCC":" ","PROP_ADDR":" ","PROP_CITY":" ","PROP_ST":"Texas","PROP_ZIP":" ","OUTBLDG":" ","HEIGHT":2.68000007,"SQMETERS":93.0988007,"SQFEET":1002.10999,"H_ADJ_ELEV":0,"L_ADJ_ELEV":0,"FIPS":"48141","CENSUSCODE":"48141010358","PROD_DATE":1414800000000,"SOURCE":"NGA","USNG":"13R CR 81576 19967","LONGITUDE":-106.251126341,"LATITUDE":31.8091836577,"IMAGE_NAME":"Li270-El Paso","IMAGE_DATE":1414800000000,"VAL_METHOD":"Unverified","REMARKS":" ","UUID":"{882726bb-15dc-4057-b9f2-916eb00f0fc9}","Shape_Leng":0.00039780489403400002,"Shape_Area":8.8670879879100001e-09,"HEIGHT_FT":8.7926514190200002,"Shape_Length":232.77059234423444}},{"type":"Feature","id":29792,"geometry":{"type":"Polygon","coordinates":[[[-106.25111678245858,31.809670461447443],[-106.25118536950997,31.809670927310773],[-106.25118744101718,31.809692936626156],[-106.25122382748923,31.809693074826555],[-106.25122213201504,31.809632217800626],[-106.25133683410751,31.809631780614513],[-106.25133697856771,31.809578009065088],[-106.2512179420756,31.80957625272719],[-106.25122013374319,31.809611400012383],[-106.25111527176531,31.809612583615937],[-106.25111678245858,31.809670461447443]]]},"properties":{"OBJECTID":29792,"Join_Count":0,"TARGET_FID":145686,"PIDN":"X57999923300060","STATE_CD":"A1","CombineADD":"12525 MONTANA AVE","Type":"Residential","State_Code":"A1","Living_Are":"1834","Value":50,"Value_Sq_F":0.027262813522399999,"Descriptio":"MAIN AREA","Class_CD":"R2","Class_Desc":"Residential, Fair Quality","Class_De_1":"Residential","Building_M":" ","Condition":"Fair","Exterior_W":"%","Year_Built":1991,"Sq_Footage":"1450","BUILD_ID":null,"OCC_CLS":null,"PRIM_OCC":null,"SEC_OCC":null,"PROP_ADDR":null,"PROP_CITY":null,"PROP_ST":null,"PROP_ZIP":null,"OUTBLDG":null,"HEIGHT":null,"SQMETERS":null,"SQFEET":null,"H_ADJ_ELEV":null,"L_ADJ_ELEV":null,"FIPS":null,"CENSUSCODE":null,"PROD_DATE":null,"SOURCE":null,"USNG":null,"LONGITUDE":null,"LATITUDE":null,"IMAGE_NAME":null,"IMAGE_DATE":null,"VAL_METHOD":null,"REMARKS":null,"UUID":null,"Shape_Leng":null,"Shape_Area":null,"HEIGHT_FT":null,"Shape_Length":221.40845987277837}},{"type":"Feature","id":29793,"geometry":{"type":"Polygon","coordinates":[[[-106.25122440908027,31.809837019224339],[-106.25119793707645,31.809838820818293],[-106.25120071543495,31.809872148684839],[-106.25122454443533,31.809872856986434],[-106.25122695433558,31.809956382005051],[-106.25132344608322,31.809955578940357],[-106.2513216467045,31.809904284600442],[-106.25134742061488,31.809902515629144],[-106.25134422636435,31.809750326027888],[-106.25122049249389,31.809751770878158],[-106.25122440908027,31.809837019224339]]]},"properties":{"OBJECTID":29793,"Join_Count":1,"TARGET_FID":145687,"PIDN":"X57999923300060","STATE_CD":"A1","CombineADD":"12525 MONTANA AVE","Type":"Residential","State_Code":"A1","Living_Are":"1834","Value":50,"Value_Sq_F":0.027262813522399999,"Descriptio":"MAIN AREA","Class_CD":"R2","Class_Desc":"Residential, Fair Quality","Class_De_1":"Residential","Building_M":" ","Condition":"Fair","Exterior_W":"%","Year_Built":1991,"Sq_Footage":"1450","BUILD_ID":29286359,"OCC_CLS":"Unclassified","PRIM_OCC":"Unclassified","SEC_OCC":" ","PROP_ADDR":" ","PROP_CITY":" ","PROP_ST":"Texas","PROP_ZIP":" ","OUTBLDG":" ","HEIGHT":3.21000004,"SQMETERS":210.475006,"SQFEET":2265.53003,"H_ADJ_ELEV":0,"L_ADJ_ELEV":0,"FIPS":"48141","CENSUSCODE":"48141010358","PROD_DATE":1414800000000,"SOURCE":"NGA","USNG":"13R CR 81563 20041","LONGITUDE":-106.251267899,"LATITUDE":31.809854513000001,"IMAGE_NAME":"Li270-El Paso","IMAGE_DATE":1414800000000,"VAL_METHOD":"Unverified","REMARKS":" ","UUID":"{d9c75225-7887-4696-ba45-7ba8c7eb93f0}","Shape_Leng":0.00059104694743699997,"Shape_Area":2.00465602144e-08,"HEIGHT_FT":10.5314965252,"Shape_Length":239.73282387924615}},{"type":"Feature","id":29794,"geometry":{"type":"Polygon","coordinates":[[[-106.25106956419981,31.81028194957176],[-106.25108425125454,31.81028187872926],[-106.25108034567431,31.810365093919152],[-106.25115128563414,31.810369634384919],[-106.25115179344314,31.810411428585031],[-106.25120213197528,31.810410932396689],[-106.2512042747404,31.810377977745969],[-106.25123911759636,31.810375796429174],[-106.2512373263577,31.81023489285414],[-106.25131564366509,31.810234319243431],[-106.2513134437033,31.810086862977816],[-106.25116510787657,31.810086439757981],[-106.25116593264524,31.810110894571721],[-106.25111904593456,31.810110637723891],[-106.25111800058646,31.810239721708029],[-106.25107103840622,31.810238272511427],[-106.25106956419981,31.81028194957176]]]},"properties":{"OBJECTID":29794,"Join_Count":1,"TARGET_FID":145688,"PIDN":"X57999923300060","STATE_CD":"A1","CombineADD":"12525 MONTANA AVE","Type":"Residential","State_Code":"A1","Living_Are":"1834","Value":50,"Value_Sq_F":0.027262813522399999,"Descriptio":"MAIN AREA","Class_CD":"R2","Class_Desc":"Residential, Fair Quality","Class_De_1":"Residential","Building_M":" ","Condition":"Fair","Exterior_W":"%","Year_Built":1991,"Sq_Footage":"1450","BUILD_ID":29286539,"OCC_CLS":"Unclassified","PRIM_OCC":"Unclassified","SEC_OCC":" ","PROP_ADDR":" ","PROP_CITY":" ","PROP_ST":"Texas","PROP_ZIP":" ","OUTBLDG":" ","HEIGHT":3,"SQMETERS":333.843994,"SQFEET":3593.45996,"H_ADJ_ELEV":0,"L_ADJ_ELEV":0,"FIPS":"48141","CENSUSCODE":"48141010358","PROD_DATE":1414800000000,"SOURCE":"NGA","USNG":"13R CR 81573 20084","LONGITUDE":-106.25117143600001,"LATITUDE":31.810240500799999,"IMAGE_NAME":"Li270-El Paso","IMAGE_DATE":1414800000000,"VAL_METHOD":"Unverified","REMARKS":" ","UUID":"{97b84986-c266-4be6-b623-bd5afa5ca134}","Shape_Leng":0.0011081784717800001,"Shape_Area":3.1796921312299997e-08,"HEIGHT_FT":9.8425200000000004,"Shape_Length":386.89857105357254}},{"type":"Feature","id":29795,"geometry":{"type":"Polygon","coordinates":[[[-106.24876341803366,31.811986164139917],[-106.24920761024478,31.81198317910378],[-106.24920592600017,31.811758636409181],[-106.24875979920952,31.811766488837257],[-106.24876341803366,31.811986164139917]]]},"properties":{"OBJECTID":29795,"Join_Count":1,"TARGET_FID":145689,"PIDN":"X57999923400255","STATE_CD":"F1","CombineADD":"12651 MONTANA AVE","Type":"Commercial","State_Code":"F1","Living_Are":"87000","Value":837125,"Value_Sq_F":9.6221264367800003,"Descriptio":"MAIN AREA","Class_CD":"ISCA","Class_Desc":"Storage Warehouse; Masonry; Average","Class_De_1":"Storage Warehouse","Building_M":"Masonry","Condition":"Average","Exterior_W":"817","Year_Built":1990,"Sq_Footage":"62400","BUILD_ID":29287172,"OCC_CLS":"Commercial","PRIM_OCC":"Retail Trade","SEC_OCC":" ","PROP_ADDR":" ","PROP_CITY":" ","PROP_ST":"Texas","PROP_ZIP":" ","OUTBLDG":" ","HEIGHT":7.32000017,"SQMETERS":974.786987,"SQFEET":10492.5,"H_ADJ_ELEV":0,"L_ADJ_ELEV":0,"FIPS":"48141","CENSUSCODE":"48141010358","PROD_DATE":1414800000000,"SOURCE":"NGA","USNG":"13R CR 81783 20260","LONGITUDE":-106.248974999,"LATITUDE":31.8118534615,"IMAGE_NAME":"Li270-El Paso","IMAGE_DATE":1414800000000,"VAL_METHOD":"Unverified","REMARKS":" ","UUID":"{18918719-81cd-4995-acb1-566734e89e77}","Shape_Leng":0.00129778740529,"Shape_Area":9.2845058773700005e-08,"HEIGHT_FT":24.015749363200001,"Shape_Length":438.21281171891411}},{"type":"Feature","id":29796,"geometry":{"type":"Polygon","coordinates":[[[-106.24953737507664,31.811581079605059],[-106.24961239592433,31.811581493226818],[-106.24960978523019,31.81137802040865],[-106.24953476459942,31.811377607685948],[-106.24953737507664,31.811581079605059]]]},"properties":{"OBJECTID":29796,"Join_Count":1,"TARGET_FID":145690,"PIDN":"X57999923400255","STATE_CD":"F1","CombineADD":"12651 MONTANA AVE","Type":"Commercial","State_Code":"F1","Living_Are":"87000","Value":837125,"Value_Sq_F":9.6221264367800003,"Descriptio":"MAIN AREA","Class_CD":"ISCA","Class_Desc":"Storage Warehouse; Masonry; Average","Class_De_1":"Storage Warehouse","Building_M":"Masonry","Condition":"Average","Exterior_W":"817","Year_Built":1990,"Sq_Footage":"62400","BUILD_ID":29287023,"OCC_CLS":"Commercial","PRIM_OCC":"Retail Trade","SEC_OCC":" ","PROP_ADDR":" ","PROP_CITY":" ","PROP_ST":"Texas","PROP_ZIP":" ","OUTBLDG":" ","HEIGHT":4.03999996,"SQMETERS":137.570007,"SQFEET":1480.79004,"H_ADJ_ELEV":0,"L_ADJ_ELEV":0,"FIPS":"48141","CENSUSCODE":"48141010358","PROD_DATE":1414800000000,"SOURCE":"NGA","USNG":"13R CR 81726 20218","LONGITUDE":-106.24957193100001,"LATITUDE":31.8114649165,"IMAGE_NAME":"Li270-El Paso","IMAGE_DATE":1414800000000,"VAL_METHOD":"Unverified","REMARKS":" ","UUID":"{99e1970f-457c-44fa-a920-c2fa8de26c3c}","Shape_Leng":0.00052608854920399995,"Shape_Area":1.3103041510500001e-08,"HEIGHT_FT":13.2545934748,"Shape_Length":194.65899947185636}},{"type":"Feature","id":29797,"geometry":{"type":"Polygon","coordinates":[[[-106.24987279095019,31.811449221134403],[-106.24994105521746,31.811448985290237],[-106.24993782113116,31.811361197056812],[-106.24987190736627,31.811363237095055],[-106.24987279095019,31.811449221134403]]]},"properties":{"OBJECTID":29797,"Join_Count":1,"TARGET_FID":145691,"PIDN":"X57999923400255","STATE_CD":"F1","CombineADD":"12651 MONTANA AVE","Type":"Commercial","State_Code":"F1","Living_Are":"87000","Value":837125,"Value_Sq_F":9.6221264367800003,"Descriptio":"MAIN AREA","Class_CD":"ISCA","Class_Desc":"Storage Warehouse; Masonry; Average","Class_De_1":"Storage Warehouse","Building_M":"Masonry","Condition":"Average","Exterior_W":"817","Year_Built":1990,"Sq_Footage":"62400","BUILD_ID":29286964,"OCC_CLS":"Commercial","PRIM_OCC":"Retail Trade","SEC_OCC":" ","PROP_ADDR":" ","PROP_CITY":" ","PROP_ST":"Texas","PROP_ZIP":" ","OUTBLDG":" ","HEIGHT":3.6099999,"SQMETERS":48.4752998,"SQFEET":521.78302,"H_ADJ_ELEV":0,"L_ADJ_ELEV":0,"FIPS":"48141","CENSUSCODE":"48141010358","PROD_DATE":1414800000000,"SOURCE":"NGA","USNG":"13R CR 81694 20210","LONGITUDE":-106.24990339199999,"LATITUDE":31.8113952864,"IMAGE_NAME":"Li270-El Paso","IMAGE_DATE":1414800000000,"VAL_METHOD":"Unverified","REMARKS":" ","UUID":"{b8abb7b5-7537-4fad-a8ef-bb67a406589e}","Shape_Leng":0.00028218886635299998,"Shape_Area":4.6170764689100003e-09,"HEIGHT_FT":11.8438320558,"Shape_Length":104.9276219672346}},{"type":"Feature","id":29798,"geometry":{"type":"Polygon","coordinates":[[[-106.24909865821796,31.811178069159158],[-106.2499328119751,31.811173126124693],[-106.24992957969783,31.810340270397489],[-106.24985731969736,31.810339254634354],[-106.2498588657531,31.810283268139255],[-106.24908508135,31.810286900291246],[-106.24909865821796,31.811178069159158]]]},"properties":{"OBJECTID":29798,"Join_Count":1,"TARGET_FID":145692,"PIDN":"X57999923400255","STATE_CD":"F1","CombineADD":"12651 MONTANA AVE","Type":"Commercial","State_Code":"F1","Living_Are":"87000","Value":837125,"Value_Sq_F":9.6221264367800003,"Descriptio":"MAIN AREA","Class_CD":"ISCA","Class_Desc":"Storage Warehouse; Masonry; Average","Class_De_1":"Storage Warehouse","Building_M":"Masonry","Condition":"Average","Exterior_W":"817","Year_Built":1990,"Sq_Footage":"62400","BUILD_ID":29286819,"OCC_CLS":"Commercial","PRIM_OCC":"Retail Trade","SEC_OCC":" ","PROP_ADDR":" ","PROP_CITY":" ","PROP_ST":"Texas","PROP_ZIP":" ","OUTBLDG":" ","HEIGHT":7.82000017,"SQMETERS":7879.22021,"SQFEET":84811.1016,"H_ADJ_ELEV":0,"L_ADJ_ELEV":0,"FIPS":"48141","CENSUSCODE":"48141010358","PROD_DATE":1414800000000,"SOURCE":"NGA","USNG":"13R CR 81732 20135","LONGITUDE":-106.249493171,"LATITUDE":31.8107207583,"IMAGE_NAME":"Li270-El Paso","IMAGE_DATE":1414800000000,"VAL_METHOD":"Unverified","REMARKS":" ","UUID":"{6db35d96-bb00-4e42-9324-43320c8f13fa}","Shape_Leng":0.0036401068177899999,"Shape_Area":7.5045932084199996e-07,"HEIGHT_FT":25.6561693632,"Shape_Length":1169.5322786234874}},{"type":"Feature","id":29839,"geometry":{"type":"Polygon","coordinates":[[[-106.24248436630982,31.813097334006326],[-106.24245800401202,31.813104666831087],[-106.24243353240037,31.813115798203512],[-106.24241169715528,31.813130389008876],[-106.24239316023836,31.813147995557241],[-106.24237848485751,31.813168082909961],[-106.24236811854681,31.813190041904111],[-106.24236237502339,31.813213203522945],[-106.24236142843054,31.813236865348188],[-106.24236530801855,31.813260308057885],[-106.24237389543946,31.813282819933988],[-106.24238693119756,31.813303715534961],[-106.24240401732992,31.813322361766019],[-106.24242463617652,31.813338190573262],[-106.24244816127413,31.813350721028282],[-106.24247387623919,31.813359573824258],[-106.24250100163943,31.813364478184397],[-106.24252871176785,31.813365286453632],[-106.24255616528455,31.813361973611173],[-106.24258252864477,31.813354639818836],[-106.2426069993019,31.813343509367975],[-106.24262883456599,31.813328918531155],[-106.24264737147453,31.813311311950539],[-106.24266204682067,31.813291224568644],[-106.24267241307444,31.813269265552041],[-106.24267815758036,31.813246103872174],[-106.24267910409434,31.813222442044722],[-106.24267522437442,31.813198998443376],[-106.24266663589107,31.813176487534925],[-106.24265360008889,31.813155591960836],[-106.24263651393751,31.8131369457613],[-106.24261589509932,31.813121116986238],[-106.24259237003643,31.813108586560336],[-106.24256665512827,31.813099733786871],[-106.24253952980027,31.813094829439923],[-106.24251181975063,31.813094021172834],[-106.24248436630982,31.813097334006326]]]},"properties":{"OBJECTID":29839,"Join_Count":1,"TARGET_FID":152654,"PIDN":"T82099900606600","STATE_CD":"XV-R","CombineADD":" ","Type":" ","State_Code":" ","Living_Are":" ","Value":0,"Value_Sq_F":0,"Descriptio":" ","Class_CD":" ","Class_Desc":" ","Class_De_1":" ","Building_M":" ","Condition":" ","Exterior_W":" ","Year_Built":0,"Sq_Footage":" ","BUILD_ID":29287692,"OCC_CLS":"Unclassified","PRIM_OCC":"Unclassified","SEC_OCC":" ","PROP_ADDR":" ","PROP_CITY":" ","PROP_ST":"Texas","PROP_ZIP":" ","OUTBLDG":" ","HEIGHT":36.9099998,"SQMETERS":723.632996,"SQFEET":7789.10986,"H_ADJ_ELEV":0,"L_ADJ_ELEV":0,"FIPS":"48141","CENSUSCODE":"48141010358","PROD_DATE":1414800000000,"SOURCE":"NGA","USNG":"13R CR 82391 20406","LONGITUDE":-106.24256501000001,"LATITUDE":31.813235278099999,"IMAGE_NAME":"Li270-El Paso","IMAGE_DATE":1414800000000,"VAL_METHOD":"Unverified","REMARKS":" ","UUID":"{0abdd690-9310-4316-bb40-9779f8467ffa}","Shape_Leng":0.00093620435053800004,"Shape_Area":6.8924523486399995e-08,"HEIGHT_FT":121.095803899,"Shape_Length":310.06266017354073}},{"type":"Feature","id":29941,"geometry":{"type":"Polygon","coordinates":[[[-106.26601920222602,31.761059960318473],[-106.26613546003331,31.761058481814501],[-106.26613414983382,31.761037512248159],[-106.26617660134217,31.761036531561953],[-106.26617775630477,31.760947584732644],[-106.26610171867227,31.760948185291035],[-106.2661009445096,31.76093579483792],[-106.26605179963812,31.760937080784554],[-106.26605133945506,31.76094761553281],[-106.26595070014309,31.760948382527868],[-106.26595653615664,31.761041790050065],[-106.26601789210842,31.761038991651578],[-106.26601920222602,31.761059960318473]]]},"properties":{"OBJECTID":29941,"Join_Count":1,"TARGET_FID":159484,"PIDN":"M77099900100900","STATE_CD":"F1","CombineADD":"12205 MONTWOOD DR","Type":"Commercial","State_Code":"F1","Living_Are":"2525","Value":507555,"Value_Sq_F":201.01188118799999,"Descriptio":"MAIN AREA","Class_CD":"EFDG","Class_Desc":"Fast Food Restaurant; Frame; Good","Class_De_1":"Fast Food Restaurant","Building_M":"Frame","Condition":"Good","Exterior_W":"921","Year_Built":2006,"Sq_Footage":"2525","BUILD_ID":29397289,"OCC_CLS":"Commercial","PRIM_OCC":"Entertainment and Recreation","SEC_OCC":" ","PROP_ADDR":"12207 MONTWOOD DRIVE WESTBOUND","PROP_CITY":"EL PASO","PROP_ST":"Texas","PROP_ZIP":"79938","OUTBLDG":" ","HEIGHT":4.01999998,"SQMETERS":236.121002,"SQFEET":2541.58008,"H_ADJ_ELEV":0,"L_ADJ_ELEV":0,"FIPS":"48141","CENSUSCODE":"48141010366","PROD_DATE":1414800000000,"SOURCE":"NGA","USNG":"13R CR 80101 14640","LONGITUDE":-106.266046727,"LATITUDE":31.760980951699999,"IMAGE_NAME":"Li270-El Paso","IMAGE_DATE":1414800000000,"VAL_METHOD":"Unverified","REMARKS":" ","UUID":"{16212fa6-3f69-4bbd-af26-6cf8fcdb8110}","Shape_Leng":0.00065557182659400004,"Shape_Area":2.24775741507e-08,"HEIGHT_FT":13.188976737400001,"Shape_Length":228.64388582361963}},{"type":"Feature","id":29942,"geometry":{"type":"Polygon","coordinates":[[[-106.26664216567183,31.761236098549279],[-106.26654017969193,31.761242183842111],[-106.26653747858063,31.761574944132427],[-106.26690642346198,31.761571019287317],[-106.26690327186829,31.761493739102203],[-106.26693004564342,31.761492517784937],[-106.26692393959347,31.761260523555446],[-106.26686039207034,31.761210372146731],[-106.2666424984177,31.761214576267548],[-106.26664216567183,31.761236098549279]]]},"properties":{"OBJECTID":29942,"Join_Count":1,"TARGET_FID":159485,"PIDN":"M77099900100100","STATE_CD":"F1","CombineADD":"12201 MONTWOOD DR","Type":" ","State_Code":" ","Living_Are":" ","Value":0,"Value_Sq_F":0,"Descriptio":" ","Class_CD":" ","Class_Desc":" ","Class_De_1":" ","Building_M":" ","Condition":" ","Exterior_W":" ","Year_Built":0,"Sq_Footage":" ","BUILD_ID":29398542,"OCC_CLS":"Commercial","PRIM_OCC":"Retail Trade","SEC_OCC":" ","PROP_ADDR":"12201 MONTWOOD DRIVE WESTBOUND","PROP_CITY":"EL PASO","PROP_ST":"Texas","PROP_ZIP":"79938","OUTBLDG":" ","HEIGHT":5.92000008,"SQMETERS":1430.78003,"SQFEET":15400.7002,"H_ADJ_ELEV":0,"L_ADJ_ELEV":0,"FIPS":"48141","CENSUSCODE":"48141010366","PROD_DATE":1414800000000,"SOURCE":"NGA","USNG":"13R CR 80039 14687","LONGITUDE":-106.266711564,"LATITUDE":31.761398133,"IMAGE_NAME":"Li270-El Paso","IMAGE_DATE":1414800000000,"VAL_METHOD":"Unverified","REMARKS":" ","UUID":"{7c498ca4-cc69-402e-b01d-8ee850e15da7}","Shape_Leng":0.0015112997437,"Shape_Area":1.3620362190200001e-07,"HEIGHT_FT":19.422573050299999,"Shape_Length":490.84395141100697}},{"type":"Feature","id":29943,"geometry":{"type":"Polygon","coordinates":[[[-106.26524855239234,31.761438736289943],[-106.26536921303725,31.761436101255097],[-106.26537135667179,31.761470414115696],[-106.26558097397968,31.761468022926678],[-106.2655803142157,31.761215708436691],[-106.26551505275826,31.761218684735677],[-106.26551594595904,31.761232981761164],[-106.2652441464279,31.76123390682713],[-106.26524855239234,31.761438736289943]]]},"properties":{"OBJECTID":29943,"Join_Count":1,"TARGET_FID":159486,"PIDN":"M77099900101000","STATE_CD":"F1","CombineADD":"12217 MONTWOOD DR","Type":"Commercial","State_Code":"F1","Living_Are":"9198","Value":486450,"Value_Sq_F":52.8864970646,"Descriptio":"MAIN AREA","Class_CD":"MXDA","Class_Desc":" ","Class_De_1":"Strip Store","Building_M":"Frame","Condition":"Average","Exterior_W":"892","Year_Built":2007,"Sq_Footage":"9198","BUILD_ID":29398272,"OCC_CLS":"Commercial","PRIM_OCC":"Retail Trade","SEC_OCC":" ","PROP_ADDR":"12211 MONTWOOD DRIVE WESTBOUND","PROP_CITY":"EL PASO","PROP_ST":"Texas","PROP_ZIP":"79938","OUTBLDG":" ","HEIGHT":4.36000013,"SQMETERS":781.687012,"SQFEET":8414,"H_ADJ_ELEV":0,"L_ADJ_ELEV":0,"FIPS":"48141","CENSUSCODE":"48141010366","PROD_DATE":1414800000000,"SOURCE":"NGA","USNG":"13R CR 80155 14679","LONGITUDE":-106.265405567,"LATITUDE":31.761335990799999,"IMAGE_NAME":"Li270-El Paso","IMAGE_DATE":1414800000000,"VAL_METHOD":"Unverified","REMARKS":" ","UUID":"{59af970c-6868-4388-b203-170f40219efe}","Shape_Leng":0.0014449429881899999,"Shape_Area":7.4413119297800003e-08,"HEIGHT_FT":14.304462837999999,"Shape_Length":391.4804974599889}},{"type":"Feature","id":29944,"geometry":{"type":"Polygon","coordinates":[[[-106.26546532463681,31.763305247518179],[-106.26561894961188,31.763427282144711],[-106.2663450757864,31.762747530824061],[-106.26619180830399,31.762631215827209],[-106.26546532463681,31.763305247518179]]]},"properties":{"OBJECTID":29944,"Join_Count":1,"TARGET_FID":159487,"PIDN":"M77099900100300","STATE_CD":"F1","CombineADD":"1920 ZARAGOZA RD","Type":"Commercial","State_Code":"F1","Living_Are":"19800","Value":858782,"Value_Sq_F":43.3728282828,"Descriptio":"MAIN AREA","Class_CD":"MXCA","Class_Desc":" ","Class_De_1":"Strip Store","Building_M":"Masonry","Condition":"Average","Exterior_W":"849","Year_Built":2006,"Sq_Footage":"19800","BUILD_ID":29402344,"OCC_CLS":"Education","PRIM_OCC":"Colleges/Universities","SEC_OCC":" ","PROP_ADDR":"1920 NORTH ZARAGOZA ROAD","PROP_CITY":"EL PASO","PROP_ST":"Texas","PROP_ZIP":"79938","OUTBLDG":" ","HEIGHT":5.13999987,"SQMETERS":1986.10999,"SQFEET":21378.3008,"H_ADJ_ELEV":0,"L_ADJ_ELEV":0,"FIPS":"48141","CENSUSCODE":"48141010366","PROD_DATE":1414800000000,"SOURCE":"NGA","USNG":"13R CR 80118 14866","LONGITUDE":-106.265893994,"LATITUDE":31.763020510099999,"IMAGE_NAME":"Li270-El Paso","IMAGE_DATE":1414800000000,"VAL_METHOD":"Unverified","REMARKS":" ","UUID":"{37306f21-5de9-4cd7-b9c0-60bf2e3a52ba}","Shape_Leng":0.0023392242152599999,"Shape_Area":1.8907278648600001e-07,"HEIGHT_FT":16.863517162000001,"Shape_Length":797.01350099312549}},{"type":"Feature","id":29945,"geometry":{"type":"Polygon","coordinates":[[[-106.266111923073,31.764610128215825],[-106.2664090036991,31.764369085618821],[-106.26637902932426,31.764336997723163],[-106.26639287672116,31.76432585148369],[-106.26635726444002,31.764293065183494],[-106.26640309217682,31.7642565643518],[-106.26633879952821,31.764194498679942],[-106.26629496515405,31.764227085474136],[-106.26625730004828,31.764197260327759],[-106.26624462744623,31.7642093085204],[-106.26620813820874,31.764180385278472],[-106.26590183366105,31.764417069467061],[-106.2659183458273,31.764430654142519],[-106.26587680230372,31.764464091851188],[-106.26601960849233,31.764600956309309],[-106.26606226833871,31.764567467643985],[-106.266111923073,31.764610128215825]]]},"properties":{"OBJECTID":29945,"Join_Count":1,"TARGET_FID":159488,"PIDN":"E350999001B0400","STATE_CD":"F1","CombineADD":"1921 ZARAGOZA RD","Type":"Commercial","State_Code":"F1","Living_Are":"11046","Value":712832,"Value_Sq_F":64.533043635699997,"Descriptio":"MAIN AREA","Class_CD":"ERDG","Class_Desc":"Restaurant; Frame; Good","Class_De_1":"Restaurant","Building_M":"Frame","Condition":"Good","Exterior_W":"892","Year_Built":2011,"Sq_Footage":"11046","BUILD_ID":29404808,"OCC_CLS":"Commercial","PRIM_OCC":"Entertainment and Recreation","SEC_OCC":" ","PROP_ADDR":" ","PROP_CITY":" ","PROP_ST":"Texas","PROP_ZIP":" ","OUTBLDG":" ","HEIGHT":5.67000008,"SQMETERS":1210.62,"SQFEET":13031,"H_ADJ_ELEV":0,"L_ADJ_ELEV":0,"FIPS":"48141","CENSUSCODE":"48141010329","PROD_DATE":1414800000000,"SOURCE":"NGA","USNG":"13R CR 80096 15018","LONGITUDE":-106.26614902,"LATITUDE":31.764394546399998,"IMAGE_NAME":"Li270-El Paso","IMAGE_DATE":1414800000000,"VAL_METHOD":"Unverified","REMARKS":" ","UUID":"{453c10f4-5c8e-4907-b50e-9b73baac3fc4}","Shape_Leng":0.0015659261894800001,"Shape_Area":1.15249600137e-07,"HEIGHT_FT":18.602363050299999,"Shape_Length":529.27106012421723}},{"type":"Feature","id":29946,"geometry":{"type":"Polygon","coordinates":[[[-106.26487525299109,31.766871413163354],[-106.26496574244321,31.766940887636103],[-106.26509141782415,31.766821410713998],[-106.26500216384221,31.766753791988183],[-106.26487525299109,31.766871413163354]]]},"properties":{"OBJECTID":29946,"Join_Count":1,"TARGET_FID":159489,"PIDN":"E12599900100100","STATE_CD":"XV-C","CombineADD":"2015 ZARAGOZA RD","Type":"Commercial","State_Code":"XV-C","Living_Are":"1333","Value":0,"Value_Sq_F":0,"Descriptio":"MAIN AREA","Class_CD":"R3","Class_Desc":"Residential, Average Quality","Class_De_1":"Residential","Building_M":" ","Condition":"Average","Exterior_W":"STU","Year_Built":0,"Sq_Footage":"1333","BUILD_ID":29409480,"OCC_CLS":"Commercial","PRIM_OCC":"Medical Office/Clinic","SEC_OCC":" ","PROP_ADDR":"2015 NORTH ZARAGOZA ROAD","PROP_CITY":"EL PASO","PROP_ST":"Texas","PROP_ZIP":"79938","OUTBLDG":" ","HEIGHT":3.13000011,"SQMETERS":153.996994,"SQFEET":1657.60999,"H_ADJ_ELEV":0,"L_ADJ_ELEV":0,"FIPS":"48141","CENSUSCODE":"48141010329","PROD_DATE":1414800000000,"SOURCE":"NGA","USNG":"13R CR 80210 15289","LONGITUDE":-106.264971407,"LATITUDE":31.766847331800001,"IMAGE_NAME":"Li270-El Paso","IMAGE_DATE":1414800000000,"VAL_METHOD":"Unverified","REMARKS":" ","UUID":"{3adfd136-06ef-4a5c-8e1f-2a22401e3449}","Shape_Leng":0.00050068591686700003,"Shape_Area":1.46607085534e-08,"HEIGHT_FT":10.269029575499999,"Shape_Length":191.51364456697044}},{"type":"Feature","id":29947,"geometry":{"type":"Polygon","coordinates":[[[-106.26508629471617,31.767008034758547],[-106.26518961347767,31.766906782460126],[-106.26510394342658,31.766842824367206],[-106.26498213580543,31.766952565850396],[-106.26503390382177,31.766993218468052],[-106.2650381278651,31.766989202763856],[-106.26505452124456,31.767000880968869],[-106.26506396656168,31.766990892088288],[-106.26508629471617,31.767008034758547]]]},"properties":{"OBJECTID":29947,"Join_Count":1,"TARGET_FID":159490,"PIDN":"E12599900100100","STATE_CD":"XV-C","CombineADD":"2015 ZARAGOZA RD","Type":"Commercial","State_Code":"XV-C","Living_Are":"1333","Value":0,"Value_Sq_F":0,"Descriptio":"MAIN AREA","Class_CD":"R3","Class_Desc":"Residential, Average Quality","Class_De_1":"Residential","Building_M":" ","Condition":"Average","Exterior_W":"STU","Year_Built":0,"Sq_Footage":"1333","BUILD_ID":29409639,"OCC_CLS":"Commercial","PRIM_OCC":"Medical Office/Clinic","SEC_OCC":" ","PROP_ADDR":"2015 NORTH ZARAGOZA ROAD","PROP_CITY":"EL PASO","PROP_ST":"Texas","PROP_ZIP":"79938","OUTBLDG":" ","HEIGHT":3.73000002,"SQMETERS":143.501999,"SQFEET":1544.64001,"H_ADJ_ELEV":0,"L_ADJ_ELEV":0,"FIPS":"48141","CENSUSCODE":"48141010329","PROD_DATE":1414800000000,"SOURCE":"NGA","USNG":"13R CR 80200 15298","LONGITUDE":-106.265078452,"LATITUDE":31.766926916500001,"IMAGE_NAME":"Li270-El Paso","IMAGE_DATE":1414800000000,"VAL_METHOD":"Unverified","REMARKS":" ","UUID":"{eace1124-db23-4aac-aaca-42c7ebbf1c79}","Shape_Leng":0.00047528660923299999,"Shape_Area":1.36615539898e-08,"HEIGHT_FT":12.2375332626,"Shape_Length":183.69174182966589}},{"type":"Feature","id":29948,"geometry":{"type":"Polygon","coordinates":[[[-106.26500323942155,31.767521688592623],[-106.26509133415638,31.767588643079097],[-106.26521573470593,31.767471136227751],[-106.26517324914263,31.767435795486293],[-106.26518825360544,31.767420773561568],[-106.26513925285082,31.767388597446573],[-106.26500323942155,31.767521688592623]]]},"properties":{"OBJECTID":29948,"Join_Count":1,"TARGET_FID":159491,"PIDN":"E12599900100100","STATE_CD":"XV-C","CombineADD":"2015 ZARAGOZA RD","Type":"Commercial","State_Code":"XV-C","Living_Are":"1333","Value":0,"Value_Sq_F":0,"Descriptio":"MAIN AREA","Class_CD":"R3","Class_Desc":"Residential, Average Quality","Class_De_1":"Residential","Building_M":" ","Condition":"Average","Exterior_W":"STU","Year_Built":0,"Sq_Footage":"1333","BUILD_ID":29410867,"OCC_CLS":"Commercial","PRIM_OCC":"Medical Office/Clinic","SEC_OCC":" ","PROP_ADDR":"2015 NORTH ZARAGOZA ROAD","PROP_CITY":"EL PASO","PROP_ST":"Texas","PROP_ZIP":"79938","OUTBLDG":" ","HEIGHT":3.68000007,"SQMETERS":165.966995,"SQFEET":1786.45996,"H_ADJ_ELEV":0,"L_ADJ_ELEV":0,"FIPS":"48141","CENSUSCODE":"48141010329","PROD_DATE":1414800000000,"SOURCE":"NGA","USNG":"13R CR 80199 15360","LONGITUDE":-106.265098994,"LATITUDE":31.767491099899999,"IMAGE_NAME":"Li270-El Paso","IMAGE_DATE":1414800000000,"VAL_METHOD":"Unverified","REMARKS":" ","UUID":"{89937446-6822-40b2-b99b-3497e5e91d90}","Shape_Leng":0.00051959784741500005,"Shape_Area":1.5800368727900001e-08,"HEIGHT_FT":12.073491419,"Shape_Length":203.3738090739609}},{"type":"Feature","id":29949,"geometry":{"type":"Polygon","coordinates":[[[-106.26511429459819,31.767606952704082],[-106.26520265853689,31.767678196612845],[-106.26532120107737,31.767560955885617],[-106.26523138859046,31.767493362765684],[-106.26511429459819,31.767606952704082]]]},"properties":{"OBJECTID":29949,"Join_Count":1,"TARGET_FID":159492,"PIDN":"E12599900100100","STATE_CD":"XV-C","CombineADD":"2015 ZARAGOZA RD","Type":"Commercial","State_Code":"XV-C","Living_Are":"1333","Value":0,"Value_Sq_F":0,"Descriptio":"MAIN AREA","Class_CD":"R3","Class_Desc":"Residential, Average Quality","Class_De_1":"Residential","Building_M":" ","Condition":"Average","Exterior_W":"STU","Year_Built":0,"Sq_Footage":"1333","BUILD_ID":29411083,"OCC_CLS":"Commercial","PRIM_OCC":"Medical Office/Clinic","SEC_OCC":" ","PROP_ADDR":"2015 NORTH ZARAGOZA ROAD","PROP_CITY":"EL PASO","PROP_ST":"Texas","PROP_ZIP":"79938","OUTBLDG":" ","HEIGHT":2.92000008,"SQMETERS":171.645004,"SQFEET":1847.56995,"H_ADJ_ELEV":0,"L_ADJ_ELEV":0,"FIPS":"48141","CENSUSCODE":"48141010329","PROD_DATE":1414800000000,"SOURCE":"NGA","USNG":"13R CR 80189 15370","LONGITUDE":-106.265210017,"LATITUDE":31.767578402400002,"IMAGE_NAME":"Li270-El Paso","IMAGE_DATE":1414800000000,"VAL_METHOD":"Unverified","REMARKS":" ","UUID":"{d5449635-ac6a-43ec-aeb5-cbeaa0226afa}","Shape_Leng":0.00052611062105499995,"Shape_Area":1.63408966524e-08,"HEIGHT_FT":9.5800530503099992,"Shape_Length":186.37907539983314}},{"type":"Feature","id":29950,"geometry":{"type":"Polygon","coordinates":[[[-106.2657300528635,31.767537293265153],[-106.26581757914661,31.767608574977086],[-106.26586360901157,31.767566330155883],[-106.26587281282596,31.767565910415222],[-106.2658893125309,31.767547952670128],[-106.26588895520435,31.767542233875012],[-106.26594286050171,31.767491744335565],[-106.26585458653854,31.767421930124371],[-106.2657300528635,31.767537293265153]]]},"properties":{"OBJECTID":29950,"Join_Count":1,"TARGET_FID":159493,"PIDN":"E12599900100100","STATE_CD":"XV-C","CombineADD":"2015 ZARAGOZA RD","Type":"Commercial","State_Code":"XV-C","Living_Are":"1333","Value":0,"Value_Sq_F":0,"Descriptio":"MAIN AREA","Class_CD":"R3","Class_Desc":"Residential, Average Quality","Class_De_1":"Residential","Building_M":" ","Condition":"Average","Exterior_W":"STU","Year_Built":0,"Sq_Footage":"1333","BUILD_ID":29410914,"OCC_CLS":"Commercial","PRIM_OCC":"Medical Office/Clinic","SEC_OCC":" ","PROP_ADDR":" ","PROP_CITY":" ","PROP_ST":"Texas","PROP_ZIP":" ","OUTBLDG":" ","HEIGHT":3.57999992,"SQMETERS":158.533997,"SQFEET":1706.43994,"H_ADJ_ELEV":0,"L_ADJ_ELEV":0,"FIPS":"48141","CENSUSCODE":"48141010329","PROD_DATE":1414800000000,"SOURCE":"NGA","USNG":"13R CR 80131 15364","LONGITUDE":-106.265823541,"LATITUDE":31.767514463200001,"IMAGE_NAME":"Li270-El Paso","IMAGE_DATE":1414800000000,"VAL_METHOD":"Unverified","REMARKS":" ","UUID":"{98baad94-97b1-4c89-9d13-83e142811766}","Shape_Leng":0.00050594502742399997,"Shape_Area":1.5092663718100001e-08,"HEIGHT_FT":11.7454069497,"Shape_Length":191.16320405991564}},{"type":"Feature","id":29951,"geometry":{"type":"Polygon","coordinates":[[[-106.26594104129053,31.767677500651171],[-106.2660456389755,31.767578818475901],[-106.26595661721927,31.76751047265773],[-106.26583692582673,31.76762274751577],[-106.26588721056736,31.767662033237077],[-106.265892710123,31.767656047337919],[-106.26590778358023,31.767668981426802],[-106.26591807967448,31.767659192121151],[-106.26594104129053,31.767677500651171]]]},"properties":{"OBJECTID":29951,"Join_Count":1,"TARGET_FID":159494,"PIDN":"E12599900100100","STATE_CD":"XV-C","CombineADD":"2015 ZARAGOZA RD","Type":"Commercial","State_Code":"XV-C","Living_Are":"1333","Value":0,"Value_Sq_F":0,"Descriptio":"MAIN AREA","Class_CD":"R3","Class_Desc":"Residential, Average Quality","Class_De_1":"Residential","Building_M":" ","Condition":"Average","Exterior_W":"STU","Year_Built":0,"Sq_Footage":"1333","BUILD_ID":29411136,"OCC_CLS":"Commercial","PRIM_OCC":"Medical Office/Clinic","SEC_OCC":" ","PROP_ADDR":" ","PROP_CITY":" ","PROP_ST":"Texas","PROP_ZIP":" ","OUTBLDG":" ","HEIGHT":3.6500001,"SQMETERS":141.770996,"SQFEET":1526.01001,"H_ADJ_ELEV":0,"L_ADJ_ELEV":0,"FIPS":"48141","CENSUSCODE":"48141010329","PROD_DATE":1414800000000,"SOURCE":"NGA","USNG":"13R CR 80120 15373","LONGITUDE":-106.26593345400001,"LATITUDE":31.767596454100001,"IMAGE_NAME":"Li270-El Paso","IMAGE_DATE":1414800000000,"VAL_METHOD":"Unverified","REMARKS":" ","UUID":"{18e80e28-6eba-444f-b894-807ce108d455}","Shape_Leng":0.00047608658013900001,"Shape_Area":1.34968643382e-08,"HEIGHT_FT":11.975066312899999,"Shape_Length":186.00403239769634}},{"type":"Feature","id":29952,"geometry":{"type":"Polygon","coordinates":[[[-106.26369833274029,31.767835439444934],[-106.26378656083932,31.76790454003147],[-106.26391100802449,31.767787748615742],[-106.26382194299956,31.767718687169207],[-106.26369833274029,31.767835439444934]]]},"properties":{"OBJECTID":29952,"Join_Count":1,"TARGET_FID":159495,"PIDN":"E12599900100100","STATE_CD":"XV-C","CombineADD":"2015 ZARAGOZA RD","Type":"Commercial","State_Code":"XV-C","Living_Are":"1333","Value":0,"Value_Sq_F":0,"Descriptio":"MAIN AREA","Class_CD":"R3","Class_Desc":"Residential, Average Quality","Class_De_1":"Residential","Building_M":" ","Condition":"Average","Exterior_W":"STU","Year_Built":0,"Sq_Footage":"1333","BUILD_ID":29411542,"OCC_CLS":"Commercial","PRIM_OCC":"Medical Office/Clinic","SEC_OCC":" ","PROP_ADDR":"2015 NORTH ZARAGOZA ROAD","PROP_CITY":"EL PASO","PROP_ST":"Texas","PROP_ZIP":"79938","OUTBLDG":" ","HEIGHT":3.73000002,"SQMETERS":154.561005,"SQFEET":1663.68005,"H_ADJ_ELEV":0,"L_ADJ_ELEV":0,"FIPS":"48141","CENSUSCODE":"48141010329","PROD_DATE":1414800000000,"SOURCE":"NGA","USNG":"13R CR 80323 15394","LONGITUDE":-106.263791434,"LATITUDE":31.767809807999999,"IMAGE_NAME":"Li270-El Paso","IMAGE_DATE":1414800000000,"VAL_METHOD":"Unverified","REMARKS":" ","UUID":"{e5a804e1-571a-4d00-ab35-69cadbef24e4}","Shape_Leng":0.00049897880222899999,"Shape_Area":1.4714556397900001e-08,"HEIGHT_FT":12.2375332626,"Shape_Length":189.301984130622}},{"type":"Feature","id":29953,"geometry":{"type":"Polygon","coordinates":[[[-106.2638080600254,31.767912879644012],[-106.26389805155485,31.767983333086423],[-106.26401770102609,31.76787034495138],[-106.26396741694805,31.767831058511298],[-106.26396103559449,31.767836367412723],[-106.26394777037373,31.767825502006634],[-106.26393901301037,31.767833069660675],[-106.26391777040941,31.767815399536261],[-106.2638080600254,31.767912879644012]]]},"properties":{"OBJECTID":29953,"Join_Count":1,"TARGET_FID":159496,"PIDN":"E12599900100100","STATE_CD":"XV-C","CombineADD":"2015 ZARAGOZA RD","Type":"Commercial","State_Code":"XV-C","Living_Are":"1333","Value":0,"Value_Sq_F":0,"Descriptio":"MAIN AREA","Class_CD":"R3","Class_Desc":"Residential, Average Quality","Class_De_1":"Residential","Building_M":" ","Condition":"Average","Exterior_W":"STU","Year_Built":0,"Sq_Footage":"1333","BUILD_ID":29411681,"OCC_CLS":"Commercial","PRIM_OCC":"Medical Office/Clinic","SEC_OCC":" ","PROP_ADDR":"2015 NORTH ZARAGOZA ROAD","PROP_CITY":"EL PASO","PROP_ST":"Texas","PROP_ZIP":"79938","OUTBLDG":" ","HEIGHT":3.72000003,"SQMETERS":144.113998,"SQFEET":1551.21997,"H_ADJ_ELEV":0,"L_ADJ_ELEV":0,"FIPS":"48141","CENSUSCODE":"48141010329","PROD_DATE":1414800000000,"SOURCE":"NGA","USNG":"13R CR 80313 15403","LONGITUDE":-106.26389895,"LATITUDE":31.767891887400001,"IMAGE_NAME":"Li270-El Paso","IMAGE_DATE":1414800000000,"VAL_METHOD":"Unverified","REMARKS":" ","UUID":"{8285c709-76a1-4c04-ae9b-f21efda7f2f3}","Shape_Leng":0.000475164522062,"Shape_Area":1.3719918904999999e-08,"HEIGHT_FT":12.2047248939,"Shape_Length":185.29842481578814}},{"type":"Feature","id":29954,"geometry":{"type":"Polygon","coordinates":[[[-106.26497893844625,31.76884280149164],[-106.26506722793989,31.768912854015426],[-106.26519408063967,31.768794279062242],[-106.26510588051177,31.768725656770169],[-106.26497893844625,31.76884280149164]]]},"properties":{"OBJECTID":29954,"Join_Count":1,"TARGET_FID":159511,"PIDN":"E12599900100100","STATE_CD":"XV-C","CombineADD":"2015 ZARAGOZA RD","Type":"Commercial","State_Code":"XV-C","Living_Are":"1333","Value":0,"Value_Sq_F":0,"Descriptio":"MAIN AREA","Class_CD":"R3","Class_Desc":"Residential, Average Quality","Class_De_1":"Residential","Building_M":" ","Condition":"Average","Exterior_W":"STU","Year_Built":0,"Sq_Footage":"1333","BUILD_ID":29413500,"OCC_CLS":"Commercial","PRIM_OCC":"Medical Office/Clinic","SEC_OCC":" ","PROP_ADDR":"12019 SARAH H CIRCLE","PROP_CITY":"EL PASO","PROP_ST":"Texas","PROP_ZIP":"79938","OUTBLDG":" ","HEIGHT":3.11999989,"SQMETERS":159.996002,"SQFEET":1722.18005,"H_ADJ_ELEV":0,"L_ADJ_ELEV":0,"FIPS":"48141","CENSUSCODE":"48141010329","PROD_DATE":1414800000000,"SOURCE":"NGA","USNG":"13R CR 80204 15507","LONGITUDE":-106.265070732,"LATITUDE":31.768812725499998,"IMAGE_NAME":"Li270-El Paso","IMAGE_DATE":1414800000000,"VAL_METHOD":"Unverified","REMARKS":" ","UUID":"{a01b846d-abee-4121-b7ec-af3c5ef04b59}","Shape_Leng":0.00050845757840699995,"Shape_Area":1.5232128086499999e-08,"HEIGHT_FT":10.236220424500001,"Shape_Length":191.03107638461876}},{"type":"Feature","id":29955,"geometry":{"type":"Polygon","coordinates":[[[-106.26508603091801,31.768927289892396],[-106.26517429080442,31.768996865925224],[-106.2652995598697,31.76887979730769],[-106.26521300378343,31.768810621438398],[-106.26508603091801,31.768927289892396]]]},"properties":{"OBJECTID":29955,"Join_Count":1,"TARGET_FID":159512,"PIDN":"E12599900100100","STATE_CD":"XV-C","CombineADD":"2015 ZARAGOZA RD","Type":"Commercial","State_Code":"XV-C","Living_Are":"1333","Value":0,"Value_Sq_F":0,"Descriptio":"MAIN AREA","Class_CD":"R3","Class_Desc":"Residential, Average Quality","Class_De_1":"Residential","Building_M":" ","Condition":"Average","Exterior_W":"STU","Year_Built":0,"Sq_Footage":"1333","BUILD_ID":29413708,"OCC_CLS":"Commercial","PRIM_OCC":"Medical Office/Clinic","SEC_OCC":" ","PROP_ADDR":"12019 SARAH H CIRCLE","PROP_CITY":"EL PASO","PROP_ST":"Texas","PROP_ZIP":"79938","OUTBLDG":" ","HEIGHT":3.6500001,"SQMETERS":174.408997,"SQFEET":1877.31995,"H_ADJ_ELEV":0,"L_ADJ_ELEV":0,"FIPS":"48141","CENSUSCODE":"48141010329","PROD_DATE":1414800000000,"SOURCE":"NGA","USNG":"13R CR 80193 15516","LONGITUDE":-106.26517866099999,"LATITUDE":31.768894098400001,"IMAGE_NAME":"Li270-El Paso","IMAGE_DATE":1414800000000,"VAL_METHOD":"Unverified","REMARKS":" ","UUID":"{2673c25f-63c5-4c38-aabf-a7696b0f0d5d}","Shape_Leng":0.00052839471877400002,"Shape_Area":1.6604281923599999e-08,"HEIGHT_FT":11.975066312899999,"Shape_Length":189.81060197267414}},{"type":"Feature","id":29988,"geometry":{"type":"Polygon","coordinates":[[[-106.22420013080004,31.778213797798276],[-106.22428807369734,31.778211010667945],[-106.22428467293788,31.778156204836613],[-106.22430148375729,31.778156638505862],[-106.22430485501712,31.778143343330374],[-106.22432159189951,31.778142585487576],[-106.22431691459154,31.778022123921954],[-106.2242708874318,31.77802420801865],[-106.22426948274021,31.77800157023842],[-106.22420378232214,31.778002156295148],[-106.22420319085629,31.777992624218633],[-106.22415870745395,31.777997028090748],[-106.22416354220984,31.778142572718011],[-106.22417895819815,31.778143069559011],[-106.22417977140576,31.77815617526295],[-106.22419518739638,31.77815667210206],[-106.22420013080004,31.778213797798276]]]},"properties":{"OBJECTID":29988,"Join_Count":1,"TARGET_FID":166933,"PIDN":"T28799925200390","STATE_CD":"B1","CombineADD":"14306 ARTHUR ASHE CT","Type":"Residential","State_Code":"B1","Living_Are":"1286.5","Value":44334,"Value_Sq_F":34.460940536300001,"Descriptio":"MAIN AREA","Class_CD":"D03+","Class_Desc":"Multifamily; Good","Class_De_1":"Multifamily","Building_M":" ","Condition":"Good","Exterior_W":"STU","Year_Built":2011,"Sq_Footage":"1286.5","BUILD_ID":29437769,"OCC_CLS":"Residential","PRIM_OCC":"Multi - Family Dwelling","SEC_OCC":" ","PROP_ADDR":"14306 ARTHUR ASHE COURT","PROP_CITY":"EL PASO","PROP_ST":"Texas","PROP_ZIP":"79938","OUTBLDG":" ","HEIGHT":4.05999994,"SQMETERS":242.378998,"SQFEET":2608.93994,"H_ADJ_ELEV":0,"L_ADJ_ELEV":0,"FIPS":"48141","CENSUSCODE":"48141010368","PROD_DATE":1414800000000,"SOURCE":"NGA","USNG":"13R CR 84083 16491","LONGITUDE":-106.224223294,"LATITUDE":31.778092427499999,"IMAGE_NAME":"Li270-El Paso","IMAGE_DATE":1414800000000,"VAL_METHOD":"Unverified","REMARKS":" ","UUID":"{0b457ba9-4081-4983-b919-dec7f061f16a}","Shape_Leng":0.00066027709220499995,"Shape_Area":2.3077443629399999e-08,"HEIGHT_FT":13.320210212299999,"Shape_Length":255.08437871864487}},{"type":"Feature","id":29989,"geometry":{"type":"Polygon","coordinates":[[[-106.22439375895463,31.778156044850622],[-106.22440917494637,31.778156541664369],[-106.22441118094859,31.778211410651039],[-106.22449626024259,31.77820755818788],[-106.22449300718125,31.77815513447996],[-106.22451245978323,31.77815305878433],[-106.22451039957627,31.778142399260776],[-106.22453264183098,31.778140197242784],[-106.22452627373616,31.778015033707597],[-106.2244842831892,31.778014545381431],[-106.22448611171899,31.777998930341035],[-106.22441475800878,31.777998576731715],[-106.22441284568784,31.777990300224818],[-106.2243696092515,31.77799225799145],[-106.22436916076003,31.778142821281445],[-106.22439426660979,31.7781416844802],[-106.22439375895463,31.778156044850622]]]},"properties":{"OBJECTID":29989,"Join_Count":1,"TARGET_FID":166934,"PIDN":"T28799925200400","STATE_CD":"B1","CombineADD":"14304 ARTHUR ASHE CT","Type":"Residential","State_Code":"O2","Living_Are":"996.5","Value":34934,"Value_Sq_F":35.056698444600002,"Descriptio":"MAIN AREA","Class_CD":"D03+","Class_Desc":"Multifamily; Good","Class_De_1":"Multifamily","Building_M":" ","Condition":"Good","Exterior_W":"STU","Year_Built":2011,"Sq_Footage":"996.5","BUILD_ID":29437797,"OCC_CLS":"Residential","PRIM_OCC":"Single Family Dwelling","SEC_OCC":" ","PROP_ADDR":"14304 ARTHUR ASHE COURT","PROP_CITY":"EL PASO","PROP_ST":"Texas","PROP_ZIP":"79938","OUTBLDG":" ","HEIGHT":3.94000006,"SQMETERS":250.237,"SQFEET":2693.53003,"H_ADJ_ELEV":0,"L_ADJ_ELEV":0,"FIPS":"48141","CENSUSCODE":"48141010368","PROD_DATE":1414800000000,"SOURCE":"NGA","USNG":"13R CR 84063 16491","LONGITUDE":-106.224435519,"LATITUDE":31.778091037799999,"IMAGE_NAME":"Li270-El Paso","IMAGE_DATE":1414800000000,"VAL_METHOD":"Unverified","REMARKS":" ","UUID":"{f99c35fb-b2e7-4f86-bcd1-59c22eba5e32}","Shape_Leng":0.00068380092473199999,"Shape_Area":2.3825710168799999e-08,"HEIGHT_FT":12.926509787700001,"Shape_Length":258.15883934696512}},{"type":"Feature","id":29990,"geometry":{"type":"Polygon","coordinates":[[[-106.22461944137304,31.778209148582754],[-106.22470738425366,31.778206361169211],[-106.22470273630381,31.778154001528904],[-106.22472086801288,31.778153180473076],[-106.22472012867048,31.778141266281683],[-106.22474112397251,31.778141510408414],[-106.22473901291062,31.778017348053609],[-106.22469415982448,31.778015794562311],[-106.22469290296679,31.777995540705763],[-106.22461611783244,31.777997822871619],[-106.22461574814045,31.777991865324992],[-106.2245780910104,31.777993570517559],[-106.22458439517432,31.778140243478298],[-106.22460539047576,31.77814048762686],[-106.22460635161896,31.778155976346749],[-106.22461750918906,31.778155471108519],[-106.22461944137304,31.778209148582754]]]},"properties":{"OBJECTID":29990,"Join_Count":1,"TARGET_FID":166935,"PIDN":"T28799925200410","STATE_CD":"B1","CombineADD":"14302 ARTHUR ASHE CT","Type":"Residential","State_Code":"B1","Living_Are":"1286.5","Value":44334,"Value_Sq_F":34.460940536300001,"Descriptio":"MAIN AREA","Class_CD":"D03+","Class_Desc":"Multifamily; Good","Class_De_1":"Multifamily","Building_M":" ","Condition":"Good","Exterior_W":"STU","Year_Built":2011,"Sq_Footage":"1286.5","BUILD_ID":29437784,"OCC_CLS":"Residential","PRIM_OCC":"Multi - Family Dwelling","SEC_OCC":" ","PROP_ADDR":"14302 ARTHUR ASHE COURT","PROP_CITY":"EL PASO","PROP_ST":"Texas","PROP_ZIP":"79938","OUTBLDG":" ","HEIGHT":3.99000001,"SQMETERS":248.914001,"SQFEET":2679.28003,"H_ADJ_ELEV":0,"L_ADJ_ELEV":0,"FIPS":"48141","CENSUSCODE":"48141010368","PROD_DATE":1414800000000,"SOURCE":"NGA","USNG":"13R CR 84044 16491","LONGITUDE":-106.224643676,"LATITUDE":31.778088861800001,"IMAGE_NAME":"Li270-El Paso","IMAGE_DATE":1414800000000,"VAL_METHOD":"Unverified","REMARKS":" ","UUID":"{ff047f37-2377-4c05-8fd5-22dbeb537ee8}","Shape_Leng":0.00066146147598099996,"Shape_Area":2.3699657401699999e-08,"HEIGHT_FT":13.0905516313,"Shape_Length":255.78926205989748}},{"type":"Feature","id":29991,"geometry":{"type":"Polygon","coordinates":[[[-106.22481786515596,31.778206137666199],[-106.2249058809159,31.778204541675482],[-106.22490534334214,31.778150800140907],[-106.22492068539333,31.778150105384995],[-106.22492126691118,31.778136936521605],[-106.22493939861506,31.778136115435355],[-106.22493743628924,31.778014336954641],[-106.22489250925945,31.77801159202247],[-106.22489132624551,31.777992528776352],[-106.2248173307694,31.777994684733407],[-106.22481960288975,31.777986218743596],[-106.22477776023482,31.777988113530526],[-106.22478421258786,31.778137169500212],[-106.22479815981008,31.778136537921306],[-106.22480066369424,31.778154346495285],[-106.22481725269252,31.77815120557052],[-106.22481786515596,31.778206137666199]]]},"properties":{"OBJECTID":29991,"Join_Count":1,"TARGET_FID":166936,"PIDN":"T28799925200420","STATE_CD":"B1","CombineADD":"14300 ARTHUR ASHE CT","Type":"Residential","State_Code":"B1","Living_Are":"996.5","Value":34934,"Value_Sq_F":35.056698444600002,"Descriptio":"MAIN AREA","Class_CD":"D03+","Class_Desc":"Multifamily; Good","Class_De_1":"Multifamily","Building_M":" ","Condition":"Good","Exterior_W":"STU","Year_Built":2011,"Sq_Footage":"996.5","BUILD_ID":29437804,"OCC_CLS":"Residential","PRIM_OCC":"Multi - Family Dwelling","SEC_OCC":" ","PROP_ADDR":"14300 ARTHUR ASHE CT","PROP_CITY":" ","PROP_ST":"Texas","PROP_ZIP":"79938","OUTBLDG":" ","HEIGHT":3.93000007,"SQMETERS":266.740997,"SQFEET":2871.16992,"H_ADJ_ELEV":0,"L_ADJ_ELEV":0,"FIPS":"48141","CENSUSCODE":"48141010368","PROD_DATE":1414800000000,"SOURCE":"NGA","USNG":"13R CR 84025 16491","LONGITUDE":-106.22483971,"LATITUDE":31.778086822399999,"IMAGE_NAME":"Li270-El Paso","IMAGE_DATE":1414800000000,"VAL_METHOD":"Unverified","REMARKS":" ","UUID":"{19d656cf-67e8-44fe-bf98-234b288f6412}","Shape_Leng":0.00069087997877400004,"Shape_Area":2.5397024265599999e-08,"HEIGHT_FT":12.893701418999999,"Shape_Length":256.9426587222527}},{"type":"Feature","id":29992,"geometry":{"type":"Polygon","coordinates":[[[-106.21861498879601,31.780703375084762],[-106.21880031584044,31.780804910980304],[-106.21895147480593,31.780626025076245],[-106.21917733368467,31.780749623050578],[-106.2192865185515,31.780615647584238],[-106.21931156787889,31.780626992124635],[-106.21931339542459,31.780627819810658],[-106.21931530022819,31.7806286828365],[-106.219346706577,31.780593807923424],[-106.21937131950376,31.780608277188133],[-106.21942219030274,31.78063818441133],[-106.21942642180981,31.780633141309988],[-106.21963058074893,31.780389800239828],[-106.21932835228364,31.780207529294614],[-106.21936005398524,31.780177420417804],[-106.21923786995502,31.780101702533734],[-106.21930507885763,31.780012637973734],[-106.21922283545955,31.779949451389101],[-106.21927537637109,31.779894503598946],[-106.21878723313336,31.77960116495375],[-106.21843496720309,31.779875171773046],[-106.21829808041889,31.779742769680471],[-106.21888715346438,31.779047045653421],[-106.21861200806758,31.779030817593515],[-106.21813241380468,31.779597330976348],[-106.21743608022803,31.78009717857411],[-106.21769201450627,31.780164459215769],[-106.21780444911849,31.78008290794719],[-106.21787330173198,31.780065456484692],[-106.2181833000183,31.779831595742071],[-106.21831401650397,31.77995471912843],[-106.21806228604923,31.780135764488072],[-106.21816891458197,31.780231302869691],[-106.21825793549222,31.78035870196495],[-106.2184486257008,31.78027600015],[-106.21848932155829,31.780345845979078],[-106.21854043675813,31.780403272860561],[-106.21859873943296,31.780441257858296],[-106.21866408082579,31.780457418888773],[-106.21856267360975,31.780581484074723],[-106.21855107259232,31.780574840624958],[-106.21844672763817,31.780696648883342],[-106.21854541420859,31.780754313646849],[-106.21857563910088,31.780700375638045],[-106.21861498879601,31.780703375084762]]]},"properties":{"OBJECTID":29992,"Join_Count":1,"TARGET_FID":166945,"PIDN":"T28799921600100","STATE_CD":"XV-C","CombineADD":"14400 PEBBLE HILLS BLVD","Type":" ","State_Code":" ","Living_Are":" ","Value":0,"Value_Sq_F":0,"Descriptio":" ","Class_CD":" ","Class_Desc":" ","Class_De_1":" ","Building_M":" ","Condition":" ","Exterior_W":" ","Year_Built":0,"Sq_Footage":" ","BUILD_ID":29449256,"OCC_CLS":"Education","PRIM_OCC":"Pre-K - 12 Schools","SEC_OCC":" ","PROP_ADDR":"14400 PEBBLE HILLS BOULEVARD EASTBOUND","PROP_CITY":"EL PASO","PROP_ST":"Texas","PROP_ZIP":"79938","OUTBLDG":" ","HEIGHT":9.39000034,"SQMETERS":27768.5996,"SQFEET":298899,"H_ADJ_ELEV":0,"L_ADJ_ELEV":0,"FIPS":"48141","CENSUSCODE":"48141010368","PROD_DATE":1414800000000,"SOURCE":"NGA","USNG":"13R CR 84589 16713","LONGITUDE":-106.218912171,"LATITUDE":31.780149695199999,"IMAGE_NAME":"Li270-El Paso","IMAGE_DATE":1414800000000,"VAL_METHOD":"Unverified","REMARKS":" ","UUID":"{36aeb16a-ef1d-48a7-81a1-452c494d5e6a}","Shape_Leng":0.015266157180800001,"Shape_Area":2.6439767861299999e-06,"HEIGHT_FT":30.8070887264,"Shape_Length":2960.3829604232874}},{"type":"Feature","id":29993,"geometry":{"type":"Polygon","coordinates":[[[-106.22428945983853,31.7786852772429],[-106.22432711724791,31.778683572134241],[-106.22432213434369,31.778535644525576],[-106.2243039286233,31.778535274016473],[-106.22430179449654,31.778523422981941],[-106.22428784721424,31.778524054507582],[-106.22428282980711,31.778465737312306],[-106.2242017869049,31.778467017147982],[-106.22420239801619,31.778521950188097],[-106.22418698196628,31.778521453349928],[-106.22418662208879,31.778538195835456],[-106.22416283708849,31.778538078831819],[-106.2241662682558,31.77866098560472],[-106.22420392565775,31.77865928053167],[-106.22420804608167,31.778680600484726],[-106.22428894235057,31.778676937579139],[-106.22428945983853,31.7786852772429]]]},"properties":{"OBJECTID":29993,"Join_Count":1,"TARGET_FID":166946,"PIDN":"T28799925200320","STATE_CD":"B1","CombineADD":"14307 ARTHUR ASHE CT","Type":"Residential","State_Code":"B1","Living_Are":"1286.5","Value":44334,"Value_Sq_F":34.460940536300001,"Descriptio":"MAIN AREA","Class_CD":"D03+","Class_Desc":"Multifamily; Good","Class_De_1":"Multifamily","Building_M":" ","Condition":"Good","Exterior_W":"STU","Year_Built":2011,"Sq_Footage":"1286.5","BUILD_ID":29439305,"OCC_CLS":"Residential","PRIM_OCC":"Multi - Family Dwelling","SEC_OCC":" ","PROP_ADDR":"14307 ARTHUR ASHE COURT","PROP_CITY":"EL PASO","PROP_ST":"Texas","PROP_ZIP":"79938","OUTBLDG":" ","HEIGHT":3.8499999,"SQMETERS":240.371002,"SQFEET":2587.33008,"H_ADJ_ELEV":0,"L_ADJ_ELEV":0,"FIPS":"48141","CENSUSCODE":"48141010368","PROD_DATE":1414800000000,"SOURCE":"NGA","USNG":"13R CR 84083 16544","LONGITUDE":-106.22422971899999,"LATITUDE":31.778567337799998,"IMAGE_NAME":"Li270-El Paso","IMAGE_DATE":1414800000000,"VAL_METHOD":"Unverified","REMARKS":" ","UUID":"{6fc6b6d5-a918-435a-8cef-400bf1dfb156}","Shape_Leng":0.00064802869397400005,"Shape_Area":2.2886387906399999e-08,"HEIGHT_FT":12.6312336871,"Shape_Length":257.15098487583271}},{"type":"Feature","id":29994,"geometry":{"type":"Polygon","coordinates":[[[-106.22442041811028,31.778676957756659],[-106.22449588289984,31.778675930375343],[-106.2244965483367,31.77868665395707],[-106.22453699541462,31.77868482246868],[-106.22453179037034,31.778533320340724],[-106.22451358464957,31.778532949860988],[-106.22451284533022,31.778521035670231],[-106.22449882411233,31.778520475709279],[-106.22449681799708,31.778465605830025],[-106.22440880098998,31.778467202492472],[-106.22441065912616,31.778519688454015],[-106.22439810667865,31.778520256832877],[-106.22439767295816,31.77853580871033],[-106.22437396183808,31.778536882353869],[-106.22437717047222,31.778656215542131],[-106.22441754465738,31.778653192533973],[-106.22442041811028,31.778676957756659]]]},"properties":{"OBJECTID":29994,"Join_Count":1,"TARGET_FID":166947,"PIDN":"T28799925200310","STATE_CD":"B1","CombineADD":"14305 ARTHUR ASHE CT","Type":"Residential","State_Code":"B1","Living_Are":"1286.5","Value":44334,"Value_Sq_F":34.460940536300001,"Descriptio":"MAIN AREA","Class_CD":"D03+","Class_Desc":"Multifamily; Good","Class_De_1":"Multifamily","Building_M":" ","Condition":"Good","Exterior_W":"STU","Year_Built":2011,"Sq_Footage":"1286.5","BUILD_ID":29439286,"OCC_CLS":"Residential","PRIM_OCC":"Multi - Family Dwelling","SEC_OCC":" ","PROP_ADDR":"14305 ARTHUR ASHE COURT","PROP_CITY":"EL PASO","PROP_ST":"Texas","PROP_ZIP":"79938","OUTBLDG":" ","HEIGHT":3.97000003,"SQMETERS":242.710007,"SQFEET":2612.5,"H_ADJ_ELEV":0,"L_ADJ_ELEV":0,"FIPS":"48141","CENSUSCODE":"48141010368","PROD_DATE":1414800000000,"SOURCE":"NGA","USNG":"13R CR 84064 16544","LONGITUDE":-106.22443832800001,"LATITUDE":31.778567537099999,"IMAGE_NAME":"Li270-El Paso","IMAGE_DATE":1414800000000,"VAL_METHOD":"Unverified","REMARKS":" ","UUID":"{cd904e37-e130-42e1-83fe-c14276478a3e}","Shape_Leng":0.00066238967704899997,"Shape_Area":2.3109104832e-08,"HEIGHT_FT":13.024934893899999,"Shape_Length":257.52646504588961}},{"type":"Feature","id":29995,"geometry":{"type":"Polygon","coordinates":[[[-106.22461899416503,31.778518617895962],[-106.22460225721876,31.77851937577686],[-106.22460182353167,31.778534927655016],[-106.22458237085351,31.778537003363638],[-106.22458983819419,31.778657338574426],[-106.22462903935492,31.77865795318824],[-106.22463154322105,31.778675761761793],[-106.22470561317179,31.778674797419896],[-106.22470752447771,31.778683073967976],[-106.2247465777687,31.778681305528512],[-106.22474137239045,31.778529803408734],[-106.22472595633646,31.778529306634457],[-106.22472536487084,31.778519775462872],[-106.22470855398525,31.778519341848394],[-106.22470368419991,31.778463407687383],[-106.22461838286883,31.778463685758307],[-106.22461899416503,31.778518617895962]]]},"properties":{"OBJECTID":29995,"Join_Count":1,"TARGET_FID":166948,"PIDN":"T28799925200300","STATE_CD":"B1","CombineADD":"14303 ARTHUR ASHE CT","Type":"Residential","State_Code":"B1","Living_Are":"996.5","Value":34934,"Value_Sq_F":35.056698444600002,"Descriptio":"MAIN AREA","Class_CD":"D03+","Class_Desc":"Multifamily; Good","Class_De_1":"Multifamily","Building_M":" ","Condition":"Good","Exterior_W":"STU","Year_Built":2011,"Sq_Footage":"996.5","BUILD_ID":29439315,"OCC_CLS":"Residential","PRIM_OCC":"Multi - Family Dwelling","SEC_OCC":" ","PROP_ADDR":"14303 ARTHUR ASHE COURT","PROP_CITY":"EL PASO","PROP_ST":"Texas","PROP_ZIP":"79938","OUTBLDG":" ","HEIGHT":4,"SQMETERS":250.942993,"SQFEET":2701.12012,"H_ADJ_ELEV":0,"L_ADJ_ELEV":0,"FIPS":"48141","CENSUSCODE":"48141010368","PROD_DATE":1414800000000,"SOURCE":"NGA","USNG":"13R CR 84044 16544","LONGITUDE":-106.224644916,"LATITUDE":31.778566759899999,"IMAGE_NAME":"Li270-El Paso","IMAGE_DATE":1414800000000,"VAL_METHOD":"Unverified","REMARKS":" ","UUID":"{32a10d9a-29b2-435b-bb2c-9461f7884531}","Shape_Leng":0.00067706740216099998,"Shape_Area":2.3892995082700002e-08,"HEIGHT_FT":13.12336,"Shape_Length":253.27156883069838}},{"type":"Feature","id":29996,"geometry":{"type":"Polygon","coordinates":[[[-106.22481559010889,31.77853122202227],[-106.2247932738282,31.778532232579263],[-106.22479802570631,31.778653885612513],[-106.2248385477605,31.778653245491583],[-106.2248398046579,31.778673499341554],[-106.22491402143577,31.778674917946624],[-106.22491453897858,31.778683257607902],[-106.22495630804951,31.778680172169331],[-106.22494809084145,31.778525221859912],[-106.22493274872988,31.778525916618914],[-106.22493333024838,31.778512747757414],[-106.22491666724821,31.778514697187646],[-106.22491326611537,31.778459891379299],[-106.22482803872951,31.778461361096511],[-106.22483004498005,31.778516230070089],[-106.22481477681039,31.778518116324239],[-106.22481559010889,31.77853122202227]]]},"properties":{"OBJECTID":29996,"Join_Count":1,"TARGET_FID":166949,"PIDN":"T28799925200290","STATE_CD":"B1","CombineADD":"14301 ARTHUR ASHE CT","Type":"Residential","State_Code":"B1","Living_Are":"996.5","Value":34934,"Value_Sq_F":35.056698444600002,"Descriptio":"MAIN AREA","Class_CD":"D03+","Class_Desc":"Multifamily; Good","Class_De_1":"Multifamily","Building_M":" ","Condition":"Good","Exterior_W":"STU","Year_Built":2011,"Sq_Footage":"996.5","BUILD_ID":29439348,"OCC_CLS":"Residential","PRIM_OCC":"Multi - Family Dwelling","SEC_OCC":" ","PROP_ADDR":"14301 ARTHUR ASHE COURT","PROP_CITY":"EL PASO","PROP_ST":"Texas","PROP_ZIP":"79938","OUTBLDG":" ","HEIGHT":3.83999991,"SQMETERS":257.563995,"SQFEET":2772.3999,"H_ADJ_ELEV":0,"L_ADJ_ELEV":0,"FIPS":"48141","CENSUSCODE":"48141010368","PROD_DATE":1414800000000,"SOURCE":"NGA","USNG":"13R CR 84024 16544","LONGITUDE":-106.224854643,"LATITUDE":31.7785636588,"IMAGE_NAME":"Li270-El Paso","IMAGE_DATE":1414800000000,"VAL_METHOD":"Unverified","REMARKS":" ","UUID":"{71e464a7-0480-4c4d-bb19-c246620ed62d}","Shape_Leng":0.00067652586760900003,"Shape_Area":2.45234345821e-08,"HEIGHT_FT":12.5984253184,"Shape_Length":257.54478949913778}},{"type":"Feature","id":30005,"geometry":{"type":"Polygon","coordinates":[[[-106.23571259456217,31.780969793886229],[-106.23592172756763,31.7809679530891],[-106.23591583369472,31.780405235183157],[-106.23570341378654,31.780408181574398],[-106.23571259456217,31.780969793886229]]]},"properties":{"OBJECTID":30005,"Join_Count":1,"TARGET_FID":171057,"PIDN":"T28499900800100","STATE_CD":"F1","CombineADD":"14150 PEBBLE HILLS BLVD","Type":"Commercial","State_Code":"F1","Living_Are":"6650","Value":159733,"Value_Sq_F":24.02,"Descriptio":"MAIN AREA","Class_CD":"IWSA","Class_Desc":"Mini Warehouse; Metal; Average","Class_De_1":"Mini Warehouse","Building_M":"Metal","Condition":"Average","Exterior_W":"888","Year_Built":2018,"Sq_Footage":"6650","BUILD_ID":29448969,"OCC_CLS":"Unclassified","PRIM_OCC":"Unclassified","SEC_OCC":" ","PROP_ADDR":" ","PROP_CITY":" ","PROP_ST":"Texas","PROP_ZIP":" ","OUTBLDG":" ","HEIGHT":3.16000009,"SQMETERS":1049.46997,"SQFEET":11296.4004,"H_ADJ_ELEV":0,"L_ADJ_ELEV":0,"FIPS":"48141","CENSUSCODE":"48141010368","PROD_DATE":1414800000000,"SOURCE":"NGA","USNG":"13R CR 82990 16791","LONGITUDE":-106.235804911,"LATITUDE":31.780685951999999,"IMAGE_NAME":"Li270-El Paso","IMAGE_DATE":1414800000000,"VAL_METHOD":"Unverified","REMARKS":" ","UUID":"{2928c74c-f8fc-4daf-a1a9-4212bc2ec386}","Shape_Leng":0.00145646557587,"Shape_Area":9.9925634745999996e-08,"HEIGHT_FT":10.3674546816,"Shape_Length":540.04301207245874}},{"type":"Feature","id":30006,"geometry":{"type":"Polygon","coordinates":[[[-106.2353234561685,31.781163001438163],[-106.23533913731838,31.781163246523192],[-106.23534032660609,31.781191389691735],[-106.23542193041499,31.781190076676094],[-106.23541209729963,31.780473968463145],[-106.23531484374219,31.780475512759665],[-106.2353234561685,31.781163001438163]]]},"properties":{"OBJECTID":30006,"Join_Count":1,"TARGET_FID":171058,"PIDN":"T28499900800100","STATE_CD":"F1","CombineADD":"14150 PEBBLE HILLS BLVD","Type":"Commercial","State_Code":"F1","Living_Are":"6650","Value":159733,"Value_Sq_F":24.02,"Descriptio":"MAIN AREA","Class_CD":"IWSA","Class_Desc":"Mini Warehouse; Metal; Average","Class_De_1":"Mini Warehouse","Building_M":"Metal","Condition":"Average","Exterior_W":"888","Year_Built":2018,"Sq_Footage":"6650","BUILD_ID":29449902,"OCC_CLS":"Unclassified","PRIM_OCC":"Unclassified","SEC_OCC":" ","PROP_ADDR":" ","PROP_CITY":" ","PROP_ST":"Texas","PROP_ZIP":" ","OUTBLDG":" ","HEIGHT":2.66000009,"SQMETERS":580.310974,"SQFEET":6246.41016,"H_ADJ_ELEV":0,"L_ADJ_ELEV":0,"FIPS":"48141","CENSUSCODE":"48141010368","PROD_DATE":1414800000000,"SOURCE":"NGA","USNG":"13R CR 83032 16806","LONGITUDE":-106.235359504,"LATITUDE":31.780829966900001,"IMAGE_NAME":"Li270-El Paso","IMAGE_DATE":1414800000000,"VAL_METHOD":"Unverified","REMARKS":" ","UUID":"{2baa13f6-58a0-48e5-9dd5-76e157e4cead}","Shape_Leng":0.0015545558498699999,"Shape_Area":5.5254446902700002e-08,"HEIGHT_FT":8.7270346815999993,"Shape_Length":581.33807997292126}},{"type":"Feature","id":30007,"geometry":{"type":"Polygon","coordinates":[[[-106.23548742792224,31.781163687769041],[-106.23550261057699,31.781164910976759],[-106.23550429940722,31.781192075052942],[-106.2356322682986,31.781189615904161],[-106.23562356294079,31.780473969460555],[-106.23559117432103,31.780474960122991],[-106.23558998502398,31.780446817849423],[-106.235493846959,31.780448311676214],[-106.23549559501301,31.780476428601478],[-106.23547656659122,31.780476336291191],[-106.23548742792224,31.781163687769041]]]},"properties":{"OBJECTID":30007,"Join_Count":1,"TARGET_FID":171059,"PIDN":"T28499900800100","STATE_CD":"F1","CombineADD":"14150 PEBBLE HILLS BLVD","Type":"Commercial","State_Code":"F1","Living_Are":"6650","Value":159733,"Value_Sq_F":24.02,"Descriptio":"MAIN AREA","Class_CD":"IWSA","Class_Desc":"Mini Warehouse; Metal; Average","Class_De_1":"Mini Warehouse","Building_M":"Metal","Condition":"Average","Exterior_W":"888","Year_Built":2018,"Sq_Footage":"6650","BUILD_ID":29449900,"OCC_CLS":"Unclassified","PRIM_OCC":"Unclassified","SEC_OCC":" ","PROP_ADDR":" ","PROP_CITY":" ","PROP_ST":"Texas","PROP_ZIP":" ","OUTBLDG":" ","HEIGHT":2.71000004,"SQMETERS":993.138,"SQFEET":10690,"H_ADJ_ELEV":0,"L_ADJ_ELEV":0,"FIPS":"48141","CENSUSCODE":"48141010368","PROD_DATE":1414800000000,"SOURCE":"NGA","USNG":"13R CR 83015 16805","LONGITUDE":-106.23554539600001,"LATITUDE":31.780817755000001,"IMAGE_NAME":"Li270-El Paso","IMAGE_DATE":1414800000000,"VAL_METHOD":"Unverified","REMARKS":" ","UUID":"{b4e41104-7cba-46a6-9070-d22473d7f84d}","Shape_Leng":0.0017131342106699999,"Shape_Area":9.4561819443499994e-08,"HEIGHT_FT":8.8910765251499999,"Shape_Length":631.1784340050566}},{"type":"Feature","id":30008,"geometry":{"type":"Polygon","coordinates":[[[-106.23573473832219,31.781662201346727],[-106.23592825091775,31.781661069243619],[-106.23592198039643,31.781056312670092],[-106.23572846903235,31.781057444764105],[-106.23573473832219,31.781662201346727]]]},"properties":{"OBJECTID":30008,"Join_Count":1,"TARGET_FID":171060,"PIDN":"T28499900800100","STATE_CD":"F1","CombineADD":"14150 PEBBLE HILLS BLVD","Type":"Commercial","State_Code":"F1","Living_Are":"6650","Value":159733,"Value_Sq_F":24.02,"Descriptio":"MAIN AREA","Class_CD":"IWSA","Class_Desc":"Mini Warehouse; Metal; Average","Class_De_1":"Mini Warehouse","Building_M":"Metal","Condition":"Average","Exterior_W":"888","Year_Built":2018,"Sq_Footage":"6650","BUILD_ID":29452001,"OCC_CLS":"Unclassified","PRIM_OCC":"Unclassified","SEC_OCC":" ","PROP_ADDR":" ","PROP_CITY":" ","PROP_ST":"Texas","PROP_ZIP":" ","OUTBLDG":" ","HEIGHT":3.11999989,"SQMETERS":1076.05005,"SQFEET":11582.4004,"H_ADJ_ELEV":0,"L_ADJ_ELEV":0,"FIPS":"48141","CENSUSCODE":"48141010368","PROD_DATE":1414800000000,"SOURCE":"NGA","USNG":"13R CR 82990 16865","LONGITUDE":-106.23581825399999,"LATITUDE":31.781351504100002,"IMAGE_NAME":"Li270-El Paso","IMAGE_DATE":1414800000000,"VAL_METHOD":"Unverified","REMARKS":" ","UUID":"{85faf7df-8198-47a5-a465-da1ea79816bf}","Shape_Leng":0.0015329645023500001,"Shape_Area":1.02456431936e-07,"HEIGHT_FT":10.236220424500001,"Shape_Length":560.28020041520733}},{"type":"Feature","id":30009,"geometry":{"type":"Polygon","coordinates":[[[-106.23585474210137,31.781932060456423],[-106.23593634659527,31.78193074801942],[-106.23593527898497,31.78185958701172],[-106.23593081601793,31.781859789485125],[-106.23592926904227,31.781771923057107],[-106.23585720870331,31.781773758939035],[-106.23585981179109,31.78186062102084],[-106.23585200133482,31.781860975356636],[-106.23585474210137,31.781932060456423]]]},"properties":{"OBJECTID":30009,"Join_Count":2,"TARGET_FID":171061,"PIDN":"T28499900800100","STATE_CD":"F1","CombineADD":"14150 PEBBLE HILLS BLVD","Type":"Commercial","State_Code":"F1","Living_Are":"6650","Value":159733,"Value_Sq_F":24.02,"Descriptio":"MAIN AREA","Class_CD":"IWSA","Class_Desc":"Mini Warehouse; Metal; Average","Class_De_1":"Mini Warehouse","Building_M":"Metal","Condition":"Average","Exterior_W":"888","Year_Built":2018,"Sq_Footage":"6650","BUILD_ID":29453199,"OCC_CLS":"Unclassified","PRIM_OCC":"Unclassified","SEC_OCC":" ","PROP_ADDR":" ","PROP_CITY":" ","PROP_ST":"Texas","PROP_ZIP":" ","OUTBLDG":" ","HEIGHT":4.98000002,"SQMETERS":105.164001,"SQFEET":1131.96997,"H_ADJ_ELEV":0,"L_ADJ_ELEV":0,"FIPS":"48141","CENSUSCODE":"48141010368","PROD_DATE":1414800000000,"SOURCE":"NGA","USNG":"13R CR 82984 16919","LONGITUDE":-106.235882121,"LATITUDE":31.781841048699999,"IMAGE_NAME":"Li270-El Paso","IMAGE_DATE":1414800000000,"VAL_METHOD":"Unverified","REMARKS":" ","UUID":"{b4ec583f-d665-4203-9cec-b7064304fbd7}","Shape_Leng":0.00043088288688600002,"Shape_Area":1.0013283046e-08,"HEIGHT_FT":16.3385832626,"Shape_Length":166.92237019290792}},{"type":"Feature","id":30142,"geometry":{"type":"Polygon","coordinates":[[[-106.24661106605916,31.810473515085231],[-106.24683445322758,31.810474835977459],[-106.24683708668083,31.810328474418437],[-106.24661537362287,31.810327078385292],[-106.24661106605916,31.810473515085231]]]},"properties":{"OBJECTID":30142,"Join_Count":1,"TARGET_FID":177750,"PIDN":"T81999900600300","STATE_CD":"B2","CombineADD":"4470 RICH BEEM BLVD","Type":"Commercial","State_Code":"B2","Living_Are":"3714","Value":0,"Value_Sq_F":0,"Descriptio":"MAIN AREA","Class_CD":"QRDA","Class_Desc":"Apartments; Frame; Average","Class_De_1":"Apartments","Building_M":"Frame","Condition":"Average","Exterior_W":"892","Year_Built":2010,"Sq_Footage":"3714","BUILD_ID":29286545,"OCC_CLS":"Residential","PRIM_OCC":"Multi - Family Dwelling","SEC_OCC":" ","PROP_ADDR":"4470 RICH BEEM BOULEVARD NORTHBOUND","PROP_CITY":"EL PASO","PROP_ST":"Texas","PROP_ZIP":"79938","OUTBLDG":" ","HEIGHT":3.96000004,"SQMETERS":345.173004,"SQFEET":3715.40991,"H_ADJ_ELEV":0,"L_ADJ_ELEV":0,"FIPS":"48141","CENSUSCODE":"48141010358","PROD_DATE":1414800000000,"SOURCE":"NGA","USNG":"13R CR 81995 20096","LONGITUDE":-106.246712657,"LATITUDE":31.810397598800002,"IMAGE_NAME":"Li270-El Paso","IMAGE_DATE":1414800000000,"VAL_METHOD":"Unverified","REMARKS":" ","UUID":"{1279145d-14a4-4a97-a212-b55757cf02f5}","Shape_Leng":0.00073987836499300004,"Shape_Area":3.2876018189199998e-08,"HEIGHT_FT":12.9921265252,"Shape_Length":244.81064356704491}},{"type":"Feature","id":30143,"geometry":{"type":"Polygon","coordinates":[[[-106.24634088933207,31.810475754716435],[-106.24657255906457,31.810475264662799],[-106.24657148712325,31.810323337445531],[-106.24633655939013,31.810325408819686],[-106.24634088933207,31.810475754716435]]]},"properties":{"OBJECTID":30143,"Join_Count":1,"TARGET_FID":177751,"PIDN":"T81999900600300","STATE_CD":"B2","CombineADD":"4470 RICH BEEM BLVD","Type":"Commercial","State_Code":"B2","Living_Are":"3714","Value":0,"Value_Sq_F":0,"Descriptio":"MAIN AREA","Class_CD":"QRDA","Class_Desc":"Apartments; Frame; Average","Class_De_1":"Apartments","Building_M":"Frame","Condition":"Average","Exterior_W":"892","Year_Built":2010,"Sq_Footage":"3714","BUILD_ID":29286546,"OCC_CLS":"Residential","PRIM_OCC":"Multi - Family Dwelling","SEC_OCC":" ","PROP_ADDR":"4470 RICH BEEM BOULEVARD NORTHBOUND","PROP_CITY":"EL PASO","PROP_ST":"Texas","PROP_ZIP":"79938","OUTBLDG":" ","HEIGHT":3.8900001,"SQMETERS":354.790009,"SQFEET":3818.91992,"H_ADJ_ELEV":0,"L_ADJ_ELEV":0,"FIPS":"48141","CENSUSCODE":"48141010358","PROD_DATE":1414800000000,"SOURCE":"NGA","USNG":"13R CR 82021 20096","LONGITUDE":-106.246440745,"LATITUDE":31.8103990123,"IMAGE_NAME":"Li270-El Paso","IMAGE_DATE":1414800000000,"VAL_METHOD":"Unverified","REMARKS":" ","UUID":"{6a95a090-facd-44d3-afbd-15af4f75168b}","Shape_Leng":0.00074995720921200004,"Shape_Area":3.3791974465899998e-08,"HEIGHT_FT":12.762467944200001,"Shape_Length":254.93051313947305}},{"type":"Feature","id":30144,"geometry":{"type":"Polygon","coordinates":[[[-106.24615902726697,31.810745674006178],[-106.24631301956141,31.810747041738917],[-106.24631257181316,31.810627583883726],[-106.24615718442195,31.810626279541061],[-106.24615902726697,31.810745674006178]]]},"properties":{"OBJECTID":30144,"Join_Count":1,"TARGET_FID":177752,"PIDN":"T81999900600300","STATE_CD":"B2","CombineADD":"4470 RICH BEEM BLVD","Type":"Commercial","State_Code":"B2","Living_Are":"3714","Value":0,"Value_Sq_F":0,"Descriptio":"MAIN AREA","Class_CD":"QRDA","Class_Desc":"Apartments; Frame; Average","Class_De_1":"Apartments","Building_M":"Frame","Condition":"Average","Exterior_W":"892","Year_Built":2010,"Sq_Footage":"3714","BUILD_ID":29286663,"OCC_CLS":"Residential","PRIM_OCC":"Multi - Family Dwelling","SEC_OCC":" ","PROP_ADDR":"4470 RICH BEEM BOULEVARD NORTHBOUND","PROP_CITY":"EL PASO","PROP_ST":"Texas","PROP_ZIP":"79938","OUTBLDG":" ","HEIGHT":5.59000015,"SQMETERS":190.007004,"SQFEET":2045.21997,"H_ADJ_ELEV":0,"L_ADJ_ELEV":0,"FIPS":"48141","CENSUSCODE":"48141010358","PROD_DATE":1414800000000,"SOURCE":"NGA","USNG":"13R CR 82042 20127","LONGITUDE":-106.246223833,"LATITUDE":31.810680403799999,"IMAGE_NAME":"Li270-El Paso","IMAGE_DATE":1414800000000,"VAL_METHOD":"Unverified","REMARKS":" ","UUID":"{5408da67-72cf-41b7-a2a6-5b6d390a1291}","Shape_Leng":0.00054630268785499998,"Shape_Area":1.80972809271e-08,"HEIGHT_FT":18.339896100600001,"Shape_Length":183.00689323117703}},{"type":"Feature","id":30145,"geometry":{"type":"Polygon","coordinates":[[[-106.24636251969527,31.810755545572949],[-106.24660044692428,31.810756683148767],[-106.2465980697537,31.810606248533787],[-106.24636161137344,31.810606239090042],[-106.24636251969527,31.810755545572949]]]},"properties":{"OBJECTID":30145,"Join_Count":1,"TARGET_FID":177753,"PIDN":"T81999900600300","STATE_CD":"B2","CombineADD":"4470 RICH BEEM BLVD","Type":"Commercial","State_Code":"B2","Living_Are":"3714","Value":0,"Value_Sq_F":0,"Descriptio":"MAIN AREA","Class_CD":"QRDA","Class_Desc":"Apartments; Frame; Average","Class_De_1":"Apartments","Building_M":"Frame","Condition":"Average","Exterior_W":"892","Year_Built":2010,"Sq_Footage":"3714","BUILD_ID":29286676,"OCC_CLS":"Residential","PRIM_OCC":"Multi - Family Dwelling","SEC_OCC":" ","PROP_ADDR":"4470 RICH BEEM BOULEVARD NORTHBOUND","PROP_CITY":"EL PASO","PROP_ST":"Texas","PROP_ZIP":"79938","OUTBLDG":" ","HEIGHT":3.91000009,"SQMETERS":359.929993,"SQFEET":3874.25,"H_ADJ_ELEV":0,"L_ADJ_ELEV":0,"FIPS":"48141","CENSUSCODE":"48141010358","PROD_DATE":1414800000000,"SOURCE":"NGA","USNG":"13R CR 82019 20127","LONGITUDE":-106.246467717,"LATITUDE":31.8106728926,"IMAGE_NAME":"Li270-El Paso","IMAGE_DATE":1414800000000,"VAL_METHOD":"Unverified","REMARKS":" ","UUID":"{495d53cd-27bf-42eb-9b6e-7e3f5ad7d9d5}","Shape_Leng":0.00075947737032299996,"Shape_Area":3.4281638085599997e-08,"HEIGHT_FT":12.8280846816,"Shape_Length":256.41356535258785}},{"type":"Feature","id":30146,"geometry":{"type":"Polygon","coordinates":[[[-106.24636184025542,31.810946741369925],[-106.24659705161322,31.810949197218839],[-106.24659746502861,31.810798635824678],[-106.24635682029088,31.8107988165584],[-106.24636184025542,31.810946741369925]]]},"properties":{"OBJECTID":30146,"Join_Count":1,"TARGET_FID":177754,"PIDN":"T81999900600300","STATE_CD":"B2","CombineADD":"4470 RICH BEEM BLVD","Type":"Commercial","State_Code":"B2","Living_Are":"3714","Value":0,"Value_Sq_F":0,"Descriptio":"MAIN AREA","Class_CD":"QRDA","Class_Desc":"Apartments; Frame; Average","Class_De_1":"Apartments","Building_M":"Frame","Condition":"Average","Exterior_W":"892","Year_Built":2010,"Sq_Footage":"3714","BUILD_ID":29286732,"OCC_CLS":"Residential","PRIM_OCC":"Multi - Family Dwelling","SEC_OCC":" ","PROP_ADDR":"4470 RICH BEEM BOULEVARD NORTHBOUND","PROP_CITY":"EL PASO","PROP_ST":"Texas","PROP_ZIP":"79938","OUTBLDG":" ","HEIGHT":3.91000009,"SQMETERS":345.313995,"SQFEET":3716.91992,"H_ADJ_ELEV":0,"L_ADJ_ELEV":0,"FIPS":"48141","CENSUSCODE":"48141010358","PROD_DATE":1414800000000,"SOURCE":"NGA","USNG":"13R CR 82019 20148","LONGITUDE":-106.246465048,"LATITUDE":31.8108655363,"IMAGE_NAME":"Li270-El Paso","IMAGE_DATE":1414800000000,"VAL_METHOD":"Unverified","REMARKS":" ","UUID":"{240c58f3-428a-4621-b8ae-e46a7108f04b}","Shape_Leng":0.00073749636424400001,"Shape_Area":3.28896049461e-08,"HEIGHT_FT":12.8280846816,"Shape_Length":256.43492559149109}},{"type":"Feature","id":30147,"geometry":{"type":"Polygon","coordinates":[[[-106.24615938558649,31.810953549689987],[-106.24631337821788,31.810954917422283],[-106.24631146199334,31.810834331440109],[-106.24616040861281,31.810835219887089],[-106.24615938558649,31.810953549689987]]]},"properties":{"OBJECTID":30147,"Join_Count":1,"TARGET_FID":177755,"PIDN":"T81999900600300","STATE_CD":"B2","CombineADD":"4470 RICH BEEM BLVD","Type":"Commercial","State_Code":"B2","Living_Are":"3714","Value":0,"Value_Sq_F":0,"Descriptio":"MAIN AREA","Class_CD":"QRDA","Class_Desc":"Apartments; Frame; Average","Class_De_1":"Apartments","Building_M":"Frame","Condition":"Average","Exterior_W":"892","Year_Built":2010,"Sq_Footage":"3714","BUILD_ID":29286735,"OCC_CLS":"Residential","PRIM_OCC":"Multi - Family Dwelling","SEC_OCC":" ","PROP_ADDR":"4470 RICH BEEM BOULEVARD NORTHBOUND","PROP_CITY":"EL PASO","PROP_ST":"Texas","PROP_ZIP":"79938","OUTBLDG":" ","HEIGHT":5.73000002,"SQMETERS":194.261993,"SQFEET":2091.01001,"H_ADJ_ELEV":0,"L_ADJ_ELEV":0,"FIPS":"48141","CENSUSCODE":"48141010358","PROD_DATE":1414800000000,"SOURCE":"NGA","USNG":"13R CR 82042 20150","LONGITUDE":-106.24622473700001,"LATITUDE":31.810887681499999,"IMAGE_NAME":"Li270-El Paso","IMAGE_DATE":1414800000000,"VAL_METHOD":"Unverified","REMARKS":" ","UUID":"{45ad51f2-fa21-4b36-bbbe-394a57c38e71}","Shape_Leng":0.00055179815284500005,"Shape_Area":1.8502568790299999e-08,"HEIGHT_FT":18.799213262599999,"Shape_Length":181.68354024657697}},{"type":"Feature","id":30148,"geometry":{"type":"Polygon","coordinates":[[[-106.24615296103309,31.811119916335699],[-106.24634043996639,31.811119761803649],[-106.24634166933689,31.810982306762931],[-106.24615132684787,31.810981395648131],[-106.24615296103309,31.811119916335699]]]},"properties":{"OBJECTID":30148,"Join_Count":1,"TARGET_FID":177756,"PIDN":"T81999900600300","STATE_CD":"B2","CombineADD":"4470 RICH BEEM BLVD","Type":"Commercial","State_Code":"B2","Living_Are":"3714","Value":0,"Value_Sq_F":0,"Descriptio":"MAIN AREA","Class_CD":"QRDA","Class_Desc":"Apartments; Frame; Average","Class_De_1":"Apartments","Building_M":"Frame","Condition":"Average","Exterior_W":"892","Year_Built":2010,"Sq_Footage":"3714","BUILD_ID":29286771,"OCC_CLS":"Residential","PRIM_OCC":"Multi - Family Dwelling","SEC_OCC":" ","PROP_ADDR":"4470 RICH BEEM BOULEVARD NORTHBOUND","PROP_CITY":"EL PASO","PROP_ST":"Texas","PROP_ZIP":"79938","OUTBLDG":" ","HEIGHT":6.03999996,"SQMETERS":240.705994,"SQFEET":2590.93994,"H_ADJ_ELEV":0,"L_ADJ_ELEV":0,"FIPS":"48141","CENSUSCODE":"48141010358","PROD_DATE":1414800000000,"SOURCE":"NGA","USNG":"13R CR 82041 20167","LONGITUDE":-106.246234087,"LATITUDE":31.811042600099999,"IMAGE_NAME":"Li270-El Paso","IMAGE_DATE":1414800000000,"VAL_METHOD":"Unverified","REMARKS":" ","UUID":"{aa57bea0-f74d-4878-91ff-5425b009cce5}","Shape_Leng":0.00061333430328300005,"Shape_Area":2.2926246459900002e-08,"HEIGHT_FT":19.816273474799999,"Shape_Length":217.76852549696724}},{"type":"Feature","id":30149,"geometry":{"type":"Polygon","coordinates":[[[-106.24641027380854,31.811117783873605],[-106.24659914809068,31.811117566476408],[-106.24660192080579,31.810982430099394],[-106.24641142989519,31.810979137302926],[-106.24641027380854,31.811117783873605]]]},"properties":{"OBJECTID":30149,"Join_Count":1,"TARGET_FID":177757,"PIDN":"T81999900600300","STATE_CD":"B2","CombineADD":"4470 RICH BEEM BLVD","Type":"Commercial","State_Code":"B2","Living_Are":"3714","Value":0,"Value_Sq_F":0,"Descriptio":"MAIN AREA","Class_CD":"QRDA","Class_Desc":"Apartments; Frame; Average","Class_De_1":"Apartments","Building_M":"Frame","Condition":"Average","Exterior_W":"892","Year_Built":2010,"Sq_Footage":"3714","BUILD_ID":29286772,"OCC_CLS":"Residential","PRIM_OCC":"Multi - Family Dwelling","SEC_OCC":" ","PROP_ADDR":"4470 RICH BEEM BOULEVARD NORTHBOUND","PROP_CITY":"EL PASO","PROP_ST":"Texas","PROP_ZIP":"79938","OUTBLDG":" ","HEIGHT":5.98000002,"SQMETERS":254.205994,"SQFEET":2736.23999,"H_ADJ_ELEV":0,"L_ADJ_ELEV":0,"FIPS":"48141","CENSUSCODE":"48141010358","PROD_DATE":1414800000000,"SOURCE":"NGA","USNG":"13R CR 82016 20167","LONGITUDE":-106.24649511,"LATITUDE":31.811040144900002,"IMAGE_NAME":"Li270-El Paso","IMAGE_DATE":1414800000000,"VAL_METHOD":"Unverified","REMARKS":" ","UUID":"{47a6ab21-79c8-4b6e-8636-0b0f014ac7d1}","Shape_Leng":0.00063293436258399997,"Shape_Area":2.4211995087599999e-08,"HEIGHT_FT":19.619423262600002,"Shape_Length":217.4664218019588}},{"type":"Feature","id":30150,"geometry":{"type":"Polygon","coordinates":[[[-106.24641369102095,31.81128489824815],[-106.24659977398105,31.811284807684789],[-106.24659843610108,31.811151052936328],[-106.24641367340878,31.811149888671086],[-106.24641369102095,31.81128489824815]]]},"properties":{"OBJECTID":30150,"Join_Count":1,"TARGET_FID":177758,"PIDN":"T81999900600300","STATE_CD":"B2","CombineADD":"4470 RICH BEEM BLVD","Type":"Commercial","State_Code":"B2","Living_Are":"3714","Value":0,"Value_Sq_F":0,"Descriptio":"MAIN AREA","Class_CD":"QRDA","Class_Desc":"Apartments; Frame; Average","Class_De_1":"Apartments","Building_M":"Frame","Condition":"Average","Exterior_W":"892","Year_Built":2010,"Sq_Footage":"3714","BUILD_ID":29286885,"OCC_CLS":"Residential","PRIM_OCC":"Multi - Family Dwelling","SEC_OCC":" ","PROP_ADDR":"4470 RICH BEEM BOULEVARD NORTHBOUND","PROP_CITY":"EL PASO","PROP_ST":"Texas","PROP_ZIP":"79938","OUTBLDG":" ","HEIGHT":5.8499999,"SQMETERS":247.832001,"SQFEET":2667.62988,"H_ADJ_ELEV":0,"L_ADJ_ELEV":0,"FIPS":"48141","CENSUSCODE":"48141010358","PROD_DATE":1414800000000,"SOURCE":"NGA","USNG":"13R CR 82017 20186","LONGITUDE":-106.2464911,"LATITUDE":31.811207404400001,"IMAGE_NAME":"Li270-El Paso","IMAGE_DATE":1414800000000,"VAL_METHOD":"Unverified","REMARKS":" ","UUID":"{f7ac7b75-e541-4979-81c9-90bc777535c4}","Shape_Leng":0.00062197610473199998,"Shape_Area":2.3604930187699999e-08,"HEIGHT_FT":19.192913687099999,"Shape_Length":212.97633099773088}},{"type":"Feature","id":30151,"geometry":{"type":"Polygon","coordinates":[[[-106.24614932705758,31.811286156188707],[-106.24633952162762,31.811284683443468],[-106.24633957941219,31.811150865299744],[-106.24614938511007,31.811152338045126],[-106.24614932705758,31.811286156188707]]]},"properties":{"OBJECTID":30151,"Join_Count":1,"TARGET_FID":177759,"PIDN":"T81999900600300","STATE_CD":"B2","CombineADD":"4470 RICH BEEM BLVD","Type":"Commercial","State_Code":"B2","Living_Are":"3714","Value":0,"Value_Sq_F":0,"Descriptio":"MAIN AREA","Class_CD":"QRDA","Class_Desc":"Apartments; Frame; Average","Class_De_1":"Apartments","Building_M":"Frame","Condition":"Average","Exterior_W":"892","Year_Built":2010,"Sq_Footage":"3714","BUILD_ID":29286883,"OCC_CLS":"Residential","PRIM_OCC":"Multi - Family Dwelling","SEC_OCC":" ","PROP_ADDR":"4470 RICH BEEM BOULEVARD NORTHBOUND","PROP_CITY":"EL PASO","PROP_ST":"Texas","PROP_ZIP":"79938","OUTBLDG":" ","HEIGHT":6.19000006,"SQMETERS":237.093002,"SQFEET":2552.04004,"H_ADJ_ELEV":0,"L_ADJ_ELEV":0,"FIPS":"48141","CENSUSCODE":"48141010358","PROD_DATE":1414800000000,"SOURCE":"NGA","USNG":"13R CR 82041 20185","LONGITUDE":-106.24623837199999,"LATITUDE":31.811204677500001,"IMAGE_NAME":"Li270-El Paso","IMAGE_DATE":1414800000000,"VAL_METHOD":"Unverified","REMARKS":" ","UUID":"{22cbff85-4aa9-4942-9910-f64a1ce844dc}","Shape_Leng":0.00060906129989699996,"Shape_Area":2.2582112052999999e-08,"HEIGHT_FT":20.308399787700001,"Shape_Length":215.53202956735271}},{"type":"Feature","id":30152,"geometry":{"type":"Polygon","coordinates":[[[-106.2464095529905,31.811465498362605],[-106.24659695731057,31.811464152028268],[-106.24659840897846,31.81133027054663],[-106.24641232598542,31.811330362008601],[-106.2464095529905,31.811465498362605]]]},"properties":{"OBJECTID":30152,"Join_Count":1,"TARGET_FID":177760,"PIDN":"T81999900600300","STATE_CD":"B2","CombineADD":"4470 RICH BEEM BLVD","Type":"Commercial","State_Code":"B2","Living_Are":"3714","Value":0,"Value_Sq_F":0,"Descriptio":"MAIN AREA","Class_CD":"QRDA","Class_Desc":"Apartments; Frame; Average","Class_De_1":"Apartments","Building_M":"Frame","Condition":"Average","Exterior_W":"892","Year_Built":2010,"Sq_Footage":"3714","BUILD_ID":29286943,"OCC_CLS":"Residential","PRIM_OCC":"Multi - Family Dwelling","SEC_OCC":" ","PROP_ADDR":"4470 RICH BEEM BOULEVARD NORTHBOUND","PROP_CITY":"EL PASO","PROP_ST":"Texas","PROP_ZIP":"79938","OUTBLDG":" ","HEIGHT":5.92999983,"SQMETERS":255.100006,"SQFEET":2745.87012,"H_ADJ_ELEV":0,"L_ADJ_ELEV":0,"FIPS":"48141","CENSUSCODE":"48141010358","PROD_DATE":1414800000000,"SOURCE":"NGA","USNG":"13R CR 82017 20205","LONGITUDE":-106.24648875299999,"LATITUDE":31.8113830333,"IMAGE_NAME":"Li270-El Paso","IMAGE_DATE":1414800000000,"VAL_METHOD":"Unverified","REMARKS":" ","UUID":"{1797eaac-c21f-4023-b8be-7a4fe907c944}","Shape_Leng":0.00063541736177000002,"Shape_Area":2.42972193765e-08,"HEIGHT_FT":19.455380636800001,"Shape_Length":213.89731370861523}},{"type":"Feature","id":30153,"geometry":{"type":"Polygon","coordinates":[[[-106.24614650959273,31.811465501423005],[-106.24634096466686,31.811465029985147],[-106.2463411698685,31.811333594861306],[-106.24614664082907,31.81133287481823],[-106.24614650959273,31.811465501423005]]]},"properties":{"OBJECTID":30153,"Join_Count":1,"TARGET_FID":177761,"PIDN":"T81999900600300","STATE_CD":"B2","CombineADD":"4470 RICH BEEM BLVD","Type":"Commercial","State_Code":"B2","Living_Are":"3714","Value":0,"Value_Sq_F":0,"Descriptio":"MAIN AREA","Class_CD":"QRDA","Class_Desc":"Apartments; Frame; Average","Class_De_1":"Apartments","Building_M":"Frame","Condition":"Average","Exterior_W":"892","Year_Built":2010,"Sq_Footage":"3714","BUILD_ID":29286945,"OCC_CLS":"Residential","PRIM_OCC":"Multi - Family Dwelling","SEC_OCC":" ","PROP_ADDR":"4470 RICH BEEM BOULEVARD NORTHBOUND","PROP_CITY":"EL PASO","PROP_ST":"Texas","PROP_ZIP":"79938","OUTBLDG":" ","HEIGHT":3.46000004,"SQMETERS":238.578003,"SQFEET":2568.03003,"H_ADJ_ELEV":0,"L_ADJ_ELEV":0,"FIPS":"48141","CENSUSCODE":"48141010358","PROD_DATE":1414800000000,"SOURCE":"NGA","USNG":"13R CR 82041 20206","LONGITUDE":-106.24623551400001,"LATITUDE":31.811390702600001,"IMAGE_NAME":"Li270-El Paso","IMAGE_DATE":1414800000000,"VAL_METHOD":"Unverified","REMARKS":" ","UUID":"{606bc929-0530-4160-9607-9334e51009f0}","Shape_Leng":0.00061655327704300002,"Shape_Area":2.2723623754600002e-08,"HEIGHT_FT":11.351706525199999,"Shape_Length":216.8975069225902}},{"type":"Feature","id":30154,"geometry":{"type":"Polygon","coordinates":[[[-106.24614559196861,31.811630422990529],[-106.24634136739364,31.811628696728324],[-106.24634017834666,31.811497324957909],[-106.24614440208153,31.811499050365672],[-106.24614559196861,31.811630422990529]]]},"properties":{"OBJECTID":30154,"Join_Count":1,"TARGET_FID":177762,"PIDN":"T81999900600300","STATE_CD":"B2","CombineADD":"4470 RICH BEEM BLVD","Type":"Commercial","State_Code":"B2","Living_Are":"3714","Value":0,"Value_Sq_F":0,"Descriptio":"MAIN AREA","Class_CD":"QRDA","Class_Desc":"Apartments; Frame; Average","Class_De_1":"Apartments","Building_M":"Frame","Condition":"Average","Exterior_W":"892","Year_Built":2010,"Sq_Footage":"3714","BUILD_ID":29287037,"OCC_CLS":"Residential","PRIM_OCC":"Multi - Family Dwelling","SEC_OCC":" ","PROP_ADDR":"4470 RICH BEEM BOULEVARD NORTHBOUND","PROP_CITY":"EL PASO","PROP_ST":"Texas","PROP_ZIP":"79938","OUTBLDG":" ","HEIGHT":3.42000008,"SQMETERS":233.136002,"SQFEET":2509.44995,"H_ADJ_ELEV":0,"L_ADJ_ELEV":0,"FIPS":"48141","CENSUSCODE":"48141010358","PROD_DATE":1414800000000,"SOURCE":"NGA","USNG":"13R CR 82042 20224","LONGITUDE":-106.246234203,"LATITUDE":31.811551261000002,"IMAGE_NAME":"Li270-El Paso","IMAGE_DATE":1414800000000,"VAL_METHOD":"Unverified","REMARKS":" ","UUID":"{3916b654-8570-43c9-af05-9aafe9621c7d}","Shape_Leng":0.00060797226774200004,"Shape_Area":2.2205327232400001e-08,"HEIGHT_FT":11.220473050300001,"Shape_Length":217.22414594775589}},{"type":"Feature","id":30155,"geometry":{"type":"Polygon","coordinates":[[[-106.24641127690256,31.811627910231202],[-106.24659728729283,31.811626627241981],[-106.24659602259709,31.811494064040783],[-106.24641126034838,31.811492900624987],[-106.24641127690256,31.811627910231202]]]},"properties":{"OBJECTID":30155,"Join_Count":1,"TARGET_FID":177763,"PIDN":"T81999900600300","STATE_CD":"B2","CombineADD":"4470 RICH BEEM BLVD","Type":"Commercial","State_Code":"B2","Living_Are":"3714","Value":0,"Value_Sq_F":0,"Descriptio":"MAIN AREA","Class_CD":"QRDA","Class_Desc":"Apartments; Frame; Average","Class_De_1":"Apartments","Building_M":"Frame","Condition":"Average","Exterior_W":"892","Year_Built":2010,"Sq_Footage":"3714","BUILD_ID":29287038,"OCC_CLS":"Residential","PRIM_OCC":"Multi - Family Dwelling","SEC_OCC":" ","PROP_ADDR":"4470 RICH BEEM BOULEVARD NORTHBOUND","PROP_CITY":"EL PASO","PROP_ST":"Texas","PROP_ZIP":"79938","OUTBLDG":" ","HEIGHT":6.15999985,"SQMETERS":230.699005,"SQFEET":2483.21997,"H_ADJ_ELEV":0,"L_ADJ_ELEV":0,"FIPS":"48141","CENSUSCODE":"48141010358","PROD_DATE":1414800000000,"SOURCE":"NGA","USNG":"13R CR 82017 20224","LONGITUDE":-106.246492374,"LATITUDE":31.811548253800002,"IMAGE_NAME":"Li270-El Paso","IMAGE_DATE":1414800000000,"VAL_METHOD":"Unverified","REMARKS":" ","UUID":"{5252a877-5c35-48c6-983f-1d0d3ef37718}","Shape_Leng":0.00060268824927899999,"Shape_Area":2.1973174068899999e-08,"HEIGHT_FT":20.209973899400001,"Shape_Length":212.5214917716817}},{"type":"Feature","id":30156,"geometry":{"type":"Polygon","coordinates":[[[-106.24641028549843,31.811791640308908],[-106.24659651787591,31.811793931811387],[-106.24659642681814,31.811657730733391],[-106.2464087983476,31.811655502671893],[-106.24641028549843,31.811791640308908]]]},"properties":{"OBJECTID":30156,"Join_Count":1,"TARGET_FID":177764,"PIDN":"T81999900600300","STATE_CD":"B2","CombineADD":"4470 RICH BEEM BLVD","Type":"Commercial","State_Code":"B2","Living_Are":"3714","Value":0,"Value_Sq_F":0,"Descriptio":"MAIN AREA","Class_CD":"QRDA","Class_Desc":"Apartments; Frame; Average","Class_De_1":"Apartments","Building_M":"Frame","Condition":"Average","Exterior_W":"892","Year_Built":2010,"Sq_Footage":"3714","BUILD_ID":29287109,"OCC_CLS":"Residential","PRIM_OCC":"Multi - Family Dwelling","SEC_OCC":" ","PROP_ADDR":"4470 RICH BEEM BOULEVARD NORTHBOUND","PROP_CITY":"EL PASO","PROP_ST":"Texas","PROP_ZIP":"79938","OUTBLDG":" ","HEIGHT":6,"SQMETERS":236.505005,"SQFEET":2545.71997,"H_ADJ_ELEV":0,"L_ADJ_ELEV":0,"FIPS":"48141","CENSUSCODE":"48141010358","PROD_DATE":1414800000000,"SOURCE":"NGA","USNG":"13R CR 82018 20242","LONGITUDE":-106.24648858800001,"LATITUDE":31.811710752900002,"IMAGE_NAME":"Li270-El Paso","IMAGE_DATE":1414800000000,"VAL_METHOD":"Unverified","REMARKS":" ","UUID":"{19443b24-2952-4b1b-b7d8-353f3d83a6dc}","Shape_Leng":0.00061087928117299997,"Shape_Area":2.25262509506e-08,"HEIGHT_FT":19.685040000000001,"Shape_Length":215.22314468817814}},{"type":"Feature","id":30157,"geometry":{"type":"Polygon","coordinates":[[[-106.24614709272804,31.811789260408659],[-106.24634030163188,31.811791235324527],[-106.24633926105842,31.811662246524641],[-106.24614597818233,31.811659080126113],[-106.24614709272804,31.811789260408659]]]},"properties":{"OBJECTID":30157,"Join_Count":1,"TARGET_FID":177765,"PIDN":"T81999900600300","STATE_CD":"B2","CombineADD":"4470 RICH BEEM BLVD","Type":"Commercial","State_Code":"B2","Living_Are":"3714","Value":0,"Value_Sq_F":0,"Descriptio":"MAIN AREA","Class_CD":"QRDA","Class_Desc":"Apartments; Frame; Average","Class_De_1":"Apartments","Building_M":"Frame","Condition":"Average","Exterior_W":"892","Year_Built":2010,"Sq_Footage":"3714","BUILD_ID":29287108,"OCC_CLS":"Residential","PRIM_OCC":"Multi - Family Dwelling","SEC_OCC":" ","PROP_ADDR":"4470 RICH BEEM BOULEVARD NORTHBOUND","PROP_CITY":"EL PASO","PROP_ST":"Texas","PROP_ZIP":"79938","OUTBLDG":" ","HEIGHT":3.50999999,"SQMETERS":231.253998,"SQFEET":2489.18994,"H_ADJ_ELEV":0,"L_ADJ_ELEV":0,"FIPS":"48141","CENSUSCODE":"48141010358","PROD_DATE":1414800000000,"SOURCE":"NGA","USNG":"13R CR 82042 20242","LONGITUDE":-106.24623127700001,"LATITUDE":31.8117124286,"IMAGE_NAME":"Li270-El Paso","IMAGE_DATE":1414800000000,"VAL_METHOD":"Unverified","REMARKS":" ","UUID":"{787dfc5a-899a-4729-9c21-19a9c279f82c}","Shape_Leng":0.00060394602987799998,"Shape_Area":2.2026074368399999e-08,"HEIGHT_FT":11.515748368700001,"Shape_Length":214.35987223003471}},{"type":"Feature","id":30158,"geometry":{"type":"Polygon","coordinates":[[[-106.24614338448178,31.811954308735682],[-106.2463407043589,31.811954902046143],[-106.24634083637942,31.811822275419519],[-106.24614792429557,31.811825065527945],[-106.24614338448178,31.811954308735682]]]},"properties":{"OBJECTID":30158,"Join_Count":1,"TARGET_FID":177766,"PIDN":"T81999900600300","STATE_CD":"B2","CombineADD":"4470 RICH BEEM BLVD","Type":"Commercial","State_Code":"B2","Living_Are":"3714","Value":0,"Value_Sq_F":0,"Descriptio":"MAIN AREA","Class_CD":"QRDA","Class_Desc":"Apartments; Frame; Average","Class_De_1":"Apartments","Building_M":"Frame","Condition":"Average","Exterior_W":"892","Year_Built":2010,"Sq_Footage":"3714","BUILD_ID":29287148,"OCC_CLS":"Residential","PRIM_OCC":"Multi - Family Dwelling","SEC_OCC":" ","PROP_ADDR":"4470 RICH BEEM BOULEVARD NORTHBOUND","PROP_CITY":"EL PASO","PROP_ST":"Texas","PROP_ZIP":"79938","OUTBLDG":" ","HEIGHT":3.43000007,"SQMETERS":224.957993,"SQFEET":2421.41992,"H_ADJ_ELEV":0,"L_ADJ_ELEV":0,"FIPS":"48141","CENSUSCODE":"48141010358","PROD_DATE":1414800000000,"SOURCE":"NGA","USNG":"13R CR 82042 20260","LONGITUDE":-106.246232421,"LATITUDE":31.811875454100001,"IMAGE_NAME":"Li270-El Paso","IMAGE_DATE":1414800000000,"VAL_METHOD":"Unverified","REMARKS":" ","UUID":"{bea90459-d978-431d-8a25-3a7f83cc12a8}","Shape_Leng":0.00060133390310499997,"Shape_Area":2.1426461708000001e-08,"HEIGHT_FT":11.253281419,"Shape_Length":216.51642718251651}},{"type":"Feature","id":30159,"geometry":{"type":"Polygon","coordinates":[[[-106.24640936832907,31.811956561856491],[-106.2465969220991,31.811957598484092],[-106.2465982995341,31.811822525548422],[-106.24640788117698,31.811820424228586],[-106.24640936832907,31.811956561856491]]]},"properties":{"OBJECTID":30159,"Join_Count":1,"TARGET_FID":177767,"PIDN":"T81999900600300","STATE_CD":"B2","CombineADD":"4470 RICH BEEM BLVD","Type":"Commercial","State_Code":"B2","Living_Are":"3714","Value":0,"Value_Sq_F":0,"Descriptio":"MAIN AREA","Class_CD":"QRDA","Class_Desc":"Apartments; Frame; Average","Class_De_1":"Apartments","Building_M":"Frame","Condition":"Average","Exterior_W":"892","Year_Built":2010,"Sq_Footage":"3714","BUILD_ID":29287151,"OCC_CLS":"Residential","PRIM_OCC":"Multi - Family Dwelling","SEC_OCC":" ","PROP_ADDR":"4470 RICH BEEM BOULEVARD NORTHBOUND","PROP_CITY":"EL PASO","PROP_ST":"Texas","PROP_ZIP":"79938","OUTBLDG":" ","HEIGHT":6.17000008,"SQMETERS":234.546997,"SQFEET":2524.63989,"H_ADJ_ELEV":0,"L_ADJ_ELEV":0,"FIPS":"48141","CENSUSCODE":"48141010358","PROD_DATE":1414800000000,"SOURCE":"NGA","USNG":"13R CR 82018 20260","LONGITUDE":-106.24649132099999,"LATITUDE":31.811873012,"IMAGE_NAME":"Li270-El Paso","IMAGE_DATE":1414800000000,"VAL_METHOD":"Unverified","REMARKS":" ","UUID":"{7948a94e-57a3-48cb-a5ba-9fb4f37bbfd3}","Shape_Leng":0.00060838026607400002,"Shape_Area":2.2339778477699999e-08,"HEIGHT_FT":20.242783050300002,"Shape_Length":216.08605575591309}},{"type":"Feature","id":30160,"geometry":{"type":"Polygon","coordinates":[[[-106.24640153367557,31.812100291213941],[-106.24658908772926,31.812101327852776],[-106.24658886234886,31.811985444505904],[-106.2464013827621,31.811985599347508],[-106.24640153367557,31.812100291213941]]]},"properties":{"OBJECTID":30160,"Join_Count":1,"TARGET_FID":177768,"PIDN":"T81999900600300","STATE_CD":"B2","CombineADD":"4470 RICH BEEM BLVD","Type":"Commercial","State_Code":"B2","Living_Are":"3714","Value":0,"Value_Sq_F":0,"Descriptio":"MAIN AREA","Class_CD":"QRDA","Class_Desc":"Apartments; Frame; Average","Class_De_1":"Apartments","Building_M":"Frame","Condition":"Average","Exterior_W":"892","Year_Built":2010,"Sq_Footage":"3714","BUILD_ID":29287229,"OCC_CLS":"Residential","PRIM_OCC":"Multi - Family Dwelling","SEC_OCC":" ","PROP_ADDR":"4470 RICH BEEM BOULEVARD NORTHBOUND","PROP_CITY":"EL PASO","PROP_ST":"Texas","PROP_ZIP":"79938","OUTBLDG":" ","HEIGHT":6.05999994,"SQMETERS":243.806,"SQFEET":2624.31006,"H_ADJ_ELEV":0,"L_ADJ_ELEV":0,"FIPS":"48141","CENSUSCODE":"48141010358","PROD_DATE":1414800000000,"SOURCE":"NGA","USNG":"13R CR 82018 20278","LONGITUDE":-106.246489821,"LATITUDE":31.812037480200001,"IMAGE_NAME":"Li270-El Paso","IMAGE_DATE":1414800000000,"VAL_METHOD":"Unverified","REMARKS":" ","UUID":"{ce77dee2-ee19-48d6-83e8-734de2af89bd}","Shape_Leng":0.00061918430730799996,"Shape_Area":2.3221763427600001e-08,"HEIGHT_FT":19.8818902123,"Shape_Length":200.38173587994828}},{"type":"Feature","id":30161,"geometry":{"type":"Polygon","coordinates":[[[-106.24614289610663,31.812103678577277],[-106.24633735248719,31.812103207144947],[-106.2463369799939,31.811984940788157],[-106.24614678402173,31.811986413529347],[-106.24614289610663,31.812103678577277]]]},"properties":{"OBJECTID":30161,"Join_Count":1,"TARGET_FID":177769,"PIDN":"T81999900600300","STATE_CD":"B2","CombineADD":"4470 RICH BEEM BLVD","Type":"Commercial","State_Code":"B2","Living_Are":"3714","Value":0,"Value_Sq_F":0,"Descriptio":"MAIN AREA","Class_CD":"QRDA","Class_Desc":"Apartments; Frame; Average","Class_De_1":"Apartments","Building_M":"Frame","Condition":"Average","Exterior_W":"892","Year_Built":2010,"Sq_Footage":"3714","BUILD_ID":29287228,"OCC_CLS":"Residential","PRIM_OCC":"Multi - Family Dwelling","SEC_OCC":" ","PROP_ADDR":"4470 RICH BEEM BOULEVARD NORTHBOUND","PROP_CITY":"EL PASO","PROP_ST":"Texas","PROP_ZIP":"79938","OUTBLDG":" ","HEIGHT":3.46000004,"SQMETERS":238.619003,"SQFEET":2568.46997,"H_ADJ_ELEV":0,"L_ADJ_ELEV":0,"FIPS":"48141","CENSUSCODE":"48141010358","PROD_DATE":1414800000000,"SOURCE":"NGA","USNG":"13R CR 82042 20278","LONGITUDE":-106.24623433399999,"LATITUDE":31.812038220400002,"IMAGE_NAME":"Li270-El Paso","IMAGE_DATE":1414800000000,"VAL_METHOD":"Unverified","REMARKS":" ","UUID":"{08356ebe-1cd1-4571-ac8d-a308b77bdcfc}","Shape_Leng":0.00061609198892199999,"Shape_Area":2.2727667520000001e-08,"HEIGHT_FT":11.351706525199999,"Shape_Length":205.19127252905403}},{"type":"Feature","id":30162,"geometry":{"type":"Polygon","coordinates":[[[-106.24614028621521,31.812263897569526],[-106.24632761787684,31.812261360142273],[-106.24632650307824,31.812131179886087],[-106.2461405669859,31.81213365392134],[-106.24614028621521,31.812263897569526]]]},"properties":{"OBJECTID":30162,"Join_Count":1,"TARGET_FID":177770,"PIDN":"T81999900600300","STATE_CD":"B2","CombineADD":"4470 RICH BEEM BLVD","Type":"Commercial","State_Code":"B2","Living_Are":"3714","Value":0,"Value_Sq_F":0,"Descriptio":"MAIN AREA","Class_CD":"QRDA","Class_Desc":"Apartments; Frame; Average","Class_De_1":"Apartments","Building_M":"Frame","Condition":"Average","Exterior_W":"892","Year_Built":2010,"Sq_Footage":"3714","BUILD_ID":29287283,"OCC_CLS":"Residential","PRIM_OCC":"Multi - Family Dwelling","SEC_OCC":" ","PROP_ADDR":"4470 RICH BEEM BOULEVARD NORTHBOUND","PROP_CITY":"EL PASO","PROP_ST":"Texas","PROP_ZIP":"79938","OUTBLDG":" ","HEIGHT":6,"SQMETERS":244.251007,"SQFEET":2629.09009,"H_ADJ_ELEV":0,"L_ADJ_ELEV":0,"FIPS":"48141","CENSUSCODE":"48141010358","PROD_DATE":1414800000000,"SOURCE":"NGA","USNG":"13R CR 82042 20296","LONGITUDE":-106.246235325,"LATITUDE":31.812200299499999,"IMAGE_NAME":"Li270-El Paso","IMAGE_DATE":1414800000000,"VAL_METHOD":"Unverified","REMARKS":" ","UUID":"{9fb5d45a-5ad8-4557-9925-1cf169c6c895}","Shape_Leng":0.00062370917238500001,"Shape_Area":2.3264147042900002e-08,"HEIGHT_FT":19.685040000000001,"Shape_Length":210.7058073840393}},{"type":"Feature","id":30163,"geometry":{"type":"Polygon","coordinates":[[[-106.24639922011899,31.812265276182128],[-106.24658523070286,31.812263993258384],[-106.24658404131063,31.812132621523883],[-106.24640067313248,31.812131394698074],[-106.24639922011899,31.812265276182128]]]},"properties":{"OBJECTID":30163,"Join_Count":1,"TARGET_FID":177771,"PIDN":"T81999900600300","STATE_CD":"B2","CombineADD":"4470 RICH BEEM BLVD","Type":"Commercial","State_Code":"B2","Living_Are":"3714","Value":0,"Value_Sq_F":0,"Descriptio":"MAIN AREA","Class_CD":"QRDA","Class_Desc":"Apartments; Frame; Average","Class_De_1":"Apartments","Building_M":"Frame","Condition":"Average","Exterior_W":"892","Year_Built":2010,"Sq_Footage":"3714","BUILD_ID":29287287,"OCC_CLS":"Residential","PRIM_OCC":"Multi - Family Dwelling","SEC_OCC":" ","PROP_ADDR":"4470 RICH BEEM BOULEVARD NORTHBOUND","PROP_CITY":"EL PASO","PROP_ST":"Texas","PROP_ZIP":"79938","OUTBLDG":" ","HEIGHT":5.92999983,"SQMETERS":249.516006,"SQFEET":2685.76001,"H_ADJ_ELEV":0,"L_ADJ_ELEV":0,"FIPS":"48141","CENSUSCODE":"48141010358","PROD_DATE":1414800000000,"SOURCE":"NGA","USNG":"13R CR 82018 20296","LONGITUDE":-106.246490163,"LATITUDE":31.812200888,"IMAGE_NAME":"Li270-El Paso","IMAGE_DATE":1414800000000,"VAL_METHOD":"Unverified","REMARKS":" ","UUID":"{78e86645-ef90-45f1-a7f2-a8468fafc9ef}","Shape_Leng":0.00062605835042400001,"Shape_Area":2.37655958287e-08,"HEIGHT_FT":19.455380636800001,"Shape_Length":211.24602644945145}},{"type":"Feature","id":30164,"geometry":{"type":"Polygon","coordinates":[[[-106.2461408381247,31.812429947173996],[-106.24632545371767,31.812428728011753],[-106.24632426468263,31.812297356283615],[-106.24613949982019,31.812296192530635],[-106.2461408381247,31.812429947173996]]]},"properties":{"OBJECTID":30164,"Join_Count":1,"TARGET_FID":177772,"PIDN":"T81999900600300","STATE_CD":"B2","CombineADD":"4470 RICH BEEM BLVD","Type":"Commercial","State_Code":"B2","Living_Are":"3714","Value":0,"Value_Sq_F":0,"Descriptio":"MAIN AREA","Class_CD":"QRDA","Class_Desc":"Apartments; Frame; Average","Class_De_1":"Apartments","Building_M":"Frame","Condition":"Average","Exterior_W":"892","Year_Built":2010,"Sq_Footage":"3714","BUILD_ID":29287331,"OCC_CLS":"Residential","PRIM_OCC":"Multi - Family Dwelling","SEC_OCC":" ","PROP_ADDR":"4470 RICH BEEM BOULEVARD NORTHBOUND","PROP_CITY":"EL PASO","PROP_ST":"Texas","PROP_ZIP":"79938","OUTBLDG":" ","HEIGHT":5.94000006,"SQMETERS":242.554993,"SQFEET":2610.84009,"H_ADJ_ELEV":0,"L_ADJ_ELEV":0,"FIPS":"48141","CENSUSCODE":"48141010358","PROD_DATE":1414800000000,"SOURCE":"NGA","USNG":"13R CR 82043 20314","LONGITUDE":-106.24623291100001,"LATITUDE":31.8123621529,"IMAGE_NAME":"Li270-El Paso","IMAGE_DATE":1414800000000,"VAL_METHOD":"Unverified","REMARKS":" ","UUID":"{4e9524db-f9f9-43a9-88a9-15c6ece05a3a}","Shape_Leng":0.00062199514494499998,"Shape_Area":2.3102657771799999e-08,"HEIGHT_FT":19.488189787700001,"Shape_Length":211.19954241964246}},{"type":"Feature","id":30165,"geometry":{"type":"Polygon","coordinates":[[[-106.24640124203643,31.812432453872759],[-106.24658725294765,31.812431170946187],[-106.24658444551375,31.812296288174267],[-106.24639835957366,31.812296379664186],[-106.24640124203643,31.812432453872759]]]},"properties":{"OBJECTID":30165,"Join_Count":1,"TARGET_FID":177773,"PIDN":"T81999900600300","STATE_CD":"B2","CombineADD":"4470 RICH BEEM BLVD","Type":"Commercial","State_Code":"B2","Living_Are":"3714","Value":0,"Value_Sq_F":0,"Descriptio":"MAIN AREA","Class_CD":"QRDA","Class_Desc":"Apartments; Frame; Average","Class_De_1":"Apartments","Building_M":"Frame","Condition":"Average","Exterior_W":"892","Year_Built":2010,"Sq_Footage":"3714","BUILD_ID":29287349,"OCC_CLS":"Residential","PRIM_OCC":"Multi - Family Dwelling","SEC_OCC":" ","PROP_ADDR":"4470 RICH BEEM BOULEVARD NORTHBOUND","PROP_CITY":"EL PASO","PROP_ST":"Texas","PROP_ZIP":"79938","OUTBLDG":" ","HEIGHT":5.67999983,"SQMETERS":260.121002,"SQFEET":2799.90991,"H_ADJ_ELEV":0,"L_ADJ_ELEV":0,"FIPS":"48141","CENSUSCODE":"48141010358","PROD_DATE":1414800000000,"SOURCE":"NGA","USNG":"13R CR 82019 20314","LONGITUDE":-106.24648966700001,"LATITUDE":31.81236505,"IMAGE_NAME":"Li270-El Paso","IMAGE_DATE":1414800000000,"VAL_METHOD":"Unverified","REMARKS":" ","UUID":"{6f0b6f4f-e816-4cad-9988-29d0fbece15d}","Shape_Leng":0.00063772839377400001,"Shape_Area":2.4775738718899999e-08,"HEIGHT_FT":18.635170636800002,"Shape_Length":214.17570518966778}},{"type":"Feature","id":30166,"geometry":{"type":"Polygon","coordinates":[[[-106.24678404383022,31.811861877627454],[-106.24692819654157,31.811862496933063],[-106.24692840193012,31.811731060880884],[-106.24678300159876,31.811732888882716],[-106.24678404383022,31.811861877627454]]]},"properties":{"OBJECTID":30166,"Join_Count":1,"TARGET_FID":177774,"PIDN":"T81999900600300","STATE_CD":"B2","CombineADD":"4470 RICH BEEM BLVD","Type":"Commercial","State_Code":"B2","Living_Are":"3714","Value":0,"Value_Sq_F":0,"Descriptio":"MAIN AREA","Class_CD":"QRDA","Class_Desc":"Apartments; Frame; Average","Class_De_1":"Apartments","Building_M":"Frame","Condition":"Average","Exterior_W":"892","Year_Built":2010,"Sq_Footage":"3714","BUILD_ID":29287125,"OCC_CLS":"Residential","PRIM_OCC":"Multi - Family Dwelling","SEC_OCC":" ","PROP_ADDR":"4470 RICH BEEM BOULEVARD NORTHBOUND","PROP_CITY":"EL PASO","PROP_ST":"Texas","PROP_ZIP":"79938","OUTBLDG":" ","HEIGHT":5.61000013,"SQMETERS":187.908997,"SQFEET":2022.63,"H_ADJ_ELEV":0,"L_ADJ_ELEV":0,"FIPS":"48141","CENSUSCODE":"48141010358","PROD_DATE":1414800000000,"SOURCE":"NGA","USNG":"13R CR 81983 20250","LONGITUDE":-106.24685287200001,"LATITUDE":31.8117797544,"IMAGE_NAME":"Li270-El Paso","IMAGE_DATE":1414800000000,"VAL_METHOD":"Unverified","REMARKS":" ","UUID":"{4bef307f-e149-4347-835f-d096ba73b6c6}","Shape_Leng":0.00053608117002200005,"Shape_Area":1.7897672498599999e-08,"HEIGHT_FT":18.405512838,"Shape_Length":184.6922391643858}},{"type":"Feature","id":30167,"geometry":{"type":"Polygon","coordinates":[[[-106.24695896645403,31.81186229278104],[-106.24710164961232,31.811861783813406],[-106.24710060800433,31.811732795023335],[-106.24695366382164,31.81173230275482],[-106.24695896645403,31.81186229278104]]]},"properties":{"OBJECTID":30167,"Join_Count":1,"TARGET_FID":177775,"PIDN":"T81999900600300","STATE_CD":"B2","CombineADD":"4470 RICH BEEM BLVD","Type":"Commercial","State_Code":"B2","Living_Are":"3714","Value":0,"Value_Sq_F":0,"Descriptio":"MAIN AREA","Class_CD":"QRDA","Class_Desc":"Apartments; Frame; Average","Class_De_1":"Apartments","Building_M":"Frame","Condition":"Average","Exterior_W":"892","Year_Built":2010,"Sq_Footage":"3714","BUILD_ID":29287123,"OCC_CLS":"Residential","PRIM_OCC":"Multi - Family Dwelling","SEC_OCC":" ","PROP_ADDR":"4470 RICH BEEM BOULEVARD NORTHBOUND","PROP_CITY":"EL PASO","PROP_ST":"Texas","PROP_ZIP":"79938","OUTBLDG":" ","HEIGHT":5.92000008,"SQMETERS":187.759003,"SQFEET":2021.02002,"H_ADJ_ELEV":0,"L_ADJ_ELEV":0,"FIPS":"48141","CENSUSCODE":"48141010358","PROD_DATE":1414800000000,"SOURCE":"NGA","USNG":"13R CR 81967 20250","LONGITUDE":-106.247024548,"LATITUDE":31.811782086299999,"IMAGE_NAME":"Li270-El Paso","IMAGE_DATE":1414800000000,"VAL_METHOD":"Unverified","REMARKS":" ","UUID":"{6ba53385-e71f-4c4b-a4a3-a21ee2f79edb}","Shape_Leng":0.00053494964461899995,"Shape_Area":1.78833982997e-08,"HEIGHT_FT":19.422573050299999,"Shape_Length":184.21320867874198}},{"type":"Feature","id":30168,"geometry":{"type":"Polygon","coordinates":[[[-106.24712823365638,31.811861770724342],[-106.24727385587056,31.811863516826179],[-106.24727281402866,31.811734528037558],[-106.24712873470166,31.811735100641691],[-106.24712823365638,31.811861770724342]]]},"properties":{"OBJECTID":30168,"Join_Count":1,"TARGET_FID":177776,"PIDN":"T81999900600300","STATE_CD":"B2","CombineADD":"4470 RICH BEEM BLVD","Type":"Commercial","State_Code":"B2","Living_Are":"3714","Value":0,"Value_Sq_F":0,"Descriptio":"MAIN AREA","Class_CD":"QRDA","Class_Desc":"Apartments; Frame; Average","Class_De_1":"Apartments","Building_M":"Frame","Condition":"Average","Exterior_W":"892","Year_Built":2010,"Sq_Footage":"3714","BUILD_ID":29287122,"OCC_CLS":"Residential","PRIM_OCC":"Multi - Family Dwelling","SEC_OCC":" ","PROP_ADDR":"4470 RICH BEEM BOULEVARD NORTHBOUND","PROP_CITY":"EL PASO","PROP_ST":"Texas","PROP_ZIP":"79938","OUTBLDG":" ","HEIGHT":6.03999996,"SQMETERS":175.802002,"SQFEET":1892.31006,"H_ADJ_ELEV":0,"L_ADJ_ELEV":0,"FIPS":"48141","CENSUSCODE":"48141010358","PROD_DATE":1414800000000,"SOURCE":"NGA","USNG":"13R CR 81951 20250","LONGITUDE":-106.24719319499999,"LATITUDE":31.8117804912,"IMAGE_NAME":"Li270-El Paso","IMAGE_DATE":1414800000000,"VAL_METHOD":"Unverified","REMARKS":" ","UUID":"{2f0d411f-0025-4784-8266-8a107c023ec4}","Shape_Leng":0.00051760549272599995,"Shape_Area":1.67445100353e-08,"HEIGHT_FT":19.816273474799999,"Shape_Length":183.0043033103012}},{"type":"Feature","id":30169,"geometry":{"type":"Polygon","coordinates":[[[-106.24735574470103,31.811875327983966],[-106.24748734071972,31.811876517253793],[-106.24748952196046,31.811844158874106],[-106.24754401003902,31.811842877694389],[-106.24754175177763,31.811761734731117],[-106.24749005441431,31.811762890000725],[-106.24748941320598,31.811685258117858],[-106.2473621518677,31.811686261600169],[-106.24736166289266,31.811723322497691],[-106.24730857018608,31.811724540198259],[-106.24730805295161,31.811828509701165],[-106.24735563973555,31.811828736146811],[-106.24735574470103,31.811875327983966]]]},"properties":{"OBJECTID":30169,"Join_Count":1,"TARGET_FID":177777,"PIDN":"T81999900600300","STATE_CD":"B2","CombineADD":"4470 RICH BEEM BLVD","Type":"Commercial","State_Code":"B2","Living_Are":"3714","Value":0,"Value_Sq_F":0,"Descriptio":"MAIN AREA","Class_CD":"QRDA","Class_Desc":"Apartments; Frame; Average","Class_De_1":"Apartments","Building_M":"Frame","Condition":"Average","Exterior_W":"892","Year_Built":2010,"Sq_Footage":"3714","BUILD_ID":29287127,"OCC_CLS":"Residential","PRIM_OCC":"Multi - Family Dwelling","SEC_OCC":" ","PROP_ADDR":"4470 RICH BEEM BOULEVARD NORTHBOUND","PROP_CITY":"EL PASO","PROP_ST":"Texas","PROP_ZIP":"79938","OUTBLDG":" ","HEIGHT":4.36000013,"SQMETERS":315.657013,"SQFEET":3397.69995,"H_ADJ_ELEV":0,"L_ADJ_ELEV":0,"FIPS":"48141","CENSUSCODE":"48141010358","PROD_DATE":1414800000000,"SOURCE":"NGA","USNG":"13R CR 81930 20249","LONGITUDE":-106.247413585,"LATITUDE":31.811770660099999,"IMAGE_NAME":"Li270-El Paso","IMAGE_DATE":1414800000000,"VAL_METHOD":"Unverified","REMARKS":" ","UUID":"{ac90f6e9-b884-4896-a0aa-db3cf6246b63}","Shape_Leng":0.00081547020521899999,"Shape_Area":3.0065171791300002e-08,"HEIGHT_FT":14.304462837999999,"Shape_Length":282.5097812931873}},{"type":"Feature","id":30170,"geometry":{"type":"Polygon","coordinates":[[[-106.24684898827775,31.812230503766433],[-106.24699306830173,31.812229930571227],[-106.24699202578246,31.812100941847387],[-106.24685058914443,31.812099005236462],[-106.24684898827775,31.812230503766433]]]},"properties":{"OBJECTID":30170,"Join_Count":1,"TARGET_FID":177778,"PIDN":"T81999900600300","STATE_CD":"B2","CombineADD":"4470 RICH BEEM BLVD","Type":"Commercial","State_Code":"B2","Living_Are":"3714","Value":0,"Value_Sq_F":0,"Descriptio":"MAIN AREA","Class_CD":"QRDA","Class_Desc":"Apartments; Frame; Average","Class_De_1":"Apartments","Building_M":"Frame","Condition":"Average","Exterior_W":"892","Year_Built":2010,"Sq_Footage":"3714","BUILD_ID":29287276,"OCC_CLS":"Residential","PRIM_OCC":"Multi - Family Dwelling","SEC_OCC":" ","PROP_ADDR":"4470 RICH BEEM BOULEVARD NORTHBOUND","PROP_CITY":"EL PASO","PROP_ST":"Texas","PROP_ZIP":"79938","OUTBLDG":" ","HEIGHT":6.05999994,"SQMETERS":183.248993,"SQFEET":1972.47998,"H_ADJ_ELEV":0,"L_ADJ_ELEV":0,"FIPS":"48141","CENSUSCODE":"48141010358","PROD_DATE":1414800000000,"SOURCE":"NGA","USNG":"13R CR 81978 20293","LONGITUDE":-106.24691166300001,"LATITUDE":31.812172461900001,"IMAGE_NAME":"Li270-El Paso","IMAGE_DATE":1414800000000,"VAL_METHOD":"Unverified","REMARKS":" ","UUID":"{59807fd5-617d-481c-b8a9-9ad3fd52fccf}","Shape_Leng":0.00052845810152700001,"Shape_Area":1.7453934865200002e-08,"HEIGHT_FT":19.8818902123,"Shape_Length":183.46397474469543}},{"type":"Feature","id":30171,"geometry":{"type":"Polygon","coordinates":[[[-106.24702662796145,31.812229600552548],[-106.24716791741243,31.8122291548645],[-106.24716694890354,31.812101357622311],[-106.24702558645124,31.812100611781073],[-106.24702662796145,31.812229600552548]]]},"properties":{"OBJECTID":30171,"Join_Count":1,"TARGET_FID":177779,"PIDN":"T81999900600300","STATE_CD":"B2","CombineADD":"4470 RICH BEEM BLVD","Type":"Commercial","State_Code":"B2","Living_Are":"3714","Value":0,"Value_Sq_F":0,"Descriptio":"MAIN AREA","Class_CD":"QRDA","Class_Desc":"Apartments; Frame; Average","Class_De_1":"Apartments","Building_M":"Frame","Condition":"Average","Exterior_W":"892","Year_Built":2010,"Sq_Footage":"3714","BUILD_ID":29287275,"OCC_CLS":"Residential","PRIM_OCC":"Multi - Family Dwelling","SEC_OCC":" ","PROP_ADDR":"4470 RICH BEEM BOULEVARD NORTHBOUND","PROP_CITY":"EL PASO","PROP_ST":"Texas","PROP_ZIP":"79938","OUTBLDG":" ","HEIGHT":5.86999989,"SQMETERS":179.292999,"SQFEET":1929.90002,"H_ADJ_ELEV":0,"L_ADJ_ELEV":0,"FIPS":"48141","CENSUSCODE":"48141010358","PROD_DATE":1414800000000,"SOURCE":"NGA","USNG":"13R CR 81961 20293","LONGITUDE":-106.247094242,"LATITUDE":31.8121690933,"IMAGE_NAME":"Li270-El Paso","IMAGE_DATE":1414800000000,"VAL_METHOD":"Unverified","REMARKS":" ","UUID":"{9490fbbc-b9ca-4396-9964-e43bbc36d17f}","Shape_Leng":0.00052274208305200004,"Shape_Area":1.70771359255e-08,"HEIGHT_FT":19.258530424500002,"Shape_Length":181.2210040688598}},{"type":"Feature","id":30172,"geometry":{"type":"Polygon","coordinates":[[[-106.24720441619462,31.812231080957424],[-106.2473457055909,31.812230634175943],[-106.24734458834268,31.812100453974775],[-106.2472047686437,31.812102027932958],[-106.24720441619462,31.812231080957424]]]},"properties":{"OBJECTID":30172,"Join_Count":1,"TARGET_FID":177780,"PIDN":"T81999900600300","STATE_CD":"B2","CombineADD":"4470 RICH BEEM BLVD","Type":"Commercial","State_Code":"B2","Living_Are":"3714","Value":0,"Value_Sq_F":0,"Descriptio":"MAIN AREA","Class_CD":"QRDA","Class_Desc":"Apartments; Frame; Average","Class_De_1":"Apartments","Building_M":"Frame","Condition":"Average","Exterior_W":"892","Year_Built":2010,"Sq_Footage":"3714","BUILD_ID":29287277,"OCC_CLS":"Residential","PRIM_OCC":"Multi - Family Dwelling","SEC_OCC":" ","PROP_ADDR":"4470 RICH BEEM BOULEVARD NORTHBOUND","PROP_CITY":"EL PASO","PROP_ST":"Texas","PROP_ZIP":"79938","OUTBLDG":" ","HEIGHT":5.88999987,"SQMETERS":187.854996,"SQFEET":2022.06006,"H_ADJ_ELEV":0,"L_ADJ_ELEV":0,"FIPS":"48141","CENSUSCODE":"48141010358","PROD_DATE":1414800000000,"SOURCE":"NGA","USNG":"13R CR 81945 20293","LONGITUDE":-106.24726424399999,"LATITUDE":31.812169060999999,"IMAGE_NAME":"Li270-El Paso","IMAGE_DATE":1414800000000,"VAL_METHOD":"Unverified","REMARKS":" ","UUID":"{979db246-28b8-4aab-808b-75d5af54d0dc}","Shape_Leng":0.0005350941294,"Shape_Area":1.78926283183e-08,"HEIGHT_FT":19.324147161999999,"Shape_Length":181.63424724935788}},{"type":"Feature","id":30173,"geometry":{"type":"Polygon","coordinates":[[[-106.24737794418695,31.812231558950309],[-106.24751357813435,31.812230175021966],[-106.24751260916041,31.812102377782402],[-106.24737837070681,31.812103698306068],[-106.24737794418695,31.812231558950309]]]},"properties":{"OBJECTID":30173,"Join_Count":1,"TARGET_FID":177781,"PIDN":"T81999900600300","STATE_CD":"B2","CombineADD":"4470 RICH BEEM BLVD","Type":"Commercial","State_Code":"B2","Living_Are":"3714","Value":0,"Value_Sq_F":0,"Descriptio":"MAIN AREA","Class_CD":"QRDA","Class_Desc":"Apartments; Frame; Average","Class_De_1":"Apartments","Building_M":"Frame","Condition":"Average","Exterior_W":"892","Year_Built":2010,"Sq_Footage":"3714","BUILD_ID":29287279,"OCC_CLS":"Residential","PRIM_OCC":"Multi - Family Dwelling","SEC_OCC":" ","PROP_ADDR":"4470 RICH BEEM BOULEVARD NORTHBOUND","PROP_CITY":"EL PASO","PROP_ST":"Texas","PROP_ZIP":"79938","OUTBLDG":" ","HEIGHT":6.03999996,"SQMETERS":186.641006,"SQFEET":2008.97998,"H_ADJ_ELEV":0,"L_ADJ_ELEV":0,"FIPS":"48141","CENSUSCODE":"48141010358","PROD_DATE":1414800000000,"SOURCE":"NGA","USNG":"13R CR 81929 20293","LONGITUDE":-106.247438258,"LATITUDE":31.812167351799999,"IMAGE_NAME":"Li270-El Paso","IMAGE_DATE":1414800000000,"VAL_METHOD":"Unverified","REMARKS":" ","UUID":"{808b08f2-b6ff-46e4-8017-ae167a2658d6}","Shape_Leng":0.00053341613324400002,"Shape_Area":1.7776924838400001e-08,"HEIGHT_FT":19.816273474799999,"Shape_Length":176.84448294208812}},{"type":"Feature","id":30174,"geometry":{"type":"Polygon","coordinates":[[[-106.24737726572569,31.812422754686413],[-106.247515690578,31.812421243948542],[-106.24751332733989,31.812293510076103],[-106.24737761905141,31.812293702524062],[-106.24737726572569,31.812422754686413]]]},"properties":{"OBJECTID":30174,"Join_Count":1,"TARGET_FID":177782,"PIDN":"T81999900600300","STATE_CD":"B2","CombineADD":"4470 RICH BEEM BLVD","Type":"Commercial","State_Code":"B2","Living_Are":"3714","Value":0,"Value_Sq_F":0,"Descriptio":"MAIN AREA","Class_CD":"QRDA","Class_Desc":"Apartments; Frame; Average","Class_De_1":"Apartments","Building_M":"Frame","Condition":"Average","Exterior_W":"892","Year_Built":2010,"Sq_Footage":"3714","BUILD_ID":29287353,"OCC_CLS":"Residential","PRIM_OCC":"Multi - Family Dwelling","SEC_OCC":" ","PROP_ADDR":"4470 RICH BEEM BOULEVARD NORTHBOUND","PROP_CITY":"EL PASO","PROP_ST":"Texas","PROP_ZIP":"79938","OUTBLDG":" ","HEIGHT":5.76999998,"SQMETERS":187.399994,"SQFEET":2017.16003,"H_ADJ_ELEV":0,"L_ADJ_ELEV":0,"FIPS":"48141","CENSUSCODE":"48141010358","PROD_DATE":1414800000000,"SOURCE":"NGA","USNG":"13R CR 81929 20314","LONGITUDE":-106.247439536,"LATITUDE":31.812358547199999,"IMAGE_NAME":"Li270-El Paso","IMAGE_DATE":1414800000000,"VAL_METHOD":"Unverified","REMARKS":" ","UUID":"{bf092ab0-ffbc-4bdf-af29-cb7416b00874}","Shape_Leng":0.00053477628763300004,"Shape_Area":1.78493182403e-08,"HEIGHT_FT":18.930446737400001,"Shape_Length":178.58084062481959}},{"type":"Feature","id":30175,"geometry":{"type":"Polygon","coordinates":[[[-106.24720381163266,31.81242346817282],[-106.24734642238084,31.812421766508631],[-106.2473453804343,31.812292777749672],[-106.24720137450932,31.81229454191412],[-106.24720381163266,31.81242346817282]]]},"properties":{"OBJECTID":30175,"Join_Count":1,"TARGET_FID":177783,"PIDN":"T81999900600300","STATE_CD":"B2","CombineADD":"4470 RICH BEEM BLVD","Type":"Commercial","State_Code":"B2","Living_Are":"3714","Value":0,"Value_Sq_F":0,"Descriptio":"MAIN AREA","Class_CD":"QRDA","Class_Desc":"Apartments; Frame; Average","Class_De_1":"Apartments","Building_M":"Frame","Condition":"Average","Exterior_W":"892","Year_Built":2010,"Sq_Footage":"3714","BUILD_ID":29287352,"OCC_CLS":"Residential","PRIM_OCC":"Multi - Family Dwelling","SEC_OCC":" ","PROP_ADDR":"4470 RICH BEEM BOULEVARD NORTHBOUND","PROP_CITY":"EL PASO","PROP_ST":"Texas","PROP_ZIP":"79938","OUTBLDG":" ","HEIGHT":5.82999992,"SQMETERS":183.179001,"SQFEET":1971.71997,"H_ADJ_ELEV":0,"L_ADJ_ELEV":0,"FIPS":"48141","CENSUSCODE":"48141010358","PROD_DATE":1414800000000,"SOURCE":"NGA","USNG":"13R CR 81945 20314","LONGITUDE":-106.247266035,"LATITUDE":31.812359764,"IMAGE_NAME":"Li270-El Paso","IMAGE_DATE":1414800000000,"VAL_METHOD":"Unverified","REMARKS":" ","UUID":"{7d044eaf-bc46-47fb-8060-0038f855becf}","Shape_Leng":0.00052894828442600001,"Shape_Area":1.7447241044499999e-08,"HEIGHT_FT":19.1272969497,"Shape_Length":182.87609126876595}},{"type":"Feature","id":30176,"geometry":{"type":"Polygon","coordinates":[[[-106.24702455458761,31.812420860539628],[-106.24716995491268,31.812419032316594],[-106.24716913594973,31.812293617996698],[-106.24702505577403,31.812294190486007],[-106.24702455458761,31.812420860539628]]]},"properties":{"OBJECTID":30176,"Join_Count":1,"TARGET_FID":177784,"PIDN":"T81999900600300","STATE_CD":"B2","CombineADD":"4470 RICH BEEM BLVD","Type":"Commercial","State_Code":"B2","Living_Are":"3714","Value":0,"Value_Sq_F":0,"Descriptio":"MAIN AREA","Class_CD":"QRDA","Class_Desc":"Apartments; Frame; Average","Class_De_1":"Apartments","Building_M":"Frame","Condition":"Average","Exterior_W":"892","Year_Built":2010,"Sq_Footage":"3714","BUILD_ID":29287347,"OCC_CLS":"Residential","PRIM_OCC":"Multi - Family Dwelling","SEC_OCC":" ","PROP_ADDR":"4470 RICH BEEM BOULEVARD NORTHBOUND","PROP_CITY":"EL PASO","PROP_ST":"Texas","PROP_ZIP":"79938","OUTBLDG":" ","HEIGHT":5.61999989,"SQMETERS":198.462997,"SQFEET":2136.22998,"H_ADJ_ELEV":0,"L_ADJ_ELEV":0,"FIPS":"48141","CENSUSCODE":"48141010358","PROD_DATE":1414800000000,"SOURCE":"NGA","USNG":"13R CR 81961 20314","LONGITUDE":-106.24709414199999,"LATITUDE":31.812359455599999,"IMAGE_NAME":"Li270-El Paso","IMAGE_DATE":1414800000000,"VAL_METHOD":"Unverified","REMARKS":" ","UUID":"{c05fd830-9ea9-430d-887b-683dcf90b980}","Shape_Leng":0.00055073628563099999,"Shape_Area":1.89029784914e-08,"HEIGHT_FT":18.438320424499999,"Shape_Length":181.63481752354278}},{"type":"Feature","id":30177,"geometry":{"type":"Polygon","coordinates":[[[-106.2468482355624,31.812420507971613],[-106.24699231593075,31.812419935677919],[-106.24698870546273,31.81229464730346],[-106.24685028078646,31.812296157481367],[-106.2468482355624,31.812420507971613]]]},"properties":{"OBJECTID":30177,"Join_Count":1,"TARGET_FID":177785,"PIDN":"T81999900600300","STATE_CD":"B2","CombineADD":"4470 RICH BEEM BLVD","Type":"Commercial","State_Code":"B2","Living_Are":"3714","Value":0,"Value_Sq_F":0,"Descriptio":"MAIN AREA","Class_CD":"QRDA","Class_Desc":"Apartments; Frame; Average","Class_De_1":"Apartments","Building_M":"Frame","Condition":"Average","Exterior_W":"892","Year_Built":2010,"Sq_Footage":"3714","BUILD_ID":29287341,"OCC_CLS":"Residential","PRIM_OCC":"Multi - Family Dwelling","SEC_OCC":" ","PROP_ADDR":"4470 RICH BEEM BOULEVARD NORTHBOUND","PROP_CITY":"EL PASO","PROP_ST":"Texas","PROP_ZIP":"79938","OUTBLDG":" ","HEIGHT":5.96999979,"SQMETERS":180.897003,"SQFEET":1947.16003,"H_ADJ_ELEV":0,"L_ADJ_ELEV":0,"FIPS":"48141","CENSUSCODE":"48141010358","PROD_DATE":1414800000000,"SOURCE":"NGA","USNG":"13R CR 81978 20314","LONGITUDE":-106.246915199,"LATITUDE":31.812356058799999,"IMAGE_NAME":"Li270-El Paso","IMAGE_DATE":1414800000000,"VAL_METHOD":"Unverified","REMARKS":" ","UUID":"{4a17da54-d7ab-4cf7-843e-5c4d0557ea22}","Shape_Leng":0.00052527727541000003,"Shape_Area":1.72298994572e-08,"HEIGHT_FT":19.586614111700001,"Shape_Length":178.59422134311066}},{"type":"Feature","id":30178,"geometry":{"type":"Polygon","coordinates":[[[-106.24732467379556,31.812836149820122],[-106.24748417647548,31.812836070174242],[-106.24747995602182,31.812678551176059],[-106.24732331844011,31.812679694589857],[-106.24732467379556,31.812836149820122]]]},"properties":{"OBJECTID":30178,"Join_Count":1,"TARGET_FID":177786,"PIDN":"T81999900600300","STATE_CD":"B2","CombineADD":"4470 RICH BEEM BLVD","Type":"Commercial","State_Code":"B2","Living_Are":"3714","Value":0,"Value_Sq_F":0,"Descriptio":"MAIN AREA","Class_CD":"QRDA","Class_Desc":"Apartments; Frame; Average","Class_De_1":"Apartments","Building_M":"Frame","Condition":"Average","Exterior_W":"892","Year_Built":2010,"Sq_Footage":"3714","BUILD_ID":29287482,"OCC_CLS":"Residential","PRIM_OCC":"Multi - Family Dwelling","SEC_OCC":" ","PROP_ADDR":"4470 RICH BEEM BOULEVARD NORTHBOUND","PROP_CITY":"EL PASO","PROP_ST":"Texas","PROP_ZIP":"79938","OUTBLDG":" ","HEIGHT":6.03999996,"SQMETERS":253.113998,"SQFEET":2724.5,"H_ADJ_ELEV":0,"L_ADJ_ELEV":0,"FIPS":"48141","CENSUSCODE":"48141010358","PROD_DATE":1414800000000,"SOURCE":"NGA","USNG":"13R CR 81933 20359","LONGITUDE":-106.247397312,"LATITUDE":31.812757199100002,"IMAGE_NAME":"Li270-El Paso","IMAGE_DATE":1414800000000,"VAL_METHOD":"Unverified","REMARKS":" ","UUID":"{78197508-0b9e-455a-9138-bbefef351725}","Shape_Leng":0.00062179790588399997,"Shape_Area":2.4108469426800001e-08,"HEIGHT_FT":19.816273474799999,"Shape_Length":212.44251995118393}},{"type":"Feature","id":30179,"geometry":{"type":"Polygon","coordinates":[[[-106.24713029011129,31.812837813305453],[-106.24729111392257,31.812836479915486],[-106.24728983287227,31.812681216164847],[-106.24712754086681,31.81268142232701],[-106.24713029011129,31.812837813305453]]]},"properties":{"OBJECTID":30179,"Join_Count":1,"TARGET_FID":177787,"PIDN":"T81999900600300","STATE_CD":"B2","CombineADD":"4470 RICH BEEM BLVD","Type":"Commercial","State_Code":"B2","Living_Are":"3714","Value":0,"Value_Sq_F":0,"Descriptio":"MAIN AREA","Class_CD":"QRDA","Class_Desc":"Apartments; Frame; Average","Class_De_1":"Apartments","Building_M":"Frame","Condition":"Average","Exterior_W":"892","Year_Built":2010,"Sq_Footage":"3714","BUILD_ID":29287478,"OCC_CLS":"Residential","PRIM_OCC":"Multi - Family Dwelling","SEC_OCC":" ","PROP_ADDR":"4470 RICH BEEM BOULEVARD NORTHBOUND","PROP_CITY":"EL PASO","PROP_ST":"Texas","PROP_ZIP":"79938","OUTBLDG":" ","HEIGHT":6.11000013,"SQMETERS":228.384995,"SQFEET":2458.31006,"H_ADJ_ELEV":0,"L_ADJ_ELEV":0,"FIPS":"48141","CENSUSCODE":"48141010358","PROD_DATE":1414800000000,"SOURCE":"NGA","USNG":"13R CR 81952 20358","LONGITUDE":-106.247203439,"LATITUDE":31.8127545151,"IMAGE_NAME":"Li270-El Paso","IMAGE_DATE":1414800000000,"VAL_METHOD":"Unverified","REMARKS":" ","UUID":"{784f0816-4d49-4ac3-9a72-1a831d41309c}","Shape_Leng":0.00059018117315000004,"Shape_Area":2.1753064617599998e-08,"HEIGHT_FT":20.045932837999999,"Shape_Length":213.75748481836848}},{"type":"Feature","id":30180,"geometry":{"type":"Polygon","coordinates":[[[-106.24693854863025,31.812836967643253],[-106.2470965817421,31.812835760390801],[-106.24709545061526,31.812682880450993],[-106.24693602238142,31.812684150200525],[-106.24693854863025,31.812836967643253]]]},"properties":{"OBJECTID":30180,"Join_Count":1,"TARGET_FID":177788,"PIDN":"T81999900600300","STATE_CD":"B2","CombineADD":"4470 RICH BEEM BLVD","Type":"Commercial","State_Code":"B2","Living_Are":"3714","Value":0,"Value_Sq_F":0,"Descriptio":"MAIN AREA","Class_CD":"QRDA","Class_Desc":"Apartments; Frame; Average","Class_De_1":"Apartments","Building_M":"Frame","Condition":"Average","Exterior_W":"892","Year_Built":2010,"Sq_Footage":"3714","BUILD_ID":29287474,"OCC_CLS":"Residential","PRIM_OCC":"Multi - Family Dwelling","SEC_OCC":" ","PROP_ADDR":"4470 RICH BEEM BOULEVARD NORTHBOUND","PROP_CITY":"EL PASO","PROP_ST":"Texas","PROP_ZIP":"79938","OUTBLDG":" ","HEIGHT":5.88000011,"SQMETERS":242.399994,"SQFEET":2609.16992,"H_ADJ_ELEV":0,"L_ADJ_ELEV":0,"FIPS":"48141","CENSUSCODE":"48141010358","PROD_DATE":1414800000000,"SOURCE":"NGA","USNG":"13R CR 81970 20358","LONGITUDE":-106.247010051,"LATITUDE":31.812756564299999,"IMAGE_NAME":"Li270-El Paso","IMAGE_DATE":1414800000000,"VAL_METHOD":"Unverified","REMARKS":" ","UUID":"{7c93af0e-b71f-430d-9b4c-0c9fdf1fc898}","Shape_Leng":0.00060781743333299999,"Shape_Area":2.30879522947e-08,"HEIGHT_FT":19.2913395755,"Shape_Length":209.83434469787812}},{"type":"Feature","id":30181,"geometry":{"type":"Polygon","coordinates":[[[-106.24674262112889,31.812836310988949],[-106.24690770515549,31.812835979361722],[-106.24690348665627,31.812678459396356],[-106.24674134208587,31.812681048085633],[-106.24674262112889,31.812836310988949]]]},"properties":{"OBJECTID":30181,"Join_Count":1,"TARGET_FID":177789,"PIDN":"T81999900600300","STATE_CD":"B2","CombineADD":"4470 RICH BEEM BLVD","Type":"Commercial","State_Code":"B2","Living_Are":"3714","Value":0,"Value_Sq_F":0,"Descriptio":"MAIN AREA","Class_CD":"QRDA","Class_Desc":"Apartments; Frame; Average","Class_De_1":"Apartments","Building_M":"Frame","Condition":"Average","Exterior_W":"892","Year_Built":2010,"Sq_Footage":"3714","BUILD_ID":29287469,"OCC_CLS":"Residential","PRIM_OCC":"Multi - Family Dwelling","SEC_OCC":" ","PROP_ADDR":"4470 RICH BEEM BOULEVARD NORTHBOUND","PROP_CITY":"EL PASO","PROP_ST":"Texas","PROP_ZIP":"79938","OUTBLDG":" ","HEIGHT":5.82999992,"SQMETERS":252.475998,"SQFEET":2717.62988,"H_ADJ_ELEV":0,"L_ADJ_ELEV":0,"FIPS":"48141","CENSUSCODE":"48141010358","PROD_DATE":1414800000000,"SOURCE":"NGA","USNG":"13R CR 81988 20358","LONGITUDE":-106.246818764,"LATITUDE":31.812755646799999,"IMAGE_NAME":"Li270-El Paso","IMAGE_DATE":1414800000000,"VAL_METHOD":"Unverified","REMARKS":" ","UUID":"{adc53a64-36ba-41cc-a588-bb6c3a23ae18}","Shape_Leng":0.00062053050922000004,"Shape_Area":2.4047711964299999e-08,"HEIGHT_FT":19.1272969497,"Shape_Length":215.46057526102464}},{"type":"Feature","id":30182,"geometry":{"type":"Polygon","coordinates":[[[-106.24654948538632,31.812835528103072],[-106.2467089870112,31.812835449454177],[-106.24670755953818,31.812677803589892],[-106.24654813136384,31.812679073765313],[-106.24654948538632,31.812835528103072]]]},"properties":{"OBJECTID":30182,"Join_Count":1,"TARGET_FID":177790,"PIDN":"T81999900600300","STATE_CD":"B2","CombineADD":"4470 RICH BEEM BLVD","Type":"Commercial","State_Code":"B2","Living_Are":"3714","Value":0,"Value_Sq_F":0,"Descriptio":"MAIN AREA","Class_CD":"QRDA","Class_Desc":"Apartments; Frame; Average","Class_De_1":"Apartments","Building_M":"Frame","Condition":"Average","Exterior_W":"892","Year_Built":2010,"Sq_Footage":"3714","BUILD_ID":29287467,"OCC_CLS":"Residential","PRIM_OCC":"Multi - Family Dwelling","SEC_OCC":" ","PROP_ADDR":"4470 RICH BEEM BOULEVARD NORTHBOUND","PROP_CITY":"EL PASO","PROP_ST":"Texas","PROP_ZIP":"79938","OUTBLDG":" ","HEIGHT":5.90999985,"SQMETERS":253.593994,"SQFEET":2729.65991,"H_ADJ_ELEV":0,"L_ADJ_ELEV":0,"FIPS":"48141","CENSUSCODE":"48141010358","PROD_DATE":1414800000000,"SOURCE":"NGA","USNG":"13R CR 82006 20358","LONGITUDE":-106.246629907,"LATITUDE":31.812755357499999,"IMAGE_NAME":"Li270-El Paso","IMAGE_DATE":1414800000000,"VAL_METHOD":"Unverified","REMARKS":" ","UUID":"{8008380f-bf9b-42c4-a805-cf6cee056a55}","Shape_Leng":0.00062169844897699996,"Shape_Area":2.4154186878600001e-08,"HEIGHT_FT":19.389763899399998,"Shape_Length":213.3419803346371}},{"type":"Feature","id":30183,"geometry":{"type":"Polygon","coordinates":[[[-106.24636237420239,31.812841639437242],[-106.24651629671202,31.812841815400258],[-106.24651846054437,31.812674447555651],[-106.24636167448159,31.812673206852459],[-106.24636237420239,31.812841639437242]]]},"properties":{"OBJECTID":30183,"Join_Count":1,"TARGET_FID":177791,"PIDN":"T81999900600300","STATE_CD":"B2","CombineADD":"4470 RICH BEEM BLVD","Type":"Commercial","State_Code":"B2","Living_Are":"3714","Value":0,"Value_Sq_F":0,"Descriptio":"MAIN AREA","Class_CD":"QRDA","Class_Desc":"Apartments; Frame; Average","Class_De_1":"Apartments","Building_M":"Frame","Condition":"Average","Exterior_W":"892","Year_Built":2010,"Sq_Footage":"3714","BUILD_ID":29287475,"OCC_CLS":"Residential","PRIM_OCC":"Multi - Family Dwelling","SEC_OCC":" ","PROP_ADDR":"4470 RICH BEEM BOULEVARD NORTHBOUND","PROP_CITY":"EL PASO","PROP_ST":"Texas","PROP_ZIP":"79938","OUTBLDG":" ","HEIGHT":5.73999977,"SQMETERS":260.697998,"SQFEET":2806.12012,"H_ADJ_ELEV":0,"L_ADJ_ELEV":0,"FIPS":"48141","CENSUSCODE":"48141010358","PROD_DATE":1414800000000,"SOURCE":"NGA","USNG":"13R CR 82024 20357","LONGITUDE":-106.24643712300001,"LATITUDE":31.812755424799999,"IMAGE_NAME":"Li270-El Paso","IMAGE_DATE":1414800000000,"VAL_METHOD":"Unverified","REMARKS":" ","UUID":"{cf166dab-4c85-46bd-8ab5-b6f9efecbfc9}","Shape_Leng":0.00063079753521800002,"Shape_Area":2.48307774675e-08,"HEIGHT_FT":18.832020849100001,"Shape_Length":218.68313467677433}},{"type":"Feature","id":30184,"geometry":{"type":"Polygon","coordinates":[[[-106.24617907889439,31.812841603780285],[-106.24633006117129,31.812839522931416],[-106.24632804048129,31.812672346119861],[-106.24617683570642,31.812670851624222],[-106.24617907889439,31.812841603780285]]]},"properties":{"OBJECTID":30184,"Join_Count":1,"TARGET_FID":177792,"PIDN":"T81999900600300","STATE_CD":"B2","CombineADD":"4470 RICH BEEM BLVD","Type":"Commercial","State_Code":"B2","Living_Are":"3714","Value":0,"Value_Sq_F":0,"Descriptio":"MAIN AREA","Class_CD":"QRDA","Class_Desc":"Apartments; Frame; Average","Class_De_1":"Apartments","Building_M":"Frame","Condition":"Average","Exterior_W":"892","Year_Built":2010,"Sq_Footage":"3714","BUILD_ID":29287472,"OCC_CLS":"Residential","PRIM_OCC":"Multi - Family Dwelling","SEC_OCC":" ","PROP_ADDR":"4470 RICH BEEM BOULEVARD NORTHBOUND","PROP_CITY":"EL PASO","PROP_ST":"Texas","PROP_ZIP":"79938","OUTBLDG":" ","HEIGHT":6.01999998,"SQMETERS":270.274994,"SQFEET":2909.20996,"H_ADJ_ELEV":0,"L_ADJ_ELEV":0,"FIPS":"48141","CENSUSCODE":"48141010358","PROD_DATE":1414800000000,"SOURCE":"NGA","USNG":"13R CR 82042 20357","LONGITUDE":-106.246249705,"LATITUDE":31.812753771499999,"IMAGE_NAME":"Li270-El Paso","IMAGE_DATE":1414800000000,"VAL_METHOD":"Unverified","REMARKS":" ","UUID":"{463e35f8-70f1-426d-9125-a818009247a6}","Shape_Leng":0.00064294258547999996,"Shape_Area":2.5743004256600001e-08,"HEIGHT_FT":19.7506567374,"Shape_Length":216.8205197057552}},{"type":"Feature","id":30185,"geometry":{"type":"Polygon","coordinates":[[[-106.24599012800429,31.812840629039794],[-106.24614537054441,31.812839550619483],[-106.24614188056736,31.812671244814439],[-106.24598663730374,31.812672324179065],[-106.24599012800429,31.812840629039794]]]},"properties":{"OBJECTID":30185,"Join_Count":1,"TARGET_FID":177793,"PIDN":"T81999900600300","STATE_CD":"B2","CombineADD":"4470 RICH BEEM BLVD","Type":"Commercial","State_Code":"B2","Living_Are":"3714","Value":0,"Value_Sq_F":0,"Descriptio":"MAIN AREA","Class_CD":"QRDA","Class_Desc":"Apartments; Frame; Average","Class_De_1":"Apartments","Building_M":"Frame","Condition":"Average","Exterior_W":"892","Year_Built":2010,"Sq_Footage":"3714","BUILD_ID":29287471,"OCC_CLS":"Residential","PRIM_OCC":"Multi - Family Dwelling","SEC_OCC":" ","PROP_ADDR":"4470 RICH BEEM BOULEVARD NORTHBOUND","PROP_CITY":"EL PASO","PROP_ST":"Texas","PROP_ZIP":"79938","OUTBLDG":" ","HEIGHT":5.8499999,"SQMETERS":257.348999,"SQFEET":2770.08008,"H_ADJ_ELEV":0,"L_ADJ_ELEV":0,"FIPS":"48141","CENSUSCODE":"48141010358","PROD_DATE":1414800000000,"SOURCE":"NGA","USNG":"13R CR 82060 20357","LONGITUDE":-106.246059589,"LATITUDE":31.8127555212,"IMAGE_NAME":"Li270-El Paso","IMAGE_DATE":1414800000000,"VAL_METHOD":"Unverified","REMARKS":" ","UUID":"{9ec745f0-5c2c-44f4-a26e-b145eff57e7d}","Shape_Leng":0.00062746475109799998,"Shape_Area":2.4511823312700001e-08,"HEIGHT_FT":19.192913687099999,"Shape_Length":218.92484888108194}},{"type":"Feature","id":30316,"geometry":{"type":"Polygon","coordinates":[[[-106.26487590919788,31.758088662567214],[-106.26529926973767,31.758095088758214],[-106.2653006281966,31.758068406860463],[-106.26532154473432,31.758067452951021],[-106.26532290317586,31.758043376690175],[-106.26532884496017,31.757938080026474],[-106.26532187349318,31.757938397964999],[-106.2653244733001,31.757890486506422],[-106.26529511640149,31.757890630455119],[-106.2652876188171,31.757792997722465],[-106.2653310695724,31.757794600793453],[-106.26534050334081,31.757587467203994],[-106.26532795390334,31.757588039532788],[-106.26533040069684,31.757448133914895],[-106.26534016217589,31.757447688732789],[-106.26534504550305,31.757324400449988],[-106.26533660515314,31.757323590491186],[-106.26533781044132,31.757275742618397],[-106.26530705923814,31.757275950167248],[-106.2653072784221,31.757189913484247],[-106.26534500206355,31.757189387947751],[-106.26534384633798,31.757126115076698],[-106.26535779020659,31.75712547914863],[-106.26535891688688,31.756986828598702],[-106.26535047656687,31.756986018640664],[-106.26535203438829,31.756921428022174],[-106.26532113443518,31.756919252582541],[-106.26532098144456,31.756827258407764],[-106.26535731045409,31.756826796464924],[-106.26537221854947,31.756416294343666],[-106.26533728417881,31.756416692693293],[-106.26533715084483,31.756347399625358],[-106.26537208513376,31.756347000375165],[-106.26537288003605,31.756247794505487],[-106.26533926577477,31.756246937761517],[-106.26533656677849,31.756181346372845],[-106.26536027080334,31.756180265309563],[-106.2653654517117,31.756061742050161],[-106.26534732456916,31.756062568772236],[-106.26534846782825,31.755857008028954],[-106.26537085173048,31.755857182057628],[-106.26537738777432,31.755693193825376],[-106.26535794171676,31.75569527559535],[-106.26536803451121,31.755106964025046],[-106.26484695477693,31.755103845289938],[-106.2648454868318,31.755528072339647],[-106.26476163686237,31.755528909363161],[-106.26476336057256,31.755612467695698],[-106.26485069626463,31.755611471714492],[-106.26484721984215,31.755835659178338],[-106.26472521129359,31.755841223082871],[-106.2647258276135,31.756130938336803],[-106.26465629395305,31.75613709596465],[-106.2646576455208,31.756214697696283],[-106.26488809296316,31.75621016231446],[-106.26487280676804,31.75635722492494],[-106.26483794684277,31.75635881463699],[-106.26483814308206,31.756585820421353],[-106.26496052577127,31.756586213846013],[-106.26495374992031,31.756813538477854],[-106.26470275681541,31.756824984369711],[-106.26471499783257,31.757188845069958],[-106.26466270695572,31.757191229594444],[-106.26466001362579,31.757260054523123],[-106.26491909671267,31.757266162290531],[-106.26491617851397,31.757499284480996],[-106.26466811221064,31.757501635527635],[-106.26465478439634,31.757791986449767],[-106.26457790599493,31.757792505355233],[-106.26457632882922,31.757879200903883],[-106.26488110341786,31.757889199732908],[-106.26487697823217,31.758047598301346],[-106.26487590919788,31.758088662567214]]]},"properties":{"OBJECTID":30316,"Join_Count":1,"TARGET_FID":184453,"PIDN":"E36199900100400","STATE_CD":"F1","CombineADD":"1820 JOE BATTLE BLVD","Type":"Commercial","State_Code":"F1","Living_Are":"22970","Value":6267303,"Value_Sq_F":36.128822685099998,"Descriptio":"MAIN AREA","Class_CD":"MECA","Class_Desc":"Discount Store; Masonry; Average","Class_De_1":"Discount Store","Building_M":"Masonry","Condition":"Average","Exterior_W":"849","Year_Built":2009,"Sq_Footage":"22970","BUILD_ID":29395876,"OCC_CLS":"Commercial","PRIM_OCC":"Retail Trade","SEC_OCC":" ","PROP_ADDR":"1874 JOE BATTLE BOULEVARD NORTHBOUND","PROP_CITY":"EL PASO","PROP_ST":"Texas","PROP_ZIP":"79928","OUTBLDG":" ","HEIGHT":6.23000002,"SQMETERS":37631.1016,"SQFEET":405058,"H_ADJ_ELEV":0,"L_ADJ_ELEV":0,"FIPS":"48141","CENSUSCODE":"48141010366","PROD_DATE":1414800000000,"SOURCE":"NGA","USNG":"13R CR 80191 14276","LONGITUDE":-106.264907713,"LATITUDE":31.7579407078,"IMAGE_NAME":"Li270-El Paso","IMAGE_DATE":1414800000000,"VAL_METHOD":"Unverified","REMARKS":" ","UUID":"{8bbf496b-b23c-4f56-a357-0bc25c26f3a5}","Shape_Leng":0.016575380561999999,"Shape_Area":3.5821863931899999e-06,"HEIGHT_FT":20.439633262600001,"Shape_Length":3203.5798112428424}},{"type":"Feature","id":30317,"geometry":{"type":"Polygon","coordinates":[[[-106.25518608294323,31.774378142152063],[-106.25520194846901,31.77439032426734],[-106.25516392131637,31.77442646551717],[-106.25520482241633,31.774463315737691],[-106.25506273805867,31.774580182448826],[-106.25535228102537,31.774809308748111],[-106.25599742733935,31.774227940920849],[-106.25571060850301,31.77398865521462],[-106.25546484620044,31.774219209004553],[-106.2554174290909,31.774185523003442],[-106.25537632353499,31.774226106195478],[-106.2553591416651,31.774219719069087],[-106.25518608294323,31.774378142152063]]]},"properties":{"OBJECTID":30317,"Join_Count":1,"TARGET_FID":185704,"PIDN":"P10099900100100","STATE_CD":"F1","CombineADD":"2231 ZARAGOZA RD","Type":"Commercial","State_Code":"F1","Living_Are":"39165.5","Value":813348,"Value_Sq_F":20.766950504899999,"Descriptio":"MAIN AREA","Class_CD":"MGCA","Class_Desc":" ","Class_De_1":"Superstore","Building_M":"Masonry","Condition":"Average","Exterior_W":"818","Year_Built":2007,"Sq_Footage":"37500","BUILD_ID":29428324,"OCC_CLS":"Commercial","PRIM_OCC":"Retail Trade","SEC_OCC":" ","PROP_ADDR":"2231 NORTH ZARAGOZA ROAD","PROP_CITY":"EL PASO","PROP_ST":"Texas","PROP_ZIP":"79938","OUTBLDG":" ","HEIGHT":6.34000015,"SQMETERS":3668.83008,"SQFEET":39490.8984,"H_ADJ_ELEV":0,"L_ADJ_ELEV":0,"FIPS":"48141","CENSUSCODE":"48141010329","PROD_DATE":1414800000000,"SOURCE":"NGA","USNG":"13R CR 81116 16115","LONGITUDE":-106.255510368,"LATITUDE":31.774397653400001,"IMAGE_NAME":"Li270-El Paso","IMAGE_DATE":1414800000000,"VAL_METHOD":"Unverified","REMARKS":" ","UUID":"{ca2a62e8-6b56-48b8-babf-1b27bac88b97}","Shape_Leng":0.0027286501464300001,"Shape_Area":3.4930449169299998e-07,"HEIGHT_FT":20.800526100599999,"Shape_Length":879.50244733084685}},{"type":"Feature","id":30318,"geometry":{"type":"Polygon","coordinates":[[[-106.2551018011965,31.774850000744706],[-106.25491846029283,31.775027847742571],[-106.25499791986081,31.775090901069227],[-106.2551830703633,31.774914929634974],[-106.25519280549464,31.774905677109349],[-106.25511153906724,31.774840554824678],[-106.2551018011965,31.774850000744706]]]},"properties":{"OBJECTID":30318,"Join_Count":1,"TARGET_FID":185705,"PIDN":"P10099900100100","STATE_CD":"F1","CombineADD":"2231 ZARAGOZA RD","Type":"Commercial","State_Code":"F1","Living_Are":"39165.5","Value":813348,"Value_Sq_F":20.766950504899999,"Descriptio":"MAIN AREA","Class_CD":"MGCA","Class_Desc":"Mini Lube; Masonry; Average","Class_De_1":"Superstore","Building_M":"Masonry","Condition":"Average","Exterior_W":"818","Year_Built":2007,"Sq_Footage":"37500","BUILD_ID":29429111,"OCC_CLS":"Commercial","PRIM_OCC":"Retail Trade","SEC_OCC":" ","PROP_ADDR":"2251 NORTH ZARAGOZA ROAD","PROP_CITY":"EL PASO","PROP_ST":"Texas","PROP_ZIP":"79938","OUTBLDG":" ","HEIGHT":5.30000019,"SQMETERS":251.994995,"SQFEET":2712.43994,"H_ADJ_ELEV":0,"L_ADJ_ELEV":0,"FIPS":"48141","CENSUSCODE":"48141010329","PROD_DATE":1414800000000,"SOURCE":"NGA","USNG":"13R CR 81161 16179","LONGITUDE":-106.255047135,"LATITUDE":31.7749727689,"IMAGE_NAME":"Li270-El Paso","IMAGE_DATE":1414800000000,"VAL_METHOD":"Unverified","REMARKS":" ","UUID":"{9d8a76fe-f68d-4773-abe2-bbdd168f9406}","Shape_Leng":0.00069569928433599998,"Shape_Area":2.3992211861899999e-08,"HEIGHT_FT":17.388452625799999,"Shape_Length":249.71477866275831}},{"type":"Feature","id":30319,"geometry":{"type":"Polygon","coordinates":[[[-106.25452485974481,31.774879445520536],[-106.25464723970715,31.774971371192251],[-106.25482976140815,31.774803199461672],[-106.25469698423912,31.774706012147412],[-106.25452485974481,31.774879445520536]]]},"properties":{"OBJECTID":30319,"Join_Count":1,"TARGET_FID":185706,"PIDN":"S12599900100500","STATE_CD":"F1","CombineADD":"2251 ZARAGOZA RD","Type":"Commercial","State_Code":"F1","Living_Are":"2880","Value":0,"Value_Sq_F":0,"Descriptio":"MAIN AREA","Class_CD":"SMCA","Class_Desc":"Mini Lube; Masonry; Average","Class_De_1":"Mini Lube","Building_M":"Masonry","Condition":"Average","Exterior_W":"812","Year_Built":2008,"Sq_Footage":"2880","BUILD_ID":29428773,"OCC_CLS":"Commercial","PRIM_OCC":"Retail Trade","SEC_OCC":" ","PROP_ADDR":"2251 NORTH ZARAGOZA ROAD","PROP_CITY":"EL PASO","PROP_ST":"Texas","PROP_ZIP":"79938","OUTBLDG":" ","HEIGHT":4.44000006,"SQMETERS":342.144012,"SQFEET":3682.81006,"H_ADJ_ELEV":0,"L_ADJ_ELEV":0,"FIPS":"48141","CENSUSCODE":"48141010329","PROD_DATE":1414800000000,"SOURCE":"NGA","USNG":"13R CR 81196 16164","LONGITUDE":-106.254669531,"LATITUDE":31.7748435472,"IMAGE_NAME":"Li270-El Paso","IMAGE_DATE":1414800000000,"VAL_METHOD":"Unverified","REMARKS":" ","UUID":"{54bd7cea-093d-4266-b860-6a0b409b2b41}","Shape_Leng":0.00074676937736500003,"Shape_Area":3.2575263675500001e-08,"HEIGHT_FT":14.566929787699999,"Shape_Length":271.11996213600219}},{"type":"Feature","id":30320,"geometry":{"type":"Polygon","coordinates":[[[-106.25396509920606,31.775594442113011],[-106.25415893094306,31.775742139539631],[-106.25428987183419,31.775621479426057],[-106.25424433371184,31.775586513514856],[-106.25446505937842,31.775380519890302],[-106.25450935239202,31.775417932147313],[-106.25473939461847,31.775204345615332],[-106.25454665953906,31.775051819613438],[-106.25396509920606,31.775594442113011]]]},"properties":{"OBJECTID":30320,"Join_Count":1,"TARGET_FID":185707,"PIDN":"S12599900100300","STATE_CD":"F1","CombineADD":"2281 ZARAGOZA RD","Type":"Commercial","State_Code":"F1","Living_Are":"19000","Value":519850,"Value_Sq_F":27.360526315800001,"Descriptio":"MAIN AREA","Class_CD":"MXCA","Class_Desc":" ","Class_De_1":"Strip Store","Building_M":"Masonry","Condition":"Average","Exterior_W":"812","Year_Built":2011,"Sq_Footage":"19000","BUILD_ID":29430939,"OCC_CLS":"Commercial","PRIM_OCC":"Retail Trade","SEC_OCC":" ","PROP_ADDR":" ","PROP_CITY":" ","PROP_ST":"Texas","PROP_ZIP":" ","OUTBLDG":" ","HEIGHT":5.15999985,"SQMETERS":1726.31995,"SQFEET":18581.9004,"H_ADJ_ELEV":0,"L_ADJ_ELEV":0,"FIPS":"48141","CENSUSCODE":"48141010329","PROD_DATE":1414800000000,"SOURCE":"NGA","USNG":"13R CR 81210 16206","LONGITUDE":-106.254345323,"LATITUDE":31.7753883456,"IMAGE_NAME":"Li270-El Paso","IMAGE_DATE":1414800000000,"VAL_METHOD":"Unverified","REMARKS":" ","UUID":"{71b10940-0a7c-447c-9fc5-fb5e82a620ae}","Shape_Leng":0.00214087947797,"Shape_Area":1.6436280039699999e-07,"HEIGHT_FT":16.9291338994,"Shape_Length":735.40269257050966}},{"type":"Feature","id":30321,"geometry":{"type":"Polygon","coordinates":[[[-106.25363878165504,31.775937385218413],[-106.25376088274541,31.776029324398486],[-106.25392883626195,31.775869701678708],[-106.25381478394895,31.775781220329126],[-106.25363878165504,31.775937385218413]]]},"properties":{"OBJECTID":30321,"Join_Count":1,"TARGET_FID":185708,"PIDN":"S12599900100200","STATE_CD":"F1","CombineADD":"2297 ZARAGOZA RD","Type":" ","State_Code":" ","Living_Are":" ","Value":0,"Value_Sq_F":0,"Descriptio":" ","Class_CD":" ","Class_Desc":" ","Class_De_1":" ","Building_M":" ","Condition":" ","Exterior_W":" ","Year_Built":0,"Sq_Footage":" ","BUILD_ID":29431813,"OCC_CLS":"Commercial","PRIM_OCC":"Retail Trade","SEC_OCC":" ","PROP_ADDR":"2297 NORTH ZARAGOZA ROAD","PROP_CITY":"EL PASO","PROP_ST":"Texas","PROP_ZIP":"79938","OUTBLDG":" ","HEIGHT":4.76999998,"SQMETERS":332.334991,"SQFEET":3577.21997,"H_ADJ_ELEV":0,"L_ADJ_ELEV":0,"FIPS":"48141","CENSUSCODE":"48141010329","PROD_DATE":1414800000000,"SOURCE":"NGA","USNG":"13R CR 81283 16280","LONGITUDE":-106.25377267499999,"LATITUDE":31.7758963892,"IMAGE_NAME":"Li270-El Paso","IMAGE_DATE":1414800000000,"VAL_METHOD":"Unverified","REMARKS":" ","UUID":"{44151b9b-355d-433c-bcaf-2b963cff911c}","Shape_Leng":0.00073604984304200005,"Shape_Area":3.1641646506399997e-08,"HEIGHT_FT":15.649606737399999,"Shape_Length":255.39319108366513}},{"type":"Feature","id":30322,"geometry":{"type":"Polygon","coordinates":[[[-106.2594063539249,31.760379218716885],[-106.259572368467,31.76037285005901],[-106.25957108611505,31.760329895310015],[-106.25959897592348,31.760328624642444],[-106.25959866022514,31.760301158461903],[-106.25972453245204,31.760301398040106],[-106.25972843933904,31.760050309372811],[-106.25954392560433,31.760051546654285],[-106.25954472530108,31.76004195203711],[-106.25940197022892,31.760040091696379],[-106.2594063539249,31.760379218716885]]]},"properties":{"OBJECTID":30322,"Join_Count":1,"TARGET_FID":187543,"PIDN":"M77199900201825","STATE_CD":"F1","CombineADD":"12410 MONTWOOD DR","Type":"Commercial","State_Code":"F1","Living_Are":"10958","Value":1036707,"Value_Sq_F":94.607318853799995,"Descriptio":"MAIN AREA","Class_CD":"EHCA","Class_Desc":"Gym; Masonry; Average","Class_De_1":"Gym","Building_M":"Masonry","Condition":"Average","Exterior_W":"818","Year_Built":2009,"Sq_Footage":"10958","BUILD_ID":29395846,"OCC_CLS":"Assembly","PRIM_OCC":"Community Center","SEC_OCC":" ","PROP_ADDR":"12410 MONTWOOD DRIVE EASTBOUND","PROP_CITY":"EL PASO","PROP_ST":"Texas","PROP_ZIP":"79928","OUTBLDG":" ","HEIGHT":6.38999987,"SQMETERS":964.364014,"SQFEET":10380.2998,"H_ADJ_ELEV":0,"L_ADJ_ELEV":0,"FIPS":"48141","CENSUSCODE":"48141010366","PROD_DATE":1414800000000,"SOURCE":"NGA","USNG":"13R CR 80715 14545","LONGITUDE":-106.259550547,"LATITUDE":31.760193029500002,"IMAGE_NAME":"Li270-El Paso","IMAGE_DATE":1414800000000,"VAL_METHOD":"Unverified","REMARKS":" ","UUID":"{573326ce-96b6-4435-a018-cc0dcded5188}","Shape_Leng":0.0012831077976299999,"Shape_Area":9.1801999933699995e-08,"HEIGHT_FT":20.964567162000002,"Shape_Length":445.02415998657534}},{"type":"Feature","id":30323,"geometry":{"type":"Polygon","coordinates":[[[-106.26668127902653,31.759831434528369],[-106.26671743512559,31.759832652811276],[-106.26671755630615,31.759821177062413],[-106.26678643147122,31.759822337055446],[-106.26678748471583,31.759718339899894],[-106.26681769396198,31.759718395195616],[-106.26681963123964,31.759668841264695],[-106.2666413650048,31.759662635217776],[-106.26664125456301,31.759687732042245],[-106.2665682416456,31.759687477832685],[-106.26656624176833,31.759816609038104],[-106.26668122259296,31.759817099326398],[-106.26668127902653,31.759831434528369]]]},"properties":{"OBJECTID":30323,"Join_Count":1,"TARGET_FID":187544,"PIDN":"E36199900100110","STATE_CD":"F1","CombineADD":"1880 JOE BATTLE BLVD","Type":" ","State_Code":" ","Living_Are":" ","Value":0,"Value_Sq_F":0,"Descriptio":" ","Class_CD":" ","Class_Desc":" ","Class_De_1":" ","Building_M":" ","Condition":" ","Exterior_W":" ","Year_Built":0,"Sq_Footage":" ","BUILD_ID":29394809,"OCC_CLS":"Commercial","PRIM_OCC":"Entertainment and Recreation","SEC_OCC":" ","PROP_ADDR":"1880 JOE BATTLE BOULEVARD NORTHBOUND","PROP_CITY":"EL PASO","PROP_ST":"Texas","PROP_ZIP":"79928","OUTBLDG":" ","HEIGHT":3.80999994,"SQMETERS":377.574005,"SQFEET":4064.16992,"H_ADJ_ELEV":0,"L_ADJ_ELEV":0,"FIPS":"48141","CENSUSCODE":"48141010366","PROD_DATE":1414800000000,"SOURCE":"NGA","USNG":"13R CR 80039 14503","LONGITUDE":-106.266680314,"LATITUDE":31.759746871200001,"IMAGE_NAME":"Li270-El Paso","IMAGE_DATE":1414800000000,"VAL_METHOD":"Unverified","REMARKS":" ","UUID":"{e676c965-5c42-494b-874a-65352615b0b6}","Shape_Leng":0.00081118082663699995,"Shape_Area":3.5942735559500001e-08,"HEIGHT_FT":12.5000002123,"Shape_Length":277.29997299466868}},{"type":"Feature","id":30324,"geometry":{"type":"Polygon","coordinates":[[[-106.26667773238397,31.777147036644671],[-106.26684703825053,31.777143615931063],[-106.26683293669318,31.776837432696595],[-106.26666874211692,31.776842053625074],[-106.26667773238397,31.777147036644671]]]},"properties":{"OBJECTID":30324,"Join_Count":1,"TARGET_FID":188486,"PIDN":"P65199900100200","STATE_CD":"F1","CombineADD":"2210 JOE BATTLE BLVD","Type":"Commercial","State_Code":"F1","Living_Are":"5488","Value":1041282,"Value_Sq_F":189.73797376100001,"Descriptio":"MAIN AREA","Class_CD":"MCCG","Class_Desc":"Mini-Mart; Masonry; Good","Class_De_1":"Mini-Mart","Building_M":"Masonry","Condition":"Good","Exterior_W":"807","Year_Built":2011,"Sq_Footage":"5488","BUILD_ID":29435568,"OCC_CLS":"Commercial","PRIM_OCC":"Retail Trade","SEC_OCC":" ","PROP_ADDR":"2210 JOE BATTLE BOULEVARD NORTHBOUND","PROP_CITY":"EL PASO","PROP_ST":"Texas","PROP_ZIP":"79938","OUTBLDG":" ","HEIGHT":4.36999989,"SQMETERS":510.355988,"SQFEET":5493.41992,"H_ADJ_ELEV":0,"L_ADJ_ELEV":0,"FIPS":"48141","CENSUSCODE":"48141010352","PROD_DATE":1414800000000,"SOURCE":"NGA","USNG":"13R CR 80055 16414","LONGITUDE":-106.266748272,"LATITUDE":31.7769822767,"IMAGE_NAME":"Li270-El Paso","IMAGE_DATE":1414800000000,"VAL_METHOD":"Unverified","REMARKS":" ","UUID":"{6d84203e-c369-44f5-a7cf-f5fc447e0aad}","Shape_Leng":0.00092084530609500004,"Shape_Area":4.8591654502400002e-08,"HEIGHT_FT":14.3372704245,"Shape_Length":326.13012057275773}},{"type":"Feature","id":30342,"geometry":{"type":"Polygon","coordinates":[[[-106.25549157544057,31.793963940367838],[-106.25535457280455,31.794082008107605],[-106.25544549745608,31.794158160041764],[-106.25581318576648,31.793845116322931],[-106.25571891324304,31.793769117010864],[-106.25553512883079,31.793926591703716],[-106.25547835151514,31.793877560737542],[-106.25543262529931,31.793915963804945],[-106.25549157544057,31.793963940367838]]]},"properties":{"OBJECTID":30342,"Join_Count":1,"TARGET_FID":194055,"PIDN":"T28799903400100","STATE_CD":"XV-R","CombineADD":"12401 EDGEMERE","Type":" ","State_Code":" ","Living_Are":" ","Value":0,"Value_Sq_F":0,"Descriptio":" ","Class_CD":" ","Class_Desc":" ","Class_De_1":" ","Building_M":" ","Condition":" ","Exterior_W":" ","Year_Built":0,"Sq_Footage":" ","BUILD_ID":29504415,"OCC_CLS":"Education","PRIM_OCC":"Pre-K - 12 Schools","SEC_OCC":" ","PROP_ADDR":"12401 EDGEMERE BOULEVARD WESTBOUND","PROP_CITY":"EL PASO","PROP_ST":"Texas","PROP_ZIP":"79938","OUTBLDG":" ","HEIGHT":5.26999998,"SQMETERS":550.981995,"SQFEET":5930.70996,"H_ADJ_ELEV":0,"L_ADJ_ELEV":0,"FIPS":"48141","CENSUSCODE":"48141010355","PROD_DATE":1414800000000,"SOURCE":"NGA","USNG":"13R CR 81136 18284","LONGITUDE":-106.255569804,"LATITUDE":31.793961838200001,"IMAGE_NAME":"Li270-El Paso","IMAGE_DATE":1414800000000,"VAL_METHOD":"Unverified","REMARKS":" ","UUID":"{6216e97b-f38d-48b7-8004-ec0106fa404f}","Shape_Leng":0.00118403147465,"Shape_Area":5.2469147415400001e-08,"HEIGHT_FT":17.290026737400002,"Shape_Length":452.81685025081651}},{"type":"Feature","id":30343,"geometry":{"type":"Polygon","coordinates":[[[-106.25491856534272,31.794232799960199],[-106.25497070068697,31.794279174906041],[-106.25511175025547,31.79415423200529],[-106.25505614918823,31.794106103768957],[-106.25491856534272,31.794232799960199]]]},"properties":{"OBJECTID":30343,"Join_Count":1,"TARGET_FID":194056,"PIDN":"T28799903400100","STATE_CD":"XV-R","CombineADD":"12401 EDGEMERE","Type":" ","State_Code":" ","Living_Are":" ","Value":0,"Value_Sq_F":0,"Descriptio":" ","Class_CD":" ","Class_Desc":" ","Class_De_1":" ","Building_M":" ","Condition":" ","Exterior_W":" ","Year_Built":0,"Sq_Footage":" ","BUILD_ID":29504816,"OCC_CLS":"Unclassified","PRIM_OCC":"Unclassified","SEC_OCC":" ","PROP_ADDR":"12401 EDGEMERE BOULEVARD WESTBOUND","PROP_CITY":"EL PASO","PROP_ST":"Texas","PROP_ZIP":"79938","OUTBLDG":" ","HEIGHT":3.80999994,"SQMETERS":101.174004,"SQFEET":1089.03003,"H_ADJ_ELEV":0,"L_ADJ_ELEV":0,"FIPS":"48141","CENSUSCODE":"48141010355","PROD_DATE":1414800000000,"SOURCE":"NGA","USNG":"13R CR 81189 18308","LONGITUDE":-106.255003649,"LATITUDE":31.7941869199,"IMAGE_NAME":"Li270-El Paso","IMAGE_DATE":1414800000000,"VAL_METHOD":"Unverified","REMARKS":" ","UUID":"{a480a4b5-c07a-4a7a-89d8-494774027eb4}","Shape_Leng":0.00045854906894000002,"Shape_Area":9.6346854448400008e-09,"HEIGHT_FT":12.5000002123,"Shape_Length":173.98379753502846}},{"type":"Feature","id":30344,"geometry":{"type":"Polygon","coordinates":[[[-106.25498846412417,31.794312776532028],[-106.255042891274,31.79436000268792],[-106.25518270636431,31.794233204829712],[-106.25513063038628,31.794187782795131],[-106.25498846412417,31.794312776532028]]]},"properties":{"OBJECTID":30344,"Join_Count":1,"TARGET_FID":194057,"PIDN":"T28799903400100","STATE_CD":"XV-R","CombineADD":"12401 EDGEMERE","Type":" ","State_Code":" ","Living_Are":" ","Value":0,"Value_Sq_F":0,"Descriptio":" ","Class_CD":" ","Class_Desc":" ","Class_De_1":" ","Building_M":" ","Condition":" ","Exterior_W":" ","Year_Built":0,"Sq_Footage":" ","BUILD_ID":29505023,"OCC_CLS":"Unclassified","PRIM_OCC":"Unclassified","SEC_OCC":" ","PROP_ADDR":"12401 EDGEMERE BOULEVARD WESTBOUND","PROP_CITY":"EL PASO","PROP_ST":"Texas","PROP_ZIP":"79938","OUTBLDG":" ","HEIGHT":3.69000006,"SQMETERS":108.508003,"SQFEET":1167.96997,"H_ADJ_ELEV":0,"L_ADJ_ELEV":0,"FIPS":"48141","CENSUSCODE":"48141010355","PROD_DATE":1414800000000,"SOURCE":"NGA","USNG":"13R CR 81183 18317","LONGITUDE":-106.25507513399999,"LATITUDE":31.794266755399999,"IMAGE_NAME":"Li270-El Paso","IMAGE_DATE":1414800000000,"VAL_METHOD":"Unverified","REMARKS":" ","UUID":"{50218282-f2ae-4f09-8240-a244f8c69678}","Shape_Leng":0.00047489720362399999,"Shape_Area":1.03330882404e-08,"HEIGHT_FT":12.106299787699999,"Shape_Length":173.98722780315433}},{"type":"Feature","id":30345,"geometry":{"type":"Polygon","coordinates":[[[-106.25506769422478,31.794380858413305],[-106.25512217989927,31.794429038310582],[-106.25526669738986,31.794305849396878],[-106.25521227015979,31.794258623333491],[-106.25506769422478,31.794380858413305]]]},"properties":{"OBJECTID":30345,"Join_Count":1,"TARGET_FID":194058,"PIDN":"T28799903400100","STATE_CD":"XV-R","CombineADD":"12401 EDGEMERE","Type":" ","State_Code":" ","Living_Are":" ","Value":0,"Value_Sq_F":0,"Descriptio":" ","Class_CD":" ","Class_Desc":" ","Class_De_1":" ","Building_M":" ","Condition":" ","Exterior_W":" ","Year_Built":0,"Sq_Footage":" ","BUILD_ID":29505299,"OCC_CLS":"Unclassified","PRIM_OCC":"Unclassified","SEC_OCC":" ","PROP_ADDR":"12401 EDGEMERE BOULEVARD WESTBOUND","PROP_CITY":"EL PASO","PROP_ST":"Texas","PROP_ZIP":"79938","OUTBLDG":" ","HEIGHT":3.48000002,"SQMETERS":124.880997,"SQFEET":1344.19995,"H_ADJ_ELEV":0,"L_ADJ_ELEV":0,"FIPS":"48141","CENSUSCODE":"48141010355","PROD_DATE":1414800000000,"SOURCE":"NGA","USNG":"13R CR 81175 18325","LONGITUDE":-106.25515833199999,"LATITUDE":31.794338823499999,"IMAGE_NAME":"Li270-El Paso","IMAGE_DATE":1414800000000,"VAL_METHOD":"Unverified","REMARKS":" ","UUID":"{1a4a29ce-6868-47b8-96ca-622ec5a6a823}","Shape_Leng":0.00049623046381800002,"Shape_Area":1.1892233762400001e-08,"HEIGHT_FT":11.4173232626,"Shape_Length":175.11863077283169}},{"type":"Feature","id":30346,"geometry":{"type":"Polygon","coordinates":[[[-106.25480742064454,31.794137495323685],[-106.25486061199707,31.79418286581955],[-106.25500606667798,31.794056767031943],[-106.25495181915846,31.794012400189608],[-106.25480742064454,31.794137495323685]]]},"properties":{"OBJECTID":30346,"Join_Count":1,"TARGET_FID":194059,"PIDN":"T28799903400100","STATE_CD":"XV-R","CombineADD":"12401 EDGEMERE","Type":" ","State_Code":" ","Living_Are":" ","Value":0,"Value_Sq_F":0,"Descriptio":" ","Class_CD":" ","Class_Desc":" ","Class_De_1":" ","Building_M":" ","Condition":" ","Exterior_W":" ","Year_Built":0,"Sq_Footage":" ","BUILD_ID":29504472,"OCC_CLS":"Unclassified","PRIM_OCC":"Unclassified","SEC_OCC":" ","PROP_ADDR":"12401 EDGEMERE BOULEVARD WESTBOUND","PROP_CITY":"EL PASO","PROP_ST":"Texas","PROP_ZIP":"79938","OUTBLDG":" ","HEIGHT":3.55999994,"SQMETERS":115.494003,"SQFEET":1243.17004,"H_ADJ_ELEV":0,"L_ADJ_ELEV":0,"FIPS":"48141","CENSUSCODE":"48141010355","PROD_DATE":1414800000000,"SOURCE":"NGA","USNG":"13R CR 81200 18298","LONGITUDE":-106.254889468,"LATITUDE":31.794093121500001,"IMAGE_NAME":"Li270-El Paso","IMAGE_DATE":1414800000000,"VAL_METHOD":"Unverified","REMARKS":" ","UUID":"{b7d1dc71-4824-422c-a960-8d43ab0a9a76}","Shape_Leng":0.00049136505339399995,"Shape_Area":1.0998363739399999e-08,"HEIGHT_FT":11.6797902123,"Shape_Length":174.99160817493049}},{"type":"Feature","id":30347,"geometry":{"type":"Polygon","coordinates":[[[-106.25472390191574,31.793910939503448],[-106.25486602277269,31.794036377074075],[-106.25492225556548,31.793986982524824],[-106.25477696409432,31.793864555894352],[-106.25472390191574,31.793910939503448]]]},"properties":{"OBJECTID":30347,"Join_Count":1,"TARGET_FID":194060,"PIDN":"T28799903400100","STATE_CD":"XV-R","CombineADD":"12401 EDGEMERE","Type":" ","State_Code":" ","Living_Are":" ","Value":0,"Value_Sq_F":0,"Descriptio":" ","Class_CD":" ","Class_Desc":" ","Class_De_1":" ","Building_M":" ","Condition":" ","Exterior_W":" ","Year_Built":0,"Sq_Footage":" ","BUILD_ID":29503711,"OCC_CLS":"Education","PRIM_OCC":"Pre-K - 12 Schools","SEC_OCC":" ","PROP_ADDR":"12401 EDGEMERE BOULEVARD WESTBOUND","PROP_CITY":"EL PASO","PROP_ST":"Texas","PROP_ZIP":"79938","OUTBLDG":" ","HEIGHT":3.33999991,"SQMETERS":126.609001,"SQFEET":1362.80005,"H_ADJ_ELEV":0,"L_ADJ_ELEV":0,"FIPS":"48141","CENSUSCODE":"48141010355","PROD_DATE":1414800000000,"SOURCE":"NGA","USNG":"13R CR 81208 18281","LONGITUDE":-106.254809233,"LATITUDE":31.793941741400001,"IMAGE_NAME":"Li270-El Paso","IMAGE_DATE":1414800000000,"VAL_METHOD":"Unverified","REMARKS":" ","UUID":"{53dfb82b-cad4-4b32-a429-b04e9cfc9c9f}","Shape_Leng":0.00049742009512500004,"Shape_Area":1.20567526655e-08,"HEIGHT_FT":10.9580053184,"Shape_Length":175.56582205166629}},{"type":"Feature","id":30348,"geometry":{"type":"MultiPolygon","coordinates":[[[[-106.26506351586153,31.789221736119941],[-106.26507061659163,31.789221791736409],[-106.26507556336439,31.789153230737266],[-106.26507023965443,31.789153319899171],[-106.26506351586153,31.789221736119941]]],[[[-106.26511970056022,31.789226505670477],[-106.26512444902973,31.789302493876207],[-106.26513399846843,31.789302511915253],[-106.26513252495897,31.789225308684589],[-106.26511970056022,31.789226505670477]]],[[[-106.26511857512631,31.789458202005445],[-106.26512245473668,31.789500572810521],[-106.26512872523713,31.789500286948183],[-106.26513337108699,31.789420599244572],[-106.26511827622375,31.789420439333124],[-106.26511857512631,31.789458202005445]]]]},"properties":{"OBJECTID":30348,"Join_Count":0,"TARGET_FID":194061,"PIDN":"T28799906302400","STATE_CD":"F1","CombineADD":"3280 JOE BATTLE BLVD","Type":"Commercial","State_Code":"F1","Living_Are":"440945.5","Value":93238865,"Value_Sq_F":211.45212957199999,"Descriptio":"MAIN AREA","Class_CD":"PHBG","Class_Desc":"Hospital; Structural; Good","Class_De_1":"Hospital","Building_M":"Structural","Condition":"Good","Exterior_W":"816","Year_Built":2007,"Sq_Footage":"134160","BUILD_ID":null,"OCC_CLS":null,"PRIM_OCC":null,"SEC_OCC":null,"PROP_ADDR":null,"PROP_CITY":null,"PROP_ST":null,"PROP_ZIP":null,"OUTBLDG":null,"HEIGHT":null,"SQMETERS":null,"SQFEET":null,"H_ADJ_ELEV":null,"L_ADJ_ELEV":null,"FIPS":null,"CENSUSCODE":null,"PROD_DATE":null,"SOURCE":null,"USNG":null,"LONGITUDE":null,"LATITUDE":null,"IMAGE_NAME":null,"IMAGE_DATE":null,"VAL_METHOD":null,"REMARKS":null,"UUID":null,"Shape_Leng":null,"Shape_Area":null,"HEIGHT_FT":null,"Shape_Length":181.43685858704799}},{"type":"Feature","id":30349,"geometry":{"type":"Polygon","coordinates":[[[-106.26386910413298,31.791057180704609],[-106.26448783901063,31.791052874208098],[-106.26448541957384,31.791014153344275],[-106.26455186401188,31.791014111340139],[-106.26455418513225,31.790939330871606],[-106.26461346847579,31.790936628526147],[-106.2646121570651,31.790691754444481],[-106.26490583051188,31.790690315173414],[-106.26489880618041,31.790633882010042],[-106.26527947508703,31.790625489336694],[-106.26528049263638,31.790529858389533],[-106.26490605454994,31.790526019202165],[-106.2649120011075,31.790397306782893],[-106.2648839164396,31.790395600322544],[-106.26488623833792,31.790320819781602],[-106.26481282048388,31.790321178962976],[-106.26481606179364,31.790037266091637],[-106.26447687019224,31.790037793388041],[-106.26447831093313,31.790004870020031],[-106.26406881658819,31.789999639758133],[-106.26407048300737,31.789802421277621],[-106.26370688179504,31.789804059198445],[-106.26371181625599,31.789995002419136],[-106.26381717744427,31.790002148135184],[-106.26382271530532,31.790333592049318],[-106.26380885507581,31.790332412041181],[-106.26380851818249,31.790488229746632],[-106.26382538206086,31.790493244027736],[-106.26382994350854,31.790766238659543],[-106.26386481607454,31.790764649238803],[-106.26386910413298,31.791057180704609]]]},"properties":{"OBJECTID":30349,"Join_Count":1,"TARGET_FID":194062,"PIDN":"T28799906302400","STATE_CD":"F1","CombineADD":"3280 JOE BATTLE BLVD","Type":"Commercial","State_Code":"F1","Living_Are":"440945.5","Value":93238865,"Value_Sq_F":211.45212957199999,"Descriptio":"MAIN AREA","Class_CD":"PHBG","Class_Desc":"Hospital; Structural; Good","Class_De_1":"Hospital","Building_M":"Structural","Condition":"Good","Exterior_W":"816","Year_Built":2007,"Sq_Footage":"134160","BUILD_ID":29492312,"OCC_CLS":"Commercial","PRIM_OCC":"Hospital","SEC_OCC":" ","PROP_ADDR":"3280 JOE BATTLE BOULEVARD NORTHBOUND","PROP_CITY":"EL PASO","PROP_ST":"Texas","PROP_ZIP":"79938","OUTBLDG":" ","HEIGHT":15.9799995,"SQMETERS":15090,"SQFEET":162427,"H_ADJ_ELEV":0,"L_ADJ_ELEV":0,"FIPS":"48141","CENSUSCODE":"48141010352","PROD_DATE":1414800000000,"SOURCE":"NGA","USNG":"13R CR 80302 17900","LONGITUDE":-106.264325767,"LATITUDE":31.790411138700001,"IMAGE_NAME":"Li270-El Paso","IMAGE_DATE":1414800000000,"VAL_METHOD":"Unverified","REMARKS":"HOSPITAL-PRIVATE","UUID":"{6c380b8e-aede-46bb-98b0-ad787419beb7}","Shape_Leng":0.00882146396923,"Shape_Area":1.4369415095700001e-06,"HEIGHT_FT":52.427821698199999,"Shape_Length":1887.4272344850381}},{"type":"Feature","id":30350,"geometry":{"type":"Polygon","coordinates":[[[-106.26282374266623,31.791308495876535],[-106.26282964714353,31.791367825049921],[-106.26283666008688,31.791366980738548],[-106.26283211660871,31.791307687085354],[-106.26282374266623,31.791308495876535]]]},"properties":{"OBJECTID":30350,"Join_Count":1,"TARGET_FID":194473,"PIDN":"T28799906301800","STATE_CD":"A1","CombineADD":"3309 TIERRA PALMA DR","Type":"Commercial","State_Code":"F1","Living_Are":"440945.5","Value":93238865,"Value_Sq_F":211.45212957199999,"Descriptio":"MAIN AREA","Class_CD":"PHBG","Class_Desc":"Hospital; Structural; Good","Class_De_1":"Hospital","Building_M":"Structural","Condition":"Good","Exterior_W":"816","Year_Built":2007,"Sq_Footage":"134160","BUILD_ID":29493765,"OCC_CLS":"Residential","PRIM_OCC":"Single Family Dwelling","SEC_OCC":" ","PROP_ADDR":" ","PROP_CITY":" ","PROP_ST":"Texas","PROP_ZIP":" ","OUTBLDG":" ","HEIGHT":5.25,"SQMETERS":174.815002,"SQFEET":1881.68994,"H_ADJ_ELEV":0,"L_ADJ_ELEV":0,"FIPS":"48141","CENSUSCODE":"48141010352","PROD_DATE":1414800000000,"SOURCE":"NGA","USNG":"13R CR 80456 18005","LONGITUDE":-106.262713922,"LATITUDE":31.7913767937,"IMAGE_NAME":"Li270-El Paso","IMAGE_DATE":1414800000000,"VAL_METHOD":"Unverified","REMARKS":" ","UUID":"{245d990c-f239-4949-a4dd-589298d5f366}","Shape_Leng":0.00057681532364799995,"Shape_Area":1.6646932332700001e-08,"HEIGHT_FT":17.224409999999999,"Shape_Length":48.095627628829426}},{"type":"Feature","id":30351,"geometry":{"type":"Polygon","coordinates":[[[-106.26276914974908,31.791027976676776],[-106.26278485487542,31.791084504722253],[-106.26278875786245,31.791083845483321],[-106.26277514227344,31.791027115646656],[-106.26276914974908,31.791027976676776]]]},"properties":{"OBJECTID":30351,"Join_Count":1,"TARGET_FID":194475,"PIDN":"T28799906301600","STATE_CD":"A1","CombineADD":"3301 TIERRA PALMA DR","Type":"Residential","State_Code":"A1","Living_Are":"2110","Value":128085,"Value_Sq_F":60.703791469199999,"Descriptio":"MAIN AREA","Class_CD":"R3","Class_Desc":"Residential, Average Quality","Class_De_1":"Residential","Building_M":"Structural","Condition":"Average","Exterior_W":"109","Year_Built":2004,"Sq_Footage":"792","BUILD_ID":29492751,"OCC_CLS":"Residential","PRIM_OCC":"Single Family Dwelling","SEC_OCC":" ","PROP_ADDR":" ","PROP_CITY":" ","PROP_ST":"Texas","PROP_ZIP":" ","OUTBLDG":" ","HEIGHT":4.92999983,"SQMETERS":185.455002,"SQFEET":1996.21997,"H_ADJ_ELEV":0,"L_ADJ_ELEV":0,"FIPS":"48141","CENSUSCODE":"48141010352","PROD_DATE":1414800000000,"SOURCE":"NGA","USNG":"13R CR 80460 17973","LONGITUDE":-106.26266312600001,"LATITUDE":31.791083768899998,"IMAGE_NAME":"Li270-El Paso","IMAGE_DATE":1414800000000,"VAL_METHOD":"Unverified","REMARKS":" ","UUID":"{8624a8e6-c16f-4528-ab89-2f8cafdc60d1}","Shape_Leng":0.00062254478748100005,"Shape_Area":1.7660080093100001e-08,"HEIGHT_FT":16.1745406368,"Shape_Length":45.325493712760704}},{"type":"Feature","id":30352,"geometry":{"type":"Polygon","coordinates":[[[-106.25874986031252,31.791855090405168],[-106.25907196350823,31.791851892047116],[-106.25907239834882,31.791661660225326],[-106.25874794462301,31.791663054582934],[-106.25874986031252,31.791855090405168]]]},"properties":{"OBJECTID":30352,"Join_Count":1,"TARGET_FID":195039,"PIDN":"E29999901100200","STATE_CD":"F1","CombineADD":"12410 EDGEMERE BLVD","Type":"Commercial","State_Code":"F1","Living_Are":"7000","Value":284738,"Value_Sq_F":40.676857142899998,"Descriptio":"MAIN AREA","Class_CD":"MECA","Class_Desc":"Discount Store; Masonry; Average","Class_De_1":"Discount Store","Building_M":"Masonry","Condition":"Average","Exterior_W":"817","Year_Built":2007,"Sq_Footage":"7000","BUILD_ID":29495111,"OCC_CLS":"Commercial","PRIM_OCC":"Wholesale Trade","SEC_OCC":" ","PROP_ADDR":"12410 EDGEMERE BOULEVARD EASTBOUND","PROP_CITY":"EL PASO","PROP_ST":"Texas","PROP_ZIP":"79938","OUTBLDG":" ","HEIGHT":4.51000023,"SQMETERS":635.60199,"SQFEET":6841.56006,"H_ADJ_ELEV":0,"L_ADJ_ELEV":0,"FIPS":"48141","CENSUSCODE":"48141010352","PROD_DATE":1414800000000,"SOURCE":"NGA","USNG":"13R CR 80818 18043","LONGITUDE":-106.258898192,"LATITUDE":31.7917502365,"IMAGE_NAME":"Li270-El Paso","IMAGE_DATE":1414800000000,"VAL_METHOD":"Unverified","REMARKS":" ","UUID":"{a6a16910-eef6-4495-9c96-9de350c88c52}","Shape_Leng":0.0010139665286300001,"Shape_Area":6.0525996191700001e-08,"HEIGHT_FT":14.796589150899999,"Shape_Length":339.96242297982815}},{"type":"Feature","id":30353,"geometry":{"type":"Polygon","coordinates":[[[-106.25797702206718,31.791862562206624],[-106.25861881893886,31.791853411638055],[-106.25861850986632,31.791687109336106],[-106.25797388707311,31.791686831471914],[-106.25797702206718,31.791862562206624]]]},"properties":{"OBJECTID":30353,"Join_Count":1,"TARGET_FID":195040,"PIDN":"E29999901100350","STATE_CD":"F1","CombineADD":"12420 EDGEMERE BLVD","Type":"Commercial","State_Code":"F1","Living_Are":"12000","Value":760078,"Value_Sq_F":63.3398333333,"Descriptio":"MAIN AREA","Class_CD":"MXCA","Class_Desc":" ","Class_De_1":"Strip Store","Building_M":"Masonry","Condition":"Average","Exterior_W":"817","Year_Built":2007,"Sq_Footage":"12000","BUILD_ID":29495121,"OCC_CLS":"Commercial","PRIM_OCC":"Retail Trade","SEC_OCC":" ","PROP_ADDR":"12420 EDGEMERE BOULEVARD EASTBOUND","PROP_CITY":"EL PASO","PROP_ST":"Texas","PROP_ZIP":"79938","OUTBLDG":" ","HEIGHT":4.44000006,"SQMETERS":1171.68005,"SQFEET":12611.9004,"H_ADJ_ELEV":0,"L_ADJ_ELEV":0,"FIPS":"48141","CENSUSCODE":"48141010352","PROD_DATE":1414800000000,"SOURCE":"NGA","USNG":"13R CR 80875 18044","LONGITUDE":-106.258289203,"LATITUDE":31.7917732662,"IMAGE_NAME":"Li270-El Paso","IMAGE_DATE":1414800000000,"VAL_METHOD":"Unverified","REMARKS":" ","UUID":"{6fb57d47-73e0-4aae-b6e6-dd4906eb118d}","Shape_Leng":0.0016246163867099999,"Shape_Area":1.11575131818e-07,"HEIGHT_FT":14.566929787699999,"Shape_Length":524.16059434240901}},{"type":"Feature","id":30354,"geometry":{"type":"Polygon","coordinates":[[[-106.25721125811724,31.791902684121741],[-106.25785862061723,31.791875122452645],[-106.25784826952913,31.791709278340615],[-106.2572020237389,31.791736789171672],[-106.25721125811724,31.791902684121741]]]},"properties":{"OBJECTID":30354,"Join_Count":1,"TARGET_FID":195041,"PIDN":"E29999901100450","STATE_CD":"F1","CombineADD":"12430 EDGEMERE BLVD","Type":"Commercial","State_Code":"F1","Living_Are":"12000","Value":644859,"Value_Sq_F":53.738250000000001,"Descriptio":"MAIN AREA","Class_CD":"MXCA","Class_Desc":" ","Class_De_1":"Strip Store","Building_M":"Masonry","Condition":"Average","Exterior_W":"816","Year_Built":2011,"Sq_Footage":"12000","BUILD_ID":29495190,"OCC_CLS":"Commercial","PRIM_OCC":"Retail Trade","SEC_OCC":" ","PROP_ADDR":"12430 EDGEMERE BOULEVARD EASTBOUND","PROP_CITY":"EL PASO","PROP_ST":"Texas","PROP_ZIP":"79938","OUTBLDG":" ","HEIGHT":4.57000017,"SQMETERS":1126.91003,"SQFEET":12130,"H_ADJ_ELEV":0,"L_ADJ_ELEV":0,"FIPS":"48141","CENSUSCODE":"48141010352","PROD_DATE":1414800000000,"SOURCE":"NGA","USNG":"13R CR 80948 18047","LONGITUDE":-106.25751895499999,"LATITUDE":31.791806864200002,"IMAGE_NAME":"Li270-El Paso","IMAGE_DATE":1414800000000,"VAL_METHOD":"Unverified","REMARKS":" ","UUID":"{2fbc4dcf-af07-4133-8324-8eca182cfa09}","Shape_Leng":0.00161325823403,"Shape_Area":1.07311770757e-07,"HEIGHT_FT":14.9934393632,"Shape_Length":523.26678371035746}},{"type":"Feature","id":30355,"geometry":{"type":"Polygon","coordinates":[[[-106.24904863693037,31.79498090085411],[-106.24895780941188,31.795006510460649],[-106.24888834032694,31.795026096831251],[-106.24892809238078,31.795124257182589],[-106.2489341926203,31.795139320711119],[-106.24895219713609,31.795183779664359],[-106.24897786905626,31.795247170422503],[-106.24898754257023,31.795271058716235],[-106.24911098859127,31.795240595651624],[-106.24911896386011,31.795235606256291],[-106.24912975624771,31.795228853188537],[-106.24913899453324,31.795223073016896],[-106.2491459149813,31.795208420939716],[-106.24914145624517,31.79519782562161],[-106.2491362476225,31.795185446360431],[-106.24905001389185,31.794980513121907],[-106.24904863693037,31.79498090085411]]]},"properties":{"OBJECTID":30355,"Join_Count":1,"TARGET_FID":195207,"PIDN":"Q53099900C00100","STATE_CD":"F1","CombineADD":"12770 EDGEMERE BLVD","Type":"Commercial","State_Code":"F1","Living_Are":"4333","Value":0,"Value_Sq_F":0,"Descriptio":"MAIN AREA","Class_CD":"PFDG","Class_Desc":"1 & 2 Story Detached Office; Frame; Low","Class_De_1":"1 & 2 Story Detached Office","Building_M":"Frame","Condition":"Low","Exterior_W":"892","Year_Built":2010,"Sq_Footage":"4333","BUILD_ID":29508319,"OCC_CLS":"Education","PRIM_OCC":"Other Educational Buildings","SEC_OCC":" ","PROP_ADDR":"12770 EDGEMERE BOULEVARD EASTBOUND","PROP_CITY":"EL PASO","PROP_ST":"Texas","PROP_ZIP":"79938","OUTBLDG":" ","HEIGHT":4.78000021,"SQMETERS":454.264008,"SQFEET":4889.6499,"H_ADJ_ELEV":0,"L_ADJ_ELEV":0,"FIPS":"48141","CENSUSCODE":"48141010353","PROD_DATE":1414800000000,"SOURCE":"NGA","USNG":"13R CR 81758 18405","LONGITUDE":-106.249007578,"LATITUDE":31.795114219399998,"IMAGE_NAME":"Li270-El Paso","IMAGE_DATE":1414800000000,"VAL_METHOD":"Unverified","REMARKS":" ","UUID":"{77aa2b19-75d4-4fdb-bd27-9e86ef1d6751}","Shape_Leng":0.00085411152061000005,"Shape_Area":4.32593646043e-08,"HEIGHT_FT":15.6824158883,"Shape_Length":291.74721881681654}},{"type":"Feature","id":30358,"geometry":{"type":"Polygon","coordinates":[[[-106.24914429708845,31.796931893151651],[-106.24911228732303,31.796940801128379],[-106.24908257518813,31.796954319970062],[-106.24905606262173,31.79697204109468],[-106.2490335566203,31.796993423861668],[-106.24901573906341,31.797017820425559],[-106.24900315373507,31.79704448806633],[-106.24899618059062,31.797072617453555],[-106.2489950328292,31.797101353551458],[-106.24899974592299,31.797129823211787],[-106.249010175026,31.797157161482993],[-106.24902600503745,31.797182537343875],[-106.24904675333899,31.797205180673856],[-106.24907179117702,31.79722440295641],[-106.24910035666511,31.797239619267295],[-106.24913158143875,31.797250368738336],[-106.24916451763573,31.797256323265785],[-106.24919816427065,31.797257303471618],[-106.24923149892693,31.797253278165833],[-106.24926350884253,31.797244371061542],[-106.24929322098629,31.797230851279487],[-106.2493197336368,31.797213131009066],[-106.2493422406242,31.797191747245972],[-106.24936005713153,31.797167351587611],[-106.24937264337434,31.797140682965132],[-106.24937961535784,31.797112553606432],[-106.24938076300305,31.79708381750531],[-106.24937604979741,31.797055347858223],[-106.24936562060023,31.797028009615214],[-106.24934979052382,31.797002633794076],[-106.24932904219429,31.79697999051054],[-106.24930400442474,31.796960769176128],[-106.24927543998628,31.796945551959656],[-106.24924421429817,31.796934803470364],[-106.24921127815156,31.79692884806169],[-106.24917763163279,31.796927867859107],[-106.24914429708845,31.796931893151651]]]},"properties":{"OBJECTID":30358,"Join_Count":1,"TARGET_FID":197376,"PIDN":"T28799910300200","STATE_CD":"XV-C","CombineADD":"13420 R C POE RD","Type":" ","State_Code":" ","Living_Are":" ","Value":0,"Value_Sq_F":0,"Descriptio":" ","Class_CD":" ","Class_Desc":" ","Class_De_1":" ","Building_M":" ","Condition":" ","Exterior_W":" ","Year_Built":0,"Sq_Footage":" ","BUILD_ID":29515069,"OCC_CLS":"Unclassified","PRIM_OCC":"Unclassified","SEC_OCC":" ","PROP_ADDR":" ","PROP_CITY":" ","PROP_ST":"Texas","PROP_ZIP":" ","OUTBLDG":" ","HEIGHT":41.8199997,"SQMETERS":973.379028,"SQFEET":10477.2998,"H_ADJ_ELEV":0,"L_ADJ_ELEV":0,"FIPS":"48141","CENSUSCODE":"48141010355","PROD_DATE":1414800000000,"SOURCE":"NGA","USNG":"13R CR 81746 18626","LONGITUDE":-106.249165893,"LATITUDE":31.797111796700001,"IMAGE_NAME":"Li270-El Paso","IMAGE_DATE":1414800000000,"VAL_METHOD":"Unverified","REMARKS":" ","UUID":"{4c6ae55d-ff06-4698-bcc7-b7aaf055666e}","Shape_Leng":0.0010857021521599999,"Shape_Area":9.2696409073799995e-08,"HEIGHT_FT":137.20472779900001,"Shape_Length":376.55065352193253}},{"type":"Feature","id":30359,"geometry":{"type":"Polygon","coordinates":[[[-106.26489562105229,31.806177671900766],[-106.26493996071186,31.806416999648686],[-106.26531573257361,31.806362833779893],[-106.26527594997867,31.80612927273215],[-106.26489562105229,31.806177671900766]]]},"properties":{"OBJECTID":30359,"Join_Count":1,"TARGET_FID":197983,"PIDN":"H80699900300400","STATE_CD":"F1","CombineADD":"12120 MONTANA AVE","Type":"Commercial","State_Code":"F1","Living_Are":"9930","Value":1157405,"Value_Sq_F":116.556394763,"Descriptio":"MAIN AREA","Class_CD":"ERDA","Class_Desc":"Restaurant; Frame; Average","Class_De_1":"Restaurant","Building_M":"Frame","Condition":"Average","Exterior_W":"817","Year_Built":2011,"Sq_Footage":"9930","BUILD_ID":29285049,"OCC_CLS":"Commercial","PRIM_OCC":"Entertainment and Recreation","SEC_OCC":" ","PROP_ADDR":"12120 MONTANA AVENUE EASTBOUND","PROP_CITY":"EL PASO","PROP_ST":"Texas","PROP_ZIP":"79938","OUTBLDG":" ","HEIGHT":5.67999983,"SQMETERS":922.575012,"SQFEET":9930.5,"H_ADJ_ELEV":0,"L_ADJ_ELEV":0,"FIPS":"48141","CENSUSCODE":"48141010355","PROD_DATE":1414800000000,"SOURCE":"NGA","USNG":"13R CR 80251 19658","LONGITUDE":-106.26508471299999,"LATITUDE":31.806264834,"IMAGE_NAME":"Li270-El Paso","IMAGE_DATE":1414800000000,"VAL_METHOD":"Unverified","REMARKS":" ","UUID":"{ac851d55-fc31-49e6-bf48-dd67332ade0b}","Shape_Leng":0.0012366510786700001,"Shape_Area":8.7866844483699996e-08,"HEIGHT_FT":18.635170636800002,"Shape_Length":411.85221096703151}},{"type":"Feature","id":30360,"geometry":{"type":"Polygon","coordinates":[[[-106.26417370270802,31.80658095978832],[-106.26428875502657,31.806563768741334],[-106.26425068728388,31.806357609483843],[-106.26419789562094,31.806363599963525],[-106.26419008221987,31.806328111852377],[-106.26413317937934,31.8063354845311],[-106.26417370270802,31.80658095978832]]]},"properties":{"OBJECTID":30360,"Join_Count":1,"TARGET_FID":197984,"PIDN":"H80699900300450","STATE_CD":"F1","CombineADD":"12120 MONTANA AVE","Type":"Commercial","State_Code":"F1","Living_Are":"2853","Value":554427,"Value_Sq_F":194.33123028399999,"Descriptio":"MAIN AREA","Class_CD":"EFDG","Class_Desc":"Fast Food Restaurant; Frame; Good","Class_De_1":"Fast Food Restaurant","Building_M":"Frame","Condition":"Good","Exterior_W":"817","Year_Built":2010,"Sq_Footage":"2853","BUILD_ID":29285117,"OCC_CLS":"Commercial","PRIM_OCC":"Entertainment and Recreation","SEC_OCC":" ","PROP_ADDR":"12120 MONTANA AVE","PROP_CITY":" ","PROP_ST":"Texas","PROP_ZIP":"79938","OUTBLDG":" ","HEIGHT":4.21999979,"SQMETERS":264.071991,"SQFEET":2842.43994,"H_ADJ_ELEV":0,"L_ADJ_ELEV":0,"FIPS":"48141","CENSUSCODE":"48141010355","PROD_DATE":1414800000000,"SOURCE":"NGA","USNG":"13R CR 80335 19678","LONGITUDE":-106.26419132300001,"LATITUDE":31.806448698699999,"IMAGE_NAME":"Li270-El Paso","IMAGE_DATE":1414800000000,"VAL_METHOD":"Unverified","REMARKS":" ","UUID":"{459d4f0a-6cfb-4da1-a820-f337ae65106d}","Shape_Leng":0.00069790854792799997,"Shape_Area":2.5150455428999999e-08,"HEIGHT_FT":13.8451441117,"Shape_Length":249.95190867687367}},{"type":"Feature","id":30361,"geometry":{"type":"Polygon","coordinates":[[[-106.26315031902261,31.806521496602951],[-106.26319077269942,31.806739017336721],[-106.2632649604848,31.806730619057351],[-106.2632619582122,31.806722870465471],[-106.26329438074208,31.806717808514538],[-106.26325512149354,31.806505968371081],[-106.26315031902261,31.806521496602951]]]},"properties":{"OBJECTID":30361,"Join_Count":1,"TARGET_FID":197985,"PIDN":"H806999U5400140","STATE_CD":"F1","CombineADD":"12230 MONTANA AVE","Type":"Commercial","State_Code":"F1","Living_Are":"6000","Value":377909,"Value_Sq_F":62.984833333300003,"Descriptio":"MAIN AREA","Class_CD":"MXDA","Class_Desc":" ","Class_De_1":"Strip Store","Building_M":"Frame","Condition":"Average","Exterior_W":"812","Year_Built":2013,"Sq_Footage":"6000","BUILD_ID":29285214,"OCC_CLS":"Commercial","PRIM_OCC":"Retail Trade","SEC_OCC":" ","PROP_ADDR":"12230 MONTANA AVENUE EASTBOUND","PROP_CITY":"EL PASO","PROP_ST":"Texas","PROP_ZIP":"79938","OUTBLDG":" ","HEIGHT":4.63000011,"SQMETERS":229.940994,"SQFEET":2475.06006,"H_ADJ_ELEV":0,"L_ADJ_ELEV":0,"FIPS":"48141","CENSUSCODE":"48141010355","PROD_DATE":1414800000000,"SOURCE":"NGA","USNG":"13R CR 80429 19694","LONGITUDE":-106.26320710100001,"LATITUDE":31.806606697799999,"IMAGE_NAME":"Li270-El Paso","IMAGE_DATE":1414800000000,"VAL_METHOD":"Unverified","REMARKS":" ","UUID":"{f13bccd7-2fd5-48c5-a47b-3bbf9b82899d}","Shape_Leng":0.00062510496084399998,"Shape_Area":2.1899879557000001e-08,"HEIGHT_FT":15.1902895755,"Shape_Length":227.64634220537795}},{"type":"Feature","id":30362,"geometry":{"type":"Polygon","coordinates":[[[-106.26413150331769,31.805333846213422],[-106.26435926014543,31.805306739236556],[-106.26432960276178,31.805145598858271],[-106.26452387540088,31.805120017590557],[-106.26453362567808,31.80518648126554],[-106.26500558177104,31.805126737447253],[-106.26501324644552,31.805159842579734],[-106.26526860655805,31.805126696354549],[-106.26526388112876,31.805095846992355],[-106.26535257166508,31.805082246253694],[-106.26534829297643,31.805058544833258],[-106.26578955469256,31.805000197240322],[-106.26572093214912,31.804618601370219],[-106.26553782026595,31.804643675737506],[-106.2655273256744,31.804565297340883],[-106.26566315207249,31.80454476823893],[-106.26561239294263,31.804269889803152],[-106.2652680465154,31.804311871612949],[-106.26523559753559,31.804150858567578],[-106.26447510412551,31.804250040384339],[-106.2645091509315,31.804391863752993],[-106.26394601447601,31.804470099645791],[-106.26407160072633,31.805181252455238],[-106.26409950258744,31.80517998089417],[-106.26413150331769,31.805333846213422]]]},"properties":{"OBJECTID":30362,"Join_Count":1,"TARGET_FID":197986,"PIDN":"H80699900300100","STATE_CD":"F1","CombineADD":"12100 MONTANA AVE","Type":" ","State_Code":" ","Living_Are":" ","Value":0,"Value_Sq_F":0,"Descriptio":" ","Class_CD":" ","Class_Desc":" ","Class_De_1":" ","Building_M":" ","Condition":" ","Exterior_W":" ","Year_Built":0,"Sq_Footage":" ","BUILD_ID":29284310,"OCC_CLS":"Commercial","PRIM_OCC":"Wholesale Trade","SEC_OCC":" ","PROP_ADDR":"12100 MONTANA AVENUE EASTBOUND","PROP_CITY":"EL PASO","PROP_ST":"Texas","PROP_ZIP":"79938","OUTBLDG":" ","HEIGHT":7.92000008,"SQMETERS":14183.7002,"SQFEET":152672,"H_ADJ_ELEV":0,"L_ADJ_ELEV":0,"FIPS":"48141","CENSUSCODE":"48141010355","PROD_DATE":1414800000000,"SOURCE":"NGA","USNG":"13R CR 80278 19486","LONGITUDE":-106.26477024499999,"LATITUDE":31.804714095000001,"IMAGE_NAME":"Li270-El Paso","IMAGE_DATE":1414800000000,"VAL_METHOD":"Unverified","REMARKS":" ","UUID":"{a8dec592-6121-4b75-a177-bcbad5204399}","Shape_Leng":0.0055996244451000004,"Shape_Area":1.3508450884400001e-06,"HEIGHT_FT":25.984253050300001,"Shape_Length":1978.1175600524448}},{"type":"Feature","id":30363,"geometry":{"type":"Polygon","coordinates":[[[-106.26168845060658,31.805643495203238],[-106.26182413052257,31.805620587162984],[-106.26181601936528,31.805580333947248],[-106.26238210237737,31.805504363166083],[-106.26239270649967,31.805539724219955],[-106.26264791973031,31.805504201088358],[-106.26263154886952,31.805421310856534],[-106.26300908546082,31.805373044525734],[-106.26301883370586,31.805439509255987],[-106.26327977607548,31.805406112647489],[-106.26324305197735,31.805221398590156],[-106.26314290064005,31.805230741525097],[-106.26309099670914,31.804982199920168],[-106.26294635130888,31.804995958912535],[-106.26291052018158,31.804825541575891],[-106.26302417535273,31.804808414303388],[-106.26301487281536,31.804749099354019],[-106.26303704596461,31.804745699308153],[-106.26299116886359,31.804504051325033],[-106.2621139281117,31.804615706879254],[-106.26208472132603,31.804461714797693],[-106.2616186451547,31.804525959726305],[-106.26164785120464,31.804679951908373],[-106.26114564956525,31.804748230464774],[-106.26130216864074,31.805596573085385],[-106.26150481425314,31.805570615006463],[-106.26151486015512,31.80564184479622],[-106.26168432065811,31.805622177566626],[-106.26168845060658,31.805643495203238]]]},"properties":{"OBJECTID":30363,"Join_Count":1,"TARGET_FID":197987,"PIDN":"H806999U5400100","STATE_CD":"F1","CombineADD":"12230 MONTANA AVE","Type":"Commercial","State_Code":"F1","Living_Are":"4107","Value":407917,"Value_Sq_F":99.3223764305,"Descriptio":"MAIN AREA","Class_CD":"SCCA","Class_Desc":"Auto Centers; Masonry; Average","Class_De_1":"Auto Centers","Building_M":"Masonry","Condition":"Average","Exterior_W":"817","Year_Built":2010,"Sq_Footage":"4107","BUILD_ID":29284530,"OCC_CLS":"Commercial","PRIM_OCC":"Retail Trade","SEC_OCC":" ","PROP_ADDR":"12236 MONTANA AVENUE EASTBOUND","PROP_CITY":"EL PASO","PROP_ST":"Texas","PROP_ZIP":"79938","OUTBLDG":" ","HEIGHT":6.69999981,"SQMETERS":17894.4004,"SQFEET":192614,"H_ADJ_ELEV":0,"L_ADJ_ELEV":0,"FIPS":"48141","CENSUSCODE":"48141010355","PROD_DATE":1414800000000,"SOURCE":"NGA","USNG":"13R CR 80532 19520","LONGITUDE":-106.262093221,"LATITUDE":31.805047458099999,"IMAGE_NAME":"Li270-El Paso","IMAGE_DATE":1414800000000,"VAL_METHOD":"Unverified","REMARKS":" ","UUID":"{045b1fab-1d7b-436b-9986-82fa2e29ecc0}","Shape_Leng":0.0063819606144000004,"Shape_Area":1.70425957459e-06,"HEIGHT_FT":21.981627374199999,"Shape_Length":2194.9971683639587}},{"type":"Feature","id":30364,"geometry":{"type":"Polygon","coordinates":[[[-106.26054668323508,31.806880616280971],[-106.26069213543803,31.806879726633827],[-106.2606877600405,31.806702140397558],[-106.26049519347963,31.806701352824021],[-106.26049343769108,31.806852454416127],[-106.2605447784015,31.806850116137522],[-106.26054668323508,31.806880616280971]]]},"properties":{"OBJECTID":30364,"Join_Count":1,"TARGET_FID":197988,"PIDN":"H806999U5400182","STATE_CD":"F1","CombineADD":"12244 MONTANA AVE","Type":" ","State_Code":" ","Living_Are":" ","Value":0,"Value_Sq_F":0,"Descriptio":" ","Class_CD":" ","Class_Desc":" ","Class_De_1":" ","Building_M":" ","Condition":" ","Exterior_W":" ","Year_Built":0,"Sq_Footage":" ","BUILD_ID":29285337,"OCC_CLS":"Commercial","PRIM_OCC":"Professional/Technical Services","SEC_OCC":" ","PROP_ADDR":"12244 MONTANA AVENUE EASTBOUND","PROP_CITY":"EL PASO","PROP_ST":"Texas","PROP_ZIP":"79938","OUTBLDG":" ","HEIGHT":4.46000004,"SQMETERS":445.947998,"SQFEET":4800.14014,"H_ADJ_ELEV":0,"L_ADJ_ELEV":0,"FIPS":"48141","CENSUSCODE":"48141010355","PROD_DATE":1414800000000,"SOURCE":"NGA","USNG":"13R CR 80679 19712","LONGITUDE":-106.260605105,"LATITUDE":31.806776859500001,"IMAGE_NAME":"Li270-El Paso","IMAGE_DATE":1414800000000,"VAL_METHOD":"Unverified","REMARKS":" ","UUID":"{658d9c57-5ab8-4005-a6ec-4d162105890d}","Shape_Leng":0.00105337399436,"Shape_Area":4.2472763958899999e-08,"HEIGHT_FT":14.6325465252,"Shape_Length":251.6815131241986}},{"type":"Feature","id":30365,"geometry":{"type":"Polygon","coordinates":[[[-106.26037778056397,31.806075850712421],[-106.26037920912313,31.806098725603842],[-106.26030578345336,31.806105892679177],[-106.26035316595566,31.806434452958708],[-106.26033331419103,31.806439180998417],[-106.26036396888456,31.806571601556001],[-106.26058117882008,31.806536857005831],[-106.26050689147682,31.806064235479134],[-106.26037778056397,31.806075850712421]]]},"properties":{"OBJECTID":30365,"Join_Count":1,"TARGET_FID":197989,"PIDN":"H806999U5400184","STATE_CD":"F1","CombineADD":"12244 MONTANA AVE","Type":"Commercial","State_Code":"F1","Living_Are":"10292","Value":881584,"Value_Sq_F":85.657209483100004,"Descriptio":"MAIN AREA","Class_CD":"MXCA","Class_Desc":" ","Class_De_1":"Strip Store","Building_M":"Masonry","Condition":"Average","Exterior_W":"812","Year_Built":2011,"Sq_Footage":"10292","BUILD_ID":29285109,"OCC_CLS":"Commercial","PRIM_OCC":"Retail Trade","SEC_OCC":" ","PROP_ADDR":"12244 MONTANA AVENUE EASTBOUND","PROP_CITY":"EL PASO","PROP_ST":"Texas","PROP_ZIP":"79938","OUTBLDG":" ","HEIGHT":5.57000017,"SQMETERS":992.176025,"SQFEET":10679.7002,"H_ADJ_ELEV":0,"L_ADJ_ELEV":0,"FIPS":"48141","CENSUSCODE":"48141010355","PROD_DATE":1414800000000,"SOURCE":"NGA","USNG":"13R CR 80692 19658","LONGITUDE":-106.260423241,"LATITUDE":31.8063115052,"IMAGE_NAME":"Li270-El Paso","IMAGE_DATE":1414800000000,"VAL_METHOD":"Unverified","REMARKS":" ","UUID":"{9764d4dd-2b37-4e0a-8509-b5e829b8f9be}","Shape_Leng":0.00144087324873,"Shape_Area":9.4495791304599994e-08,"HEIGHT_FT":18.274279363200002,"Shape_Length":489.68397648406528}},{"type":"Feature","id":30376,"geometry":{"type":"Polygon","coordinates":[[[-106.25136054495341,31.808115558372894],[-106.25136609238741,31.808150671391545],[-106.25121532451878,31.808173120872961],[-106.25119974262861,31.808175440619799],[-106.25121679104721,31.808285107141575],[-106.25122216999026,31.808319706710019],[-106.25138893607468,31.808301609921205],[-106.25137205590268,31.808192456876331],[-106.25143643451977,31.80818379439641],[-106.25143176611437,31.808144817499166],[-106.25141161635649,31.808144778256942],[-106.25140612832185,31.80811061806379],[-106.25136054495341,31.808115558372894]]]},"properties":{"OBJECTID":30376,"Join_Count":1,"TARGET_FID":198170,"PIDN":"T95000000020030","STATE_CD":"A2","CombineADD":"12520 MONTANA AVE","Type":"Residential","State_Code":"A2","Living_Are":"1268","Value":6890,"Value_Sq_F":5.4337539432200002,"Descriptio":"MAIN AREA","Class_CD":"14A","Class_Desc":"Mobile Home 14-Wide","Class_De_1":"Mobile Home 14-Wide","Building_M":" ","Condition":" ","Exterior_W":" ","Year_Built":1979,"Sq_Footage":"924","BUILD_ID":29285742,"OCC_CLS":"Residential","PRIM_OCC":"Manufactured Home","SEC_OCC":" ","PROP_ADDR":"12520 MONTANA AVE","PROP_CITY":" ","PROP_ST":"Texas","PROP_ZIP":"79938","OUTBLDG":" ","HEIGHT":3.06999993,"SQMETERS":199.324997,"SQFEET":2145.52002,"H_ADJ_ELEV":0,"L_ADJ_ELEV":0,"FIPS":"48141","CENSUSCODE":"48141010354","PROD_DATE":1414800000000,"SOURCE":"NGA","USNG":"13R CR 81559 19862","LONGITUDE":-106.251288136,"LATITUDE":31.808241758499999,"IMAGE_NAME":"Li270-El Paso","IMAGE_DATE":1414800000000,"VAL_METHOD":"Unverified","REMARKS":" ","UUID":"{52f01e6f-acd6-4e50-897c-12fd21571637}","Shape_Leng":0.00055645066511199998,"Shape_Area":1.89843302562e-08,"HEIGHT_FT":10.072178580999999,"Shape_Length":278.14048843301237}},{"type":"Feature","id":30377,"geometry":{"type":"Polygon","coordinates":[[[-106.25130009497762,31.807974232402731],[-106.25135093910193,31.80797287589321],[-106.25134907368694,31.807951932837046],[-106.25143507424281,31.807948977614071],[-106.25143381364749,31.807910801272929],[-106.25129576302481,31.807913733652679],[-106.25129390145298,31.807856946474406],[-106.25121120798249,31.807858950139583],[-106.25120393423943,31.80785912645484],[-106.25120652907843,31.807954590809285],[-106.25121245940051,31.807954443972438],[-106.25129872799117,31.807952310252801],[-106.25130009497762,31.807974232402731]]]},"properties":{"OBJECTID":30377,"Join_Count":0,"TARGET_FID":198171,"PIDN":"T95000000020030","STATE_CD":"A2","CombineADD":"12520 MONTANA AVE","Type":"Residential","State_Code":"A2","Living_Are":"1268","Value":6890,"Value_Sq_F":5.4337539432200002,"Descriptio":"MAIN AREA","Class_CD":"14A","Class_Desc":"Mobile Home 14-Wide","Class_De_1":"Mobile Home 14-Wide","Building_M":" ","Condition":" ","Exterior_W":" ","Year_Built":1979,"Sq_Footage":"924","BUILD_ID":null,"OCC_CLS":null,"PRIM_OCC":null,"SEC_OCC":null,"PROP_ADDR":null,"PROP_CITY":null,"PROP_ST":null,"PROP_ZIP":null,"OUTBLDG":null,"HEIGHT":null,"SQMETERS":null,"SQFEET":null,"H_ADJ_ELEV":null,"L_ADJ_ELEV":null,"FIPS":null,"CENSUSCODE":null,"PROD_DATE":null,"SOURCE":null,"USNG":null,"LONGITUDE":null,"LATITUDE":null,"IMAGE_NAME":null,"IMAGE_DATE":null,"VAL_METHOD":null,"REMARKS":null,"UUID":null,"Shape_Leng":null,"Shape_Area":null,"HEIGHT_FT":null,"Shape_Length":226.97847728685309}},{"type":"Feature","id":30378,"geometry":{"type":"Polygon","coordinates":[[[-106.25120218201511,31.807669473812059],[-106.25120872581159,31.807669514929774],[-106.25138693688588,31.807670630434739],[-106.25138635314283,31.807634336168512],[-106.251208268705,31.80763462290766],[-106.25120112852191,31.807634634197107],[-106.25120218201511,31.807669473812059]]]},"properties":{"OBJECTID":30378,"Join_Count":0,"TARGET_FID":198172,"PIDN":"T95000000020030","STATE_CD":"A2","CombineADD":"12520 MONTANA AVE","Type":"Residential","State_Code":"A2","Living_Are":"1268","Value":6890,"Value_Sq_F":5.4337539432200002,"Descriptio":"MAIN AREA","Class_CD":"14A","Class_Desc":"Mobile Home 14-Wide","Class_De_1":"Mobile Home 14-Wide","Building_M":" ","Condition":" ","Exterior_W":" ","Year_Built":1979,"Sq_Footage":"924","BUILD_ID":null,"OCC_CLS":null,"PRIM_OCC":null,"SEC_OCC":null,"PROP_ADDR":null,"PROP_CITY":null,"PROP_ST":null,"PROP_ZIP":null,"OUTBLDG":null,"HEIGHT":null,"SQMETERS":null,"SQFEET":null,"H_ADJ_ELEV":null,"L_ADJ_ELEV":null,"FIPS":null,"CENSUSCODE":null,"PROD_DATE":null,"SOURCE":null,"USNG":null,"LONGITUDE":null,"LATITUDE":null,"IMAGE_NAME":null,"IMAGE_DATE":null,"VAL_METHOD":null,"REMARKS":null,"UUID":null,"Shape_Leng":null,"Shape_Area":null,"HEIGHT_FT":null,"Shape_Length":140.82061247850774}},{"type":"Feature","id":30380,"geometry":{"type":"Polygon","coordinates":[[[-106.24792495447159,31.808296886273812],[-106.24794895609161,31.808430566777407],[-106.24814103803891,31.808405588707807],[-106.24811803416929,31.808269950929464],[-106.24792495447159,31.808296886273812]]]},"properties":{"OBJECTID":30380,"Join_Count":1,"TARGET_FID":198174,"PIDN":"H80699900200100","STATE_CD":"F1","CombineADD":"12680 MONTANA AVE","Type":" ","State_Code":" ","Living_Are":" ","Value":0,"Value_Sq_F":0,"Descriptio":" ","Class_CD":" ","Class_Desc":" ","Class_De_1":" ","Building_M":" ","Condition":" ","Exterior_W":" ","Year_Built":0,"Sq_Footage":" ","BUILD_ID":29285795,"OCC_CLS":"Commercial","PRIM_OCC":"Retail Trade","SEC_OCC":" ","PROP_ADDR":"12680 MONTANA AVENUE EASTBOUND","PROP_CITY":"EL PASO","PROP_ST":"Texas","PROP_ZIP":"79938","OUTBLDG":" ","HEIGHT":5.09000015,"SQMETERS":277.941986,"SQFEET":2991.73999,"H_ADJ_ELEV":0,"L_ADJ_ELEV":0,"FIPS":"48141","CENSUSCODE":"48141010354","PROD_DATE":1414800000000,"SOURCE":"NGA","USNG":"13R CR 81868 19871","LONGITUDE":-106.248022288,"LATITUDE":31.808348415099999,"IMAGE_NAME":"Li270-El Paso","IMAGE_DATE":1414800000000,"VAL_METHOD":"Unverified","REMARKS":" ","UUID":"{0321704e-dff7-42e7-8d02-c544cb0177e5}","Shape_Leng":0.00066036583144299995,"Shape_Area":2.6472001928500001e-08,"HEIGHT_FT":16.699476100599998,"Shape_Length":220.19123777330094}},{"type":"Feature","id":30381,"geometry":{"type":"Polygon","coordinates":[[[-106.23469396903994,31.803306605556536],[-106.2354558520602,31.803299647568902],[-106.23545447257958,31.803196481456361],[-106.23553976432419,31.803191178992389],[-106.23553804481496,31.803109534721795],[-106.23504989651377,31.803115901722073],[-106.235046118181,31.80297413320449],[-106.23571366239588,31.802963930497636],[-106.23571056398721,31.80277911914634],[-106.23504433905492,31.802783527140807],[-106.2350422343837,31.80264168360722],[-106.23574854803769,31.802634023147348],[-106.23575020466191,31.802444695356186],[-106.23540779661613,31.802445887787158],[-106.23540936671604,31.802417141937013],[-106.23543447884849,31.802416003018276],[-106.23542908434229,31.802335665159951],[-106.23537750733836,31.802334181358706],[-106.23537751773301,31.802352341192616],[-106.23532482500177,31.802350907971721],[-106.23532144663662,31.802296579371223],[-106.23522963288359,31.802295963924362],[-106.23522474367226,31.802271334003365],[-106.23511977315955,31.802275139050575],[-106.23512131413345,31.80229992082047],[-106.23503619679954,31.802299001547169],[-106.23503709439835,31.802223451261849],[-106.23497218493179,31.80222352745588],[-106.2349745738674,31.802081956966525],[-106.23471064814817,31.80208532335066],[-106.23471294024382,31.802194183021321],[-106.23464139262755,31.802195516501072],[-106.23464497680663,31.802230659440465],[-106.23455744926321,31.802226981691],[-106.23465872582288,31.802451787045499],[-106.23466153096933,31.8026409123942],[-106.23474635332195,31.802637065896679],[-106.23481610371667,31.802786834796738],[-106.23471976524073,31.802785468638614],[-106.2347202205185,31.802972788584917],[-106.23490149932395,31.802972214759208],[-106.23497089461013,31.803116264756895],[-106.23469363230248,31.803121191301521],[-106.23469396903994,31.803306605556536]]]},"properties":{"OBJECTID":30381,"Join_Count":1,"TARGET_FID":198222,"PIDN":"T28799920100100","STATE_CD":"XV-R","CombineADD":"13995 JASON CRANDALL","Type":" ","State_Code":" ","Living_Are":" ","Value":0,"Value_Sq_F":0,"Descriptio":" ","Class_CD":" ","Class_Desc":" ","Class_De_1":" ","Building_M":" ","Condition":" ","Exterior_W":" ","Year_Built":0,"Sq_Footage":" ","BUILD_ID":29282213,"OCC_CLS":"Education","PRIM_OCC":"Pre-K - 12 Schools","SEC_OCC":" ","PROP_ADDR":"13995 JASON CRANDALL DRIVE","PROP_CITY":"EL PASO","PROP_ST":"Texas","PROP_ZIP":"79938","OUTBLDG":" ","HEIGHT":5.05000019,"SQMETERS":8314.88965,"SQFEET":89500.6016,"H_ADJ_ELEV":0,"L_ADJ_ELEV":0,"FIPS":"48141","CENSUSCODE":"48141010354","PROD_DATE":1414800000000,"SOURCE":"NGA","USNG":"13R CR 83080 19204","LONGITUDE":-106.23509780400001,"LATITUDE":31.8027074944,"IMAGE_NAME":"Li270-El Paso","IMAGE_DATE":1414800000000,"VAL_METHOD":"Unverified","REMARKS":" ","UUID":"{46a7ce62-173f-467d-8ac9-ffb8f200705e}","Shape_Leng":0.0080754827868000003,"Shape_Area":7.9188679747500004e-07,"HEIGHT_FT":16.5682426258,"Shape_Length":2562.9904495378037}},{"type":"Feature","id":30382,"geometry":{"type":"Polygon","coordinates":[[[-106.23587837973037,31.803226073455104],[-106.23608478619322,31.803224597632337],[-106.2360839997969,31.803157964534289],[-106.2358757854756,31.803157371988256],[-106.23587837973037,31.803226073455104]]]},"properties":{"OBJECTID":30382,"Join_Count":0,"TARGET_FID":198223,"PIDN":"T28799920100100","STATE_CD":"XV-R","CombineADD":"13995 JASON CRANDALL","Type":" ","State_Code":" ","Living_Are":" ","Value":0,"Value_Sq_F":0,"Descriptio":" ","Class_CD":" ","Class_Desc":" ","Class_De_1":" ","Building_M":" ","Condition":" ","Exterior_W":" ","Year_Built":0,"Sq_Footage":" ","BUILD_ID":null,"OCC_CLS":null,"PRIM_OCC":null,"SEC_OCC":null,"PROP_ADDR":null,"PROP_CITY":null,"PROP_ST":null,"PROP_ZIP":null,"OUTBLDG":null,"HEIGHT":null,"SQMETERS":null,"SQFEET":null,"H_ADJ_ELEV":null,"L_ADJ_ELEV":null,"FIPS":null,"CENSUSCODE":null,"PROD_DATE":null,"SOURCE":null,"USNG":null,"LONGITUDE":null,"LATITUDE":null,"IMAGE_NAME":null,"IMAGE_DATE":null,"VAL_METHOD":null,"REMARKS":null,"UUID":null,"Shape_Leng":null,"Shape_Area":null,"HEIGHT_FT":null,"Shape_Length":178.05947157347873}},{"type":"Feature","id":30383,"geometry":{"type":"Polygon","coordinates":[[[-106.23587585234038,31.803117941552188],[-106.23608300589231,31.803114997652614],[-106.2360831901813,31.803050470895673],[-106.23587330250504,31.803049954256519],[-106.23587585234038,31.803117941552188]]]},"properties":{"OBJECTID":30383,"Join_Count":1,"TARGET_FID":198224,"PIDN":"T28799920100100","STATE_CD":"XV-R","CombineADD":"13995 JASON CRANDALL","Type":" ","State_Code":" ","Living_Are":" ","Value":0,"Value_Sq_F":0,"Descriptio":" ","Class_CD":" ","Class_Desc":" ","Class_De_1":" ","Building_M":" ","Condition":" ","Exterior_W":" ","Year_Built":0,"Sq_Footage":" ","BUILD_ID":29282036,"OCC_CLS":"Education","PRIM_OCC":"Pre-K - 12 Schools","SEC_OCC":" ","PROP_ADDR":"13995 JASON CRANDALL DRIVE","PROP_CITY":"EL PASO","PROP_ST":"Texas","PROP_ZIP":"79938","OUTBLDG":" ","HEIGHT":3.56999993,"SQMETERS":111.151001,"SQFEET":1196.42004,"H_ADJ_ELEV":0,"L_ADJ_ELEV":0,"FIPS":"48141","CENSUSCODE":"48141010354","PROD_DATE":1414800000000,"SOURCE":"NGA","USNG":"13R CR 83003 19273","LONGITUDE":-106.235966615,"LATITUDE":31.803075318600001,"IMAGE_NAME":"Li270-El Paso","IMAGE_DATE":1414800000000,"VAL_METHOD":"Unverified","REMARKS":" ","UUID":"{32531c57-eca0-4beb-9a41-443d25068253}","Shape_Leng":0.00049574640853099997,"Shape_Area":1.05857502164e-08,"HEIGHT_FT":11.712598581,"Shape_Length":177.79062809887091}},{"type":"Feature","id":30384,"geometry":{"type":"Polygon","coordinates":[[[-106.23587657585415,31.8029946077829],[-106.23608047084682,31.802993244952528],[-106.23608061066508,31.802928003117788],[-106.23587574513516,31.80292725960258],[-106.23587657585415,31.8029946077829]]]},"properties":{"OBJECTID":30384,"Join_Count":1,"TARGET_FID":198225,"PIDN":"T28799920100100","STATE_CD":"XV-R","CombineADD":"13995 JASON CRANDALL","Type":" ","State_Code":" ","Living_Are":" ","Value":0,"Value_Sq_F":0,"Descriptio":" ","Class_CD":" ","Class_Desc":" ","Class_De_1":" ","Building_M":" ","Condition":" ","Exterior_W":" ","Year_Built":0,"Sq_Footage":" ","BUILD_ID":29281905,"OCC_CLS":"Education","PRIM_OCC":"Pre-K - 12 Schools","SEC_OCC":" ","PROP_ADDR":"13995 JASON CRANDALL DRIVE","PROP_CITY":"EL PASO","PROP_ST":"Texas","PROP_ZIP":"79938","OUTBLDG":" ","HEIGHT":3.56999993,"SQMETERS":113.983002,"SQFEET":1226.90002,"H_ADJ_ELEV":0,"L_ADJ_ELEV":0,"FIPS":"48141","CENSUSCODE":"48141010354","PROD_DATE":1414800000000,"SOURCE":"NGA","USNG":"13R CR 83003 19260","LONGITUDE":-106.23596536300001,"LATITUDE":31.8029567978,"IMAGE_NAME":"Li270-El Paso","IMAGE_DATE":1414800000000,"VAL_METHOD":"Unverified","REMARKS":" ","UUID":"{46ebd07f-20ee-4a01-aa0e-1c4aa03460cc}","Shape_Leng":0.00049717976299899996,"Shape_Area":1.0855425093999999e-08,"HEIGHT_FT":11.712598581,"Shape_Length":175.22783224748449}},{"type":"Feature","id":30385,"geometry":{"type":"Polygon","coordinates":[[[-106.22384715051319,31.80468343285014],[-106.22404600931775,31.804641455652192],[-106.22400603610912,31.804511362501117],[-106.22393634279619,31.804524552717965],[-106.22388472766585,31.804369179476186],[-106.22375723830166,31.804397889600541],[-106.22384715051319,31.80468343285014]]]},"properties":{"OBJECTID":30385,"Join_Count":1,"TARGET_FID":199271,"PIDN":"D25000000100200","STATE_CD":"XV-C","CombineADD":"3611 ZARAGOZA RD","Type":"Commercial","State_Code":"XV-C","Living_Are":"945","Value":94371,"Value_Sq_F":99.863492063500004,"Descriptio":"MAIN AREA","Class_CD":"MRCA","Class_Desc":" ","Class_De_1":"Retail Store","Building_M":"Masonry","Condition":"Average","Exterior_W":"812","Year_Built":2007,"Sq_Footage":"945","BUILD_ID":29283468,"OCC_CLS":"Commercial","PRIM_OCC":"Entertainment and Recreation","SEC_OCC":" ","PROP_ADDR":"3611 N ZARAGOZA RD","PROP_CITY":" ","PROP_ST":"Texas","PROP_ZIP":"79938","OUTBLDG":" ","HEIGHT":4.34000015,"SQMETERS":500.735992,"SQFEET":5389.87012,"H_ADJ_ELEV":0,"L_ADJ_ELEV":0,"FIPS":"48141","CENSUSCODE":"48141010354","PROD_DATE":1414800000000,"SOURCE":"NGA","USNG":"13R CR 84149 19422","LONGITUDE":-106.22388417400001,"LATITUDE":31.80454065,"IMAGE_NAME":"Li270-El Paso","IMAGE_DATE":1414800000000,"VAL_METHOD":"Unverified","REMARKS":" ","UUID":"{88571499-9872-4b53-a271-a6b51f6fe462}","Shape_Leng":0.0010193795594399999,"Shape_Area":4.7689615637499997e-08,"HEIGHT_FT":14.2388461006,"Shape_Length":342.02121064812673}},{"type":"Feature","id":30387,"geometry":{"type":"Polygon","coordinates":[[[-106.2239099390613,31.803918803841476],[-106.22394471972279,31.804064425722526],[-106.22404199043977,31.804044730061587],[-106.22401179199699,31.80390081271829],[-106.2239099390613,31.803918803841476]]]},"properties":{"OBJECTID":30387,"Join_Count":1,"TARGET_FID":199273,"PIDN":"D25000000100100","STATE_CD":"F1","CombineADD":"3601 ZARAGOZA RD","Type":"Commercial","State_Code":"F1","Living_Are":"1156","Value":88329,"Value_Sq_F":76.409169550200005,"Descriptio":"MAIN AREA","Class_CD":"SGCL","Class_Desc":"Service Garage; Masonry; Low","Class_De_1":"Service Garage","Building_M":"Masonry","Condition":"Low","Exterior_W":"812","Year_Built":2005,"Sq_Footage":"1156","BUILD_ID":29282868,"OCC_CLS":"Commercial","PRIM_OCC":"Personal and Repair Services","SEC_OCC":" ","PROP_ADDR":"3601 NORTH ZARAGOZA ROAD","PROP_CITY":" ","PROP_ST":"Texas","PROP_ZIP":"79938","OUTBLDG":" ","HEIGHT":3.25,"SQMETERS":123.449997,"SQFEET":1328.81006,"H_ADJ_ELEV":0,"L_ADJ_ELEV":0,"FIPS":"48141","CENSUSCODE":"48141010354","PROD_DATE":1414800000000,"SOURCE":"NGA","USNG":"13R CR 84141 19360","LONGITUDE":-106.223956977,"LATITUDE":31.803976401100002,"IMAGE_NAME":"Li270-El Paso","IMAGE_DATE":1414800000000,"VAL_METHOD":"Unverified","REMARKS":" ","UUID":"{fd22c030-ae51-4eb3-8eaf-51beb08594b0}","Shape_Leng":0.00044286181330500002,"Shape_Area":1.17572348876e-08,"HEIGHT_FT":10.66273,"Shape_Length":170.62279684114435}},{"type":"Feature","id":30498,"geometry":{"type":"Polygon","coordinates":[[[-106.24150099875185,31.808783548152597],[-106.24155367801036,31.809055772210023],[-106.2417459661655,31.809028734289715],[-106.24169323226634,31.808755641234491],[-106.24150099875185,31.808783548152597]]]},"properties":{"OBJECTID":30498,"Join_Count":1,"TARGET_FID":199411,"PIDN":"X57999923400290","STATE_CD":"F1","CombineADD":"12708 MONTANA AVE","Type":" ","State_Code":" ","Living_Are":" ","Value":0,"Value_Sq_F":0,"Descriptio":" ","Class_CD":" ","Class_Desc":" ","Class_De_1":" ","Building_M":" ","Condition":" ","Exterior_W":" ","Year_Built":0,"Sq_Footage":" ","BUILD_ID":29285988,"OCC_CLS":"Commercial","PRIM_OCC":"Retail Trade","SEC_OCC":" ","PROP_ADDR":" ","PROP_CITY":" ","PROP_ST":"Texas","PROP_ZIP":" ","OUTBLDG":" ","HEIGHT":5.09000015,"SQMETERS":552.034973,"SQFEET":5942.0498,"H_ADJ_ELEV":0,"L_ADJ_ELEV":0,"FIPS":"48141","CENSUSCODE":"48141010354","PROD_DATE":1414800000000,"SOURCE":"NGA","USNG":"13R CR 82477 19924","LONGITUDE":-106.24160223,"LATITUDE":31.808892961800002,"IMAGE_NAME":"Li270-El Paso","IMAGE_DATE":1414800000000,"VAL_METHOD":"Unverified","REMARKS":" ","UUID":"{f70e8469-bcf4-40d3-9da9-9223458ec057}","Shape_Leng":0.00093004578226300004,"Shape_Area":5.2577774050099997e-08,"HEIGHT_FT":16.699476100599998,"Shape_Length":322.17522800734088}},{"type":"Feature","id":30499,"geometry":{"type":"Polygon","coordinates":[[[-106.24129429138266,31.808365751829488],[-106.24132182589582,31.808529271403039],[-106.24164184216902,31.808487718115369],[-106.24161414475009,31.808321590487807],[-106.24129429138266,31.808365751829488]]]},"properties":{"OBJECTID":30499,"Join_Count":1,"TARGET_FID":199412,"PIDN":"X57999923400290","STATE_CD":"F1","CombineADD":"12708 MONTANA AVE","Type":" ","State_Code":" ","Living_Are":" ","Value":0,"Value_Sq_F":0,"Descriptio":" ","Class_CD":" ","Class_Desc":" ","Class_De_1":" ","Building_M":" ","Condition":" ","Exterior_W":" ","Year_Built":0,"Sq_Footage":" ","BUILD_ID":29285807,"OCC_CLS":"Commercial","PRIM_OCC":"Retail Trade","SEC_OCC":" ","PROP_ADDR":" ","PROP_CITY":" ","PROP_ST":"Texas","PROP_ZIP":" ","OUTBLDG":" ","HEIGHT":5.19000006,"SQMETERS":519.223999,"SQFEET":5588.87988,"H_ADJ_ELEV":0,"L_ADJ_ELEV":0,"FIPS":"48141","CENSUSCODE":"48141010354","PROD_DATE":1414800000000,"SOURCE":"NGA","USNG":"13R CR 82491 19871","LONGITUDE":-106.241449387,"LATITUDE":31.808418517900002,"IMAGE_NAME":"Li270-El Paso","IMAGE_DATE":1414800000000,"VAL_METHOD":"Unverified","REMARKS":" ","UUID":"{8053ba8d-74fc-4545-b8ba-1dd54c4a035e}","Shape_Leng":0.00093911306300600004,"Shape_Area":4.9452499648699999e-08,"HEIGHT_FT":17.0275597877,"Shape_Length":322.35185335258393}},{"type":"Feature","id":30604,"geometry":{"type":"Polygon","coordinates":[[[-106.2229138579191,31.797593432011034],[-106.22326528690998,31.797600010508408],[-106.22326866839391,31.797468208392182],[-106.22291723989029,31.797461629903605],[-106.2229138579191,31.797593432011034]]]},"properties":{"OBJECTID":30604,"Join_Count":1,"TARGET_FID":209389,"PIDN":"T28499900400500","STATE_CD":"B2","CombineADD":"14363 EDGEMERE BLVD","Type":"Commercial","State_Code":"B2","Living_Are":"6907","Value":325079,"Value_Sq_F":47.0651512958,"Descriptio":"MAIN AREA","Class_CD":"QRDA","Class_Desc":"Apartments; Frame; Average","Class_De_1":"Apartments","Building_M":"Frame","Condition":"Average","Exterior_W":"892","Year_Built":2012,"Sq_Footage":"3574","BUILD_ID":29515324,"OCC_CLS":"Residential","PRIM_OCC":"Multi - Family Dwelling","SEC_OCC":" ","PROP_ADDR":"14363 EDGEMERE BOULEVARD WESTBOUND","PROP_CITY":"EL PASO","PROP_ST":"Texas","PROP_ZIP":"79938","OUTBLDG":" ","HEIGHT":6.76000023,"SQMETERS":477.153015,"SQFEET":5136.02979,"H_ADJ_ELEV":0,"L_ADJ_ELEV":0,"FIPS":"48141","CENSUSCODE":"48141010367","PROD_DATE":1414800000000,"SOURCE":"NGA","USNG":"13R CR 84214 18645","LONGITUDE":-106.223098429,"LATITUDE":31.797537762600001,"IMAGE_NAME":"Li270-El Paso","IMAGE_DATE":1414800000000,"VAL_METHOD":"Unverified","REMARKS":" ","UUID":"{8ecd4646-8e3c-45fe-80b3-3432529e5dbc}","Shape_Leng":0.0010621997622500001,"Shape_Area":4.5440297649199999e-08,"HEIGHT_FT":22.178479150899999,"Shape_Length":314.33969165249681}},{"type":"Feature","id":30605,"geometry":{"type":"Polygon","coordinates":[[[-106.22291622887568,31.797354790568559],[-106.223340522895,31.79735305404979],[-106.22333975617956,31.79721650313714],[-106.22291546376866,31.79721823870517],[-106.22291622887568,31.797354790568559]]]},"properties":{"OBJECTID":30605,"Join_Count":1,"TARGET_FID":209390,"PIDN":"T28499900400500","STATE_CD":"B2","CombineADD":"14363 EDGEMERE BLVD","Type":"Commercial","State_Code":"B2","Living_Are":"6907","Value":325079,"Value_Sq_F":47.0651512958,"Descriptio":"MAIN AREA","Class_CD":"QRDA","Class_Desc":"Apartments; Frame; Average","Class_De_1":"Apartments","Building_M":"Frame","Condition":"Average","Exterior_W":"892","Year_Built":2012,"Sq_Footage":"3574","BUILD_ID":29514597,"OCC_CLS":"Residential","PRIM_OCC":"Multi - Family Dwelling","SEC_OCC":" ","PROP_ADDR":"14363 EDGEMERE BOULEVARD WESTBOUND","PROP_CITY":"EL PASO","PROP_ST":"Texas","PROP_ZIP":"79938","OUTBLDG":" ","HEIGHT":6.76999998,"SQMETERS":598.129028,"SQFEET":6438.2002,"H_ADJ_ELEV":0,"L_ADJ_ELEV":0,"FIPS":"48141","CENSUSCODE":"48141010367","PROD_DATE":1414800000000,"SOURCE":"NGA","USNG":"13R CR 84210 18617","LONGITUDE":-106.223137701,"LATITUDE":31.7972843302,"IMAGE_NAME":"Li270-El Paso","IMAGE_DATE":1414800000000,"VAL_METHOD":"Unverified","REMARKS":" ","UUID":"{0dbda80b-c0a3-4376-b097-32e06ae30a55}","Shape_Leng":0.00122127786528,"Shape_Area":5.6960891167099998e-08,"HEIGHT_FT":22.211286737399998,"Shape_Length":363.00079238218478}},{"type":"Feature","id":30606,"geometry":{"type":"Polygon","coordinates":[[[-106.22212071437049,31.79784943958385],[-106.22243632344798,31.797841584491756],[-106.2224316135291,31.797703565697319],[-106.22211600490975,31.797711420778441],[-106.22212071437049,31.79784943958385]]]},"properties":{"OBJECTID":30606,"Join_Count":1,"TARGET_FID":209391,"PIDN":"T28499900400500","STATE_CD":"B2","CombineADD":"14363 EDGEMERE BLVD","Type":"Commercial","State_Code":"B2","Living_Are":"6907","Value":325079,"Value_Sq_F":47.0651512958,"Descriptio":"MAIN AREA","Class_CD":"QRDA","Class_Desc":"Apartments; Frame; Average","Class_De_1":"Apartments","Building_M":"Frame","Condition":"Average","Exterior_W":"892","Year_Built":2012,"Sq_Footage":"3574","BUILD_ID":29516022,"OCC_CLS":"Residential","PRIM_OCC":"Multi - Family Dwelling","SEC_OCC":" ","PROP_ADDR":"14363 EDGEMERE BOULEVARD WESTBOUND","PROP_CITY":"EL PASO","PROP_ST":"Texas","PROP_ZIP":"79938","OUTBLDG":" ","HEIGHT":6.8499999,"SQMETERS":406.687988,"SQFEET":4377.5498,"H_ADJ_ELEV":0,"L_ADJ_ELEV":0,"FIPS":"48141","CENSUSCODE":"48141010367","PROD_DATE":1414800000000,"SOURCE":"NGA","USNG":"13R CR 84291 18671","LONGITUDE":-106.222286302,"LATITUDE":31.7977733548,"IMAGE_NAME":"Li270-El Paso","IMAGE_DATE":1414800000000,"VAL_METHOD":"Unverified","REMARKS":" ","UUID":"{7576e428-28e8-4822-865c-e55676f2ed58}","Shape_Leng":0.00096216623280799996,"Shape_Area":3.8729815831600001e-08,"HEIGHT_FT":22.4737536871,"Shape_Length":296.65497447994278}},{"type":"Feature","id":30607,"geometry":{"type":"Polygon","coordinates":[[[-106.22215216501729,31.797640514010524],[-106.22231205205205,31.797639861406218],[-106.22231077933913,31.79741263799702],[-106.22215089274263,31.79741329150043],[-106.22215216501729,31.797640514010524]]]},"properties":{"OBJECTID":30607,"Join_Count":1,"TARGET_FID":209392,"PIDN":"T28499900400500","STATE_CD":"B2","CombineADD":"14363 EDGEMERE BLVD","Type":"Commercial","State_Code":"B2","Living_Are":"6907","Value":325079,"Value_Sq_F":47.0651512958,"Descriptio":"MAIN AREA","Class_CD":"QRDA","Class_Desc":"Apartments; Frame; Average","Class_De_1":"Apartments","Building_M":"Frame","Condition":"Average","Exterior_W":"892","Year_Built":2012,"Sq_Footage":"3574","BUILD_ID":29515444,"OCC_CLS":"Residential","PRIM_OCC":"Multi - Family Dwelling","SEC_OCC":" ","PROP_ADDR":"14363 EDGEMERE BOULEVARD WESTBOUND","PROP_CITY":"EL PASO","PROP_ST":"Texas","PROP_ZIP":"79938","OUTBLDG":" ","HEIGHT":6.53999996,"SQMETERS":382.425995,"SQFEET":4116.39014,"H_ADJ_ELEV":0,"L_ADJ_ELEV":0,"FIPS":"48141","CENSUSCODE":"48141010367","PROD_DATE":1414800000000,"SOURCE":"NGA","USNG":"13R CR 84296 18644","LONGITUDE":-106.22223373200001,"LATITUDE":31.797531945199999,"IMAGE_NAME":"Li270-El Paso","IMAGE_DATE":1414800000000,"VAL_METHOD":"Unverified","REMARKS":" ","UUID":"{16a1e2dd-3489-4436-ada1-8dc82dbaa11d}","Shape_Leng":0.00088427016662799996,"Shape_Area":3.6419179105700002e-08,"HEIGHT_FT":21.456693474800002,"Shape_Length":264.67210506962425}},{"type":"Feature","id":30608,"geometry":{"type":"Polygon","coordinates":[[[-106.22361805792502,31.797198968659977],[-106.22370664696881,31.797198250571473],[-106.22370603592788,31.797188404254015],[-106.22387947316078,31.797188781842827],[-106.22388366950253,31.797070106863302],[-106.2238085297553,31.797070217178156],[-106.22381265165848,31.797012434045907],[-106.22371061267788,31.797013761940875],[-106.22371302953896,31.796990613560009],[-106.22362049631282,31.796989865586532],[-106.22362192203288,31.79701284002974],[-106.22351411803292,31.79701442782185],[-106.22351555725714,31.797068668191603],[-106.22345983630356,31.797071190349914],[-106.22345563937641,31.797189864415099],[-106.22361532198521,31.797185928404836],[-106.22361805792502,31.797198968659977]]]},"properties":{"OBJECTID":30608,"Join_Count":1,"TARGET_FID":209393,"PIDN":"T28499900400500","STATE_CD":"B2","CombineADD":"14363 EDGEMERE BLVD","Type":"Commercial","State_Code":"B2","Living_Are":"6907","Value":325079,"Value_Sq_F":47.0651512958,"Descriptio":"MAIN AREA","Class_CD":"QRDA","Class_Desc":"Apartments; Frame; Average","Class_De_1":"Apartments","Building_M":"Frame","Condition":"Average","Exterior_W":"892","Year_Built":2012,"Sq_Footage":"3574","BUILD_ID":29514187,"OCC_CLS":"Residential","PRIM_OCC":"Multi - Family Dwelling","SEC_OCC":" ","PROP_ADDR":"14363 EDGEMERE BOULEVARD WESTBOUND","PROP_CITY":"EL PASO","PROP_ST":"Texas","PROP_ZIP":"79938","OUTBLDG":" ","HEIGHT":4.5999999,"SQMETERS":657.284973,"SQFEET":7074.9502,"H_ADJ_ELEV":0,"L_ADJ_ELEV":0,"FIPS":"48141","CENSUSCODE":"48141010367","PROD_DATE":1414800000000,"SOURCE":"NGA","USNG":"13R CR 84160 18598","LONGITUDE":-106.223665793,"LATITUDE":31.797105826700001,"IMAGE_NAME":"Li270-El Paso","IMAGE_DATE":1414800000000,"VAL_METHOD":"Unverified","REMARKS":" ","UUID":"{5d31e938-22e3-4f40-904d-e6a8a2160d97}","Shape_Leng":0.00122318221945,"Shape_Area":6.2594342180000001e-08,"HEIGHT_FT":15.0918636871,"Shape_Length":418.08825750673526}},{"type":"Feature","id":30609,"geometry":{"type":"Polygon","coordinates":[[[-106.22335448728155,31.797609138076808],[-106.22350860920288,31.797608744042858],[-106.22350790014112,31.797406378175339],[-106.2233537785481,31.797406772208504],[-106.22335448728155,31.797609138076808]]]},"properties":{"OBJECTID":30609,"Join_Count":1,"TARGET_FID":209394,"PIDN":"T28499900400500","STATE_CD":"B2","CombineADD":"14363 EDGEMERE BLVD","Type":"Commercial","State_Code":"B2","Living_Are":"6907","Value":325079,"Value_Sq_F":47.0651512958,"Descriptio":"MAIN AREA","Class_CD":"QRDA","Class_Desc":"Apartments; Frame; Average","Class_De_1":"Apartments","Building_M":"Frame","Condition":"Average","Exterior_W":"892","Year_Built":2012,"Sq_Footage":"3574","BUILD_ID":29515311,"OCC_CLS":"Residential","PRIM_OCC":"Multi - Family Dwelling","SEC_OCC":" ","PROP_ADDR":"14363 EDGEMERE BOULEVARD WESTBOUND","PROP_CITY":"EL PASO","PROP_ST":"Texas","PROP_ZIP":"79938","OUTBLDG":" ","HEIGHT":6.84000015,"SQMETERS":311.729004,"SQFEET":3355.40991,"H_ADJ_ELEV":0,"L_ADJ_ELEV":0,"FIPS":"48141","CENSUSCODE":"48141010367","PROD_DATE":1414800000000,"SOURCE":"NGA","USNG":"13R CR 84183 18643","LONGITUDE":-106.223431295,"LATITUDE":31.797509575599999,"IMAGE_NAME":"Li270-El Paso","IMAGE_DATE":1414800000000,"VAL_METHOD":"Unverified","REMARKS":" ","UUID":"{cb8b785e-dfaf-4833-a3a9-816902ce641b}","Shape_Leng":0.00081176813795599996,"Shape_Area":2.9686538083599999e-08,"HEIGHT_FT":22.440946100600002,"Shape_Length":243.00280642694412}},{"type":"Feature","id":30610,"geometry":{"type":"Polygon","coordinates":[[[-106.22361075071083,31.797609058109661],[-106.22377640156789,31.797608141903535],[-106.22377484229146,31.797402496379149],[-106.22360919179296,31.797403412583321],[-106.22361075071083,31.797609058109661]]]},"properties":{"OBJECTID":30610,"Join_Count":1,"TARGET_FID":209395,"PIDN":"T28499900400500","STATE_CD":"B2","CombineADD":"14363 EDGEMERE BLVD","Type":"Commercial","State_Code":"B2","Living_Are":"6907","Value":325079,"Value_Sq_F":47.0651512958,"Descriptio":"MAIN AREA","Class_CD":"QRDA","Class_Desc":"Apartments; Frame; Average","Class_De_1":"Apartments","Building_M":"Frame","Condition":"Average","Exterior_W":"892","Year_Built":2012,"Sq_Footage":"3574","BUILD_ID":29515310,"OCC_CLS":"Residential","PRIM_OCC":"Multi - Family Dwelling","SEC_OCC":" ","PROP_ADDR":"14363 EDGEMERE BOULEVARD WESTBOUND","PROP_CITY":"EL PASO","PROP_ST":"Texas","PROP_ZIP":"79938","OUTBLDG":" ","HEIGHT":6.8499999,"SQMETERS":311.725006,"SQFEET":3355.37988,"H_ADJ_ELEV":0,"L_ADJ_ELEV":0,"FIPS":"48141","CENSUSCODE":"48141010367","PROD_DATE":1414800000000,"SOURCE":"NGA","USNG":"13R CR 84157 18643","LONGITUDE":-106.223697621,"LATITUDE":31.797507015600001,"IMAGE_NAME":"Li270-El Paso","IMAGE_DATE":1414800000000,"VAL_METHOD":"Unverified","REMARKS":" ","UUID":"{332f503e-cb2a-4a9f-b229-3c776c7cb691}","Shape_Leng":0.00081176222583699998,"Shape_Area":2.9686224432200001e-08,"HEIGHT_FT":22.4737536871,"Shape_Length":252.55698523567861}},{"type":"Feature","id":30611,"geometry":{"type":"Polygon","coordinates":[[[-106.22409348708521,31.797367533066044],[-106.22432816399397,31.797370879957292],[-106.22433093399964,31.797229232339916],[-106.22409625738477,31.797225884552898],[-106.22409348708521,31.797367533066044]]]},"properties":{"OBJECTID":30611,"Join_Count":1,"TARGET_FID":209396,"PIDN":"T28499900400500","STATE_CD":"B2","CombineADD":"14363 EDGEMERE BLVD","Type":"Commercial","State_Code":"B2","Living_Are":"6907","Value":325079,"Value_Sq_F":47.0651512958,"Descriptio":"MAIN AREA","Class_CD":"QRDA","Class_Desc":"Apartments; Frame; Average","Class_De_1":"Apartments","Building_M":"Frame","Condition":"Average","Exterior_W":"892","Year_Built":2012,"Sq_Footage":"3574","BUILD_ID":29514689,"OCC_CLS":"Residential","PRIM_OCC":"Multi - Family Dwelling","SEC_OCC":" ","PROP_ADDR":"14363 EDGEMERE BOULEVARD WESTBOUND","PROP_CITY":"EL PASO","PROP_ST":"Texas","PROP_ZIP":"79938","OUTBLDG":" ","HEIGHT":6.86999989,"SQMETERS":311.063995,"SQFEET":3348.26001,"H_ADJ_ELEV":0,"L_ADJ_ELEV":0,"FIPS":"48141","CENSUSCODE":"48141010367","PROD_DATE":1414800000000,"SOURCE":"NGA","USNG":"13R CR 84108 18621","LONGITUDE":-106.22421477100001,"LATITUDE":31.797302949199999,"IMAGE_NAME":"Li270-El Paso","IMAGE_DATE":1414800000000,"VAL_METHOD":"Unverified","REMARKS":" ","UUID":"{b2457230-4a96-46d5-b760-dcb01e543cf7}","Shape_Leng":0.00079457504140300001,"Shape_Area":2.96231476633e-08,"HEIGHT_FT":22.5393704245,"Shape_Length":248.91578641150261}},{"type":"Feature","id":30612,"geometry":{"type":"Polygon","coordinates":[[[-106.22408397683692,31.797602901562954],[-106.22439642644041,31.797601467812903],[-106.22439555630642,31.797463275117362],[-106.22408310715738,31.797464708865409],[-106.22408397683692,31.797602901562954]]]},"properties":{"OBJECTID":30612,"Join_Count":1,"TARGET_FID":209397,"PIDN":"T28499900400500","STATE_CD":"B2","CombineADD":"14363 EDGEMERE BLVD","Type":"Commercial","State_Code":"B2","Living_Are":"6907","Value":325079,"Value_Sq_F":47.0651512958,"Descriptio":"MAIN AREA","Class_CD":"QRDA","Class_Desc":"Apartments; Frame; Average","Class_De_1":"Apartments","Building_M":"Frame","Condition":"Average","Exterior_W":"892","Year_Built":2012,"Sq_Footage":"3574","BUILD_ID":29515336,"OCC_CLS":"Residential","PRIM_OCC":"Multi - Family Dwelling","SEC_OCC":" ","PROP_ADDR":"14363 EDGEMERE BOULEVARD WESTBOUND","PROP_CITY":"EL PASO","PROP_ST":"Texas","PROP_ZIP":"79938","OUTBLDG":" ","HEIGHT":6.98999977,"SQMETERS":420.453003,"SQFEET":4525.72021,"H_ADJ_ELEV":0,"L_ADJ_ELEV":0,"FIPS":"48141","CENSUSCODE":"48141010367","PROD_DATE":1414800000000,"SOURCE":"NGA","USNG":"13R CR 84106 18646","LONGITUDE":-106.224241439,"LATITUDE":31.797534629499999,"IMAGE_NAME":"Li270-El Paso","IMAGE_DATE":1414800000000,"VAL_METHOD":"Unverified","REMARKS":" ","UUID":"{89e52b80-f3a3-4844-85ae-7c88cd28aa46}","Shape_Leng":0.00096814223879500001,"Shape_Area":4.0040636412899998e-08,"HEIGHT_FT":22.933070849100002,"Shape_Length":294.69712768944771}},{"type":"Feature","id":30613,"geometry":{"type":"Polygon","coordinates":[[[-106.22323505703196,31.79714389850524],[-106.22338543636039,31.797145319492468],[-106.22338805859,31.796942987956001],[-106.22323767852725,31.796941567019438],[-106.22323505703196,31.79714389850524]]]},"properties":{"OBJECTID":30613,"Join_Count":1,"TARGET_FID":209398,"PIDN":"T28499900400500","STATE_CD":"B2","CombineADD":"14363 EDGEMERE BLVD","Type":"Commercial","State_Code":"B2","Living_Are":"6907","Value":325079,"Value_Sq_F":47.0651512958,"Descriptio":"MAIN AREA","Class_CD":"QRDA","Class_Desc":"Apartments; Frame; Average","Class_De_1":"Apartments","Building_M":"Frame","Condition":"Average","Exterior_W":"892","Year_Built":2012,"Sq_Footage":"3574","BUILD_ID":29514036,"OCC_CLS":"Residential","PRIM_OCC":"Multi - Family Dwelling","SEC_OCC":" ","PROP_ADDR":"14363 EDGEMERE BOULEVARD WESTBOUND","PROP_CITY":"EL PASO","PROP_ST":"Texas","PROP_ZIP":"79938","OUTBLDG":" ","HEIGHT":6.84000015,"SQMETERS":330.29599,"SQFEET":3555.27002,"H_ADJ_ELEV":0,"L_ADJ_ELEV":0,"FIPS":"48141","CENSUSCODE":"48141010367","PROD_DATE":1414800000000,"SOURCE":"NGA","USNG":"13R CR 84193 18591","LONGITUDE":-106.223317423,"LATITUDE":31.797047197600001,"IMAGE_NAME":"Li270-El Paso","IMAGE_DATE":1414800000000,"VAL_METHOD":"Unverified","REMARKS":" ","UUID":"{074ea7bd-7672-4cc8-b4c9-8d1c3883af23}","Shape_Leng":0.00083279976594199999,"Shape_Area":3.1454572540299998e-08,"HEIGHT_FT":22.440946100600002,"Shape_Length":240.66665171342567}},{"type":"Feature","id":30614,"geometry":{"type":"Polygon","coordinates":[[[-106.22299447075294,31.797148204774302],[-106.22313504097208,31.797146778989557],[-106.22313211453944,31.796936290435966],[-106.22299154463174,31.796937716217716],[-106.22299447075294,31.797148204774302]]]},"properties":{"OBJECTID":30614,"Join_Count":1,"TARGET_FID":209399,"PIDN":"T28499900400500","STATE_CD":"B2","CombineADD":"14363 EDGEMERE BLVD","Type":"Commercial","State_Code":"B2","Living_Are":"6907","Value":325079,"Value_Sq_F":47.0651512958,"Descriptio":"MAIN AREA","Class_CD":"QRDA","Class_Desc":"Apartments; Frame; Average","Class_De_1":"Apartments","Building_M":"Frame","Condition":"Average","Exterior_W":"892","Year_Built":2012,"Sq_Footage":"3574","BUILD_ID":29514031,"OCC_CLS":"Residential","PRIM_OCC":"Multi - Family Dwelling","SEC_OCC":" ","PROP_ADDR":"14363 EDGEMERE BOULEVARD WESTBOUND","PROP_CITY":"EL PASO","PROP_ST":"Texas","PROP_ZIP":"79938","OUTBLDG":" ","HEIGHT":6.71000004,"SQMETERS":330.296997,"SQFEET":3555.28003,"H_ADJ_ELEV":0,"L_ADJ_ELEV":0,"FIPS":"48141","CENSUSCODE":"48141010367","PROD_DATE":1414800000000,"SOURCE":"NGA","USNG":"13R CR 84217 18591","LONGITUDE":-106.223064685,"LATITUDE":31.797048406599998,"IMAGE_NAME":"Li270-El Paso","IMAGE_DATE":1414800000000,"VAL_METHOD":"Unverified","REMARKS":" ","UUID":"{e0633af0-81e0-4541-aa6f-e0f013edc1a4}","Shape_Leng":0.00083279878480700003,"Shape_Area":3.1454669832099998e-08,"HEIGHT_FT":22.014436525200001,"Shape_Length":240.50812019182194}},{"type":"Feature","id":30615,"geometry":{"type":"Polygon","coordinates":[[[-106.22410559082485,31.797168671987496],[-106.22425394706082,31.797168538044566],[-106.22425358350831,31.796873930042619],[-106.22410522662199,31.796874063132279],[-106.22410559082485,31.797168671987496]]]},"properties":{"OBJECTID":30615,"Join_Count":1,"TARGET_FID":209400,"PIDN":"T28499900400500","STATE_CD":"B2","CombineADD":"14363 EDGEMERE BLVD","Type":"Commercial","State_Code":"B2","Living_Are":"6907","Value":325079,"Value_Sq_F":47.0651512958,"Descriptio":"MAIN AREA","Class_CD":"QRDA","Class_Desc":"Apartments; Frame; Average","Class_De_1":"Apartments","Building_M":"Frame","Condition":"Average","Exterior_W":"892","Year_Built":2012,"Sq_Footage":"3574","BUILD_ID":29514123,"OCC_CLS":"Residential","PRIM_OCC":"Multi - Family Dwelling","SEC_OCC":" ","PROP_ADDR":"14363 EDGEMERE BOULEVARD WESTBOUND","PROP_CITY":"EL PASO","PROP_ST":"Texas","PROP_ZIP":"79938","OUTBLDG":" ","HEIGHT":6.76000023,"SQMETERS":476.52301,"SQFEET":5129.25,"H_ADJ_ELEV":0,"L_ADJ_ELEV":0,"FIPS":"48141","CENSUSCODE":"48141010367","PROD_DATE":1414800000000,"SOURCE":"NGA","USNG":"13R CR 84111 18589","LONGITUDE":-106.22418299500001,"LATITUDE":31.797020750400002,"IMAGE_NAME":"Li270-El Paso","IMAGE_DATE":1414800000000,"VAL_METHOD":"Unverified","REMARKS":" ","UUID":"{dbfca34d-e883-4749-868d-dbfe8629dcd0}","Shape_Leng":0.00099577972536999998,"Shape_Area":4.5380008722099997e-08,"HEIGHT_FT":22.178479150899999,"Shape_Length":306.53222950668084}},{"type":"Feature","id":30616,"geometry":{"type":"Polygon","coordinates":[[[-106.22434648157639,31.797169286420797],[-106.22450454723301,31.797170358153114],[-106.22450675259174,31.796933168070733],[-106.22434868727387,31.796932095440429],[-106.22434648157639,31.797169286420797]]]},"properties":{"OBJECTID":30616,"Join_Count":1,"TARGET_FID":209401,"PIDN":"T28499900400500","STATE_CD":"B2","CombineADD":"14363 EDGEMERE BLVD","Type":"Commercial","State_Code":"B2","Living_Are":"6907","Value":325079,"Value_Sq_F":47.0651512958,"Descriptio":"MAIN AREA","Class_CD":"QRDA","Class_Desc":"Apartments; Frame; Average","Class_De_1":"Apartments","Building_M":"Frame","Condition":"Average","Exterior_W":"892","Year_Built":2012,"Sq_Footage":"3574","BUILD_ID":29514143,"OCC_CLS":"Residential","PRIM_OCC":"Multi - Family Dwelling","SEC_OCC":" ","PROP_ADDR":"14363 EDGEMERE BOULEVARD WESTBOUND","PROP_CITY":"EL PASO","PROP_ST":"Texas","PROP_ZIP":"79938","OUTBLDG":" ","HEIGHT":6.76999998,"SQMETERS":359.079987,"SQFEET":3865.11011,"H_ADJ_ELEV":0,"L_ADJ_ELEV":0,"FIPS":"48141","CENSUSCODE":"48141010367","PROD_DATE":1414800000000,"SOURCE":"NGA","USNG":"13R CR 84087 18593","LONGITUDE":-106.224431025,"LATITUDE":31.797053568300001,"IMAGE_NAME":"Li270-El Paso","IMAGE_DATE":1414800000000,"VAL_METHOD":"Unverified","REMARKS":" ","UUID":"{f20ff914-fe81-44f0-888a-b0f79a322b95}","Shape_Leng":0.00087775227039299996,"Shape_Area":3.4195781772399998e-08,"HEIGHT_FT":22.211286737399998,"Shape_Length":270.79838017247272}},{"type":"Feature","id":30617,"geometry":{"type":"Polygon","coordinates":[[[-106.2246008225143,31.79716929148432],[-106.22475292056407,31.79716734205827],[-106.22474774072489,31.796872561885081],[-106.22459564314697,31.796874511305308],[-106.2246008225143,31.79716929148432]]]},"properties":{"OBJECTID":30617,"Join_Count":1,"TARGET_FID":209402,"PIDN":"T28499900400500","STATE_CD":"B2","CombineADD":"14363 EDGEMERE BLVD","Type":"Commercial","State_Code":"B2","Living_Are":"6907","Value":325079,"Value_Sq_F":47.0651512958,"Descriptio":"MAIN AREA","Class_CD":"QRDA","Class_Desc":"Apartments; Frame; Average","Class_De_1":"Apartments","Building_M":"Frame","Condition":"Average","Exterior_W":"892","Year_Built":2012,"Sq_Footage":"3574","BUILD_ID":29514146,"OCC_CLS":"Residential","PRIM_OCC":"Multi - Family Dwelling","SEC_OCC":" ","PROP_ADDR":"14363 EDGEMERE BOULEVARD WESTBOUND","PROP_CITY":"EL PASO","PROP_ST":"Texas","PROP_ZIP":"79938","OUTBLDG":" ","HEIGHT":7.01000023,"SQMETERS":473.602997,"SQFEET":5097.81006,"H_ADJ_ELEV":0,"L_ADJ_ELEV":0,"FIPS":"48141","CENSUSCODE":"48141010367","PROD_DATE":1414800000000,"SOURCE":"NGA","USNG":"13R CR 84064 18590","LONGITUDE":-106.224678782,"LATITUDE":31.7970186903,"IMAGE_NAME":"Li270-El Paso","IMAGE_DATE":1414800000000,"VAL_METHOD":"Unverified","REMARKS":" ","UUID":"{96e506db-f16b-4266-bd4f-752f1aa198ff}","Shape_Leng":0.00105855282052,"Shape_Area":4.5101891746199999e-08,"HEIGHT_FT":22.998689150899999,"Shape_Length":309.0165490073843}},{"type":"Feature","id":30618,"geometry":{"type":"Polygon","coordinates":[[[-106.22440236028878,31.797361783419934],[-106.22482541989724,31.797373052523934],[-106.22483041601765,31.797236240616002],[-106.22440735701782,31.797224971527644],[-106.22440236028878,31.797361783419934]]]},"properties":{"OBJECTID":30618,"Join_Count":1,"TARGET_FID":209403,"PIDN":"T28499900400500","STATE_CD":"B2","CombineADD":"14363 EDGEMERE BLVD","Type":"Commercial","State_Code":"B2","Living_Are":"6907","Value":325079,"Value_Sq_F":47.0651512958,"Descriptio":"MAIN AREA","Class_CD":"QRDA","Class_Desc":"Apartments; Frame; Average","Class_De_1":"Apartments","Building_M":"Frame","Condition":"Average","Exterior_W":"892","Year_Built":2012,"Sq_Footage":"3574","BUILD_ID":29514746,"OCC_CLS":"Residential","PRIM_OCC":"Multi - Family Dwelling","SEC_OCC":" ","PROP_ADDR":"14363 EDGEMERE BOULEVARD WESTBOUND","PROP_CITY":"EL PASO","PROP_ST":"Texas","PROP_ZIP":"79938","OUTBLDG":" ","HEIGHT":6.76000023,"SQMETERS":598.127014,"SQFEET":6438.18018,"H_ADJ_ELEV":0,"L_ADJ_ELEV":0,"FIPS":"48141","CENSUSCODE":"48141010367","PROD_DATE":1414800000000,"SOURCE":"NGA","USNG":"13R CR 84070 18621","LONGITUDE":-106.224615919,"LATITUDE":31.797306120999998,"IMAGE_NAME":"Li270-El Paso","IMAGE_DATE":1414800000000,"VAL_METHOD":"Unverified","REMARKS":" ","UUID":"{ad5b9a24-d27c-4457-8563-2cfe8c8929a0}","Shape_Leng":0.0012212720442200001,"Shape_Area":5.6960697666899998e-08,"HEIGHT_FT":22.178479150899999,"Shape_Length":362.59563731159363}},{"type":"Feature","id":30619,"geometry":{"type":"Polygon","coordinates":[[[-106.22450059104551,31.797603334203838],[-106.22477798995247,31.797602295100166],[-106.22477727222059,31.797462460806951],[-106.22449987266738,31.797463499956944],[-106.22450059104551,31.797603334203838]]]},"properties":{"OBJECTID":30619,"Join_Count":1,"TARGET_FID":209404,"PIDN":"T28499900400500","STATE_CD":"B2","CombineADD":"14363 EDGEMERE BLVD","Type":"Commercial","State_Code":"B2","Living_Are":"6907","Value":325079,"Value_Sq_F":47.0651512958,"Descriptio":"MAIN AREA","Class_CD":"QRDA","Class_Desc":"Apartments; Frame; Average","Class_De_1":"Apartments","Building_M":"Frame","Condition":"Average","Exterior_W":"892","Year_Built":2012,"Sq_Footage":"3574","BUILD_ID":29515351,"OCC_CLS":"Residential","PRIM_OCC":"Multi - Family Dwelling","SEC_OCC":" ","PROP_ADDR":"14363 EDGEMERE BOULEVARD WESTBOUND","PROP_CITY":"EL PASO","PROP_ST":"Texas","PROP_ZIP":"79938","OUTBLDG":" ","HEIGHT":6.65999985,"SQMETERS":367.326996,"SQFEET":3953.87012,"H_ADJ_ELEV":0,"L_ADJ_ELEV":0,"FIPS":"48141","CENSUSCODE":"48141010367","PROD_DATE":1414800000000,"SOURCE":"NGA","USNG":"13R CR 84068 18647","LONGITUDE":-106.224646131,"LATITUDE":31.797532975799999,"IMAGE_NAME":"Li270-El Paso","IMAGE_DATE":1414800000000,"VAL_METHOD":"Unverified","REMARKS":" ","UUID":"{24163623-e8df-45f3-9b31-f362cdda5e3d}","Shape_Leng":0.00087057283761099999,"Shape_Area":3.4981259348399998e-08,"HEIGHT_FT":21.8503938994,"Shape_Length":274.11048876619867}},{"type":"Feature","id":30620,"geometry":{"type":"Polygon","coordinates":[[[-106.22482241678146,31.798024029439325],[-106.22498222532236,31.798024926919862],[-106.22498352295356,31.797856286199771],[-106.22482371475228,31.797855389621393],[-106.22482241678146,31.798024029439325]]]},"properties":{"OBJECTID":30620,"Join_Count":1,"TARGET_FID":209405,"PIDN":"T28499900400500","STATE_CD":"B2","CombineADD":"14363 EDGEMERE BLVD","Type":"Commercial","State_Code":"B2","Living_Are":"6907","Value":325079,"Value_Sq_F":47.0651512958,"Descriptio":"MAIN AREA","Class_CD":"QRDA","Class_Desc":"Apartments; Frame; Average","Class_De_1":"Apartments","Building_M":"Frame","Condition":"Average","Exterior_W":"892","Year_Built":2012,"Sq_Footage":"3574","BUILD_ID":29516631,"OCC_CLS":"Residential","PRIM_OCC":"Multi - Family Dwelling","SEC_OCC":" ","PROP_ADDR":"14363 EDGEMERE BOULEVARD WESTBOUND","PROP_CITY":"EL PASO","PROP_ST":"Texas","PROP_ZIP":"79938","OUTBLDG":" ","HEIGHT":6.21000004,"SQMETERS":291.348999,"SQFEET":3136.05005,"H_ADJ_ELEV":0,"L_ADJ_ELEV":0,"FIPS":"48141","CENSUSCODE":"48141010367","PROD_DATE":1414800000000,"SOURCE":"NGA","USNG":"13R CR 84044 18692","LONGITUDE":-106.224901621,"LATITUDE":31.797941140999999,"IMAGE_NAME":"Li270-El Paso","IMAGE_DATE":1414800000000,"VAL_METHOD":"Unverified","REMARKS":" ","UUID":"{270559ac-0580-43b1-b2b6-171143a4e02f}","Shape_Leng":0.00074233816756700004,"Shape_Area":2.7745871427299999e-08,"HEIGHT_FT":20.374016525199998,"Shape_Length":222.0021189482558}},{"type":"Feature","id":30621,"geometry":{"type":"Polygon","coordinates":[[[-106.22456959917781,31.798024633091977],[-106.22472829719354,31.798024676218141],[-106.22472836114108,31.797855659675065],[-106.2245696633518,31.797855615648466],[-106.22456959917781,31.798024633091977]]]},"properties":{"OBJECTID":30621,"Join_Count":1,"TARGET_FID":209406,"PIDN":"T28499900400500","STATE_CD":"B2","CombineADD":"14363 EDGEMERE BLVD","Type":"Commercial","State_Code":"B2","Living_Are":"6907","Value":325079,"Value_Sq_F":47.0651512958,"Descriptio":"MAIN AREA","Class_CD":"QRDA","Class_Desc":"Apartments; Frame; Average","Class_De_1":"Apartments","Building_M":"Frame","Condition":"Average","Exterior_W":"892","Year_Built":2012,"Sq_Footage":"3574","BUILD_ID":29516615,"OCC_CLS":"Residential","PRIM_OCC":"Multi - Family Dwelling","SEC_OCC":" ","PROP_ADDR":"14363 EDGEMERE BOULEVARD WESTBOUND","PROP_CITY":"EL PASO","PROP_ST":"Texas","PROP_ZIP":"79938","OUTBLDG":" ","HEIGHT":6.65999985,"SQMETERS":291.348999,"SQFEET":3136.06006,"H_ADJ_ELEV":0,"L_ADJ_ELEV":0,"FIPS":"48141","CENSUSCODE":"48141010367","PROD_DATE":1414800000000,"SOURCE":"NGA","USNG":"13R CR 84068 18692","LONGITUDE":-106.22464370100001,"LATITUDE":31.7979393874,"IMAGE_NAME":"Li270-El Paso","IMAGE_DATE":1414800000000,"VAL_METHOD":"Unverified","REMARKS":" ","UUID":"{4beaa6a2-3d17-4fab-8aeb-ea66ac785daf}","Shape_Leng":0.00074233915784600001,"Shape_Area":2.77459216722e-08,"HEIGHT_FT":21.8503938994,"Shape_Length":221.58140927327281}},{"type":"Feature","id":30622,"geometry":{"type":"Polygon","coordinates":[[[-106.22431683852132,31.798026136810943],[-106.22447553653943,31.798026180244985],[-106.22447560180885,31.797853463517622],[-106.22431690402333,31.797853419183014],[-106.22431683852132,31.798026136810943]]]},"properties":{"OBJECTID":30622,"Join_Count":1,"TARGET_FID":209407,"PIDN":"T28499900400500","STATE_CD":"B2","CombineADD":"14363 EDGEMERE BLVD","Type":"Commercial","State_Code":"B2","Living_Are":"6907","Value":325079,"Value_Sq_F":47.0651512958,"Descriptio":"MAIN AREA","Class_CD":"QRDA","Class_Desc":"Apartments; Frame; Average","Class_De_1":"Apartments","Building_M":"Frame","Condition":"Average","Exterior_W":"892","Year_Built":2012,"Sq_Footage":"3574","BUILD_ID":29516632,"OCC_CLS":"Residential","PRIM_OCC":"Multi - Family Dwelling","SEC_OCC":" ","PROP_ADDR":"14363 EDGEMERE BOULEVARD WESTBOUND","PROP_CITY":"EL PASO","PROP_ST":"Texas","PROP_ZIP":"79938","OUTBLDG":" ","HEIGHT":6.3499999,"SQMETERS":291.350006,"SQFEET":3136.07007,"H_ADJ_ELEV":0,"L_ADJ_ELEV":0,"FIPS":"48141","CENSUSCODE":"48141010367","PROD_DATE":1414800000000,"SOURCE":"NGA","USNG":"13R CR 84092 18692","LONGITUDE":-106.224390853,"LATITUDE":31.797946054699999,"IMAGE_NAME":"Li270-El Paso","IMAGE_DATE":1414800000000,"VAL_METHOD":"Unverified","REMARKS":" ","UUID":"{2b8eb9bf-5810-42cc-a8b2-2c4d5ff2f145}","Shape_Leng":0.00074234111311700002,"Shape_Area":2.77460076011e-08,"HEIGHT_FT":20.833333687100001,"Shape_Length":224.27352706002324}},{"type":"Feature","id":30623,"geometry":{"type":"Polygon","coordinates":[[[-106.22406801732649,31.798022943322721],[-106.22422577272846,31.798024837807649],[-106.22422858276292,31.797854100248763],[-106.22407082869886,31.797852205719295],[-106.22406801732649,31.798022943322721]]]},"properties":{"OBJECTID":30623,"Join_Count":1,"TARGET_FID":209408,"PIDN":"T28499900400500","STATE_CD":"B2","CombineADD":"14363 EDGEMERE BLVD","Type":"Commercial","State_Code":"B2","Living_Are":"6907","Value":325079,"Value_Sq_F":47.0651512958,"Descriptio":"MAIN AREA","Class_CD":"QRDA","Class_Desc":"Apartments; Frame; Average","Class_De_1":"Apartments","Building_M":"Frame","Condition":"Average","Exterior_W":"892","Year_Built":2012,"Sq_Footage":"3574","BUILD_ID":29516603,"OCC_CLS":"Residential","PRIM_OCC":"Multi - Family Dwelling","SEC_OCC":" ","PROP_ADDR":"14363 EDGEMERE BOULEVARD WESTBOUND","PROP_CITY":"EL PASO","PROP_ST":"Texas","PROP_ZIP":"79938","OUTBLDG":" ","HEIGHT":6.36999989,"SQMETERS":291.350006,"SQFEET":3136.06006,"H_ADJ_ELEV":0,"L_ADJ_ELEV":0,"FIPS":"48141","CENSUSCODE":"48141010367","PROD_DATE":1414800000000,"SOURCE":"NGA","USNG":"13R CR 84115 18691","LONGITUDE":-106.224147755,"LATITUDE":31.797939920899999,"IMAGE_NAME":"Li270-El Paso","IMAGE_DATE":1414800000000,"VAL_METHOD":"Unverified","REMARKS":" ","UUID":"{210b27d6-7343-4d4b-a6d3-ced60c4a4b64}","Shape_Leng":0.00074233304739299997,"Shape_Area":2.77459436642e-08,"HEIGHT_FT":20.898950424500001,"Shape_Length":222.26914125131145}},{"type":"Feature","id":30624,"geometry":{"type":"Polygon","coordinates":[[[-106.22355889164699,31.798023077841595],[-106.22371557928906,31.79802315449556],[-106.22371569279754,31.797852658262393],[-106.22355900543666,31.797852581608517],[-106.22355889164699,31.798023077841595]]]},"properties":{"OBJECTID":30624,"Join_Count":1,"TARGET_FID":209409,"PIDN":"T28499900400500","STATE_CD":"B2","CombineADD":"14363 EDGEMERE BLVD","Type":"Commercial","State_Code":"B2","Living_Are":"6907","Value":325079,"Value_Sq_F":47.0651512958,"Descriptio":"MAIN AREA","Class_CD":"QRDA","Class_Desc":"Apartments; Frame; Average","Class_De_1":"Apartments","Building_M":"Frame","Condition":"Average","Exterior_W":"892","Year_Built":2012,"Sq_Footage":"3574","BUILD_ID":29516585,"OCC_CLS":"Residential","PRIM_OCC":"Multi - Family Dwelling","SEC_OCC":" ","PROP_ADDR":"14363 EDGEMERE BOULEVARD WESTBOUND","PROP_CITY":"EL PASO","PROP_ST":"Texas","PROP_ZIP":"79938","OUTBLDG":" ","HEIGHT":6.67999983,"SQMETERS":291.350006,"SQFEET":3136.06006,"H_ADJ_ELEV":0,"L_ADJ_ELEV":0,"FIPS":"48141","CENSUSCODE":"48141010367","PROD_DATE":1414800000000,"SOURCE":"NGA","USNG":"13R CR 84164 18691","LONGITUDE":-106.22363941099999,"LATITUDE":31.7979405733,"IMAGE_NAME":"Li270-El Paso","IMAGE_DATE":1414800000000,"VAL_METHOD":"Unverified","REMARKS":" ","UUID":"{2b33d481-cdd2-4fe6-be1a-f8ef903548b7}","Shape_Leng":0.00074233497778499998,"Shape_Area":2.7745976175199998e-08,"HEIGHT_FT":21.916010636799999,"Shape_Length":221.40846399367672}},{"type":"Feature","id":30625,"geometry":{"type":"Polygon","coordinates":[[[-106.22329882358865,31.798025291470569],[-106.22346814020395,31.798025991654274],[-106.22346913239588,31.797850920126223],[-106.22329981609255,31.79785021994368],[-106.22329882358865,31.798025291470569]]]},"properties":{"OBJECTID":30625,"Join_Count":1,"TARGET_FID":209410,"PIDN":"T28499900400500","STATE_CD":"B2","CombineADD":"14363 EDGEMERE BLVD","Type":"Commercial","State_Code":"B2","Living_Are":"6907","Value":325079,"Value_Sq_F":47.0651512958,"Descriptio":"MAIN AREA","Class_CD":"QRDA","Class_Desc":"Apartments; Frame; Average","Class_De_1":"Apartments","Building_M":"Frame","Condition":"Average","Exterior_W":"892","Year_Built":2012,"Sq_Footage":"3574","BUILD_ID":29516587,"OCC_CLS":"Residential","PRIM_OCC":"Multi - Family Dwelling","SEC_OCC":" ","PROP_ADDR":"14363 EDGEMERE BOULEVARD WESTBOUND","PROP_CITY":"EL PASO","PROP_ST":"Texas","PROP_ZIP":"79938","OUTBLDG":" ","HEIGHT":6.51999998,"SQMETERS":289.230011,"SQFEET":3113.25,"H_ADJ_ELEV":0,"L_ADJ_ELEV":0,"FIPS":"48141","CENSUSCODE":"48141010367","PROD_DATE":1414800000000,"SOURCE":"NGA","USNG":"13R CR 84187 18691","LONGITUDE":-106.223389572,"LATITUDE":31.797943691499999,"IMAGE_NAME":"Li270-El Paso","IMAGE_DATE":1414800000000,"VAL_METHOD":"Unverified","REMARKS":" ","UUID":"{05fe402d-9b91-4d81-8679-b32725667c6e}","Shape_Leng":0.00074974639805,"Shape_Area":2.7544112271e-08,"HEIGHT_FT":21.391076737399999,"Shape_Length":232.58728438286607}},{"type":"Feature","id":30626,"geometry":{"type":"Polygon","coordinates":[[[-106.22288818429827,31.79801421920892],[-106.22323346932497,31.798009132878299],[-106.22323076941025,31.797875440324777],[-106.22288548486931,31.797880526648459],[-106.22288818429827,31.79801421920892]]]},"properties":{"OBJECTID":30626,"Join_Count":1,"TARGET_FID":209411,"PIDN":"T28499900400500","STATE_CD":"B2","CombineADD":"14363 EDGEMERE BLVD","Type":"Commercial","State_Code":"B2","Living_Are":"6907","Value":325079,"Value_Sq_F":47.0651512958,"Descriptio":"MAIN AREA","Class_CD":"QRDA","Class_Desc":"Apartments; Frame; Average","Class_De_1":"Apartments","Building_M":"Frame","Condition":"Average","Exterior_W":"892","Year_Built":2012,"Sq_Footage":"3574","BUILD_ID":29516565,"OCC_CLS":"Residential","PRIM_OCC":"Multi - Family Dwelling","SEC_OCC":" ","PROP_ADDR":"14363 EDGEMERE BOULEVARD WESTBOUND","PROP_CITY":"EL PASO","PROP_ST":"Texas","PROP_ZIP":"79938","OUTBLDG":" ","HEIGHT":6.90999985,"SQMETERS":477.153992,"SQFEET":5136.04004,"H_ADJ_ELEV":0,"L_ADJ_ELEV":0,"FIPS":"48141","CENSUSCODE":"48141010367","PROD_DATE":1414800000000,"SOURCE":"NGA","USNG":"13R CR 84218 18691","LONGITUDE":-106.22306166200001,"LATITUDE":31.797946860300002,"IMAGE_NAME":"Li270-El Paso","IMAGE_DATE":1414800000000,"VAL_METHOD":"Unverified","REMARKS":" ","UUID":"{17fb49d4-ded4-471d-8e39-432be3bf1dd8}","Shape_Leng":0.00106220275981,"Shape_Area":4.54405933194e-08,"HEIGHT_FT":22.6706038994,"Shape_Length":311.86737964991789}},{"type":"Feature","id":30627,"geometry":{"type":"Polygon","coordinates":[[[-106.2225012889666,31.797843727261348],[-106.22270206379787,31.797843215175842],[-106.22270156348647,31.797699865214664],[-106.22250078890225,31.797700376398822],[-106.2225012889666,31.797843727261348]]]},"properties":{"OBJECTID":30627,"Join_Count":1,"TARGET_FID":209412,"PIDN":"T28499900400500","STATE_CD":"B2","CombineADD":"14363 EDGEMERE BLVD","Type":"Commercial","State_Code":"B2","Living_Are":"6907","Value":325079,"Value_Sq_F":47.0651512958,"Descriptio":"MAIN AREA","Class_CD":"QRDA","Class_Desc":"Apartments; Frame; Average","Class_De_1":"Apartments","Building_M":"Frame","Condition":"Average","Exterior_W":"892","Year_Built":2012,"Sq_Footage":"3574","BUILD_ID":29516048,"OCC_CLS":"Residential","PRIM_OCC":"Multi - Family Dwelling","SEC_OCC":" ","PROP_ADDR":"14363 EDGEMERE BOULEVARD WESTBOUND","PROP_CITY":"EL PASO","PROP_ST":"Texas","PROP_ZIP":"79938","OUTBLDG":" ","HEIGHT":6.48000002,"SQMETERS":279.173004,"SQFEET":3004.98999,"H_ADJ_ELEV":0,"L_ADJ_ELEV":0,"FIPS":"48141","CENSUSCODE":"48141010367","PROD_DATE":1414800000000,"SOURCE":"NGA","USNG":"13R CR 84261 18671","LONGITUDE":-106.22260245699999,"LATITUDE":31.7977728762,"IMAGE_NAME":"Li270-El Paso","IMAGE_DATE":1414800000000,"VAL_METHOD":"Unverified","REMARKS":" ","UUID":"{2e83c8b0-0946-4805-9b18-bcf7a11f4d50}","Shape_Leng":0.00073990397895500005,"Shape_Area":2.6586317252199999e-08,"HEIGHT_FT":21.2598432626,"Shape_Length":229.05403569029173}},{"type":"Feature","id":30628,"geometry":{"type":"Polygon","coordinates":[[[-106.22249836651697,31.797446211218166],[-106.22266063254662,31.797446035737714],[-106.22266021581318,31.797164347027181],[-106.22249795026464,31.797164522507096],[-106.22249836651697,31.797446211218166]]]},"properties":{"OBJECTID":30628,"Join_Count":1,"TARGET_FID":209413,"PIDN":"T28499900400500","STATE_CD":"B2","CombineADD":"14363 EDGEMERE BLVD","Type":"Commercial","State_Code":"B2","Living_Are":"6907","Value":325079,"Value_Sq_F":47.0651512958,"Descriptio":"MAIN AREA","Class_CD":"QRDA","Class_Desc":"Apartments; Frame; Average","Class_De_1":"Apartments","Building_M":"Frame","Condition":"Average","Exterior_W":"892","Year_Built":2012,"Sq_Footage":"3574","BUILD_ID":29514828,"OCC_CLS":"Residential","PRIM_OCC":"Multi - Family Dwelling","SEC_OCC":" ","PROP_ADDR":"14363 EDGEMERE BOULEVARD WESTBOUND","PROP_CITY":"EL PASO","PROP_ST":"Texas","PROP_ZIP":"79938","OUTBLDG":" ","HEIGHT":6.80999994,"SQMETERS":426.308014,"SQFEET":4588.74023,"H_ADJ_ELEV":0,"L_ADJ_ELEV":0,"FIPS":"48141","CENSUSCODE":"48141010367","PROD_DATE":1414800000000,"SOURCE":"NGA","USNG":"13R CR 84263 18620","LONGITUDE":-106.22258548400001,"LATITUDE":31.797311287500001,"IMAGE_NAME":"Li270-El Paso","IMAGE_DATE":1414800000000,"VAL_METHOD":"Unverified","REMARKS":" ","UUID":"{1b065f73-b1de-431b-8b7c-00d865600c4c}","Shape_Leng":0.000936150992957,"Shape_Area":4.0598112266400001e-08,"HEIGHT_FT":22.342520212299998,"Shape_Length":305.77504477831604}},{"type":"Feature","id":30629,"geometry":{"type":"Polygon","coordinates":[[[-106.22213926283743,31.797333848855345],[-106.22240463051872,31.797333365549186],[-106.22240427739962,31.797192397707782],[-106.22213891016789,31.797192881913894],[-106.22213926283743,31.797333848855345]]]},"properties":{"OBJECTID":30629,"Join_Count":1,"TARGET_FID":209414,"PIDN":"T28499900400500","STATE_CD":"B2","CombineADD":"14363 EDGEMERE BLVD","Type":"Commercial","State_Code":"B2","Living_Are":"6907","Value":325079,"Value_Sq_F":47.0651512958,"Descriptio":"MAIN AREA","Class_CD":"QRDA","Class_Desc":"Apartments; Frame; Average","Class_De_1":"Apartments","Building_M":"Frame","Condition":"Average","Exterior_W":"892","Year_Built":2012,"Sq_Footage":"3574","BUILD_ID":29514514,"OCC_CLS":"Residential","PRIM_OCC":"Multi - Family Dwelling","SEC_OCC":" ","PROP_ADDR":"14363 EDGEMERE BOULEVARD WESTBOUND","PROP_CITY":"EL PASO","PROP_ST":"Texas","PROP_ZIP":"79938","OUTBLDG":" ","HEIGHT":6.78999996,"SQMETERS":364.019989,"SQFEET":3918.27002,"H_ADJ_ELEV":0,"L_ADJ_ELEV":0,"FIPS":"48141","CENSUSCODE":"48141010367","PROD_DATE":1414800000000,"SOURCE":"NGA","USNG":"13R CR 84291 18614","LONGITUDE":-106.222279747,"LATITUDE":31.7972639921,"IMAGE_NAME":"Li270-El Paso","IMAGE_DATE":1414800000000,"VAL_METHOD":"Unverified","REMARKS":" ","UUID":"{1655d6ef-dc7d-40f9-92e6-98642ff11f83}","Shape_Leng":0.00087057658317599997,"Shape_Area":3.4666262246600002e-08,"HEIGHT_FT":22.276903474800001,"Shape_Length":267.45706464080774}},{"type":"Feature","id":30630,"geometry":{"type":"Polygon","coordinates":[[[-106.22187533557776,31.797911692523158],[-106.22203760351394,31.7979115186718],[-106.22203706648098,31.797547205073052],[-106.22187480022146,31.797547378876015],[-106.22187533557776,31.797911692523158]]]},"properties":{"OBJECTID":30630,"Join_Count":1,"TARGET_FID":209415,"PIDN":"T28499900400500","STATE_CD":"B2","CombineADD":"14363 EDGEMERE BLVD","Type":"Commercial","State_Code":"B2","Living_Are":"6907","Value":325079,"Value_Sq_F":47.0651512958,"Descriptio":"MAIN AREA","Class_CD":"QRDA","Class_Desc":"Apartments; Frame; Average","Class_De_1":"Apartments","Building_M":"Frame","Condition":"Average","Exterior_W":"892","Year_Built":2012,"Sq_Footage":"3574","BUILD_ID":29516217,"OCC_CLS":"Residential","PRIM_OCC":"Multi - Family Dwelling","SEC_OCC":" ","PROP_ADDR":"14363 EDGEMERE BOULEVARD WESTBOUND","PROP_CITY":"EL PASO","PROP_ST":"Texas","PROP_ZIP":"79938","OUTBLDG":" ","HEIGHT":6.46999979,"SQMETERS":632.815002,"SQFEET":6811.56006,"H_ADJ_ELEV":0,"L_ADJ_ELEV":0,"FIPS":"48141","CENSUSCODE":"48141010367","PROD_DATE":1414800000000,"SOURCE":"NGA","USNG":"13R CR 84322 18666","LONGITUDE":-106.221966925,"LATITUDE":31.797735246399998,"IMAGE_NAME":"Li270-El Paso","IMAGE_DATE":1414800000000,"VAL_METHOD":"Unverified","REMARKS":" ","UUID":"{d4c317b8-b8a5-4b9e-92b1-7c76ec03b8e8}","Shape_Leng":0.00117457549193,"Shape_Area":6.0264386444199999e-08,"HEIGHT_FT":21.2270341117,"Shape_Length":365.89032098399474}},{"type":"Feature","id":30631,"geometry":{"type":"Polygon","coordinates":[[[-106.22188514497164,31.797483519767432],[-106.22204197950916,31.797485980537449],[-106.22204981611675,31.797121711514148],[-106.22189298218034,31.797119250753219],[-106.22188514497164,31.797483519767432]]]},"properties":{"OBJECTID":30631,"Join_Count":1,"TARGET_FID":209416,"PIDN":"T28499900400500","STATE_CD":"B2","CombineADD":"14363 EDGEMERE BLVD","Type":"Commercial","State_Code":"B2","Living_Are":"6907","Value":325079,"Value_Sq_F":47.0651512958,"Descriptio":"MAIN AREA","Class_CD":"QRDA","Class_Desc":"Apartments; Frame; Average","Class_De_1":"Apartments","Building_M":"Frame","Condition":"Average","Exterior_W":"892","Year_Built":2012,"Sq_Footage":"3574","BUILD_ID":29514921,"OCC_CLS":"Residential","PRIM_OCC":"Multi - Family Dwelling","SEC_OCC":" ","PROP_ADDR":"14363 EDGEMERE BOULEVARD WESTBOUND","PROP_CITY":"EL PASO","PROP_ST":"Texas","PROP_ZIP":"79938","OUTBLDG":" ","HEIGHT":6.55999994,"SQMETERS":632.815002,"SQFEET":6811.5498,"H_ADJ_ELEV":0,"L_ADJ_ELEV":0,"FIPS":"48141","CENSUSCODE":"48141010367","PROD_DATE":1414800000000,"SOURCE":"NGA","USNG":"13R CR 84321 18618","LONGITUDE":-106.22196622600001,"LATITUDE":31.7973053308,"IMAGE_NAME":"Li270-El Paso","IMAGE_DATE":1414800000000,"VAL_METHOD":"Unverified","REMARKS":" ","UUID":"{636fa6ec-ae0d-4ecb-a429-51ec5c2a1540}","Shape_Leng":0.0011745724227399999,"Shape_Area":6.0264083000299995e-08,"HEIGHT_FT":21.522310212299999,"Shape_Length":362.54330152295495}},{"type":"Feature","id":30632,"geometry":{"type":"Polygon","coordinates":[[[-106.22187840617576,31.796934276479689],[-106.22203795609661,31.79693541949111],[-106.2220396075077,31.796767368956463],[-106.22188005781318,31.796766225046397],[-106.22187840617576,31.796934276479689]]]},"properties":{"OBJECTID":30632,"Join_Count":1,"TARGET_FID":209417,"PIDN":"T28499900400500","STATE_CD":"B2","CombineADD":"14363 EDGEMERE BLVD","Type":"Commercial","State_Code":"B2","Living_Are":"6907","Value":325079,"Value_Sq_F":47.0651512958,"Descriptio":"MAIN AREA","Class_CD":"QRDA","Class_Desc":"Apartments; Frame; Average","Class_De_1":"Apartments","Building_M":"Frame","Condition":"Average","Exterior_W":"892","Year_Built":2012,"Sq_Footage":"3574","BUILD_ID":29513213,"OCC_CLS":"Residential","PRIM_OCC":"Multi - Family Dwelling","SEC_OCC":" ","PROP_ADDR":"14363 EDGEMERE BOULEVARD WESTBOUND","PROP_CITY":"EL PASO","PROP_ST":"Texas","PROP_ZIP":"79938","OUTBLDG":" ","HEIGHT":6.46999979,"SQMETERS":289.230011,"SQFEET":3113.23999,"H_ADJ_ELEV":0,"L_ADJ_ELEV":0,"FIPS":"48141","CENSUSCODE":"48141010367","PROD_DATE":1414800000000,"SOURCE":"NGA","USNG":"13R CR 84321 18568","LONGITUDE":-106.221964214,"LATITUDE":31.796851865899999,"IMAGE_NAME":"Li270-El Paso","IMAGE_DATE":1414800000000,"VAL_METHOD":"Unverified","REMARKS":" ","UUID":"{209afd79-38b2-4877-b858-7fcf77350453}","Shape_Leng":0.00074973929234299999,"Shape_Area":2.7543752751099999e-08,"HEIGHT_FT":21.2270341117,"Shape_Length":221.41679799928949}},{"type":"Feature","id":30633,"geometry":{"type":"Polygon","coordinates":[[[-106.22216248270641,31.796935758464304],[-106.22232056365935,31.796935773662433],[-106.22232058466483,31.796763575634394],[-106.22216250510877,31.796763561289175],[-106.22216248270641,31.796935758464304]]]},"properties":{"OBJECTID":30633,"Join_Count":1,"TARGET_FID":209418,"PIDN":"T28499900400500","STATE_CD":"B2","CombineADD":"14363 EDGEMERE BLVD","Type":"Commercial","State_Code":"B2","Living_Are":"6907","Value":325079,"Value_Sq_F":47.0651512958,"Descriptio":"MAIN AREA","Class_CD":"QRDA","Class_Desc":"Apartments; Frame; Average","Class_De_1":"Apartments","Building_M":"Frame","Condition":"Average","Exterior_W":"892","Year_Built":2012,"Sq_Footage":"3574","BUILD_ID":29513239,"OCC_CLS":"Residential","PRIM_OCC":"Multi - Family Dwelling","SEC_OCC":" ","PROP_ADDR":"14363 EDGEMERE BOULEVARD WESTBOUND","PROP_CITY":"EL PASO","PROP_ST":"Texas","PROP_ZIP":"79938","OUTBLDG":" ","HEIGHT":6.51000023,"SQMETERS":285.029999,"SQFEET":3068.04004,"H_ADJ_ELEV":0,"L_ADJ_ELEV":0,"FIPS":"48141","CENSUSCODE":"48141010367","PROD_DATE":1414800000000,"SOURCE":"NGA","USNG":"13R CR 84294 18569","LONGITUDE":-106.22225110399999,"LATITUDE":31.796854599500001,"IMAGE_NAME":"Li270-El Paso","IMAGE_DATE":1414800000000,"VAL_METHOD":"Unverified","REMARKS":" ","UUID":"{2a998eca-95a5-4dfb-8d5a-ebe87799a4f8}","Shape_Leng":0.00070269244264499996,"Shape_Area":2.71438323665e-08,"HEIGHT_FT":21.3582691509,"Shape_Length":223.51277435775438}},{"type":"Feature","id":30634,"geometry":{"type":"Polygon","coordinates":[[[-106.22244516308612,31.796937303014161],[-106.22260735542913,31.796935936951346],[-106.22260537676927,31.796764667508619],[-106.22244318582901,31.796766034421996],[-106.22244516308612,31.796937303014161]]]},"properties":{"OBJECTID":30634,"Join_Count":1,"TARGET_FID":209419,"PIDN":"T28499900400500","STATE_CD":"B2","CombineADD":"14363 EDGEMERE BLVD","Type":"Commercial","State_Code":"B2","Living_Are":"6907","Value":325079,"Value_Sq_F":47.0651512958,"Descriptio":"MAIN AREA","Class_CD":"QRDA","Class_Desc":"Apartments; Frame; Average","Class_De_1":"Apartments","Building_M":"Frame","Condition":"Average","Exterior_W":"892","Year_Built":2012,"Sq_Footage":"3574","BUILD_ID":29513211,"OCC_CLS":"Residential","PRIM_OCC":"Multi - Family Dwelling","SEC_OCC":" ","PROP_ADDR":"14363 EDGEMERE BOULEVARD WESTBOUND","PROP_CITY":"EL PASO","PROP_ST":"Texas","PROP_ZIP":"79938","OUTBLDG":" ","HEIGHT":6.40999985,"SQMETERS":279.20401,"SQFEET":3005.32007,"H_ADJ_ELEV":0,"L_ADJ_ELEV":0,"FIPS":"48141","CENSUSCODE":"48141010367","PROD_DATE":1414800000000,"SOURCE":"NGA","USNG":"13R CR 84267 18568","LONGITUDE":-106.222530338,"LATITUDE":31.7968464301,"IMAGE_NAME":"Li270-El Paso","IMAGE_DATE":1414800000000,"VAL_METHOD":"Unverified","REMARKS":" ","UUID":"{4c602739-46c8-473f-811a-bdd392c92dba}","Shape_Leng":0.00070234945706299998,"Shape_Area":2.6588933910900002e-08,"HEIGHT_FT":21.030183899400001,"Shape_Length":225.40287477433046}},{"type":"Feature","id":30635,"geometry":{"type":"Polygon","coordinates":[[[-106.22437384036999,31.780004571957523],[-106.22450641972921,31.780004303731712],[-106.22450204844633,31.779879766057981],[-106.22446355238881,31.779881509169169],[-106.22446275393723,31.779868642137828],[-106.22449455511574,31.779867202173264],[-106.22449550707321,31.779828447705171],[-106.22437658388608,31.779832399251319],[-106.22437384036999,31.780004571957523]]]},"properties":{"OBJECTID":30635,"Join_Count":1,"TARGET_FID":209420,"PIDN":"T28799925200120","STATE_CD":"B4","CombineADD":"14304 GIL REYES DR","Type":" ","State_Code":" ","Living_Are":" ","Value":0,"Value_Sq_F":0,"Descriptio":" ","Class_CD":" ","Class_Desc":" ","Class_De_1":" ","Building_M":" ","Condition":" ","Exterior_W":" ","Year_Built":0,"Sq_Footage":" ","BUILD_ID":29444438,"OCC_CLS":"Residential","PRIM_OCC":"Multi - Family Dwelling","SEC_OCC":" ","PROP_ADDR":"14304 GIL REYES DRIVE","PROP_CITY":"EL PASO","PROP_ST":"Texas","PROP_ZIP":"79938","OUTBLDG":" ","HEIGHT":6.30000019,"SQMETERS":203.307007,"SQFEET":2188.37988,"H_ADJ_ELEV":0,"L_ADJ_ELEV":0,"FIPS":"48141","CENSUSCODE":"48141010368","PROD_DATE":1414800000000,"SOURCE":"NGA","USNG":"13R CR 84066 16693","LONGITUDE":-106.22443636600001,"LATITUDE":31.7799130362,"IMAGE_NAME":"Li270-El Paso","IMAGE_DATE":1414800000000,"VAL_METHOD":"Unverified","REMARKS":" ","UUID":"{96b180da-f44d-4062-982e-42cf7a239c6a}","Shape_Leng":0.00056662240705400001,"Shape_Area":1.93577681874e-08,"HEIGHT_FT":20.669292625800001,"Shape_Length":226.80847403235882}},{"type":"Feature","id":30636,"geometry":{"type":"Polygon","coordinates":[[[-106.22460367297964,31.780002767506605],[-106.22473792552923,31.780002423280987],[-106.22473176798096,31.779822051171312],[-106.22461302220007,31.779828861472879],[-106.22461682577809,31.779863098943181],[-106.22464536721223,31.779863240736109],[-106.22464977932169,31.779880245799752],[-106.22460775943944,31.779879281042774],[-106.22460367297964,31.780002767506605]]]},"properties":{"OBJECTID":30636,"Join_Count":1,"TARGET_FID":209421,"PIDN":"T28799925200130","STATE_CD":"B4","CombineADD":"14302 GIL REYES DR","Type":"Residential","State_Code":"B4","Living_Are":"3928","Value":181432,"Value_Sq_F":46.189409368600003,"Descriptio":"MAIN AREA","Class_CD":"D07+","Class_Desc":"Multifamily; Good","Class_De_1":"Multifamily","Building_M":" ","Condition":"Good","Exterior_W":"STU","Year_Built":2011,"Sq_Footage":"1007","BUILD_ID":29444442,"OCC_CLS":"Residential","PRIM_OCC":"Multi - Family Dwelling","SEC_OCC":" ","PROP_ADDR":"14302 GIL REYES DRIVE","PROP_CITY":"EL PASO","PROP_ST":"Texas","PROP_ZIP":"79938","OUTBLDG":" ","HEIGHT":6.73000002,"SQMETERS":190.067001,"SQFEET":2045.85999,"H_ADJ_ELEV":0,"L_ADJ_ELEV":0,"FIPS":"48141","CENSUSCODE":"48141010368","PROD_DATE":1414800000000,"SOURCE":"NGA","USNG":"13R CR 84043 16693","LONGITUDE":-106.224679592,"LATITUDE":31.779913278999999,"IMAGE_NAME":"Li270-El Paso","IMAGE_DATE":1414800000000,"VAL_METHOD":"Unverified","REMARKS":" ","UUID":"{2eefa545-7966-4226-8a8e-5bcfc45d56f9}","Shape_Leng":0.00054842835554899997,"Shape_Area":1.80971088112e-08,"HEIGHT_FT":22.0800532626,"Shape_Length":230.06331959740049}},{"type":"Feature","id":30637,"geometry":{"type":"Polygon","coordinates":[[[-106.22461714211431,31.780382098459246],[-106.22465079410898,31.78038344213212],[-106.22465177009276,31.78039916949978],[-106.22461996979297,31.780400609454727],[-106.22462359489629,31.780431987525322],[-106.22474128821936,31.78043526061678],[-106.22473706997995,31.780259101481235],[-106.22461136366637,31.780261926181826],[-106.22461714211431,31.780382098459246]]]},"properties":{"OBJECTID":30637,"Join_Count":1,"TARGET_FID":209422,"PIDN":"T28799925200020","STATE_CD":"B4","CombineADD":"14303 GIL REYES DR","Type":"Residential","State_Code":"B4","Living_Are":"971","Value":50175,"Value_Sq_F":51.673532440800003,"Descriptio":"MAIN AREA","Class_CD":"D07+","Class_Desc":"Multifamily; Good","Class_De_1":"Multifamily","Building_M":" ","Condition":"Good","Exterior_W":"STU","Year_Built":2012,"Sq_Footage":"971","BUILD_ID":29446205,"OCC_CLS":"Residential","PRIM_OCC":"Multi - Family Dwelling","SEC_OCC":" ","PROP_ADDR":"14303 GIL REYES DRIVE","PROP_CITY":"EL PASO","PROP_ST":"Texas","PROP_ZIP":"79938","OUTBLDG":" ","HEIGHT":6.59000015,"SQMETERS":184.962006,"SQFEET":1990.91003,"H_ADJ_ELEV":0,"L_ADJ_ELEV":0,"FIPS":"48141","CENSUSCODE":"48141010368","PROD_DATE":1414800000000,"SOURCE":"NGA","USNG":"13R CR 84043 16741","LONGITUDE":-106.22468195899999,"LATITUDE":31.7803422516,"IMAGE_NAME":"Li270-El Paso","IMAGE_DATE":1414800000000,"VAL_METHOD":"Unverified","REMARKS":" ","UUID":"{64f2ab85-dd2d-4670-ac59-1c2fa8732352}","Shape_Leng":0.00054391925868600005,"Shape_Area":1.7611085163499999e-08,"HEIGHT_FT":21.620736100599999,"Shape_Length":221.08120676979439}},{"type":"Feature","id":30638,"geometry":{"type":"Polygon","coordinates":[[[-106.22438222311473,31.78043718192324],[-106.22450150094427,31.780438950200562],[-106.22450069095504,31.780398841333646],[-106.22446730514642,31.780401787231916],[-106.22446958795582,31.780384479020903],[-106.22450975741737,31.780382660145417],[-106.22450891100537,31.780260830356823],[-106.22437827172591,31.7802653123866],[-106.22438222311473,31.78043718192324]]]},"properties":{"OBJECTID":30638,"Join_Count":1,"TARGET_FID":209423,"PIDN":"T28799925200030","STATE_CD":"B4","CombineADD":"14305 GIL REYES DR","Type":"Residential","State_Code":"B4","Living_Are":"957","Value":48896,"Value_Sq_F":51.092998955100001,"Descriptio":"MAIN AREA","Class_CD":"D07+","Class_Desc":"Multifamily; Good","Class_De_1":"Multifamily","Building_M":" ","Condition":"Good","Exterior_W":"STU","Year_Built":2012,"Sq_Footage":"957","BUILD_ID":29446209,"OCC_CLS":"Residential","PRIM_OCC":"Multi - Family Dwelling","SEC_OCC":" ","PROP_ADDR":"14305 GIL REYES DRIVE","PROP_CITY":"EL PASO","PROP_ST":"Texas","PROP_ZIP":"79938","OUTBLDG":" ","HEIGHT":6.21999979,"SQMETERS":201.460999,"SQFEET":2168.51001,"H_ADJ_ELEV":0,"L_ADJ_ELEV":0,"FIPS":"48141","CENSUSCODE":"48141010368","PROD_DATE":1414800000000,"SOURCE":"NGA","USNG":"13R CR 84066 16741","LONGITUDE":-106.224440235,"LATITUDE":31.780344612299999,"IMAGE_NAME":"Li270-El Paso","IMAGE_DATE":1414800000000,"VAL_METHOD":"Unverified","REMARKS":" ","UUID":"{3cc06656-00a4-47db-9022-ed24076f01d6}","Shape_Leng":0.00056318255279499995,"Shape_Area":1.9182081517499999e-08,"HEIGHT_FT":20.406824111700001,"Shape_Length":228.41204228988241}},{"type":"Feature","id":30639,"geometry":{"type":"Polygon","coordinates":[[[-106.2242063036371,31.78044227982361],[-106.22432346464834,31.780436974972424],[-106.2243208327459,31.780259310745549],[-106.22419530279788,31.780264994532391],[-106.22419632618482,31.780389682862381],[-106.22422980074239,31.780388167203906],[-106.22423403536787,31.780402312838028],[-106.22420549277403,31.780402171903301],[-106.2242063036371,31.78044227982361]]]},"properties":{"OBJECTID":30639,"Join_Count":1,"TARGET_FID":209424,"PIDN":"T28799925200040","STATE_CD":"B4","CombineADD":"14307 GIL REYES DR","Type":"Residential","State_Code":"B4","Living_Are":"971","Value":49874,"Value_Sq_F":51.363542739400003,"Descriptio":"MAIN AREA","Class_CD":"D07+","Class_Desc":"Multifamily; Good","Class_De_1":"Multifamily","Building_M":" ","Condition":"Good","Exterior_W":"STU","Year_Built":2013,"Sq_Footage":"971","BUILD_ID":29446256,"OCC_CLS":"Residential","PRIM_OCC":"Multi - Family Dwelling","SEC_OCC":" ","PROP_ADDR":"14307 GIL REYES DRIVE","PROP_CITY":"EL PASO","PROP_ST":"Texas","PROP_ZIP":"79938","OUTBLDG":" ","HEIGHT":6.4000001,"SQMETERS":187.695007,"SQFEET":2020.32996,"H_ADJ_ELEV":0,"L_ADJ_ELEV":0,"FIPS":"48141","CENSUSCODE":"48141010368","PROD_DATE":1414800000000,"SOURCE":"NGA","USNG":"13R CR 84082 16741","LONGITUDE":-106.224269823,"LATITUDE":31.780345158500001,"IMAGE_NAME":"Li270-El Paso","IMAGE_DATE":1414800000000,"VAL_METHOD":"Unverified","REMARKS":" ","UUID":"{9b882ac0-a77f-4428-84f6-196f3b938f3c}","Shape_Leng":0.00057557632007600005,"Shape_Area":1.7871308908999999e-08,"HEIGHT_FT":20.997376312899998,"Shape_Length":224.70697013524341}},{"type":"Feature","id":30640,"geometry":{"type":"Polygon","coordinates":[[[-106.22396113975738,31.780440476904516],[-106.22408191540828,31.780439309373794],[-106.22407969751276,31.780403565920146],[-106.22405133234724,31.78040628439194],[-106.22404868326188,31.780390632776758],[-106.22408876404724,31.780387384761227],[-106.22408800691755,31.78026698514066],[-106.22395551587532,31.78026868221048],[-106.22396113975738,31.780440476904516]]]},"properties":{"OBJECTID":30640,"Join_Count":1,"TARGET_FID":209425,"PIDN":"T28799925200050","STATE_CD":"B4","CombineADD":"14309 GIL REYES DR","Type":"Residential","State_Code":"B4","Living_Are":"971","Value":50175,"Value_Sq_F":51.673532440800003,"Descriptio":"MAIN AREA","Class_CD":"D07+","Class_Desc":"Multifamily; Good","Class_De_1":"Multifamily","Building_M":" ","Condition":"Good","Exterior_W":"STU","Year_Built":2013,"Sq_Footage":"971","BUILD_ID":29446241,"OCC_CLS":"Residential","PRIM_OCC":"Multi - Family Dwelling","SEC_OCC":" ","PROP_ADDR":"14309 GIL REYES DRIVE","PROP_CITY":"EL PASO","PROP_ST":"Texas","PROP_ZIP":"79938","OUTBLDG":" ","HEIGHT":6.61999989,"SQMETERS":205.186005,"SQFEET":2208.6001,"H_ADJ_ELEV":0,"L_ADJ_ELEV":0,"FIPS":"48141","CENSUSCODE":"48141010368","PROD_DATE":1414800000000,"SOURCE":"NGA","USNG":"13R CR 84105 16741","LONGITUDE":-106.224020727,"LATITUDE":31.7803517151,"IMAGE_NAME":"Li270-El Paso","IMAGE_DATE":1414800000000,"VAL_METHOD":"Unverified","REMARKS":" ","UUID":"{ca74ff33-8e71-4d95-9190-8dbf40068726}","Shape_Leng":0.00057059675351100005,"Shape_Area":1.9536680559600002e-08,"HEIGHT_FT":21.7191604245,"Shape_Length":225.18192717927829}},{"type":"Feature","id":30641,"geometry":{"type":"Polygon","coordinates":[[[-106.22373953358891,31.780520762787972],[-106.22374960953417,31.780520797915862],[-106.22391580703183,31.780521384446843],[-106.2239180427279,31.780395114392363],[-106.22386598025591,31.780394604070647],[-106.22386350756987,31.780381811939975],[-106.22378149542018,31.780385525033427],[-106.2237939206729,31.780396432377881],[-106.22374825593297,31.780396333191185],[-106.22373348903182,31.780396300914518],[-106.22373953358891,31.780520762787972]]]},"properties":{"OBJECTID":30641,"Join_Count":1,"TARGET_FID":209426,"PIDN":"T28799925200070","STATE_CD":"B4","CombineADD":"14313 GIL REYES DR","Type":"Residential","State_Code":"B4","Living_Are":"1069","Value":55576,"Value_Sq_F":51.988774555699997,"Descriptio":"MAIN AREA","Class_CD":"D07+","Class_Desc":"Multifamily; Good","Class_De_1":"Multifamily","Building_M":" ","Condition":"Good","Exterior_W":"STU","Year_Built":2013,"Sq_Footage":"1069","BUILD_ID":29446514,"OCC_CLS":"Residential","PRIM_OCC":"Multi - Family Dwelling","SEC_OCC":" ","PROP_ADDR":"14311 GIL REYES DRIVE","PROP_CITY":"EL PASO","PROP_ST":"Texas","PROP_ZIP":"79938","OUTBLDG":" ","HEIGHT":6.67999983,"SQMETERS":224.983994,"SQFEET":2421.70996,"H_ADJ_ELEV":0,"L_ADJ_ELEV":0,"FIPS":"48141","CENSUSCODE":"48141010368","PROD_DATE":1414800000000,"SOURCE":"NGA","USNG":"13R CR 84124 16752","LONGITUDE":-106.22382912899999,"LATITUDE":31.780453636299999,"IMAGE_NAME":"Li270-El Paso","IMAGE_DATE":1414800000000,"VAL_METHOD":"Unverified","REMARKS":" ","UUID":"{a9bbc1db-803b-4333-b51d-3c0b3d9bb38f}","Shape_Leng":0.00059285139999699997,"Shape_Area":2.1421847228400001e-08,"HEIGHT_FT":21.916010636799999,"Shape_Length":216.76328779626783}},{"type":"Feature","id":30642,"geometry":{"type":"Polygon","coordinates":[[[-106.22353304326225,31.780520075606884],[-106.22370931670248,31.780520697545196],[-106.22371313819141,31.780392921523212],[-106.22365455717038,31.78039557371137],[-106.22364873811068,31.780382933080279],[-106.22358152288598,31.780381675378727],[-106.22358240995764,31.780395972583683],[-106.22352822967157,31.780388388872829],[-106.22353304326225,31.780520075606884]]]},"properties":{"OBJECTID":30642,"Join_Count":1,"TARGET_FID":209427,"PIDN":"T28799925200070","STATE_CD":"B4","CombineADD":"14313 GIL REYES DR","Type":"Residential","State_Code":"B4","Living_Are":"1069","Value":55576,"Value_Sq_F":51.988774555699997,"Descriptio":"MAIN AREA","Class_CD":"D07+","Class_Desc":"Multifamily; Good","Class_De_1":"Multifamily","Building_M":" ","Condition":"Good","Exterior_W":"STU","Year_Built":2013,"Sq_Footage":"1069","BUILD_ID":29446520,"OCC_CLS":"Residential","PRIM_OCC":"Multi - Family Dwelling","SEC_OCC":" ","PROP_ADDR":"14313 GIL REYES DRIVE","PROP_CITY":"EL PASO","PROP_ST":"Texas","PROP_ZIP":"79938","OUTBLDG":" ","HEIGHT":6.69999981,"SQMETERS":240.697998,"SQFEET":2590.8501,"H_ADJ_ELEV":0,"L_ADJ_ELEV":0,"FIPS":"48141","CENSUSCODE":"48141010368","PROD_DATE":1414800000000,"SOURCE":"NGA","USNG":"13R CR 84143 16753","LONGITUDE":-106.223626771,"LATITUDE":31.780457347700001,"IMAGE_NAME":"Li270-El Paso","IMAGE_DATE":1414800000000,"VAL_METHOD":"Unverified","REMARKS":" ","UUID":"{08359f8d-fe50-40b3-8b96-2a260fecaf82}","Shape_Leng":0.00061357458242800001,"Shape_Area":2.2918036569099999e-08,"HEIGHT_FT":21.981627374199999,"Shape_Length":215.53339590574248}},{"type":"Feature","id":30643,"geometry":{"type":"Polygon","coordinates":[[[-106.22379580287549,31.779891766630275],[-106.22385724722031,31.779890179581692],[-106.22385790282652,31.779878202240965],[-106.22390833619335,31.77987950340658],[-106.22391320044088,31.779755025357403],[-106.22374129953135,31.779756130388879],[-106.22372864798791,31.779756211872986],[-106.22373222549672,31.779881502564518],[-106.22374266467864,31.779881803927836],[-106.22376445288715,31.779882433194537],[-106.22378654770752,31.779877848287683],[-106.22379580287549,31.779891766630275]]]},"properties":{"OBJECTID":30643,"Join_Count":1,"TARGET_FID":209428,"PIDN":"T28799925200090","STATE_CD":"B4","CombineADD":"14310 GIL REYES DR","Type":"Residential","State_Code":"B4","Living_Are":"1069","Value":55576,"Value_Sq_F":51.988774555699997,"Descriptio":"MAIN AREA","Class_CD":"D07+","Class_Desc":"Multifamily; Good","Class_De_1":"Multifamily","Building_M":" ","Condition":"Good","Exterior_W":"STU","Year_Built":2014,"Sq_Footage":"1069","BUILD_ID":29443974,"OCC_CLS":"Residential","PRIM_OCC":"Multi - Family Dwelling","SEC_OCC":" ","PROP_ADDR":"14310 GIL REYES DRIVE","PROP_CITY":"EL PASO","PROP_ST":"Texas","PROP_ZIP":"79938","OUTBLDG":" ","HEIGHT":6.63000011,"SQMETERS":230.324005,"SQFEET":2479.17993,"H_ADJ_ELEV":0,"L_ADJ_ELEV":0,"FIPS":"48141","CENSUSCODE":"48141010368","PROD_DATE":1414800000000,"SOURCE":"NGA","USNG":"13R CR 84123 16681","LONGITUDE":-106.22382632999999,"LATITUDE":31.779812515,"IMAGE_NAME":"Li270-El Paso","IMAGE_DATE":1414800000000,"VAL_METHOD":"Unverified","REMARKS":" ","UUID":"{72f49ed7-6cdd-44cc-914b-849e5081c29e}","Shape_Leng":0.00060022659930199999,"Shape_Area":2.1930103351900002e-08,"HEIGHT_FT":21.751969575499999,"Shape_Length":210.30227887205649}},{"type":"Feature","id":30644,"geometry":{"type":"Polygon","coordinates":[[[-106.22357366518236,31.779895850337667],[-106.223646267257,31.779893757338673],[-106.22364824381613,31.779880525339632],[-106.22369743018399,31.7798842727553],[-106.22370236863638,31.779760986223202],[-106.22352449478245,31.779757091559024],[-106.22352234475338,31.779880251834257],[-106.22356998835261,31.779881678528302],[-106.22357366518236,31.779895850337667]]]},"properties":{"OBJECTID":30644,"Join_Count":1,"TARGET_FID":209429,"PIDN":"T28799925200080","STATE_CD":"B4","CombineADD":"14312 GIL REYES DR","Type":"Residential","State_Code":"B4","Living_Are":"1069","Value":55576,"Value_Sq_F":51.988774555699997,"Descriptio":"MAIN AREA","Class_CD":"D07+","Class_Desc":"Multifamily; Good","Class_De_1":"Multifamily","Building_M":" ","Condition":"Good","Exterior_W":"STU","Year_Built":2014,"Sq_Footage":"1069","BUILD_ID":29444002,"OCC_CLS":"Residential","PRIM_OCC":"Multi - Family Dwelling","SEC_OCC":" ","PROP_ADDR":"14312 GIL REYES DRIVE","PROP_CITY":"EL PASO","PROP_ST":"Texas","PROP_ZIP":"79938","OUTBLDG":" ","HEIGHT":6.80000019,"SQMETERS":233.639999,"SQFEET":2514.87988,"H_ADJ_ELEV":0,"L_ADJ_ELEV":0,"FIPS":"48141","CENSUSCODE":"48141010368","PROD_DATE":1414800000000,"SOURCE":"NGA","USNG":"13R CR 84143 16682","LONGITUDE":-106.223618149,"LATITUDE":31.7798204835,"IMAGE_NAME":"Li270-El Paso","IMAGE_DATE":1414800000000,"VAL_METHOD":"Unverified","REMARKS":" ","UUID":"{82863bfe-5ea8-44aa-84f4-c07473ad6421}","Shape_Leng":0.00060739675748099997,"Shape_Area":2.2245856983900002e-08,"HEIGHT_FT":22.3097126258,"Shape_Length":207.84133545768933}},{"type":"Feature","id":30645,"geometry":{"type":"Polygon","coordinates":[[[-106.22479857980714,31.779101295223484],[-106.2249244038984,31.779100375986502],[-106.22492541905824,31.779071655252125],[-106.22495485650316,31.779072711915923],[-106.22495484046449,31.778869599569227],[-106.22476873144947,31.77886499673286],[-106.22476712936395,31.778864957290402],[-106.22476626874634,31.779076472412722],[-106.22477103200586,31.779076459925697],[-106.22479423846232,31.779076400718708],[-106.22479857980714,31.779101295223484]]]},"properties":{"OBJECTID":30645,"Join_Count":1,"TARGET_FID":209430,"PIDN":"T28799925200270","STATE_CD":"B1","CombineADD":"14302 PANCHO GONZALES CT","Type":"Residential","State_Code":"B1","Living_Are":"1558","Value":53704,"Value_Sq_F":34.4698331194,"Descriptio":"MAIN AREA","Class_CD":"D03+","Class_Desc":"Multifamily; Good","Class_De_1":"Multifamily","Building_M":" ","Condition":"Good","Exterior_W":"STU","Year_Built":2012,"Sq_Footage":"1558","BUILD_ID":29441023,"OCC_CLS":"Residential","PRIM_OCC":"Multi - Family Dwelling","SEC_OCC":" ","PROP_ADDR":" ","PROP_CITY":" ","PROP_ST":"Texas","PROP_ZIP":" ","OUTBLDG":" ","HEIGHT":4.32999992,"SQMETERS":370.105011,"SQFEET":3983.78003,"H_ADJ_ELEV":0,"L_ADJ_ELEV":0,"FIPS":"48141","CENSUSCODE":"48141010368","PROD_DATE":1414800000000,"SOURCE":"NGA","USNG":"13R CR 84024 16591","LONGITUDE":-106.22486191199999,"LATITUDE":31.778985345399999,"IMAGE_NAME":"Li270-El Paso","IMAGE_DATE":1414800000000,"VAL_METHOD":"Unverified","REMARKS":" ","UUID":"{5b3ad028-5426-4a7d-b9f3-1d7485d72eb7}","Shape_Leng":0.00075824705400100005,"Shape_Area":3.52389538345e-08,"HEIGHT_FT":14.2060369497,"Shape_Length":285.74602709569615}},{"type":"Feature","id":30646,"geometry":{"type":"Polygon","coordinates":[[[-106.22458510875663,31.779109766815065],[-106.22471658511527,31.779109786693606],[-106.22471760033804,31.779081065960924],[-106.22474153341241,31.779083566781278],[-106.2247428376733,31.77887919981216],[-106.22456144516102,31.778877954126731],[-106.22455953283936,31.778877941373597],[-106.22456263452499,31.779085693387042],[-106.22456370780459,31.77908564478756],[-106.22458355609648,31.779084746030204],[-106.22458510875663,31.779109766815065]]]},"properties":{"OBJECTID":30646,"Join_Count":1,"TARGET_FID":209431,"PIDN":"T28799925200260","STATE_CD":"B1","CombineADD":"14304 PANCHO GONZALES CT","Type":"Residential","State_Code":"B1","Living_Are":"1558","Value":53704,"Value_Sq_F":34.4698331194,"Descriptio":"MAIN AREA","Class_CD":"D03+","Class_Desc":"Multifamily; Good","Class_De_1":"Multifamily","Building_M":" ","Condition":"Good","Exterior_W":"STU","Year_Built":2012,"Sq_Footage":"1558","BUILD_ID":29441011,"OCC_CLS":"Residential","PRIM_OCC":"Multi - Family Dwelling","SEC_OCC":" ","PROP_ADDR":" ","PROP_CITY":" ","PROP_ST":"Texas","PROP_ZIP":" ","OUTBLDG":" ","HEIGHT":3.8900001,"SQMETERS":382.67099,"SQFEET":4119.02979,"H_ADJ_ELEV":0,"L_ADJ_ELEV":0,"FIPS":"48141","CENSUSCODE":"48141010368","PROD_DATE":1414800000000,"SOURCE":"NGA","USNG":"13R CR 84044 16591","LONGITUDE":-106.224650916,"LATITUDE":31.778986125199999,"IMAGE_NAME":"Li270-El Paso","IMAGE_DATE":1414800000000,"VAL_METHOD":"Unverified","REMARKS":" ","UUID":"{566bc02e-9cf6-46c0-bcd2-742c9e9aa0b6}","Shape_Leng":0.00076798369493200004,"Shape_Area":3.6435382505099998e-08,"HEIGHT_FT":12.762467944200001,"Shape_Length":281.3179801341293}},{"type":"Feature","id":30647,"geometry":{"type":"Polygon","coordinates":[[[-106.22437684630169,31.779112027927006],[-106.22450685393923,31.779110920567131],[-106.22450669619731,31.779085837522363],[-106.2245347397986,31.779086956492364],[-106.22453611844237,31.778883781034583],[-106.22435404063179,31.778879277751074],[-106.22434840838861,31.778879138104465],[-106.22434871887464,31.779087016486422],[-106.22435630641237,31.779087690766374],[-106.22437544162467,31.779089391058204],[-106.22437684630169,31.779112027927006]]]},"properties":{"OBJECTID":30647,"Join_Count":1,"TARGET_FID":209432,"PIDN":"T28799925200250","STATE_CD":"B1","CombineADD":"14306 PANCHO GONZALES CT","Type":"Residential","State_Code":"B1","Living_Are":"1558","Value":53704,"Value_Sq_F":34.4698331194,"Descriptio":"MAIN AREA","Class_CD":"D03+","Class_Desc":"Multifamily; Good","Class_De_1":"Multifamily","Building_M":" ","Condition":"Good","Exterior_W":"STU","Year_Built":2012,"Sq_Footage":"1558","BUILD_ID":29441056,"OCC_CLS":"Residential","PRIM_OCC":"Multi - Family Dwelling","SEC_OCC":" ","PROP_ADDR":" ","PROP_CITY":" ","PROP_ST":"Texas","PROP_ZIP":" ","OUTBLDG":" ","HEIGHT":4.13999987,"SQMETERS":385.651001,"SQFEET":4151.10986,"H_ADJ_ELEV":0,"L_ADJ_ELEV":0,"FIPS":"48141","CENSUSCODE":"48141010368","PROD_DATE":1414800000000,"SOURCE":"NGA","USNG":"13R CR 84064 16591","LONGITUDE":-106.224445166,"LATITUDE":31.778993486499999,"IMAGE_NAME":"Li270-El Paso","IMAGE_DATE":1414800000000,"VAL_METHOD":"Unverified","REMARKS":" ","UUID":"{9935d06a-2dea-43cf-aa79-a1e88cad1590}","Shape_Leng":0.000775253955033,"Shape_Area":3.6719145922899997e-08,"HEIGHT_FT":13.582677162,"Shape_Length":282.735105088534}},{"type":"Feature","id":30648,"geometry":{"type":"Polygon","coordinates":[[[-106.22416814029083,31.779107140552142],[-106.22429976457221,31.779109544770147],[-106.22429953289377,31.779083269315567],[-106.22432478686402,31.779084515546131],[-106.22432168569838,31.778876763526924],[-106.22414659072263,31.778876819838054],[-106.2241356662401,31.77887682316889],[-106.22414419744602,31.779081939599287],[-106.22414882809954,31.779082601464186],[-106.22416959928118,31.779085568878134],[-106.22416814029083,31.779107140552142]]]},"properties":{"OBJECTID":30648,"Join_Count":1,"TARGET_FID":209433,"PIDN":"T28799925200240","STATE_CD":"B1","CombineADD":"14308 PANCHO GONZALES CT","Type":"Residential","State_Code":"B1","Living_Are":"1558","Value":53704,"Value_Sq_F":34.4698331194,"Descriptio":"MAIN AREA","Class_CD":"D03+","Class_Desc":"Multifamily; Good","Class_De_1":"Multifamily","Building_M":" ","Condition":"Good","Exterior_W":"STU","Year_Built":2012,"Sq_Footage":"1558","BUILD_ID":29440992,"OCC_CLS":"Residential","PRIM_OCC":"Multi - Family Dwelling","SEC_OCC":" ","PROP_ADDR":" ","PROP_CITY":" ","PROP_ST":"Texas","PROP_ZIP":" ","OUTBLDG":" ","HEIGHT":4.17000008,"SQMETERS":359.386993,"SQFEET":3868.3999,"H_ADJ_ELEV":0,"L_ADJ_ELEV":0,"FIPS":"48141","CENSUSCODE":"48141010368","PROD_DATE":1414800000000,"SOURCE":"NGA","USNG":"13R CR 84083 16590","LONGITUDE":-106.224236625,"LATITUDE":31.7789862357,"IMAGE_NAME":"Li270-El Paso","IMAGE_DATE":1414800000000,"VAL_METHOD":"Unverified","REMARKS":" ","UUID":"{a3933939-5b95-4d3d-8da8-dab4d7072e2e}","Shape_Leng":0.00075124886574200005,"Shape_Area":3.4218383383100001e-08,"HEIGHT_FT":13.681103050300001,"Shape_Length":282.24608124336015}},{"type":"Feature","id":30649,"geometry":{"type":"Polygon","coordinates":[[[-106.22396149446739,31.779112912370977],[-106.22408467681831,31.77911450417178],[-106.22408870265981,31.779089231709026],[-106.22412085585201,31.779088970741988],[-106.22411643522432,31.778882472434592],[-106.22393921770515,31.778881462227204],[-106.22392894698507,31.778881403427423],[-106.22392786276559,31.779089344915835],[-106.22394147606053,31.779089310177838],[-106.22395583143171,31.779089273449681],[-106.22396149446739,31.779112912370977]]]},"properties":{"OBJECTID":30649,"Join_Count":1,"TARGET_FID":209434,"PIDN":"T28799925200240","STATE_CD":"B1","CombineADD":"14308 PANCHO GONZALES CT","Type":"Residential","State_Code":"B1","Living_Are":"1558","Value":53704,"Value_Sq_F":34.4698331194,"Descriptio":"MAIN AREA","Class_CD":"D03+","Class_Desc":"Multifamily; Good","Class_De_1":"Multifamily","Building_M":" ","Condition":"Good","Exterior_W":"STU","Year_Built":2012,"Sq_Footage":"1558","BUILD_ID":29441047,"OCC_CLS":"Residential","PRIM_OCC":"Multi - Family Dwelling","SEC_OCC":" ","PROP_ADDR":" ","PROP_CITY":" ","PROP_ST":"Texas","PROP_ZIP":" ","OUTBLDG":" ","HEIGHT":4.17000008,"SQMETERS":376.386993,"SQFEET":4051.38989,"H_ADJ_ELEV":0,"L_ADJ_ELEV":0,"FIPS":"48141","CENSUSCODE":"48141010368","PROD_DATE":1414800000000,"SOURCE":"NGA","USNG":"13R CR 84104 16591","LONGITUDE":-106.224022503,"LATITUDE":31.778996875000001,"IMAGE_NAME":"Li270-El Paso","IMAGE_DATE":1414800000000,"VAL_METHOD":"Unverified","REMARKS":" ","UUID":"{33f7b61d-805c-4cc0-8b8f-ab500acc7576}","Shape_Leng":0.00076437095664900004,"Shape_Area":3.5837043857e-08,"HEIGHT_FT":13.681103050300001,"Shape_Length":284.06327204209333}},{"type":"Feature","id":30650,"geometry":{"type":"Polygon","coordinates":[[[-106.22477417392851,31.779587004721797],[-106.22477658573442,31.779587007498478],[-106.22495881473898,31.779587245994151],[-106.22495458347771,31.77938384590572],[-106.22492771542545,31.779383629312875],[-106.22492919956025,31.779353453155124],[-106.2247951253771,31.779356657018521],[-106.22479328630185,31.779381114293763],[-106.22477431710472,31.779378529591995],[-106.22476958816601,31.779377885746349],[-106.22477417392851,31.779587004721797]]]},"properties":{"OBJECTID":30650,"Join_Count":1,"TARGET_FID":209435,"PIDN":"T28799925200160","STATE_CD":"B1","CombineADD":"14303 PANCHO GONZALES CT","Type":"Residential","State_Code":"B1","Living_Are":"1558","Value":53704,"Value_Sq_F":34.4698331194,"Descriptio":"MAIN AREA","Class_CD":"D03+","Class_Desc":"Multifamily; Good","Class_De_1":"Multifamily","Building_M":" ","Condition":"Good","Exterior_W":"STU","Year_Built":2012,"Sq_Footage":"1558","BUILD_ID":29442815,"OCC_CLS":"Residential","PRIM_OCC":"Multi - Family Dwelling","SEC_OCC":" ","PROP_ADDR":" ","PROP_CITY":" ","PROP_ST":"Texas","PROP_ZIP":" ","OUTBLDG":" ","HEIGHT":4.21000004,"SQMETERS":355.040985,"SQFEET":3821.62988,"H_ADJ_ELEV":0,"L_ADJ_ELEV":0,"FIPS":"48141","CENSUSCODE":"48141010368","PROD_DATE":1414800000000,"SOURCE":"NGA","USNG":"13R CR 84024 16645","LONGITUDE":-106.224867093,"LATITUDE":31.779471192900001,"IMAGE_NAME":"Li270-El Paso","IMAGE_DATE":1414800000000,"VAL_METHOD":"Unverified","REMARKS":" ","UUID":"{35338a82-8752-4178-8431-ada46f91fb5f}","Shape_Leng":0.00074393910527299995,"Shape_Area":3.3804843899499998e-08,"HEIGHT_FT":13.812336525199999,"Shape_Length":284.85636757927386}},{"type":"Feature","id":30651,"geometry":{"type":"Polygon","coordinates":[[[-106.22456838713087,31.779515826095281],[-106.22457094430111,31.779584737435361],[-106.22475074088763,31.779588065829678],[-106.22474774177202,31.779377441722108],[-106.22472105005852,31.779380083674287],[-106.22472288920825,31.779355627300628],[-106.2245886375724,31.77935597151081],[-106.22459516746437,31.779380048919645],[-106.22456693838885,31.779382604210308],[-106.22456345519936,31.779382919079747],[-106.22456838713087,31.779515826095281]]]},"properties":{"OBJECTID":30651,"Join_Count":1,"TARGET_FID":209436,"PIDN":"T28799925200170","STATE_CD":"B1","CombineADD":"14305 PANCHO GONZALES CT","Type":"Residential","State_Code":"B1","Living_Are":"1520","Value":52852,"Value_Sq_F":34.7710526316,"Descriptio":"MAIN AREA","Class_CD":"D03+","Class_Desc":"Multifamily; Good","Class_De_1":"Multifamily","Building_M":" ","Condition":"Good","Exterior_W":"STU","Year_Built":2012,"Sq_Footage":"1520","BUILD_ID":29442791,"OCC_CLS":"Residential","PRIM_OCC":"Multi - Family Dwelling","SEC_OCC":" ","PROP_ADDR":" ","PROP_CITY":" ","PROP_ST":"Texas","PROP_ZIP":" ","OUTBLDG":" ","HEIGHT":4.17999983,"SQMETERS":377.200012,"SQFEET":4060.13989,"H_ADJ_ELEV":0,"L_ADJ_ELEV":0,"FIPS":"48141","CENSUSCODE":"48141010368","PROD_DATE":1414800000000,"SOURCE":"NGA","USNG":"13R CR 84044 16644","LONGITUDE":-106.22465533,"LATITUDE":31.779470743899999,"IMAGE_NAME":"Li270-El Paso","IMAGE_DATE":1414800000000,"VAL_METHOD":"Unverified","REMARKS":" ","UUID":"{4cf750fd-69e1-40d7-9368-7d0125e66d0d}","Shape_Leng":0.00076952701694199999,"Shape_Area":3.5914599924799997e-08,"HEIGHT_FT":13.7139106368,"Shape_Length":283.84893144819858}},{"type":"Feature","id":30652,"geometry":{"type":"Polygon","coordinates":[[[-106.22435970046088,31.779588567661666],[-106.22436175301223,31.779588556909214],[-106.22453923191117,31.779587606688761],[-106.22453482521703,31.779381347998726],[-106.22450795711056,31.779381130418692],[-106.22450961887479,31.779353814607234],[-106.22437739529578,31.779359801718492],[-106.22437537862072,31.779381398646102],[-106.22435949866387,31.7793812145426],[-106.22435018375337,31.779381106172973],[-106.22435970046088,31.779588567661666]]]},"properties":{"OBJECTID":30652,"Join_Count":1,"TARGET_FID":209437,"PIDN":"T28799925200180","STATE_CD":"B1","CombineADD":"14307 PANCHO GONZALES CT","Type":"Residential","State_Code":"B1","Living_Are":"1558","Value":53704,"Value_Sq_F":34.4698331194,"Descriptio":"MAIN AREA","Class_CD":"D03+","Class_Desc":"Multifamily; Good","Class_De_1":"Multifamily","Building_M":" ","Condition":"Good","Exterior_W":"STU","Year_Built":2012,"Sq_Footage":"1558","BUILD_ID":29442793,"OCC_CLS":"Residential","PRIM_OCC":"Multi - Family Dwelling","SEC_OCC":" ","PROP_ADDR":" ","PROP_CITY":" ","PROP_ST":"Texas","PROP_ZIP":" ","OUTBLDG":" ","HEIGHT":3.97000003,"SQMETERS":388.595001,"SQFEET":4182.7998,"H_ADJ_ELEV":0,"L_ADJ_ELEV":0,"FIPS":"48141","CENSUSCODE":"48141010368","PROD_DATE":1414800000000,"SOURCE":"NGA","USNG":"13R CR 84064 16644","LONGITUDE":-106.22444869,"LATITUDE":31.779473509599999,"IMAGE_NAME":"Li270-El Paso","IMAGE_DATE":1414800000000,"VAL_METHOD":"Unverified","REMARKS":" ","UUID":"{aa968439-7255-4ee1-8b9b-66edf9131aa2}","Shape_Leng":0.00079051428766999999,"Shape_Area":3.6999595923900003e-08,"HEIGHT_FT":13.024934893899999,"Shape_Length":281.52037128144121}},{"type":"Feature","id":30653,"geometry":{"type":"Polygon","coordinates":[[[-106.22417223818563,31.779380560908098],[-106.22415209867528,31.779383514788918],[-106.22414396201486,31.779384708671508],[-106.22414484405751,31.779588259449824],[-106.22415432403743,31.779588284497112],[-106.22432446425492,31.779588728943811],[-106.22432815986976,31.779377801736615],[-106.22430129182061,31.779377585014547],[-106.22429996103729,31.779356138755553],[-106.22416932193744,31.779360620625067],[-106.22417223818563,31.779380560908098]]]},"properties":{"OBJECTID":30653,"Join_Count":1,"TARGET_FID":209438,"PIDN":"T28799925200190","STATE_CD":"B1","CombineADD":"14309 PANCHO GONZALES CT","Type":"Residential","State_Code":"B1","Living_Are":"1612","Value":55021,"Value_Sq_F":34.132133994999997,"Descriptio":"MAIN AREA","Class_CD":"D03+","Class_Desc":"Multifamily; Good","Class_De_1":"Multifamily","Building_M":" ","Condition":"Good","Exterior_W":"STU","Year_Built":2012,"Sq_Footage":"1612","BUILD_ID":29442787,"OCC_CLS":"Residential","PRIM_OCC":"Multi - Family Dwelling","SEC_OCC":" ","PROP_ADDR":" ","PROP_CITY":" ","PROP_ST":"Texas","PROP_ZIP":" ","OUTBLDG":" ","HEIGHT":4.21000004,"SQMETERS":370.889008,"SQFEET":3992.21997,"H_ADJ_ELEV":0,"L_ADJ_ELEV":0,"FIPS":"48141","CENSUSCODE":"48141010368","PROD_DATE":1414800000000,"SOURCE":"NGA","USNG":"13R CR 84084 16644","LONGITUDE":-106.22423985099999,"LATITUDE":31.779472510400002,"IMAGE_NAME":"Li270-El Paso","IMAGE_DATE":1414800000000,"VAL_METHOD":"Unverified","REMARKS":" ","UUID":"{9fc77846-a3c2-4b05-933f-86c15238d9ed}","Shape_Leng":0.00075863578032999996,"Shape_Area":3.5313795883200002e-08,"HEIGHT_FT":13.812336525199999,"Shape_Length":279.62062668284176}},{"type":"Feature","id":30654,"geometry":{"type":"Polygon","coordinates":[[[-106.22394650170925,31.779551716951001],[-106.22394848672212,31.779588547504595],[-106.2241214120636,31.779589320396731],[-106.22412193813757,31.77938140420029],[-106.22409515877392,31.779382616706073],[-106.22409012581774,31.779355604025501],[-106.22395437736623,31.779358882828546],[-106.2239625802809,31.77938288451325],[-106.22394466468747,31.779382676923497],[-106.22393738541436,31.7793825919602],[-106.22394650170925,31.779551716951001]]]},"properties":{"OBJECTID":30654,"Join_Count":1,"TARGET_FID":209439,"PIDN":"T28799925200200","STATE_CD":"B1","CombineADD":"14311 PANCHO GONZALES CT","Type":"Residential","State_Code":"B1","Living_Are":"3023","Value":101289,"Value_Sq_F":33.5061197486,"Descriptio":"MAIN AREA","Class_CD":"D03+","Class_Desc":"Multifamily; Good","Class_De_1":"Multifamily","Building_M":" ","Condition":"Good","Exterior_W":"STU","Year_Built":2013,"Sq_Footage":"1530","BUILD_ID":29442789,"OCC_CLS":"Residential","PRIM_OCC":"Multi - Family Dwelling","SEC_OCC":" ","PROP_ADDR":" ","PROP_CITY":" ","PROP_ST":"Texas","PROP_ZIP":" ","OUTBLDG":" ","HEIGHT":4.11999989,"SQMETERS":370.161011,"SQFEET":3984.37988,"H_ADJ_ELEV":0,"L_ADJ_ELEV":0,"FIPS":"48141","CENSUSCODE":"48141010368","PROD_DATE":1414800000000,"SOURCE":"NGA","USNG":"13R CR 84103 16644","LONGITUDE":-106.224031311,"LATITUDE":31.779474732600001,"IMAGE_NAME":"Li270-El Paso","IMAGE_DATE":1414800000000,"VAL_METHOD":"Unverified","REMARKS":" ","UUID":"{4990336b-317d-4881-8d69-6e398ddcd5c9}","Shape_Leng":0.00075781061577200005,"Shape_Area":3.52444355398e-08,"HEIGHT_FT":13.5170604245,"Shape_Length":281.78403272703321}},{"type":"Feature","id":30655,"geometry":{"type":"Polygon","coordinates":[[[-106.22350307868619,31.779452625037138],[-106.2235108595635,31.779622698265108],[-106.22368695497721,31.77962046074428],[-106.22369330206169,31.779425185138642],[-106.22366484844169,31.779426473356047],[-106.22366079135932,31.779415187139922],[-106.22360361903033,31.779413473893197],[-106.22360052548741,31.7793906741556],[-106.2235249429383,31.779389795275641],[-106.22352988705806,31.779415378706879],[-106.22350269755209,31.779416609658448],[-106.22350143343881,31.77941666688854],[-106.22350307868619,31.779452625037138]]]},"properties":{"OBJECTID":30655,"Join_Count":1,"TARGET_FID":209440,"PIDN":"T28799925200210","STATE_CD":"B1","CombineADD":"14313 PANCHO GONZALES CT","Type":"Residential","State_Code":"B1","Living_Are":"2945","Value":99241,"Value_Sq_F":33.698132427799997,"Descriptio":"MAIN AREA","Class_CD":"D03+","Class_Desc":"Multifamily; Good","Class_De_1":"Multifamily","Building_M":" ","Condition":"Good","Exterior_W":"STU","Year_Built":2013,"Sq_Footage":"1459","BUILD_ID":29442879,"OCC_CLS":"Residential","PRIM_OCC":"Multi - Family Dwelling","SEC_OCC":" ","PROP_ADDR":" ","PROP_CITY":" ","PROP_ST":"Texas","PROP_ZIP":" ","OUTBLDG":" ","HEIGHT":4.11000013,"SQMETERS":361.906006,"SQFEET":3895.52002,"H_ADJ_ELEV":0,"L_ADJ_ELEV":0,"FIPS":"48141","CENSUSCODE":"48141010368","PROD_DATE":1414800000000,"SOURCE":"NGA","USNG":"13R CR 84144 16648","LONGITUDE":-106.22360039100001,"LATITUDE":31.7795157563,"IMAGE_NAME":"Li270-El Paso","IMAGE_DATE":1414800000000,"VAL_METHOD":"Unverified","REMARKS":" ","UUID":"{6aeaae67-92b6-4dc7-8ef8-a1bf015e9994}","Shape_Leng":0.00074477684181699995,"Shape_Area":3.4458471725099998e-08,"HEIGHT_FT":13.484252838,"Shape_Length":281.8510235607007}},{"type":"Feature","id":30656,"geometry":{"type":"Polygon","coordinates":[[[-106.22378236850753,31.779643382389395],[-106.22382421191112,31.779641487923531],[-106.22382191667045,31.779631555229773],[-106.22387072108754,31.779633647249678],[-106.22387168458867,31.779622133729216],[-106.22391352798114,31.779620239234625],[-106.22390463319441,31.77942278531129],[-106.22388278573976,31.779422341189715],[-106.22387846247157,31.779406765367494],[-106.22380455309083,31.779405810895071],[-106.22380544018696,31.779420108103974],[-106.2237666792021,31.779417561348779],[-106.22376923947688,31.779431782804494],[-106.22373780106317,31.779434244786991],[-106.22372581171659,31.779435183176897],[-106.22373558196809,31.779619693373149],[-106.22373981501666,31.779619501723396],[-106.22377742430791,31.779617798970023],[-106.22378236850753,31.779643382389395]]]},"properties":{"OBJECTID":30656,"Join_Count":1,"TARGET_FID":209441,"PIDN":"T28799925200200","STATE_CD":"B1","CombineADD":"14311 PANCHO GONZALES CT","Type":"Residential","State_Code":"B1","Living_Are":"3023","Value":101289,"Value_Sq_F":33.5061197486,"Descriptio":"MAIN AREA","Class_CD":"D03+","Class_Desc":"Multifamily; Good","Class_De_1":"Multifamily","Building_M":" ","Condition":"Good","Exterior_W":"STU","Year_Built":2013,"Sq_Footage":"1530","BUILD_ID":29442910,"OCC_CLS":"Residential","PRIM_OCC":"Multi - Family Dwelling","SEC_OCC":" ","PROP_ADDR":" ","PROP_CITY":" ","PROP_ST":"Texas","PROP_ZIP":" ","OUTBLDG":" ","HEIGHT":3.98000002,"SQMETERS":351.877991,"SQFEET":3787.57007,"H_ADJ_ELEV":0,"L_ADJ_ELEV":0,"FIPS":"48141","CENSUSCODE":"48141010368","PROD_DATE":1414800000000,"SOURCE":"NGA","USNG":"13R CR 84124 16649","LONGITUDE":-106.22381916400001,"LATITUDE":31.779522782299999,"IMAGE_NAME":"Li270-El Paso","IMAGE_DATE":1414800000000,"VAL_METHOD":"Unverified","REMARKS":" ","UUID":"{581c9155-121d-464e-8b5a-8925481a8d72}","Shape_Leng":0.000736060353096,"Shape_Area":3.3503614253900001e-08,"HEIGHT_FT":13.057743262600001,"Shape_Length":282.29331884341457}},{"type":"Feature","id":30657,"geometry":{"type":"Polygon","coordinates":[[[-106.22482945045944,31.779882719096797],[-106.22490001284042,31.779883825471572],[-106.22490273916338,31.779873665398565],[-106.22495964558252,31.779871088464805],[-106.22495870989894,31.779747829384966],[-106.22477835241413,31.77974935305307],[-106.22476411523184,31.779749473023383],[-106.22477952316781,31.779856981641057],[-106.22478187654315,31.779873403472763],[-106.22483208809234,31.779871129755595],[-106.22482945045944,31.779882719096797]]]},"properties":{"OBJECTID":30657,"Join_Count":1,"TARGET_FID":209442,"PIDN":"T28799925200130","STATE_CD":"B4","CombineADD":"14302 GIL REYES DR","Type":"Residential","State_Code":"B4","Living_Are":"3928","Value":181432,"Value_Sq_F":46.189409368600003,"Descriptio":"MAIN AREA","Class_CD":"D07+","Class_Desc":"Multifamily; Good","Class_De_1":"Multifamily","Building_M":" ","Condition":"Good","Exterior_W":"STU","Year_Built":2011,"Sq_Footage":"1007","BUILD_ID":29444012,"OCC_CLS":"Residential","PRIM_OCC":"Multi - Family Dwelling","SEC_OCC":" ","PROP_ADDR":"14300 GIL REYES DRIVE","PROP_CITY":"EL PASO","PROP_ST":"Texas","PROP_ZIP":"79938","OUTBLDG":" ","HEIGHT":6.82000017,"SQMETERS":233.001999,"SQFEET":2508.01001,"H_ADJ_ELEV":0,"L_ADJ_ELEV":0,"FIPS":"48141","CENSUSCODE":"48141010368","PROD_DATE":1414800000000,"SOURCE":"NGA","USNG":"13R CR 84024 16682","LONGITUDE":-106.22487332,"LATITUDE":31.779809367399999,"IMAGE_NAME":"Li270-El Paso","IMAGE_DATE":1414800000000,"VAL_METHOD":"Unverified","REMARKS":" ","UUID":"{9173a004-cc21-454c-a660-ab9edbdf45fb}","Shape_Leng":0.00060447888613299997,"Shape_Area":2.2185096638199999e-08,"HEIGHT_FT":22.375329363199999,"Shape_Length":214.08324784414597}},{"type":"Feature","id":30658,"geometry":{"type":"Polygon","coordinates":[[[-106.22352821500927,31.779083776589943],[-106.22359523820536,31.779081937067989],[-106.22359258672583,31.779061746359123],[-106.22366100369278,31.779059843701187],[-106.22365578424217,31.779043352922034],[-106.22369226974449,31.779045284727449],[-106.22368741521355,31.778854339223464],[-106.22364124089337,31.778854040930927],[-106.22363829364735,31.778829083282577],[-106.22358367632594,31.778827971461101],[-106.22358654963141,31.778851737601112],[-106.22349853219556,31.77885333274747],[-106.22350287855235,31.779058638620384],[-106.22352651483254,31.779056373673978],[-106.22352821500927,31.779083776589943]]]},"properties":{"OBJECTID":30658,"Join_Count":1,"TARGET_FID":209443,"PIDN":"T28799925200220","STATE_CD":"B1","CombineADD":"14312 PANCHO GONZALES CT","Type":"Residential","State_Code":"B1","Living_Are":"2945","Value":100982,"Value_Sq_F":34.289303904900002,"Descriptio":"MAIN AREA","Class_CD":"D03+","Class_Desc":"Multifamily; Good","Class_De_1":"Multifamily","Building_M":" ","Condition":"Good","Exterior_W":"STU","Year_Built":2013,"Sq_Footage":"1459","BUILD_ID":29440838,"OCC_CLS":"Residential","PRIM_OCC":"Multi - Family Dwelling","SEC_OCC":" ","PROP_ADDR":" ","PROP_CITY":" ","PROP_ST":"Texas","PROP_ZIP":" ","OUTBLDG":" ","HEIGHT":3.93000007,"SQMETERS":369.350006,"SQFEET":3975.6499,"H_ADJ_ELEV":0,"L_ADJ_ELEV":0,"FIPS":"48141","CENSUSCODE":"48141010368","PROD_DATE":1414800000000,"SOURCE":"NGA","USNG":"13R CR 84144 16586","LONGITUDE":-106.22359765,"LATITUDE":31.7789538894,"IMAGE_NAME":"Li270-El Paso","IMAGE_DATE":1414800000000,"VAL_METHOD":"Unverified","REMARKS":" ","UUID":"{2c69367b-ec37-41c5-acfe-dd5867470782}","Shape_Leng":0.00075286100369200001,"Shape_Area":3.5167017278199999e-08,"HEIGHT_FT":12.893701418999999,"Shape_Length":305.12549889091696}},{"type":"Feature","id":30659,"geometry":{"type":"Polygon","coordinates":[[[-106.22376546265096,31.779052724636816],[-106.22381442680744,31.779052897481598],[-106.22381237635953,31.779064937978205],[-106.22387697839282,31.779069181309012],[-106.22387836351872,31.779046418128797],[-106.22390640715686,31.779047538134755],[-106.22391057676489,31.778844235473382],[-106.22373146521524,31.77885122497247],[-106.223719421526,31.778851695288914],[-106.22371722698647,31.779041765986761],[-106.22373351973316,31.779040271502609],[-106.22376868510608,31.779037046508961],[-106.22376546265096,31.779052724636816]]]},"properties":{"OBJECTID":30659,"Join_Count":1,"TARGET_FID":209444,"PIDN":"T28799925200230","STATE_CD":"B1","CombineADD":"14310 PANCHO GONZALES CT","Type":"Residential","State_Code":"B1","Living_Are":"2945","Value":100982,"Value_Sq_F":34.289303904900002,"Descriptio":"MAIN AREA","Class_CD":"D03+","Class_Desc":"Multifamily; Good","Class_De_1":"Multifamily","Building_M":" ","Condition":"Good","Exterior_W":"STU","Year_Built":2013,"Sq_Footage":"1459","BUILD_ID":29440828,"OCC_CLS":"Residential","PRIM_OCC":"Multi - Family Dwelling","SEC_OCC":" ","PROP_ADDR":" ","PROP_CITY":" ","PROP_ST":"Texas","PROP_ZIP":" ","OUTBLDG":" ","HEIGHT":4.11999989,"SQMETERS":345.963013,"SQFEET":3723.90991,"H_ADJ_ELEV":0,"L_ADJ_ELEV":0,"FIPS":"48141","CENSUSCODE":"48141010368","PROD_DATE":1414800000000,"SOURCE":"NGA","USNG":"13R CR 84123 16585","LONGITUDE":-106.223815672,"LATITUDE":31.778944536800001,"IMAGE_NAME":"Li270-El Paso","IMAGE_DATE":1414800000000,"VAL_METHOD":"Unverified","REMARKS":" ","UUID":"{331d5af7-5acd-4546-9dee-ac3137d21bb8}","Shape_Leng":0.00075149078992099998,"Shape_Area":3.2940287916700002e-08,"HEIGHT_FT":13.5170604245,"Shape_Length":281.24425830022324}},{"type":"Feature","id":30660,"geometry":{"type":"Polygon","coordinates":[[[-106.22478646875651,31.780520255018143],[-106.22478673850181,31.780520257253755],[-106.2249655921181,31.780521701729356],[-106.22496553524202,31.780394578982818],[-106.2249095073893,31.780393293121271],[-106.22490867925075,31.780379948771579],[-106.2248361507196,31.780383233081412],[-106.22484026717089,31.78039547300342],[-106.22478534644883,31.780392349637236],[-106.22478412205473,31.780392280447106],[-106.22478646875651,31.780520255018143]]]},"properties":{"OBJECTID":30660,"Join_Count":1,"TARGET_FID":209556,"PIDN":"T28799925200020","STATE_CD":"B4","CombineADD":"14303 GIL REYES DR","Type":"Residential","State_Code":"B4","Living_Are":"971","Value":50175,"Value_Sq_F":51.673532440800003,"Descriptio":"MAIN AREA","Class_CD":"D07+","Class_Desc":"Multifamily; Good","Class_De_1":"Multifamily","Building_M":" ","Condition":"Good","Exterior_W":"STU","Year_Built":2012,"Sq_Footage":"971","BUILD_ID":29446566,"OCC_CLS":"Residential","PRIM_OCC":"Multi - Family Dwelling","SEC_OCC":" ","PROP_ADDR":"14301 GIL REYES DRIVE","PROP_CITY":"EL PASO","PROP_ST":"Texas","PROP_ZIP":"79938","OUTBLDG":" ","HEIGHT":6.69999981,"SQMETERS":222.983002,"SQFEET":2400.16992,"H_ADJ_ELEV":0,"L_ADJ_ELEV":0,"FIPS":"48141","CENSUSCODE":"48141010368","PROD_DATE":1414800000000,"SOURCE":"NGA","USNG":"13R CR 84025 16754","LONGITUDE":-106.224876213,"LATITUDE":31.780454286000001,"IMAGE_NAME":"Li270-El Paso","IMAGE_DATE":1414800000000,"VAL_METHOD":"Unverified","REMARKS":" ","UUID":"{1e6d8e0a-ee05-4a07-95a5-d4191fc9a4ac}","Shape_Leng":0.00058940226655099996,"Shape_Area":2.1231306538799999e-08,"HEIGHT_FT":21.981627374199999,"Shape_Length":215.43432850656441}},{"type":"Feature","id":30661,"geometry":{"type":"Polygon","coordinates":[[[-106.21998711333718,31.769585775004749],[-106.2200020500439,31.769586186491853],[-106.22000129624794,31.769509405543591],[-106.21998451413381,31.769510023154201],[-106.21998711333718,31.769585775004749]]]},"properties":{"OBJECTID":30661,"Join_Count":1,"TARGET_FID":210173,"PIDN":"T28799929107400","STATE_CD":"A1","CombineADD":"14356 SOUTH CAVE AVE","Type":"Residential","State_Code":"A1","Living_Are":"2248","Value":191392,"Value_Sq_F":85.138790035599996,"Descriptio":"MAIN AREA","Class_CD":"R3","Class_Desc":"Residential, Average Quality","Class_De_1":"Residential","Building_M":" ","Condition":"Average","Exterior_W":"STU","Year_Built":2012,"Sq_Footage":"2248","BUILD_ID":29414018,"OCC_CLS":"Residential","PRIM_OCC":"Single Family Dwelling","SEC_OCC":" ","PROP_ADDR":" ","PROP_CITY":" ","PROP_ST":"Texas","PROP_ZIP":" ","OUTBLDG":" ","HEIGHT":5.05000019,"SQMETERS":68.2994003,"SQFEET":735.16803,"H_ADJ_ELEV":0,"L_ADJ_ELEV":0,"FIPS":"48141","CENSUSCODE":"48141010368","PROD_DATE":1414800000000,"SOURCE":"NGA","USNG":"13R CR 84468 15539","LONGITUDE":-106.22005435299999,"LATITUDE":31.769540995900002,"IMAGE_NAME":"Li270-El Paso","IMAGE_DATE":1414800000000,"VAL_METHOD":"Unverified","REMARKS":" ","UUID":"{62e51307-74e3-48b7-b24f-97cbf64750e9}","Shape_Leng":0.00035067896764700001,"Shape_Area":6.5023617862200003e-09,"HEIGHT_FT":16.5682426258,"Shape_Length":65.36564787319567}},{"type":"Feature","id":30672,"geometry":{"type":"Polygon","coordinates":[[[-106.24420830131565,31.822470089107266],[-106.24436623533815,31.822471519426447],[-106.24436792112112,31.822335791109779],[-106.2442099883791,31.822334360744602],[-106.24420830131565,31.822470089107266]]]},"properties":{"OBJECTID":30672,"Join_Count":1,"TARGET_FID":212889,"PIDN":"T82099904700100","STATE_CD":"B2","CombineADD":"12949 EASTBROOK DR","Type":"Commercial","State_Code":"B2","Living_Are":"3744","Value":190612,"Value_Sq_F":50.9113247863,"Descriptio":"MAIN AREA","Class_CD":"QRDA","Class_Desc":"Apartments; Frame; Average","Class_De_1":"Apartments","Building_M":"Frame","Condition":"Average","Exterior_W":"892","Year_Built":2013,"Sq_Footage":"1872","BUILD_ID":29292882,"OCC_CLS":"Residential","PRIM_OCC":"Multi - Family Dwelling","SEC_OCC":" ","PROP_ADDR":"12949 EASTBROOK DRIVE","PROP_CITY":"EL PASO","PROP_ST":"Texas","PROP_ZIP":"79938","OUTBLDG":" ","HEIGHT":3.66000009,"SQMETERS":219.022003,"SQFEET":2357.53003,"H_ADJ_ELEV":0,"L_ADJ_ELEV":0,"FIPS":"48141","CENSUSCODE":"48141010358","PROD_DATE":1414800000000,"SOURCE":"NGA","USNG":"13R CR 82242 21424","LONGITUDE":-106.24426140200001,"LATITUDE":31.822397742300002,"IMAGE_NAME":"Li270-El Paso","IMAGE_DATE":1414800000000,"VAL_METHOD":"Unverified","REMARKS":" ","UUID":"{3e85a60d-6361-4b3a-a393-f3b7d32f8b88}","Shape_Leng":0.00058225587773300005,"Shape_Area":2.08633805784e-08,"HEIGHT_FT":12.007874681600001,"Shape_Length":196.87352934996647}},{"type":"Feature","id":30673,"geometry":{"type":"Polygon","coordinates":[[[-106.24420183684164,31.82228543149315],[-106.24436162259788,31.822289645168308],[-106.24436729277302,31.822132892449012],[-106.24420750728029,31.822128678780651],[-106.24420183684164,31.82228543149315]]]},"properties":{"OBJECTID":30673,"Join_Count":1,"TARGET_FID":212890,"PIDN":"T82099904700100","STATE_CD":"B2","CombineADD":"12949 EASTBROOK DR","Type":"Commercial","State_Code":"B2","Living_Are":"3744","Value":190612,"Value_Sq_F":50.9113247863,"Descriptio":"MAIN AREA","Class_CD":"QRDA","Class_Desc":"Apartments; Frame; Average","Class_De_1":"Apartments","Building_M":"Frame","Condition":"Average","Exterior_W":"892","Year_Built":2013,"Sq_Footage":"1872","BUILD_ID":29292778,"OCC_CLS":"Residential","PRIM_OCC":"Multi - Family Dwelling","SEC_OCC":" ","PROP_ADDR":"12949 EASTBROOK DRIVE","PROP_CITY":"EL PASO","PROP_ST":"Texas","PROP_ZIP":"79938","OUTBLDG":" ","HEIGHT":3.72000003,"SQMETERS":204.363007,"SQFEET":2199.73999,"H_ADJ_ELEV":0,"L_ADJ_ELEV":0,"FIPS":"48141","CENSUSCODE":"48141010358","PROD_DATE":1414800000000,"SOURCE":"NGA","USNG":"13R CR 82242 21405","LONGITUDE":-106.244264097,"LATITUDE":31.8222231783,"IMAGE_NAME":"Li270-El Paso","IMAGE_DATE":1414800000000,"VAL_METHOD":"Unverified","REMARKS":" ","UUID":"{3e3f26bb-0173-4c32-b466-b337cc84dbf4}","Shape_Leng":0.00056086872461099996,"Shape_Area":1.9466962061299999e-08,"HEIGHT_FT":12.2047248939,"Shape_Length":213.41171557024683}},{"type":"Feature","id":30674,"geometry":{"type":"Polygon","coordinates":[[[-106.24421291840011,31.822112881071995],[-106.24436406389876,31.822113185463742],[-106.24436436890218,31.822002717298979],[-106.24421322352326,31.822002412006988],[-106.24421291840011,31.822112881071995]]]},"properties":{"OBJECTID":30674,"Join_Count":1,"TARGET_FID":212891,"PIDN":"T82099904700100","STATE_CD":"B2","CombineADD":"12949 EASTBROOK DR","Type":"Commercial","State_Code":"B2","Living_Are":"3744","Value":190612,"Value_Sq_F":50.9113247863,"Descriptio":"MAIN AREA","Class_CD":"QRDA","Class_Desc":"Apartments; Frame; Average","Class_De_1":"Apartments","Building_M":"Frame","Condition":"Average","Exterior_W":"892","Year_Built":2013,"Sq_Footage":"1872","BUILD_ID":29292683,"OCC_CLS":"Residential","PRIM_OCC":"Multi - Family Dwelling","SEC_OCC":" ","PROP_ADDR":"12949 EASTBROOK DRIVE","PROP_CITY":"EL PASO","PROP_ST":"Texas","PROP_ZIP":"79938","OUTBLDG":" ","HEIGHT":5.8499999,"SQMETERS":194.354996,"SQFEET":2092.02002,"H_ADJ_ELEV":0,"L_ADJ_ELEV":0,"FIPS":"48141","CENSUSCODE":"48141010358","PROD_DATE":1414800000000,"SOURCE":"NGA","USNG":"13R CR 82242 21386","LONGITUDE":-106.244258993,"LATITUDE":31.822053326100001,"IMAGE_NAME":"Li270-El Paso","IMAGE_DATE":1414800000000,"VAL_METHOD":"Unverified","REMARKS":" ","UUID":"{baac1f63-494e-44cb-91e8-27451e562da4}","Shape_Leng":0.00055943103125599995,"Shape_Area":1.8513649443800001e-08,"HEIGHT_FT":19.192913687099999,"Shape_Length":174.26827251599755}},{"type":"Feature","id":30675,"geometry":{"type":"Polygon","coordinates":[[[-106.24422674245967,31.821957409913342],[-106.24435426742963,31.821955920394068],[-106.2443524241552,31.821840918504655],[-106.24422489939575,31.82184240892277],[-106.24422674245967,31.821957409913342]]]},"properties":{"OBJECTID":30675,"Join_Count":1,"TARGET_FID":212892,"PIDN":"T82099904700100","STATE_CD":"B2","CombineADD":"12949 EASTBROOK DR","Type":"Commercial","State_Code":"B2","Living_Are":"3744","Value":190612,"Value_Sq_F":50.9113247863,"Descriptio":"MAIN AREA","Class_CD":"QRDA","Class_Desc":"Apartments; Frame; Average","Class_De_1":"Apartments","Building_M":"Frame","Condition":"Average","Exterior_W":"892","Year_Built":2013,"Sq_Footage":"1872","BUILD_ID":29292608,"OCC_CLS":"Residential","PRIM_OCC":"Multi - Family Dwelling","SEC_OCC":" ","PROP_ADDR":"12949 EASTBROOK DRIVE","PROP_CITY":"EL PASO","PROP_ST":"Texas","PROP_ZIP":"79938","OUTBLDG":" ","HEIGHT":5.6500001,"SQMETERS":195.033005,"SQFEET":2099.31006,"H_ADJ_ELEV":0,"L_ADJ_ELEV":0,"FIPS":"48141","CENSUSCODE":"48141010358","PROD_DATE":1414800000000,"SOURCE":"NGA","USNG":"13R CR 82242 21368","LONGITUDE":-106.24425952599999,"LATITUDE":31.821892486199999,"IMAGE_NAME":"Li270-El Paso","IMAGE_DATE":1414800000000,"VAL_METHOD":"Unverified","REMARKS":" ","UUID":"{1a867ef6-daf0-43bb-bec5-7f37be02de78}","Shape_Leng":0.00055652503206300003,"Shape_Area":1.8578186144500002e-08,"HEIGHT_FT":18.5367463129,"Shape_Length":162.90761142770339}},{"type":"Feature","id":30676,"geometry":{"type":"Polygon","coordinates":[[[-106.2442219690315,31.821799916730914],[-106.24436791311756,31.821797589845346],[-106.24436535046898,31.821680379035303],[-106.24421940656299,31.821682705918139],[-106.2442219690315,31.821799916730914]]]},"properties":{"OBJECTID":30676,"Join_Count":1,"TARGET_FID":212893,"PIDN":"T82099904700100","STATE_CD":"B2","CombineADD":"12949 EASTBROOK DR","Type":"Commercial","State_Code":"B2","Living_Are":"3744","Value":190612,"Value_Sq_F":50.9113247863,"Descriptio":"MAIN AREA","Class_CD":"QRDA","Class_Desc":"Apartments; Frame; Average","Class_De_1":"Apartments","Building_M":"Frame","Condition":"Average","Exterior_W":"892","Year_Built":2013,"Sq_Footage":"1872","BUILD_ID":29292505,"OCC_CLS":"Residential","PRIM_OCC":"Multi - Family Dwelling","SEC_OCC":" ","PROP_ADDR":"12949 EASTBROOK DRIVE","PROP_CITY":"EL PASO","PROP_ST":"Texas","PROP_ZIP":"79938","OUTBLDG":" ","HEIGHT":5.88999987,"SQMETERS":190.729996,"SQFEET":2053,"H_ADJ_ELEV":0,"L_ADJ_ELEV":0,"FIPS":"48141","CENSUSCODE":"48141010358","PROD_DATE":1414800000000,"SOURCE":"NGA","USNG":"13R CR 82241 21351","LONGITUDE":-106.244263683,"LATITUDE":31.821736601000001,"IMAGE_NAME":"Li270-El Paso","IMAGE_DATE":1414800000000,"VAL_METHOD":"Unverified","REMARKS":" ","UUID":"{c2440093-c08c-49b2-af80-08b1efdeb06b}","Shape_Leng":0.00055541025913299999,"Shape_Area":1.8168311869099999e-08,"HEIGHT_FT":19.324147161999999,"Shape_Length":175.97293803455329}},{"type":"Feature","id":30677,"geometry":{"type":"Polygon","coordinates":[[[-106.24375548638719,31.822479181291424],[-106.24389825967053,31.822479866411204],[-106.24389906193787,31.822358047690226],[-106.24375628878154,31.822357361670669],[-106.24375548638719,31.822479181291424]]]},"properties":{"OBJECTID":30677,"Join_Count":1,"TARGET_FID":212894,"PIDN":"T82099904700100","STATE_CD":"B2","CombineADD":"12949 EASTBROOK DR","Type":"Commercial","State_Code":"B2","Living_Are":"3744","Value":190612,"Value_Sq_F":50.9113247863,"Descriptio":"MAIN AREA","Class_CD":"QRDA","Class_Desc":"Apartments; Frame; Average","Class_De_1":"Apartments","Building_M":"Frame","Condition":"Average","Exterior_W":"892","Year_Built":2013,"Sq_Footage":"1872","BUILD_ID":29292890,"OCC_CLS":"Residential","PRIM_OCC":"Multi - Family Dwelling","SEC_OCC":" ","PROP_ADDR":"12949 EASTBROOK DRIVE","PROP_CITY":"EL PASO","PROP_ST":"Texas","PROP_ZIP":"79938","OUTBLDG":" ","HEIGHT":6.01000023,"SQMETERS":186.309998,"SQFEET":2005.42004,"H_ADJ_ELEV":0,"L_ADJ_ELEV":0,"FIPS":"48141","CENSUSCODE":"48141010358","PROD_DATE":1414800000000,"SOURCE":"NGA","USNG":"13R CR 82286 21426","LONGITUDE":-106.243794675,"LATITUDE":31.8224187428,"IMAGE_NAME":"Li270-El Paso","IMAGE_DATE":1414800000000,"VAL_METHOD":"Unverified","REMARKS":" ","UUID":"{062cbd7b-9754-44fc-afbf-dec5ca987c06}","Shape_Leng":0.00054495933774999998,"Shape_Area":1.77473786347e-08,"HEIGHT_FT":19.717849150900001,"Shape_Length":177.32762885903747}},{"type":"Feature","id":30678,"geometry":{"type":"Polygon","coordinates":[[[-106.24375767864093,31.822325672591841],[-106.24389357689563,31.822323803335301],[-106.24389130043718,31.82220321358826],[-106.24375540346584,31.822205083695209],[-106.24375767864093,31.822325672591841]]]},"properties":{"OBJECTID":30678,"Join_Count":1,"TARGET_FID":212895,"PIDN":"T82099904700100","STATE_CD":"B2","CombineADD":"12949 EASTBROOK DR","Type":"Commercial","State_Code":"B2","Living_Are":"3744","Value":190612,"Value_Sq_F":50.9113247863,"Descriptio":"MAIN AREA","Class_CD":"QRDA","Class_Desc":"Apartments; Frame; Average","Class_De_1":"Apartments","Building_M":"Frame","Condition":"Average","Exterior_W":"892","Year_Built":2013,"Sq_Footage":"1872","BUILD_ID":29292798,"OCC_CLS":"Residential","PRIM_OCC":"Multi - Family Dwelling","SEC_OCC":" ","PROP_ADDR":"12949 EASTBROOK DRIVE","PROP_CITY":"EL PASO","PROP_ST":"Texas","PROP_ZIP":"79938","OUTBLDG":" ","HEIGHT":6.03000021,"SQMETERS":179.115997,"SQFEET":1927.98999,"H_ADJ_ELEV":0,"L_ADJ_ELEV":0,"FIPS":"48141","CENSUSCODE":"48141010358","PROD_DATE":1414800000000,"SOURCE":"NGA","USNG":"13R CR 82286 21409","LONGITUDE":-106.243793113,"LATITUDE":31.822266183499998,"IMAGE_NAME":"Li270-El Paso","IMAGE_DATE":1414800000000,"VAL_METHOD":"Unverified","REMARKS":" ","UUID":"{cd00eb9c-58df-4c16-b63b-391e84a5ce2c}","Shape_Leng":0.00053965722536299999,"Shape_Area":1.7062053127100001e-08,"HEIGHT_FT":19.7834658883,"Shape_Length":172.18127605522648}},{"type":"Feature","id":30679,"geometry":{"type":"Polygon","coordinates":[[[-106.24375625592374,31.822168027302368],[-106.24389541271483,31.822164575892909],[-106.24389132238875,31.82204432860652],[-106.24375216471891,31.822047780059712],[-106.24375625592374,31.822168027302368]]]},"properties":{"OBJECTID":30679,"Join_Count":1,"TARGET_FID":212896,"PIDN":"T82099904700100","STATE_CD":"B2","CombineADD":"12949 EASTBROOK DR","Type":"Commercial","State_Code":"B2","Living_Are":"3744","Value":190612,"Value_Sq_F":50.9113247863,"Descriptio":"MAIN AREA","Class_CD":"QRDA","Class_Desc":"Apartments; Frame; Average","Class_De_1":"Apartments","Building_M":"Frame","Condition":"Average","Exterior_W":"892","Year_Built":2013,"Sq_Footage":"1872","BUILD_ID":29292704,"OCC_CLS":"Residential","PRIM_OCC":"Multi - Family Dwelling","SEC_OCC":" ","PROP_ADDR":"12949 EASTBROOK DRIVE","PROP_CITY":"EL PASO","PROP_ST":"Texas","PROP_ZIP":"79938","OUTBLDG":" ","HEIGHT":5.6500001,"SQMETERS":194.244995,"SQFEET":2090.84009,"H_ADJ_ELEV":0,"L_ADJ_ELEV":0,"FIPS":"48141","CENSUSCODE":"48141010358","PROD_DATE":1414800000000,"SOURCE":"NGA","USNG":"13R CR 82286 21391","LONGITUDE":-106.243792903,"LATITUDE":31.822106607399999,"IMAGE_NAME":"Li270-El Paso","IMAGE_DATE":1414800000000,"VAL_METHOD":"Unverified","REMARKS":" ","UUID":"{b56ae3e8-a244-4041-9182-73cfea3690c6}","Shape_Leng":0.00055504945342199998,"Shape_Area":1.8503190701599999e-08,"HEIGHT_FT":18.5367463129,"Shape_Length":174.00848510852202}},{"type":"Feature","id":30680,"geometry":{"type":"Polygon","coordinates":[[[-106.24354511052934,31.822471529055221],[-106.24367774805535,31.822471241364397],[-106.24367735447814,31.822338896735033],[-106.2435447160822,31.822339184473371],[-106.24354511052934,31.822471529055221]]]},"properties":{"OBJECTID":30680,"Join_Count":1,"TARGET_FID":212897,"PIDN":"T82099904700100","STATE_CD":"B2","CombineADD":"12949 EASTBROOK DR","Type":"Commercial","State_Code":"B2","Living_Are":"3744","Value":190612,"Value_Sq_F":50.9113247863,"Descriptio":"MAIN AREA","Class_CD":"QRDA","Class_Desc":"Apartments; Frame; Average","Class_De_1":"Apartments","Building_M":"Frame","Condition":"Average","Exterior_W":"892","Year_Built":2013,"Sq_Footage":"1872","BUILD_ID":29292883,"OCC_CLS":"Residential","PRIM_OCC":"Multi - Family Dwelling","SEC_OCC":" ","PROP_ADDR":"12949 EASTBROOK DRIVE","PROP_CITY":"EL PASO","PROP_ST":"Texas","PROP_ZIP":"79938","OUTBLDG":" ","HEIGHT":6.07000017,"SQMETERS":178.759995,"SQFEET":1924.15002,"H_ADJ_ELEV":0,"L_ADJ_ELEV":0,"FIPS":"48141","CENSUSCODE":"48141010358","PROD_DATE":1414800000000,"SOURCE":"NGA","USNG":"13R CR 82306 21424","LONGITUDE":-106.243582852,"LATITUDE":31.822401022000001,"IMAGE_NAME":"Li270-El Paso","IMAGE_DATE":1414800000000,"VAL_METHOD":"Unverified","REMARKS":" ","UUID":"{7e696e3e-8a60-4ec9-b8d7-14374361f16b}","Shape_Leng":0.000523182823525,"Shape_Area":1.70281493718e-08,"HEIGHT_FT":19.9146993632,"Shape_Length":178.68723567325702}},{"type":"Feature","id":30681,"geometry":{"type":"Polygon","coordinates":[[[-106.24353873530845,31.822288300688857],[-106.24367472253466,31.822287860893077],[-106.24367416857874,31.822162960850349],[-106.24353818153133,31.822163400645511],[-106.24353873530845,31.822288300688857]]]},"properties":{"OBJECTID":30681,"Join_Count":1,"TARGET_FID":212898,"PIDN":"T82099904700100","STATE_CD":"B2","CombineADD":"12949 EASTBROOK DR","Type":"Commercial","State_Code":"B2","Living_Are":"3744","Value":190612,"Value_Sq_F":50.9113247863,"Descriptio":"MAIN AREA","Class_CD":"QRDA","Class_Desc":"Apartments; Frame; Average","Class_De_1":"Apartments","Building_M":"Frame","Condition":"Average","Exterior_W":"892","Year_Built":2013,"Sq_Footage":"1872","BUILD_ID":29292773,"OCC_CLS":"Residential","PRIM_OCC":"Multi - Family Dwelling","SEC_OCC":" ","PROP_ADDR":"12949 EASTBROOK DRIVE","PROP_CITY":"EL PASO","PROP_ST":"Texas","PROP_ZIP":"79938","OUTBLDG":" ","HEIGHT":5.94000006,"SQMETERS":186.360992,"SQFEET":2005.96997,"H_ADJ_ELEV":0,"L_ADJ_ELEV":0,"FIPS":"48141","CENSUSCODE":"48141010358","PROD_DATE":1414800000000,"SOURCE":"NGA","USNG":"13R CR 82306 21403","LONGITUDE":-106.24358195400001,"LATITUDE":31.8222162237,"IMAGE_NAME":"Li270-El Paso","IMAGE_DATE":1414800000000,"VAL_METHOD":"Unverified","REMARKS":" ","UUID":"{2bb10bee-654a-4779-83a6-e5df081d2a84}","Shape_Leng":0.00053582729212199999,"Shape_Area":1.7752154294300001e-08,"HEIGHT_FT":19.488189787700001,"Shape_Length":175.35218378825627}},{"type":"Feature","id":30682,"geometry":{"type":"Polygon","coordinates":[[[-106.2435454006168,31.822098746188946],[-106.24367636370232,31.822098534505706],[-106.24367608333985,31.821972270037492],[-106.24354512042846,31.821972481720454],[-106.2435454006168,31.822098746188946]]]},"properties":{"OBJECTID":30682,"Join_Count":1,"TARGET_FID":212899,"PIDN":"T82099904700100","STATE_CD":"B2","CombineADD":"12949 EASTBROOK DR","Type":"Commercial","State_Code":"B2","Living_Are":"3744","Value":190612,"Value_Sq_F":50.9113247863,"Descriptio":"MAIN AREA","Class_CD":"QRDA","Class_Desc":"Apartments; Frame; Average","Class_De_1":"Apartments","Building_M":"Frame","Condition":"Average","Exterior_W":"892","Year_Built":2013,"Sq_Footage":"1872","BUILD_ID":29292676,"OCC_CLS":"Residential","PRIM_OCC":"Multi - Family Dwelling","SEC_OCC":" ","PROP_ADDR":"12949 EASTBROOK DRIVE","PROP_CITY":"EL PASO","PROP_ST":"Texas","PROP_ZIP":"79938","OUTBLDG":" ","HEIGHT":6.05000019,"SQMETERS":179.216995,"SQFEET":1929.07996,"H_ADJ_ELEV":0,"L_ADJ_ELEV":0,"FIPS":"48141","CENSUSCODE":"48141010358","PROD_DATE":1414800000000,"SOURCE":"NGA","USNG":"13R CR 82306 21383","LONGITUDE":-106.24357841,"LATITUDE":31.822031307300001,"IMAGE_NAME":"Li270-El Paso","IMAGE_DATE":1414800000000,"VAL_METHOD":"Unverified","REMARKS":" ","UUID":"{a0204049-3ea9-4e5d-9d55-5822d5d73a8e}","Shape_Leng":0.00052386360150499995,"Shape_Area":1.70716604468e-08,"HEIGHT_FT":19.849082625800001,"Shape_Length":173.22303359163917}},{"type":"Feature","id":30683,"geometry":{"type":"Polygon","coordinates":[[[-106.24332132114345,31.822437244268791],[-106.24347061519373,31.822434767234981],[-106.24346736218089,31.822291849402703],[-106.24331806835515,31.822294326432928],[-106.24332132114345,31.822437244268791]]]},"properties":{"OBJECTID":30683,"Join_Count":1,"TARGET_FID":212900,"PIDN":"T82099904700100","STATE_CD":"B2","CombineADD":"12949 EASTBROOK DR","Type":"Commercial","State_Code":"B2","Living_Are":"3744","Value":190612,"Value_Sq_F":50.9113247863,"Descriptio":"MAIN AREA","Class_CD":"QRDA","Class_Desc":"Apartments; Frame; Average","Class_De_1":"Apartments","Building_M":"Frame","Condition":"Average","Exterior_W":"892","Year_Built":2013,"Sq_Footage":"1872","BUILD_ID":29292858,"OCC_CLS":"Residential","PRIM_OCC":"Multi - Family Dwelling","SEC_OCC":" ","PROP_ADDR":"12949 EASTBROOK DRIVE","PROP_CITY":"EL PASO","PROP_ST":"Texas","PROP_ZIP":"79938","OUTBLDG":" ","HEIGHT":3.80999994,"SQMETERS":202.181,"SQFEET":2176.25,"H_ADJ_ELEV":0,"L_ADJ_ELEV":0,"FIPS":"48141","CENSUSCODE":"48141010358","PROD_DATE":1414800000000,"SOURCE":"NGA","USNG":"13R CR 82326 21419","LONGITUDE":-106.243374493,"LATITUDE":31.8223662905,"IMAGE_NAME":"Li270-El Paso","IMAGE_DATE":1414800000000,"VAL_METHOD":"Unverified","REMARKS":" ","UUID":"{13d2e5b9-e3bf-4d19-9c96-c344bdb339eb}","Shape_Leng":0.00056104385750399999,"Shape_Area":1.9259149296899999e-08,"HEIGHT_FT":12.5000002123,"Shape_Length":196.76354395535495}},{"type":"Feature","id":30684,"geometry":{"type":"Polygon","coordinates":[[[-106.2433168884923,31.822258229337198],[-106.24346450833848,31.82225582831343],[-106.24346150135253,31.822121106084303],[-106.24331388282656,31.822123507957478],[-106.2433168884923,31.822258229337198]]]},"properties":{"OBJECTID":30684,"Join_Count":1,"TARGET_FID":212901,"PIDN":"T82099904700100","STATE_CD":"B2","CombineADD":"12949 EASTBROOK DR","Type":"Commercial","State_Code":"B2","Living_Are":"3744","Value":190612,"Value_Sq_F":50.9113247863,"Descriptio":"MAIN AREA","Class_CD":"QRDA","Class_Desc":"Apartments; Frame; Average","Class_De_1":"Apartments","Building_M":"Frame","Condition":"Average","Exterior_W":"892","Year_Built":2013,"Sq_Footage":"1872","BUILD_ID":29292759,"OCC_CLS":"Residential","PRIM_OCC":"Multi - Family Dwelling","SEC_OCC":" ","PROP_ADDR":"12949 EASTBROOK DRIVE","PROP_CITY":"EL PASO","PROP_ST":"Texas","PROP_ZIP":"79938","OUTBLDG":" ","HEIGHT":3.72000003,"SQMETERS":217.628998,"SQFEET":2342.54004,"H_ADJ_ELEV":0,"L_ADJ_ELEV":0,"FIPS":"48141","CENSUSCODE":"48141010358","PROD_DATE":1414800000000,"SOURCE":"NGA","USNG":"13R CR 82326 21399","LONGITUDE":-106.243369668,"LATITUDE":31.8221840593,"IMAGE_NAME":"Li270-El Paso","IMAGE_DATE":1414800000000,"VAL_METHOD":"Unverified","REMARKS":" ","UUID":"{2aa20fcd-f6ef-45d4-8fbf-d0ed3589fa08}","Shape_Leng":0.00057829338536200003,"Shape_Area":2.07306821402e-08,"HEIGHT_FT":12.2047248939,"Shape_Length":189.75742831759482}},{"type":"Feature","id":30685,"geometry":{"type":"Polygon","coordinates":[[[-106.24332576242077,31.822077176941857],[-106.24346686223177,31.822077938489894],[-106.24346766555094,31.821969408452109],[-106.2433265669559,31.821968646856917],[-106.24332576242077,31.822077176941857]]]},"properties":{"OBJECTID":30685,"Join_Count":1,"TARGET_FID":212902,"PIDN":"T82099904700100","STATE_CD":"B2","CombineADD":"12949 EASTBROOK DR","Type":"Commercial","State_Code":"B2","Living_Are":"3744","Value":190612,"Value_Sq_F":50.9113247863,"Descriptio":"MAIN AREA","Class_CD":"QRDA","Class_Desc":"Apartments; Frame; Average","Class_De_1":"Apartments","Building_M":"Frame","Condition":"Average","Exterior_W":"892","Year_Built":2013,"Sq_Footage":"1872","BUILD_ID":29292672,"OCC_CLS":"Residential","PRIM_OCC":"Multi - Family Dwelling","SEC_OCC":" ","PROP_ADDR":"12949 EASTBROOK DRIVE","PROP_CITY":"EL PASO","PROP_ST":"Texas","PROP_ZIP":"79938","OUTBLDG":" ","HEIGHT":5.98999977,"SQMETERS":186.503006,"SQFEET":2007.5,"H_ADJ_ELEV":0,"L_ADJ_ELEV":0,"FIPS":"48141","CENSUSCODE":"48141010358","PROD_DATE":1414800000000,"SOURCE":"NGA","USNG":"13R CR 82326 21381","LONGITUDE":-106.243369993,"LATITUDE":31.822016510400001,"IMAGE_NAME":"Li270-El Paso","IMAGE_DATE":1414800000000,"VAL_METHOD":"Unverified","REMARKS":" ","UUID":"{13f3c20d-190c-4ce7-8887-e94ae7e5dbfc}","Shape_Leng":0.00054623632914000005,"Shape_Area":1.7765708620499999e-08,"HEIGHT_FT":19.6522308491,"Shape_Length":166.6198223612187}},{"type":"Feature","id":30686,"geometry":{"type":"Polygon","coordinates":[[[-106.24287510290422,31.822147818942859],[-106.24301946164856,31.822146999747204],[-106.24301795633254,31.821953666370579],[-106.24287359788202,31.821954485564657],[-106.24287510290422,31.822147818942859]]]},"properties":{"OBJECTID":30686,"Join_Count":1,"TARGET_FID":212903,"PIDN":"T82099904700100","STATE_CD":"B2","CombineADD":"12949 EASTBROOK DR","Type":"Commercial","State_Code":"B2","Living_Are":"3744","Value":190612,"Value_Sq_F":50.9113247863,"Descriptio":"MAIN AREA","Class_CD":"QRDA","Class_Desc":"Apartments; Frame; Average","Class_De_1":"Apartments","Building_M":"Frame","Condition":"Average","Exterior_W":"892","Year_Built":2013,"Sq_Footage":"1872","BUILD_ID":29292688,"OCC_CLS":"Residential","PRIM_OCC":"Multi - Family Dwelling","SEC_OCC":" ","PROP_ADDR":" ","PROP_CITY":" ","PROP_ST":"Texas","PROP_ZIP":" ","OUTBLDG":" ","HEIGHT":4.13999987,"SQMETERS":276.813995,"SQFEET":2979.59009,"H_ADJ_ELEV":0,"L_ADJ_ELEV":0,"FIPS":"48141","CENSUSCODE":"48141010358","PROD_DATE":1414800000000,"SOURCE":"NGA","USNG":"13R CR 82368 21384","LONGITUDE":-106.242929214,"LATITUDE":31.822049738600001,"IMAGE_NAME":"Li270-El Paso","IMAGE_DATE":1414800000000,"VAL_METHOD":"Unverified","REMARKS":" ","UUID":"{5991fcc5-2c62-49e1-8cb3-550ec86384c2}","Shape_Leng":0.00065015631209699998,"Shape_Area":2.63683855846e-08,"HEIGHT_FT":13.582677162,"Shape_Length":230.34671254209752}},{"type":"Feature","id":30687,"geometry":{"type":"Polygon","coordinates":[[[-106.24286825818135,31.822334514038083],[-106.24303280069914,31.822334211754363],[-106.24303245808301,31.822198085225381],[-106.2428679158011,31.822198387508664],[-106.24286825818135,31.822334514038083]]]},"properties":{"OBJECTID":30687,"Join_Count":1,"TARGET_FID":212904,"PIDN":"T82099904700100","STATE_CD":"B2","CombineADD":"12949 EASTBROOK DR","Type":"Commercial","State_Code":"B2","Living_Are":"3744","Value":190612,"Value_Sq_F":50.9113247863,"Descriptio":"MAIN AREA","Class_CD":"QRDA","Class_Desc":"Apartments; Frame; Average","Class_De_1":"Apartments","Building_M":"Frame","Condition":"Average","Exterior_W":"892","Year_Built":2013,"Sq_Footage":"1872","BUILD_ID":29292792,"OCC_CLS":"Residential","PRIM_OCC":"Multi - Family Dwelling","SEC_OCC":" ","PROP_ADDR":" ","PROP_CITY":" ","PROP_ST":"Texas","PROP_ZIP":" ","OUTBLDG":" ","HEIGHT":5.94000006,"SQMETERS":246.847,"SQFEET":2657.04004,"H_ADJ_ELEV":0,"L_ADJ_ELEV":0,"FIPS":"48141","CENSUSCODE":"48141010358","PROD_DATE":1414800000000,"SOURCE":"NGA","USNG":"13R CR 82369 21407","LONGITUDE":-106.242916514,"LATITUDE":31.8222588675,"IMAGE_NAME":"Li270-El Paso","IMAGE_DATE":1414800000000,"VAL_METHOD":"Unverified","REMARKS":" ","UUID":"{433bb539-5dbe-4a14-b54d-fa67cf66e050}","Shape_Leng":0.00062182394078099995,"Shape_Area":2.3513942386700001e-08,"HEIGHT_FT":19.488189787700001,"Shape_Length":201.25839002877791}},{"type":"Feature","id":30688,"geometry":{"type":"Polygon","coordinates":[[[-106.24422221946305,31.821642195397946],[-106.24436164366894,31.821643032039884],[-106.24436261111211,31.821525589564363],[-106.24422318702246,31.821524752022817],[-106.24422221946305,31.821642195397946]]]},"properties":{"OBJECTID":30688,"Join_Count":1,"TARGET_FID":212905,"PIDN":"T82099904700100","STATE_CD":"B2","CombineADD":"12949 EASTBROOK DR","Type":"Commercial","State_Code":"B2","Living_Are":"3744","Value":190612,"Value_Sq_F":50.9113247863,"Descriptio":"MAIN AREA","Class_CD":"QRDA","Class_Desc":"Apartments; Frame; Average","Class_De_1":"Apartments","Building_M":"Frame","Condition":"Average","Exterior_W":"892","Year_Built":2013,"Sq_Footage":"1872","BUILD_ID":29292459,"OCC_CLS":"Residential","PRIM_OCC":"Multi - Family Dwelling","SEC_OCC":" ","PROP_ADDR":"12949 EASTBROOK DRIVE","PROP_CITY":"EL PASO","PROP_ST":"Texas","PROP_ZIP":"79938","OUTBLDG":" ","HEIGHT":5.78000021,"SQMETERS":200.779007,"SQFEET":2161.16992,"H_ADJ_ELEV":0,"L_ADJ_ELEV":0,"FIPS":"48141","CENSUSCODE":"48141010358","PROD_DATE":1414800000000,"SOURCE":"NGA","USNG":"13R CR 82241 21334","LONGITUDE":-106.24426138,"LATITUDE":31.821582481299998,"IMAGE_NAME":"Li270-El Paso","IMAGE_DATE":1414800000000,"VAL_METHOD":"Unverified","REMARKS":" ","UUID":"{690f0e5e-cd7e-43c6-9cac-514d25a61fa5}","Shape_Leng":0.00056830326783900004,"Shape_Area":1.9125516036900001e-08,"HEIGHT_FT":18.963255888300001,"Shape_Length":172.06529316423007}},{"type":"Feature","id":30689,"geometry":{"type":"Polygon","coordinates":[[[-106.24421612831799,31.821490496040884],[-106.24437370342285,31.821486207667977],[-106.24436873943381,31.821353217939393],[-106.24421116349457,31.821357506354421],[-106.24421612831799,31.821490496040884]]]},"properties":{"OBJECTID":30689,"Join_Count":1,"TARGET_FID":212906,"PIDN":"T82099904700100","STATE_CD":"B2","CombineADD":"12949 EASTBROOK DR","Type":"Commercial","State_Code":"B2","Living_Are":"3744","Value":190612,"Value_Sq_F":50.9113247863,"Descriptio":"MAIN AREA","Class_CD":"QRDA","Class_Desc":"Apartments; Frame; Average","Class_De_1":"Apartments","Building_M":"Frame","Condition":"Average","Exterior_W":"892","Year_Built":2013,"Sq_Footage":"1872","BUILD_ID":29292338,"OCC_CLS":"Residential","PRIM_OCC":"Multi - Family Dwelling","SEC_OCC":" ","PROP_ADDR":"12949 EASTBROOK DRIVE","PROP_CITY":"EL PASO","PROP_ST":"Texas","PROP_ZIP":"79938","OUTBLDG":" ","HEIGHT":6.01999998,"SQMETERS":243.367004,"SQFEET":2619.58008,"H_ADJ_ELEV":0,"L_ADJ_ELEV":0,"FIPS":"48141","CENSUSCODE":"48141010358","PROD_DATE":1414800000000,"SOURCE":"NGA","USNG":"13R CR 82241 21315","LONGITUDE":-106.244258922,"LATITUDE":31.8214160104,"IMAGE_NAME":"Li270-El Paso","IMAGE_DATE":1414800000000,"VAL_METHOD":"Unverified","REMARKS":" ","UUID":"{ad14e2b8-7887-43b4-9a31-9810435ae63e}","Shape_Leng":0.00061872629460099995,"Shape_Area":2.3182186353299998e-08,"HEIGHT_FT":19.7506567374,"Shape_Length":194.74741802099456}},{"type":"Feature","id":30690,"geometry":{"type":"Polygon","coordinates":[[[-106.24375896348506,31.821999424574269],[-106.24386266641312,31.822001884696224],[-106.24386762554086,31.821946700142909],[-106.24375166039849,31.821949576217129],[-106.24375896348506,31.821999424574269]]]},"properties":{"OBJECTID":30690,"Join_Count":1,"TARGET_FID":212907,"PIDN":"T82099904700100","STATE_CD":"B2","CombineADD":"12949 EASTBROOK DR","Type":"Commercial","State_Code":"B2","Living_Are":"3744","Value":190612,"Value_Sq_F":50.9113247863,"Descriptio":"MAIN AREA","Class_CD":"QRDA","Class_Desc":"Apartments; Frame; Average","Class_De_1":"Apartments","Building_M":"Frame","Condition":"Average","Exterior_W":"892","Year_Built":2013,"Sq_Footage":"1872","BUILD_ID":29292626,"OCC_CLS":"Residential","PRIM_OCC":"Multi - Family Dwelling","SEC_OCC":" ","PROP_ADDR":"12949 EASTBROOK DRIVE","PROP_CITY":"EL PASO","PROP_ST":"Texas","PROP_ZIP":"79938","OUTBLDG":" ","HEIGHT":2.31999993,"SQMETERS":49.5026016,"SQFEET":532.841003,"H_ADJ_ELEV":0,"L_ADJ_ELEV":0,"FIPS":"48141","CENSUSCODE":"48141010358","PROD_DATE":1414800000000,"SOURCE":"NGA","USNG":"13R CR 82286 21377","LONGITUDE":-106.243793282,"LATITUDE":31.821977393800001,"IMAGE_NAME":"Li270-El Paso","IMAGE_DATE":1414800000000,"VAL_METHOD":"Unverified","REMARKS":" ","UUID":"{be42acdf-8e7a-4b43-a0fc-f7af473a4143}","Shape_Leng":0.00030525853559499997,"Shape_Area":4.7154559142900001e-09,"HEIGHT_FT":7.6115485809800001,"Shape_Length":106.66819399381799}},{"type":"Feature","id":30691,"geometry":{"type":"Polygon","coordinates":[[[-106.24369678528956,31.821585272397968],[-106.24382700026106,31.821586527776237],[-106.24382308172493,31.82154608360425],[-106.24387779800435,31.821548377495301],[-106.24387738232392,31.821474320335703],[-106.24390705681847,31.821478947082511],[-106.24390808170944,31.821360617850093],[-106.2438310403959,31.82135933682514],[-106.24382963045768,31.821336700549523],[-106.24368817902041,31.821334759659734],[-106.24369516972526,31.821357143429342],[-106.24364501090793,31.821360615859493],[-106.24364094138501,31.821542406625845],[-106.24369308938768,31.821548401754601],[-106.24369678528956,31.821585272397968]]]},"properties":{"OBJECTID":30691,"Join_Count":1,"TARGET_FID":212908,"PIDN":"T82099904700100","STATE_CD":"B2","CombineADD":"12949 EASTBROOK DR","Type":"Commercial","State_Code":"B2","Living_Are":"3744","Value":190612,"Value_Sq_F":50.9113247863,"Descriptio":"MAIN AREA","Class_CD":"QRDA","Class_Desc":"Apartments; Frame; Average","Class_De_1":"Apartments","Building_M":"Frame","Condition":"Average","Exterior_W":"892","Year_Built":2013,"Sq_Footage":"1872","BUILD_ID":29292398,"OCC_CLS":"Residential","PRIM_OCC":"Multi - Family Dwelling","SEC_OCC":" ","PROP_ADDR":"12949 EASTBROOK DRIVE","PROP_CITY":"EL PASO","PROP_ST":"Texas","PROP_ZIP":"79938","OUTBLDG":" ","HEIGHT":4.32000017,"SQMETERS":518.916016,"SQFEET":5585.56006,"H_ADJ_ELEV":0,"L_ADJ_ELEV":0,"FIPS":"48141","CENSUSCODE":"48141010358","PROD_DATE":1414800000000,"SOURCE":"NGA","USNG":"13R CR 82289 21318","LONGITUDE":-106.243753345,"LATITUDE":31.821451098099999,"IMAGE_NAME":"Li270-El Paso","IMAGE_DATE":1414800000000,"VAL_METHOD":"Unverified","REMARKS":" ","UUID":"{37a0ddf3-1453-4509-a364-2a17d2f0676f}","Shape_Leng":0.000978581019137,"Shape_Area":4.9430014516099998e-08,"HEIGHT_FT":14.173229363200001,"Shape_Length":347.71814448600048}},{"type":"Feature","id":30692,"geometry":{"type":"Polygon","coordinates":[[[-106.24264370987193,31.822329136669641],[-106.24281680218579,31.822331313956646],[-106.24281901880111,31.822202868009022],[-106.24264592672134,31.822200690724827],[-106.24264370987193,31.822329136669641]]]},"properties":{"OBJECTID":30692,"Join_Count":1,"TARGET_FID":212909,"PIDN":"T82099904700100","STATE_CD":"B2","CombineADD":"12949 EASTBROOK DR","Type":"Commercial","State_Code":"B2","Living_Are":"3744","Value":190612,"Value_Sq_F":50.9113247863,"Descriptio":"MAIN AREA","Class_CD":"QRDA","Class_Desc":"Apartments; Frame; Average","Class_De_1":"Apartments","Building_M":"Frame","Condition":"Average","Exterior_W":"892","Year_Built":2013,"Sq_Footage":"1872","BUILD_ID":29292785,"OCC_CLS":"Residential","PRIM_OCC":"Multi - Family Dwelling","SEC_OCC":" ","PROP_ADDR":" ","PROP_CITY":" ","PROP_ST":"Texas","PROP_ZIP":" ","OUTBLDG":" ","HEIGHT":6.07999992,"SQMETERS":225.242996,"SQFEET":2424.48999,"H_ADJ_ELEV":0,"L_ADJ_ELEV":0,"FIPS":"48141","CENSUSCODE":"48141010358","PROD_DATE":1414800000000,"SOURCE":"NGA","USNG":"13R CR 82390 21406","LONGITUDE":-106.24269868,"LATITUDE":31.8222561993,"IMAGE_NAME":"Li270-El Paso","IMAGE_DATE":1414800000000,"VAL_METHOD":"Unverified","REMARKS":" ","UUID":"{62c13e24-7ad5-4062-9ade-3d760dc7a322}","Shape_Leng":0.00059646935105500004,"Shape_Area":2.14559855119e-08,"HEIGHT_FT":19.947506949699999,"Shape_Length":201.00284244918188}},{"type":"Feature","id":30693,"geometry":{"type":"Polygon","coordinates":[[[-106.24263566247791,31.822145984243033],[-106.2427832811121,31.82214358403888],[-106.24277909615535,31.821955978092472],[-106.24263147786873,31.821958379192637],[-106.24263566247791,31.822145984243033]]]},"properties":{"OBJECTID":30693,"Join_Count":1,"TARGET_FID":212910,"PIDN":"T82099904700100","STATE_CD":"B2","CombineADD":"12949 EASTBROOK DR","Type":"Commercial","State_Code":"B2","Living_Are":"3744","Value":190612,"Value_Sq_F":50.9113247863,"Descriptio":"MAIN AREA","Class_CD":"QRDA","Class_Desc":"Apartments; Frame; Average","Class_De_1":"Apartments","Building_M":"Frame","Condition":"Average","Exterior_W":"892","Year_Built":2013,"Sq_Footage":"1872","BUILD_ID":29292686,"OCC_CLS":"Residential","PRIM_OCC":"Multi - Family Dwelling","SEC_OCC":" ","PROP_ADDR":" ","PROP_CITY":" ","PROP_ST":"Texas","PROP_ZIP":" ","OUTBLDG":" ","HEIGHT":4.03999996,"SQMETERS":282.466003,"SQFEET":3040.43994,"H_ADJ_ELEV":0,"L_ADJ_ELEV":0,"FIPS":"48141","CENSUSCODE":"48141010358","PROD_DATE":1414800000000,"SOURCE":"NGA","USNG":"13R CR 82391 21383","LONGITUDE":-106.242684727,"LATITUDE":31.822048442100002,"IMAGE_NAME":"Li270-El Paso","IMAGE_DATE":1414800000000,"VAL_METHOD":"Unverified","REMARKS":" ","UUID":"{fb8cc4e9-601a-45e0-b7ec-22712b39b306}","Shape_Leng":0.00065704197056899998,"Shape_Area":2.69068527725e-08,"HEIGHT_FT":13.2545934748,"Shape_Length":228.24065857674262}},{"type":"Feature","id":30694,"geometry":{"type":"Polygon","coordinates":[[[-106.24218109825365,31.822315728563449],[-106.24233057014365,31.822316111302833],[-106.24233122459313,31.822129802064264],[-106.2421817529402,31.822129418425014],[-106.24218109825365,31.822315728563449]]]},"properties":{"OBJECTID":30694,"Join_Count":1,"TARGET_FID":212911,"PIDN":"T82099904700100","STATE_CD":"B2","CombineADD":"12949 EASTBROOK DR","Type":"Commercial","State_Code":"B2","Living_Are":"3744","Value":190612,"Value_Sq_F":50.9113247863,"Descriptio":"MAIN AREA","Class_CD":"QRDA","Class_Desc":"Apartments; Frame; Average","Class_De_1":"Apartments","Building_M":"Frame","Condition":"Average","Exterior_W":"892","Year_Built":2013,"Sq_Footage":"1872","BUILD_ID":29292776,"OCC_CLS":"Residential","PRIM_OCC":"Multi - Family Dwelling","SEC_OCC":" ","PROP_ADDR":" ","PROP_CITY":" ","PROP_ST":"Texas","PROP_ZIP":" ","OUTBLDG":" ","HEIGHT":4.0999999,"SQMETERS":277.553009,"SQFEET":2987.55005,"H_ADJ_ELEV":0,"L_ADJ_ELEV":0,"FIPS":"48141","CENSUSCODE":"48141010358","PROD_DATE":1414800000000,"SOURCE":"NGA","USNG":"13R CR 82434 21402","LONGITUDE":-106.24223336,"LATITUDE":31.8222203075,"IMAGE_NAME":"Li270-El Paso","IMAGE_DATE":1414800000000,"VAL_METHOD":"Unverified","REMARKS":" ","UUID":"{3623204d-fc7b-45b7-998a-2e1397ea277d}","Shape_Leng":0.00065084729214599996,"Shape_Area":2.6438844158799999e-08,"HEIGHT_FT":13.451443687099999,"Shape_Length":228.40865801869782}},{"type":"Feature","id":30695,"geometry":{"type":"Polygon","coordinates":[[[-106.24218051671839,31.822090659649316],[-106.24232646130116,31.822088335050729],[-106.24232241603123,31.821903195566549],[-106.24217647273151,31.821905519212287],[-106.24218051671839,31.822090659649316]]]},"properties":{"OBJECTID":30695,"Join_Count":1,"TARGET_FID":212912,"PIDN":"T82099904700100","STATE_CD":"B2","CombineADD":"12949 EASTBROOK DR","Type":"Commercial","State_Code":"B2","Living_Are":"3744","Value":190612,"Value_Sq_F":50.9113247863,"Descriptio":"MAIN AREA","Class_CD":"QRDA","Class_Desc":"Apartments; Frame; Average","Class_De_1":"Apartments","Building_M":"Frame","Condition":"Average","Exterior_W":"892","Year_Built":2013,"Sq_Footage":"1872","BUILD_ID":29292670,"OCC_CLS":"Residential","PRIM_OCC":"Multi - Family Dwelling","SEC_OCC":" ","PROP_ADDR":" ","PROP_CITY":" ","PROP_ST":"Texas","PROP_ZIP":" ","OUTBLDG":" ","HEIGHT":4.19000006,"SQMETERS":255.940994,"SQFEET":2754.91992,"H_ADJ_ELEV":0,"L_ADJ_ELEV":0,"FIPS":"48141","CENSUSCODE":"48141010358","PROD_DATE":1414800000000,"SOURCE":"NGA","USNG":"13R CR 82434 21377","LONGITUDE":-106.24223497200001,"LATITUDE":31.8219939608,"IMAGE_NAME":"Li270-El Paso","IMAGE_DATE":1414800000000,"VAL_METHOD":"Unverified","REMARKS":" ","UUID":"{6bbe4dc6-3d30-40fe-ad0b-d7da2a40921f}","Shape_Leng":0.00062550464030099997,"Shape_Area":2.4380109617199999e-08,"HEIGHT_FT":13.7467197877,"Shape_Length":225.40442864342589}},{"type":"Feature","id":30696,"geometry":{"type":"Polygon","coordinates":[[[-106.24263340277966,31.82170748597915],[-106.24280132276314,31.821707508361971],[-106.24280134785354,31.821572915800701],[-106.24263342810799,31.821572893417866],[-106.24263340277966,31.82170748597915]]]},"properties":{"OBJECTID":30696,"Join_Count":1,"TARGET_FID":212913,"PIDN":"T82099904700100","STATE_CD":"B2","CombineADD":"12949 EASTBROOK DR","Type":"Commercial","State_Code":"B2","Living_Are":"3744","Value":190612,"Value_Sq_F":50.9113247863,"Descriptio":"MAIN AREA","Class_CD":"QRDA","Class_Desc":"Apartments; Frame; Average","Class_De_1":"Apartments","Building_M":"Frame","Condition":"Average","Exterior_W":"892","Year_Built":2013,"Sq_Footage":"1872","BUILD_ID":29292476,"OCC_CLS":"Residential","PRIM_OCC":"Multi - Family Dwelling","SEC_OCC":" ","PROP_ADDR":" ","PROP_CITY":" ","PROP_ST":"Texas","PROP_ZIP":" ","OUTBLDG":" ","HEIGHT":3.72000003,"SQMETERS":209.660004,"SQFEET":2256.76001,"H_ADJ_ELEV":0,"L_ADJ_ELEV":0,"FIPS":"48141","CENSUSCODE":"48141010358","PROD_DATE":1414800000000,"SOURCE":"NGA","USNG":"13R CR 82390 21338","LONGITUDE":-106.24269441,"LATITUDE":31.8216349347,"IMAGE_NAME":"Li270-El Paso","IMAGE_DATE":1414800000000,"VAL_METHOD":"Unverified","REMARKS":" ","UUID":"{c59dfe64-9545-41a6-adf2-cefb1c55611e}","Shape_Leng":0.00057076169435499996,"Shape_Area":1.9971451492099999e-08,"HEIGHT_FT":12.2047248939,"Shape_Length":202.2406544630179}},{"type":"Feature","id":30697,"geometry":{"type":"Polygon","coordinates":[[[-106.24263774196568,31.82150752287421],[-106.24279661223453,31.821506045065743],[-106.2427947971304,31.821363762760491],[-106.24263592709951,31.821365240566809],[-106.24263774196568,31.82150752287421]]]},"properties":{"OBJECTID":30697,"Join_Count":1,"TARGET_FID":212914,"PIDN":"T82099904700100","STATE_CD":"B2","CombineADD":"12949 EASTBROOK DR","Type":"Commercial","State_Code":"B2","Living_Are":"3744","Value":190612,"Value_Sq_F":50.9113247863,"Descriptio":"MAIN AREA","Class_CD":"QRDA","Class_Desc":"Apartments; Frame; Average","Class_De_1":"Apartments","Building_M":"Frame","Condition":"Average","Exterior_W":"892","Year_Built":2013,"Sq_Footage":"1872","BUILD_ID":29292339,"OCC_CLS":"Residential","PRIM_OCC":"Multi - Family Dwelling","SEC_OCC":" ","PROP_ADDR":" ","PROP_CITY":" ","PROP_ST":"Texas","PROP_ZIP":" ","OUTBLDG":" ","HEIGHT":3.6500001,"SQMETERS":218.369003,"SQFEET":2350.5,"H_ADJ_ELEV":0,"L_ADJ_ELEV":0,"FIPS":"48141","CENSUSCODE":"48141010358","PROD_DATE":1414800000000,"SOURCE":"NGA","USNG":"13R CR 82389 21316","LONGITUDE":-106.242694578,"LATITUDE":31.821436474599999,"IMAGE_NAME":"Li270-El Paso","IMAGE_DATE":1414800000000,"VAL_METHOD":"Unverified","REMARKS":" ","UUID":"{b1956ba7-7b29-4742-8fa7-fd3750625f8a}","Shape_Leng":0.00058413080001100003,"Shape_Area":2.0800980243399999e-08,"HEIGHT_FT":11.975066312899999,"Shape_Length":202.22581979133236}},{"type":"Feature","id":30698,"geometry":{"type":"Polygon","coordinates":[[[-106.24216754922617,31.82163423716073],[-106.24232672096743,31.821636340724151],[-106.24233001939172,31.82145435663282],[-106.24217084901011,31.82145225302537],[-106.24216754922617,31.82163423716073]]]},"properties":{"OBJECTID":30698,"Join_Count":1,"TARGET_FID":212915,"PIDN":"T82099904700100","STATE_CD":"B2","CombineADD":"12949 EASTBROOK DR","Type":"Commercial","State_Code":"B2","Living_Are":"3744","Value":190612,"Value_Sq_F":50.9113247863,"Descriptio":"MAIN AREA","Class_CD":"QRDA","Class_Desc":"Apartments; Frame; Average","Class_De_1":"Apartments","Building_M":"Frame","Condition":"Average","Exterior_W":"892","Year_Built":2013,"Sq_Footage":"1872","BUILD_ID":29292442,"OCC_CLS":"Residential","PRIM_OCC":"Multi - Family Dwelling","SEC_OCC":" ","PROP_ADDR":" ","PROP_CITY":" ","PROP_ST":"Texas","PROP_ZIP":" ","OUTBLDG":" ","HEIGHT":4.01000023,"SQMETERS":286.949005,"SQFEET":3088.68994,"H_ADJ_ELEV":0,"L_ADJ_ELEV":0,"FIPS":"48141","CENSUSCODE":"48141010358","PROD_DATE":1414800000000,"SOURCE":"NGA","USNG":"13R CR 82433 21327","LONGITUDE":-106.242233926,"LATITUDE":31.821539183999999,"IMAGE_NAME":"Li270-El Paso","IMAGE_DATE":1414800000000,"VAL_METHOD":"Unverified","REMARKS":" ","UUID":"{29073f43-4310-4445-8728-4797d3db208d}","Shape_Leng":0.00066250659502999998,"Shape_Area":2.7333686062299999e-08,"HEIGHT_FT":13.1561691509,"Shape_Length":231.31419754146199}},{"type":"Feature","id":30699,"geometry":{"type":"Polygon","coordinates":[[[-106.24218416172305,31.821414371815077],[-106.24233416049771,31.821414252809632],[-106.24233396178411,31.821231144106939],[-106.24218396329861,31.821231263112185],[-106.24218416172305,31.821414371815077]]]},"properties":{"OBJECTID":30699,"Join_Count":1,"TARGET_FID":212916,"PIDN":"T82099904700100","STATE_CD":"B2","CombineADD":"12949 EASTBROOK DR","Type":"Commercial","State_Code":"B2","Living_Are":"3744","Value":190612,"Value_Sq_F":50.9113247863,"Descriptio":"MAIN AREA","Class_CD":"QRDA","Class_Desc":"Apartments; Frame; Average","Class_De_1":"Apartments","Building_M":"Frame","Condition":"Average","Exterior_W":"892","Year_Built":2013,"Sq_Footage":"1872","BUILD_ID":29292316,"OCC_CLS":"Residential","PRIM_OCC":"Multi - Family Dwelling","SEC_OCC":" ","PROP_ADDR":" ","PROP_CITY":" ","PROP_ST":"Texas","PROP_ZIP":" ","OUTBLDG":" ","HEIGHT":4.05999994,"SQMETERS":279.122986,"SQFEET":3004.44995,"H_ADJ_ELEV":0,"L_ADJ_ELEV":0,"FIPS":"48141","CENSUSCODE":"48141010358","PROD_DATE":1414800000000,"SOURCE":"NGA","USNG":"13R CR 82433 21302","LONGITUDE":-106.242232922,"LATITUDE":31.8213184331,"IMAGE_NAME":"Li270-El Paso","IMAGE_DATE":1414800000000,"VAL_METHOD":"Unverified","REMARKS":" ","UUID":"{3d59344e-b3d6-4ec4-a068-21e550797af9}","Shape_Leng":0.00065296589478699995,"Shape_Area":2.6588156039000001e-08,"HEIGHT_FT":13.320210212299999,"Shape_Length":226.40691206331181}},{"type":"Feature","id":30700,"geometry":{"type":"Polygon","coordinates":[[[-106.24263033192769,31.821301941008358],[-106.24279666433107,31.821309144012339],[-106.24280386896508,31.821187843839727],[-106.24263753577486,31.821180641793081],[-106.24263033192769,31.821301941008358]]]},"properties":{"OBJECTID":30700,"Join_Count":1,"TARGET_FID":212917,"PIDN":"T82099904700100","STATE_CD":"B2","CombineADD":"12949 EASTBROOK DR","Type":"Commercial","State_Code":"B2","Living_Are":"3744","Value":190612,"Value_Sq_F":50.9113247863,"Descriptio":"MAIN AREA","Class_CD":"QRDA","Class_Desc":"Apartments; Frame; Average","Class_De_1":"Apartments","Building_M":"Frame","Condition":"Average","Exterior_W":"892","Year_Built":2013,"Sq_Footage":"1872","BUILD_ID":29292302,"OCC_CLS":"Residential","PRIM_OCC":"Multi - Family Dwelling","SEC_OCC":" ","PROP_ADDR":" ","PROP_CITY":" ","PROP_ST":"Texas","PROP_ZIP":" ","OUTBLDG":" ","HEIGHT":3.73000002,"SQMETERS":202.384003,"SQFEET":2178.44995,"H_ADJ_ELEV":0,"L_ADJ_ELEV":0,"FIPS":"48141","CENSUSCODE":"48141010358","PROD_DATE":1414800000000,"SOURCE":"NGA","USNG":"13R CR 82389 21294","LONGITUDE":-106.242695614,"LATITUDE":31.821237713399999,"IMAGE_NAME":"Li270-El Paso","IMAGE_DATE":1414800000000,"VAL_METHOD":"Unverified","REMARKS":" ","UUID":"{3ace3eb1-fc98-48f0-b284-79c517b33e26}","Shape_Leng":0.00055941462172299995,"Shape_Area":1.9278329871399999e-08,"HEIGHT_FT":12.2375332626,"Shape_Length":191.82985724180637}},{"type":"Feature","id":30701,"geometry":{"type":"Polygon","coordinates":[[[-106.2421789786968,31.821205282240289],[-106.24232692232381,31.821208124878623],[-106.24233177245988,31.821024051805729],[-106.24218382917559,31.821021210073297],[-106.2421789786968,31.821205282240289]]]},"properties":{"OBJECTID":30701,"Join_Count":1,"TARGET_FID":212918,"PIDN":"T82099904700100","STATE_CD":"B2","CombineADD":"12949 EASTBROOK DR","Type":"Commercial","State_Code":"B2","Living_Are":"3744","Value":190612,"Value_Sq_F":50.9113247863,"Descriptio":"MAIN AREA","Class_CD":"QRDA","Class_Desc":"Apartments; Frame; Average","Class_De_1":"Apartments","Building_M":"Frame","Condition":"Average","Exterior_W":"892","Year_Built":2013,"Sq_Footage":"1872","BUILD_ID":29292244,"OCC_CLS":"Residential","PRIM_OCC":"Multi - Family Dwelling","SEC_OCC":" ","PROP_ADDR":" ","PROP_CITY":" ","PROP_ST":"Texas","PROP_ZIP":" ","OUTBLDG":" ","HEIGHT":4.09000015,"SQMETERS":279.441986,"SQFEET":3007.88989,"H_ADJ_ELEV":0,"L_ADJ_ELEV":0,"FIPS":"48141","CENSUSCODE":"48141010358","PROD_DATE":1414800000000,"SOURCE":"NGA","USNG":"13R CR 82432 21279","LONGITUDE":-106.242235408,"LATITUDE":31.821111367099999,"IMAGE_NAME":"Li270-El Paso","IMAGE_DATE":1414800000000,"VAL_METHOD":"Unverified","REMARKS":" ","UUID":"{ddd9b7a9-1330-4d24-89fd-22e1cf923aa4}","Shape_Leng":0.00065295185852899998,"Shape_Area":2.6618513060499999e-08,"HEIGHT_FT":13.418636100600001,"Shape_Length":225.88875468195133}},{"type":"Feature","id":30702,"geometry":{"type":"Polygon","coordinates":[[[-106.24217714355288,31.820996041570773],[-106.24232943397934,31.820996774928076],[-106.24233062499296,31.820816245676554],[-106.24217833591068,31.820815512272727],[-106.24217714355288,31.820996041570773]]]},"properties":{"OBJECTID":30702,"Join_Count":1,"TARGET_FID":212919,"PIDN":"T82099904700100","STATE_CD":"B2","CombineADD":"12949 EASTBROOK DR","Type":"Commercial","State_Code":"B2","Living_Are":"3744","Value":190612,"Value_Sq_F":50.9113247863,"Descriptio":"MAIN AREA","Class_CD":"QRDA","Class_Desc":"Apartments; Frame; Average","Class_De_1":"Apartments","Building_M":"Frame","Condition":"Average","Exterior_W":"892","Year_Built":2013,"Sq_Footage":"1872","BUILD_ID":29292131,"OCC_CLS":"Residential","PRIM_OCC":"Multi - Family Dwelling","SEC_OCC":" ","PROP_ADDR":" ","PROP_CITY":" ","PROP_ST":"Texas","PROP_ZIP":" ","OUTBLDG":" ","HEIGHT":4.13999987,"SQMETERS":253.649994,"SQFEET":2730.27002,"H_ADJ_ELEV":0,"L_ADJ_ELEV":0,"FIPS":"48141","CENSUSCODE":"48141010358","PROD_DATE":1414800000000,"SOURCE":"NGA","USNG":"13R CR 82432 21256","LONGITUDE":-106.242238144,"LATITUDE":31.820902648400001,"IMAGE_NAME":"Li270-El Paso","IMAGE_DATE":1414800000000,"VAL_METHOD":"Unverified","REMARKS":" ","UUID":"{1dfc13de-1d7b-4f8c-aed4-73a1f2293d9e}","Shape_Leng":0.000623027615309,"Shape_Area":2.4161616608500001e-08,"HEIGHT_FT":13.582677162,"Shape_Length":225.95738036766096}},{"type":"Feature","id":30703,"geometry":{"type":"Polygon","coordinates":[[[-106.24287727457526,31.821309307192674],[-106.24302304479494,31.821313203240852],[-106.24302715679187,31.821201031453416],[-106.2428813867442,31.82119713540969],[-106.24287727457526,31.821309307192674]]]},"properties":{"OBJECTID":30703,"Join_Count":1,"TARGET_FID":212920,"PIDN":"T82099904700100","STATE_CD":"B2","CombineADD":"12949 EASTBROOK DR","Type":"Commercial","State_Code":"B2","Living_Are":"3744","Value":190612,"Value_Sq_F":50.9113247863,"Descriptio":"MAIN AREA","Class_CD":"QRDA","Class_Desc":"Apartments; Frame; Average","Class_De_1":"Apartments","Building_M":"Frame","Condition":"Average","Exterior_W":"892","Year_Built":2013,"Sq_Footage":"1872","BUILD_ID":29292305,"OCC_CLS":"Residential","PRIM_OCC":"Multi - Family Dwelling","SEC_OCC":" ","PROP_ADDR":" ","PROP_CITY":" ","PROP_ST":"Texas","PROP_ZIP":" ","OUTBLDG":" ","HEIGHT":5.55000019,"SQMETERS":200.255005,"SQFEET":2155.53003,"H_ADJ_ELEV":0,"L_ADJ_ELEV":0,"FIPS":"48141","CENSUSCODE":"48141010358","PROD_DATE":1414800000000,"SOURCE":"NGA","USNG":"13R CR 82368 21295","LONGITUDE":-106.24291720799999,"LATITUDE":31.821249977600001,"IMAGE_NAME":"Li270-El Paso","IMAGE_DATE":1414800000000,"VAL_METHOD":"Unverified","REMARKS":" ","UUID":"{af6416b6-37ef-4192-97ba-1bd725a2d7aa}","Shape_Leng":0.00056458152186799997,"Shape_Area":1.9075530469400001e-08,"HEIGHT_FT":18.208662625799999,"Shape_Length":172.25279510403246}},{"type":"Feature","id":30704,"geometry":{"type":"Polygon","coordinates":[[[-106.24287670805066,31.821156401508759],[-106.24302006703334,31.821157539570503],[-106.24302133160481,31.821041444690632],[-106.24287797179872,31.821040307578613],[-106.24287670805066,31.821156401508759]]]},"properties":{"OBJECTID":30704,"Join_Count":1,"TARGET_FID":212921,"PIDN":"T82099904700100","STATE_CD":"B2","CombineADD":"12949 EASTBROOK DR","Type":"Commercial","State_Code":"B2","Living_Are":"3744","Value":190612,"Value_Sq_F":50.9113247863,"Descriptio":"MAIN AREA","Class_CD":"QRDA","Class_Desc":"Apartments; Frame; Average","Class_De_1":"Apartments","Building_M":"Frame","Condition":"Average","Exterior_W":"892","Year_Built":2013,"Sq_Footage":"1872","BUILD_ID":29292211,"OCC_CLS":"Residential","PRIM_OCC":"Multi - Family Dwelling","SEC_OCC":" ","PROP_ADDR":" ","PROP_CITY":" ","PROP_ST":"Texas","PROP_ZIP":" ","OUTBLDG":" ","HEIGHT":5.78999996,"SQMETERS":187.671005,"SQFEET":2020.06995,"H_ADJ_ELEV":0,"L_ADJ_ELEV":0,"FIPS":"48141","CENSUSCODE":"48141010358","PROD_DATE":1414800000000,"SOURCE":"NGA","USNG":"13R CR 82367 21278","LONGITUDE":-106.242925216,"LATITUDE":31.821091121599999,"IMAGE_NAME":"Li270-El Paso","IMAGE_DATE":1414800000000,"VAL_METHOD":"Unverified","REMARKS":" ","UUID":"{cde07584-2c03-43ae-80c7-9fe25c1751d1}","Shape_Leng":0.00055501632422099996,"Shape_Area":1.78767672674e-08,"HEIGHT_FT":18.9960634748,"Shape_Length":173.53248406274929}},{"type":"Feature","id":30705,"geometry":{"type":"Polygon","coordinates":[[[-106.24265652620315,31.82110809332562],[-106.24280064696121,31.821103461232706],[-106.24279563983526,31.820989870107208],[-106.24265151919319,31.820994501294237],[-106.24265652620315,31.82110809332562]]]},"properties":{"OBJECTID":30705,"Join_Count":1,"TARGET_FID":212922,"PIDN":"T82099904700100","STATE_CD":"B2","CombineADD":"12949 EASTBROOK DR","Type":"Commercial","State_Code":"B2","Living_Are":"3744","Value":190612,"Value_Sq_F":50.9113247863,"Descriptio":"MAIN AREA","Class_CD":"QRDA","Class_Desc":"Apartments; Frame; Average","Class_De_1":"Apartments","Building_M":"Frame","Condition":"Average","Exterior_W":"892","Year_Built":2013,"Sq_Footage":"1872","BUILD_ID":29292177,"OCC_CLS":"Residential","PRIM_OCC":"Multi - Family Dwelling","SEC_OCC":" ","PROP_ADDR":" ","PROP_CITY":" ","PROP_ST":"Texas","PROP_ZIP":" ","OUTBLDG":" ","HEIGHT":5.86000013,"SQMETERS":185.673996,"SQFEET":1998.56995,"H_ADJ_ELEV":0,"L_ADJ_ELEV":0,"FIPS":"48141","CENSUSCODE":"48141010358","PROD_DATE":1414800000000,"SOURCE":"NGA","USNG":"13R CR 82389 21272","LONGITUDE":-106.242696348,"LATITUDE":31.821045545800001,"IMAGE_NAME":"Li270-El Paso","IMAGE_DATE":1414800000000,"VAL_METHOD":"Unverified","REMARKS":" ","UUID":"{86554416-1857-4b70-bf12-4231407f7ec3}","Shape_Leng":0.000543573306585,"Shape_Area":1.7686482533e-08,"HEIGHT_FT":19.225722837999999,"Shape_Length":172.29890196222036}},{"type":"Feature","id":30706,"geometry":{"type":"Polygon","coordinates":[[[-106.24287405303845,31.820993398760098],[-106.2430179688553,31.820998012985722],[-106.24302306593472,31.820882127021374],[-106.24287915029322,31.82087751280125],[-106.24287405303845,31.820993398760098]]]},"properties":{"OBJECTID":30706,"Join_Count":1,"TARGET_FID":212923,"PIDN":"T82099904700100","STATE_CD":"B2","CombineADD":"12949 EASTBROOK DR","Type":"Commercial","State_Code":"B2","Living_Are":"3744","Value":190612,"Value_Sq_F":50.9113247863,"Descriptio":"MAIN AREA","Class_CD":"QRDA","Class_Desc":"Apartments; Frame; Average","Class_De_1":"Apartments","Building_M":"Frame","Condition":"Average","Exterior_W":"892","Year_Built":2013,"Sq_Footage":"1872","BUILD_ID":29292133,"OCC_CLS":"Residential","PRIM_OCC":"Multi - Family Dwelling","SEC_OCC":" ","PROP_ADDR":" ","PROP_CITY":" ","PROP_ST":"Texas","PROP_ZIP":" ","OUTBLDG":" ","HEIGHT":5.86999989,"SQMETERS":198.156006,"SQFEET":2132.93994,"H_ADJ_ELEV":0,"L_ADJ_ELEV":0,"FIPS":"48141","CENSUSCODE":"48141010358","PROD_DATE":1414800000000,"SOURCE":"NGA","USNG":"13R CR 82367 21260","LONGITUDE":-106.242921297,"LATITUDE":31.820934237500001,"IMAGE_NAME":"Li270-El Paso","IMAGE_DATE":1414800000000,"VAL_METHOD":"Unverified","REMARKS":" ","UUID":"{56f9a5d0-b817-4e05-9fe2-b47e7d6cc5e7}","Shape_Leng":0.000561636493387,"Shape_Area":1.8875522916999999e-08,"HEIGHT_FT":19.258530424500002,"Shape_Length":173.84153239804988}},{"type":"Feature","id":30707,"geometry":{"type":"Polygon","coordinates":[[[-106.24263185334091,31.820927607539861],[-106.24278966604395,31.820927133225172],[-106.24278889516464,31.820740099209157],[-106.24263108382711,31.820740573475081],[-106.24263185334091,31.820927607539861]]]},"properties":{"OBJECTID":30707,"Join_Count":1,"TARGET_FID":212924,"PIDN":"T82099904700100","STATE_CD":"B2","CombineADD":"12949 EASTBROOK DR","Type":"Commercial","State_Code":"B2","Living_Are":"3744","Value":190612,"Value_Sq_F":50.9113247863,"Descriptio":"MAIN AREA","Class_CD":"QRDA","Class_Desc":"Apartments; Frame; Average","Class_De_1":"Apartments","Building_M":"Frame","Condition":"Average","Exterior_W":"892","Year_Built":2013,"Sq_Footage":"1872","BUILD_ID":29292114,"OCC_CLS":"Residential","PRIM_OCC":"Multi - Family Dwelling","SEC_OCC":" ","PROP_ADDR":" ","PROP_CITY":" ","PROP_ST":"Texas","PROP_ZIP":" ","OUTBLDG":" ","HEIGHT":4.17999983,"SQMETERS":272.950989,"SQFEET":2938.01001,"H_ADJ_ELEV":0,"L_ADJ_ELEV":0,"FIPS":"48141","CENSUSCODE":"48141010358","PROD_DATE":1414800000000,"SOURCE":"NGA","USNG":"13R CR 82389 21248","LONGITUDE":-106.24269174600001,"LATITUDE":31.820829954099999,"IMAGE_NAME":"Li270-El Paso","IMAGE_DATE":1414800000000,"VAL_METHOD":"Unverified","REMARKS":" ","UUID":"{3216119a-a85b-4977-9f61-03fb5004c332}","Shape_Leng":0.00064646989613199998,"Shape_Area":2.6000084862499999e-08,"HEIGHT_FT":13.7139106368,"Shape_Length":234.11854690540906}},{"type":"Feature","id":30708,"geometry":{"type":"Polygon","coordinates":[[[-106.24287492106366,31.820840106410042],[-106.24302262667176,31.820839135167315],[-106.24302161131826,31.820726497126785],[-106.24287390483056,31.82072746841629],[-106.24287492106366,31.820840106410042]]]},"properties":{"OBJECTID":30708,"Join_Count":1,"TARGET_FID":212925,"PIDN":"T82099904700100","STATE_CD":"B2","CombineADD":"12949 EASTBROOK DR","Type":"Commercial","State_Code":"B2","Living_Are":"3744","Value":190612,"Value_Sq_F":50.9113247863,"Descriptio":"MAIN AREA","Class_CD":"QRDA","Class_Desc":"Apartments; Frame; Average","Class_De_1":"Apartments","Building_M":"Frame","Condition":"Average","Exterior_W":"892","Year_Built":2013,"Sq_Footage":"1872","BUILD_ID":29292086,"OCC_CLS":"Residential","PRIM_OCC":"Multi - Family Dwelling","SEC_OCC":" ","PROP_ADDR":" ","PROP_CITY":" ","PROP_ST":"Texas","PROP_ZIP":" ","OUTBLDG":" ","HEIGHT":5.5999999,"SQMETERS":205.210007,"SQFEET":2208.86011,"H_ADJ_ELEV":0,"L_ADJ_ELEV":0,"FIPS":"48141","CENSUSCODE":"48141010358","PROD_DATE":1414800000000,"SOURCE":"NGA","USNG":"13R CR 82367 21243","LONGITUDE":-106.24292036,"LATITUDE":31.820779050799999,"IMAGE_NAME":"Li270-El Paso","IMAGE_DATE":1414800000000,"VAL_METHOD":"Unverified","REMARKS":" ","UUID":"{b0d4ada7-bb6e-4e85-a9ca-8e976ddd5a26}","Shape_Leng":0.00057230106487299998,"Shape_Area":1.9547385894000001e-08,"HEIGHT_FT":18.3727036871,"Shape_Length":173.71591078983147}},{"type":"Feature","id":30709,"geometry":{"type":"Polygon","coordinates":[[[-106.24287764405368,31.820686095831118],[-106.24301871112614,31.820686382402144],[-106.24301903265585,31.820570804462353],[-106.24287796475637,31.820570518840164],[-106.24287764405368,31.820686095831118]]]},"properties":{"OBJECTID":30709,"Join_Count":1,"TARGET_FID":212926,"PIDN":"T82099904700100","STATE_CD":"B2","CombineADD":"12949 EASTBROOK DR","Type":"Commercial","State_Code":"B2","Living_Are":"3744","Value":190612,"Value_Sq_F":50.9113247863,"Descriptio":"MAIN AREA","Class_CD":"QRDA","Class_Desc":"Apartments; Frame; Average","Class_De_1":"Apartments","Building_M":"Frame","Condition":"Average","Exterior_W":"892","Year_Built":2013,"Sq_Footage":"1872","BUILD_ID":29291953,"OCC_CLS":"Residential","PRIM_OCC":"Multi - Family Dwelling","SEC_OCC":" ","PROP_ADDR":" ","PROP_CITY":" ","PROP_ST":"Texas","PROP_ZIP":" ","OUTBLDG":" ","HEIGHT":5.84000015,"SQMETERS":188.328995,"SQFEET":2027.16003,"H_ADJ_ELEV":0,"L_ADJ_ELEV":0,"FIPS":"48141","CENSUSCODE":"48141010358","PROD_DATE":1414800000000,"SOURCE":"NGA","USNG":"13R CR 82367 21226","LONGITUDE":-106.24291754399999,"LATITUDE":31.8206225106,"IMAGE_NAME":"Li270-El Paso","IMAGE_DATE":1414800000000,"VAL_METHOD":"Unverified","REMARKS":" ","UUID":"{a46e7885-c016-4a3f-98d1-de2e27d250b8}","Shape_Leng":0.00055147197541900001,"Shape_Area":1.7939368314700001e-08,"HEIGHT_FT":19.1601061006,"Shape_Length":171.72599267165452}},{"type":"Feature","id":30710,"geometry":{"type":"Polygon","coordinates":[[[-106.24263639553878,31.820676976518733],[-106.2427886854572,31.820677709339275],[-106.24278986456986,31.820498973283367],[-106.24263757599277,31.82049824041626],[-106.24263639553878,31.820676976518733]]]},"properties":{"OBJECTID":30710,"Join_Count":1,"TARGET_FID":212927,"PIDN":"T82099904700100","STATE_CD":"B2","CombineADD":"12949 EASTBROOK DR","Type":"Commercial","State_Code":"B2","Living_Are":"3744","Value":190612,"Value_Sq_F":50.9113247863,"Descriptio":"MAIN AREA","Class_CD":"QRDA","Class_Desc":"Apartments; Frame; Average","Class_De_1":"Apartments","Building_M":"Frame","Condition":"Average","Exterior_W":"892","Year_Built":2013,"Sq_Footage":"1872","BUILD_ID":29291952,"OCC_CLS":"Residential","PRIM_OCC":"Multi - Family Dwelling","SEC_OCC":" ","PROP_ADDR":" ","PROP_CITY":" ","PROP_ST":"Texas","PROP_ZIP":" ","OUTBLDG":" ","HEIGHT":4.17000008,"SQMETERS":260.96701,"SQFEET":2809.02002,"H_ADJ_ELEV":0,"L_ADJ_ELEV":0,"FIPS":"48141","CENSUSCODE":"48141010358","PROD_DATE":1414800000000,"SOURCE":"NGA","USNG":"13R CR 82388 21221","LONGITUDE":-106.242692711,"LATITUDE":31.820585099199999,"IMAGE_NAME":"Li270-El Paso","IMAGE_DATE":1414800000000,"VAL_METHOD":"Unverified","REMARKS":" ","UUID":"{eaa59748-4a14-4d27-a740-7bc53070f368}","Shape_Leng":0.00063261450068900001,"Shape_Area":2.4858484009699998e-08,"HEIGHT_FT":13.681103050300001,"Shape_Length":224.65266748984368}},{"type":"Feature","id":30711,"geometry":{"type":"Polygon","coordinates":[[[-106.24216636710067,31.820769045652867],[-106.24232653012737,31.820770377127587],[-106.24232802079506,31.820639639422687],[-106.24216785798876,31.820638307949775],[-106.24216636710067,31.820769045652867]]]},"properties":{"OBJECTID":30711,"Join_Count":1,"TARGET_FID":212928,"PIDN":"T82099904700100","STATE_CD":"B2","CombineADD":"12949 EASTBROOK DR","Type":"Commercial","State_Code":"B2","Living_Are":"3744","Value":190612,"Value_Sq_F":50.9113247863,"Descriptio":"MAIN AREA","Class_CD":"QRDA","Class_Desc":"Apartments; Frame; Average","Class_De_1":"Apartments","Building_M":"Frame","Condition":"Average","Exterior_W":"892","Year_Built":2013,"Sq_Footage":"1872","BUILD_ID":29291995,"OCC_CLS":"Residential","PRIM_OCC":"Multi - Family Dwelling","SEC_OCC":" ","PROP_ADDR":" ","PROP_CITY":" ","PROP_ST":"Texas","PROP_ZIP":" ","OUTBLDG":" ","HEIGHT":3.72000003,"SQMETERS":199.841995,"SQFEET":2151.08008,"H_ADJ_ELEV":0,"L_ADJ_ELEV":0,"FIPS":"48141","CENSUSCODE":"48141010358","PROD_DATE":1414800000000,"SOURCE":"NGA","USNG":"13R CR 82432 21234","LONGITUDE":-106.242233871,"LATITUDE":31.820700644399999,"IMAGE_NAME":"Li270-El Paso","IMAGE_DATE":1414800000000,"VAL_METHOD":"Unverified","REMARKS":" ","UUID":"{24dc047d-ae04-4aa0-91e0-92b44b712353}","Shape_Leng":0.000555698585971,"Shape_Area":1.9036057929200001e-08,"HEIGHT_FT":12.2047248939,"Shape_Length":194.6273722903212}},{"type":"Feature","id":30712,"geometry":{"type":"Polygon","coordinates":[[[-106.24216742946575,31.820588347935203],[-106.24233341027713,31.820593238251071],[-106.24233891965946,31.820456935413265],[-106.24217293803126,31.820452045152024],[-106.24216742946575,31.820588347935203]]]},"properties":{"OBJECTID":30712,"Join_Count":1,"TARGET_FID":212929,"PIDN":"T82099904700100","STATE_CD":"B2","CombineADD":"12949 EASTBROOK DR","Type":"Commercial","State_Code":"B2","Living_Are":"3744","Value":190612,"Value_Sq_F":50.9113247863,"Descriptio":"MAIN AREA","Class_CD":"QRDA","Class_Desc":"Apartments; Frame; Average","Class_De_1":"Apartments","Building_M":"Frame","Condition":"Average","Exterior_W":"892","Year_Built":2013,"Sq_Footage":"1872","BUILD_ID":29291913,"OCC_CLS":"Residential","PRIM_OCC":"Multi - Family Dwelling","SEC_OCC":" ","PROP_ADDR":" ","PROP_CITY":" ","PROP_ST":"Texas","PROP_ZIP":" ","OUTBLDG":" ","HEIGHT":3.6099999,"SQMETERS":213.363007,"SQFEET":2296.62012,"H_ADJ_ELEV":0,"L_ADJ_ELEV":0,"FIPS":"48141","CENSUSCODE":"48141010358","PROD_DATE":1414800000000,"SOURCE":"NGA","USNG":"13R CR 82432 21214","LONGITUDE":-106.24222729500001,"LATITUDE":31.820520564799999,"IMAGE_NAME":"Li270-El Paso","IMAGE_DATE":1414800000000,"VAL_METHOD":"Unverified","REMARKS":" ","UUID":"{6f69b712-2c2a-44e1-b909-8e919df57150}","Shape_Leng":0.00057643674123900002,"Shape_Area":2.0323955102000001e-08,"HEIGHT_FT":11.8438320558,"Shape_Length":202.40222515475546}},{"type":"Feature","id":30713,"geometry":{"type":"Polygon","coordinates":[[[-106.24216420399951,31.820410711405273],[-106.24232883118681,31.820411840193412],[-106.24233006990801,31.820280199031313],[-106.24216544189414,31.820279070292557],[-106.24216420399951,31.820410711405273]]]},"properties":{"OBJECTID":30713,"Join_Count":1,"TARGET_FID":212930,"PIDN":"T82099904700100","STATE_CD":"B2","CombineADD":"12949 EASTBROOK DR","Type":"Commercial","State_Code":"B2","Living_Are":"3744","Value":190612,"Value_Sq_F":50.9113247863,"Descriptio":"MAIN AREA","Class_CD":"QRDA","Class_Desc":"Apartments; Frame; Average","Class_De_1":"Apartments","Building_M":"Frame","Condition":"Average","Exterior_W":"892","Year_Built":2013,"Sq_Footage":"1872","BUILD_ID":29291857,"OCC_CLS":"Residential","PRIM_OCC":"Multi - Family Dwelling","SEC_OCC":" ","PROP_ADDR":" ","PROP_CITY":" ","PROP_ST":"Texas","PROP_ZIP":" ","OUTBLDG":" ","HEIGHT":3.70000005,"SQMETERS":205.742004,"SQFEET":2214.59009,"H_ADJ_ELEV":0,"L_ADJ_ELEV":0,"FIPS":"48141","CENSUSCODE":"48141010358","PROD_DATE":1414800000000,"SOURCE":"NGA","USNG":"13R CR 82432 21194","LONGITUDE":-106.242230628,"LATITUDE":31.820339697800001,"IMAGE_NAME":"Li270-El Paso","IMAGE_DATE":1414800000000,"VAL_METHOD":"Unverified","REMARKS":" ","UUID":"{a0bd5337-edbb-47fd-aa84-d97ce93cd7ea}","Shape_Leng":0.00056405510332999999,"Shape_Area":1.9597993677699999e-08,"HEIGHT_FT":12.139108156400001,"Shape_Length":198.05579523399905}},{"type":"Feature","id":30714,"geometry":{"type":"Polygon","coordinates":[[[-106.24412257009809,31.821111063006146],[-106.2442770925373,31.821111691834645],[-106.24427788761979,31.820969439909618],[-106.24412336430119,31.820968810229335],[-106.24412257009809,31.821111063006146]]]},"properties":{"OBJECTID":30714,"Join_Count":1,"TARGET_FID":212931,"PIDN":"T82099904700100","STATE_CD":"B2","CombineADD":"12949 EASTBROOK DR","Type":"Commercial","State_Code":"B2","Living_Are":"3744","Value":190612,"Value_Sq_F":50.9113247863,"Descriptio":"MAIN AREA","Class_CD":"QRDA","Class_Desc":"Apartments; Frame; Average","Class_De_1":"Apartments","Building_M":"Frame","Condition":"Average","Exterior_W":"892","Year_Built":2013,"Sq_Footage":"1872","BUILD_ID":29292184,"OCC_CLS":"Residential","PRIM_OCC":"Multi - Family Dwelling","SEC_OCC":" ","PROP_ADDR":" ","PROP_CITY":" ","PROP_ST":"Texas","PROP_ZIP":" ","OUTBLDG":" ","HEIGHT":3.76999998,"SQMETERS":209.363007,"SQFEET":2253.56006,"H_ADJ_ELEV":0,"L_ADJ_ELEV":0,"FIPS":"48141","CENSUSCODE":"48141010358","PROD_DATE":1414800000000,"SOURCE":"NGA","USNG":"13R CR 82248 21273","LONGITUDE":-106.244187094,"LATITUDE":31.821035006300001,"IMAGE_NAME":"Li270-El Paso","IMAGE_DATE":1414800000000,"VAL_METHOD":"Unverified","REMARKS":" ","UUID":"{f6b81ba8-8067-4663-9678-b06a911ad74b}","Shape_Leng":0.00056526318161199995,"Shape_Area":1.9943027345499998e-08,"HEIGHT_FT":12.3687667374,"Shape_Length":199.49406411001735}},{"type":"Feature","id":30715,"geometry":{"type":"Polygon","coordinates":[[[-106.24397418807496,31.820975383904699],[-106.24392618712203,31.820977563616839],[-106.24393236137077,31.82107668862805],[-106.24397266742183,31.821076769374901],[-106.24397492342777,31.821112988317726],[-106.24404865768236,31.821110595549339],[-106.24404570027816,31.821081099786198],[-106.24408018709157,31.821077621782532],[-106.24408188573724,31.8209790956776],[-106.24405280257321,31.820979459943239],[-106.24404849283736,31.820946202617215],[-106.2439722882804,31.820944883693212],[-106.24397418807496,31.820975383904699]]]},"properties":{"OBJECTID":30715,"Join_Count":1,"TARGET_FID":212932,"PIDN":"T82099904700100","STATE_CD":"B2","CombineADD":"12949 EASTBROOK DR","Type":"Commercial","State_Code":"B2","Living_Are":"3744","Value":190612,"Value_Sq_F":50.9113247863,"Descriptio":"MAIN AREA","Class_CD":"QRDA","Class_Desc":"Apartments; Frame; Average","Class_De_1":"Apartments","Building_M":"Frame","Condition":"Average","Exterior_W":"892","Year_Built":2013,"Sq_Footage":"1872","BUILD_ID":29292198,"OCC_CLS":"Residential","PRIM_OCC":"Multi - Family Dwelling","SEC_OCC":" ","PROP_ADDR":" ","PROP_CITY":" ","PROP_ST":"Texas","PROP_ZIP":" ","OUTBLDG":" ","HEIGHT":5.71999979,"SQMETERS":234.339005,"SQFEET":2522.3999,"H_ADJ_ELEV":0,"L_ADJ_ELEV":0,"FIPS":"48141","CENSUSCODE":"48141010358","PROD_DATE":1414800000000,"SOURCE":"NGA","USNG":"13R CR 82268 21271","LONGITUDE":-106.243974954,"LATITUDE":31.821024722299999,"IMAGE_NAME":"Li270-El Paso","IMAGE_DATE":1414800000000,"VAL_METHOD":"Unverified","REMARKS":" ","UUID":"{e30d9d01-68ed-49fa-9be3-64e3140596ee}","Shape_Leng":0.00062632252005000004,"Shape_Area":2.2322173717800001e-08,"HEIGHT_FT":18.766404111699998,"Shape_Length":213.07028789419326}},{"type":"Feature","id":30716,"geometry":{"type":"Polygon","coordinates":[[[-106.24377028573271,31.821116545823731],[-106.24384625291987,31.821114051776505],[-106.24384417511938,31.821080693098754],[-106.24387995597596,31.821080023841457],[-106.24387701188377,31.820978840214444],[-106.24383993703195,31.82097670077745],[-106.24384250206721,31.8209459978228],[-106.24376324550759,31.820949596756062],[-106.24376396995449,31.820979194821081],[-106.24371937719668,31.820982175213214],[-106.24372419785166,31.821077538717322],[-106.24377137866331,31.821080174811321],[-106.24377028573271,31.821116545823731]]]},"properties":{"OBJECTID":30716,"Join_Count":1,"TARGET_FID":212933,"PIDN":"T82099904700100","STATE_CD":"B2","CombineADD":"12949 EASTBROOK DR","Type":"Commercial","State_Code":"B2","Living_Are":"3744","Value":190612,"Value_Sq_F":50.9113247863,"Descriptio":"MAIN AREA","Class_CD":"QRDA","Class_Desc":"Apartments; Frame; Average","Class_De_1":"Apartments","Building_M":"Frame","Condition":"Average","Exterior_W":"892","Year_Built":2013,"Sq_Footage":"1872","BUILD_ID":29292189,"OCC_CLS":"Residential","PRIM_OCC":"Multi - Family Dwelling","SEC_OCC":" ","PROP_ADDR":" ","PROP_CITY":" ","PROP_ST":"Texas","PROP_ZIP":" ","OUTBLDG":" ","HEIGHT":5.94999981,"SQMETERS":235.697998,"SQFEET":2537.03003,"H_ADJ_ELEV":0,"L_ADJ_ELEV":0,"FIPS":"48141","CENSUSCODE":"48141010358","PROD_DATE":1414800000000,"SOURCE":"NGA","USNG":"13R CR 82286 21271","LONGITUDE":-106.24377647199999,"LATITUDE":31.821026188600001,"IMAGE_NAME":"Li270-El Paso","IMAGE_DATE":1414800000000,"VAL_METHOD":"Unverified","REMARKS":" ","UUID":"{5d9d0c88-d144-44f0-bc08-743949a87222}","Shape_Leng":0.00063593351984399997,"Shape_Area":2.2451631656100001e-08,"HEIGHT_FT":19.5209973742,"Shape_Length":218.40501258207135}},{"type":"Feature","id":30717,"geometry":{"type":"Polygon","coordinates":[[[-106.24352281430095,31.821115357516742],[-106.24368285918156,31.82111478077892],[-106.24368209001419,31.820959202820912],[-106.24352204539571,31.820959779557782],[-106.24352281430095,31.821115357516742]]]},"properties":{"OBJECTID":30717,"Join_Count":1,"TARGET_FID":212934,"PIDN":"T82099904700100","STATE_CD":"B2","CombineADD":"12949 EASTBROOK DR","Type":"Commercial","State_Code":"B2","Living_Are":"3744","Value":190612,"Value_Sq_F":50.9113247863,"Descriptio":"MAIN AREA","Class_CD":"QRDA","Class_Desc":"Apartments; Frame; Average","Class_De_1":"Apartments","Building_M":"Frame","Condition":"Average","Exterior_W":"892","Year_Built":2013,"Sq_Footage":"1872","BUILD_ID":29292188,"OCC_CLS":"Residential","PRIM_OCC":"Multi - Family Dwelling","SEC_OCC":" ","PROP_ADDR":" ","PROP_CITY":" ","PROP_ST":"Texas","PROP_ZIP":" ","OUTBLDG":" ","HEIGHT":6.25,"SQMETERS":229.537003,"SQFEET":2470.71997,"H_ADJ_ELEV":0,"L_ADJ_ELEV":0,"FIPS":"48141","CENSUSCODE":"48141010358","PROD_DATE":1414800000000,"SOURCE":"NGA","USNG":"13R CR 82305 21272","LONGITUDE":-106.243575093,"LATITUDE":31.821034903800001,"IMAGE_NAME":"Li270-El Paso","IMAGE_DATE":1414800000000,"VAL_METHOD":"Unverified","REMARKS":" ","UUID":"{1d53e1f5-e85e-4aba-9098-59b7568e1730}","Shape_Leng":0.00059152231149600003,"Shape_Area":2.1864769699e-08,"HEIGHT_FT":20.50525,"Shape_Length":212.61931927574096}},{"type":"Feature","id":30718,"geometry":{"type":"Polygon","coordinates":[[[-106.24332240495085,31.821114898451015],[-106.24347234390679,31.821113825312857],[-106.24347084236027,31.820960884361934],[-106.24332090364578,31.820961957498426],[-106.24332240495085,31.821114898451015]]]},"properties":{"OBJECTID":30718,"Join_Count":1,"TARGET_FID":212935,"PIDN":"T82099904700100","STATE_CD":"B2","CombineADD":"12949 EASTBROOK DR","Type":"Commercial","State_Code":"B2","Living_Are":"3744","Value":190612,"Value_Sq_F":50.9113247863,"Descriptio":"MAIN AREA","Class_CD":"QRDA","Class_Desc":"Apartments; Frame; Average","Class_De_1":"Apartments","Building_M":"Frame","Condition":"Average","Exterior_W":"892","Year_Built":2013,"Sq_Footage":"1872","BUILD_ID":29292186,"OCC_CLS":"Residential","PRIM_OCC":"Multi - Family Dwelling","SEC_OCC":" ","PROP_ADDR":" ","PROP_CITY":" ","PROP_ST":"Texas","PROP_ZIP":" ","OUTBLDG":" ","HEIGHT":5.98999977,"SQMETERS":246.787994,"SQFEET":2656.3999,"H_ADJ_ELEV":0,"L_ADJ_ELEV":0,"FIPS":"48141","CENSUSCODE":"48141010358","PROD_DATE":1414800000000,"SOURCE":"NGA","USNG":"13R CR 82325 21272","LONGITUDE":-106.243373633,"LATITUDE":31.8210319457,"IMAGE_NAME":"Li270-El Paso","IMAGE_DATE":1414800000000,"VAL_METHOD":"Unverified","REMARKS":" ","UUID":"{86239947-de48-4b20-b020-6e0a125672cd}","Shape_Leng":0.00061367440778399996,"Shape_Area":2.35080151429e-08,"HEIGHT_FT":19.6522308491,"Shape_Length":204.4279665570802}},{"type":"Feature","id":30719,"geometry":{"type":"Polygon","coordinates":[[[-106.24336286770463,31.820901825197794],[-106.24350417253331,31.820905923433031],[-106.24350848603397,31.820797505799625],[-106.24336718031164,31.820793407616698],[-106.24336286770463,31.820901825197794]]]},"properties":{"OBJECTID":30719,"Join_Count":1,"TARGET_FID":212936,"PIDN":"T82099904700100","STATE_CD":"B2","CombineADD":"12949 EASTBROOK DR","Type":"Commercial","State_Code":"B2","Living_Are":"3744","Value":190612,"Value_Sq_F":50.9113247863,"Descriptio":"MAIN AREA","Class_CD":"QRDA","Class_Desc":"Apartments; Frame; Average","Class_De_1":"Apartments","Building_M":"Frame","Condition":"Average","Exterior_W":"892","Year_Built":2013,"Sq_Footage":"1872","BUILD_ID":29292112,"OCC_CLS":"Residential","PRIM_OCC":"Multi - Family Dwelling","SEC_OCC":" ","PROP_ADDR":" ","PROP_CITY":" ","PROP_ST":"Texas","PROP_ZIP":" ","OUTBLDG":" ","HEIGHT":5.94999981,"SQMETERS":189.496994,"SQFEET":2039.72998,"H_ADJ_ELEV":0,"L_ADJ_ELEV":0,"FIPS":"48141","CENSUSCODE":"48141010358","PROD_DATE":1414800000000,"SOURCE":"NGA","USNG":"13R CR 82321 21251","LONGITUDE":-106.24340421399999,"LATITUDE":31.820845348799999,"IMAGE_NAME":"Li270-El Paso","IMAGE_DATE":1414800000000,"VAL_METHOD":"Unverified","REMARKS":" ","UUID":"{2e498c98-a104-4a19-a41f-b2f05fc4de2f}","Shape_Leng":0.00054897699235900005,"Shape_Area":1.8050677449300001e-08,"HEIGHT_FT":19.5209973742,"Shape_Length":166.75985468952041}},{"type":"Feature","id":30720,"geometry":{"type":"Polygon","coordinates":[[[-106.26177260560014,31.794528982591967],[-106.26197004304673,31.794518552961225],[-106.26195758835367,31.794480409488525],[-106.26196432797863,31.79442705303957],[-106.26193401837386,31.794425566481888],[-106.26192073828572,31.794454846637255],[-106.26190723525396,31.79442678675592],[-106.26181349327446,31.794431057719791],[-106.26176441362165,31.794424691274941],[-106.26176372136436,31.794440493664592],[-106.26175870005545,31.794440722435809],[-106.26177260560014,31.794528982591967]]]},"properties":{"OBJECTID":30720,"Join_Count":1,"TARGET_FID":213074,"PIDN":"T28799904700110","STATE_CD":"B2","CombineADD":"12727 TIERRA ESTE RD","Type":"Commercial","State_Code":"B2","Living_Are":"12888","Value":0,"Value_Sq_F":0,"Descriptio":"MAIN AREA","Class_CD":"QRDA","Class_Desc":"Apartments; Frame; Average","Class_De_1":"Apartments","Building_M":"Frame","Condition":"Average","Exterior_W":"892","Year_Built":2012,"Sq_Footage":"1947","BUILD_ID":29506009,"OCC_CLS":"Residential","PRIM_OCC":"Multi - Family Dwelling","SEC_OCC":" ","PROP_ADDR":" ","PROP_CITY":" ","PROP_ST":"Texas","PROP_ZIP":" ","OUTBLDG":" ","HEIGHT":6.17000008,"SQMETERS":628.64502,"SQFEET":6766.66992,"H_ADJ_ELEV":0,"L_ADJ_ELEV":0,"FIPS":"48141","CENSUSCODE":"48141010355","PROD_DATE":1414800000000,"SOURCE":"NGA","USNG":"13R CR 80539 18333","LONGITUDE":-106.26187991899999,"LATITUDE":31.794340522900001,"IMAGE_NAME":"Li270-El Paso","IMAGE_DATE":1414800000000,"VAL_METHOD":"Unverified","REMARKS":" ","UUID":"{8d734b79-ad93-41dd-926b-915d0ca7118a}","Shape_Leng":0.0013862566477499999,"Shape_Area":5.9865066081799998e-08,"HEIGHT_FT":20.242783050300002,"Shape_Length":211.58297318034363}},{"type":"Feature","id":30721,"geometry":{"type":"Polygon","coordinates":[[[-106.26178423172192,31.794311955486453],[-106.26179505718368,31.794404655883934],[-106.26194923973569,31.79440049869001],[-106.26194642612134,31.794301698246688],[-106.26196158034855,31.794302441098679],[-106.26195934793516,31.79426669938929],[-106.26193961781848,31.794273333344993],[-106.26193899270906,31.794263325089819],[-106.26176630827429,31.794266891929549],[-106.26177048299782,31.79430684686282],[-106.26178423172192,31.794311955486453]]]},"properties":{"OBJECTID":30721,"Join_Count":1,"TARGET_FID":213075,"PIDN":"T28799904700110","STATE_CD":"B2","CombineADD":"12727 TIERRA ESTE RD","Type":"Commercial","State_Code":"B2","Living_Are":"12888","Value":0,"Value_Sq_F":0,"Descriptio":"MAIN AREA","Class_CD":"QRDA","Class_Desc":"Apartments; Frame; Average","Class_De_1":"Apartments","Building_M":"Frame","Condition":"Average","Exterior_W":"892","Year_Built":2012,"Sq_Footage":"1947","BUILD_ID":29506009,"OCC_CLS":"Residential","PRIM_OCC":"Multi - Family Dwelling","SEC_OCC":" ","PROP_ADDR":" ","PROP_CITY":" ","PROP_ST":"Texas","PROP_ZIP":" ","OUTBLDG":" ","HEIGHT":6.17000008,"SQMETERS":628.64502,"SQFEET":6766.66992,"H_ADJ_ELEV":0,"L_ADJ_ELEV":0,"FIPS":"48141","CENSUSCODE":"48141010355","PROD_DATE":1414800000000,"SOURCE":"NGA","USNG":"13R CR 80539 18333","LONGITUDE":-106.26187991899999,"LATITUDE":31.794340522900001,"IMAGE_NAME":"Li270-El Paso","IMAGE_DATE":1414800000000,"VAL_METHOD":"Unverified","REMARKS":" ","UUID":"{8d734b79-ad93-41dd-926b-915d0ca7118a}","Shape_Leng":0.0013862566477499999,"Shape_Area":5.9865066081799998e-08,"HEIGHT_FT":20.242783050300002,"Shape_Length":218.66110639858252}},{"type":"Feature","id":30722,"geometry":{"type":"Polygon","coordinates":[[[-106.26191218743482,31.794237304581312],[-106.26191598183102,31.794244300929702],[-106.26196303079548,31.794245024815972],[-106.26196698052092,31.794227639799931],[-106.2619586319735,31.794147729894622],[-106.26176568182078,31.794149351670089],[-106.26176514741501,31.794248305554245],[-106.26180875917289,31.794247751889639],[-106.26180663930973,31.794240680149073],[-106.26191218743482,31.794237304581312]]]},"properties":{"OBJECTID":30722,"Join_Count":1,"TARGET_FID":213076,"PIDN":"T28799904700110","STATE_CD":"B2","CombineADD":"12727 TIERRA ESTE RD","Type":"Commercial","State_Code":"B2","Living_Are":"12888","Value":0,"Value_Sq_F":0,"Descriptio":"MAIN AREA","Class_CD":"QRDA","Class_Desc":"Apartments; Frame; Average","Class_De_1":"Apartments","Building_M":"Frame","Condition":"Average","Exterior_W":"892","Year_Built":2012,"Sq_Footage":"1947","BUILD_ID":29506009,"OCC_CLS":"Residential","PRIM_OCC":"Multi - Family Dwelling","SEC_OCC":" ","PROP_ADDR":" ","PROP_CITY":" ","PROP_ST":"Texas","PROP_ZIP":" ","OUTBLDG":" ","HEIGHT":6.17000008,"SQMETERS":628.64502,"SQFEET":6766.66992,"H_ADJ_ELEV":0,"L_ADJ_ELEV":0,"FIPS":"48141","CENSUSCODE":"48141010355","PROD_DATE":1414800000000,"SOURCE":"NGA","USNG":"13R CR 80539 18333","LONGITUDE":-106.26187991899999,"LATITUDE":31.794340522900001,"IMAGE_NAME":"Li270-El Paso","IMAGE_DATE":1414800000000,"VAL_METHOD":"Unverified","REMARKS":" ","UUID":"{8d734b79-ad93-41dd-926b-915d0ca7118a}","Shape_Leng":0.0013862566477499999,"Shape_Area":5.9865066081799998e-08,"HEIGHT_FT":20.242783050300002,"Shape_Length":198.02719590569043}},{"type":"Feature","id":30723,"geometry":{"type":"Polygon","coordinates":[[[-106.2617677342608,31.794074702905267],[-106.26196086285682,31.79407594049977],[-106.26196342871178,31.793982629062505],[-106.2617599888267,31.793977560452856],[-106.2617677342608,31.794074702905267]]]},"properties":{"OBJECTID":30723,"Join_Count":1,"TARGET_FID":213077,"PIDN":"T28799904700110","STATE_CD":"B2","CombineADD":"12727 TIERRA ESTE RD","Type":"Commercial","State_Code":"B2","Living_Are":"12888","Value":0,"Value_Sq_F":0,"Descriptio":"MAIN AREA","Class_CD":"QRDA","Class_Desc":"Apartments; Frame; Average","Class_De_1":"Apartments","Building_M":"Frame","Condition":"Average","Exterior_W":"892","Year_Built":2012,"Sq_Footage":"1947","BUILD_ID":29504353,"OCC_CLS":"Residential","PRIM_OCC":"Multi - Family Dwelling","SEC_OCC":" ","PROP_ADDR":" ","PROP_CITY":" ","PROP_ST":"Texas","PROP_ZIP":" ","OUTBLDG":" ","HEIGHT":6.1500001,"SQMETERS":366.825012,"SQFEET":3948.45996,"H_ADJ_ELEV":0,"L_ADJ_ELEV":0,"FIPS":"48141","CENSUSCODE":"48141010355","PROD_DATE":1414800000000,"SOURCE":"NGA","USNG":"13R CR 80538 18292","LONGITUDE":-106.26188076,"LATITUDE":31.793967890099999,"IMAGE_NAME":"Li270-El Paso","IMAGE_DATE":1414800000000,"VAL_METHOD":"Unverified","REMARKS":" ","UUID":"{c86ef7ad-0aaf-4796-9dfe-c234431ee0e0}","Shape_Leng":0.000969294151845,"Shape_Area":3.4932135064399999e-08,"HEIGHT_FT":20.177166312899999,"Shape_Length":192.61717937103549}},{"type":"Feature","id":30724,"geometry":{"type":"Polygon","coordinates":[[[-106.26175213222457,31.793959279135471],[-106.26196208922262,31.793961183313769],[-106.26195795833451,31.793868177891518],[-106.26175583598051,31.793857314236966],[-106.26175213222457,31.793959279135471]]]},"properties":{"OBJECTID":30724,"Join_Count":1,"TARGET_FID":213078,"PIDN":"T28799904700110","STATE_CD":"B2","CombineADD":"12727 TIERRA ESTE RD","Type":"Commercial","State_Code":"B2","Living_Are":"12888","Value":0,"Value_Sq_F":0,"Descriptio":"MAIN AREA","Class_CD":"QRDA","Class_Desc":"Apartments; Frame; Average","Class_De_1":"Apartments","Building_M":"Frame","Condition":"Average","Exterior_W":"892","Year_Built":2012,"Sq_Footage":"1947","BUILD_ID":29504353,"OCC_CLS":"Residential","PRIM_OCC":"Multi - Family Dwelling","SEC_OCC":" ","PROP_ADDR":" ","PROP_CITY":" ","PROP_ST":"Texas","PROP_ZIP":" ","OUTBLDG":" ","HEIGHT":6.1500001,"SQMETERS":366.825012,"SQFEET":3948.45996,"H_ADJ_ELEV":0,"L_ADJ_ELEV":0,"FIPS":"48141","CENSUSCODE":"48141010355","PROD_DATE":1414800000000,"SOURCE":"NGA","USNG":"13R CR 80538 18292","LONGITUDE":-106.26188076,"LATITUDE":31.793967890099999,"IMAGE_NAME":"Li270-El Paso","IMAGE_DATE":1414800000000,"VAL_METHOD":"Unverified","REMARKS":" ","UUID":"{c86ef7ad-0aaf-4796-9dfe-c234431ee0e0}","Shape_Leng":0.000969294151845,"Shape_Area":3.4932135064399999e-08,"HEIGHT_FT":20.177166312899999,"Shape_Length":199.12985567665535}},{"type":"Feature","id":30725,"geometry":{"type":"Polygon","coordinates":[[[-106.26175054439233,31.79374572152463],[-106.26176195058689,31.793793949527373],[-106.2619564840992,31.793790821376657],[-106.2619589606818,31.79369608069247],[-106.26175253072209,31.793696883352755],[-106.26175054439233,31.79374572152463]]]},"properties":{"OBJECTID":30725,"Join_Count":1,"TARGET_FID":213079,"PIDN":"T28799904700110","STATE_CD":"B2","CombineADD":"12727 TIERRA ESTE RD","Type":"Commercial","State_Code":"B2","Living_Are":"12888","Value":0,"Value_Sq_F":0,"Descriptio":"MAIN AREA","Class_CD":"QRDA","Class_Desc":"Apartments; Frame; Average","Class_De_1":"Apartments","Building_M":"Frame","Condition":"Average","Exterior_W":"892","Year_Built":2012,"Sq_Footage":"1947","BUILD_ID":29503048,"OCC_CLS":"Residential","PRIM_OCC":"Multi - Family Dwelling","SEC_OCC":" ","PROP_ADDR":" ","PROP_CITY":" ","PROP_ST":"Texas","PROP_ZIP":" ","OUTBLDG":" ","HEIGHT":6.28000021,"SQMETERS":610.448975,"SQFEET":6570.81982,"H_ADJ_ELEV":0,"L_ADJ_ELEV":0,"FIPS":"48141","CENSUSCODE":"48141010355","PROD_DATE":1414800000000,"SOURCE":"NGA","USNG":"13R CR 80538 18251","LONGITUDE":-106.26187278499999,"LATITUDE":31.793605359899999,"IMAGE_NAME":"Li270-El Paso","IMAGE_DATE":1414800000000,"VAL_METHOD":"Unverified","REMARKS":" ","UUID":"{f1926095-382a-4fef-ac09-392df40f1904}","Shape_Leng":0.0013328669567899999,"Shape_Area":5.8131909381100003e-08,"HEIGHT_FT":20.6036758883,"Shape_Length":194.74050179418089}},{"type":"Feature","id":30726,"geometry":{"type":"Polygon","coordinates":[[[-106.26176616687833,31.79367332200119],[-106.26195418406537,31.793673358239978],[-106.26195150515682,31.793630467637396],[-106.26193793511574,31.793628218403569],[-106.26194264304715,31.793569219481761],[-106.26196087820891,31.793565521141058],[-106.26196244012814,31.793536774869604],[-106.26175583192686,31.793534718161524],[-106.26175339916088,31.793576408352294],[-106.2617736649109,31.793578352544476],[-106.26177071954419,31.793638704455347],[-106.26175556542428,31.793637961580913],[-106.26176616687833,31.79367332200119]]]},"properties":{"OBJECTID":30726,"Join_Count":1,"TARGET_FID":213080,"PIDN":"T28799904700110","STATE_CD":"B2","CombineADD":"12727 TIERRA ESTE RD","Type":"Commercial","State_Code":"B2","Living_Are":"12888","Value":0,"Value_Sq_F":0,"Descriptio":"MAIN AREA","Class_CD":"QRDA","Class_Desc":"Apartments; Frame; Average","Class_De_1":"Apartments","Building_M":"Frame","Condition":"Average","Exterior_W":"892","Year_Built":2012,"Sq_Footage":"1947","BUILD_ID":29503048,"OCC_CLS":"Residential","PRIM_OCC":"Multi - Family Dwelling","SEC_OCC":" ","PROP_ADDR":" ","PROP_CITY":" ","PROP_ST":"Texas","PROP_ZIP":" ","OUTBLDG":" ","HEIGHT":6.28000021,"SQMETERS":610.448975,"SQFEET":6570.81982,"H_ADJ_ELEV":0,"L_ADJ_ELEV":0,"FIPS":"48141","CENSUSCODE":"48141010355","PROD_DATE":1414800000000,"SOURCE":"NGA","USNG":"13R CR 80538 18251","LONGITUDE":-106.26187278499999,"LATITUDE":31.793605359899999,"IMAGE_NAME":"Li270-El Paso","IMAGE_DATE":1414800000000,"VAL_METHOD":"Unverified","REMARKS":" ","UUID":"{f1926095-382a-4fef-ac09-392df40f1904}","Shape_Leng":0.0013328669567899999,"Shape_Area":5.8131909381100003e-08,"HEIGHT_FT":20.6036758883,"Shape_Length":241.8289490986385}},{"type":"Feature","id":30727,"geometry":{"type":"Polygon","coordinates":[[[-106.26175833085871,31.793467218263874],[-106.26174000638628,31.793469486439072],[-106.26174788609654,31.793515007604007],[-106.26195766351897,31.793514052415809],[-106.26195810845142,31.793413669265316],[-106.26195696977781,31.793422323678239],[-106.26195670191555,31.793418035067909],[-106.26175696826948,31.79341853266466],[-106.26175833085871,31.793467218263874]]]},"properties":{"OBJECTID":30727,"Join_Count":1,"TARGET_FID":213081,"PIDN":"T28799904700110","STATE_CD":"B2","CombineADD":"12727 TIERRA ESTE RD","Type":"Commercial","State_Code":"B2","Living_Are":"12888","Value":0,"Value_Sq_F":0,"Descriptio":"MAIN AREA","Class_CD":"QRDA","Class_Desc":"Apartments; Frame; Average","Class_De_1":"Apartments","Building_M":"Frame","Condition":"Average","Exterior_W":"892","Year_Built":2012,"Sq_Footage":"1947","BUILD_ID":29503048,"OCC_CLS":"Residential","PRIM_OCC":"Multi - Family Dwelling","SEC_OCC":" ","PROP_ADDR":" ","PROP_CITY":" ","PROP_ST":"Texas","PROP_ZIP":" ","OUTBLDG":" ","HEIGHT":6.28000021,"SQMETERS":610.448975,"SQFEET":6570.81982,"H_ADJ_ELEV":0,"L_ADJ_ELEV":0,"FIPS":"48141","CENSUSCODE":"48141010355","PROD_DATE":1414800000000,"SOURCE":"NGA","USNG":"13R CR 80538 18251","LONGITUDE":-106.26187278499999,"LATITUDE":31.793605359899999,"IMAGE_NAME":"Li270-El Paso","IMAGE_DATE":1414800000000,"VAL_METHOD":"Unverified","REMARKS":" ","UUID":"{f1926095-382a-4fef-ac09-392df40f1904}","Shape_Leng":0.0013328669567899999,"Shape_Area":5.8131909381100003e-08,"HEIGHT_FT":20.6036758883,"Shape_Length":208.69389986058269}},{"type":"Feature","id":30728,"geometry":{"type":"Polygon","coordinates":[[[-106.26123919282644,31.794078709773931],[-106.26144544504064,31.79407504855368],[-106.26144176107309,31.793989191103524],[-106.2612273184555,31.793996092959592],[-106.26123919282644,31.794078709773931]]]},"properties":{"OBJECTID":30728,"Join_Count":1,"TARGET_FID":213082,"PIDN":"T28799904700110","STATE_CD":"B2","CombineADD":"12727 TIERRA ESTE RD","Type":"Commercial","State_Code":"B2","Living_Are":"12888","Value":0,"Value_Sq_F":0,"Descriptio":"MAIN AREA","Class_CD":"QRDA","Class_Desc":"Apartments; Frame; Average","Class_De_1":"Apartments","Building_M":"Frame","Condition":"Average","Exterior_W":"892","Year_Built":2012,"Sq_Footage":"1947","BUILD_ID":29504309,"OCC_CLS":"Residential","PRIM_OCC":"Multi - Family Dwelling","SEC_OCC":" ","PROP_ADDR":" ","PROP_CITY":" ","PROP_ST":"Texas","PROP_ZIP":" ","OUTBLDG":" ","HEIGHT":6.11999989,"SQMETERS":628.643005,"SQFEET":6766.6499,"H_ADJ_ELEV":0,"L_ADJ_ELEV":0,"FIPS":"48141","CENSUSCODE":"48141010355","PROD_DATE":1414800000000,"SOURCE":"NGA","USNG":"13R CR 80587 18284","LONGITUDE":-106.26135753299999,"LATITUDE":31.793902226099998,"IMAGE_NAME":"Li270-El Paso","IMAGE_DATE":1414800000000,"VAL_METHOD":"Unverified","REMARKS":" ","UUID":"{afbdebe9-a948-43a0-8851-cf3fc367e860}","Shape_Leng":0.00138625150994,"Shape_Area":5.9864604252600002e-08,"HEIGHT_FT":20.078740424500001,"Shape_Length":192.30537436424538}},{"type":"Feature","id":30729,"geometry":{"type":"Polygon","coordinates":[[[-106.26124059763877,31.793966812917603],[-106.26142711952056,31.793969785573758],[-106.26142272231456,31.793872490575584],[-106.26144051002493,31.793861643470905],[-106.26143325654073,31.79382613050505],[-106.26124048560494,31.793830610876693],[-106.26123981632654,31.793873654007335],[-106.26125664499926,31.793874321559688],[-106.261255551278,31.793937456591308],[-106.26123537472027,31.793936941555554],[-106.26124059763877,31.793966812917603]]]},"properties":{"OBJECTID":30729,"Join_Count":1,"TARGET_FID":213083,"PIDN":"T28799904700110","STATE_CD":"B2","CombineADD":"12727 TIERRA ESTE RD","Type":"Commercial","State_Code":"B2","Living_Are":"12888","Value":0,"Value_Sq_F":0,"Descriptio":"MAIN AREA","Class_CD":"QRDA","Class_Desc":"Apartments; Frame; Average","Class_De_1":"Apartments","Building_M":"Frame","Condition":"Average","Exterior_W":"892","Year_Built":2012,"Sq_Footage":"1947","BUILD_ID":29504309,"OCC_CLS":"Residential","PRIM_OCC":"Multi - Family Dwelling","SEC_OCC":" ","PROP_ADDR":" ","PROP_CITY":" ","PROP_ST":"Texas","PROP_ZIP":" ","OUTBLDG":" ","HEIGHT":6.11999989,"SQMETERS":628.643005,"SQFEET":6766.6499,"H_ADJ_ELEV":0,"L_ADJ_ELEV":0,"FIPS":"48141","CENSUSCODE":"48141010355","PROD_DATE":1414800000000,"SOURCE":"NGA","USNG":"13R CR 80587 18284","LONGITUDE":-106.26135753299999,"LATITUDE":31.793902226099998,"IMAGE_NAME":"Li270-El Paso","IMAGE_DATE":1414800000000,"VAL_METHOD":"Unverified","REMARKS":" ","UUID":"{afbdebe9-a948-43a0-8851-cf3fc367e860}","Shape_Leng":0.00138625150994,"Shape_Area":5.9864604252600002e-08,"HEIGHT_FT":20.078740424500001,"Shape_Length":234.32660442538403}},{"type":"Feature","id":30730,"geometry":{"type":"Polygon","coordinates":[[[-106.26122046464222,31.793805715373011],[-106.26144874577906,31.793805351376495],[-106.2614513562654,31.793766521517941],[-106.26143461692779,31.793767284128055],[-106.26143510753873,31.793721381620443],[-106.26122162464297,31.793716769734448],[-106.26122651340222,31.793768162191444],[-106.26120986332029,31.793770354009531],[-106.26122046464222,31.793805715373011]]]},"properties":{"OBJECTID":30730,"Join_Count":1,"TARGET_FID":213084,"PIDN":"T28799904700110","STATE_CD":"B2","CombineADD":"12727 TIERRA ESTE RD","Type":"Commercial","State_Code":"B2","Living_Are":"12888","Value":0,"Value_Sq_F":0,"Descriptio":"MAIN AREA","Class_CD":"QRDA","Class_Desc":"Apartments; Frame; Average","Class_De_1":"Apartments","Building_M":"Frame","Condition":"Average","Exterior_W":"892","Year_Built":2012,"Sq_Footage":"1947","BUILD_ID":29504309,"OCC_CLS":"Residential","PRIM_OCC":"Multi - Family Dwelling","SEC_OCC":" ","PROP_ADDR":" ","PROP_CITY":" ","PROP_ST":"Texas","PROP_ZIP":" ","OUTBLDG":" ","HEIGHT":6.11999989,"SQMETERS":628.643005,"SQFEET":6766.6499,"H_ADJ_ELEV":0,"L_ADJ_ELEV":0,"FIPS":"48141","CENSUSCODE":"48141010355","PROD_DATE":1414800000000,"SOURCE":"NGA","USNG":"13R CR 80587 18284","LONGITUDE":-106.26135753299999,"LATITUDE":31.793902226099998,"IMAGE_NAME":"Li270-El Paso","IMAGE_DATE":1414800000000,"VAL_METHOD":"Unverified","REMARKS":" ","UUID":"{afbdebe9-a948-43a0-8851-cf3fc367e860}","Shape_Leng":0.00138625150994,"Shape_Area":5.9864604252600002e-08,"HEIGHT_FT":20.078740424500001,"Shape_Length":210.60446306525685}},{"type":"Feature","id":30731,"geometry":{"type":"Polygon","coordinates":[[[-106.26091364396679,31.794080636808459],[-106.26112148135144,31.794075469685424],[-106.26112132412207,31.793992319086772],[-106.26090652434797,31.793993501666115],[-106.26091364396679,31.794080636808459]]]},"properties":{"OBJECTID":30731,"Join_Count":1,"TARGET_FID":213085,"PIDN":"T28799904700110","STATE_CD":"B2","CombineADD":"12727 TIERRA ESTE RD","Type":"Commercial","State_Code":"B2","Living_Are":"12888","Value":0,"Value_Sq_F":0,"Descriptio":"MAIN AREA","Class_CD":"QRDA","Class_Desc":"Apartments; Frame; Average","Class_De_1":"Apartments","Building_M":"Frame","Condition":"Average","Exterior_W":"892","Year_Built":2012,"Sq_Footage":"1947","BUILD_ID":29504344,"OCC_CLS":"Residential","PRIM_OCC":"Multi - Family Dwelling","SEC_OCC":" ","PROP_ADDR":" ","PROP_CITY":" ","PROP_ST":"Texas","PROP_ZIP":" ","OUTBLDG":" ","HEIGHT":5.96000004,"SQMETERS":628.640991,"SQFEET":6766.62012,"H_ADJ_ELEV":0,"L_ADJ_ELEV":0,"FIPS":"48141","CENSUSCODE":"48141010355","PROD_DATE":1414800000000,"SOURCE":"NGA","USNG":"13R CR 80618 18284","LONGITUDE":-106.261037598,"LATITUDE":31.793908506499999,"IMAGE_NAME":"Li270-El Paso","IMAGE_DATE":1414800000000,"VAL_METHOD":"Unverified","REMARKS":" ","UUID":"{f868da60-c7c2-49df-8c32-6a0910036784}","Shape_Leng":0.00138625291286,"Shape_Area":5.9864433439000006e-08,"HEIGHT_FT":19.553806525199999,"Shape_Length":193.36600857400248}},{"type":"Feature","id":30732,"geometry":{"type":"Polygon","coordinates":[[[-106.2609167235713,31.793968662776869],[-106.26110315619025,31.793970206660045],[-106.26110875855639,31.793925504600221],[-106.26108849274586,31.793923560304812],[-106.26109663840336,31.793865839045136],[-106.26111011920209,31.79386665912952],[-106.26110788706302,31.793830916498717],[-106.26091299631473,31.793828324632418],[-106.26091540694352,31.793866926641275],[-106.26093118609398,31.793877677875027],[-106.26093132018349,31.793933587738618],[-106.26091281814891,31.793932997275025],[-106.2609167235713,31.793968662776869]]]},"properties":{"OBJECTID":30732,"Join_Count":1,"TARGET_FID":213086,"PIDN":"T28799904700110","STATE_CD":"B2","CombineADD":"12727 TIERRA ESTE RD","Type":"Commercial","State_Code":"B2","Living_Are":"12888","Value":0,"Value_Sq_F":0,"Descriptio":"MAIN AREA","Class_CD":"QRDA","Class_Desc":"Apartments; Frame; Average","Class_De_1":"Apartments","Building_M":"Frame","Condition":"Average","Exterior_W":"892","Year_Built":2012,"Sq_Footage":"1947","BUILD_ID":29504344,"OCC_CLS":"Residential","PRIM_OCC":"Multi - Family Dwelling","SEC_OCC":" ","PROP_ADDR":" ","PROP_CITY":" ","PROP_ST":"Texas","PROP_ZIP":" ","OUTBLDG":" ","HEIGHT":5.96000004,"SQMETERS":628.640991,"SQFEET":6766.62012,"H_ADJ_ELEV":0,"L_ADJ_ELEV":0,"FIPS":"48141","CENSUSCODE":"48141010355","PROD_DATE":1414800000000,"SOURCE":"NGA","USNG":"13R CR 80618 18284","LONGITUDE":-106.261037598,"LATITUDE":31.793908506499999,"IMAGE_NAME":"Li270-El Paso","IMAGE_DATE":1414800000000,"VAL_METHOD":"Unverified","REMARKS":" ","UUID":"{f868da60-c7c2-49df-8c32-6a0910036784}","Shape_Leng":0.00138625291286,"Shape_Area":5.9864433439000006e-08,"HEIGHT_FT":19.553806525199999,"Shape_Length":239.0050552354605}},{"type":"Feature","id":30733,"geometry":{"type":"Polygon","coordinates":[[[-106.26089880127309,31.793816067028619],[-106.26111659137777,31.79380901319935],[-106.26111458217819,31.793723079450068],[-106.26090313087964,31.793724109510325],[-106.26089880127309,31.793816067028619]]]},"properties":{"OBJECTID":30733,"Join_Count":1,"TARGET_FID":213087,"PIDN":"T28799904700110","STATE_CD":"B2","CombineADD":"12727 TIERRA ESTE RD","Type":"Commercial","State_Code":"B2","Living_Are":"12888","Value":0,"Value_Sq_F":0,"Descriptio":"MAIN AREA","Class_CD":"QRDA","Class_Desc":"Apartments; Frame; Average","Class_De_1":"Apartments","Building_M":"Frame","Condition":"Average","Exterior_W":"892","Year_Built":2012,"Sq_Footage":"1947","BUILD_ID":29504344,"OCC_CLS":"Residential","PRIM_OCC":"Multi - Family Dwelling","SEC_OCC":" ","PROP_ADDR":" ","PROP_CITY":" ","PROP_ST":"Texas","PROP_ZIP":" ","OUTBLDG":" ","HEIGHT":5.96000004,"SQMETERS":628.640991,"SQFEET":6766.62012,"H_ADJ_ELEV":0,"L_ADJ_ELEV":0,"FIPS":"48141","CENSUSCODE":"48141010355","PROD_DATE":1414800000000,"SOURCE":"NGA","USNG":"13R CR 80618 18284","LONGITUDE":-106.261037598,"LATITUDE":31.793908506499999,"IMAGE_NAME":"Li270-El Paso","IMAGE_DATE":1414800000000,"VAL_METHOD":"Unverified","REMARKS":" ","UUID":"{f868da60-c7c2-49df-8c32-6a0910036784}","Shape_Leng":0.00138625291286,"Shape_Area":5.9864433439000006e-08,"HEIGHT_FT":19.553806525199999,"Shape_Length":198.16216553056876}},{"type":"Feature","id":30734,"geometry":{"type":"Polygon","coordinates":[[[-106.26136512843465,31.793294520883478],[-106.26137225321445,31.793480123843697],[-106.26146922200691,31.793473794171373],[-106.26146462313046,31.793292946834725],[-106.26146460874277,31.79329239476062],[-106.26136511023822,31.793294060201326],[-106.26136512843465,31.793294520883478]]]},"properties":{"OBJECTID":30734,"Join_Count":1,"TARGET_FID":213088,"PIDN":"T28799904700100","STATE_CD":"F1","CombineADD":"12371 EDGEMERE","Type":"Commercial","State_Code":"F1","Living_Are":"18000","Value":910181,"Value_Sq_F":50.565611111099997,"Descriptio":"MAIN AREA","Class_CD":"MXDA","Class_Desc":"Apartments; Frame; Average","Class_De_1":"Strip Store","Building_M":"Frame","Condition":"Average","Exterior_W":"892","Year_Built":2013,"Sq_Footage":"18000","BUILD_ID":29501686,"OCC_CLS":"Residential","PRIM_OCC":"Multi - Family Dwelling","SEC_OCC":" ","PROP_ADDR":" ","PROP_CITY":" ","PROP_ST":"Texas","PROP_ZIP":" ","OUTBLDG":" ","HEIGHT":6.05999994,"SQMETERS":628.645996,"SQFEET":6766.68994,"H_ADJ_ELEV":0,"L_ADJ_ELEV":0,"FIPS":"48141","CENSUSCODE":"48141010355","PROD_DATE":1414800000000,"SOURCE":"NGA","USNG":"13R CR 80594 18226","LONGITUDE":-106.261283955,"LATITUDE":31.7933852305,"IMAGE_NAME":"Li270-El Paso","IMAGE_DATE":1414800000000,"VAL_METHOD":"Unverified","REMARKS":" ","UUID":"{37483173-197d-4f37-a474-e195e1e71c8c}","Shape_Leng":0.00140050370887,"Shape_Area":5.9864633704800001e-08,"HEIGHT_FT":19.8818902123,"Shape_Length":194.86461266024739}},{"type":"Feature","id":30735,"geometry":{"type":"Polygon","coordinates":[[[-106.26134033725242,31.793470824916589],[-106.26134146770181,31.79347101184867],[-106.26134163197506,31.793455711279432],[-106.26133405782667,31.793388191632712],[-106.26134657080075,31.793319756867973],[-106.26132624560854,31.793316859784362],[-106.26133222701387,31.793305117247087],[-106.26129751277782,31.793304786756234],[-106.26129575779444,31.793312513702745],[-106.26122539234588,31.793314763790558],[-106.26122485657555,31.793306184765267],[-106.2611631225062,31.793303262119601],[-106.26117112828855,31.793467301906176],[-106.26121811735749,31.793467073237011],[-106.26121405521486,31.793455788254313],[-106.26129229158813,31.793454135137928],[-106.26129324401859,31.793469385736351],[-106.2613404116634,31.793472016397715],[-106.26134033725242,31.793470824916589],[-106.26133694473734,31.793470262367155],[-106.26134029259458,31.793470109847817],[-106.26134033725242,31.793470824916589]]]},"properties":{"OBJECTID":30735,"Join_Count":1,"TARGET_FID":213089,"PIDN":"T28799904700110","STATE_CD":"B2","CombineADD":"12727 TIERRA ESTE RD","Type":"Commercial","State_Code":"B2","Living_Are":"12888","Value":0,"Value_Sq_F":0,"Descriptio":"MAIN AREA","Class_CD":"QRDA","Class_Desc":"Apartments; Frame; Average","Class_De_1":"Apartments","Building_M":"Frame","Condition":"Average","Exterior_W":"892","Year_Built":2012,"Sq_Footage":"1947","BUILD_ID":29501686,"OCC_CLS":"Residential","PRIM_OCC":"Multi - Family Dwelling","SEC_OCC":" ","PROP_ADDR":" ","PROP_CITY":" ","PROP_ST":"Texas","PROP_ZIP":" ","OUTBLDG":" ","HEIGHT":6.05999994,"SQMETERS":628.645996,"SQFEET":6766.68994,"H_ADJ_ELEV":0,"L_ADJ_ELEV":0,"FIPS":"48141","CENSUSCODE":"48141010355","PROD_DATE":1414800000000,"SOURCE":"NGA","USNG":"13R CR 80594 18226","LONGITUDE":-106.261283955,"LATITUDE":31.7933852305,"IMAGE_NAME":"Li270-El Paso","IMAGE_DATE":1414800000000,"VAL_METHOD":"Unverified","REMARKS":" ","UUID":"{37483173-197d-4f37-a474-e195e1e71c8c}","Shape_Leng":0.00140050370887,"Shape_Area":5.9864633704800001e-08,"HEIGHT_FT":19.8818902123,"Shape_Length":250.70903769237933}},{"type":"Feature","id":30736,"geometry":{"type":"Polygon","coordinates":[[[-106.26104649573351,31.793299562560208],[-106.26105530700022,31.793476402159218],[-106.26114934565003,31.793476896763664],[-106.26114799042537,31.793329759968294],[-106.26114710068252,31.793297970690229],[-106.26114708220472,31.793297302295841],[-106.26104646809044,31.793299018315292],[-106.26104649573351,31.793299562560208]]]},"properties":{"OBJECTID":30736,"Join_Count":1,"TARGET_FID":213090,"PIDN":"T28799904700100","STATE_CD":"F1","CombineADD":"12371 EDGEMERE","Type":"Commercial","State_Code":"F1","Living_Are":"18000","Value":910181,"Value_Sq_F":50.565611111099997,"Descriptio":"MAIN AREA","Class_CD":"MXDA","Class_Desc":"Apartments; Frame; Average","Class_De_1":"Strip Store","Building_M":"Frame","Condition":"Average","Exterior_W":"892","Year_Built":2013,"Sq_Footage":"18000","BUILD_ID":29501686,"OCC_CLS":"Residential","PRIM_OCC":"Multi - Family Dwelling","SEC_OCC":" ","PROP_ADDR":" ","PROP_CITY":" ","PROP_ST":"Texas","PROP_ZIP":" ","OUTBLDG":" ","HEIGHT":6.05999994,"SQMETERS":628.645996,"SQFEET":6766.68994,"H_ADJ_ELEV":0,"L_ADJ_ELEV":0,"FIPS":"48141","CENSUSCODE":"48141010355","PROD_DATE":1414800000000,"SOURCE":"NGA","USNG":"13R CR 80594 18226","LONGITUDE":-106.261283955,"LATITUDE":31.7933852305,"IMAGE_NAME":"Li270-El Paso","IMAGE_DATE":1414800000000,"VAL_METHOD":"Unverified","REMARKS":" ","UUID":"{37483173-197d-4f37-a474-e195e1e71c8c}","Shape_Leng":0.00140050370887,"Shape_Area":5.9864633704800001e-08,"HEIGHT_FT":19.8818902123,"Shape_Length":190.41117250639644}},{"type":"Feature","id":30737,"geometry":{"type":"Polygon","coordinates":[[[-106.26081265359129,31.793389959819105],[-106.26082546562193,31.793469666448519],[-106.26097647635122,31.79346852233402],[-106.26096143299364,31.793388917360531],[-106.26097311297606,31.793307139480856],[-106.26083003280939,31.793309833409673],[-106.26081265359129,31.793389959819105]]]},"properties":{"OBJECTID":30737,"Join_Count":1,"TARGET_FID":213091,"PIDN":"T28799904700110","STATE_CD":"B2","CombineADD":"12727 TIERRA ESTE RD","Type":"Commercial","State_Code":"B2","Living_Are":"12888","Value":0,"Value_Sq_F":0,"Descriptio":"MAIN AREA","Class_CD":"QRDA","Class_Desc":"Apartments; Frame; Average","Class_De_1":"Apartments","Building_M":"Frame","Condition":"Average","Exterior_W":"892","Year_Built":2012,"Sq_Footage":"1947","BUILD_ID":29501637,"OCC_CLS":"Residential","PRIM_OCC":"Multi - Family Dwelling","SEC_OCC":" ","PROP_ADDR":" ","PROP_CITY":" ","PROP_ST":"Texas","PROP_ZIP":" ","OUTBLDG":" ","HEIGHT":6.42000008,"SQMETERS":429.937988,"SQFEET":4627.81006,"H_ADJ_ELEV":0,"L_ADJ_ELEV":0,"FIPS":"48141","CENSUSCODE":"48141010355","PROD_DATE":1414800000000,"SOURCE":"NGA","USNG":"13R CR 80636 18226","LONGITUDE":-106.260842349,"LATITUDE":31.79339044,"IMAGE_NAME":"Li270-El Paso","IMAGE_DATE":1414800000000,"VAL_METHOD":"Unverified","REMARKS":" ","UUID":"{1e2801d9-b358-44ff-8688-01bb9d4af715}","Shape_Leng":0.0010068218962399999,"Shape_Area":4.0942119435999997e-08,"HEIGHT_FT":21.062993050300001,"Shape_Length":209.60276173557403}},{"type":"Feature","id":30738,"geometry":{"type":"Polygon","coordinates":[[[-106.26064895055542,31.79338499135676],[-106.26066188150332,31.793466604552972],[-106.26080402375796,31.793466820151007],[-106.2607914508593,31.793390925671691],[-106.2608034285485,31.793313912832712],[-106.26066351772151,31.793313595598075],[-106.26064895055542,31.79338499135676]]]},"properties":{"OBJECTID":30738,"Join_Count":1,"TARGET_FID":213092,"PIDN":"T28799904700110","STATE_CD":"B2","CombineADD":"12727 TIERRA ESTE RD","Type":"Commercial","State_Code":"B2","Living_Are":"12888","Value":0,"Value_Sq_F":0,"Descriptio":"MAIN AREA","Class_CD":"QRDA","Class_Desc":"Apartments; Frame; Average","Class_De_1":"Apartments","Building_M":"Frame","Condition":"Average","Exterior_W":"892","Year_Built":2012,"Sq_Footage":"1947","BUILD_ID":29501637,"OCC_CLS":"Residential","PRIM_OCC":"Multi - Family Dwelling","SEC_OCC":" ","PROP_ADDR":" ","PROP_CITY":" ","PROP_ST":"Texas","PROP_ZIP":" ","OUTBLDG":" ","HEIGHT":6.42000008,"SQMETERS":429.937988,"SQFEET":4627.81006,"H_ADJ_ELEV":0,"L_ADJ_ELEV":0,"FIPS":"48141","CENSUSCODE":"48141010355","PROD_DATE":1414800000000,"SOURCE":"NGA","USNG":"13R CR 80636 18226","LONGITUDE":-106.260842349,"LATITUDE":31.79339044,"IMAGE_NAME":"Li270-El Paso","IMAGE_DATE":1414800000000,"VAL_METHOD":"Unverified","REMARKS":" ","UUID":"{1e2801d9-b358-44ff-8688-01bb9d4af715}","Shape_Leng":0.0010068218962399999,"Shape_Area":4.0942119435999997e-08,"HEIGHT_FT":21.062993050300001,"Shape_Length":200.10435557393649}},{"type":"Feature","id":30739,"geometry":{"type":"Polygon","coordinates":[[[-106.26048054624931,31.793448100609623],[-106.2604815721846,31.793482463982951],[-106.26058095190459,31.793478893567301],[-106.26058121482268,31.793306921366177],[-106.26058121933583,31.793303962433079],[-106.26047895395816,31.793297150703989],[-106.26047966438594,31.79330852786812],[-106.2604813346483,31.79333527631649],[-106.26045801866579,31.793338249445885],[-106.26045930550423,31.793308850117199],[-106.26045940248768,31.793306643813953],[-106.26036078150847,31.793304445470071],[-106.26036080802405,31.793310407777437],[-106.26036156972013,31.793478372062744],[-106.26046025043367,31.793481524131472],[-106.26045023698005,31.793446613706074],[-106.26048054624931,31.793448100609623]]]},"properties":{"OBJECTID":30739,"Join_Count":1,"TARGET_FID":213093,"PIDN":"T28799904700120","STATE_CD":"F1","CombineADD":"12379 EDGEMERE","Type":"Commercial","State_Code":"F1","Living_Are":"9016","Value":377311,"Value_Sq_F":41.849046140200002,"Descriptio":"MAIN AREA","Class_CD":"MXCA","Class_Desc":"Apartments; Frame; Average","Class_De_1":"Strip Store","Building_M":"Masonry","Condition":"Average","Exterior_W":"868","Year_Built":2012,"Sq_Footage":"9016","BUILD_ID":29501675,"OCC_CLS":"Residential","PRIM_OCC":"Multi - Family Dwelling","SEC_OCC":" ","PROP_ADDR":" ","PROP_CITY":" ","PROP_ST":"Texas","PROP_ZIP":" ","OUTBLDG":" ","HEIGHT":5.90999985,"SQMETERS":353.382996,"SQFEET":3803.78003,"H_ADJ_ELEV":0,"L_ADJ_ELEV":0,"FIPS":"48141","CENSUSCODE":"48141010355","PROD_DATE":1414800000000,"SOURCE":"NGA","USNG":"13R CR 80668 18226","LONGITUDE":-106.26050203,"LATITUDE":31.7933925538,"IMAGE_NAME":"Li270-El Paso","IMAGE_DATE":1414800000000,"VAL_METHOD":"Unverified","REMARKS":" ","UUID":"{29cc596d-f006-4d89-992c-9bb562f42c84}","Shape_Leng":0.00089477378280399997,"Shape_Area":3.36519279359e-08,"HEIGHT_FT":19.389763899399998,"Shape_Length":318.74965168697753}},{"type":"Feature","id":30740,"geometry":{"type":"Polygon","coordinates":[[[-106.25986566721696,31.793709331895236],[-106.25987563606789,31.793761449430619],[-106.26007152426644,31.793762085437429],[-106.26007444148614,31.793665412830631],[-106.25987632122445,31.793664878498721],[-106.25986566721696,31.793709331895236]]]},"properties":{"OBJECTID":30740,"Join_Count":1,"TARGET_FID":213094,"PIDN":"T28799904700110","STATE_CD":"B2","CombineADD":"12727 TIERRA ESTE RD","Type":"Commercial","State_Code":"B2","Living_Are":"12888","Value":0,"Value_Sq_F":0,"Descriptio":"MAIN AREA","Class_CD":"QRDA","Class_Desc":"Apartments; Frame; Average","Class_De_1":"Apartments","Building_M":"Frame","Condition":"Average","Exterior_W":"892","Year_Built":2012,"Sq_Footage":"1947","BUILD_ID":29502906,"OCC_CLS":"Residential","PRIM_OCC":"Multi - Family Dwelling","SEC_OCC":" ","PROP_ADDR":" ","PROP_CITY":" ","PROP_ST":"Texas","PROP_ZIP":" ","OUTBLDG":" ","HEIGHT":6.42000008,"SQMETERS":573.763,"SQFEET":6175.93018,"H_ADJ_ELEV":0,"L_ADJ_ELEV":0,"FIPS":"48141","CENSUSCODE":"48141010355","PROD_DATE":1414800000000,"SOURCE":"NGA","USNG":"13R CR 80716 18247","LONGITUDE":-106.259997008,"LATITUDE":31.793581985500001,"IMAGE_NAME":"Li270-El Paso","IMAGE_DATE":1414800000000,"VAL_METHOD":"Unverified","REMARKS":" ","UUID":"{d4e3966a-63d2-4c5c-903a-02291f659d50}","Shape_Leng":0.00145249278336,"Shape_Area":5.4638352971199999e-08,"HEIGHT_FT":21.062993050300001,"Shape_Length":193.31629303433209}},{"type":"Feature","id":30741,"geometry":{"type":"Polygon","coordinates":[[[-106.25988191661115,31.793611096538825],[-106.25987410527867,31.793611452313684],[-106.25988405898991,31.793645409055298],[-106.26005756800099,31.793646108818351],[-106.26004975677377,31.793503089195671],[-106.25987419535085,31.793505350421128],[-106.25987786988114,31.793546283706224],[-106.25988568120823,31.793545927931106],[-106.25988191661115,31.793611096538825]]]},"properties":{"OBJECTID":30741,"Join_Count":1,"TARGET_FID":213095,"PIDN":"T28799904700110","STATE_CD":"B2","CombineADD":"12727 TIERRA ESTE RD","Type":"Commercial","State_Code":"B2","Living_Are":"12888","Value":0,"Value_Sq_F":0,"Descriptio":"MAIN AREA","Class_CD":"QRDA","Class_Desc":"Apartments; Frame; Average","Class_De_1":"Apartments","Building_M":"Frame","Condition":"Average","Exterior_W":"892","Year_Built":2012,"Sq_Footage":"1947","BUILD_ID":29502906,"OCC_CLS":"Residential","PRIM_OCC":"Multi - Family Dwelling","SEC_OCC":" ","PROP_ADDR":" ","PROP_CITY":" ","PROP_ST":"Texas","PROP_ZIP":" ","OUTBLDG":" ","HEIGHT":6.42000008,"SQMETERS":573.763,"SQFEET":6175.93018,"H_ADJ_ELEV":0,"L_ADJ_ELEV":0,"FIPS":"48141","CENSUSCODE":"48141010355","PROD_DATE":1414800000000,"SOURCE":"NGA","USNG":"13R CR 80716 18247","LONGITUDE":-106.259997008,"LATITUDE":31.793581985500001,"IMAGE_NAME":"Li270-El Paso","IMAGE_DATE":1414800000000,"VAL_METHOD":"Unverified","REMARKS":" ","UUID":"{d4e3966a-63d2-4c5c-903a-02291f659d50}","Shape_Leng":0.00145249278336,"Shape_Area":5.4638352971199999e-08,"HEIGHT_FT":21.062993050300001,"Shape_Length":216.81327839361325}},{"type":"Feature","id":30742,"geometry":{"type":"Polygon","coordinates":[[[-106.2598630363608,31.793434170970041],[-106.25987071337538,31.793485436455821],[-106.26007100497286,31.793484916345314],[-106.26006133362344,31.79343756474659],[-106.26007063382175,31.793389349039895],[-106.25987022344268,31.793387963499196],[-106.2598630363608,31.793434170970041]]]},"properties":{"OBJECTID":30742,"Join_Count":1,"TARGET_FID":213096,"PIDN":"T28799904700110","STATE_CD":"B2","CombineADD":"12727 TIERRA ESTE RD","Type":"Commercial","State_Code":"B2","Living_Are":"12888","Value":0,"Value_Sq_F":0,"Descriptio":"MAIN AREA","Class_CD":"QRDA","Class_Desc":"Apartments; Frame; Average","Class_De_1":"Apartments","Building_M":"Frame","Condition":"Average","Exterior_W":"892","Year_Built":2012,"Sq_Footage":"1947","BUILD_ID":29502906,"OCC_CLS":"Residential","PRIM_OCC":"Multi - Family Dwelling","SEC_OCC":" ","PROP_ADDR":" ","PROP_CITY":" ","PROP_ST":"Texas","PROP_ZIP":" ","OUTBLDG":" ","HEIGHT":6.42000008,"SQMETERS":573.763,"SQFEET":6175.93018,"H_ADJ_ELEV":0,"L_ADJ_ELEV":0,"FIPS":"48141","CENSUSCODE":"48141010355","PROD_DATE":1414800000000,"SOURCE":"NGA","USNG":"13R CR 80716 18247","LONGITUDE":-106.259997008,"LATITUDE":31.793581985500001,"IMAGE_NAME":"Li270-El Paso","IMAGE_DATE":1414800000000,"VAL_METHOD":"Unverified","REMARKS":" ","UUID":"{d4e3966a-63d2-4c5c-903a-02291f659d50}","Shape_Leng":0.00145249278336,"Shape_Area":5.4638352971199999e-08,"HEIGHT_FT":21.062993050300001,"Shape_Length":195.52178361645625}},{"type":"Feature","id":30743,"geometry":{"type":"Polygon","coordinates":[[[-106.26041991294998,31.793965103833823],[-106.26045368931194,31.793968344797925],[-106.26045569791894,31.794054278549062],[-106.26062685740932,31.794053172635703],[-106.2606258157585,31.793928960785927],[-106.26066493314723,31.793928135359089],[-106.26065614006225,31.793876920747003],[-106.26066450189717,31.793831615247456],[-106.26062480360726,31.793841070565811],[-106.26062205051967,31.793779066319757],[-106.26044660759545,31.793783233966312],[-106.26044526837566,31.793869321120862],[-106.26041155154637,31.793867032979417],[-106.26041077702179,31.79392633039599],[-106.26041991294998,31.793965103833823]]]},"properties":{"OBJECTID":30743,"Join_Count":1,"TARGET_FID":213097,"PIDN":"T28799904700110","STATE_CD":"B2","CombineADD":"12727 TIERRA ESTE RD","Type":"Commercial","State_Code":"B2","Living_Are":"12888","Value":0,"Value_Sq_F":0,"Descriptio":"MAIN AREA","Class_CD":"QRDA","Class_Desc":"Apartments; Frame; Average","Class_De_1":"Apartments","Building_M":"Frame","Condition":"Average","Exterior_W":"892","Year_Built":2012,"Sq_Footage":"1947","BUILD_ID":29504165,"OCC_CLS":"Residential","PRIM_OCC":"Multi - Family Dwelling","SEC_OCC":" ","PROP_ADDR":" ","PROP_CITY":" ","PROP_ST":"Texas","PROP_ZIP":" ","OUTBLDG":" ","HEIGHT":4.57999992,"SQMETERS":508.223999,"SQFEET":5470.47998,"H_ADJ_ELEV":0,"L_ADJ_ELEV":0,"FIPS":"48141","CENSUSCODE":"48141010355","PROD_DATE":1414800000000,"SOURCE":"NGA","USNG":"13R CR 80664 18285","LONGITUDE":-106.260550049,"LATITUDE":31.793916845999998,"IMAGE_NAME":"Li270-El Paso","IMAGE_DATE":1414800000000,"VAL_METHOD":"Unverified","REMARKS":" ","UUID":"{6c9636dd-5b00-444b-8533-db593c08c59d}","Shape_Leng":0.00098952178520400006,"Shape_Area":4.8397379472999998e-08,"HEIGHT_FT":15.026246949700001,"Shape_Length":355.56532999226448}},{"type":"Feature","id":30744,"geometry":{"type":"Polygon","coordinates":[[[-106.2598720056899,31.794098069584624],[-106.25988079837265,31.794149284245115],[-106.26007985671558,31.79414690838161],[-106.26007241756685,31.794099455122211],[-106.26007543763686,31.794058216926217],[-106.25988154301882,31.794053666153211],[-106.2598720056899,31.794098069584624]]]},"properties":{"OBJECTID":30744,"Join_Count":1,"TARGET_FID":213098,"PIDN":"T28799904700110","STATE_CD":"B2","CombineADD":"12727 TIERRA ESTE RD","Type":"Commercial","State_Code":"B2","Living_Are":"12888","Value":0,"Value_Sq_F":0,"Descriptio":"MAIN AREA","Class_CD":"QRDA","Class_Desc":"Apartments; Frame; Average","Class_De_1":"Apartments","Building_M":"Frame","Condition":"Average","Exterior_W":"892","Year_Built":2012,"Sq_Footage":"1947","BUILD_ID":29505526,"OCC_CLS":"Residential","PRIM_OCC":"Multi - Family Dwelling","SEC_OCC":" ","PROP_ADDR":" ","PROP_CITY":" ","PROP_ST":"Texas","PROP_ZIP":" ","OUTBLDG":" ","HEIGHT":6.42999983,"SQMETERS":573.768982,"SQFEET":6175.99023,"H_ADJ_ELEV":0,"L_ADJ_ELEV":0,"FIPS":"48141","CENSUSCODE":"48141010355","PROD_DATE":1414800000000,"SOURCE":"NGA","USNG":"13R CR 80716 18320","LONGITUDE":-106.260003709,"LATITUDE":31.7942406885,"IMAGE_NAME":"Li270-El Paso","IMAGE_DATE":1414800000000,"VAL_METHOD":"Unverified","REMARKS":" ","UUID":"{683b2116-ddf5-45f1-8326-baa7839b2698}","Shape_Leng":0.00145250290668,"Shape_Area":5.4639298062199998e-08,"HEIGHT_FT":21.0958006368,"Shape_Length":189.81968728981707}},{"type":"Feature","id":30745,"geometry":{"type":"Polygon","coordinates":[[[-106.25990328107031,31.794276342538335],[-106.25988319374245,31.794277257431261],[-106.25988639225605,31.794310566302283],[-106.26007335353162,31.794311608940493],[-106.26007167202076,31.794266760946758],[-106.26006162835868,31.79426721840662],[-106.26006011133506,31.794207069848873],[-106.26007461848626,31.794206409089455],[-106.26006924718619,31.79417415562105],[-106.26005697231413,31.794174714706315],[-106.26005643670071,31.794166136579751],[-106.25988457794767,31.794173964131325],[-106.25988695836507,31.794212088840755],[-106.2598981176325,31.794211580582985],[-106.25990328107031,31.794276342538335]]]},"properties":{"OBJECTID":30745,"Join_Count":1,"TARGET_FID":213099,"PIDN":"T28799904700110","STATE_CD":"B2","CombineADD":"12727 TIERRA ESTE RD","Type":"Commercial","State_Code":"B2","Living_Are":"12888","Value":0,"Value_Sq_F":0,"Descriptio":"MAIN AREA","Class_CD":"QRDA","Class_Desc":"Apartments; Frame; Average","Class_De_1":"Apartments","Building_M":"Frame","Condition":"Average","Exterior_W":"892","Year_Built":2012,"Sq_Footage":"1947","BUILD_ID":29505526,"OCC_CLS":"Residential","PRIM_OCC":"Multi - Family Dwelling","SEC_OCC":" ","PROP_ADDR":" ","PROP_CITY":" ","PROP_ST":"Texas","PROP_ZIP":" ","OUTBLDG":" ","HEIGHT":6.42999983,"SQMETERS":573.768982,"SQFEET":6175.99023,"H_ADJ_ELEV":0,"L_ADJ_ELEV":0,"FIPS":"48141","CENSUSCODE":"48141010355","PROD_DATE":1414800000000,"SOURCE":"NGA","USNG":"13R CR 80716 18320","LONGITUDE":-106.260003709,"LATITUDE":31.7942406885,"IMAGE_NAME":"Li270-El Paso","IMAGE_DATE":1414800000000,"VAL_METHOD":"Unverified","REMARKS":" ","UUID":"{683b2116-ddf5-45f1-8326-baa7839b2698}","Shape_Leng":0.00145250290668,"Shape_Area":5.4639298062199998e-08,"HEIGHT_FT":21.0958006368,"Shape_Length":235.58814871215543}},{"type":"Feature","id":30746,"geometry":{"type":"Polygon","coordinates":[[[-106.25987599133832,31.794376992678686],[-106.25987914543754,31.794427508612703],[-106.26008507763395,31.79442768720121],[-106.26007775750524,31.794382140497763],[-106.26007342819609,31.794330722555706],[-106.25988224035184,31.794333695459436],[-106.25987599133832,31.794376992678686]]]},"properties":{"OBJECTID":30746,"Join_Count":1,"TARGET_FID":213100,"PIDN":"T28799904700110","STATE_CD":"B2","CombineADD":"12727 TIERRA ESTE RD","Type":"Commercial","State_Code":"B2","Living_Are":"12888","Value":0,"Value_Sq_F":0,"Descriptio":"MAIN AREA","Class_CD":"QRDA","Class_Desc":"Apartments; Frame; Average","Class_De_1":"Apartments","Building_M":"Frame","Condition":"Average","Exterior_W":"892","Year_Built":2012,"Sq_Footage":"1947","BUILD_ID":29505526,"OCC_CLS":"Residential","PRIM_OCC":"Multi - Family Dwelling","SEC_OCC":" ","PROP_ADDR":" ","PROP_CITY":" ","PROP_ST":"Texas","PROP_ZIP":" ","OUTBLDG":" ","HEIGHT":6.42999983,"SQMETERS":573.768982,"SQFEET":6175.99023,"H_ADJ_ELEV":0,"L_ADJ_ELEV":0,"FIPS":"48141","CENSUSCODE":"48141010355","PROD_DATE":1414800000000,"SOURCE":"NGA","USNG":"13R CR 80716 18320","LONGITUDE":-106.260003709,"LATITUDE":31.7942406885,"IMAGE_NAME":"Li270-El Paso","IMAGE_DATE":1414800000000,"VAL_METHOD":"Unverified","REMARKS":" ","UUID":"{683b2116-ddf5-45f1-8326-baa7839b2698}","Shape_Leng":0.00145250290668,"Shape_Area":5.4639298062199998e-08,"HEIGHT_FT":21.0958006368,"Shape_Length":193.14502042465924}},{"type":"Feature","id":30747,"geometry":{"type":"Polygon","coordinates":[[[-106.26036552773323,31.79433079902913],[-106.26037566068381,31.794510991357505],[-106.26047145548304,31.794503760421414],[-106.26045903057623,31.79432271695573],[-106.26036552773323,31.79433079902913]]]},"properties":{"OBJECTID":30747,"Join_Count":1,"TARGET_FID":213101,"PIDN":"T28799904700110","STATE_CD":"B2","CombineADD":"12727 TIERRA ESTE RD","Type":"Commercial","State_Code":"B2","Living_Are":"12888","Value":0,"Value_Sq_F":0,"Descriptio":"MAIN AREA","Class_CD":"QRDA","Class_Desc":"Apartments; Frame; Average","Class_De_1":"Apartments","Building_M":"Frame","Condition":"Average","Exterior_W":"892","Year_Built":2012,"Sq_Footage":"1947","BUILD_ID":29505948,"OCC_CLS":"Residential","PRIM_OCC":"Multi - Family Dwelling","SEC_OCC":" ","PROP_ADDR":" ","PROP_CITY":" ","PROP_ST":"Texas","PROP_ZIP":" ","OUTBLDG":" ","HEIGHT":6.07000017,"SQMETERS":353.381989,"SQFEET":3803.77002,"H_ADJ_ELEV":0,"L_ADJ_ELEV":0,"FIPS":"48141","CENSUSCODE":"48141010355","PROD_DATE":1414800000000,"SOURCE":"NGA","USNG":"13R CR 80668 18340","LONGITUDE":-106.260509266,"LATITUDE":31.794419780199998,"IMAGE_NAME":"Li270-El Paso","IMAGE_DATE":1414800000000,"VAL_METHOD":"Unverified","REMARKS":" ","UUID":"{e3f9a231-2384-4ec7-93d6-78ece3beed8b}","Shape_Leng":0.00089477681362000005,"Shape_Area":3.3652167401300003e-08,"HEIGHT_FT":19.9146993632,"Shape_Length":190.67831556303625}},{"type":"Feature","id":30748,"geometry":{"type":"Polygon","coordinates":[[[-106.26049618491326,31.794505501498282],[-106.2605946285877,31.794504840364144],[-106.26059598225532,31.794508601745758],[-106.26058825977475,31.794331168026893],[-106.26048664694231,31.794334841028427],[-106.26049618491326,31.794505501498282]]]},"properties":{"OBJECTID":30748,"Join_Count":1,"TARGET_FID":213102,"PIDN":"T28799904700110","STATE_CD":"B2","CombineADD":"12727 TIERRA ESTE RD","Type":"Commercial","State_Code":"B2","Living_Are":"12888","Value":0,"Value_Sq_F":0,"Descriptio":"MAIN AREA","Class_CD":"QRDA","Class_Desc":"Apartments; Frame; Average","Class_De_1":"Apartments","Building_M":"Frame","Condition":"Average","Exterior_W":"892","Year_Built":2012,"Sq_Footage":"1947","BUILD_ID":29505948,"OCC_CLS":"Residential","PRIM_OCC":"Multi - Family Dwelling","SEC_OCC":" ","PROP_ADDR":" ","PROP_CITY":" ","PROP_ST":"Texas","PROP_ZIP":" ","OUTBLDG":" ","HEIGHT":6.07000017,"SQMETERS":353.381989,"SQFEET":3803.77002,"H_ADJ_ELEV":0,"L_ADJ_ELEV":0,"FIPS":"48141","CENSUSCODE":"48141010355","PROD_DATE":1414800000000,"SOURCE":"NGA","USNG":"13R CR 80668 18340","LONGITUDE":-106.260509266,"LATITUDE":31.794419780199998,"IMAGE_NAME":"Li270-El Paso","IMAGE_DATE":1414800000000,"VAL_METHOD":"Unverified","REMARKS":" ","UUID":"{e3f9a231-2384-4ec7-93d6-78ece3beed8b}","Shape_Leng":0.00089477681362000005,"Shape_Area":3.3652167401300003e-08,"HEIGHT_FT":19.9146993632,"Shape_Length":190.36337621985092}},{"type":"Feature","id":30749,"geometry":{"type":"Polygon","coordinates":[[[-106.26065975623705,31.794418715985358],[-106.2606736233368,31.794497419002553],[-106.26081682429974,31.794496630895868],[-106.26080054624164,31.794415170206026],[-106.26081334204375,31.794333340654379],[-106.26066579688313,31.794336238627256],[-106.26065975623705,31.794418715985358]]]},"properties":{"OBJECTID":30749,"Join_Count":1,"TARGET_FID":213103,"PIDN":"T28799904700110","STATE_CD":"B2","CombineADD":"12727 TIERRA ESTE RD","Type":"Commercial","State_Code":"B2","Living_Are":"12888","Value":0,"Value_Sq_F":0,"Descriptio":"MAIN AREA","Class_CD":"QRDA","Class_Desc":"Apartments; Frame; Average","Class_De_1":"Apartments","Building_M":"Frame","Condition":"Average","Exterior_W":"892","Year_Built":2012,"Sq_Footage":"1947","BUILD_ID":29505880,"OCC_CLS":"Residential","PRIM_OCC":"Multi - Family Dwelling","SEC_OCC":" ","PROP_ADDR":" ","PROP_CITY":" ","PROP_ST":"Texas","PROP_ZIP":" ","OUTBLDG":" ","HEIGHT":6.48000002,"SQMETERS":438.958008,"SQFEET":4724.8999,"H_ADJ_ELEV":0,"L_ADJ_ELEV":0,"FIPS":"48141","CENSUSCODE":"48141010355","PROD_DATE":1414800000000,"SOURCE":"NGA","USNG":"13R CR 80629 18340","LONGITUDE":-106.260851442,"LATITUDE":31.794414521899999,"IMAGE_NAME":"Li270-El Paso","IMAGE_DATE":1414800000000,"VAL_METHOD":"Unverified","REMARKS":" ","UUID":"{f698b31e-3297-4199-bd83-ce6471fede7a}","Shape_Leng":0.00103449525575,"Shape_Area":4.1801439907999999e-08,"HEIGHT_FT":21.2598432626,"Shape_Length":209.45761009265757}},{"type":"Feature","id":30750,"geometry":{"type":"Polygon","coordinates":[[[-106.26082798411664,31.794424434831708],[-106.26083796877452,31.794494711266474],[-106.26098234490472,31.79449482588339],[-106.26097393760253,31.794413962198394],[-106.26098027560418,31.794336250749208],[-106.2608302600475,31.794335437498603],[-106.26082798411664,31.794424434831708]]]},"properties":{"OBJECTID":30750,"Join_Count":1,"TARGET_FID":213104,"PIDN":"T28799904700110","STATE_CD":"B2","CombineADD":"12727 TIERRA ESTE RD","Type":"Commercial","State_Code":"B2","Living_Are":"12888","Value":0,"Value_Sq_F":0,"Descriptio":"MAIN AREA","Class_CD":"QRDA","Class_Desc":"Apartments; Frame; Average","Class_De_1":"Apartments","Building_M":"Frame","Condition":"Average","Exterior_W":"892","Year_Built":2012,"Sq_Footage":"1947","BUILD_ID":29505880,"OCC_CLS":"Residential","PRIM_OCC":"Multi - Family Dwelling","SEC_OCC":" ","PROP_ADDR":" ","PROP_CITY":" ","PROP_ST":"Texas","PROP_ZIP":" ","OUTBLDG":" ","HEIGHT":6.48000002,"SQMETERS":438.958008,"SQFEET":4724.8999,"H_ADJ_ELEV":0,"L_ADJ_ELEV":0,"FIPS":"48141","CENSUSCODE":"48141010355","PROD_DATE":1414800000000,"SOURCE":"NGA","USNG":"13R CR 80629 18340","LONGITUDE":-106.260851442,"LATITUDE":31.794414521899999,"IMAGE_NAME":"Li270-El Paso","IMAGE_DATE":1414800000000,"VAL_METHOD":"Unverified","REMARKS":" ","UUID":"{f698b31e-3297-4199-bd83-ce6471fede7a}","Shape_Leng":0.00103449525575,"Shape_Area":4.1801439907999999e-08,"HEIGHT_FT":21.2598432626,"Shape_Length":207.47504188283907}},{"type":"Feature","id":30751,"geometry":{"type":"Polygon","coordinates":[[[-106.2610624120255,31.794504559580588],[-106.26116185229787,31.794501941547558],[-106.26116405387715,31.794465519177542],[-106.26115506630701,31.794464973075048],[-106.26115162848951,31.794356164358526],[-106.26116502004442,31.794355554299827],[-106.26115958880452,31.794322347153312],[-106.26105791749779,31.794325066827529],[-106.2610624120255,31.794504559580588]]]},"properties":{"OBJECTID":30751,"Join_Count":1,"TARGET_FID":213105,"PIDN":"T28799904700110","STATE_CD":"B2","CombineADD":"12727 TIERRA ESTE RD","Type":"Commercial","State_Code":"B2","Living_Are":"12888","Value":0,"Value_Sq_F":0,"Descriptio":"MAIN AREA","Class_CD":"QRDA","Class_Desc":"Apartments; Frame; Average","Class_De_1":"Apartments","Building_M":"Frame","Condition":"Average","Exterior_W":"892","Year_Built":2012,"Sq_Footage":"1947","BUILD_ID":29505942,"OCC_CLS":"Residential","PRIM_OCC":"Multi - Family Dwelling","SEC_OCC":" ","PROP_ADDR":" ","PROP_CITY":" ","PROP_ST":"Texas","PROP_ZIP":" ","OUTBLDG":" ","HEIGHT":6.05999994,"SQMETERS":585.48999,"SQFEET":6302.16016,"H_ADJ_ELEV":0,"L_ADJ_ELEV":0,"FIPS":"48141","CENSUSCODE":"48141010355","PROD_DATE":1414800000000,"SOURCE":"NGA","USNG":"13R CR 80595 18341","LONGITUDE":-106.261289594,"LATITUDE":31.794420115099999,"IMAGE_NAME":"Li270-El Paso","IMAGE_DATE":1414800000000,"VAL_METHOD":"Unverified","REMARKS":" ","UUID":"{fb910ac9-282d-4473-b9bb-1dc34e92f82d}","Shape_Leng":0.0013098810222900001,"Shape_Area":5.5755562710499997e-08,"HEIGHT_FT":19.8818902123,"Shape_Length":199.85424199600951}},{"type":"Feature","id":30752,"geometry":{"type":"Polygon","coordinates":[[[-106.26117845657699,31.794409424855935],[-106.26119091190691,31.794483412669781],[-106.26135507772999,31.794477845856207],[-106.2613454497892,31.79441328730698],[-106.26135343988388,31.79434410308842],[-106.26118303934331,31.79433943943787],[-106.26117845657699,31.794409424855935]]]},"properties":{"OBJECTID":30752,"Join_Count":1,"TARGET_FID":213106,"PIDN":"T28799904700110","STATE_CD":"B2","CombineADD":"12727 TIERRA ESTE RD","Type":"Commercial","State_Code":"B2","Living_Are":"12888","Value":0,"Value_Sq_F":0,"Descriptio":"MAIN AREA","Class_CD":"QRDA","Class_Desc":"Apartments; Frame; Average","Class_De_1":"Apartments","Building_M":"Frame","Condition":"Average","Exterior_W":"892","Year_Built":2012,"Sq_Footage":"1947","BUILD_ID":29505942,"OCC_CLS":"Residential","PRIM_OCC":"Multi - Family Dwelling","SEC_OCC":" ","PROP_ADDR":" ","PROP_CITY":" ","PROP_ST":"Texas","PROP_ZIP":" ","OUTBLDG":" ","HEIGHT":6.05999994,"SQMETERS":585.48999,"SQFEET":6302.16016,"H_ADJ_ELEV":0,"L_ADJ_ELEV":0,"FIPS":"48141","CENSUSCODE":"48141010355","PROD_DATE":1414800000000,"SOURCE":"NGA","USNG":"13R CR 80595 18341","LONGITUDE":-106.261289594,"LATITUDE":31.794420115099999,"IMAGE_NAME":"Li270-El Paso","IMAGE_DATE":1414800000000,"VAL_METHOD":"Unverified","REMARKS":" ","UUID":"{fb910ac9-282d-4473-b9bb-1dc34e92f82d}","Shape_Leng":0.0013098810222900001,"Shape_Area":5.5755562710499997e-08,"HEIGHT_FT":19.8818902123,"Shape_Length":205.67303083194557}},{"type":"Feature","id":30753,"geometry":{"type":"Polygon","coordinates":[[[-106.26137800691679,31.794504519920832],[-106.2614762124946,31.79450004592282],[-106.26147189576606,31.794323412557102],[-106.2613711019933,31.794322269453207],[-106.26137800691679,31.794504519920832]]]},"properties":{"OBJECTID":30753,"Join_Count":1,"TARGET_FID":213107,"PIDN":"T28799904700110","STATE_CD":"B2","CombineADD":"12727 TIERRA ESTE RD","Type":"Commercial","State_Code":"B2","Living_Are":"12888","Value":0,"Value_Sq_F":0,"Descriptio":"MAIN AREA","Class_CD":"QRDA","Class_Desc":"Apartments; Frame; Average","Class_De_1":"Apartments","Building_M":"Frame","Condition":"Average","Exterior_W":"892","Year_Built":2012,"Sq_Footage":"1947","BUILD_ID":29505942,"OCC_CLS":"Residential","PRIM_OCC":"Multi - Family Dwelling","SEC_OCC":" ","PROP_ADDR":" ","PROP_CITY":" ","PROP_ST":"Texas","PROP_ZIP":" ","OUTBLDG":" ","HEIGHT":6.05999994,"SQMETERS":585.48999,"SQFEET":6302.16016,"H_ADJ_ELEV":0,"L_ADJ_ELEV":0,"FIPS":"48141","CENSUSCODE":"48141010355","PROD_DATE":1414800000000,"SOURCE":"NGA","USNG":"13R CR 80595 18341","LONGITUDE":-106.261289594,"LATITUDE":31.794420115099999,"IMAGE_NAME":"Li270-El Paso","IMAGE_DATE":1414800000000,"VAL_METHOD":"Unverified","REMARKS":" ","UUID":"{fb910ac9-282d-4473-b9bb-1dc34e92f82d}","Shape_Leng":0.0013098810222900001,"Shape_Area":5.5755562710499997e-08,"HEIGHT_FT":19.8818902123,"Shape_Length":192.47885220740875}},{"type":"Feature","id":30762,"geometry":{"type":"Polygon","coordinates":[[[-106.25995444267713,31.760377253539481],[-106.26017427527019,31.760377273958703],[-106.26018139404538,31.760141809932861],[-106.26024415621696,31.76009880451636],[-106.2608846231161,31.760089692582248],[-106.26088156538358,31.759906308911958],[-106.26003429690496,31.759909071794418],[-106.25995350818296,31.759985875693456],[-106.25995444267713,31.760377253539481]]]},"properties":{"OBJECTID":30762,"Join_Count":1,"TARGET_FID":213141,"PIDN":"M77199900201850","STATE_CD":"F1","CombineADD":"12400 MONTWOOD DR","Type":"Commercial","State_Code":"F1","Living_Are":"4140","Value":545534,"Value_Sq_F":131.77149758499999,"Descriptio":"MAIN AREA","Class_CD":"PACA","Class_Desc":" ","Class_De_1":"Branch Bank","Building_M":"Masonry","Condition":"Average","Exterior_W":"817","Year_Built":2010,"Sq_Footage":"4140","BUILD_ID":29395869,"OCC_CLS":"Commercial","PRIM_OCC":"Retail Trade","SEC_OCC":" ","PROP_ADDR":"12400 MONTWOOD DRIVE EASTBOUND","PROP_CITY":"EL PASO","PROP_ST":"Texas","PROP_ZIP":"79928","OUTBLDG":" ","HEIGHT":5.05000019,"SQMETERS":2384.37988,"SQFEET":25665.1992,"H_ADJ_ELEV":0,"L_ADJ_ELEV":0,"FIPS":"48141","CENSUSCODE":"48141010366","PROD_DATE":1414800000000,"SOURCE":"NGA","USNG":"13R CR 80631 14525","LONGITUDE":-106.260342932,"LATITUDE":31.7600671143,"IMAGE_NAME":"Li270-El Paso","IMAGE_DATE":1414800000000,"VAL_METHOD":"Unverified","REMARKS":" ","UUID":"{dd3180bc-7566-4b09-8d46-c5dea3a55647}","Shape_Leng":0.0027349359915200002,"Shape_Area":2.26978942109e-07,"HEIGHT_FT":16.5682426258,"Shape_Length":888.10779941670535}},{"type":"Feature","id":30763,"geometry":{"type":"Polygon","coordinates":[[[-106.26049903932409,31.760418392440137],[-106.26078852887255,31.760405200865286],[-106.26078879638868,31.760301956999022],[-106.26049770076736,31.760289413857947],[-106.26049903932409,31.760418392440137]]]},"properties":{"OBJECTID":30763,"Join_Count":1,"TARGET_FID":213142,"PIDN":"M77199900201850","STATE_CD":"F1","CombineADD":"12400 MONTWOOD DR","Type":"Commercial","State_Code":"F1","Living_Are":"4140","Value":545534,"Value_Sq_F":131.77149758499999,"Descriptio":"MAIN AREA","Class_CD":"PACA","Class_Desc":" ","Class_De_1":"Branch Bank","Building_M":"Masonry","Condition":"Average","Exterior_W":"817","Year_Built":2010,"Sq_Footage":"4140","BUILD_ID":29395958,"OCC_CLS":"Commercial","PRIM_OCC":"Retail Trade","SEC_OCC":" ","PROP_ADDR":"12400 MONTWOOD DRIVE EASTBOUND","PROP_CITY":"EL PASO","PROP_ST":"Texas","PROP_ZIP":"79928","OUTBLDG":" ","HEIGHT":4.07999992,"SQMETERS":363.279999,"SQFEET":3910.31006,"H_ADJ_ELEV":0,"L_ADJ_ELEV":0,"FIPS":"48141","CENSUSCODE":"48141010366","PROD_DATE":1414800000000,"SOURCE":"NGA","USNG":"13R CR 80611 14563","LONGITUDE":-106.260657192,"LATITUDE":31.7603479516,"IMAGE_NAME":"Li270-El Paso","IMAGE_DATE":1414800000000,"VAL_METHOD":"Unverified","REMARKS":" ","UUID":"{12081dba-6b26-4bde-a7f6-7bcd7df5fa6d}","Shape_Leng":0.00081748225360999999,"Shape_Area":3.4582282228700003e-08,"HEIGHT_FT":13.3858269497,"Shape_Length":265.17363334917326}},{"type":"Feature","id":30764,"geometry":{"type":"Polygon","coordinates":[[[-106.24957512254282,31.794521275688307],[-106.24935251514806,31.794584939690992],[-106.2493534875986,31.794587291528462],[-106.24940252195768,31.794705857226838],[-106.24940489510475,31.794711595403605],[-106.24978552052502,31.794596795030866],[-106.24973962992604,31.794495641891768],[-106.24973103042453,31.794476686569769],[-106.24957512254282,31.794521275688307]]]},"properties":{"OBJECTID":30764,"Join_Count":1,"TARGET_FID":213230,"PIDN":"Q53099900H00100","STATE_CD":"F1","CombineADD":"12770 EDGEMERE BLVD","Type":"Commercial","State_Code":"F1","Living_Are":"5064","Value":415235,"Value_Sq_F":81.997432859400007,"Descriptio":"MAIN AREA","Class_CD":"EKDG","Class_Desc":"Health Club; Frame; Good","Class_De_1":"Health Club","Building_M":"Frame","Condition":"Good","Exterior_W":"892","Year_Built":2013,"Sq_Footage":"5064","BUILD_ID":29506253,"OCC_CLS":"Residential","PRIM_OCC":"Unclassified","SEC_OCC":" ","PROP_ADDR":" ","PROP_CITY":" ","PROP_ST":"Texas","PROP_ZIP":" ","OUTBLDG":" ","HEIGHT":4.01000023,"SQMETERS":514.54303,"SQFEET":5538.49023,"H_ADJ_ELEV":0,"L_ADJ_ELEV":0,"FIPS":"48141","CENSUSCODE":"48141010353","PROD_DATE":1414800000000,"SOURCE":"NGA","USNG":"13R CR 81707 18348","LONGITUDE":-106.24954285600001,"LATITUDE":31.794595886,"IMAGE_NAME":"Li270-El Paso","IMAGE_DATE":1414800000000,"VAL_METHOD":"Unverified","REMARKS":" ","UUID":"{aec61b2f-3f04-495a-9a51-32deb8b0b982}","Shape_Leng":0.0010323172825399999,"Shape_Area":4.89994176793e-08,"HEIGHT_FT":13.1561691509,"Shape_Length":345.16251216569299}},{"type":"Feature","id":30765,"geometry":{"type":"Polygon","coordinates":[[[-106.24934371885375,31.79469360166242],[-106.24931960242407,31.794703286123575],[-106.24932412261647,31.794713357527669],[-106.24933032380427,31.794727172818565],[-106.24937657090516,31.794715033547973],[-106.24936791467599,31.794683884686354],[-106.24934371885375,31.79469360166242]]]},"properties":{"OBJECTID":30765,"Join_Count":0,"TARGET_FID":213231,"PIDN":"Q53099900G00100","STATE_CD":"F1","CombineADD":"12770 EDGEMERE BLVD","Type":"Commercial","State_Code":"F1","Living_Are":"3779.3","Value":298225,"Value_Sq_F":78.910115629900005,"Descriptio":"MAIN AREA","Class_CD":"XDDG","Class_Desc":"Daycare; Frame; Good","Class_De_1":"Daycare","Building_M":"Frame","Condition":"Good","Exterior_W":"892","Year_Built":2014,"Sq_Footage":"3779.3","BUILD_ID":null,"OCC_CLS":null,"PRIM_OCC":null,"SEC_OCC":null,"PROP_ADDR":null,"PROP_CITY":null,"PROP_ST":null,"PROP_ZIP":null,"OUTBLDG":null,"HEIGHT":null,"SQMETERS":null,"SQFEET":null,"H_ADJ_ELEV":null,"L_ADJ_ELEV":null,"FIPS":null,"CENSUSCODE":null,"PROD_DATE":null,"SOURCE":null,"USNG":null,"LONGITUDE":null,"LATITUDE":null,"IMAGE_NAME":null,"IMAGE_DATE":null,"VAL_METHOD":null,"REMARKS":null,"UUID":null,"Shape_Leng":null,"Shape_Area":null,"HEIGHT_FT":null,"Shape_Length":52.571489202572614}},{"type":"Feature","id":30766,"geometry":{"type":"Polygon","coordinates":[[[-106.24925305427476,31.794726384105122],[-106.24925639454528,31.794740513708749],[-106.24925875428553,31.794750499094686],[-106.24930248967516,31.794738474043008],[-106.24930078478766,31.794720349527694],[-106.24930000498155,31.794712062480446],[-106.24925305427476,31.794726384105122]]]},"properties":{"OBJECTID":30766,"Join_Count":0,"TARGET_FID":213232,"PIDN":"Q53099900G00100","STATE_CD":"F1","CombineADD":"12770 EDGEMERE BLVD","Type":"Commercial","State_Code":"F1","Living_Are":"3779.3","Value":298225,"Value_Sq_F":78.910115629900005,"Descriptio":"MAIN AREA","Class_CD":"XDDG","Class_Desc":"Daycare; Frame; Good","Class_De_1":"Daycare","Building_M":"Frame","Condition":"Good","Exterior_W":"892","Year_Built":2014,"Sq_Footage":"3779.3","BUILD_ID":null,"OCC_CLS":null,"PRIM_OCC":null,"SEC_OCC":null,"PROP_ADDR":null,"PROP_CITY":null,"PROP_ST":null,"PROP_ZIP":null,"OUTBLDG":null,"HEIGHT":null,"SQMETERS":null,"SQFEET":null,"H_ADJ_ELEV":null,"L_ADJ_ELEV":null,"FIPS":null,"CENSUSCODE":null,"PROD_DATE":null,"SOURCE":null,"USNG":null,"LONGITUDE":null,"LATITUDE":null,"IMAGE_NAME":null,"IMAGE_DATE":null,"VAL_METHOD":null,"REMARKS":null,"UUID":null,"Shape_Leng":null,"Shape_Area":null,"HEIGHT_FT":null,"Shape_Length":48.353746758037943}},{"type":"Feature","id":30767,"geometry":{"type":"Polygon","coordinates":[[[-106.24916985561761,31.79475167323114],[-106.24917111300064,31.794755373158353],[-106.2491770507753,31.794772851854418],[-106.24924069661542,31.794757055044926],[-106.24923997231136,31.794745433764827],[-106.24923931541981,31.794734894099541],[-106.24916985561761,31.79475167323114]]]},"properties":{"OBJECTID":30767,"Join_Count":1,"TARGET_FID":213233,"PIDN":"Q53099900G00100","STATE_CD":"F1","CombineADD":"12770 EDGEMERE BLVD","Type":"Commercial","State_Code":"F1","Living_Are":"3779.3","Value":298225,"Value_Sq_F":78.910115629900005,"Descriptio":"MAIN AREA","Class_CD":"XDDG","Class_Desc":"Daycare; Frame; Good","Class_De_1":"Daycare","Building_M":"Frame","Condition":"Good","Exterior_W":"892","Year_Built":2014,"Sq_Footage":"3779.3","BUILD_ID":29506629,"OCC_CLS":"Residential","PRIM_OCC":"Unclassified","SEC_OCC":" ","PROP_ADDR":" ","PROP_CITY":" ","PROP_ST":"Texas","PROP_ZIP":" ","OUTBLDG":" ","HEIGHT":4.57999992,"SQMETERS":338.201996,"SQFEET":3640.37988,"H_ADJ_ELEV":0,"L_ADJ_ELEV":0,"FIPS":"48141","CENSUSCODE":"48141010353","PROD_DATE":1414800000000,"SOURCE":"NGA","USNG":"13R CR 81750 18361","LONGITUDE":-106.249087874,"LATITUDE":31.794721416800002,"IMAGE_NAME":"Li270-El Paso","IMAGE_DATE":1414800000000,"VAL_METHOD":"Unverified","REMARKS":" ","UUID":"{df75afb3-754c-4d73-b29e-389482fdcc1b}","Shape_Leng":0.00078329371665799999,"Shape_Area":3.2206732092e-08,"HEIGHT_FT":15.026246949700001,"Shape_Length":59.115609534082239}},{"type":"Feature","id":30768,"geometry":{"type":"Polygon","coordinates":[[[-106.2489946082343,31.794798855922757],[-106.24900470555902,31.794822266151851],[-106.24907645340275,31.794801799405818],[-106.2490710643048,31.794787881255562],[-106.24906745113277,31.794778551637382],[-106.24907480496022,31.794775349824562],[-106.24909492829426,31.794789534685602],[-106.2491072882621,31.7947982462846],[-106.24914701784651,31.7947892717958],[-106.24914986855819,31.794761901474768],[-106.24915069440736,31.794753977649652],[-106.24925982993713,31.794713888992302],[-106.24922453418996,31.794651754961293],[-106.24921457480765,31.794634223381102],[-106.24895466881564,31.794706256647267],[-106.24895948943897,31.794717433403271],[-106.2489946082343,31.794798855922757]]]},"properties":{"OBJECTID":30768,"Join_Count":1,"TARGET_FID":213234,"PIDN":"Q53099900G00100","STATE_CD":"F1","CombineADD":"12770 EDGEMERE BLVD","Type":"Commercial","State_Code":"F1","Living_Are":"3779.3","Value":298225,"Value_Sq_F":78.910115629900005,"Descriptio":"MAIN AREA","Class_CD":"XDDG","Class_Desc":"Daycare; Frame; Good","Class_De_1":"Daycare","Building_M":"Frame","Condition":"Good","Exterior_W":"892","Year_Built":2014,"Sq_Footage":"3779.3","BUILD_ID":29506629,"OCC_CLS":"Residential","PRIM_OCC":"Unclassified","SEC_OCC":" ","PROP_ADDR":" ","PROP_CITY":" ","PROP_ST":"Texas","PROP_ZIP":" ","OUTBLDG":" ","HEIGHT":4.57999992,"SQMETERS":338.201996,"SQFEET":3640.37988,"H_ADJ_ELEV":0,"L_ADJ_ELEV":0,"FIPS":"48141","CENSUSCODE":"48141010353","PROD_DATE":1414800000000,"SOURCE":"NGA","USNG":"13R CR 81750 18361","LONGITUDE":-106.249087874,"LATITUDE":31.794721416800002,"IMAGE_NAME":"Li270-El Paso","IMAGE_DATE":1414800000000,"VAL_METHOD":"Unverified","REMARKS":" ","UUID":"{df75afb3-754c-4d73-b29e-389482fdcc1b}","Shape_Leng":0.00078329371665799999,"Shape_Area":3.2206732092e-08,"HEIGHT_FT":15.026246949700001,"Shape_Length":272.71365954165759}},{"type":"Feature","id":30769,"geometry":{"type":"Polygon","coordinates":[[[-106.24891505263277,31.794723277477861],[-106.24890239407058,31.794729422655475],[-106.24883280296132,31.794746369237515],[-106.24873951334611,31.794769085860082],[-106.24874583806674,31.794785241031381],[-106.24878942424789,31.794896569312783],[-106.2488504715915,31.794879458438178],[-106.24888905214759,31.794865518382434],[-106.24888679953808,31.79485630121539],[-106.24890505408655,31.794849951315097],[-106.2489340282828,31.794839872691306],[-106.24896977459306,31.794827438757171],[-106.24893335228603,31.79471439400066],[-106.24891505263277,31.794723277477861]]]},"properties":{"OBJECTID":30769,"Join_Count":1,"TARGET_FID":213235,"PIDN":"Q53099900F00100","STATE_CD":"F1","CombineADD":"12770 EDGEMERE BLVD","Type":" ","State_Code":" ","Living_Are":" ","Value":0,"Value_Sq_F":0,"Descriptio":" ","Class_CD":" ","Class_Desc":" ","Class_De_1":" ","Building_M":" ","Condition":" ","Exterior_W":" ","Year_Built":0,"Sq_Footage":" ","BUILD_ID":29506908,"OCC_CLS":"Residential","PRIM_OCC":"Unclassified","SEC_OCC":" ","PROP_ADDR":" ","PROP_CITY":" ","PROP_ST":"Texas","PROP_ZIP":" ","OUTBLDG":" ","HEIGHT":5.26000023,"SQMETERS":230.451996,"SQFEET":2480.57007,"H_ADJ_ELEV":0,"L_ADJ_ELEV":0,"FIPS":"48141","CENSUSCODE":"48141010353","PROD_DATE":1414800000000,"SOURCE":"NGA","USNG":"13R CR 81774 18370","LONGITUDE":-106.248833043,"LATITUDE":31.794800866399999,"IMAGE_NAME":"Li270-El Paso","IMAGE_DATE":1414800000000,"VAL_METHOD":"Unverified","REMARKS":" ","UUID":"{262f6cc9-a867-4a99-a873-045b5ba48dc9}","Shape_Leng":0.00060560463436800001,"Shape_Area":2.19458111882e-08,"HEIGHT_FT":17.257219150899999,"Shape_Length":219.47893544513164}},{"type":"Feature","id":30770,"geometry":{"type":"Polygon","coordinates":[[[-106.24928629156497,31.79496266711115],[-106.24927150589676,31.794968565834051],[-106.2492324619319,31.794978226285469],[-106.24921116333894,31.794983496277883],[-106.24921196027785,31.794984151857033],[-106.24922354885251,31.794993686060103],[-106.2491194706835,31.795020640584585],[-106.24918119083102,31.795149023030056],[-106.2492616408642,31.795123503038631],[-106.2492840764434,31.795116386795073],[-106.24928152655566,31.795111087453257],[-106.24927732674567,31.79510235620338],[-106.24934815002261,31.795082237517928],[-106.24936145101056,31.795078459140232],[-106.24931409332984,31.794951575089524],[-106.24928629156497,31.79496266711115]]]},"properties":{"OBJECTID":30770,"Join_Count":1,"TARGET_FID":213236,"PIDN":"Q53099900B00100","STATE_CD":"F1","CombineADD":"12770 EDGEMERE BLVD","Type":"Commercial","State_Code":"F1","Living_Are":"2807","Value":0,"Value_Sq_F":0,"Descriptio":"MAIN AREA","Class_CD":"PFDG","Class_Desc":"1 & 2 Story Detached Office; Frame; Low","Class_De_1":"1 & 2 Story Detached Office","Building_M":"Frame","Condition":"Low","Exterior_W":"892","Year_Built":2012,"Sq_Footage":"2807","BUILD_ID":29507736,"OCC_CLS":"Residential","PRIM_OCC":"Unclassified","SEC_OCC":" ","PROP_ADDR":" ","PROP_CITY":" ","PROP_ST":"Texas","PROP_ZIP":" ","OUTBLDG":" ","HEIGHT":5.05000019,"SQMETERS":259.842987,"SQFEET":2796.91992,"H_ADJ_ELEV":0,"L_ADJ_ELEV":0,"FIPS":"48141","CENSUSCODE":"48141010353","PROD_DATE":1414800000000,"SOURCE":"NGA","USNG":"13R CR 81738 18398","LONGITUDE":-106.249220835,"LATITUDE":31.795050034199999,"IMAGE_NAME":"Li270-El Paso","IMAGE_DATE":1414800000000,"VAL_METHOD":"Unverified","REMARKS":" ","UUID":"{83207965-ed19-4797-a6b4-ea4c78111877}","Shape_Leng":0.00064340868943599998,"Shape_Area":2.4744730444000001e-08,"HEIGHT_FT":16.5682426258,"Shape_Length":239.35325942009814}},{"type":"Feature","id":30771,"geometry":{"type":"Polygon","coordinates":[[[-106.24637486155288,31.797781553374403],[-106.24656124596494,31.797701396822383],[-106.24651451505383,31.797651904703937],[-106.24733724892663,31.797223103847514],[-106.2473690025197,31.797274709668734],[-106.24754014141139,31.797192377005633],[-106.24747928753936,31.79710481646902],[-106.24749725561203,31.797096830672075],[-106.24742774609469,31.796978122050678],[-106.24733482171617,31.79702249010041],[-106.24734698457944,31.797029105590568],[-106.24621992245108,31.797585001413502],[-106.24627477421221,31.797657063598209],[-106.24629097996655,31.797647724766488],[-106.24637486155288,31.797781553374403]]]},"properties":{"OBJECTID":30771,"Join_Count":1,"TARGET_FID":213237,"PIDN":"V65899900100115","STATE_CD":"F1","CombineADD":"12801 EDGEMERE","Type":"Commercial","State_Code":"F1","Living_Are":"27600","Value":2884036,"Value_Sq_F":104.494057971,"Descriptio":"MAIN AREA","Class_CD":"MXCA","Class_Desc":" ","Class_De_1":"Strip Store","Building_M":"Masonry","Condition":"Average","Exterior_W":"892","Year_Built":2012,"Sq_Footage":"27600","BUILD_ID":29516518,"OCC_CLS":"Commercial","PRIM_OCC":"Retail Trade","SEC_OCC":" ","PROP_ADDR":"12801 EDGEMERE BOULEVARD WESTBOUND","PROP_CITY":"EL PASO","PROP_ST":"Texas","PROP_ZIP":"79938","OUTBLDG":" ","HEIGHT":5.4000001,"SQMETERS":2661.56006,"SQFEET":28648.8008,"H_ADJ_ELEV":0,"L_ADJ_ELEV":0,"FIPS":"48141","CENSUSCODE":"48141010354","PROD_DATE":1414800000000,"SOURCE":"NGA","USNG":"13R CR 81965 18652","LONGITUDE":-106.246852812,"LATITUDE":31.797365866900002,"IMAGE_NAME":"Li270-El Paso","IMAGE_DATE":1414800000000,"VAL_METHOD":"Unverified","REMARKS":" ","UUID":"{286f4849-3ea4-4f73-a421-3ea13858a5e2}","Shape_Leng":0.0033325036712899998,"Shape_Area":2.5346589816399998e-07,"HEIGHT_FT":17.716536312900001,"Shape_Length":1095.7508967991114}},{"type":"Feature","id":31071,"geometry":{"type":"Polygon","coordinates":[[[-106.26076477262188,31.793094434762985],[-106.26172158754352,31.793084169004995],[-106.26172560901546,31.792885519701009],[-106.26076879609471,31.79289578548941],[-106.26076477262188,31.793094434762985]]]},"properties":{"OBJECTID":31071,"Join_Count":1,"TARGET_FID":215936,"PIDN":"T28799904700100","STATE_CD":"F1","CombineADD":"12371 EDGEMERE","Type":"Commercial","State_Code":"F1","Living_Are":"18000","Value":910181,"Value_Sq_F":50.565611111099997,"Descriptio":"MAIN AREA","Class_CD":"MXDA","Class_Desc":" ","Class_De_1":"Strip Store","Building_M":"Frame","Condition":"Average","Exterior_W":"892","Year_Built":2013,"Sq_Footage":"18000","BUILD_ID":29499929,"OCC_CLS":"Commercial","PRIM_OCC":"Retail Trade","SEC_OCC":" ","PROP_ADDR":" ","PROP_CITY":" ","PROP_ST":"Texas","PROP_ZIP":" ","OUTBLDG":" ","HEIGHT":4.73000002,"SQMETERS":1793.91003,"SQFEET":19309.5,"H_ADJ_ELEV":0,"L_ADJ_ELEV":0,"FIPS":"48141","CENSUSCODE":"48141010355","PROD_DATE":1414800000000,"SOURCE":"NGA","USNG":"13R CR 80596 18181","LONGITUDE":-106.26125379299999,"LATITUDE":31.7929803878,"IMAGE_NAME":"Li270-El Paso","IMAGE_DATE":1414800000000,"VAL_METHOD":"Unverified","REMARKS":" ","UUID":"{25f24fdc-b65e-446c-9b46-11eee04c7e64}","Shape_Leng":0.0023057590370400001,"Shape_Area":1.7082956906e-07,"HEIGHT_FT":15.518373262600001,"Shape_Length":739.16910626374761}},{"type":"Feature","id":31072,"geometry":{"type":"Polygon","coordinates":[[[-106.26021708846797,31.793124144624286],[-106.26041967124635,31.793123563836478],[-106.26041807305607,31.792718177139463],[-106.26021549114206,31.79271875792486],[-106.26021708846797,31.793124144624286]]]},"properties":{"OBJECTID":31072,"Join_Count":1,"TARGET_FID":215937,"PIDN":"T28799904700120","STATE_CD":"F1","CombineADD":"12379 EDGEMERE","Type":"Commercial","State_Code":"F1","Living_Are":"9016","Value":377311,"Value_Sq_F":41.849046140200002,"Descriptio":"MAIN AREA","Class_CD":"MXCA","Class_Desc":" ","Class_De_1":"Strip Store","Building_M":"Masonry","Condition":"Average","Exterior_W":"868","Year_Built":2012,"Sq_Footage":"9016","BUILD_ID":29500101,"OCC_CLS":"Unclassified","PRIM_OCC":"Unclassified","SEC_OCC":" ","PROP_ADDR":" ","PROP_CITY":" ","PROP_ST":"Texas","PROP_ZIP":" ","OUTBLDG":" ","HEIGHT":5.03000021,"SQMETERS":887.062988,"SQFEET":9548.25977,"H_ADJ_ELEV":0,"L_ADJ_ELEV":0,"FIPS":"48141","CENSUSCODE":"48141010355","PROD_DATE":1414800000000,"SOURCE":"NGA","USNG":"13R CR 80684 18173","LONGITUDE":-106.26032303300001,"LATITUDE":31.7929170733,"IMAGE_NAME":"Li270-El Paso","IMAGE_DATE":1414800000000,"VAL_METHOD":"Unverified","REMARKS":" ","UUID":"{6973baad-b6b6-419d-82d1-89036b1d448c}","Shape_Leng":0.0012384894806899999,"Shape_Area":8.4472680769300001e-08,"HEIGHT_FT":16.502625888299999,"Shape_Length":420.8324021873857}},{"type":"Feature","id":31092,"geometry":{"type":"Polygon","coordinates":[[[-106.26663177602958,31.755898946019602],[-106.26689767121267,31.755902579467644],[-106.26690417503703,31.755555184264992],[-106.26663828076921,31.755551549929155],[-106.26663177602958,31.755898946019602]]]},"properties":{"OBJECTID":31092,"Join_Count":1,"TARGET_FID":215958,"PIDN":"E36199900100460","STATE_CD":"F1","CombineADD":"1830 JOE BATTLE BLVD","Type":" ","State_Code":" ","Living_Are":" ","Value":0,"Value_Sq_F":0,"Descriptio":" ","Class_CD":" ","Class_Desc":" ","Class_De_1":" ","Building_M":" ","Condition":" ","Exterior_W":" ","Year_Built":0,"Sq_Footage":" ","BUILD_ID":29386937,"OCC_CLS":"Commercial","PRIM_OCC":"Retail Trade","SEC_OCC":" ","PROP_ADDR":" ","PROP_CITY":" ","PROP_ST":"Texas","PROP_ZIP":" ","OUTBLDG":" ","HEIGHT":5.30000019,"SQMETERS":966.453979,"SQFEET":10402.7998,"H_ADJ_ELEV":0,"L_ADJ_ELEV":0,"FIPS":"48141","CENSUSCODE":"48141010366","PROD_DATE":1414800000000,"SOURCE":"NGA","USNG":"13R CR 80025 14057","LONGITUDE":-106.266778237,"LATITUDE":31.755722410400001,"IMAGE_NAME":"Li270-El Paso","IMAGE_DATE":1414800000000,"VAL_METHOD":"Unverified","REMARKS":" ","UUID":"{3fb4a7d9-f42f-482b-b9c0-a7adcaaeb2c1}","Shape_Leng":0.00122288557155,"Shape_Area":9.1996622581400005e-08,"HEIGHT_FT":17.388452625799999,"Shape_Length":418.0952222382283}},{"type":"Feature","id":31093,"geometry":{"type":"Polygon","coordinates":[[[-106.26678717243797,31.755343987090651],[-106.2670157901331,31.755342307650746],[-106.26701472813004,31.755236739547353],[-106.26678611063255,31.755238418084922],[-106.26678717243797,31.755343987090651]]]},"properties":{"OBJECTID":31093,"Join_Count":1,"TARGET_FID":215959,"PIDN":"E36199900100440","STATE_CD":"F1","CombineADD":"1820 JOE BATTLE BLVD","Type":" ","State_Code":" ","Living_Are":" ","Value":0,"Value_Sq_F":0,"Descriptio":" ","Class_CD":" ","Class_Desc":" ","Class_De_1":" ","Building_M":" ","Condition":" ","Exterior_W":" ","Year_Built":0,"Sq_Footage":" ","BUILD_ID":29386061,"OCC_CLS":"Commercial","PRIM_OCC":"Entertainment and Recreation","SEC_OCC":" ","PROP_ADDR":" ","PROP_CITY":" ","PROP_ST":"Texas","PROP_ZIP":" ","OUTBLDG":" ","HEIGHT":4.61000013,"SQMETERS":222.125,"SQFEET":2390.93994,"H_ADJ_ELEV":0,"L_ADJ_ELEV":0,"FIPS":"48141","CENSUSCODE":"48141010366","PROD_DATE":1414800000000,"SOURCE":"NGA","USNG":"13R CR 80011 14009","LONGITUDE":-106.266917466,"LATITUDE":31.755285123699998,"IMAGE_NAME":"Li270-El Paso","IMAGE_DATE":1414800000000,"VAL_METHOD":"Unverified","REMARKS":" ","UUID":"{9dfd62f0-56b9-44bd-9776-5b946652496c}","Shape_Leng":0.00062537593413100005,"Shape_Area":2.1143983876500001e-08,"HEIGHT_FT":15.124672838,"Shape_Length":218.93555464841734}},{"type":"Feature","id":31094,"geometry":{"type":"Polygon","coordinates":[[[-106.26664939394227,31.757116880159664],[-106.26696498780842,31.757123855218204],[-106.26697193858843,31.75696823837691],[-106.26701374943706,31.756943535043025],[-106.26696426309812,31.756898775432941],[-106.26693417971308,31.756924368961258],[-106.26693471236084,31.756932893148946],[-106.26665937998251,31.75692978045511],[-106.26664939394227,31.757116880159664]]]},"properties":{"OBJECTID":31094,"Join_Count":1,"TARGET_FID":215960,"PIDN":"E36199900100420","STATE_CD":"F1","CombineADD":"1860 JOE BATTLE BLVD","Type":"Commercial","State_Code":"F1","Living_Are":"7373","Value":575406,"Value_Sq_F":78.042316560399996,"Descriptio":"MAIN AREA","Class_CD":"ERDG","Class_Desc":"Restaurant; Frame; Good","Class_De_1":"Restaurant","Building_M":"Frame","Condition":"Good","Exterior_W":"895","Year_Built":2007,"Sq_Footage":"7373","BUILD_ID":29389203,"OCC_CLS":"Commercial","PRIM_OCC":"Entertainment and Recreation","SEC_OCC":" ","PROP_ADDR":"1860 JOE BATTLE BOULEVARD NORTHBOUND","PROP_CITY":"EL PASO","PROP_ST":"Texas","PROP_ZIP":"79928","OUTBLDG":" ","HEIGHT":4.05999994,"SQMETERS":598.786011,"SQFEET":6445.27002,"H_ADJ_ELEV":0,"L_ADJ_ELEV":0,"FIPS":"48141","CENSUSCODE":"48141010366","PROD_DATE":1414800000000,"SOURCE":"NGA","USNG":"13R CR 80022 14202","LONGITUDE":-106.266823152,"LATITUDE":31.7570226522,"IMAGE_NAME":"Li270-El Paso","IMAGE_DATE":1414800000000,"VAL_METHOD":"Unverified","REMARKS":" ","UUID":"{b168f5d5-36a0-4305-b0e0-8dad4a9600ad}","Shape_Leng":0.00097870431387899999,"Shape_Area":5.69991100374e-08,"HEIGHT_FT":13.320210212299999,"Shape_Length":362.99610331246515}},{"type":"Feature","id":31095,"geometry":{"type":"Polygon","coordinates":[[[-106.26661981194955,31.757710931653943],[-106.26664843438124,31.757715325004853],[-106.26664916794779,31.757753760165283],[-106.26692126595024,31.757758444830291],[-106.26692430063197,31.757726961954106],[-106.26692975058631,31.757654049870368],[-106.26696466786996,31.757652457002504],[-106.26696741274635,31.757589642901468],[-106.26689389656775,31.757587297589783],[-106.26689670565696,31.757498833302371],[-106.26682808852864,31.757494840175958],[-106.26682720079312,31.757480633198814],[-106.26669688380437,31.757476604183971],[-106.26669865923667,31.757505018140005],[-106.26666032670467,31.757505342433941],[-106.26666227966884,31.757536597785766],[-106.2666255205493,31.757535425097032],[-106.26661981194955,31.757710931653943]]]},"properties":{"OBJECTID":31095,"Join_Count":1,"TARGET_FID":215961,"PIDN":"E36199900100410","STATE_CD":"F1","CombineADD":"1870 JOE BATTLE BLVD","Type":"Commercial","State_Code":"F1","Living_Are":"7208","Value":460503,"Value_Sq_F":63.887763595999999,"Descriptio":"MAIN AREA","Class_CD":"ERDG","Class_Desc":"Restaurant; Frame; Good","Class_De_1":"Restaurant","Building_M":"Frame","Condition":"Good","Exterior_W":"889","Year_Built":2007,"Sq_Footage":"7208","BUILD_ID":29390453,"OCC_CLS":"Commercial","PRIM_OCC":"Entertainment and Recreation","SEC_OCC":" ","PROP_ADDR":"1870 JOE BATTLE BLVD","PROP_CITY":" ","PROP_ST":"Texas","PROP_ZIP":"79928","OUTBLDG":" ","HEIGHT":4.38000011,"SQMETERS":753.013977,"SQFEET":8105.37012,"H_ADJ_ELEV":0,"L_ADJ_ELEV":0,"FIPS":"48141","CENSUSCODE":"48141010366","PROD_DATE":1414800000000,"SOURCE":"NGA","USNG":"13R CR 80027 14268","LONGITUDE":-106.26678026,"LATITUDE":31.757624794000002,"IMAGE_NAME":"Li270-El Paso","IMAGE_DATE":1414800000000,"VAL_METHOD":"Unverified","REMARKS":" ","UUID":"{685174fe-4ca8-4a7d-8d77-8b7b81adadd5}","Shape_Leng":0.00117163604349,"Shape_Area":7.16807330102e-08,"HEIGHT_FT":14.3700795755,"Shape_Length":410.51513798477066}},{"type":"Feature","id":31096,"geometry":{"type":"Polygon","coordinates":[[[-106.26584599063169,31.762231221195854],[-106.26633702192616,31.762232129916924],[-106.26633767560376,31.761974019498023],[-106.26584664564284,31.761973110779227],[-106.26584599063169,31.762231221195854]]]},"properties":{"OBJECTID":31096,"Join_Count":1,"TARGET_FID":215962,"PIDN":"M77099900100600","STATE_CD":"F1","CombineADD":"1910 ZARAGOZA RD","Type":"Commercial","State_Code":"F1","Living_Are":"14758","Value":1831424,"Value_Sq_F":124.097032118,"Descriptio":"MAIN AREA","Class_CD":"ERDA","Class_Desc":"Restaurant; Frame; Average","Class_De_1":"Restaurant","Building_M":"Frame","Condition":"Average","Exterior_W":"816","Year_Built":2013,"Sq_Footage":"14758","BUILD_ID":29399867,"OCC_CLS":"Commercial","PRIM_OCC":"Entertainment and Recreation","SEC_OCC":" ","PROP_ADDR":"1910 NORTH ZARAGOZA ROAD","PROP_CITY":"EL PASO","PROP_ST":"Texas","PROP_ZIP":"79938","OUTBLDG":" ","HEIGHT":5.19999981,"SQMETERS":1288.29004,"SQFEET":13867.0996,"H_ADJ_ELEV":0,"L_ADJ_ELEV":0,"FIPS":"48141","CENSUSCODE":"48141010366","PROD_DATE":1414800000000,"SOURCE":"NGA","USNG":"13R CR 80098 14763","LONGITUDE":-106.26609429,"LATITUDE":31.762092227499998,"IMAGE_NAME":"Li270-El Paso","IMAGE_DATE":1414800000000,"VAL_METHOD":"Unverified","REMARKS":" ","UUID":"{7b0eadb4-f368-4c42-9fe9-b27fb684d538}","Shape_Leng":0.0014855267568899999,"Shape_Area":1.2264081717300001e-07,"HEIGHT_FT":17.060367374199998,"Shape_Length":493.01924179795424}},{"type":"Feature","id":31097,"geometry":{"type":"Polygon","coordinates":[[[-106.25978971623054,31.768354120500174],[-106.25991829726314,31.768460655532905],[-106.26005117879473,31.768343598523408],[-106.25992259671735,31.768237063665026],[-106.25978971623054,31.768354120500174]]]},"properties":{"OBJECTID":31097,"Join_Count":1,"TARGET_FID":215963,"PIDN":"S81299904600330","STATE_CD":"F1","CombineADD":"2100 ZARAGOZA RD","Type":"Commercial","State_Code":"F1","Living_Are":"3410","Value":1038910,"Value_Sq_F":304.66568914999999,"Descriptio":"MAIN AREA","Class_CD":"MCCA","Class_Desc":"Mini-Mart; Masonry; Average","Class_De_1":"Mini-Mart","Building_M":"Masonry","Condition":"Average","Exterior_W":"818","Year_Built":2013,"Sq_Footage":"3410","BUILD_ID":29412636,"OCC_CLS":"Commercial","PRIM_OCC":"Retail Trade","SEC_OCC":" ","PROP_ADDR":"2100 NORTH ZARAGOZA ROAD","PROP_CITY":"EL PASO","PROP_ST":"Texas","PROP_ZIP":"79938","OUTBLDG":" ","HEIGHT":4.80000019,"SQMETERS":323.494995,"SQFEET":3482.06006,"H_ADJ_ELEV":0,"L_ADJ_ELEV":0,"FIPS":"48141","CENSUSCODE":"48141010366","PROD_DATE":1414800000000,"SOURCE":"NGA","USNG":"13R CR 80688 15450","LONGITUDE":-106.259945156,"LATITUDE":31.768354664699999,"IMAGE_NAME":"Li270-El Paso","IMAGE_DATE":1414800000000,"VAL_METHOD":"Unverified","REMARKS":" ","UUID":"{a2c53d05-6f40-4388-a7bd-95cb52bf305c}","Shape_Leng":0.00070928809797999996,"Shape_Area":3.07975248446e-08,"HEIGHT_FT":15.748032625800001,"Shape_Length":229.97255245120803}},{"type":"Feature","id":31098,"geometry":{"type":"Polygon","coordinates":[[[-106.26669771507287,31.773218114754027],[-106.26691969884185,31.773223226532423],[-106.26693332692365,31.772791280745903],[-106.26671134416289,31.772786168989995],[-106.26669771507287,31.773218114754027]]]},"properties":{"OBJECTID":31098,"Join_Count":1,"TARGET_FID":215964,"PIDN":"S81299901604600","STATE_CD":"F1","CombineADD":"2204 JOE BATTLE BLVD","Type":"Commercial","State_Code":"F1","Living_Are":"12200","Value":296780,"Value_Sq_F":24.326229508200001,"Descriptio":"MAIN AREA","Class_CD":"MXCG","Class_Desc":" ","Class_De_1":"Strip Store","Building_M":"Masonry","Condition":"Good","Exterior_W":"812","Year_Built":2013,"Sq_Footage":"12200","BUILD_ID":29424081,"OCC_CLS":"Commercial","PRIM_OCC":"Retail Trade","SEC_OCC":" ","PROP_ADDR":" ","PROP_CITY":" ","PROP_ST":"Texas","PROP_ZIP":" ","OUTBLDG":" ","HEIGHT":5.09000015,"SQMETERS":954.409973,"SQFEET":10273.2002,"H_ADJ_ELEV":0,"L_ADJ_ELEV":0,"FIPS":"48141","CENSUSCODE":"48141010329","PROD_DATE":1414800000000,"SOURCE":"NGA","USNG":"13R CR 80042 15974","LONGITUDE":-106.266830273,"LATITUDE":31.773012295299999,"IMAGE_NAME":"Li270-El Paso","IMAGE_DATE":1414800000000,"VAL_METHOD":"Unverified","REMARKS":" ","UUID":"{5e2ad682-ad6b-4ef0-b95f-2c18daeeb11e}","Shape_Leng":0.0012843777624100001,"Shape_Area":9.08667771961e-08,"HEIGHT_FT":16.699476100599998,"Shape_Length":452.39996292293034}},{"type":"Feature","id":31099,"geometry":{"type":"Polygon","coordinates":[[[-106.26664886923348,31.772721904391734],[-106.26689358195921,31.772723802001455],[-106.26689835360185,31.772274783885159],[-106.26665364303015,31.772272885335362],[-106.26664886923348,31.772721904391734]]]},"properties":{"OBJECTID":31099,"Join_Count":1,"TARGET_FID":215965,"PIDN":"S81299901604600","STATE_CD":"F1","CombineADD":"2204 JOE BATTLE BLVD","Type":"Commercial","State_Code":"F1","Living_Are":"12200","Value":296780,"Value_Sq_F":24.326229508200001,"Descriptio":"MAIN AREA","Class_CD":"MXCG","Class_Desc":" ","Class_De_1":"Strip Store","Building_M":"Masonry","Condition":"Good","Exterior_W":"812","Year_Built":2013,"Sq_Footage":"12200","BUILD_ID":29422918,"OCC_CLS":"Commercial","PRIM_OCC":"Retail Trade","SEC_OCC":" ","PROP_ADDR":" ","PROP_CITY":" ","PROP_ST":"Texas","PROP_ZIP":" ","OUTBLDG":" ","HEIGHT":5.17999983,"SQMETERS":1347.25,"SQFEET":14501.5996,"H_ADJ_ELEV":0,"L_ADJ_ELEV":0,"FIPS":"48141","CENSUSCODE":"48141010329","PROD_DATE":1414800000000,"SOURCE":"NGA","USNG":"13R CR 80043 15917","LONGITUDE":-106.266816073,"LATITUDE":31.772497245299999,"IMAGE_NAME":"Li270-El Paso","IMAGE_DATE":1414800000000,"VAL_METHOD":"Unverified","REMARKS":" ","UUID":"{10ccc7fe-37da-4ecf-8382-a37b993152e4}","Shape_Leng":0.00146535699577,"Shape_Area":1.28267036973e-07,"HEIGHT_FT":16.994750636799999,"Shape_Length":478.80416588949413}},{"type":"Feature","id":31100,"geometry":{"type":"Polygon","coordinates":[[[-106.26672637626383,31.772209047111257],[-106.26692776132234,31.772210745018725],[-106.26693276235547,31.771777732127486],[-106.26673137821452,31.771776034227415],[-106.26672637626383,31.772209047111257]]]},"properties":{"OBJECTID":31100,"Join_Count":1,"TARGET_FID":215966,"PIDN":"S81299901604600","STATE_CD":"F1","CombineADD":"2204 JOE BATTLE BLVD","Type":"Commercial","State_Code":"F1","Living_Are":"12200","Value":296780,"Value_Sq_F":24.326229508200001,"Descriptio":"MAIN AREA","Class_CD":"MXCG","Class_Desc":" ","Class_De_1":"Strip Store","Building_M":"Masonry","Condition":"Good","Exterior_W":"812","Year_Built":2013,"Sq_Footage":"12200","BUILD_ID":29421723,"OCC_CLS":"Commercial","PRIM_OCC":"Retail Trade","SEC_OCC":" ","PROP_ADDR":" ","PROP_CITY":" ","PROP_ST":"Texas","PROP_ZIP":" ","OUTBLDG":" ","HEIGHT":5.13999987,"SQMETERS":1010.91998,"SQFEET":10881.4004,"H_ADJ_ELEV":0,"L_ADJ_ELEV":0,"FIPS":"48141","CENSUSCODE":"48141010329","PROD_DATE":1414800000000,"SOURCE":"NGA","USNG":"13R CR 80038 15861","LONGITUDE":-106.266860865,"LATITUDE":31.771988256,"IMAGE_NAME":"Li270-El Paso","IMAGE_DATE":1414800000000,"VAL_METHOD":"Unverified","REMARKS":" ","UUID":"{7fc62c70-d12e-4db2-aa43-4992fae03d88}","Shape_Leng":0.0013192039805799999,"Shape_Area":9.62458906011e-08,"HEIGHT_FT":16.863517162000001,"Shape_Length":440.23188229078062}},{"type":"Feature","id":31101,"geometry":{"type":"Polygon","coordinates":[[[-106.26646771969328,31.767981640264367],[-106.26700983215025,31.767974190286722],[-106.26700702475985,31.767825133661876],[-106.26646491315294,31.767832583628252],[-106.26646771969328,31.767981640264367]]]},"properties":{"OBJECTID":31101,"Join_Count":1,"TARGET_FID":215967,"PIDN":"E12599900100100","STATE_CD":"XV-C","CombineADD":"2015 ZARAGOZA RD","Type":"Commercial","State_Code":"XV-C","Living_Are":"1333","Value":0,"Value_Sq_F":0,"Descriptio":"MAIN AREA","Class_CD":"R3","Class_Desc":"Residential, Average Quality","Class_De_1":"Residential","Building_M":" ","Condition":"Average","Exterior_W":"STU","Year_Built":0,"Sq_Footage":"1333","BUILD_ID":29411718,"OCC_CLS":"Commercial","PRIM_OCC":"Medical Office/Clinic","SEC_OCC":" ","PROP_ADDR":" ","PROP_CITY":" ","PROP_ST":"Texas","PROP_ZIP":" ","OUTBLDG":" ","HEIGHT":6.51999998,"SQMETERS":722.502014,"SQFEET":7776.93994,"H_ADJ_ELEV":0,"L_ADJ_ELEV":0,"FIPS":"48141","CENSUSCODE":"48141010329","PROD_DATE":1414800000000,"SOURCE":"NGA","USNG":"13R CR 80043 15406","LONGITUDE":-106.266749164,"LATITUDE":31.767888246999998,"IMAGE_NAME":"Li270-El Paso","IMAGE_DATE":1414800000000,"VAL_METHOD":"Unverified","REMARKS":" ","UUID":"{a446b69d-ba23-4659-8054-d0f8326454a5}","Shape_Leng":0.00131117237136,"Shape_Area":6.8783694087000002e-08,"HEIGHT_FT":21.391076737399999,"Shape_Length":445.46566272618225}},{"type":"Feature","id":31102,"geometry":{"type":"Polygon","coordinates":[[[-106.26594536560474,31.767713749714993],[-106.26626184710392,31.767983725054204],[-106.26638032938817,31.767882350159166],[-106.26606384789,31.767612375097233],[-106.26594536560474,31.767713749714993]]]},"properties":{"OBJECTID":31102,"Join_Count":1,"TARGET_FID":215968,"PIDN":"E12599900100100","STATE_CD":"XV-C","CombineADD":"2015 ZARAGOZA RD","Type":"Commercial","State_Code":"XV-C","Living_Are":"1333","Value":0,"Value_Sq_F":0,"Descriptio":"MAIN AREA","Class_CD":"R3","Class_Desc":"Residential, Average Quality","Class_De_1":"Residential","Building_M":" ","Condition":"Average","Exterior_W":"STU","Year_Built":0,"Sq_Footage":"1333","BUILD_ID":29411772,"OCC_CLS":"Commercial","PRIM_OCC":"Medical Office/Clinic","SEC_OCC":" ","PROP_ADDR":" ","PROP_CITY":" ","PROP_ST":"Texas","PROP_ZIP":" ","OUTBLDG":" ","HEIGHT":6.51999998,"SQMETERS":612.198975,"SQFEET":6589.6499,"H_ADJ_ELEV":0,"L_ADJ_ELEV":0,"FIPS":"48141","CENSUSCODE":"48141010329","PROD_DATE":1414800000000,"SOURCE":"NGA","USNG":"13R CR 80098 15396","LONGITUDE":-106.26617038400001,"LATITUDE":31.767807228700001,"IMAGE_NAME":"Li270-El Paso","IMAGE_DATE":1414800000000,"VAL_METHOD":"Unverified","REMARKS":" ","UUID":"{ba8c470b-012b-41ec-a570-2edfdec4e761}","Shape_Leng":0.00112319301802,"Shape_Area":5.82825504629e-08,"HEIGHT_FT":21.391076737399999,"Shape_Length":382.21859488800942}},{"type":"Feature","id":31103,"geometry":{"type":"Polygon","coordinates":[[[-106.2653082600703,31.767791462570028],[-106.26568202249929,31.768092810525854],[-106.2658060638382,31.76798051902546],[-106.26543230251171,31.767679171364449],[-106.2653082600703,31.767791462570028]]]},"properties":{"OBJECTID":31103,"Join_Count":1,"TARGET_FID":215969,"PIDN":"E12599900100100","STATE_CD":"XV-C","CombineADD":"2015 ZARAGOZA RD","Type":"Commercial","State_Code":"XV-C","Living_Are":"1333","Value":0,"Value_Sq_F":0,"Descriptio":"MAIN AREA","Class_CD":"R3","Class_Desc":"Residential, Average Quality","Class_De_1":"Residential","Building_M":" ","Condition":"Average","Exterior_W":"STU","Year_Built":0,"Sq_Footage":"1333","BUILD_ID":29411952,"OCC_CLS":"Commercial","PRIM_OCC":"Medical Office/Clinic","SEC_OCC":" ","PROP_ADDR":" ","PROP_CITY":" ","PROP_ST":"Texas","PROP_ZIP":" ","OUTBLDG":" ","HEIGHT":6.46000004,"SQMETERS":775.242981,"SQFEET":8344.63965,"H_ADJ_ELEV":0,"L_ADJ_ELEV":0,"FIPS":"48141","CENSUSCODE":"48141010329","PROD_DATE":1414800000000,"SOURCE":"NGA","USNG":"13R CR 80156 15405","LONGITUDE":-106.26556244699999,"LATITUDE":31.7678866529,"IMAGE_NAME":"Li270-El Paso","IMAGE_DATE":1414800000000,"VAL_METHOD":"Unverified","REMARKS":" ","UUID":"{110ea86d-ae27-4682-bcce-239c364a26d1}","Shape_Leng":0.0013099559784600001,"Shape_Area":7.3804868421599998e-08,"HEIGHT_FT":21.194226525200001,"Shape_Length":431.77444416886823}},{"type":"Feature","id":31104,"geometry":{"type":"Polygon","coordinates":[[[-106.26612777966463,31.768345404281938],[-106.26666471352078,31.76833857224895],[-106.26666229903371,31.768200057535491],[-106.26612536595998,31.768206889558883],[-106.26612777966463,31.768345404281938]]]},"properties":{"OBJECTID":31104,"Join_Count":1,"TARGET_FID":215970,"PIDN":"E12599900100100","STATE_CD":"XV-C","CombineADD":"2015 ZARAGOZA RD","Type":"Commercial","State_Code":"XV-C","Living_Are":"1333","Value":0,"Value_Sq_F":0,"Descriptio":"MAIN AREA","Class_CD":"R3","Class_Desc":"Residential, Average Quality","Class_De_1":"Residential","Building_M":" ","Condition":"Average","Exterior_W":"STU","Year_Built":0,"Sq_Footage":"1333","BUILD_ID":29412512,"OCC_CLS":"Commercial","PRIM_OCC":"Medical Office/Clinic","SEC_OCC":" ","PROP_ADDR":" ","PROP_CITY":" ","PROP_ST":"Texas","PROP_ZIP":" ","OUTBLDG":" ","HEIGHT":6.46000004,"SQMETERS":771.237976,"SQFEET":8301.53027,"H_ADJ_ELEV":0,"L_ADJ_ELEV":0,"FIPS":"48141","CENSUSCODE":"48141010329","PROD_DATE":1414800000000,"SOURCE":"NGA","USNG":"13R CR 80076 15448","LONGITUDE":-106.266410673,"LATITUDE":31.768272962000001,"IMAGE_NAME":"Li270-El Paso","IMAGE_DATE":1414800000000,"VAL_METHOD":"Unverified","REMARKS":" ","UUID":"{df794166-b496-4473-b7d0-22fe850156a0}","Shape_Leng":0.00134618369288,"Shape_Area":7.3423799719400006e-08,"HEIGHT_FT":21.194226525200001,"Shape_Length":434.56627568430201}},{"type":"Feature","id":31105,"geometry":{"type":"Polygon","coordinates":[[[-106.26602380976144,31.768702868402102],[-106.26631590963426,31.768749029915774],[-106.26634739001138,31.768603637080858],[-106.26605529057016,31.76855747563522],[-106.26602380976144,31.768702868402102]]]},"properties":{"OBJECTID":31105,"Join_Count":1,"TARGET_FID":215971,"PIDN":"E12599900100100","STATE_CD":"XV-C","CombineADD":"2015 ZARAGOZA RD","Type":"Commercial","State_Code":"XV-C","Living_Are":"1333","Value":0,"Value_Sq_F":0,"Descriptio":"MAIN AREA","Class_CD":"R3","Class_Desc":"Residential, Average Quality","Class_De_1":"Residential","Building_M":" ","Condition":"Average","Exterior_W":"STU","Year_Built":0,"Sq_Footage":"1333","BUILD_ID":29413284,"OCC_CLS":"Commercial","PRIM_OCC":"Medical Office/Clinic","SEC_OCC":" ","PROP_ADDR":" ","PROP_CITY":" ","PROP_ST":"Texas","PROP_ZIP":" ","OUTBLDG":" ","HEIGHT":5.44000006,"SQMETERS":356.391998,"SQFEET":3836.16992,"H_ADJ_ELEV":0,"L_ADJ_ELEV":0,"FIPS":"48141","CENSUSCODE":"48141010329","PROD_DATE":1414800000000,"SOURCE":"NGA","USNG":"13R CR 80098 15490","LONGITUDE":-106.26618364399999,"LATITUDE":31.7686535361,"IMAGE_NAME":"Li270-El Paso","IMAGE_DATE":1414800000000,"VAL_METHOD":"Unverified","REMARKS":" ","UUID":"{7fd4c959-d731-462f-9386-f51a5e868e8f}","Shape_Leng":0.00081415618006399997,"Shape_Area":3.3929541104100001e-08,"HEIGHT_FT":17.847769787699999,"Shape_Length":292.21521953991152}},{"type":"Feature","id":31106,"geometry":{"type":"Polygon","coordinates":[[[-106.26576598292139,31.768926392157713],[-106.26590053465932,31.769032223021121],[-106.26610636000179,31.768841229051645],[-106.265971808305,31.768735398392952],[-106.26576598292139,31.768926392157713]]]},"properties":{"OBJECTID":31106,"Join_Count":1,"TARGET_FID":215972,"PIDN":"E12599900100100","STATE_CD":"XV-C","CombineADD":"2015 ZARAGOZA RD","Type":"Commercial","State_Code":"XV-C","Living_Are":"1333","Value":0,"Value_Sq_F":0,"Descriptio":"MAIN AREA","Class_CD":"R3","Class_Desc":"Residential, Average Quality","Class_De_1":"Residential","Building_M":" ","Condition":"Average","Exterior_W":"STU","Year_Built":0,"Sq_Footage":"1333","BUILD_ID":29413802,"OCC_CLS":"Commercial","PRIM_OCC":"Medical Office/Clinic","SEC_OCC":" ","PROP_ADDR":" ","PROP_CITY":" ","PROP_ST":"Texas","PROP_ZIP":" ","OUTBLDG":" ","HEIGHT":5.13999987,"SQMETERS":390.989014,"SQFEET":4208.56006,"H_ADJ_ELEV":0,"L_ADJ_ELEV":0,"FIPS":"48141","CENSUSCODE":"48141010329","PROD_DATE":1414800000000,"SOURCE":"NGA","USNG":"13R CR 80122 15515","LONGITUDE":-106.265934583,"LATITUDE":31.768883777700001,"IMAGE_NAME":"Li270-El Paso","IMAGE_DATE":1414800000000,"VAL_METHOD":"Unverified","REMARKS":" ","UUID":"{acd6eb83-59b9-4262-b606-b5a5f6680cdd}","Shape_Leng":0.00083100805140599995,"Shape_Area":3.7223349959599997e-08,"HEIGHT_FT":16.863517162000001,"Shape_Length":302.56190643529891}},{"type":"Feature","id":31107,"geometry":{"type":"Polygon","coordinates":[[[-106.26534188969829,31.768596250810084],[-106.26559746555408,31.768787126048679],[-106.2657033379531,31.76868366078179],[-106.26544776110879,31.768492785791356],[-106.26534188969829,31.768596250810084]]]},"properties":{"OBJECTID":31107,"Join_Count":1,"TARGET_FID":215973,"PIDN":"E12599900100100","STATE_CD":"XV-C","CombineADD":"2015 ZARAGOZA RD","Type":"Commercial","State_Code":"XV-C","Living_Are":"1333","Value":0,"Value_Sq_F":0,"Descriptio":"MAIN AREA","Class_CD":"R3","Class_Desc":"Residential, Average Quality","Class_De_1":"Residential","Building_M":" ","Condition":"Average","Exterior_W":"STU","Year_Built":0,"Sq_Footage":"1333","BUILD_ID":29413351,"OCC_CLS":"Commercial","PRIM_OCC":"Medical Office/Clinic","SEC_OCC":" ","PROP_ADDR":" ","PROP_CITY":" ","PROP_ST":"Texas","PROP_ZIP":" ","OUTBLDG":" ","HEIGHT":5.13999987,"SQMETERS":449.208008,"SQFEET":4835.22998,"H_ADJ_ELEV":0,"L_ADJ_ELEV":0,"FIPS":"48141","CENSUSCODE":"48141010329","PROD_DATE":1414800000000,"SOURCE":"NGA","USNG":"13R CR 80160 15488","LONGITUDE":-106.26552716,"LATITUDE":31.768638324800001,"IMAGE_NAME":"Li270-El Paso","IMAGE_DATE":1414800000000,"VAL_METHOD":"Unverified","REMARKS":" ","UUID":"{a0327530-d79d-4ce0-961b-7e3ecc866767}","Shape_Leng":0.00092279190094799997,"Shape_Area":4.2765907606200001e-08,"HEIGHT_FT":16.863517162000001,"Shape_Length":310.98572100576814}},{"type":"Feature","id":31108,"geometry":{"type":"Polygon","coordinates":[[[-106.26516994035495,31.769031094584523],[-106.26550306428462,31.769273953131812],[-106.26561466182967,31.76916222940034],[-106.26528153695227,31.768919371175937],[-106.26516994035495,31.769031094584523]]]},"properties":{"OBJECTID":31108,"Join_Count":1,"TARGET_FID":215974,"PIDN":"E12599900100100","STATE_CD":"XV-C","CombineADD":"2015 ZARAGOZA RD","Type":"Commercial","State_Code":"XV-C","Living_Are":"1333","Value":0,"Value_Sq_F":0,"Descriptio":"MAIN AREA","Class_CD":"R3","Class_Desc":"Residential, Average Quality","Class_De_1":"Residential","Building_M":" ","Condition":"Average","Exterior_W":"STU","Year_Built":0,"Sq_Footage":"1333","BUILD_ID":29414293,"OCC_CLS":"Commercial","PRIM_OCC":"Medical Office/Clinic","SEC_OCC":" ","PROP_ADDR":"12019 SARAH H CIRCLE","PROP_CITY":"EL PASO","PROP_ST":"Texas","PROP_ZIP":"79938","OUTBLDG":" ","HEIGHT":6.38999987,"SQMETERS":625.942993,"SQFEET":6737.58984,"H_ADJ_ELEV":0,"L_ADJ_ELEV":0,"FIPS":"48141","CENSUSCODE":"48141010329","PROD_DATE":1414800000000,"SOURCE":"NGA","USNG":"13R CR 80172 15537","LONGITUDE":-106.265405405,"LATITUDE":31.769086290899999,"IMAGE_NAME":"Li270-El Paso","IMAGE_DATE":1414800000000,"VAL_METHOD":"Unverified","REMARKS":" ","UUID":"{da5172ac-71a3-49f6-ae6a-82af3df444d7}","Shape_Leng":0.0011310414308399999,"Shape_Area":5.9591890958599998e-08,"HEIGHT_FT":20.964567162000002,"Shape_Length":379.05926111096528}},{"type":"Feature","id":31109,"geometry":{"type":"Polygon","coordinates":[[[-106.26456695763957,31.768550200867949],[-106.26490619558996,31.768810650253556],[-106.26502107023043,31.768701443729295],[-106.26468183340921,31.76844099458377],[-106.26456695763957,31.768550200867949]]]},"properties":{"OBJECTID":31109,"Join_Count":1,"TARGET_FID":215975,"PIDN":"E12599900100100","STATE_CD":"XV-C","CombineADD":"2015 ZARAGOZA RD","Type":"Commercial","State_Code":"XV-C","Living_Are":"1333","Value":0,"Value_Sq_F":0,"Descriptio":"MAIN AREA","Class_CD":"R3","Class_Desc":"Residential, Average Quality","Class_De_1":"Residential","Building_M":" ","Condition":"Average","Exterior_W":"STU","Year_Built":0,"Sq_Footage":"1333","BUILD_ID":29413368,"OCC_CLS":"Commercial","PRIM_OCC":"Medical Office/Clinic","SEC_OCC":" ","PROP_ADDR":"12019 SARAH H CIRCLE","PROP_CITY":"EL PASO","PROP_ST":"Texas","PROP_ZIP":"79938","OUTBLDG":" ","HEIGHT":6.46999979,"SQMETERS":637.775024,"SQFEET":6864.93994,"H_ADJ_ELEV":0,"L_ADJ_ELEV":0,"FIPS":"48141","CENSUSCODE":"48141010329","PROD_DATE":1414800000000,"SOURCE":"NGA","USNG":"13R CR 80228 15486","LONGITUDE":-106.264812862,"LATITUDE":31.7686249399,"IMAGE_NAME":"Li270-El Paso","IMAGE_DATE":1414800000000,"VAL_METHOD":"Unverified","REMARKS":" ","UUID":"{551c72ca-b126-41b6-966a-4949e4a9c86a}","Shape_Leng":0.00113288237215,"Shape_Area":6.0717975571699994e-08,"HEIGHT_FT":21.2270341117,"Shape_Length":390.31613083088223}},{"type":"Feature","id":31110,"geometry":{"type":"Polygon","coordinates":[[[-106.26427531562243,31.768281601711301],[-106.26454331208392,31.768503681380455],[-106.26463716344449,31.768421018531654],[-106.2643691669968,31.768198939048492],[-106.26427531562243,31.768281601711301]]]},"properties":{"OBJECTID":31110,"Join_Count":1,"TARGET_FID":215976,"PIDN":"E12599900100100","STATE_CD":"XV-C","CombineADD":"2015 ZARAGOZA RD","Type":"Commercial","State_Code":"XV-C","Living_Are":"1333","Value":0,"Value_Sq_F":0,"Descriptio":"MAIN AREA","Class_CD":"R3","Class_Desc":"Residential, Average Quality","Class_De_1":"Residential","Building_M":" ","Condition":"Average","Exterior_W":"STU","Year_Built":0,"Sq_Footage":"1333","BUILD_ID":29412815,"OCC_CLS":"Commercial","PRIM_OCC":"Medical Office/Clinic","SEC_OCC":" ","PROP_ADDR":"12019 SARAH H CIRCLE","PROP_CITY":"EL PASO","PROP_ST":"Texas","PROP_ZIP":"79938","OUTBLDG":" ","HEIGHT":4.96999979,"SQMETERS":468.908997,"SQFEET":5047.29004,"H_ADJ_ELEV":0,"L_ADJ_ELEV":0,"FIPS":"48141","CENSUSCODE":"48141010329","PROD_DATE":1414800000000,"SOURCE":"NGA","USNG":"13R CR 80260 15455","LONGITUDE":-106.264466771,"LATITUDE":31.768355266499999,"IMAGE_NAME":"Li270-El Paso","IMAGE_DATE":1414800000000,"VAL_METHOD":"Unverified","REMARKS":" ","UUID":"{668b5e85-6a65-4a25-a3d2-431be41c7aaf}","Shape_Leng":0.00093348970678899996,"Shape_Area":4.46413585185e-08,"HEIGHT_FT":16.3057741117,"Shape_Length":315.85167229174351}},{"type":"Feature","id":31111,"geometry":{"type":"Polygon","coordinates":[[[-106.26483090723821,31.768235434660951],[-106.26521219518304,31.768514115491669],[-106.2653296837556,31.768396791040654],[-106.26494839493907,31.768118111489908],[-106.26483090723821,31.768235434660951]]]},"properties":{"OBJECTID":31111,"Join_Count":1,"TARGET_FID":215977,"PIDN":"E12599900100100","STATE_CD":"XV-C","CombineADD":"2015 ZARAGOZA RD","Type":"Commercial","State_Code":"XV-C","Living_Are":"1333","Value":0,"Value_Sq_F":0,"Descriptio":"MAIN AREA","Class_CD":"R3","Class_Desc":"Residential, Average Quality","Class_De_1":"Residential","Building_M":" ","Condition":"Average","Exterior_W":"STU","Year_Built":0,"Sq_Footage":"1333","BUILD_ID":29412824,"OCC_CLS":"Commercial","PRIM_OCC":"Medical Office/Clinic","SEC_OCC":" ","PROP_ADDR":"12019 SARAH H CIRCLE","PROP_CITY":"EL PASO","PROP_ST":"Texas","PROP_ZIP":"79938","OUTBLDG":" ","HEIGHT":6.5999999,"SQMETERS":718.445984,"SQFEET":7733.27979,"H_ADJ_ELEV":0,"L_ADJ_ELEV":0,"FIPS":"48141","CENSUSCODE":"48141010329","PROD_DATE":1414800000000,"SOURCE":"NGA","USNG":"13R CR 80200 15450","LONGITUDE":-106.26509661,"LATITUDE":31.768300178400001,"IMAGE_NAME":"Li270-El Paso","IMAGE_DATE":1414800000000,"VAL_METHOD":"Unverified","REMARKS":" ","UUID":"{95116acf-1c95-40eb-b9d8-598976adbfc8}","Shape_Leng":0.00126714784894,"Shape_Area":6.8397884946900002e-08,"HEIGHT_FT":21.653543687100001,"Shape_Length":424.22788266382179}},{"type":"Feature","id":31112,"geometry":{"type":"Polygon","coordinates":[[[-106.26434623519977,31.767839147435566],[-106.26469038589674,31.768103372531833],[-106.26480525987404,31.767994165267158],[-106.26446111036357,31.767729941315817],[-106.26434623519977,31.767839147435566]]]},"properties":{"OBJECTID":31112,"Join_Count":1,"TARGET_FID":215978,"PIDN":"E12599900100100","STATE_CD":"XV-C","CombineADD":"2015 ZARAGOZA RD","Type":"Commercial","State_Code":"XV-C","Living_Are":"1333","Value":0,"Value_Sq_F":0,"Descriptio":"MAIN AREA","Class_CD":"R3","Class_Desc":"Residential, Average Quality","Class_De_1":"Residential","Building_M":" ","Condition":"Average","Exterior_W":"STU","Year_Built":0,"Sq_Footage":"1333","BUILD_ID":29411947,"OCC_CLS":"Commercial","PRIM_OCC":"Medical Office/Clinic","SEC_OCC":" ","PROP_ADDR":"2015 NORTH ZARAGOZA ROAD","PROP_CITY":"EL PASO","PROP_ST":"Texas","PROP_ZIP":"79938","OUTBLDG":" ","HEIGHT":6.51999998,"SQMETERS":617.278992,"SQFEET":6644.33008,"H_ADJ_ELEV":0,"L_ADJ_ELEV":0,"FIPS":"48141","CENSUSCODE":"48141010329","PROD_DATE":1414800000000,"SOURCE":"NGA","USNG":"13R CR 80247 15407","LONGITUDE":-106.264598432,"LATITUDE":31.767917397800002,"IMAGE_NAME":"Li270-El Paso","IMAGE_DATE":1414800000000,"VAL_METHOD":"Unverified","REMARKS":" ","UUID":"{c90a309b-70fb-4977-85fd-a68908d52cf2}","Shape_Leng":0.0011241422786500001,"Shape_Area":5.8766317738100001e-08,"HEIGHT_FT":21.391076737399999,"Shape_Length":394.42467284826159}},{"type":"Feature","id":31113,"geometry":{"type":"Polygon","coordinates":[[[-106.26391014848588,31.76750180302707],[-106.26431329302459,31.767811324566424],[-106.26442816819258,31.767702118474549],[-106.26402502268883,31.767392597325703],[-106.26391014848588,31.76750180302707]]]},"properties":{"OBJECTID":31113,"Join_Count":1,"TARGET_FID":215979,"PIDN":"E12599900100100","STATE_CD":"XV-C","CombineADD":"2015 ZARAGOZA RD","Type":"Commercial","State_Code":"XV-C","Living_Are":"1333","Value":0,"Value_Sq_F":0,"Descriptio":"MAIN AREA","Class_CD":"R3","Class_Desc":"Residential, Average Quality","Class_De_1":"Residential","Building_M":" ","Condition":"Average","Exterior_W":"STU","Year_Built":0,"Sq_Footage":"1333","BUILD_ID":29411374,"OCC_CLS":"Commercial","PRIM_OCC":"Medical Office/Clinic","SEC_OCC":" ","PROP_ADDR":"2015 NORTH ZARAGOZA ROAD","PROP_CITY":"EL PASO","PROP_ST":"Texas","PROP_ZIP":"79938","OUTBLDG":" ","HEIGHT":6.44999981,"SQMETERS":783.653015,"SQFEET":8435.16016,"H_ADJ_ELEV":0,"L_ADJ_ELEV":0,"FIPS":"48141","CENSUSCODE":"48141010329","PROD_DATE":1414800000000,"SOURCE":"NGA","USNG":"13R CR 80285 15371","LONGITUDE":-106.264190879,"LATITUDE":31.767596212299999,"IMAGE_NAME":"Li270-El Paso","IMAGE_DATE":1414800000000,"VAL_METHOD":"Unverified","REMARKS":" ","UUID":"{c12875fb-7f88-4e91-8b8b-1f23c9262d31}","Shape_Leng":0.00129547681778,"Shape_Area":7.4605177045900006e-08,"HEIGHT_FT":21.161417374199999,"Shape_Length":443.72764096306298}},{"type":"Feature","id":31114,"geometry":{"type":"Polygon","coordinates":[[[-106.26389404900142,31.768018382166165],[-106.26422344939665,31.768271284195045],[-106.26433832416967,31.768162078250128],[-106.26400892384727,31.767909176501011],[-106.26389404900142,31.768018382166165]]]},"properties":{"OBJECTID":31114,"Join_Count":1,"TARGET_FID":215980,"PIDN":"E12599900100100","STATE_CD":"XV-C","CombineADD":"2015 ZARAGOZA RD","Type":"Commercial","State_Code":"XV-C","Living_Are":"1333","Value":0,"Value_Sq_F":0,"Descriptio":"MAIN AREA","Class_CD":"R3","Class_Desc":"Residential, Average Quality","Class_De_1":"Residential","Building_M":" ","Condition":"Average","Exterior_W":"STU","Year_Built":0,"Sq_Footage":"1333","BUILD_ID":29412344,"OCC_CLS":"Commercial","PRIM_OCC":"Medical Office/Clinic","SEC_OCC":" ","PROP_ADDR":"2015 NORTH ZARAGOZA ROAD","PROP_CITY":"EL PASO","PROP_ST":"Texas","PROP_ZIP":"79938","OUTBLDG":" ","HEIGHT":6.46000004,"SQMETERS":612.627991,"SQFEET":6594.27002,"H_ADJ_ELEV":0,"L_ADJ_ELEV":0,"FIPS":"48141","CENSUSCODE":"48141010329","PROD_DATE":1414800000000,"SOURCE":"NGA","USNG":"13R CR 80292 15425","LONGITUDE":-106.26412684899999,"LATITUDE":31.768084918500001,"IMAGE_NAME":"Li270-El Paso","IMAGE_DATE":1414800000000,"VAL_METHOD":"Unverified","REMARKS":" ","UUID":"{bcd3f1b4-d01f-4b03-bd85-d55c7047447c}","Shape_Leng":0.0011148895835,"Shape_Area":5.8323617443899998e-08,"HEIGHT_FT":21.194226525200001,"Shape_Length":382.09858282247615}},{"type":"Feature","id":31115,"geometry":{"type":"Polygon","coordinates":[[[-106.26329892237406,31.767545068133291],[-106.26364471787855,31.767795173971198],[-106.26374304275735,31.767695951528168],[-106.26339724735513,31.767445845941722],[-106.26329892237406,31.767545068133291]]]},"properties":{"OBJECTID":31115,"Join_Count":1,"TARGET_FID":215981,"PIDN":"E12599900100100","STATE_CD":"XV-C","CombineADD":"2015 ZARAGOZA RD","Type":"Commercial","State_Code":"XV-C","Living_Are":"1333","Value":0,"Value_Sq_F":0,"Descriptio":"MAIN AREA","Class_CD":"R3","Class_Desc":"Residential, Average Quality","Class_De_1":"Residential","Building_M":" ","Condition":"Average","Exterior_W":"STU","Year_Built":0,"Sq_Footage":"1333","BUILD_ID":29411352,"OCC_CLS":"Commercial","PRIM_OCC":"Medical Office/Clinic","SEC_OCC":" ","PROP_ADDR":"2015 NORTH ZARAGOZA ROAD","PROP_CITY":"EL PASO","PROP_ST":"Texas","PROP_ZIP":"79938","OUTBLDG":" ","HEIGHT":6.38000011,"SQMETERS":646.315979,"SQFEET":6956.87988,"H_ADJ_ELEV":0,"L_ADJ_ELEV":0,"FIPS":"48141","CENSUSCODE":"48141010329","PROD_DATE":1414800000000,"SOURCE":"NGA","USNG":"13R CR 80347 15373","LONGITUDE":-106.263536311,"LATITUDE":31.767620247699998,"IMAGE_NAME":"Li270-El Paso","IMAGE_DATE":1414800000000,"VAL_METHOD":"Unverified","REMARKS":" ","UUID":"{cc9214b6-b7a7-49a2-a8ad-e50dd393016b}","Shape_Leng":0.0011519009615900001,"Shape_Area":6.1530425413900005e-08,"HEIGHT_FT":20.931759575499999,"Shape_Length":376.20534361803294}},{"type":"Feature","id":31116,"geometry":{"type":"Polygon","coordinates":[[[-106.26534623318128,31.767249135998288],[-106.26568054000496,31.767519715956759],[-106.26579574436256,31.767415824922711],[-106.26546143763255,31.767145246149681],[-106.26534623318128,31.767249135998288]]]},"properties":{"OBJECTID":31116,"Join_Count":1,"TARGET_FID":215982,"PIDN":"E12599900100100","STATE_CD":"XV-C","CombineADD":"2015 ZARAGOZA RD","Type":"Commercial","State_Code":"XV-C","Living_Are":"1333","Value":0,"Value_Sq_F":0,"Descriptio":"MAIN AREA","Class_CD":"R3","Class_Desc":"Residential, Average Quality","Class_De_1":"Residential","Building_M":" ","Condition":"Average","Exterior_W":"STU","Year_Built":0,"Sq_Footage":"1333","BUILD_ID":29410794,"OCC_CLS":"Commercial","PRIM_OCC":"Medical Office/Clinic","SEC_OCC":" ","PROP_ADDR":" ","PROP_CITY":" ","PROP_ST":"Texas","PROP_ZIP":" ","OUTBLDG":" ","HEIGHT":6.51999998,"SQMETERS":633.08197,"SQFEET":6814.43018,"H_ADJ_ELEV":0,"L_ADJ_ELEV":0,"FIPS":"48141","CENSUSCODE":"48141010329","PROD_DATE":1414800000000,"SOURCE":"NGA","USNG":"13R CR 80154 15344","LONGITUDE":-106.265577366,"LATITUDE":31.7673436195,"IMAGE_NAME":"Li270-El Paso","IMAGE_DATE":1414800000000,"VAL_METHOD":"Unverified","REMARKS":" ","UUID":"{7db58541-f680-41e9-9ea0-78b3c872069f}","Shape_Leng":0.00113262221369,"Shape_Area":6.0270375821699998e-08,"HEIGHT_FT":21.391076737399999,"Shape_Length":390.36075555840341}},{"type":"Feature","id":31117,"geometry":{"type":"Polygon","coordinates":[[[-106.26508586935,31.767060383464383],[-106.26530278212775,31.767217038332099],[-106.26539670500838,31.767122115611002],[-106.26517979229243,31.766965460893942],[-106.26508586935,31.767060383464383]]]},"properties":{"OBJECTID":31117,"Join_Count":1,"TARGET_FID":215983,"PIDN":"E12599900100100","STATE_CD":"XV-C","CombineADD":"2015 ZARAGOZA RD","Type":"Commercial","State_Code":"XV-C","Living_Are":"1333","Value":0,"Value_Sq_F":0,"Descriptio":"MAIN AREA","Class_CD":"R3","Class_Desc":"Residential, Average Quality","Class_De_1":"Residential","Building_M":" ","Condition":"Average","Exterior_W":"STU","Year_Built":0,"Sq_Footage":"1333","BUILD_ID":29410133,"OCC_CLS":"Commercial","PRIM_OCC":"Medical Office/Clinic","SEC_OCC":" ","PROP_ADDR":"2015 NORTH ZARAGOZA ROAD","PROP_CITY":"EL PASO","PROP_ST":"Texas","PROP_ZIP":"79938","OUTBLDG":" ","HEIGHT":5.42999983,"SQMETERS":365.229004,"SQFEET":3931.29004,"H_ADJ_ELEV":0,"L_ADJ_ELEV":0,"FIPS":"48141","CENSUSCODE":"48141010329","PROD_DATE":1414800000000,"SOURCE":"NGA","USNG":"13R CR 80184 15315","LONGITUDE":-106.265256159,"LATITUDE":31.767081990400001,"IMAGE_NAME":"Li270-El Paso","IMAGE_DATE":1414800000000,"VAL_METHOD":"Unverified","REMARKS":" ","UUID":"{9fef7f3e-3709-4a9b-a58a-42659a0e3e93}","Shape_Leng":0.00079715582105000004,"Shape_Area":3.4770273344000002e-08,"HEIGHT_FT":17.814960636799999,"Shape_Length":266.97774179813024}},{"type":"Feature","id":31118,"geometry":{"type":"Polygon","coordinates":[[[-106.2647274209899,31.767343985803272],[-106.2649276680846,31.767506061497908],[-106.2650428732486,31.767402171129429],[-106.26484262723054,31.767240095557334],[-106.2647274209899,31.767343985803272]]]},"properties":{"OBJECTID":31118,"Join_Count":1,"TARGET_FID":215984,"PIDN":"E12599900100100","STATE_CD":"XV-C","CombineADD":"2015 ZARAGOZA RD","Type":"Commercial","State_Code":"XV-C","Living_Are":"1333","Value":0,"Value_Sq_F":0,"Descriptio":"MAIN AREA","Class_CD":"R3","Class_Desc":"Residential, Average Quality","Class_De_1":"Residential","Building_M":" ","Condition":"Average","Exterior_W":"STU","Year_Built":0,"Sq_Footage":"1333","BUILD_ID":29410725,"OCC_CLS":"Commercial","PRIM_OCC":"Medical Office/Clinic","SEC_OCC":" ","PROP_ADDR":"2015 NORTH ZARAGOZA ROAD","PROP_CITY":"EL PASO","PROP_ST":"Texas","PROP_ZIP":"79938","OUTBLDG":" ","HEIGHT":5.40999985,"SQMETERS":374.895996,"SQFEET":4035.34009,"H_ADJ_ELEV":0,"L_ADJ_ELEV":0,"FIPS":"48141","CENSUSCODE":"48141010329","PROD_DATE":1414800000000,"SOURCE":"NGA","USNG":"13R CR 80218 15346","LONGITUDE":-106.264893679,"LATITUDE":31.7673607913,"IMAGE_NAME":"Li270-El Paso","IMAGE_DATE":1414800000000,"VAL_METHOD":"Unverified","REMARKS":" ","UUID":"{3059d9a7-3785-4037-be4d-1f967f2e14fb}","Shape_Leng":0.00080972803988099999,"Shape_Area":3.5690696350600001e-08,"HEIGHT_FT":17.749343899399999,"Shape_Length":275.57646997672094}},{"type":"Feature","id":31119,"geometry":{"type":"Polygon","coordinates":[[[-106.26440028450618,31.767080909743413],[-106.26469035109734,31.767303613017742],[-106.26479344314723,31.767205607451512],[-106.26450337550321,31.766982903545856],[-106.26440028450618,31.767080909743413]]]},"properties":{"OBJECTID":31119,"Join_Count":1,"TARGET_FID":215985,"PIDN":"E12599900100100","STATE_CD":"XV-C","CombineADD":"2015 ZARAGOZA RD","Type":"Commercial","State_Code":"XV-C","Living_Are":"1333","Value":0,"Value_Sq_F":0,"Descriptio":"MAIN AREA","Class_CD":"R3","Class_Desc":"Residential, Average Quality","Class_De_1":"Residential","Building_M":" ","Condition":"Average","Exterior_W":"STU","Year_Built":0,"Sq_Footage":"1333","BUILD_ID":29410337,"OCC_CLS":"Commercial","PRIM_OCC":"Medical Office/Clinic","SEC_OCC":" ","PROP_ADDR":"2015 NORTH ZARAGOZA ROAD","PROP_CITY":"EL PASO","PROP_ST":"Texas","PROP_ZIP":"79938","OUTBLDG":" ","HEIGHT":5,"SQMETERS":470.834015,"SQFEET":5068.00977,"H_ADJ_ELEV":0,"L_ADJ_ELEV":0,"FIPS":"48141","CENSUSCODE":"48141010329","PROD_DATE":1414800000000,"SOURCE":"NGA","USNG":"13R CR 80245 15321","LONGITUDE":-106.264613893,"LATITUDE":31.7671456719,"IMAGE_NAME":"Li270-El Paso","IMAGE_DATE":1414800000000,"VAL_METHOD":"Unverified","REMARKS":" ","UUID":"{56131494-6b41-407c-ae67-4d31e6de9d23}","Shape_Leng":0.000931401394934,"Shape_Area":4.48240553874e-08,"HEIGHT_FT":16.404199999999999,"Shape_Length":338.27382538906778}},{"type":"Feature","id":31120,"geometry":{"type":"Polygon","coordinates":[[[-106.26431913012851,31.767387243662185],[-106.26445649603131,31.76750621868398],[-106.2645869277893,31.767396302218891],[-106.26444956188207,31.767277327329602],[-106.26431913012851,31.767387243662185]]]},"properties":{"OBJECTID":31120,"Join_Count":1,"TARGET_FID":215986,"PIDN":"E12599900100100","STATE_CD":"XV-C","CombineADD":"2015 ZARAGOZA RD","Type":"Commercial","State_Code":"XV-C","Living_Are":"1333","Value":0,"Value_Sq_F":0,"Descriptio":"MAIN AREA","Class_CD":"R3","Class_Desc":"Residential, Average Quality","Class_De_1":"Residential","Building_M":" ","Condition":"Average","Exterior_W":"STU","Year_Built":0,"Sq_Footage":"1333","BUILD_ID":29410705,"OCC_CLS":"Commercial","PRIM_OCC":"Medical Office/Clinic","SEC_OCC":" ","PROP_ADDR":"2015 NORTH ZARAGOZA ROAD","PROP_CITY":"EL PASO","PROP_ST":"Texas","PROP_ZIP":"79938","OUTBLDG":" ","HEIGHT":4.05999994,"SQMETERS":245.492996,"SQFEET":2642.45996,"H_ADJ_ELEV":0,"L_ADJ_ELEV":0,"FIPS":"48141","CENSUSCODE":"48141010329","PROD_DATE":1414800000000,"SOURCE":"NGA","USNG":"13R CR 80259 15348","LONGITUDE":-106.264463248,"LATITUDE":31.767388781000001,"IMAGE_NAME":"Li270-El Paso","IMAGE_DATE":1414800000000,"VAL_METHOD":"Unverified","REMARKS":" ","UUID":"{6189cbe1-105a-4daa-87a1-54e999475f37}","Shape_Leng":0.00061779308472999998,"Shape_Area":2.3371310334399999e-08,"HEIGHT_FT":13.320210212299999,"Shape_Length":235.46296069784066}},{"type":"Feature","id":31121,"geometry":{"type":"Polygon","coordinates":[[[-106.26356621068739,31.767240627118806],[-106.26380132411619,31.7674081271388],[-106.26391570021019,31.767290946728931],[-106.26368058681348,31.767123446007211],[-106.26356621068739,31.767240627118806]]]},"properties":{"OBJECTID":31121,"Join_Count":1,"TARGET_FID":215987,"PIDN":"E12599900100100","STATE_CD":"XV-C","CombineADD":"2015 ZARAGOZA RD","Type":"Commercial","State_Code":"XV-C","Living_Are":"1333","Value":0,"Value_Sq_F":0,"Descriptio":"MAIN AREA","Class_CD":"R3","Class_Desc":"Residential, Average Quality","Class_De_1":"Residential","Building_M":" ","Condition":"Average","Exterior_W":"STU","Year_Built":0,"Sq_Footage":"1333","BUILD_ID":29410501,"OCC_CLS":"Commercial","PRIM_OCC":"Medical Office/Clinic","SEC_OCC":" ","PROP_ADDR":"2015 NORTH ZARAGOZA ROAD","PROP_CITY":"EL PASO","PROP_ST":"Texas","PROP_ZIP":"79938","OUTBLDG":" ","HEIGHT":5.5,"SQMETERS":443.985992,"SQFEET":4779.02979,"H_ADJ_ELEV":0,"L_ADJ_ELEV":0,"FIPS":"48141","CENSUSCODE":"48141010329","PROD_DATE":1414800000000,"SOURCE":"NGA","USNG":"13R CR 80326 15333","LONGITUDE":-106.26375611900001,"LATITUDE":31.767256140099999,"IMAGE_NAME":"Li270-El Paso","IMAGE_DATE":1414800000000,"VAL_METHOD":"Unverified","REMARKS":" ","UUID":"{f11d0626-02ba-41e0-9fb4-5290cf4bddbb}","Shape_Leng":0.00086864330255899999,"Shape_Area":4.2268162531500003e-08,"HEIGHT_FT":18.044619999999998,"Shape_Length":301.29273410578207}},{"type":"Feature","id":31122,"geometry":{"type":"Polygon","coordinates":[[[-106.26689481156222,31.801939285552848],[-106.26747127149446,31.801938911519834],[-106.26747117170282,31.801826898082965],[-106.26689471239398,31.801827271214933],[-106.26689481156222,31.801939285552848]]]},"properties":{"OBJECTID":31122,"Join_Count":1,"TARGET_FID":216018,"PIDN":"T28999900100120","STATE_CD":"F1","CombineADD":"3660 JOE BATTLE BLVD","Type":"Commercial","State_Code":"F1","Living_Are":"11580","Value":0,"Value_Sq_F":0,"Descriptio":"MAIN AREA","Class_CD":"XDCA","Class_Desc":"Daycare; Masonry; Average","Class_De_1":"Daycare","Building_M":"Masonry","Condition":"Average","Exterior_W":"818","Year_Built":2011,"Sq_Footage":"11580","BUILD_ID":29281045,"OCC_CLS":"Education","PRIM_OCC":"Other Educational Buildings","SEC_OCC":" ","PROP_ADDR":" ","PROP_CITY":" ","PROP_ST":"Texas","PROP_ZIP":" ","OUTBLDG":" ","HEIGHT":6.21999979,"SQMETERS":1745.31995,"SQFEET":18786.4004,"H_ADJ_ELEV":0,"L_ADJ_ELEV":0,"FIPS":"48141","CENSUSCODE":"48141010355","PROD_DATE":1414800000000,"SOURCE":"NGA","USNG":"13R CR 80098 19166","LONGITUDE":-106.266844995,"LATITUDE":31.801855463100001,"IMAGE_NAME":"Li270-El Paso","IMAGE_DATE":1414800000000,"VAL_METHOD":"Unverified","REMARKS":" ","UUID":"{bce6bd40-0159-4655-8580-e0dfeec34de9}","Shape_Leng":0.0028039355529200002,"Shape_Area":1.6621758268099999e-07,"HEIGHT_FT":20.406824111700001,"Shape_Length":439.68000463555319}},{"type":"Feature","id":31123,"geometry":{"type":"Polygon","coordinates":[[[-106.2663299625784,31.801958523763165],[-106.266850801023,31.801952464235168],[-106.26685538074443,31.801804862804463],[-106.2666809791131,31.801665422930867],[-106.26650851415695,31.801667390468584],[-106.26651008286835,31.801802919993641],[-106.2663309174176,31.801808140667656],[-106.2663299625784,31.801958523763165]]]},"properties":{"OBJECTID":31123,"Join_Count":2,"TARGET_FID":216019,"PIDN":"T28999900100120","STATE_CD":"F1","CombineADD":"3660 JOE BATTLE BLVD","Type":"Commercial","State_Code":"F1","Living_Are":"11580","Value":0,"Value_Sq_F":0,"Descriptio":"MAIN AREA","Class_CD":"XDCA","Class_Desc":"Daycare; Masonry; Average","Class_De_1":"Daycare","Building_M":"Masonry","Condition":"Average","Exterior_W":"818","Year_Built":2011,"Sq_Footage":"11580","BUILD_ID":29281045,"OCC_CLS":"Education","PRIM_OCC":"Other Educational Buildings","SEC_OCC":" ","PROP_ADDR":" ","PROP_CITY":" ","PROP_ST":"Texas","PROP_ZIP":" ","OUTBLDG":" ","HEIGHT":6.21999979,"SQMETERS":1745.31995,"SQFEET":18786.4004,"H_ADJ_ELEV":0,"L_ADJ_ELEV":0,"FIPS":"48141","CENSUSCODE":"48141010355","PROD_DATE":1414800000000,"SOURCE":"NGA","USNG":"13R CR 80098 19166","LONGITUDE":-106.266844995,"LATITUDE":31.801855463100001,"IMAGE_NAME":"Li270-El Paso","IMAGE_DATE":1414800000000,"VAL_METHOD":"Unverified","REMARKS":" ","UUID":"{bce6bd40-0159-4655-8580-e0dfeec34de9}","Shape_Leng":0.0028039355529200002,"Shape_Area":1.6621758268099999e-07,"HEIGHT_FT":20.406824111700001,"Shape_Length":503.05412999316565}},{"type":"Feature","id":31124,"geometry":{"type":"Polygon","coordinates":[[[-106.26699626216848,31.800303879885512],[-106.26730314198157,31.800298730253651],[-106.26734339134963,31.800335216562715],[-106.26737578923057,31.800301313313248],[-106.26732791975871,31.800253382023836],[-106.26732768616911,31.800194435757305],[-106.26735866359618,31.800193023180771],[-106.2673573273083,31.800116439848189],[-106.26726095421982,31.800120834457601],[-106.26725948406131,31.800097319270549],[-106.26699353950811,31.800094706507185],[-106.26699626216848,31.800303879885512]]]},"properties":{"OBJECTID":31124,"Join_Count":1,"TARGET_FID":216020,"PIDN":"T28999900100150","STATE_CD":"F1","CombineADD":"3630 JOE BATTLE BLVD","Type":"Commercial","State_Code":"F1","Living_Are":"6959.5","Value":820261,"Value_Sq_F":117.86205905600001,"Descriptio":"MAIN AREA","Class_CD":"ERDA","Class_Desc":"Restaurant; Frame; Average","Class_De_1":"Restaurant","Building_M":"Frame","Condition":"Average","Exterior_W":"892","Year_Built":2010,"Sq_Footage":"6959.5","BUILD_ID":29279066,"OCC_CLS":"Commercial","PRIM_OCC":"Entertainment and Recreation","SEC_OCC":" ","PROP_ADDR":"3630 JOE BATTLE BOULEVARD NORTHBOUND","PROP_CITY":"EL PASO","PROP_ST":"Texas","PROP_ZIP":"79938","OUTBLDG":" ","HEIGHT":4.86999989,"SQMETERS":628.085999,"SQFEET":6760.6499,"H_ADJ_ELEV":0,"L_ADJ_ELEV":0,"FIPS":"48141","CENSUSCODE":"48141010355","PROD_DATE":1414800000000,"SOURCE":"NGA","USNG":"13R CR 80042 18986","LONGITUDE":-106.267181222,"LATITUDE":31.800205699599999,"IMAGE_NAME":"Li270-El Paso","IMAGE_DATE":1414800000000,"VAL_METHOD":"Unverified","REMARKS":" ","UUID":"{11cde5b3-c1ca-4242-a43a-2adedc97e50a}","Shape_Leng":0.00125675432618,"Shape_Area":5.9815614995200001e-08,"HEIGHT_FT":15.9776904245,"Shape_Length":408.65423957298185}},{"type":"Feature","id":31125,"geometry":{"type":"Polygon","coordinates":[[[-106.26622893224889,31.798520041888377],[-106.26641190087643,31.798520543447516],[-106.26641290898041,31.798252102038347],[-106.26622994086986,31.798251600480626],[-106.26622893224889,31.798520041888377]]]},"properties":{"OBJECTID":31125,"Join_Count":1,"TARGET_FID":216021,"PIDN":"V42599900100300","STATE_CD":"F1","CombineADD":"12215 R C POE RD","Type":" ","State_Code":" ","Living_Are":" ","Value":0,"Value_Sq_F":0,"Descriptio":" ","Class_CD":" ","Class_Desc":" ","Class_De_1":" ","Building_M":" ","Condition":" ","Exterior_W":" ","Year_Built":0,"Sq_Footage":" ","BUILD_ID":29275095,"OCC_CLS":"Commercial","PRIM_OCC":"Retail Trade","SEC_OCC":" ","PROP_ADDR":"12215 R C POE ROAD","PROP_CITY":"EL PASO","PROP_ST":"Texas","PROP_ZIP":"79938","OUTBLDG":" ","HEIGHT":5.98000002,"SQMETERS":453.283997,"SQFEET":4879.1001,"H_ADJ_ELEV":0,"L_ADJ_ELEV":0,"FIPS":"48141","CENSUSCODE":"48141010355","PROD_DATE":1414800000000,"SOURCE":"NGA","USNG":"13R CR 80122 18787","LONGITUDE":-106.26633479500001,"LATITUDE":31.7983922851,"IMAGE_NAME":"Li270-El Paso","IMAGE_DATE":1414800000000,"VAL_METHOD":"Unverified","REMARKS":" ","UUID":"{b71ebad6-c221-4217-b516-45c7f1a8f074}","Shape_Leng":0.00086478139758600005,"Shape_Area":4.31675286581e-08,"HEIGHT_FT":19.619423262600002,"Shape_Length":309.00108211051037}},{"type":"Feature","id":31126,"geometry":{"type":"Polygon","coordinates":[[[-106.26699730915496,31.798829906327974],[-106.26709730660257,31.798828294477516],[-106.26709734129426,31.798663212722861],[-106.26719063857443,31.798664854206464],[-106.26719546632317,31.79879728742457],[-106.2674235465072,31.798801626289318],[-106.26740931169076,31.798684361506698],[-106.26744717133262,31.798682635046575],[-106.26741430780463,31.798598645681107],[-106.26734271469707,31.798557692924422],[-106.26726914991164,31.798540412280669],[-106.26721063800838,31.798543080436186],[-106.26720829876494,31.798560874462822],[-106.26718076479982,31.798562130007738],[-106.26717337944974,31.798609632159035],[-106.26709077539938,31.798613398850225],[-106.26709324876363,31.798542537546098],[-106.26698618409704,31.798541523767849],[-106.26699730915496,31.798829906327974]]]},"properties":{"OBJECTID":31126,"Join_Count":1,"TARGET_FID":216022,"PIDN":"V42599900100150","STATE_CD":"F1","CombineADD":"3600 JOE BATTLE BLVD","Type":"Commercial","State_Code":"F1","Living_Are":"5279.5","Value":1359042,"Value_Sq_F":257.41869495200001,"Descriptio":"MAIN AREA","Class_CD":"PADA","Class_Desc":" ","Class_De_1":"Branch Bank","Building_M":"Frame","Condition":"Average","Exterior_W":"892","Year_Built":2011,"Sq_Footage":"5279.5","BUILD_ID":29275842,"OCC_CLS":"Commercial","PRIM_OCC":"Professional/Technical Services","SEC_OCC":" ","PROP_ADDR":"3600 JOE BATTLE BOULEVARD NORTHBOUND","PROP_CITY":"EL PASO","PROP_ST":"Texas","PROP_ZIP":"79938","OUTBLDG":" ","HEIGHT":4.23000002,"SQMETERS":888.833984,"SQFEET":9567.32031,"H_ADJ_ELEV":0,"L_ADJ_ELEV":0,"FIPS":"48141","CENSUSCODE":"48141010355","PROD_DATE":1414800000000,"SOURCE":"NGA","USNG":"13R CR 80028 18819","LONGITUDE":-106.26722800500001,"LATITUDE":31.798679291999999,"IMAGE_NAME":"Li270-El Paso","IMAGE_DATE":1414800000000,"VAL_METHOD":"Unverified","REMARKS":" ","UUID":"{14e56285-c464-4ab3-944e-fafa5e7be175}","Shape_Leng":0.0017869739467400001,"Shape_Area":8.4646468337099995e-08,"HEIGHT_FT":13.8779532626,"Shape_Length":616.99219500052232}},{"type":"Feature","id":31127,"geometry":{"type":"Polygon","coordinates":[[[-106.26711089210346,31.796174606545033],[-106.26742156791137,31.796175178710072],[-106.26742661374868,31.796145469645747],[-106.26748186510146,31.796145897910979],[-106.26747772229436,31.795969215774601],[-106.26736758628464,31.795974238296562],[-106.26736671725503,31.796015547568764],[-106.26709807844939,31.796024849982803],[-106.26711089210346,31.796174606545033]]]},"properties":{"OBJECTID":31127,"Join_Count":1,"TARGET_FID":216023,"PIDN":"H806999004001B0","STATE_CD":"F1","CombineADD":"3480 JOE BATTLE BLVD","Type":"Commercial","State_Code":"F1","Living_Are":"6362","Value":467837,"Value_Sq_F":73.536152153399996,"Descriptio":"MAIN AREA","Class_CD":"ERDA","Class_Desc":"Restaurant; Frame; Average","Class_De_1":"Restaurant","Building_M":"Frame","Condition":"Average","Exterior_W":"892","Year_Built":2012,"Sq_Footage":"6362","BUILD_ID":29512285,"OCC_CLS":"Commercial","PRIM_OCC":"Entertainment and Recreation","SEC_OCC":" ","PROP_ADDR":"3480 JOE BATTLE BOULEVARD NORTHBOUND","PROP_CITY":"EL PASO","PROP_ST":"Texas","PROP_ZIP":"79938","OUTBLDG":" ","HEIGHT":4.96000004,"SQMETERS":667.804016,"SQFEET":7188.18018,"H_ADJ_ELEV":0,"L_ADJ_ELEV":0,"FIPS":"48141","CENSUSCODE":"48141010355","PROD_DATE":1414800000000,"SOURCE":"NGA","USNG":"13R CR 80027 18532","LONGITUDE":-106.267309324,"LATITUDE":31.7960811433,"IMAGE_NAME":"Li270-El Paso","IMAGE_DATE":1414800000000,"VAL_METHOD":"Unverified","REMARKS":" ","UUID":"{f57a7330-4a9c-43c3-b435-f0eed4433bc1}","Shape_Leng":0.0012335480349799999,"Shape_Area":6.3595369324200004e-08,"HEIGHT_FT":16.272966525200001,"Shape_Length":376.35338412503216}},{"type":"Feature","id":31128,"geometry":{"type":"Polygon","coordinates":[[[-106.26713654256082,31.795480690348096],[-106.26734304533339,31.795471273461573],[-106.26732765868906,31.795280364549612],[-106.26711408904877,31.795287155790223],[-106.26713654256082,31.795480690348096]]]},"properties":{"OBJECTID":31128,"Join_Count":1,"TARGET_FID":216024,"PIDN":"H80699900400160","STATE_CD":"F1","CombineADD":"3464 JOE BATTLE BLVD","Type":"Commercial","State_Code":"F1","Living_Are":"4393","Value":703225,"Value_Sq_F":160.078534031,"Descriptio":"MAIN AREA","Class_CD":"ERDG","Class_Desc":"Restaurant; Frame; Good","Class_De_1":"Restaurant","Building_M":"Frame","Condition":"Good","Exterior_W":"818","Year_Built":2013,"Sq_Footage":"4393","BUILD_ID":29509900,"OCC_CLS":"Commercial","PRIM_OCC":"Entertainment and Recreation","SEC_OCC":" ","PROP_ADDR":"3464 JOE BATTLE BOULEVARD NORTHBOUND","PROP_CITY":"EL PASO","PROP_ST":"Texas","PROP_ZIP":"79938","OUTBLDG":" ","HEIGHT":4.07999992,"SQMETERS":416.588013,"SQFEET":4484.10986,"H_ADJ_ELEV":0,"L_ADJ_ELEV":0,"FIPS":"48141","CENSUSCODE":"48141010355","PROD_DATE":1414800000000,"SOURCE":"NGA","USNG":"13R CR 80032 18453","LONGITUDE":-106.26724213999999,"LATITUDE":31.795374598199999,"IMAGE_NAME":"Li270-El Paso","IMAGE_DATE":1414800000000,"VAL_METHOD":"Unverified","REMARKS":" ","UUID":"{8597630b-d871-4b9a-bf0f-73d686a5841c}","Shape_Leng":0.00079942720874899998,"Shape_Area":3.9671629982399999e-08,"HEIGHT_FT":13.3858269497,"Shape_Length":271.01450442673138}},{"type":"Feature","id":31129,"geometry":{"type":"Polygon","coordinates":[[[-106.26703670277352,31.79504306494573],[-106.26734356559183,31.795037915207779],[-106.26732221431794,31.794862016853106],[-106.2669849276455,31.794877397591474],[-106.26699246162933,31.794997916004331],[-106.26703376261275,31.794996032669719],[-106.26703670277352,31.79504306494573]]]},"properties":{"OBJECTID":31129,"Join_Count":1,"TARGET_FID":216025,"PIDN":"H80699900400150","STATE_CD":"F1","CombineADD":"3460 JOE BATTLE BLVD","Type":"Commercial","State_Code":"F1","Living_Are":"5525","Value":1021008,"Value_Sq_F":184.79782805400001,"Descriptio":"MAIN AREA","Class_CD":"ERCG","Class_Desc":"Restaurant; Masonry; Good","Class_De_1":"Restaurant","Building_M":"Masonry","Condition":"Good","Exterior_W":"812","Year_Built":2013,"Sq_Footage":"5525","BUILD_ID":29508107,"OCC_CLS":"Commercial","PRIM_OCC":"Entertainment and Recreation","SEC_OCC":" ","PROP_ADDR":"3460 JOE BATTLE BOULEVARD NORTHBOUND","PROP_CITY":"EL PASO","PROP_ST":"Texas","PROP_ZIP":"79938","OUTBLDG":" ","HEIGHT":4.19999981,"SQMETERS":551.932007,"SQFEET":5940.93994,"H_ADJ_ELEV":0,"L_ADJ_ELEV":0,"FIPS":"48141","CENSUSCODE":"48141010355","PROD_DATE":1414800000000,"SOURCE":"NGA","USNG":"13R CR 80037 18406","LONGITUDE":-106.267181368,"LATITUDE":31.794947876599998,"IMAGE_NAME":"Li270-El Paso","IMAGE_DATE":1414800000000,"VAL_METHOD":"Unverified","REMARKS":" ","UUID":"{b21335ea-3309-4ba7-a299-ac14503f7e4e}","Shape_Leng":0.0010194662830000001,"Shape_Area":5.2560194467300002e-08,"HEIGHT_FT":13.779527374200001,"Shape_Length":338.5234826591394}},{"type":"Feature","id":31130,"geometry":{"type":"Polygon","coordinates":[[[-106.26698866232144,31.793777676864241],[-106.26718465358788,31.793765791487129],[-106.26718373477681,31.793751093894546],[-106.26733154212849,31.79374140557529],[-106.26732492664574,31.793635584714075],[-106.26696644391662,31.793643088524199],[-106.26697030272322,31.793704817521011],[-106.26698406847621,31.793704189794369],[-106.26698866232144,31.793777676864241]]]},"properties":{"OBJECTID":31130,"Join_Count":1,"TARGET_FID":216026,"PIDN":"H806999004001A0","STATE_CD":"F1","CombineADD":"3420 JOE BATTLE BLVD","Type":"Commercial","State_Code":"F1","Living_Are":"968","Value":284089,"Value_Sq_F":293.48037190100001,"Descriptio":"MAIN AREA","Class_CD":"EODG","Class_Desc":"Dining Atrium; Frame; Good","Class_De_1":"Dining Atrium","Building_M":"Frame","Condition":"Good","Exterior_W":"892","Year_Built":2011,"Sq_Footage":"968","BUILD_ID":29503193,"OCC_CLS":"Commercial","PRIM_OCC":"Retail Trade","SEC_OCC":" ","PROP_ADDR":"3420 JOE BATTLE BOULEVARD NORTHBOUND","PROP_CITY":"EL PASO","PROP_ST":"Texas","PROP_ZIP":"79938","OUTBLDG":" ","HEIGHT":4.44999981,"SQMETERS":435.953003,"SQFEET":4692.56006,"H_ADJ_ELEV":0,"L_ADJ_ELEV":0,"FIPS":"48141","CENSUSCODE":"48141010355","PROD_DATE":1414800000000,"SOURCE":"NGA","USNG":"13R CR 80037 18268","LONGITUDE":-106.26716458,"LATITUDE":31.793700769299999,"IMAGE_NAME":"Li270-El Paso","IMAGE_DATE":1414800000000,"VAL_METHOD":"Unverified","REMARKS":" ","UUID":"{46d129bb-b848-40c4-8a01-5323e3fb9bf2}","Shape_Leng":0.00096663397173899998,"Shape_Area":4.1515057669200001e-08,"HEIGHT_FT":14.5997373742,"Shape_Length":315.96845665536654}},{"type":"Feature","id":31131,"geometry":{"type":"Polygon","coordinates":[[[-106.26699238569599,31.793276715662135],[-106.26710522403154,31.793274407793394],[-106.2671073228363,31.793281407272257],[-106.26714869802801,31.793278811504752],[-106.26714834418833,31.793273151309371],[-106.26720794422613,31.793269723526421],[-106.2672035654127,31.79319967849662],[-106.26710324215735,31.793202834601921],[-106.26710284406995,31.793196466544011],[-106.2670430671859,31.793197064631329],[-106.26704207408075,31.793207752700461],[-106.26698813973441,31.793208793311361],[-106.26699238569599,31.793276715662135]]]},"properties":{"OBJECTID":31131,"Join_Count":1,"TARGET_FID":216027,"PIDN":"H80699900400140","STATE_CD":"F1","CombineADD":"3400 JOE BATTLE STE","Type":"Commercial","State_Code":"F1","Living_Are":"1743","Value":473401,"Value_Sq_F":271.60126219199998,"Descriptio":"MAIN AREA","Class_CD":"EFDG","Class_Desc":"Fast Food Restaurant; Frame; Good","Class_De_1":"Fast Food Restaurant","Building_M":"Frame","Condition":"Good","Exterior_W":"892","Year_Built":2013,"Sq_Footage":"1743","BUILD_ID":29501108,"OCC_CLS":"Commercial","PRIM_OCC":"Entertainment and Recreation","SEC_OCC":" ","PROP_ADDR":"3400 JOE BATTLE BOULEVARD NORTHBOUND","PROP_CITY":"EL PASO","PROP_ST":"Texas","PROP_ZIP":"79938","OUTBLDG":" ","HEIGHT":4.63000011,"SQMETERS":144.634003,"SQFEET":1556.81995,"H_ADJ_ELEV":0,"L_ADJ_ELEV":0,"FIPS":"48141","CENSUSCODE":"48141010355","PROD_DATE":1414800000000,"SOURCE":"NGA","USNG":"13R CR 80042 18217","LONGITUDE":-106.267108552,"LATITUDE":31.7932382674,"IMAGE_NAME":"Li270-El Paso","IMAGE_DATE":1414800000000,"VAL_METHOD":"Unverified","REMARKS":" ","UUID":"{799a95a1-3674-49cf-962f-e7a6ad9ce4cd}","Shape_Leng":0.00054834292576499998,"Shape_Area":1.37731247093e-08,"HEIGHT_FT":15.1902895755,"Shape_Length":194.21892756844363}},{"type":"Feature","id":31132,"geometry":{"type":"Polygon","coordinates":[[[-106.26698580503358,31.787108352099548],[-106.2673026483253,31.787108753024949],[-106.26730072969838,31.786875300215144],[-106.26730060170519,31.786859686843332],[-106.267070752574,31.786860268841075],[-106.26707036815213,31.786875331171725],[-106.26706683332941,31.787013903982704],[-106.26698379537082,31.787014390733642],[-106.26698580503358,31.787108352099548]]]},"properties":{"OBJECTID":31132,"Join_Count":1,"TARGET_FID":216028,"PIDN":"T28799903307650","STATE_CD":"F1","CombineADD":"3060 JOE BATTLE BLVD","Type":"Commercial","State_Code":"F1","Living_Are":"3300","Value":338879,"Value_Sq_F":102.690606061,"Descriptio":"MAIN AREA","Class_CD":"PYDA","Class_Desc":"Dental Clinic; Frame; Average","Class_De_1":"Dental Clinic","Building_M":"Frame","Condition":"Average","Exterior_W":"892","Year_Built":2008,"Sq_Footage":"3300","BUILD_ID":29473905,"OCC_CLS":"Commercial","PRIM_OCC":"Medical Office/Clinic","SEC_OCC":" ","PROP_ADDR":"3080 JOE BATTLE BOULEVARD NORTHBOUND","PROP_CITY":"EL PASO","PROP_ST":"Texas","PROP_ZIP":"79938","OUTBLDG":" ","HEIGHT":4.3499999,"SQMETERS":656.705994,"SQFEET":7068.70996,"H_ADJ_ELEV":0,"L_ADJ_ELEV":0,"FIPS":"48141","CENSUSCODE":"48141010352","PROD_DATE":1414800000000,"SOURCE":"NGA","USNG":"13R CR 80027 17524","LONGITUDE":-106.267185563,"LATITUDE":31.786992596200001,"IMAGE_NAME":"Li270-El Paso","IMAGE_DATE":1414800000000,"VAL_METHOD":"Unverified","REMARKS":" ","UUID":"{1439d528-472f-4f59-aedf-6d3ae0588db5}","Shape_Leng":0.00110381283023,"Shape_Area":6.2532401677200002e-08,"HEIGHT_FT":14.271653687100001,"Shape_Length":376.36996263139184}},{"type":"Feature","id":31133,"geometry":{"type":"Polygon","coordinates":[[[-106.26708672470208,31.786806739131841],[-106.26727013608819,31.786804973920393],[-106.26726728413617,31.786790254268368],[-106.26728462107774,31.786789463593738],[-106.26728309744422,31.786672378169182],[-106.26725805522608,31.78667352025375],[-106.26725923369239,31.786630564708688],[-106.26708160155792,31.786632065454846],[-106.26708672470208,31.786806739131841]]]},"properties":{"OBJECTID":31133,"Join_Count":1,"TARGET_FID":216029,"PIDN":"T28799903307650","STATE_CD":"F1","CombineADD":"3060 JOE BATTLE BLVD","Type":"Commercial","State_Code":"F1","Living_Are":"3300","Value":338879,"Value_Sq_F":102.690606061,"Descriptio":"MAIN AREA","Class_CD":"PYDA","Class_Desc":"Dental Clinic; Frame; Average","Class_De_1":"Dental Clinic","Building_M":"Frame","Condition":"Average","Exterior_W":"892","Year_Built":2008,"Sq_Footage":"3300","BUILD_ID":29472464,"OCC_CLS":"Commercial","PRIM_OCC":"Medical Office/Clinic","SEC_OCC":" ","PROP_ADDR":"3060 JOE BATTLE BOULEVARD NORTHBOUND","PROP_CITY":"EL PASO","PROP_ST":"Texas","PROP_ZIP":"79938","OUTBLDG":" ","HEIGHT":5.28999996,"SQMETERS":333.600006,"SQFEET":3590.84009,"H_ADJ_ELEV":0,"L_ADJ_ELEV":0,"FIPS":"48141","CENSUSCODE":"48141010352","PROD_DATE":1414800000000,"SOURCE":"NGA","USNG":"13R CR 80025 17494","LONGITUDE":-106.267202625,"LATITUDE":31.786718785400002,"IMAGE_NAME":"Li270-El Paso","IMAGE_DATE":1414800000000,"VAL_METHOD":"Unverified","REMARKS":" ","UUID":"{f6b45d47-4a25-4cdb-a922-c479852a6708}","Shape_Leng":0.00073445014456399998,"Shape_Area":3.1765784485800003e-08,"HEIGHT_FT":17.355643474800001,"Shape_Length":252.59508362906573}},{"type":"Feature","id":31134,"geometry":{"type":"Polygon","coordinates":[[[-106.26683374349385,31.786560865321935],[-106.26702272773559,31.786555547062921],[-106.26702355052736,31.78656871009257],[-106.26714115904964,31.786564996628655],[-106.26714423609738,31.786490604087479],[-106.267117164754,31.78649018861713],[-106.26711856831496,31.786358119067049],[-106.26714543391898,31.786355243779646],[-106.26714293765184,31.786284404641613],[-106.26727819017107,31.786284836579767],[-106.26727700306033,31.786204038217718],[-106.26730589778434,31.786202720422931],[-106.26730512200827,31.786128502673012],[-106.26728575602101,31.786127735824664],[-106.26728496070497,31.786122100264489],[-106.26728228691277,31.786103142995607],[-106.26683425197844,31.786105424871554],[-106.26683423332713,31.786122161235436],[-106.26683374349385,31.786560865321935]]]},"properties":{"OBJECTID":31134,"Join_Count":2,"TARGET_FID":216030,"PIDN":"P85499900100100","STATE_CD":"F1","CombineADD":"3000 JOE BATTLE BLVD","Type":"Commercial","State_Code":"F1","Living_Are":"2790","Value":272825,"Value_Sq_F":97.786738351300002,"Descriptio":"MAIN AREA","Class_CD":"PMDA","Class_Desc":"Medical Office; Frame; Average","Class_De_1":"Medical Office","Building_M":"Frame","Condition":"Average","Exterior_W":"892","Year_Built":2011,"Sq_Footage":"2790","BUILD_ID":29470169,"OCC_CLS":"Commercial","PRIM_OCC":"Retail Trade","SEC_OCC":" ","PROP_ADDR":"3030 JOE BATTLE BOULEVARD NORTHBOUND","PROP_CITY":"EL PASO","PROP_ST":"Texas","PROP_ZIP":"79938","OUTBLDG":" ","HEIGHT":4.78000021,"SQMETERS":231.388,"SQFEET":2490.63989,"H_ADJ_ELEV":0,"L_ADJ_ELEV":0,"FIPS":"48141","CENSUSCODE":"48141010352","PROD_DATE":1414800000000,"SOURCE":"NGA","USNG":"13R CR 80022 17436","LONGITUDE":-106.267230337,"LATITUDE":31.786195781299998,"IMAGE_NAME":"Li270-El Paso","IMAGE_DATE":1414800000000,"VAL_METHOD":"Unverified","REMARKS":" ","UUID":"{e922b8de-e681-43eb-847b-b129f4bdddb0}","Shape_Leng":0.00063627655691999999,"Shape_Area":2.2032920898699999e-08,"HEIGHT_FT":15.6824158883,"Shape_Length":645.19810156946426}},{"type":"Feature","id":31135,"geometry":{"type":"Polygon","coordinates":[[[-106.26690815707957,31.785787174870968],[-106.26722815788561,31.785783522913391],[-106.26722040990919,31.785288317917676],[-106.2669004107706,31.785291969856889],[-106.26690815707957,31.785787174870968]]]},"properties":{"OBJECTID":31135,"Join_Count":1,"TARGET_FID":216031,"PIDN":"P85499900100100","STATE_CD":"F1","CombineADD":"3000 JOE BATTLE BLVD","Type":" ","State_Code":" ","Living_Are":" ","Value":0,"Value_Sq_F":0,"Descriptio":" ","Class_CD":" ","Class_Desc":" ","Class_De_1":" ","Building_M":" ","Condition":" ","Exterior_W":" ","Year_Built":0,"Sq_Footage":" ","BUILD_ID":29468016,"OCC_CLS":"Assembly","PRIM_OCC":"Community Center","SEC_OCC":" ","PROP_ADDR":"3000 JOE BATTLE BOULEVARD NORTHBOUND","PROP_CITY":"EL PASO","PROP_ST":"Texas","PROP_ZIP":"79938","OUTBLDG":" ","HEIGHT":5.05999994,"SQMETERS":1676.94995,"SQFEET":18050.5,"H_ADJ_ELEV":0,"L_ADJ_ELEV":0,"FIPS":"48141","CENSUSCODE":"48141010352","PROD_DATE":1414800000000,"SOURCE":"NGA","USNG":"13R CR 80035 17363","LONGITUDE":-106.267078482,"LATITUDE":31.7855376648,"IMAGE_NAME":"Li270-El Paso","IMAGE_DATE":1414800000000,"VAL_METHOD":"Unverified","REMARKS":" ","UUID":"{fe419372-76f3-4a13-833b-b4a2c6217573}","Shape_Leng":0.0016349865847599999,"Shape_Area":1.5967864537400001e-07,"HEIGHT_FT":16.601050212299999,"Shape_Length":559.20689083055515}},{"type":"Feature","id":31136,"geometry":{"type":"Polygon","coordinates":[[[-106.26667886359155,31.784751586557043],[-106.2668698669047,31.784753744743295],[-106.26687394542289,31.78449043169962],[-106.26668294258266,31.784488272618521],[-106.26667886359155,31.784751586557043]]]},"properties":{"OBJECTID":31136,"Join_Count":1,"TARGET_FID":216032,"PIDN":"T28799910400425","STATE_CD":"F1","CombineADD":"2280 JOE BATTLE BLVE","Type":"Commercial","State_Code":"F1","Living_Are":"6000","Value":722327,"Value_Sq_F":120.387833333,"Descriptio":"MAIN AREA","Class_CD":"QFCA","Class_Desc":"Funeral Home; Masonry; Average","Class_De_1":"Funeral Home","Building_M":"Masonry","Condition":"Average","Exterior_W":"812","Year_Built":2009,"Sq_Footage":"6000","BUILD_ID":29464198,"OCC_CLS":"Commercial","PRIM_OCC":"Professional/Technical Services","SEC_OCC":" ","PROP_ADDR":"2280 JOE BATTLE BOULEVARD NORTHBOUND","PROP_CITY":"EL PASO","PROP_ST":"Texas","PROP_ZIP":"79938","OUTBLDG":" ","HEIGHT":5.38000011,"SQMETERS":546.023987,"SQFEET":5877.33984,"H_ADJ_ELEV":0,"L_ADJ_ELEV":0,"FIPS":"48141","CENSUSCODE":"48141010352","PROD_DATE":1414800000000,"SOURCE":"NGA","USNG":"13R CR 80061 17261","LONGITUDE":-106.266788722,"LATITUDE":31.784622994500001,"IMAGE_NAME":"Li270-El Paso","IMAGE_DATE":1414800000000,"VAL_METHOD":"Unverified","REMARKS":" ","UUID":"{a67ddee5-a9a2-4438-a596-56a04bb0ebbf}","Shape_Leng":0.00092296502474499998,"Shape_Area":5.1991816097499998e-08,"HEIGHT_FT":17.650919575500001,"Shape_Length":310.30445279533774}},{"type":"Feature","id":31137,"geometry":{"type":"Polygon","coordinates":[[[-106.26631384140067,31.783746548800853],[-106.26639805396401,31.783821508309998],[-106.2672857700681,31.783824500722897],[-106.26729294708389,31.783633966341704],[-106.26664715553591,31.783633527992784],[-106.26653570342418,31.783529920793338],[-106.26654023725702,31.782991699720423],[-106.26633020588359,31.782990408910308],[-106.26631384140067,31.783746548800853]]]},"properties":{"OBJECTID":31137,"Join_Count":1,"TARGET_FID":216033,"PIDN":"T28799910400300","STATE_CD":"F1","CombineADD":"2270 JOE BATTLE BLVD","Type":"Commercial","State_Code":"F1","Living_Are":"32684.5","Value":2576476,"Value_Sq_F":78.828680261299994,"Descriptio":"MAIN AREA","Class_CD":"MXDG","Class_Desc":" ","Class_De_1":"Strip Store","Building_M":"Frame","Condition":"Good","Exterior_W":"892","Year_Built":2008,"Sq_Footage":"32684.5","BUILD_ID":29460988,"OCC_CLS":"Commercial","PRIM_OCC":"Retail Trade","SEC_OCC":" ","PROP_ADDR":"2270 JOE BATTLE BOULEVARD NORTHBOUND","PROP_CITY":"EL PASO","PROP_ST":"Texas","PROP_ZIP":"79938","OUTBLDG":" ","HEIGHT":5.42999983,"SQMETERS":3525.16992,"SQFEET":37944.6016,"H_ADJ_ELEV":0,"L_ADJ_ELEV":0,"FIPS":"48141","CENSUSCODE":"48141010352","PROD_DATE":1414800000000,"SOURCE":"NGA","USNG":"13R CR 80080 17158","LONGITUDE":-106.26666759,"LATITUDE":31.783553102399999,"IMAGE_NAME":"Li270-El Paso","IMAGE_DATE":1414800000000,"VAL_METHOD":"Unverified","REMARKS":" ","UUID":"{7753d458-74cb-4451-9e7c-916281fd0276}","Shape_Leng":0.00353073447598,"Shape_Area":3.3565920165600001e-07,"HEIGHT_FT":17.814960636799999,"Shape_Length":1171.0217294530448}},{"type":"Feature","id":31138,"geometry":{"type":"Polygon","coordinates":[[[-106.26679437172888,31.78283337947871],[-106.26693728259265,31.782829578707737],[-106.26691858707206,31.78231658259244],[-106.26677567586847,31.782320382491154],[-106.26679437172888,31.78283337947871]]]},"properties":{"OBJECTID":31138,"Join_Count":1,"TARGET_FID":216034,"PIDN":"T28799910400200","STATE_CD":"F1","CombineADD":"2260 JOE BATTLE BLVD","Type":" ","State_Code":" ","Living_Are":" ","Value":0,"Value_Sq_F":0,"Descriptio":" ","Class_CD":" ","Class_Desc":" ","Class_De_1":" ","Building_M":" ","Condition":" ","Exterior_W":" ","Year_Built":0,"Sq_Footage":" ","BUILD_ID":29457615,"OCC_CLS":"Commercial","PRIM_OCC":"Retail Trade","SEC_OCC":" ","PROP_ADDR":" ","PROP_CITY":" ","PROP_ST":"Texas","PROP_ZIP":" ","OUTBLDG":" ","HEIGHT":4.88999987,"SQMETERS":727.854004,"SQFEET":7834.5498,"H_ADJ_ELEV":0,"L_ADJ_ELEV":0,"FIPS":"48141","CENSUSCODE":"48141010352","PROD_DATE":1414800000000,"SOURCE":"NGA","USNG":"13R CR 80051 17034","LONGITUDE":-106.26686983499999,"LATITUDE":31.7825765075,"IMAGE_NAME":"Li270-El Paso","IMAGE_DATE":1414800000000,"VAL_METHOD":"Unverified","REMARKS":" ","UUID":"{7596690f-cc17-4b98-b44a-f9d0337654a5}","Shape_Leng":0.0012853655917899999,"Shape_Area":6.93040405806e-08,"HEIGHT_FT":16.043307162000001,"Shape_Length":462.27459457780839}},{"type":"Feature","id":31139,"geometry":{"type":"Polygon","coordinates":[[[-106.2666933747591,31.781522837590426],[-106.26686817299185,31.781520301102336],[-106.26686558633527,31.781428032181111],[-106.26687827491753,31.781427453506787],[-106.2668728556515,31.781340748979719],[-106.2667965580153,31.781341510977327],[-106.2667843785588,31.781350218342492],[-106.2666953934518,31.781351559798505],[-106.2666933747591,31.781522837590426]]]},"properties":{"OBJECTID":31139,"Join_Count":1,"TARGET_FID":216035,"PIDN":"S53999900100125","STATE_CD":"F1","CombineADD":"2240 JOE BATTLE BLVD","Type":" ","State_Code":" ","Living_Are":" ","Value":0,"Value_Sq_F":0,"Descriptio":" ","Class_CD":" ","Class_Desc":" ","Class_De_1":" ","Building_M":" ","Condition":" ","Exterior_W":" ","Year_Built":0,"Sq_Footage":" ","BUILD_ID":29452760,"OCC_CLS":"Commercial","PRIM_OCC":"Veterinary/Pet","SEC_OCC":" ","PROP_ADDR":" ","PROP_CITY":" ","PROP_ST":"Texas","PROP_ZIP":" ","OUTBLDG":" ","HEIGHT":5.23000002,"SQMETERS":311.329987,"SQFEET":3351.12012,"H_ADJ_ELEV":0,"L_ADJ_ELEV":0,"FIPS":"48141","CENSUSCODE":"48141010352","PROD_DATE":1414800000000,"SOURCE":"NGA","USNG":"13R CR 80056 16908","LONGITUDE":-106.26679592399999,"LATITUDE":31.781435182199999,"IMAGE_NAME":"Li270-El Paso","IMAGE_DATE":1414800000000,"VAL_METHOD":"Unverified","REMARKS":" ","UUID":"{cb5feee4-e301-40cb-8a0d-f5bc8ded05e3}","Shape_Leng":0.00068886241175199995,"Shape_Area":2.9643529484300001e-08,"HEIGHT_FT":17.1587932626,"Shape_Length":242.04656450860017}},{"type":"Feature","id":31153,"geometry":{"type":"Polygon","coordinates":[[[-106.21946548368439,31.78022079160975],[-106.22003252649118,31.780575053040856],[-106.22003470207186,31.780576412272456],[-106.22006676310147,31.780536157352067],[-106.22036638342927,31.780159958183777],[-106.2200648597817,31.779980046716449],[-106.21998464223662,31.780066832817965],[-106.21994472758622,31.780045699023116],[-106.21986917592508,31.780126538998339],[-106.21974519914036,31.780048991642481],[-106.21972503691515,31.780075711067944],[-106.21968706148986,31.780058791113042],[-106.21962771498592,31.780130295359374],[-106.2195756415678,31.780102542428548],[-106.21946548368439,31.78022079160975]]]},"properties":{"OBJECTID":31153,"Join_Count":1,"TARGET_FID":216092,"PIDN":"T28799921600100","STATE_CD":"XV-C","CombineADD":"14400 PEBBLE HILLS BLVD","Type":" ","State_Code":" ","Living_Are":" ","Value":0,"Value_Sq_F":0,"Descriptio":" ","Class_CD":" ","Class_Desc":" ","Class_De_1":" ","Building_M":" ","Condition":" ","Exterior_W":" ","Year_Built":0,"Sq_Footage":" ","BUILD_ID":29449256,"OCC_CLS":"Education","PRIM_OCC":"Pre-K - 12 Schools","SEC_OCC":" ","PROP_ADDR":"14400 PEBBLE HILLS BOULEVARD EASTBOUND","PROP_CITY":"EL PASO","PROP_ST":"Texas","PROP_ZIP":"79938","OUTBLDG":" ","HEIGHT":9.39000034,"SQMETERS":27768.5996,"SQFEET":298899,"H_ADJ_ELEV":0,"L_ADJ_ELEV":0,"FIPS":"48141","CENSUSCODE":"48141010368","PROD_DATE":1414800000000,"SOURCE":"NGA","USNG":"13R CR 84589 16713","LONGITUDE":-106.218912171,"LATITUDE":31.780149695199999,"IMAGE_NAME":"Li270-El Paso","IMAGE_DATE":1414800000000,"VAL_METHOD":"Unverified","REMARKS":" ","UUID":"{36aeb16a-ef1d-48a7-81a1-452c494d5e6a}","Shape_Leng":0.015266157180800001,"Shape_Area":2.6439767861299999e-06,"HEIGHT_FT":30.8070887264,"Shape_Length":787.67114376134532}},{"type":"Feature","id":31154,"geometry":{"type":"Polygon","coordinates":[[[-106.22062073664037,31.779493961319606],[-106.2206217229178,31.779599151483584],[-106.2206491826938,31.779595543583621],[-106.22065110389197,31.779492587176541],[-106.22062073664037,31.779493961319606]]]},"properties":{"OBJECTID":31154,"Join_Count":1,"TARGET_FID":216131,"PIDN":"T28799921600100","STATE_CD":"XV-C","CombineADD":"14400 PEBBLE HILLS BLVD","Type":" ","State_Code":" ","Living_Are":" ","Value":0,"Value_Sq_F":0,"Descriptio":" ","Class_CD":" ","Class_Desc":" ","Class_De_1":" ","Building_M":" ","Condition":" ","Exterior_W":" ","Year_Built":0,"Sq_Footage":" ","BUILD_ID":2848825,"OCC_CLS":"Education","PRIM_OCC":"Pre-K - 12 Schools","SEC_OCC":" ","PROP_ADDR":"14400 PEBBLE HILLS BOULEVARD EASTBOUND","PROP_CITY":"EL PASO","PROP_ST":"Texas","PROP_ZIP":"79938","OUTBLDG":" ","HEIGHT":0,"SQMETERS":282.437988,"SQFEET":3040.13989,"H_ADJ_ELEV":0,"L_ADJ_ELEV":0,"FIPS":"48141","CENSUSCODE":"48141010368","PROD_DATE":1634774400000,"SOURCE":"ORNL","USNG":"13R CR 84423 16672","LONGITUDE":-106.220662004,"LATITUDE":31.779763698699998,"IMAGE_NAME":"1040010068C22B00","IMAGE_DATE":1618272000000,"VAL_METHOD":"Automated","REMARKS":" ","UUID":"{79c0659c-088a-40ce-bef8-d63a1ccac294}","Shape_Leng":0.00090554955908000003,"Shape_Area":2.5672478961300001e-08,"HEIGHT_FT":0,"Shape_Length":93.808500462211157}},{"type":"Feature","id":31155,"geometry":{"type":"Polygon","coordinates":[[[-106.23335151099307,31.768894318896177],[-106.23342268637639,31.768891090789328],[-106.23341898389675,31.768762932915983],[-106.23334652145492,31.768762578803141],[-106.23335151099307,31.768894318896177]]]},"properties":{"OBJECTID":31155,"Join_Count":1,"TARGET_FID":216135,"PIDN":"X57999930200100","STATE_CD":"F1","CombineADD":" ","Type":" ","State_Code":" ","Living_Are":" ","Value":0,"Value_Sq_F":0,"Descriptio":" ","Class_CD":" ","Class_Desc":" ","Class_De_1":" ","Building_M":" ","Condition":" ","Exterior_W":" ","Year_Built":0,"Sq_Footage":" ","BUILD_ID":29412982,"OCC_CLS":"Commercial","PRIM_OCC":"Retail Trade","SEC_OCC":" ","PROP_ADDR":" ","PROP_CITY":" ","PROP_ST":"Texas","PROP_ZIP":" ","OUTBLDG":" ","HEIGHT":3.80999994,"SQMETERS":70.7003021,"SQFEET":761.010986,"H_ADJ_ELEV":0,"L_ADJ_ELEV":0,"FIPS":"48141","CENSUSCODE":"48141010369","PROD_DATE":1414800000000,"SOURCE":"NGA","USNG":"13R CR 83205 15473","LONGITUDE":-106.23337766,"LATITUDE":31.768820635000001,"IMAGE_NAME":"Li270-El Paso","IMAGE_DATE":1414800000000,"VAL_METHOD":"Unverified","REMARKS":" ","UUID":"{655b6297-8091-42e0-bc3c-de81647b6737}","Shape_Leng":0.00036357973523200001,"Shape_Area":6.7308836421199997e-09,"HEIGHT_FT":12.5000002123,"Shape_Length":139.25592822857678}},{"type":"Feature","id":31156,"geometry":{"type":"Polygon","coordinates":[[[-106.22422208064606,31.77989198762625],[-106.22421079385899,31.779895303829335],[-106.22421756244931,31.780004384058852],[-106.22434551897847,31.780002797194381],[-106.22435664924679,31.779838213163774],[-106.22421731937057,31.779841717593708],[-106.22422208064606,31.77989198762625]]]},"properties":{"OBJECTID":31156,"Join_Count":1,"TARGET_FID":216203,"PIDN":"T28799925200110","STATE_CD":"B4","CombineADD":"14306 GIL REYES DR","Type":"Residential","State_Code":"B4","Living_Are":"971","Value":49874,"Value_Sq_F":51.363542739400003,"Descriptio":"MAIN AREA","Class_CD":"D07+","Class_Desc":"Multifamily; Good","Class_De_1":"Multifamily","Building_M":" ","Condition":"Good","Exterior_W":"STU","Year_Built":2014,"Sq_Footage":"971","BUILD_ID":29444440,"OCC_CLS":"Residential","PRIM_OCC":"Multi - Family Dwelling","SEC_OCC":" ","PROP_ADDR":"14306 GIL REYES DRIVE","PROP_CITY":"EL PASO","PROP_ST":"Texas","PROP_ZIP":"79938","OUTBLDG":" ","HEIGHT":6.42000008,"SQMETERS":195.253998,"SQFEET":2101.69995,"H_ADJ_ELEV":0,"L_ADJ_ELEV":0,"FIPS":"48141","CENSUSCODE":"48141010368","PROD_DATE":1414800000000,"SOURCE":"NGA","USNG":"13R CR 84081 16693","LONGITUDE":-106.224272989,"LATITUDE":31.779916397499999,"IMAGE_NAME":"Li270-El Paso","IMAGE_DATE":1414800000000,"VAL_METHOD":"Unverified","REMARKS":" ","UUID":"{e0a91a49-0eba-4806-8dc7-51b7c10bab41}","Shape_Leng":0.000555209974255,"Shape_Area":1.8590992504999999e-08,"HEIGHT_FT":21.062993050300001,"Shape_Length":204.84597076245268}},{"type":"Feature","id":31157,"geometry":{"type":"Polygon","coordinates":[[[-106.22325205335127,31.77799854199116],[-106.22334093386581,31.778070191541573],[-106.22340927078457,31.778011524720569],[-106.22332475094447,31.777943224435813],[-106.22325205335127,31.77799854199116]]]},"properties":{"OBJECTID":31157,"Join_Count":1,"TARGET_FID":216219,"PIDN":"T28799921600100","STATE_CD":"XV-C","CombineADD":"14400 PEBBLE HILLS BLVD","Type":" ","State_Code":" ","Living_Are":" ","Value":0,"Value_Sq_F":0,"Descriptio":" ","Class_CD":" ","Class_Desc":" ","Class_De_1":" ","Building_M":" ","Condition":" ","Exterior_W":" ","Year_Built":0,"Sq_Footage":" ","BUILD_ID":2846953,"OCC_CLS":"Education","PRIM_OCC":"Pre-K - 12 Schools","SEC_OCC":" ","PROP_ADDR":" ","PROP_CITY":" ","PROP_ST":"Texas","PROP_ZIP":" ","OUTBLDG":" ","HEIGHT":0,"SQMETERS":110.561996,"SQFEET":1190.07996,"H_ADJ_ELEV":0,"L_ADJ_ELEV":0,"FIPS":"48141","CENSUSCODE":"48141010368","PROD_DATE":1634774400000,"SOURCE":"ORNL","USNG":"13R CR 84164 16478","LONGITUDE":-106.22337927,"LATITUDE":31.777988037299998,"IMAGE_NAME":"1040010068C22B00","IMAGE_DATE":1618272000000,"VAL_METHOD":"Automated","REMARKS":" ","UUID":"{b179ec61-75d8-411b-b050-1d2234e9585e}","Shape_Leng":0.00041338595682099998,"Shape_Area":1.0502104417799999e-08,"HEIGHT_FT":0,"Shape_Length":134.49230902721607}},{"type":"Feature","id":31158,"geometry":{"type":"Polygon","coordinates":[[[-106.22329327481447,31.779600022140819],[-106.22337326058432,31.779595218849874],[-106.22337378786048,31.779469859733194],[-106.22330331863897,31.779471867778675],[-106.22330730380709,31.779446856396628],[-106.22332946151208,31.779447035496094],[-106.2233237752472,31.779399997215489],[-106.22328904727108,31.779398021861478],[-106.22329327481447,31.779600022140819]]]},"properties":{"OBJECTID":31158,"Join_Count":0,"TARGET_FID":216226,"PIDN":"T28799921600100","STATE_CD":"XV-C","CombineADD":"14400 PEBBLE HILLS BLVD","Type":" ","State_Code":" ","Living_Are":" ","Value":0,"Value_Sq_F":0,"Descriptio":" ","Class_CD":" ","Class_Desc":" ","Class_De_1":" ","Building_M":" ","Condition":" ","Exterior_W":" ","Year_Built":0,"Sq_Footage":" ","BUILD_ID":null,"OCC_CLS":null,"PRIM_OCC":null,"SEC_OCC":null,"PROP_ADDR":null,"PROP_CITY":null,"PROP_ST":null,"PROP_ZIP":null,"OUTBLDG":null,"HEIGHT":null,"SQMETERS":null,"SQFEET":null,"H_ADJ_ELEV":null,"L_ADJ_ELEV":null,"FIPS":null,"CENSUSCODE":null,"PROD_DATE":null,"SOURCE":null,"USNG":null,"LONGITUDE":null,"LATITUDE":null,"IMAGE_NAME":null,"IMAGE_DATE":null,"VAL_METHOD":null,"REMARKS":null,"UUID":null,"Shape_Leng":null,"Shape_Area":null,"HEIGHT_FT":null,"Shape_Length":210.01186102964044}},{"type":"Feature","id":31159,"geometry":{"type":"Polygon","coordinates":[[[-106.21999794963925,31.779062205598976],[-106.22011415758033,31.77906411581132],[-106.22012772988978,31.778854415728183],[-106.22000197990327,31.778856520941641],[-106.21999794963925,31.779062205598976]]]},"properties":{"OBJECTID":31159,"Join_Count":1,"TARGET_FID":216227,"PIDN":"T28799921600100","STATE_CD":"XV-C","CombineADD":"14400 PEBBLE HILLS BLVD","Type":" ","State_Code":" ","Living_Are":" ","Value":0,"Value_Sq_F":0,"Descriptio":" ","Class_CD":" ","Class_Desc":" ","Class_De_1":" ","Building_M":" ","Condition":" ","Exterior_W":" ","Year_Built":0,"Sq_Footage":" ","BUILD_ID":2847912,"OCC_CLS":"Education","PRIM_OCC":"Pre-K - 12 Schools","SEC_OCC":" ","PROP_ADDR":"14400 PEBBLE HILLS BOULEVARD EASTBOUND","PROP_CITY":"EL PASO","PROP_ST":"Texas","PROP_ZIP":"79938","OUTBLDG":" ","HEIGHT":0,"SQMETERS":264.032013,"SQFEET":2842.01001,"H_ADJ_ELEV":0,"L_ADJ_ELEV":0,"FIPS":"48141","CENSUSCODE":"48141010368","PROD_DATE":1634774400000,"SOURCE":"ORNL","USNG":"13R CR 84474 16581","LONGITUDE":-106.22011240800001,"LATITUDE":31.778940028400001,"IMAGE_NAME":"1040010068C22B00","IMAGE_DATE":1618272000000,"VAL_METHOD":"Automated","REMARKS":" ","UUID":"{fa81fb6c-df2d-423c-ab3e-b7494861a31c}","Shape_Leng":0.00065939718013499995,"Shape_Area":2.4942555066999999e-08,"HEIGHT_FT":0,"Shape_Length":226.43763482862295}},{"type":"Feature","id":31160,"geometry":{"type":"Polygon","coordinates":[[[-106.22396894361529,31.778487527778353],[-106.22394417228243,31.778489831560034],[-106.22394425989522,31.7786920193941],[-106.22412283139346,31.77869221144012],[-106.22412339180376,31.778478169409045],[-106.22409854627288,31.778479294367052],[-106.22410420397445,31.778458937868457],[-106.2239726359176,31.778457799861954],[-106.22396894361529,31.778487527778353]]]},"properties":{"OBJECTID":31160,"Join_Count":1,"TARGET_FID":216311,"PIDN":"T28799925200330","STATE_CD":"A1","CombineADD":"14309 ARTHUR ASHE CT","Type":"Residential","State_Code":"A1","Living_Are":"3078","Value":104274,"Value_Sq_F":33.877192982499999,"Descriptio":"MAIN AREA","Class_CD":"D03+","Class_Desc":"Multifamily; Good","Class_De_1":"Multifamily","Building_M":" ","Condition":"Good","Exterior_W":"S","Year_Built":2015,"Sq_Footage":"1539","BUILD_ID":2847571,"OCC_CLS":"Residential","PRIM_OCC":"Single Family Dwelling","SEC_OCC":" ","PROP_ADDR":"14311 ARTHUR ASHE COURT","PROP_CITY":"EL PASO","PROP_ST":"Texas","PROP_ZIP":"79938","OUTBLDG":" ","HEIGHT":0,"SQMETERS":444.362,"SQFEET":4783.06982,"H_ADJ_ELEV":0,"L_ADJ_ELEV":0,"FIPS":"48141","CENSUSCODE":"48141010368","PROD_DATE":1634774400000,"SOURCE":"ORNL","USNG":"13R CR 84118 16548","LONGITUDE":-106.22386948400001,"LATITUDE":31.778605812799999,"IMAGE_NAME":"1040010068C22B00","IMAGE_DATE":1618272000000,"VAL_METHOD":"Automated","REMARKS":" ","UUID":"{b69cf499-cba4-4b33-ada2-1bc9173f4796}","Shape_Leng":0.00081238233901399998,"Shape_Area":4.08415995073e-08,"HEIGHT_FT":0,"Shape_Length":281.75499325118869}},{"type":"Feature","id":31161,"geometry":{"type":"Polygon","coordinates":[[[-106.22377946357781,31.777954562923576],[-106.22372861215031,31.777960411890859],[-106.22372782145106,31.778148451151701],[-106.22377213736735,31.778148810056869],[-106.22377301522683,31.778162958672077],[-106.22380904862985,31.778163692560746],[-106.22380970705659,31.778174304472191],[-106.22388547713713,31.778168508561478],[-106.2238833654865,31.778156780233896],[-106.2239109721267,31.77815553029922],[-106.22390449423501,31.777961908151415],[-106.22383627519285,31.77795553735946],[-106.22383372461971,31.777936734722097],[-106.22377967309068,31.77793563441741],[-106.22377946357781,31.777954562923576]]]},"properties":{"OBJECTID":31161,"Join_Count":1,"TARGET_FID":216457,"PIDN":"T28799925200370","STATE_CD":"A1","CombineADD":"14310 ARTHUR ASHE CT","Type":"Residential","State_Code":"A1","Living_Are":"3068","Value":100747,"Value_Sq_F":32.838005215099997,"Descriptio":"MAIN AREA","Class_CD":"D03+","Class_Desc":"Multifamily; Good","Class_De_1":"Multifamily","Building_M":" ","Condition":"Good","Exterior_W":"STU","Year_Built":2015,"Sq_Footage":"1524","BUILD_ID":2847019,"OCC_CLS":"Residential","PRIM_OCC":"Single Family Dwelling","SEC_OCC":" ","PROP_ADDR":"14312 ARTHUR ASHE COURT","PROP_CITY":"EL PASO","PROP_ST":"Texas","PROP_ZIP":"79938","OUTBLDG":" ","HEIGHT":0,"SQMETERS":425.084991,"SQFEET":4575.56982,"H_ADJ_ELEV":0,"L_ADJ_ELEV":0,"FIPS":"48141","CENSUSCODE":"48141010368","PROD_DATE":1634774400000,"SOURCE":"ORNL","USNG":"13R CR 84138 16485","LONGITUDE":-106.223645378,"LATITUDE":31.7780408251,"IMAGE_NAME":"1040010068C22B00","IMAGE_DATE":1618272000000,"VAL_METHOD":"Automated","REMARKS":" ","UUID":"{06c91aa8-209b-46c4-a753-a35d6a4332cb}","Shape_Leng":0.00081255621696100003,"Shape_Area":4.0841558581700003e-08,"HEIGHT_FT":0,"Shape_Length":277.25313748865881}},{"type":"Feature","id":31162,"geometry":{"type":"Polygon","coordinates":[[[-106.21877816125019,31.780856921546356],[-106.21930299562412,31.781191989985949],[-106.21930943565653,31.781196101443154],[-106.21944815775645,31.78102617229456],[-106.21944879256006,31.781025394873129],[-106.21944211726603,31.781020899394385],[-106.21935304004435,31.780960907571114],[-106.21941338453745,31.780887446410834],[-106.21941076210187,31.780885990880179],[-106.21897071019271,31.780641753710761],[-106.21877816125019,31.780856921546356]]]},"properties":{"OBJECTID":31162,"Join_Count":1,"TARGET_FID":216468,"PIDN":"T28799921600100","STATE_CD":"XV-C","CombineADD":"14400 PEBBLE HILLS BLVD","Type":" ","State_Code":" ","Living_Are":" ","Value":0,"Value_Sq_F":0,"Descriptio":" ","Class_CD":" ","Class_Desc":" ","Class_De_1":" ","Building_M":" ","Condition":" ","Exterior_W":" ","Year_Built":0,"Sq_Footage":" ","BUILD_ID":29449256,"OCC_CLS":"Education","PRIM_OCC":"Pre-K - 12 Schools","SEC_OCC":" ","PROP_ADDR":"14400 PEBBLE HILLS BOULEVARD EASTBOUND","PROP_CITY":"EL PASO","PROP_ST":"Texas","PROP_ZIP":"79938","OUTBLDG":" ","HEIGHT":9.39000034,"SQMETERS":27768.5996,"SQFEET":298899,"H_ADJ_ELEV":0,"L_ADJ_ELEV":0,"FIPS":"48141","CENSUSCODE":"48141010368","PROD_DATE":1414800000000,"SOURCE":"NGA","USNG":"13R CR 84589 16713","LONGITUDE":-106.218912171,"LATITUDE":31.780149695199999,"IMAGE_NAME":"Li270-El Paso","IMAGE_DATE":1414800000000,"VAL_METHOD":"Unverified","REMARKS":" ","UUID":"{36aeb16a-ef1d-48a7-81a1-452c494d5e6a}","Shape_Leng":0.015266157180800001,"Shape_Area":2.6439767861299999e-06,"HEIGHT_FT":30.8070887264,"Shape_Length":614.91515010196815}},{"type":"Feature","id":31163,"geometry":{"type":"Polygon","coordinates":[[[-106.22291207078537,31.778029303703583],[-106.22306426921386,31.778028325698376],[-106.22302793357652,31.778000410787566],[-106.22293254688201,31.778002364481086],[-106.22291207078537,31.778029303703583]]]},"properties":{"OBJECTID":31163,"Join_Count":0,"TARGET_FID":216473,"PIDN":"T28799921600100","STATE_CD":"XV-C","CombineADD":"14400 PEBBLE HILLS BLVD","Type":" ","State_Code":" ","Living_Are":" ","Value":0,"Value_Sq_F":0,"Descriptio":" ","Class_CD":" ","Class_Desc":" ","Class_De_1":" ","Building_M":" ","Condition":" ","Exterior_W":" ","Year_Built":0,"Sq_Footage":" ","BUILD_ID":null,"OCC_CLS":null,"PRIM_OCC":null,"SEC_OCC":null,"PROP_ADDR":null,"PROP_CITY":null,"PROP_ST":null,"PROP_ZIP":null,"OUTBLDG":null,"HEIGHT":null,"SQMETERS":null,"SQFEET":null,"H_ADJ_ELEV":null,"L_ADJ_ELEV":null,"FIPS":null,"CENSUSCODE":null,"PROD_DATE":null,"SOURCE":null,"USNG":null,"LONGITUDE":null,"LATITUDE":null,"IMAGE_NAME":null,"IMAGE_DATE":null,"VAL_METHOD":null,"REMARKS":null,"UUID":null,"Shape_Leng":null,"Shape_Area":null,"HEIGHT_FT":null,"Shape_Length":103.81805646611706}},{"type":"Feature","id":31164,"geometry":{"type":"Polygon","coordinates":[[[-106.21925583520662,31.781703201216875],[-106.21943942370858,31.781704453626531],[-106.21944598581912,31.781665924174703],[-106.21979225026625,31.78165599343864],[-106.21978251524325,31.781390715009579],[-106.21973788228554,31.781392734344724],[-106.21983134710416,31.781312039601122],[-106.21975486539134,31.781269620427047],[-106.21977365010717,31.78124774185321],[-106.21944815775645,31.78102617229456],[-106.21944186121915,31.781021885465304],[-106.21930299562412,31.781191989985949],[-106.21930250430833,31.781192592028177],[-106.21920734265173,31.781137635809667],[-106.21915181432351,31.781216613908814],[-106.219140788096,31.781255345298447],[-106.21911635836143,31.781258362404177],[-106.21911227703245,31.781336924137705],[-106.21905214028463,31.781341556545467],[-106.21912555588452,31.781659392436172],[-106.21925147574417,31.781668988846668],[-106.21925583520662,31.781703201216875]]]},"properties":{"OBJECTID":31164,"Join_Count":2,"TARGET_FID":216536,"PIDN":"T28799921600100","STATE_CD":"XV-C","CombineADD":"14400 PEBBLE HILLS BLVD","Type":" ","State_Code":" ","Living_Are":" ","Value":0,"Value_Sq_F":0,"Descriptio":" ","Class_CD":" ","Class_Desc":" ","Class_De_1":" ","Building_M":" ","Condition":" ","Exterior_W":" ","Year_Built":0,"Sq_Footage":" ","BUILD_ID":29449256,"OCC_CLS":"Education","PRIM_OCC":"Pre-K - 12 Schools","SEC_OCC":" ","PROP_ADDR":"14400 PEBBLE HILLS BOULEVARD EASTBOUND","PROP_CITY":"EL PASO","PROP_ST":"Texas","PROP_ZIP":"79938","OUTBLDG":" ","HEIGHT":9.39000034,"SQMETERS":27768.5996,"SQFEET":298899,"H_ADJ_ELEV":0,"L_ADJ_ELEV":0,"FIPS":"48141","CENSUSCODE":"48141010368","PROD_DATE":1414800000000,"SOURCE":"NGA","USNG":"13R CR 84589 16713","LONGITUDE":-106.218912171,"LATITUDE":31.780149695199999,"IMAGE_NAME":"Li270-El Paso","IMAGE_DATE":1414800000000,"VAL_METHOD":"Unverified","REMARKS":" ","UUID":"{36aeb16a-ef1d-48a7-81a1-452c494d5e6a}","Shape_Leng":0.015266157180800001,"Shape_Area":2.6439767861299999e-06,"HEIGHT_FT":30.8070887264,"Shape_Length":884.75818764529697}},{"type":"Feature","id":31165,"geometry":{"type":"Polygon","coordinates":[[[-106.21942879314608,31.77922177198333],[-106.21952037739388,31.779142357243277],[-106.2195428416253,31.779143730613526],[-106.21954168576652,31.779192768308381],[-106.21989258380935,31.779190035709078],[-106.21988943603247,31.779026493038554],[-106.2198725511996,31.779024867288381],[-106.21987628621503,31.778814416585362],[-106.21988861814347,31.778810274059818],[-106.2198875001862,31.778769702303386],[-106.21973246076813,31.778773132470562],[-106.21973233157388,31.778816150360118],[-106.21948618947562,31.77881653384393],[-106.21948599396333,31.778881061198391],[-106.21945545729409,31.778884832451123],[-106.21932313297062,31.778780898757045],[-106.21932103408054,31.778859849562902],[-106.21928571328877,31.77883157796283],[-106.21909755637506,31.779000190667361],[-106.2192728223162,31.779097402474978],[-106.21942879314608,31.77922177198333]]]},"properties":{"OBJECTID":31165,"Join_Count":0,"TARGET_FID":216610,"PIDN":"T28799921600100","STATE_CD":"XV-C","CombineADD":"14400 PEBBLE HILLS BLVD","Type":" ","State_Code":" ","Living_Are":" ","Value":0,"Value_Sq_F":0,"Descriptio":" ","Class_CD":" ","Class_Desc":" ","Class_De_1":" ","Building_M":" ","Condition":" ","Exterior_W":" ","Year_Built":0,"Sq_Footage":" ","BUILD_ID":null,"OCC_CLS":null,"PRIM_OCC":null,"SEC_OCC":null,"PROP_ADDR":null,"PROP_CITY":null,"PROP_ST":null,"PROP_ZIP":null,"OUTBLDG":null,"HEIGHT":null,"SQMETERS":null,"SQFEET":null,"H_ADJ_ELEV":null,"L_ADJ_ELEV":null,"FIPS":null,"CENSUSCODE":null,"PROD_DATE":null,"SOURCE":null,"USNG":null,"LONGITUDE":null,"LATITUDE":null,"IMAGE_NAME":null,"IMAGE_DATE":null,"VAL_METHOD":null,"REMARKS":null,"UUID":null,"Shape_Leng":null,"Shape_Area":null,"HEIGHT_FT":null,"Shape_Length":823.6735194944672}},{"type":"Feature","id":31166,"geometry":{"type":"Polygon","coordinates":[[[-106.22235641576283,31.78002789742489],[-106.22239521105379,31.780028505819029],[-106.22239384974948,31.779203246585215],[-106.2223565811379,31.779204933524952],[-106.22236000916766,31.7792378857012],[-106.2223738863112,31.779238439773913],[-106.22237396797772,31.779262083921623],[-106.22233946056805,31.779263645871392],[-106.22233596639046,31.779943689381561],[-106.22234693613311,31.779942010638848],[-106.22235641576283,31.78002789742489]]]},"properties":{"OBJECTID":31166,"Join_Count":0,"TARGET_FID":216697,"PIDN":"T28799921600100","STATE_CD":"XV-C","CombineADD":"14400 PEBBLE HILLS BLVD","Type":" ","State_Code":" ","Living_Are":" ","Value":0,"Value_Sq_F":0,"Descriptio":" ","Class_CD":" ","Class_Desc":" ","Class_De_1":" ","Building_M":" ","Condition":" ","Exterior_W":" ","Year_Built":0,"Sq_Footage":" ","BUILD_ID":null,"OCC_CLS":null,"PRIM_OCC":null,"SEC_OCC":null,"PROP_ADDR":null,"PROP_CITY":null,"PROP_ST":null,"PROP_ZIP":null,"OUTBLDG":null,"HEIGHT":null,"SQMETERS":null,"SQFEET":null,"H_ADJ_ELEV":null,"L_ADJ_ELEV":null,"FIPS":null,"CENSUSCODE":null,"PROD_DATE":null,"SOURCE":null,"USNG":null,"LONGITUDE":null,"LATITUDE":null,"IMAGE_NAME":null,"IMAGE_DATE":null,"VAL_METHOD":null,"REMARKS":null,"UUID":null,"Shape_Leng":null,"Shape_Area":null,"HEIGHT_FT":null,"Shape_Length":641.79145000601352}},{"type":"Feature","id":31167,"geometry":{"type":"Polygon","coordinates":[[[-106.22166715646664,31.779605049233876],[-106.22169476250247,31.779603799817465],[-106.22169675463454,31.77950202234469],[-106.2216646416471,31.77949756378349],[-106.22166715646664,31.779605049233876]]]},"properties":{"OBJECTID":31167,"Join_Count":0,"TARGET_FID":216704,"PIDN":"T28799921600100","STATE_CD":"XV-C","CombineADD":"14400 PEBBLE HILLS BLVD","Type":" ","State_Code":" ","Living_Are":" ","Value":0,"Value_Sq_F":0,"Descriptio":" ","Class_CD":" ","Class_Desc":" ","Class_De_1":" ","Building_M":" ","Condition":" ","Exterior_W":" ","Year_Built":0,"Sq_Footage":" ","BUILD_ID":null,"OCC_CLS":null,"PRIM_OCC":null,"SEC_OCC":null,"PROP_ADDR":null,"PROP_CITY":null,"PROP_ST":null,"PROP_ZIP":null,"OUTBLDG":null,"HEIGHT":null,"SQMETERS":null,"SQFEET":null,"H_ADJ_ELEV":null,"L_ADJ_ELEV":null,"FIPS":null,"CENSUSCODE":null,"PROD_DATE":null,"SOURCE":null,"USNG":null,"LONGITUDE":null,"LATITUDE":null,"IMAGE_NAME":null,"IMAGE_DATE":null,"VAL_METHOD":null,"REMARKS":null,"UUID":null,"Shape_Leng":null,"Shape_Area":null,"HEIGHT_FT":null,"Shape_Length":94.838940599109748}},{"type":"Feature","id":31168,"geometry":{"type":"Polygon","coordinates":[[[-106.22166848251268,31.779827281909824],[-106.22166510919355,31.779929121877935],[-106.2217015099109,31.779935750809166],[-106.22169702986844,31.779818894821243],[-106.22166848251268,31.779827281909824]]]},"properties":{"OBJECTID":31168,"Join_Count":1,"TARGET_FID":216707,"PIDN":"T28799921600100","STATE_CD":"XV-C","CombineADD":"14400 PEBBLE HILLS BLVD","Type":" ","State_Code":" ","Living_Are":" ","Value":0,"Value_Sq_F":0,"Descriptio":" ","Class_CD":" ","Class_Desc":" ","Class_De_1":" ","Building_M":" ","Condition":" ","Exterior_W":" ","Year_Built":0,"Sq_Footage":" ","BUILD_ID":2848949,"OCC_CLS":"Education","PRIM_OCC":"Pre-K - 12 Schools","SEC_OCC":" ","PROP_ADDR":"14400 PEBBLE HILLS BOULEVARD EASTBOUND","PROP_CITY":"EL PASO","PROP_ST":"Texas","PROP_ZIP":"79938","OUTBLDG":" ","HEIGHT":0,"SQMETERS":240.276993,"SQFEET":2586.31006,"H_ADJ_ELEV":0,"L_ADJ_ELEV":0,"FIPS":"48141","CENSUSCODE":"48141010368","PROD_DATE":1634774400000,"SOURCE":"ORNL","USNG":"13R CR 84321 16693","LONGITUDE":-106.22170679600001,"LATITUDE":31.779959352599999,"IMAGE_NAME":"1040010068C22B00","IMAGE_DATE":1618272000000,"VAL_METHOD":"Automated","REMARKS":" ","UUID":"{78640d06-76c3-48de-a808-b4c445f462a1}","Shape_Leng":0.00075306425272500001,"Shape_Area":2.3192562344200001e-08,"HEIGHT_FT":0,"Shape_Length":100.54119606962635}},{"type":"Feature","id":31169,"geometry":{"type":"Polygon","coordinates":[[[-106.21976917976654,31.780448791342376],[-106.21968788481198,31.780546602717017],[-106.21953095956856,31.780735408597565],[-106.21953601478059,31.780738790641831],[-106.2199686267985,31.781028183595229],[-106.22000482956231,31.781052400672316],[-106.22001075292842,31.781056363876214],[-106.22026293773494,31.780765374892454],[-106.22024681091901,31.780754989648099],[-106.21976993243312,31.780447885759411],[-106.21976917976654,31.780448791342376]]]},"properties":{"OBJECTID":31169,"Join_Count":1,"TARGET_FID":216715,"PIDN":"T28799921600100","STATE_CD":"XV-C","CombineADD":"14400 PEBBLE HILLS BLVD","Type":" ","State_Code":" ","Living_Are":" ","Value":0,"Value_Sq_F":0,"Descriptio":" ","Class_CD":" ","Class_Desc":" ","Class_De_1":" ","Building_M":" ","Condition":" ","Exterior_W":" ","Year_Built":0,"Sq_Footage":" ","BUILD_ID":29449256,"OCC_CLS":"Education","PRIM_OCC":"Pre-K - 12 Schools","SEC_OCC":" ","PROP_ADDR":"14400 PEBBLE HILLS BOULEVARD EASTBOUND","PROP_CITY":"EL PASO","PROP_ST":"Texas","PROP_ZIP":"79938","OUTBLDG":" ","HEIGHT":9.39000034,"SQMETERS":27768.5996,"SQFEET":298899,"H_ADJ_ELEV":0,"L_ADJ_ELEV":0,"FIPS":"48141","CENSUSCODE":"48141010368","PROD_DATE":1414800000000,"SOURCE":"NGA","USNG":"13R CR 84589 16713","LONGITUDE":-106.218912171,"LATITUDE":31.780149695199999,"IMAGE_NAME":"Li270-El Paso","IMAGE_DATE":1414800000000,"VAL_METHOD":"Unverified","REMARKS":" ","UUID":"{36aeb16a-ef1d-48a7-81a1-452c494d5e6a}","Shape_Leng":0.015266157180800001,"Shape_Area":2.6439767861299999e-06,"HEIGHT_FT":30.8070887264,"Shape_Length":641.20732500525378}},{"type":"Feature","id":31170,"geometry":{"type":"Polygon","coordinates":[[[-106.22358989586922,31.778736441859618],[-106.22359520762456,31.778755119484948],[-106.22364620577464,31.778751628373413],[-106.22364757595916,31.778729100688373],[-106.22369755979811,31.778731567444346],[-106.22368970328213,31.778538007764691],[-106.2236663840939,31.778541427959684],[-106.22366397982776,31.778524983125468],[-106.22360978167833,31.778521524948342],[-106.22360701164733,31.778499184706835],[-106.22353370980436,31.778500138039451],[-106.22353488031523,31.778519004060051],[-106.22350865469269,31.778520191386455],[-106.22350947291874,31.778734170030024],[-106.22358989586922,31.778736441859618]]]},"properties":{"OBJECTID":31170,"Join_Count":1,"TARGET_FID":216717,"PIDN":"T28799925200350","STATE_CD":"A1","CombineADD":"14313 ARTHUR ASHE CT","Type":"Residential","State_Code":"A1","Living_Are":"2954","Value":100293,"Value_Sq_F":33.951591063000002,"Descriptio":"MAIN AREA","Class_CD":"D03+","Class_Desc":"Multifamily; Good","Class_De_1":"Multifamily","Building_M":" ","Condition":"Good","Exterior_W":"STU","Year_Built":2015,"Sq_Footage":"1487","BUILD_ID":2847568,"OCC_CLS":"Residential","PRIM_OCC":"Single Family Dwelling","SEC_OCC":" ","PROP_ADDR":"14313 ARTHUR ASHE COURT","PROP_CITY":"EL PASO","PROP_ST":"Texas","PROP_ZIP":"79938","OUTBLDG":" ","HEIGHT":0,"SQMETERS":457.420013,"SQFEET":4923.62012,"H_ADJ_ELEV":0,"L_ADJ_ELEV":0,"FIPS":"48141","CENSUSCODE":"48141010368","PROD_DATE":1634774400000,"SOURCE":"ORNL","USNG":"13R CR 84139 16547","LONGITUDE":-106.223644468,"LATITUDE":31.778602016200001,"IMAGE_NAME":"1040010068C22B00","IMAGE_DATE":1618272000000,"VAL_METHOD":"Automated","REMARKS":" ","UUID":"{c8410263-e285-491a-9f8d-c43a6e682e5f}","Shape_Leng":0.000812474270946,"Shape_Area":4.0841438857800002e-08,"HEIGHT_FT":0,"Shape_Length":296.21446620421892}},{"type":"Feature","id":31171,"geometry":{"type":"Polygon","coordinates":[[[-106.22396337885935,31.778219372248909],[-106.22409632665519,31.778220447777983],[-106.22408904939779,31.778192398746402],[-106.2241153480725,31.778192390204026],[-106.2241220151802,31.777987532044687],[-106.223933990101,31.77798795503762],[-106.22392964223785,31.777987964945151],[-106.22393536269399,31.778071521141403],[-106.2239444105581,31.778203677385964],[-106.2239595944809,31.778202989903573],[-106.22396337885935,31.778219372248909]]]},"properties":{"OBJECTID":31171,"Join_Count":0,"TARGET_FID":216727,"PIDN":"T28799925200370","STATE_CD":"A1","CombineADD":"14310 ARTHUR ASHE CT","Type":"Residential","State_Code":"A1","Living_Are":"3068","Value":100747,"Value_Sq_F":32.838005215099997,"Descriptio":"MAIN AREA","Class_CD":"D03+","Class_Desc":"Multifamily; Good","Class_De_1":"Multifamily","Building_M":" ","Condition":"Good","Exterior_W":"STU","Year_Built":2015,"Sq_Footage":"1524","BUILD_ID":null,"OCC_CLS":null,"PRIM_OCC":null,"SEC_OCC":null,"PROP_ADDR":null,"PROP_CITY":null,"PROP_ST":null,"PROP_ZIP":null,"OUTBLDG":null,"HEIGHT":null,"SQMETERS":null,"SQFEET":null,"H_ADJ_ELEV":null,"L_ADJ_ELEV":null,"FIPS":null,"CENSUSCODE":null,"PROD_DATE":null,"SOURCE":null,"USNG":null,"LONGITUDE":null,"LATITUDE":null,"IMAGE_NAME":null,"IMAGE_DATE":null,"VAL_METHOD":null,"REMARKS":null,"UUID":null,"Shape_Leng":null,"Shape_Area":null,"HEIGHT_FT":null,"Shape_Length":283.6768585573534}},{"type":"Feature","id":31172,"geometry":{"type":"Polygon","coordinates":[[[-106.22193330016542,31.779321049898599],[-106.22205651463813,31.7793213850025],[-106.22205534441092,31.779302518974532],[-106.22215923343546,31.779303728684255],[-106.22216319132647,31.77921132169212],[-106.22177415191572,31.779210012000366],[-106.22177571610102,31.779302169036235],[-106.22193220308637,31.779303362771209],[-106.22193330016542,31.779321049898599]]]},"properties":{"OBJECTID":31172,"Join_Count":1,"TARGET_FID":216756,"PIDN":"T28799921600100","STATE_CD":"XV-C","CombineADD":"14400 PEBBLE HILLS BLVD","Type":" ","State_Code":" ","Living_Are":" ","Value":0,"Value_Sq_F":0,"Descriptio":" ","Class_CD":" ","Class_Desc":" ","Class_De_1":" ","Building_M":" ","Condition":" ","Exterior_W":" ","Year_Built":0,"Sq_Footage":" ","BUILD_ID":29441685,"OCC_CLS":"Education","PRIM_OCC":"Pre-K - 12 Schools","SEC_OCC":" ","PROP_ADDR":"14400 PEBBLE HILLS BOULEVARD EASTBOUND","PROP_CITY":"EL PASO","PROP_ST":"Texas","PROP_ZIP":"79938","OUTBLDG":" ","HEIGHT":4.19999981,"SQMETERS":348.687012,"SQFEET":3753.22998,"H_ADJ_ELEV":0,"L_ADJ_ELEV":0,"FIPS":"48141","CENSUSCODE":"48141010368","PROD_DATE":1414800000000,"SOURCE":"NGA","USNG":"13R CR 84299 16617","LONGITUDE":-106.221957914,"LATITUDE":31.7792522234,"IMAGE_NAME":"Li270-El Paso","IMAGE_DATE":1414800000000,"VAL_METHOD":"Unverified","REMARKS":" ","UUID":"{eb015ba4-9822-4757-a69c-f55ea1ed6e93}","Shape_Leng":0.00092999697350899997,"Shape_Area":3.3199735614300002e-08,"HEIGHT_FT":13.779527374200001,"Shape_Length":320.5820429692954}},{"type":"Feature","id":31173,"geometry":{"type":"Polygon","coordinates":[[[-106.2235021936412,31.778192955908473],[-106.22361123702794,31.778188019082918],[-106.22360977393147,31.778164437455512],[-106.22369564558508,31.778165279395822],[-106.22368952506142,31.777955087387621],[-106.22363860054016,31.77795975831911],[-106.22363859059374,31.777937292208637],[-106.22359144050408,31.777935880268103],[-106.22359166986907,31.777961883082696],[-106.22349918964082,31.777966070030864],[-106.2235021936412,31.778192955908473]]]},"properties":{"OBJECTID":31173,"Join_Count":1,"TARGET_FID":216864,"PIDN":"T28799925200360","STATE_CD":"A1","CombineADD":"14312 ARTHUR ASHE CT","Type":"Residential","State_Code":"A1","Living_Are":"2954","Value":100293,"Value_Sq_F":33.951591063000002,"Descriptio":"MAIN AREA","Class_CD":"D03+","Class_Desc":"Multifamily; Good","Class_De_1":"Multifamily","Building_M":" ","Condition":"Good","Exterior_W":"STU","Year_Built":2015,"Sq_Footage":"1487","BUILD_ID":2847019,"OCC_CLS":"Residential","PRIM_OCC":"Single Family Dwelling","SEC_OCC":" ","PROP_ADDR":"14312 ARTHUR ASHE COURT","PROP_CITY":"EL PASO","PROP_ST":"Texas","PROP_ZIP":"79938","OUTBLDG":" ","HEIGHT":0,"SQMETERS":425.084991,"SQFEET":4575.56982,"H_ADJ_ELEV":0,"L_ADJ_ELEV":0,"FIPS":"48141","CENSUSCODE":"48141010368","PROD_DATE":1634774400000,"SOURCE":"ORNL","USNG":"13R CR 84138 16485","LONGITUDE":-106.223645378,"LATITUDE":31.7780408251,"IMAGE_NAME":"1040010068C22B00","IMAGE_DATE":1618272000000,"VAL_METHOD":"Automated","REMARKS":" ","UUID":"{06c91aa8-209b-46c4-a753-a35d6a4332cb}","Shape_Leng":0.00081255621696100003,"Shape_Area":4.0841558581700003e-08,"HEIGHT_FT":0,"Shape_Length":305.22659977053456}},{"type":"Feature","id":31174,"geometry":{"type":"Polygon","coordinates":[[[-106.2239502076737,31.779849603926252],[-106.2239632866698,31.780007482377176],[-106.22410571797573,31.78000103355205],[-106.22411228266209,31.779842265690643],[-106.2239502076737,31.779849603926252]]]},"properties":{"OBJECTID":31174,"Join_Count":1,"TARGET_FID":216899,"PIDN":"T28799925200100","STATE_CD":"B4","CombineADD":"14308 GIL REYES DR","Type":"Residential","State_Code":"B4","Living_Are":"971","Value":50175,"Value_Sq_F":51.673532440800003,"Descriptio":"MAIN AREA","Class_CD":"D07+","Class_Desc":"Multifamily; Good","Class_De_1":"Multifamily","Building_M":" ","Condition":"Good","Exterior_W":"STU","Year_Built":2014,"Sq_Footage":"971","BUILD_ID":29444434,"OCC_CLS":"Residential","PRIM_OCC":"Multi - Family Dwelling","SEC_OCC":" ","PROP_ADDR":"14308 GIL REYES DRIVE","PROP_CITY":"EL PASO","PROP_ST":"Texas","PROP_ZIP":"79938","OUTBLDG":" ","HEIGHT":6.5999999,"SQMETERS":194.162003,"SQFEET":2089.94995,"H_ADJ_ELEV":0,"L_ADJ_ELEV":0,"FIPS":"48141","CENSUSCODE":"48141010368","PROD_DATE":1414800000000,"SOURCE":"NGA","USNG":"13R CR 84106 16694","LONGITUDE":-106.224012449,"LATITUDE":31.779921176599998,"IMAGE_NAME":"Li270-El Paso","IMAGE_DATE":1414800000000,"VAL_METHOD":"Unverified","REMARKS":" ","UUID":"{a9eb38a9-c416-463c-81a6-e9741590951b}","Shape_Leng":0.00057758285249599999,"Shape_Area":1.8487031992600002e-08,"HEIGHT_FT":21.653543687100001,"Shape_Length":210.12593260902176}},{"type":"Feature","id":31175,"geometry":{"type":"Polygon","coordinates":[[[-106.22378322239523,31.778751336926206],[-106.22391725830705,31.778747632749525],[-106.22391614651592,31.778528937605302],[-106.22388984774807,31.778528946107574],[-106.22389267109256,31.778507534834176],[-106.22378079406043,31.778511417960868],[-106.22376976128392,31.778534383129202],[-106.22372849797335,31.778538615761999],[-106.22373337492191,31.778728762802039],[-106.22378030491429,31.778726638035721],[-106.22378322239523,31.778751336926206]]]},"properties":{"OBJECTID":31175,"Join_Count":2,"TARGET_FID":216942,"PIDN":"T28799925200330","STATE_CD":"A1","CombineADD":"14309 ARTHUR ASHE CT","Type":"Residential","State_Code":"A1","Living_Are":"3078","Value":104274,"Value_Sq_F":33.877192982499999,"Descriptio":"MAIN AREA","Class_CD":"D03+","Class_Desc":"Multifamily; Good","Class_De_1":"Multifamily","Building_M":" ","Condition":"Good","Exterior_W":"S","Year_Built":2015,"Sq_Footage":"1539","BUILD_ID":2847568,"OCC_CLS":"Residential","PRIM_OCC":"Single Family Dwelling","SEC_OCC":" ","PROP_ADDR":"14313 ARTHUR ASHE COURT","PROP_CITY":"EL PASO","PROP_ST":"Texas","PROP_ZIP":"79938","OUTBLDG":" ","HEIGHT":0,"SQMETERS":457.420013,"SQFEET":4923.62012,"H_ADJ_ELEV":0,"L_ADJ_ELEV":0,"FIPS":"48141","CENSUSCODE":"48141010368","PROD_DATE":1634774400000,"SOURCE":"ORNL","USNG":"13R CR 84139 16547","LONGITUDE":-106.223644468,"LATITUDE":31.778602016200001,"IMAGE_NAME":"1040010068C22B00","IMAGE_DATE":1618272000000,"VAL_METHOD":"Automated","REMARKS":" ","UUID":"{c8410263-e285-491a-9f8d-c43a6e682e5f}","Shape_Leng":0.000812474270946,"Shape_Area":4.0841438857800002e-08,"HEIGHT_FT":0,"Shape_Length":286.8037125319342}},{"type":"Feature","id":31176,"geometry":{"type":"Polygon","coordinates":[[[-106.22329928318672,31.778358220471748],[-106.22333429358171,31.778342447123411],[-106.22333055293811,31.778259847140625],[-106.2233013380134,31.778235157471496],[-106.22329928318672,31.778358220471748]]]},"properties":{"OBJECTID":31176,"Join_Count":0,"TARGET_FID":216998,"PIDN":"T28799921600100","STATE_CD":"XV-C","CombineADD":"14400 PEBBLE HILLS BLVD","Type":" ","State_Code":" ","Living_Are":" ","Value":0,"Value_Sq_F":0,"Descriptio":" ","Class_CD":" ","Class_Desc":" ","Class_De_1":" ","Building_M":" ","Condition":" ","Exterior_W":" ","Year_Built":0,"Sq_Footage":" ","BUILD_ID":null,"OCC_CLS":null,"PRIM_OCC":null,"SEC_OCC":null,"PROP_ADDR":null,"PROP_CITY":null,"PROP_ST":null,"PROP_ZIP":null,"OUTBLDG":null,"HEIGHT":null,"SQMETERS":null,"SQFEET":null,"H_ADJ_ELEV":null,"L_ADJ_ELEV":null,"FIPS":null,"CENSUSCODE":null,"PROD_DATE":null,"SOURCE":null,"USNG":null,"LONGITUDE":null,"LATITUDE":null,"IMAGE_NAME":null,"IMAGE_DATE":null,"VAL_METHOD":null,"REMARKS":null,"UUID":null,"Shape_Leng":null,"Shape_Area":null,"HEIGHT_FT":null,"Shape_Length":99.913453103004628}},{"type":"Feature","id":31177,"geometry":{"type":"Polygon","coordinates":[[[-106.21970738190301,31.781189567704498],[-106.21983429273979,31.781034717545172],[-106.21995471276868,31.781099999478446],[-106.22000482956231,31.781052400672316],[-106.22000543564039,31.781051825044603],[-106.2199686267985,31.781028183595229],[-106.21952996599066,31.780746445656629],[-106.21953601478059,31.780738790641831],[-106.21968788481198,31.780546602717017],[-106.21976652583108,31.780447083461869],[-106.21976917976654,31.780448791342376],[-106.22024669520263,31.780756073232578],[-106.22024681091901,31.780754989648099],[-106.2202806318486,31.78043720422685],[-106.22014685151682,31.780445169345789],[-106.22006676310147,31.780536157352067],[-106.22003252649118,31.780575053040856],[-106.22002768578969,31.780580552718217],[-106.21946892349081,31.780231150336974],[-106.21944356214441,31.780255237459741],[-106.21965139808982,31.780394942857129],[-106.21943372616249,31.780638012032952],[-106.21942642180981,31.780633141309988],[-106.21938003372581,31.780602208527949],[-106.21937131950376,31.780608277188133],[-106.21932425683855,31.780641052542411],[-106.21931339542459,31.780627819810658],[-106.2193121534401,31.780626307245363],[-106.21931156787889,31.780626992124635],[-106.21920155768814,31.780755568051923],[-106.21941103437607,31.780885641691391],[-106.21941076210187,31.780885990880179],[-106.2193509262478,31.780962915145199],[-106.21944211726603,31.781020899394385],[-106.21970738190301,31.781189567704498]]]},"properties":{"OBJECTID":31177,"Join_Count":1,"TARGET_FID":217034,"PIDN":"T28799921600100","STATE_CD":"XV-C","CombineADD":"14400 PEBBLE HILLS BLVD","Type":" ","State_Code":" ","Living_Are":" ","Value":0,"Value_Sq_F":0,"Descriptio":" ","Class_CD":" ","Class_Desc":" ","Class_De_1":" ","Building_M":" ","Condition":" ","Exterior_W":" ","Year_Built":0,"Sq_Footage":" ","BUILD_ID":29449256,"OCC_CLS":"Education","PRIM_OCC":"Pre-K - 12 Schools","SEC_OCC":" ","PROP_ADDR":"14400 PEBBLE HILLS BOULEVARD EASTBOUND","PROP_CITY":"EL PASO","PROP_ST":"Texas","PROP_ZIP":"79938","OUTBLDG":" ","HEIGHT":9.39000034,"SQMETERS":27768.5996,"SQFEET":298899,"H_ADJ_ELEV":0,"L_ADJ_ELEV":0,"FIPS":"48141","CENSUSCODE":"48141010368","PROD_DATE":1414800000000,"SOURCE":"NGA","USNG":"13R CR 84589 16713","LONGITUDE":-106.218912171,"LATITUDE":31.780149695199999,"IMAGE_NAME":"Li270-El Paso","IMAGE_DATE":1414800000000,"VAL_METHOD":"Unverified","REMARKS":" ","UUID":"{36aeb16a-ef1d-48a7-81a1-452c494d5e6a}","Shape_Leng":0.015266157180800001,"Shape_Area":2.6439767861299999e-06,"HEIGHT_FT":30.8070887264,"Shape_Length":1640.5846899565713}},{"type":"Feature","id":31178,"geometry":{"type":"Polygon","coordinates":[[[-106.22245572887243,31.77863880111865],[-106.22248493519385,31.778641026622637],[-106.22248873680586,31.778523795687679],[-106.22244718092487,31.778523312307616],[-106.22245572887243,31.77863880111865]]]},"properties":{"OBJECTID":31178,"Join_Count":1,"TARGET_FID":217041,"PIDN":"T28799921600100","STATE_CD":"XV-C","CombineADD":"14400 PEBBLE HILLS BLVD","Type":" ","State_Code":" ","Living_Are":" ","Value":0,"Value_Sq_F":0,"Descriptio":" ","Class_CD":" ","Class_Desc":" ","Class_De_1":" ","Building_M":" ","Condition":" ","Exterior_W":" ","Year_Built":0,"Sq_Footage":" ","BUILD_ID":2847432,"OCC_CLS":"Education","PRIM_OCC":"Pre-K - 12 Schools","SEC_OCC":" ","PROP_ADDR":" ","PROP_CITY":" ","PROP_ST":"Texas","PROP_ZIP":" ","OUTBLDG":" ","HEIGHT":0,"SQMETERS":61.4367981,"SQFEET":661.299988,"H_ADJ_ELEV":0,"L_ADJ_ELEV":0,"FIPS":"48141","CENSUSCODE":"48141010368","PROD_DATE":1634774400000,"SOURCE":"ORNL","USNG":"13R CR 84246 16541","LONGITUDE":-106.22251461800001,"LATITUDE":31.7785621383,"IMAGE_NAME":"1040010068C22B00","IMAGE_DATE":1618272000000,"VAL_METHOD":"Automated","REMARKS":" ","UUID":"{9c6fb349-b7de-4b0d-b970-a262210e19da}","Shape_Leng":0.000328596591943,"Shape_Area":5.8344793495099998e-09,"HEIGHT_FT":0,"Shape_Length":106.78538958418791}},{"type":"Feature","id":31179,"geometry":{"type":"Polygon","coordinates":[[[-106.2206264647911,31.779831871191135],[-106.22062592471012,31.779934765086335],[-106.22065062439025,31.779931282086718],[-106.22065624717273,31.779821064028571],[-106.2206264647911,31.779831871191135]]]},"properties":{"OBJECTID":31179,"Join_Count":1,"TARGET_FID":217042,"PIDN":"T28799921600100","STATE_CD":"XV-C","CombineADD":"14400 PEBBLE HILLS BLVD","Type":" ","State_Code":" ","Living_Are":" ","Value":0,"Value_Sq_F":0,"Descriptio":" ","Class_CD":" ","Class_Desc":" ","Class_De_1":" ","Building_M":" ","Condition":" ","Exterior_W":" ","Year_Built":0,"Sq_Footage":" ","BUILD_ID":2848825,"OCC_CLS":"Education","PRIM_OCC":"Pre-K - 12 Schools","SEC_OCC":" ","PROP_ADDR":"14400 PEBBLE HILLS BOULEVARD EASTBOUND","PROP_CITY":"EL PASO","PROP_ST":"Texas","PROP_ZIP":"79938","OUTBLDG":" ","HEIGHT":0,"SQMETERS":282.437988,"SQFEET":3040.13989,"H_ADJ_ELEV":0,"L_ADJ_ELEV":0,"FIPS":"48141","CENSUSCODE":"48141010368","PROD_DATE":1634774400000,"SOURCE":"ORNL","USNG":"13R CR 84423 16672","LONGITUDE":-106.220662004,"LATITUDE":31.779763698699998,"IMAGE_NAME":"1040010068C22B00","IMAGE_DATE":1618272000000,"VAL_METHOD":"Automated","REMARKS":" ","UUID":"{79c0659c-088a-40ce-bef8-d63a1ccac294}","Shape_Leng":0.00090554955908000003,"Shape_Area":2.5672478961300001e-08,"HEIGHT_FT":0,"Shape_Length":95.398476019045887}},{"type":"Feature","id":31180,"geometry":{"type":"Polygon","coordinates":[[[-106.22329031704817,31.779820084482118],[-106.22332344560557,31.779818584711613],[-106.22331972354547,31.779780916112774],[-106.2233115150778,31.779782469932766],[-106.22331208174629,31.779746972503915],[-106.22336627952954,31.77975043085095],[-106.22337349866733,31.779643686890651],[-106.22333332343682,31.779643141266629],[-106.22333222609346,31.779625454153312],[-106.22328645631514,31.779623979576815],[-106.22329031704817,31.779820084482118]]]},"properties":{"OBJECTID":31180,"Join_Count":0,"TARGET_FID":217057,"PIDN":"T28799921600100","STATE_CD":"XV-C","CombineADD":"14400 PEBBLE HILLS BLVD","Type":" ","State_Code":" ","Living_Are":" ","Value":0,"Value_Sq_F":0,"Descriptio":" ","Class_CD":" ","Class_Desc":" ","Class_De_1":" ","Building_M":" ","Condition":" ","Exterior_W":" ","Year_Built":0,"Sq_Footage":" ","BUILD_ID":null,"OCC_CLS":null,"PRIM_OCC":null,"SEC_OCC":null,"PROP_ADDR":null,"PROP_CITY":null,"PROP_ST":null,"PROP_ZIP":null,"OUTBLDG":null,"HEIGHT":null,"SQMETERS":null,"SQFEET":null,"H_ADJ_ELEV":null,"L_ADJ_ELEV":null,"FIPS":null,"CENSUSCODE":null,"PROD_DATE":null,"SOURCE":null,"USNG":null,"LONGITUDE":null,"LATITUDE":null,"IMAGE_NAME":null,"IMAGE_DATE":null,"VAL_METHOD":null,"REMARKS":null,"UUID":null,"Shape_Leng":null,"Shape_Area":null,"HEIGHT_FT":null,"Shape_Length":199.88352931863179}}]
}