{
"type": "FeatureCollection",
"name": "Ready_Parcels_D5",
"crs": { "type": "name", "properties": { "name": "urn:ogc:def:crs:OGC:1.3:CRS84" } },
"features": [
{ "type": "Feature", "properties": { "pidn": "G19599900100500", "district": 5, "zonelabel": "C-3", "state_cd_clean": "F1", "use_desc": "COMM,ANY COMM OTHR THAN F2-F9", "targetlotarea": 218753, "existing_units": 0, "footprint_sqft": 0.0, "interior_sqft": 0.0, "coverage_pct": 0.0, "in_corridor": false, "in_historic": false, "context_type": "Suburban" }, "geometry": { "type": "Polygon", "coordinates": [ [ [ -106.262964426975657, 31.754829190282212 ], [ -106.264782146158169, 31.75483278776171 ], [ -106.264767998966363, 31.754009035557008 ], [ -106.263054417265408, 31.753554821562805 ], [ -106.262941828058402, 31.753511796699385 ], [ -106.262964426975657, 31.754829190282212 ] ] ] } },
{ "type": "Feature", "properties": { "pidn": "G19599900100500", "district": 5, "zonelabel": "C-3", "state_cd_clean": "F1", "use_desc": "COMM,ANY COMM OTHR THAN F2-F9", "targetlotarea": 208289, "existing_units": 0, "footprint_sqft": 0.0, "interior_sqft": 0.0, "coverage_pct": 0.0, "in_corridor": false, "in_historic": false, "context_type": "Suburban" }, "geometry": { "type": "Polygon", "coordinates": [ [ [ -106.266460856156513, 31.754836087981595 ], [ -106.267217697262964, 31.754837568359854 ], [ -106.26723755386152, 31.754308666206136 ], [ -106.267233832729985, 31.754092412243917 ], [ -106.265260798233726, 31.754088543486297 ], [ -106.265160107094061, 31.754084573642622 ], [ -106.265059990576447, 31.754074573252545 ], [ -106.264960942314246, 31.754058592962775 ], [ -106.264863451359957, 31.754036711628469 ], [ -106.264767998966363, 31.754009035557008 ], [ -106.264782146158169, 31.75483278776171 ], [ -106.266460856156513, 31.754836087981595 ] ] ] } },
{ "type": "Feature", "properties": { "pidn": "E36199900100440", "district": 5, "zonelabel": "C-4", "state_cd_clean": "F1", "use_desc": "COMM,ANY COMM OTHR THAN F2-F9", "targetlotarea": 36077, "existing_units": 0, "footprint_sqft": 2390.93994, "interior_sqft": 4781.87988, "coverage_pct": 0.066273247221221285, "in_corridor": false, "in_historic": false, "context_type": "Suburban" }, "geometry": { "type": "Polygon", "coordinates": [ [ [ -106.266451349172286, 31.755412688995779 ], [ -106.267212244022858, 31.755404438206693 ], [ -106.267211155208358, 31.755032042724125 ], [ -106.267208241659702, 31.755026707860413 ], [ -106.26720434033416, 31.755021855194379 ], [ -106.267199557809292, 31.755017617145416 ], [ -106.267194023891733, 31.755014108816024 ], [ -106.267187890507131, 31.755011427139461 ], [ -106.26718132387181, 31.755009644011466 ], [ -106.267174503551331, 31.755008808139642 ], [ -106.266413971268818, 31.755007635814366 ], [ -106.266414973698417, 31.75541451356024 ], [ -106.266451349172286, 31.755412688995779 ] ] ] } },
{ "type": "Feature", "properties": { "pidn": "E36199900100440", "district": 5, "zonelabel": "C-4", "state_cd_clean": "F1", "use_desc": "COMM,ANY COMM OTHR THAN F2-F9", "targetlotarea": 47614, "existing_units": 0, "footprint_sqft": 2390.93994, "interior_sqft": 4781.87988, "coverage_pct": 0.050215061536522873, "in_corridor": false, "in_historic": false, "context_type": "Suburban" }, "geometry": { "type": "Polygon", "coordinates": [ [ [ -106.266416269925784, 31.755940727914979 ], [ -106.267213550727888, 31.755933168506623 ], [ -106.267213550584842, 31.755933132386406 ], [ -106.267212846013834, 31.755648029672241 ], [ -106.267212770761759, 31.75561766315457 ], [ -106.267212271704622, 31.755415673266572 ], [ -106.267212272615595, 31.755415637098253 ], [ -106.267212272416273, 31.755415600077434 ], [ -106.267212244022858, 31.755404438206693 ], [ -106.266451349172286, 31.755412688995779 ], [ -106.266414973698417, 31.75541451356024 ], [ -106.266416269925784, 31.755940727914979 ] ] ] } },
{ "type": "Feature", "properties": { "pidn": "E36199900100460", "district": 5, "zonelabel": "C-4", "state_cd_clean": "F1", "use_desc": "COMM,ANY COMM OTHR THAN F2-F9", "targetlotarea": 31476, "existing_units": 0, "footprint_sqft": 10402.7998, "interior_sqft": 20805.5996, "coverage_pct": 0.33049942178167496, "in_corridor": false, "in_historic": false, "context_type": "Suburban" }, "geometry": { "type": "Polygon", "coordinates": [ [ [ -106.266417128956562, 31.756289870711935 ], [ -106.267214414851551, 31.756282312103743 ], [ -106.267213550727888, 31.755933168506623 ], [ -106.266416269925784, 31.755940727914979 ], [ -106.266417128956562, 31.756289870711935 ] ] ] } },
{ "type": "Feature", "properties": { "pidn": "E36199900100420", "district": 5, "zonelabel": "C-4", "state_cd_clean": "F1", "use_desc": "COMM,ANY COMM OTHR THAN F2-F9", "targetlotarea": 71772, "existing_units": 0, "footprint_sqft": 6445.27002, "interior_sqft": 6445.27002, "coverage_pct": 0.089802012205316833, "in_corridor": false, "in_historic": false, "context_type": "Suburban" }, "geometry": { "type": "Polygon", "coordinates": [ [ [ -106.266413354902511, 31.757196755766273 ], [ -106.267216656168259, 31.757189138963263 ], [ -106.267214699863402, 31.756397821572012 ], [ -106.266413729383274, 31.756405416346642 ], [ -106.266413354902511, 31.757196755766273 ] ] ] } },
{ "type": "Feature", "properties": { "pidn": "E36199900100420", "district": 5, "zonelabel": "C-4", "state_cd_clean": "F1", "use_desc": "COMM,ANY COMM OTHR THAN F2-F9", "targetlotarea": 69349, "existing_units": 0, "footprint_sqft": 6445.27002, "interior_sqft": 6445.27002, "coverage_pct": 0.092939624507923688, "in_corridor": false, "in_historic": false, "context_type": "Suburban" }, "geometry": { "type": "Polygon", "coordinates": [ [ [ -106.266398465907216, 31.757895214139474 ], [ -106.267192437485207, 31.75788768643962 ], [ -106.267216656168259, 31.757189138963263 ], [ -106.266413354902511, 31.757196755766273 ], [ -106.266317918188747, 31.757197659825412 ], [ -106.266317629239524, 31.757805534645467 ], [ -106.26631762127775, 31.757822663581219 ], [ -106.266398500072725, 31.757821897953516 ], [ -106.266398465907216, 31.757895214139474 ] ] ] } },
{ "type": "Feature", "properties": { "pidn": "E36199900100440", "district": 5, "zonelabel": "R-3A", "state_cd_clean": "F1", "use_desc": "COMM,ANY COMM OTHR THAN F2-F9", "targetlotarea": 786273, "existing_units": 0, "footprint_sqft": 2390.93994, "interior_sqft": 4781.87988, "coverage_pct": 0.003040852146773449, "in_corridor": false, "in_historic": false, "context_type": "Suburban" }, "geometry": { "type": "Polygon", "coordinates": [ [ [ -106.264510766994448, 31.758051064615785 ], [ -106.265470627505664, 31.758041978167473 ], [ -106.265388108638817, 31.757814342017472 ], [ -106.266317629239524, 31.757805534645467 ], [ -106.266317918188747, 31.757197659825412 ], [ -106.266413354902511, 31.757196755766273 ], [ -106.266413729383274, 31.756405416346642 ], [ -106.267214699863402, 31.756397821572012 ], [ -106.267214414851551, 31.756282312103743 ], [ -106.266417128956562, 31.756289870711935 ], [ -106.266416269925784, 31.755940727914979 ], [ -106.266414973698417, 31.75541451356024 ], [ -106.266413971268818, 31.755007635814366 ], [ -106.264078933922292, 31.755004008212911 ], [ -106.264074687323472, 31.755332417433998 ], [ -106.264068464623946, 31.755531888422365 ], [ -106.264069538770897, 31.755676087914281 ], [ -106.264064832707746, 31.755818216271457 ], [ -106.264061417152249, 31.75596145989428 ], [ -106.264056111129932, 31.756126866726039 ], [ -106.264046709473888, 31.756278333856766 ], [ -106.264044184316745, 31.756417590012436 ], [ -106.264040146273402, 31.756556774248459 ], [ -106.264037536103771, 31.756646146934138 ], [ -106.264035912768122, 31.756701663662621 ], [ -106.264035911912188, 31.756701700731458 ], [ -106.264035909945974, 31.756701736947793 ], [ -106.264031558865511, 31.756815549225102 ], [ -106.264030541137984, 31.756842157768371 ], [ -106.264024730915679, 31.756997479284067 ], [ -106.26401816377664, 31.757140394179217 ], [ -106.264015399854813, 31.757285255386357 ], [ -106.264010014723013, 31.757424501895926 ], [ -106.264010015975174, 31.757424538868644 ], [ -106.264008090315073, 31.757525481486248 ], [ -106.264007253744538, 31.75756932592196 ], [ -106.264007253886405, 31.75756936204218 ], [ -106.264008984783288, 31.757709488899163 ], [ -106.264009769657733, 31.757874258430093 ], [ -106.264005998794772, 31.757922402957625 ], [ -106.26451549353213, 31.757917582324644 ], [ -106.264510766994448, 31.758051064615785 ] ] ] } },
{ "type": "Feature", "properties": { "pidn": "E36199900100410", "district": 5, "zonelabel": "R-3A", "state_cd_clean": "F1", "use_desc": "COMM,ANY COMM OTHR THAN F2-F9", "targetlotarea": 573087, "existing_units": 0, "footprint_sqft": 8105.37012, "interior_sqft": 8105.37012, "coverage_pct": 0.014143350171963418, "in_corridor": false, "in_historic": false, "context_type": "Suburban" }, "geometry": { "type": "Polygon", "coordinates": [ [ [ -106.265982624351039, 31.759679940098014 ], [ -106.266397624081819, 31.759676005720646 ], [ -106.266397779764176, 31.759347112165923 ], [ -106.267142083285648, 31.759340055346748 ], [ -106.267192437485207, 31.75788768643962 ], [ -106.266398465907216, 31.757895214139474 ], [ -106.266398500072725, 31.757821897953516 ], [ -106.26631762127775, 31.757822663581219 ], [ -106.266317629239524, 31.757805534645467 ], [ -106.265388108638817, 31.757814342017472 ], [ -106.265470627505664, 31.758041978167473 ], [ -106.264510766994448, 31.758051064615785 ], [ -106.26451549353213, 31.757917582324644 ], [ -106.264005998794772, 31.757922402957625 ], [ -106.263996619101846, 31.758042170533063 ], [ -106.26398998817254, 31.758201261273154 ], [ -106.263986377007811, 31.7583452009812 ], [ -106.263983360291448, 31.758489536258516 ], [ -106.263981886038394, 31.758632504251906 ], [ -106.263979485885784, 31.758775981390439 ], [ -106.263978506622806, 31.758915789199296 ], [ -106.263976569152589, 31.759061732544971 ], [ -106.263971440073277, 31.759206570517382 ], [ -106.263968167960769, 31.75935301183047 ], [ -106.263966356461438, 31.759611592260441 ], [ -106.264572755171713, 31.759605855079855 ], [ -106.264578395783545, 31.759446543983504 ], [ -106.265451445598117, 31.759438278289981 ], [ -106.265410853077427, 31.759598852937138 ], [ -106.265979652025678, 31.759593385203328 ], [ -106.265982624351039, 31.759679940098014 ] ] ] } },
{ "type": "Feature", "properties": { "pidn": "E36199900100200", "district": 5, "zonelabel": "C-4", "state_cd_clean": "F1", "use_desc": "COMM,ANY COMM OTHR THAN F2-F9", "targetlotarea": 49076, "existing_units": 0, "footprint_sqft": 405058.0, "interior_sqft": 810116.0, "coverage_pct": 8.2536881571440208, "in_corridor": false, "in_historic": false, "context_type": "Suburban" }, "geometry": { "type": "Polygon", "coordinates": [ [ [ -106.266397504789722, 31.759930265285593 ], [ -106.267141811823876, 31.759923208517666 ], [ -106.267142083285648, 31.759340055346748 ], [ -106.266397779764176, 31.759347112165923 ], [ -106.266397624081819, 31.759676005720646 ], [ -106.266397504789722, 31.759930265285593 ] ] ] } },
{ "type": "Feature", "properties": { "pidn": "M77199900201700", "district": 5, "zonelabel": "R-3A", "state_cd_clean": "A1", "use_desc": "REAL, RESIDENTIAL, SINGLE-FAMILY", "targetlotarea": 52806, "existing_units": 1, "footprint_sqft": 0.0, "interior_sqft": 0.0, "coverage_pct": 0.0, "in_corridor": false, "in_historic": false, "context_type": "Suburban" }, "geometry": { "type": "Polygon", "coordinates": [ [ [ -106.258175741600112, 31.76058798951923 ], [ -106.258776562601156, 31.76058614544726 ], [ -106.258749762607437, 31.759856762167889 ], [ -106.258622299550979, 31.759857156812309 ], [ -106.258538708000955, 31.759857416110542 ], [ -106.25845442950552, 31.759857677745494 ], [ -106.258454387230259, 31.759857677864829 ], [ -106.258289371817455, 31.759858190478486 ], [ -106.258106291386227, 31.759858758041144 ], [ -106.258135064108345, 31.760527540350886 ], [ -106.258136580152808, 31.760539571875164 ], [ -106.25814039920003, 31.760551224841436 ], [ -106.258146417748549, 31.760562178825211 ], [ -106.258154470119536, 31.760572133394156 ], [ -106.258164334289191, 31.760580816874032 ], [ -106.258175741600112, 31.76058798951923 ] ] ] } },
{ "type": "Feature", "properties": { "pidn": "M77199900201400", "district": 5, "zonelabel": "R-3A", "state_cd_clean": "A1", "use_desc": "REAL, RESIDENTIAL, SINGLE-FAMILY", "targetlotarea": 52206, "existing_units": 1, "footprint_sqft": 0.0, "interior_sqft": 0.0, "coverage_pct": 0.0, "in_corridor": false, "in_historic": false, "context_type": "Suburban" }, "geometry": { "type": "Polygon", "coordinates": [ [ [ -106.258776562601156, 31.76058614544726 ], [ -106.259407760134081, 31.760584203501654 ], [ -106.259380793996129, 31.759850389553225 ], [ -106.259375319182155, 31.759850334613677 ], [ -106.259291263498753, 31.759849492005078 ], [ -106.259291220113184, 31.759849491272188 ], [ -106.259206355995175, 31.759851972052623 ], [ -106.259121492870605, 31.759854451829145 ], [ -106.258948807447453, 31.759855610035515 ], [ -106.258783413733028, 31.759855854206464 ], [ -106.258783371513971, 31.759855855226576 ], [ -106.258749805824365, 31.759856760199188 ], [ -106.258749762607437, 31.759856762167889 ], [ -106.258776562601156, 31.76058614544726 ] ] ] } },
{ "type": "Feature", "properties": { "pidn": "M77199900200700", "district": 5, "zonelabel": "R-3A", "state_cd_clean": "A1", "use_desc": "REAL, RESIDENTIAL, SINGLE-FAMILY", "targetlotarea": 43417, "existing_units": 1, "footprint_sqft": 0.0, "interior_sqft": 0.0, "coverage_pct": 0.0, "in_corridor": false, "in_historic": false, "context_type": "Suburban" }, "geometry": { "type": "Polygon", "coordinates": [ [ [ -106.259407760134081, 31.760584203501654 ], [ -106.259926827162005, 31.760580344520022 ], [ -106.259909421324579, 31.759847393649533 ], [ -106.259784288590851, 31.759848475330646 ], [ -106.259619658100945, 31.75984944896403 ], [ -106.259453739328308, 31.759851121425797 ], [ -106.259380793996129, 31.759850389553225 ], [ -106.259407760134081, 31.760584203501654 ] ] ] } },
{ "type": "Feature", "properties": { "pidn": "M77199900200700", "district": 5, "zonelabel": "R-3A", "state_cd_clean": "A1", "use_desc": "REAL, RESIDENTIAL, SINGLE-FAMILY", "targetlotarea": 90476, "existing_units": 1, "footprint_sqft": 0.0, "interior_sqft": 0.0, "coverage_pct": 0.0, "in_corridor": false, "in_historic": false, "context_type": "Suburban" }, "geometry": { "type": "Polygon", "coordinates": [ [ [ -106.259926827162005, 31.760580344520022 ], [ -106.260992824080219, 31.760571325318427 ], [ -106.261002905249285, 31.760562466481197 ], [ -106.261011057714015, 31.760552260408247 ], [ -106.261017040443448, 31.760541011612496 ], [ -106.261020675455057, 31.760529052441122 ], [ -106.261021855910002, 31.760516737287652 ], [ -106.260998997356793, 31.759839338124262 ], [ -106.260805201326889, 31.759840499866584 ], [ -106.260637692996212, 31.759842313109001 ], [ -106.260594627946972, 31.759842853936608 ], [ -106.260467028575434, 31.759843961971217 ], [ -106.260466986300173, 31.759843962091221 ], [ -106.26042865991505, 31.759844296870344 ], [ -106.260428585961463, 31.759844297530723 ], [ -106.260292682342197, 31.759843747158467 ], [ -106.260119903289777, 31.759845980532269 ], [ -106.259957728679552, 31.759846976360521 ], [ -106.259909421324579, 31.759847393649533 ], [ -106.259926827162005, 31.760580344520022 ] ] ] } },
{ "type": "Feature", "properties": { "pidn": "M77199900102500", "district": 5, "zonelabel": "R-3A", "state_cd_clean": "A1", "use_desc": "REAL, RESIDENTIAL, SINGLE-FAMILY", "targetlotarea": 54081, "existing_units": 1, "footprint_sqft": 0.0, "interior_sqft": 0.0, "coverage_pct": 0.0, "in_corridor": false, "in_historic": false, "context_type": "Suburban" }, "geometry": { "type": "Polygon", "coordinates": [ [ [ -106.261204190117382, 31.760569331947 ], [ -106.261838614335645, 31.760563342133686 ], [ -106.261834212055263, 31.759833108268037 ], [ -106.261834159239299, 31.759833108868921 ], [ -106.261717294974403, 31.759833380224929 ], [ -106.261717252699157, 31.75983338034542 ], [ -106.261546603175546, 31.759832949053681 ], [ -106.261384264000583, 31.759834154663213 ], [ -106.261190739523997, 31.759834603748494 ], [ -106.261176374795369, 31.76051705365569 ], [ -106.261177717004813, 31.76052880045896 ], [ -106.261181295488697, 31.760540200592107 ], [ -106.261187012792746, 31.760550946001342 ], [ -106.2611947132213, 31.76056074393124 ], [ -106.261204190117382, 31.760569331947 ] ] ] } },
{ "type": "Feature", "properties": { "pidn": "M77199900102200", "district": 5, "zonelabel": "R-3A", "state_cd_clean": "A1", "use_desc": "REAL, RESIDENTIAL, SINGLE-FAMILY", "targetlotarea": 47064, "existing_units": 1, "footprint_sqft": 0.0, "interior_sqft": 0.0, "coverage_pct": 0.0, "in_corridor": false, "in_historic": false, "context_type": "Suburban" }, "geometry": { "type": "Polygon", "coordinates": [ [ [ -106.261838614335645, 31.760563342133686 ], [ -106.262407944994763, 31.760557963585985 ], [ -106.262403532997084, 31.759826848492494 ], [ -106.26239127860164, 31.75982693652572 ], [ -106.262391235328579, 31.759826937594976 ], [ -106.262311081002636, 31.759828208626974 ], [ -106.262230884399315, 31.759829479730225 ], [ -106.26205206401859, 31.759828833575664 ], [ -106.261886199625849, 31.759832225385129 ], [ -106.261881466865049, 31.759832322781403 ], [ -106.261834212055263, 31.759833108268037 ], [ -106.261838614335645, 31.760563342133686 ] ] ] } },
{ "type": "Feature", "properties": { "pidn": "M77199900101800", "district": 5, "zonelabel": "R-3A", "state_cd_clean": "A1", "use_desc": "REAL, RESIDENTIAL, SINGLE-FAMILY", "targetlotarea": 33220, "existing_units": 1, "footprint_sqft": 0.0, "interior_sqft": 0.0, "coverage_pct": 0.0, "in_corridor": false, "in_historic": false, "context_type": "Suburban" }, "geometry": { "type": "Polygon", "coordinates": [ [ [ -106.262407944994763, 31.760557963585985 ], [ -106.262810096121029, 31.760554165875892 ], [ -106.262805687280149, 31.759824081924808 ], [ -106.262723847941587, 31.759824827611897 ], [ -106.262561983921344, 31.759825704148881 ], [ -106.262403532997084, 31.759826848492494 ], [ -106.262407944994763, 31.760557963585985 ] ] ] } },
{ "type": "Feature", "properties": { "pidn": "M77199900101600", "district": 5, "zonelabel": "R-3A", "state_cd_clean": "A1", "use_desc": "REAL, RESIDENTIAL, SINGLE-FAMILY", "targetlotarea": 52471, "existing_units": 1, "footprint_sqft": 0.0, "interior_sqft": 0.0, "coverage_pct": 0.0, "in_corridor": false, "in_historic": false, "context_type": "Suburban" }, "geometry": { "type": "Polygon", "coordinates": [ [ [ -106.262810096121029, 31.760554165875892 ], [ -106.263446009647325, 31.760548152714328 ], [ -106.263441592072681, 31.759817651696032 ], [ -106.263412395271473, 31.759817761702102 ], [ -106.263233486905392, 31.759820447540687 ], [ -106.263067360516942, 31.759822894542953 ], [ -106.262900649017013, 31.759823216665939 ], [ -106.262805687280149, 31.759824081924808 ], [ -106.262810096121029, 31.760554165875892 ] ] ] } },
{ "type": "Feature", "properties": { "pidn": "M77199900101200", "district": 5, "zonelabel": "R-3A", "state_cd_clean": "A1", "use_desc": "REAL, RESIDENTIAL, SINGLE-FAMILY", "targetlotarea": 41273, "existing_units": 1, "footprint_sqft": 0.0, "interior_sqft": 0.0, "coverage_pct": 0.0, "in_corridor": false, "in_historic": false, "context_type": "Suburban" }, "geometry": { "type": "Polygon", "coordinates": [ [ [ -106.263446009647325, 31.760548152714328 ], [ -106.263930671805397, 31.760543570287556 ], [ -106.263958795926271, 31.759817170582636 ], [ -106.263954695044632, 31.759817162475311 ], [ -106.263818530479327, 31.759816888696829 ], [ -106.26374187061549, 31.759816735048965 ], [ -106.263441592072681, 31.759817651696032 ], [ -106.263446009647325, 31.760548152714328 ] ] ] } },
{ "type": "Feature", "properties": { "pidn": "E36199900100200", "district": 5, "zonelabel": "R-3A", "state_cd_clean": "F1", "use_desc": "COMM,ANY COMM OTHR THAN F2-F9", "targetlotarea": 269178, "existing_units": 0, "footprint_sqft": 405058.0, "interior_sqft": 810116.0, "coverage_pct": 1.5047960828893892, "in_corridor": false, "in_historic": false, "context_type": "Suburban" }, "geometry": { "type": "Polygon", "coordinates": [ [ [ -106.263930671805397, 31.760543570287556 ], [ -106.266397225420889, 31.760520216608906 ], [ -106.266397504789722, 31.759930265285593 ], [ -106.266397624081819, 31.759676005720646 ], [ -106.265982624351039, 31.759679940098014 ], [ -106.265979652025678, 31.759593385203328 ], [ -106.265410853077427, 31.759598852937138 ], [ -106.265451445598117, 31.759438278289981 ], [ -106.264578395783545, 31.759446543983504 ], [ -106.264572755171713, 31.759605855079855 ], [ -106.263966356461438, 31.759611592260441 ], [ -106.263966340057365, 31.759613885243414 ], [ -106.263958795926271, 31.759817170582636 ], [ -106.263930671805397, 31.760543570287556 ] ] ] } },
{ "type": "Feature", "properties": { "pidn": "E36199900100110", "district": 5, "zonelabel": "C-4", "state_cd_clean": "F1", "use_desc": "COMM,ANY COMM OTHR THAN F2-F9", "targetlotarea": 48056, "existing_units": 0, "footprint_sqft": 4064.16992, "interior_sqft": 4064.16992, "coverage_pct": 0.08457153987015148, "in_corridor": false, "in_historic": false, "context_type": "Suburban" }, "geometry": { "type": "Polygon", "coordinates": [ [ [ -106.2668615072146, 31.760515815876278 ], [ -106.266954110648669, 31.760514937856215 ], [ -106.267141608721545, 31.760362928294651 ], [ -106.267141811823876, 31.759923208517666 ], [ -106.266397504789722, 31.759930265285593 ], [ -106.266397225420889, 31.760520216608906 ], [ -106.266449154362917, 31.760519724761686 ], [ -106.2668615072146, 31.760515815876278 ] ] ] } },
{ "type": "Feature", "properties": { "pidn": "M77099900101000", "district": 5, "zonelabel": "C-4", "state_cd_clean": "F1", "use_desc": "COMM,ANY COMM OTHR THAN F2-F9", "targetlotarea": 33742, "existing_units": 0, "footprint_sqft": 8414.0, "interior_sqft": 8414.0, "coverage_pct": 0.24936281192578982, "in_corridor": false, "in_historic": false, "context_type": "Suburban" }, "geometry": { "type": "Polygon", "coordinates": [ [ [ -106.265853999723205, 31.761389105255272 ], [ -106.266433776122923, 31.761389006852536 ], [ -106.26643346216305, 31.760874321070105 ], [ -106.26584845888398, 31.760878960687744 ], [ -106.265853999723205, 31.761389105255272 ] ] ] } },
{ "type": "Feature", "properties": { "pidn": "M77099900101000", "district": 5, "zonelabel": "C-4", "state_cd_clean": "F1", "use_desc": "COMM,ANY COMM OTHR THAN F2-F9", "targetlotarea": 71529, "existing_units": 0, "footprint_sqft": 8414.0, "interior_sqft": 8414.0, "coverage_pct": 0.11763061136042724, "in_corridor": false, "in_historic": false, "context_type": "Suburban" }, "geometry": { "type": "Polygon", "coordinates": [ [ [ -106.265103542559089, 31.761735428806791 ], [ -106.265829863065264, 31.761729672771128 ], [ -106.265829785207089, 31.761389108670194 ], [ -106.265853999723205, 31.761389105255272 ], [ -106.26584845888398, 31.760878960687744 ], [ -106.265094207358317, 31.760884938662905 ], [ -106.265103542559089, 31.761735428806791 ] ] ] } },
{ "type": "Feature", "properties": { "pidn": "M77099900101000", "district": 5, "zonelabel": "C-4", "state_cd_clean": "F1", "use_desc": "COMM,ANY COMM OTHR THAN F2-F9", "targetlotarea": 23099, "existing_units": 0, "footprint_sqft": 8414.0, "interior_sqft": 8414.0, "coverage_pct": 0.36425819299536777, "in_corridor": false, "in_historic": false, "context_type": "Suburban" }, "geometry": { "type": "Polygon", "coordinates": [ [ [ -106.265829863065264, 31.761729672771128 ], [ -106.266433980787866, 31.761724883254136 ], [ -106.266433776122923, 31.761389006852536 ], [ -106.265853999723205, 31.761389105255272 ], [ -106.265829785207089, 31.761389108670194 ], [ -106.265829863065264, 31.761729672771128 ] ] ] } },
{ "type": "Feature", "properties": { "pidn": "M77099900100100", "district": 5, "zonelabel": "C-4", "state_cd_clean": "F1", "use_desc": "COMM,ANY COMM OTHR THAN F2-F9", "targetlotarea": 71625, "existing_units": 0, "footprint_sqft": 15400.7002, "interior_sqft": 30801.4004, "coverage_pct": 0.21501850191972074, "in_corridor": false, "in_historic": false, "context_type": "Suburban" }, "geometry": { "type": "Polygon", "coordinates": [ [ [ -106.266445324646455, 31.761760125797402 ], [ -106.267180614322271, 31.761753442836483 ], [ -106.267164575974348, 31.761034072467769 ], [ -106.266929786222434, 31.760870382377963 ], [ -106.26643346216305, 31.760874321070105 ], [ -106.266433776122923, 31.761389006852536 ], [ -106.266433980787866, 31.761724883254136 ], [ -106.266434002202999, 31.761760228590735 ], [ -106.266445324646455, 31.761760125797402 ] ] ] } },
{ "type": "Feature", "properties": { "pidn": "M77099900100100", "district": 5, "zonelabel": "C-4", "state_cd_clean": "F1", "use_desc": "COMM,ANY COMM OTHR THAN F2-F9", "targetlotarea": 58362, "existing_units": 0, "footprint_sqft": 15400.7002, "interior_sqft": 30801.4004, "coverage_pct": 0.26388232411500634, "in_corridor": false, "in_historic": false, "context_type": "Suburban" }, "geometry": { "type": "Polygon", "coordinates": [ [ [ -106.266573888439865, 31.762481851378933 ], [ -106.266935134249906, 31.762570686141956 ], [ -106.266963240273085, 31.762544496544081 ], [ -106.267004271847028, 31.7624565865185 ], [ -106.267187536940341, 31.762063939144095 ], [ -106.267180614322271, 31.761753442836483 ], [ -106.266445324646455, 31.761760125797402 ], [ -106.266450037624409, 31.762208144960447 ], [ -106.266347008338983, 31.762304183299051 ], [ -106.266573888439865, 31.762481851378933 ] ] ] } },
{ "type": "Feature", "properties": { "pidn": "M77099900101000", "district": 5, "zonelabel": "C-4", "state_cd_clean": "F1", "use_desc": "COMM,ANY COMM OTHR THAN F2-F9", "targetlotarea": 53792, "existing_units": 0, "footprint_sqft": 8414.0, "interior_sqft": 8414.0, "coverage_pct": 0.15641731112433074, "in_corridor": false, "in_historic": false, "context_type": "Suburban" }, "geometry": { "type": "Polygon", "coordinates": [ [ [ -106.265829863065264, 31.761729672771128 ], [ -106.265830102967897, 31.762786015366665 ], [ -106.266347008338983, 31.762304183299051 ], [ -106.266450037624409, 31.762208144960447 ], [ -106.266445324646455, 31.761760125797402 ], [ -106.266434002202999, 31.761760228590735 ], [ -106.266433980787866, 31.761724883254136 ], [ -106.265829863065264, 31.761729672771128 ] ] ] } },
{ "type": "Feature", "properties": { "pidn": "M77099900101000", "district": 5, "zonelabel": "C-4", "state_cd_clean": "F1", "use_desc": "COMM,ANY COMM OTHR THAN F2-F9", "targetlotarea": 482449, "existing_units": 0, "footprint_sqft": 8414.0, "interior_sqft": 8414.0, "coverage_pct": 0.017440185387471007, "in_corridor": false, "in_historic": false, "context_type": "Suburban" }, "geometry": { "type": "Polygon", "coordinates": [ [ [ -106.262976543374904, 31.762922251935183 ], [ -106.264144896554484, 31.762912927018355 ], [ -106.264144292216358, 31.762857759460303 ], [ -106.26506570548662, 31.762850396873283 ], [ -106.265115574940097, 31.762849999532001 ], [ -106.265115726014159, 31.762849998061782 ], [ -106.265103542559089, 31.761735428806791 ], [ -106.265094207358317, 31.760884938662905 ], [ -106.262954800305366, 31.760901786279288 ], [ -106.262954897538364, 31.760935810394752 ], [ -106.262960738413767, 31.761343467605812 ], [ -106.262966390268446, 31.761737855946361 ], [ -106.262974631262367, 31.762699252085383 ], [ -106.262975379535249, 31.762786527778516 ], [ -106.262975863931658, 31.762843035657074 ], [ -106.262976320472177, 31.762896185936036 ], [ -106.262976543374904, 31.762922251935183 ] ] ] } },
{ "type": "Feature", "properties": { "pidn": "M77099900101000", "district": 5, "zonelabel": "C-4", "state_cd_clean": "F1", "use_desc": "COMM,ANY COMM OTHR THAN F2-F9", "targetlotarea": 90763, "existing_units": 0, "footprint_sqft": 8414.0, "interior_sqft": 8414.0, "coverage_pct": 0.092702973678701672, "in_corridor": false, "in_historic": false, "context_type": "Suburban" }, "geometry": { "type": "Polygon", "coordinates": [ [ [ -106.265115726014159, 31.762849998061782 ], [ -106.265761515547496, 31.762849948144002 ], [ -106.265830102967897, 31.762786015366665 ], [ -106.265829863065264, 31.761729672771128 ], [ -106.265103542559089, 31.761735428806791 ], [ -106.265115726014159, 31.762849998061782 ] ] ] } },
{ "type": "Feature", "properties": { "pidn": "M77099900A00100", "district": 5, "zonelabel": "C-4", "state_cd_clean": "F1", "use_desc": "COMM,ANY COMM OTHR THAN F2-F9", "targetlotarea": 24005, "existing_units": 0, "footprint_sqft": 119258.0, "interior_sqft": 238516.0, "coverage_pct": 4.968048323265986, "in_corridor": false, "in_historic": false, "context_type": "Suburban" }, "geometry": { "type": "Polygon", "coordinates": [ [ [ -106.26507063035217, 31.763297731275635 ], [ -106.265185011414275, 31.763387324183054 ], [ -106.265761515547496, 31.762849948144002 ], [ -106.265115726014159, 31.762849998061782 ], [ -106.265115574940097, 31.762849999532001 ], [ -106.26506570548662, 31.762850396873283 ], [ -106.26507063035217, 31.763297731275635 ] ] ] } },
{ "type": "Feature", "properties": { "pidn": "M77099900100200", "district": 5, "zonelabel": "C-4", "state_cd_clean": "F1", "use_desc": "COMM,ANY COMM OTHR THAN F2-F9", "targetlotarea": 109731, "existing_units": 0, "footprint_sqft": 0.0, "interior_sqft": 0.0, "coverage_pct": 0.0, "in_corridor": false, "in_historic": false, "context_type": "Suburban" }, "geometry": { "type": "Polygon", "coordinates": [ [ [ -106.265185011414275, 31.763387324183054 ], [ -106.265659717106956, 31.763759147902789 ], [ -106.266935134249906, 31.762570686141956 ], [ -106.266573888439865, 31.762481851378933 ], [ -106.266347008338983, 31.762304183299051 ], [ -106.265830102967897, 31.762786015366665 ], [ -106.265761515547496, 31.762849948144002 ], [ -106.265185011414275, 31.763387324183054 ] ] ] } },
{ "type": "Feature", "properties": { "pidn": "E350999001B0700", "district": 5, "zonelabel": "C-4", "state_cd_clean": "F1", "use_desc": "COMM,ANY COMM OTHR THAN F2-F9", "targetlotarea": 56039, "existing_units": 0, "footprint_sqft": 8497.38965, "interior_sqft": 16994.7793, "coverage_pct": 0.15163349899177356, "in_corridor": false, "in_historic": false, "context_type": "Suburban" }, "geometry": { "type": "Polygon", "coordinates": [ [ [ -106.266709441545487, 31.764197388606839 ], [ -106.266785815499858, 31.764267561680718 ], [ -106.266909098542897, 31.764169557022797 ], [ -106.266993462398219, 31.7642166066539 ], [ -106.267135150388512, 31.764210669062692 ], [ -106.267135945882416, 31.764224531591363 ], [ -106.267252095175593, 31.764219664024445 ], [ -106.267217024914061, 31.763608793687002 ], [ -106.266725000231347, 31.763457548954374 ], [ -106.266308279646609, 31.763788825934505 ], [ -106.266732922916589, 31.764178739233401 ], [ -106.266709441545487, 31.764197388606839 ] ] ] } },
{ "type": "Feature", "properties": { "pidn": "E350999001B0700", "district": 5, "zonelabel": "C-4", "state_cd_clean": "F1", "use_desc": "COMM,ANY COMM OTHR THAN F2-F9", "targetlotarea": 42368, "existing_units": 0, "footprint_sqft": 8497.38965, "interior_sqft": 16994.7793, "coverage_pct": 0.20056150042484891, "in_corridor": false, "in_historic": false, "context_type": "Suburban" }, "geometry": { "type": "Polygon", "coordinates": [ [ [ -106.266074796053132, 31.764998246076672 ], [ -106.266770366653091, 31.764969094681479 ], [ -106.266732726679749, 31.764309765884125 ], [ -106.266785815499858, 31.764267561680718 ], [ -106.266709441545487, 31.764197388606839 ], [ -106.266058534071277, 31.764714889082228 ], [ -106.266074796053132, 31.764998246076672 ] ] ] } },
{ "type": "Feature", "properties": { "pidn": "E350999001B0700", "district": 5, "zonelabel": "C-4", "state_cd_clean": "F1", "use_desc": "COMM,ANY COMM OTHR THAN F2-F9", "targetlotarea": 43695, "existing_units": 0, "footprint_sqft": 8497.38965, "interior_sqft": 16994.7793, "coverage_pct": 0.19447052637601556, "in_corridor": false, "in_historic": false, "context_type": "Suburban" }, "geometry": { "type": "Polygon", "coordinates": [ [ [ -106.266770366653091, 31.764969094681479 ], [ -106.267293852623638, 31.764947153883323 ], [ -106.267252095175593, 31.764219664024445 ], [ -106.267135945882416, 31.764224531591363 ], [ -106.267135150388512, 31.764210669062692 ], [ -106.266993462398219, 31.7642166066539 ], [ -106.266909098542897, 31.764169557022797 ], [ -106.266785815499858, 31.764267561680718 ], [ -106.266732726679749, 31.764309765884125 ], [ -106.266770366653091, 31.764969094681479 ] ] ] } },
{ "type": "Feature", "properties": { "pidn": "X579999304A0200", "district": 5, "zonelabel": "C-3", "state_cd_clean": "J4", "use_desc": "UTILITIES/TELEPHONE COMPANIES", "targetlotarea": 40326, "existing_units": 0, "footprint_sqft": 16139.7002, "interior_sqft": 32279.4004, "coverage_pct": 0.40023062540296583, "in_corridor": false, "in_historic": false, "context_type": "Suburban" }, "geometry": { "type": "Polygon", "coordinates": [ [ [ -106.263968780581322, 31.765711262839375 ], [ -106.264446744329973, 31.766085874088247 ], [ -106.264876634253099, 31.765678587605148 ], [ -106.264406375433524, 31.765301561049125 ], [ -106.263968780581322, 31.765711262839375 ] ] ] } },
{ "type": "Feature", "properties": { "pidn": "X579999304A0200", "district": 5, "zonelabel": "C-3", "state_cd_clean": "J4", "use_desc": "UTILITIES/TELEPHONE COMPANIES", "targetlotarea": 40326, "existing_units": 0, "footprint_sqft": 16139.7002, "interior_sqft": 32279.4004, "coverage_pct": 0.40023062540296583, "in_corridor": false, "in_historic": false, "context_type": "Suburban" }, "geometry": { "type": "Polygon", "coordinates": [ [ [ -106.263968780581322, 31.765711262839375 ], [ -106.264446744329973, 31.766085874088247 ], [ -106.264876634253099, 31.765678587605148 ], [ -106.264406375433524, 31.765301561049125 ], [ -106.263968780581322, 31.765711262839375 ] ] ] } },
{ "type": "Feature", "properties": { "pidn": "X579999304A0200", "district": 5, "zonelabel": "C-3", "state_cd_clean": "J4", "use_desc": "UTILITIES/TELEPHONE COMPANIES", "targetlotarea": 40326, "existing_units": 0, "footprint_sqft": 16139.7002, "interior_sqft": 32279.4004, "coverage_pct": 0.40023062540296583, "in_corridor": false, "in_historic": false, "context_type": "Suburban" }, "geometry": { "type": "Polygon", "coordinates": [ [ [ -106.263968780581322, 31.765711262839375 ], [ -106.264446744329973, 31.766085874088247 ], [ -106.264876634253099, 31.765678587605148 ], [ -106.264406375433524, 31.765301561049125 ], [ -106.263968780581322, 31.765711262839375 ] ] ] } },
{ "type": "Feature", "properties": { "pidn": "X579999304A0200", "district": 5, "zonelabel": "C-3", "state_cd_clean": "J4", "use_desc": "UTILITIES/TELEPHONE COMPANIES", "targetlotarea": 40326, "existing_units": 0, "footprint_sqft": 16139.7002, "interior_sqft": 32279.4004, "coverage_pct": 0.40023062540296583, "in_corridor": false, "in_historic": false, "context_type": "Suburban" }, "geometry": { "type": "Polygon", "coordinates": [ [ [ -106.263968780581322, 31.765711262839375 ], [ -106.264446744329973, 31.766085874088247 ], [ -106.264876634253099, 31.765678587605148 ], [ -106.264406375433524, 31.765301561049125 ], [ -106.263968780581322, 31.765711262839375 ] ] ] } },
{ "type": "Feature", "properties": { "pidn": "X579999304A0200", "district": 5, "zonelabel": "C-3", "state_cd_clean": "J4", "use_desc": "UTILITIES/TELEPHONE COMPANIES", "targetlotarea": 86163, "existing_units": 0, "footprint_sqft": 16139.7002, "interior_sqft": 32279.4004, "coverage_pct": 0.18731590357810196, "in_corridor": false, "in_historic": false, "context_type": "Suburban" }, "geometry": { "type": "Polygon", "coordinates": [ [ [ -106.263322143500147, 31.766399748985442 ], [ -106.263924701594178, 31.766871902119732 ], [ -106.264535120515291, 31.766302443228124 ], [ -106.26437689360867, 31.766178459474606 ], [ -106.264387459738955, 31.766170353210434 ], [ -106.264463841210642, 31.766099273326279 ], [ -106.264446744329973, 31.766085874088247 ], [ -106.263968780581322, 31.765711262839375 ], [ -106.263319863241975, 31.766298376219531 ], [ -106.263322510951028, 31.766294442365449 ], [ -106.26330199829475, 31.766313876045903 ], [ -106.263297336965678, 31.766324855146056 ], [ -106.263294728261712, 31.766336319602889 ], [ -106.263294235143078, 31.766347991081663 ], [ -106.263295869521258, 31.766359586349424 ], [ -106.263299591654899, 31.766370824527606 ], [ -106.263305311541117, 31.766381432447787 ], [ -106.263312890419755, 31.766391151808506 ], [ -106.263322143500147, 31.766399748985442 ] ] ] } },
{ "type": "Feature", "properties": { "pidn": "X579999304A0200", "district": 5, "zonelabel": "C-3", "state_cd_clean": "J4", "use_desc": "UTILITIES/TELEPHONE COMPANIES", "targetlotarea": 86163, "existing_units": 0, "footprint_sqft": 16139.7002, "interior_sqft": 32279.4004, "coverage_pct": 0.18731590357810196, "in_corridor": false, "in_historic": false, "context_type": "Suburban" }, "geometry": { "type": "Polygon", "coordinates": [ [ [ -106.263322143500147, 31.766399748985442 ], [ -106.263924701594178, 31.766871902119732 ], [ -106.264535120515291, 31.766302443228124 ], [ -106.26437689360867, 31.766178459474606 ], [ -106.264387459738955, 31.766170353210434 ], [ -106.264463841210642, 31.766099273326279 ], [ -106.264446744329973, 31.766085874088247 ], [ -106.263968780581322, 31.765711262839375 ], [ -106.263319863241975, 31.766298376219531 ], [ -106.263322510951028, 31.766294442365449 ], [ -106.26330199829475, 31.766313876045903 ], [ -106.263297336965678, 31.766324855146056 ], [ -106.263294728261712, 31.766336319602889 ], [ -106.263294235143078, 31.766347991081663 ], [ -106.263295869521258, 31.766359586349424 ], [ -106.263299591654899, 31.766370824527606 ], [ -106.263305311541117, 31.766381432447787 ], [ -106.263312890419755, 31.766391151808506 ], [ -106.263322143500147, 31.766399748985442 ] ] ] } },
{ "type": "Feature", "properties": { "pidn": "X579999304A0200", "district": 5, "zonelabel": "C-3", "state_cd_clean": "J4", "use_desc": "UTILITIES/TELEPHONE COMPANIES", "targetlotarea": 86163, "existing_units": 0, "footprint_sqft": 16139.7002, "interior_sqft": 32279.4004, "coverage_pct": 0.18731590357810196, "in_corridor": false, "in_historic": false, "context_type": "Suburban" }, "geometry": { "type": "Polygon", "coordinates": [ [ [ -106.263322143500147, 31.766399748985442 ], [ -106.263924701594178, 31.766871902119732 ], [ -106.264535120515291, 31.766302443228124 ], [ -106.26437689360867, 31.766178459474606 ], [ -106.264387459738955, 31.766170353210434 ], [ -106.264463841210642, 31.766099273326279 ], [ -106.264446744329973, 31.766085874088247 ], [ -106.263968780581322, 31.765711262839375 ], [ -106.263319863241975, 31.766298376219531 ], [ -106.263322510951028, 31.766294442365449 ], [ -106.26330199829475, 31.766313876045903 ], [ -106.263297336965678, 31.766324855146056 ], [ -106.263294728261712, 31.766336319602889 ], [ -106.263294235143078, 31.766347991081663 ], [ -106.263295869521258, 31.766359586349424 ], [ -106.263299591654899, 31.766370824527606 ], [ -106.263305311541117, 31.766381432447787 ], [ -106.263312890419755, 31.766391151808506 ], [ -106.263322143500147, 31.766399748985442 ] ] ] } },
{ "type": "Feature", "properties": { "pidn": "X579999304A0200", "district": 5, "zonelabel": "C-3", "state_cd_clean": "J4", "use_desc": "UTILITIES/TELEPHONE COMPANIES", "targetlotarea": 86163, "existing_units": 0, "footprint_sqft": 16139.7002, "interior_sqft": 32279.4004, "coverage_pct": 0.18731590357810196, "in_corridor": false, "in_historic": false, "context_type": "Suburban" }, "geometry": { "type": "Polygon", "coordinates": [ [ [ -106.263322143500147, 31.766399748985442 ], [ -106.263924701594178, 31.766871902119732 ], [ -106.264535120515291, 31.766302443228124 ], [ -106.26437689360867, 31.766178459474606 ], [ -106.264387459738955, 31.766170353210434 ], [ -106.264463841210642, 31.766099273326279 ], [ -106.264446744329973, 31.766085874088247 ], [ -106.263968780581322, 31.765711262839375 ], [ -106.263319863241975, 31.766298376219531 ], [ -106.263322510951028, 31.766294442365449 ], [ -106.26330199829475, 31.766313876045903 ], [ -106.263297336965678, 31.766324855146056 ], [ -106.263294728261712, 31.766336319602889 ], [ -106.263294235143078, 31.766347991081663 ], [ -106.263295869521258, 31.766359586349424 ], [ -106.263299591654899, 31.766370824527606 ], [ -106.263305311541117, 31.766381432447787 ], [ -106.263312890419755, 31.766391151808506 ], [ -106.263322143500147, 31.766399748985442 ] ] ] } },
{ "type": "Feature", "properties": { "pidn": "E350999001B0500", "district": 5, "zonelabel": "C-4", "state_cd_clean": "F1", "use_desc": "COMM,ANY COMM OTHR THAN F2-F9", "targetlotarea": 346283, "existing_units": 0, "footprint_sqft": 0.0, "interior_sqft": 0.0, "coverage_pct": 0.0, "in_corridor": false, "in_historic": false, "context_type": "Suburban" }, "geometry": { "type": "Polygon", "coordinates": [ [ [ -106.266888879205709, 31.767164426278715 ], [ -106.267390790847728, 31.767165466308654 ], [ -106.267367757430335, 31.766518872872037 ], [ -106.267357238931851, 31.766380696099869 ], [ -106.267293852623638, 31.764947153883323 ], [ -106.266770366653091, 31.764969094681479 ], [ -106.266074796053132, 31.764998246076672 ], [ -106.265839720411151, 31.765008096529925 ], [ -106.265803144145877, 31.765026578845802 ], [ -106.265835453821126, 31.765985627251663 ], [ -106.265981853951473, 31.765985931963069 ], [ -106.266020891867342, 31.767082250406212 ], [ -106.266505656962863, 31.767083257553864 ], [ -106.266888879205709, 31.767164426278715 ] ] ] } },
{ "type": "Feature", "properties": { "pidn": "M77199903403100", "district": 5, "zonelabel": "P-R 2", "state_cd_clean": "XV-C", "use_desc": "COMMERCIAL public, religous, charitable, misc", "targetlotarea": 76537, "existing_units": 0, "footprint_sqft": 0.0, "interior_sqft": 0.0, "coverage_pct": 0.0, "in_corridor": false, "in_historic": false, "context_type": "Suburban" }, "geometry": { "type": "Polygon", "coordinates": [ [ [ -106.262999660606027, 31.767366077760148 ], [ -106.263213919807725, 31.767533966727584 ], [ -106.263814167185956, 31.766974688037411 ], [ -106.263206758189909, 31.766498732846198 ], [ -106.263186661292579, 31.766494085478961 ], [ -106.263165927452818, 31.766492459323079 ], [ -106.263145176071134, 31.766493903815046 ], [ -106.263125023917127, 31.766498375485888 ], [ -106.26310607153863, 31.766505740386915 ], [ -106.263088884568262, 31.766515779457734 ], [ -106.262557245909989, 31.767019444000436 ], [ -106.262999660606027, 31.767366077760148 ] ] ] } },
{ "type": "Feature", "properties": { "pidn": "E35099900100100", "district": 5, "zonelabel": "R-MU", "state_cd_clean": "F1", "use_desc": "COMM,ANY COMM OTHR THAN F2-F9", "targetlotarea": 104374, "existing_units": 0, "footprint_sqft": 158961.0, "interior_sqft": 317922.0, "coverage_pct": 1.5229942322800698, "in_corridor": false, "in_historic": false, "context_type": "Suburban" }, "geometry": { "type": "Polygon", "coordinates": [ [ [ -106.266409820901288, 31.76777138534818 ], [ -106.267391662278953, 31.767763970915091 ], [ -106.267391039776967, 31.767703891905658 ], [ -106.2674099727476, 31.76770393050527 ], [ -106.267390790847728, 31.767165466308654 ], [ -106.266888879205709, 31.767164426278715 ], [ -106.266505656962863, 31.767083257553864 ], [ -106.266020891867342, 31.767082250406212 ], [ -106.265623170203227, 31.767081422042615 ], [ -106.265549987798607, 31.767081269565221 ], [ -106.265529010096685, 31.767081225501261 ], [ -106.266409820901288, 31.76777138534818 ] ] ] } },
{ "type": "Feature", "properties": { "pidn": "S81299904600330", "district": 5, "zonelabel": "C-4", "state_cd_clean": "F1", "use_desc": "COMM,ANY COMM OTHR THAN F2-F9", "targetlotarea": 49865, "existing_units": 0, "footprint_sqft": 3482.06006, "interior_sqft": 6964.12012, "coverage_pct": 0.069829741502055551, "in_corridor": false, "in_historic": false, "context_type": "Suburban" }, "geometry": { "type": "Polygon", "coordinates": [ [ [ -106.259586459491388, 31.76836283929153 ], [ -106.260174255160706, 31.768801251353892 ], [ -106.260378978360208, 31.76861282431214 ], [ -106.260587209461164, 31.768427224721432 ], [ -106.260592340801992, 31.76841513150541 ], [ -106.260594989300657, 31.768402469530638 ], [ -106.26059507963447, 31.768389607106478 ], [ -106.26059260667428, 31.768376919278658 ], [ -106.26058764418454, 31.768364774788445 ], [ -106.260580335940134, 31.768353529252547 ], [ -106.260570894714192, 31.768343508951759 ], [ -106.260042734660331, 31.767949577255539 ], [ -106.259586459491388, 31.76836283929153 ] ] ] } },
{ "type": "Feature", "properties": { "pidn": "J19199900200150", "district": 5, "zonelabel": "C-1", "state_cd_clean": "C10", "use_desc": "REAL, VACANT PLATTED COMMERCIAL LOT", "targetlotarea": 58490, "existing_units": 0, "footprint_sqft": 0.0, "interior_sqft": 0.0, "coverage_pct": 0.0, "in_corridor": false, "in_historic": false, "context_type": "Suburban" }, "geometry": { "type": "Polygon", "coordinates": [ [ [ -106.260113357928461, 31.769320766659881 ], [ -106.261669339980216, 31.769325965531031 ], [ -106.26087147476774, 31.768703276579402 ], [ -106.260859250295411, 31.768695734048404 ], [ -106.260845699742205, 31.768690081745209 ], [ -106.26083122029064, 31.768686484010097 ], [ -106.260816235097508, 31.768685047100782 ], [ -106.260801182302444, 31.768685812467929 ], [ -106.260786502434399, 31.768688758232294 ], [ -106.26077262459512, 31.768693798007874 ], [ -106.260772590988239, 31.768693818505536 ], [ -106.260113357928461, 31.769320766659881 ] ] ] } },
{ "type": "Feature", "properties": { "pidn": "S81299904600330", "district": 5, "zonelabel": "R-3A", "state_cd_clean": "F1", "use_desc": "COMM,ANY COMM OTHR THAN F2-F9", "targetlotarea": 277413, "existing_units": 0, "footprint_sqft": 3482.06006, "interior_sqft": 6964.12012, "coverage_pct": 0.012551899370253016, "in_corridor": false, "in_historic": false, "context_type": "Suburban" }, "geometry": { "type": "Polygon", "coordinates": [ [ [ -106.258150354000861, 31.768699246403095 ], [ -106.259301073269654, 31.76960491884256 ], [ -106.259437819310378, 31.769479059587859 ], [ -106.25960600492067, 31.769324264864501 ], [ -106.260174255160706, 31.768801251353892 ], [ -106.259586459491388, 31.76836283929153 ], [ -106.260042734660331, 31.767949577255539 ], [ -106.259660458058192, 31.767664450491388 ], [ -106.259547006372998, 31.767567113804208 ], [ -106.259329697247907, 31.767412716692174 ], [ -106.259318160882799, 31.767405913075688 ], [ -106.25930542020096, 31.76740091825943 ], [ -106.259291859881699, 31.767397882707002 ], [ -106.259277889525222, 31.767396898847942 ], [ -106.259263930553132, 31.767397994448888 ], [ -106.259250403895749, 31.767401138593534 ], [ -106.259237719001206, 31.767406234958088 ], [ -106.259226257475007, 31.76741313068489 ], [ -106.259216366755126, 31.767421616670724 ], [ -106.258628506649416, 31.767962676975362 ], [ -106.258556230516845, 31.768033108223072 ], [ -106.258488748658309, 31.76810693008402 ], [ -106.258426278774778, 31.768183904150177 ], [ -106.258369022139064, 31.768263782827034 ], [ -106.258317164649554, 31.768346309285466 ], [ -106.258270871447053, 31.768431215900353 ], [ -106.258150354000861, 31.768699246403095 ] ] ] } },
{ "type": "Feature", "properties": { "pidn": "E35099900100500", "district": 5, "zonelabel": "P-R 2", "state_cd_clean": "F1", "use_desc": "COMM,ANY COMM OTHR THAN F2-F9", "targetlotarea": 724369, "existing_units": 0, "footprint_sqft": 0.0, "interior_sqft": 0.0, "coverage_pct": 0.0, "in_corridor": false, "in_historic": false, "context_type": "Suburban" }, "geometry": { "type": "Polygon", "coordinates": [ [ [ -106.265493641478386, 31.769320260803731 ], [ -106.266519383990854, 31.769320949096294 ], [ -106.266512420919057, 31.768552655378624 ], [ -106.266605720959603, 31.768558553340842 ], [ -106.266699258703369, 31.768560050114914 ], [ -106.267335312868823, 31.768555245909546 ], [ -106.26734649905535, 31.768555994652182 ], [ -106.267357365117221, 31.768558387304946 ], [ -106.267367580912747, 31.768562351320835 ], [ -106.26737683878568, 31.768567767968918 ], [ -106.26738485883601, 31.76857447209408 ], [ -106.267391399026465, 31.768582261590602 ], [ -106.26739626073504, 31.768590901664822 ], [ -106.267399296471439, 31.768600129901806 ], [ -106.26740041593645, 31.768609668633701 ], [ -106.267398166184336, 31.768392328140383 ], [ -106.267397794046005, 31.76835638382272 ], [ -106.26739779158541, 31.768356175304014 ], [ -106.267391662278953, 31.767763970915091 ], [ -106.266409820901288, 31.76777138534818 ], [ -106.265529010096685, 31.767081225501261 ], [ -106.264535120515291, 31.766302443228124 ], [ -106.263924701594178, 31.766871902119732 ], [ -106.263322143500147, 31.766399748985442 ], [ -106.263312890419755, 31.766391151808506 ], [ -106.263305311541117, 31.766381432447787 ], [ -106.263299591654899, 31.766370824527606 ], [ -106.263295869521258, 31.766359586349424 ], [ -106.263294235143078, 31.766347991081663 ], [ -106.263294728261712, 31.766336319602889 ], [ -106.263297336965678, 31.766324855146056 ], [ -106.26330199829475, 31.766313876045903 ], [ -106.263286440135204, 31.766328615919331 ], [ -106.263110512132684, 31.766495288870328 ], [ -106.263088884568262, 31.766515779457734 ], [ -106.26310607153863, 31.766505740386915 ], [ -106.263125023917127, 31.766498375485888 ], [ -106.263145176071134, 31.766493903815046 ], [ -106.263165927452818, 31.766492459323079 ], [ -106.263186661292579, 31.766494085478961 ], [ -106.263206758189909, 31.766498732846198 ], [ -106.263814167185956, 31.766974688037411 ], [ -106.263213919807725, 31.767533966727584 ], [ -106.263482497311884, 31.767744419919417 ], [ -106.26364196716672, 31.767869375885812 ], [ -106.263748979408234, 31.767953226822879 ], [ -106.26385599195109, 31.768037079470467 ], [ -106.263963004626532, 31.768120931126756 ], [ -106.264070018488752, 31.768204781743673 ], [ -106.264177030543976, 31.768288634167266 ], [ -106.264284044840124, 31.768372485503399 ], [ -106.264391058270888, 31.768456336796877 ], [ -106.264498071890529, 31.768540187999754 ], [ -106.264605085642742, 31.768624038211236 ], [ -106.264712099696297, 31.76870789013325 ], [ -106.264819113882453, 31.768791741063936 ], [ -106.2649261282575, 31.768875591903967 ], [ -106.265033143875471, 31.76895944260524 ], [ -106.265140157573995, 31.769043293311899 ], [ -106.265247172515515, 31.769127143879849 ], [ -106.26544597737805, 31.769282913728379 ], [ -106.265493641478386, 31.769320260803731 ] ] ] } },
{ "type": "Feature", "properties": { "pidn": "E12599900100100", "district": 5, "zonelabel": "C-3", "state_cd_clean": "XV-C", "use_desc": "COMMERCIAL public, religous, charitable, misc", "targetlotarea": 76587, "existing_units": 0, "footprint_sqft": 143060.14918000001, "interior_sqft": 266594.70852, "coverage_pct": 1.8679429822293603, "in_corridor": false, "in_historic": false, "context_type": "Suburban" }, "geometry": { "type": "Polygon", "coordinates": [ [ [ -106.267382225615663, 31.769321521566429 ], [ -106.267407782502644, 31.769321329375192 ], [ -106.26740041593645, 31.768609668633701 ], [ -106.267399296471439, 31.768600129901806 ], [ -106.26739626073504, 31.768590901664822 ], [ -106.267391399026465, 31.768582261590602 ], [ -106.26738485883601, 31.76857447209408 ], [ -106.26737683878568, 31.768567767968918 ], [ -106.267367580912747, 31.768562351320835 ], [ -106.267357365117221, 31.768558387304946 ], [ -106.26734649905535, 31.768555994652182 ], [ -106.267335312868823, 31.768555245909546 ], [ -106.266699258703369, 31.768560050114914 ], [ -106.266605720959603, 31.768558553340842 ], [ -106.266512420919057, 31.768552655378624 ], [ -106.266519383990854, 31.769320949096294 ], [ -106.267382225615663, 31.769321521566429 ] ] ] } },
{ "type": "Feature", "properties": { "pidn": "S81299904600300", "district": 5, "zonelabel": "R-3A", "state_cd_clean": "F1", "use_desc": "COMM,ANY COMM OTHR THAN F2-F9", "targetlotarea": 42544, "existing_units": 0, "footprint_sqft": 0.0, "interior_sqft": 0.0, "coverage_pct": 0.0, "in_corridor": false, "in_historic": false, "context_type": "Suburban" }, "geometry": { "type": "Polygon", "coordinates": [ [ [ -106.258009621917623, 31.768924383289505 ], [ -106.259104342800399, 31.769785983959167 ], [ -106.259301073269654, 31.76960491884256 ], [ -106.258150354000861, 31.768699246403095 ], [ -106.258081970990673, 31.768820153748845 ], [ -106.258009621917623, 31.768924383289505 ] ] ] } },
{ "type": "Feature", "properties": { "pidn": "S81299901102725", "district": 5, "zonelabel": "R-3A", "state_cd_clean": "F1", "use_desc": "COMM,ANY COMM OTHR THAN F2-F9", "targetlotarea": 30916, "existing_units": 0, "footprint_sqft": 2219.21997, "interior_sqft": 2219.21997, "coverage_pct": 0.071782247703454524, "in_corridor": false, "in_historic": false, "context_type": "Suburban" }, "geometry": { "type": "Polygon", "coordinates": [ [ [ -106.267346112387031, 31.769701414835762 ], [ -106.267388268857857, 31.769701808459935 ], [ -106.267384589213719, 31.769419319430703 ], [ -106.266419333919416, 31.769408398290491 ], [ -106.266422547520904, 31.769631233755234 ], [ -106.266424703627663, 31.76969280522427 ], [ -106.267080308547094, 31.769698931541164 ], [ -106.267316540513391, 31.7697011380703 ], [ -106.267346112387031, 31.769701414835762 ] ] ] } },
{ "type": "Feature", "properties": { "pidn": "S81299904600260", "district": 5, "zonelabel": "R-3A", "state_cd_clean": "F1", "use_desc": "COMM,ANY COMM OTHR THAN F2-F9", "targetlotarea": 43548, "existing_units": 0, "footprint_sqft": 2955.1001, "interior_sqft": 2955.1001, "coverage_pct": 0.067858457334435573, "in_corridor": false, "in_historic": false, "context_type": "Suburban" }, "geometry": { "type": "Polygon", "coordinates": [ [ [ -106.256580241311866, 31.770292860068203 ], [ -106.257119806383997, 31.770717530834251 ], [ -106.257536231565339, 31.7703313811407 ], [ -106.256996666768487, 31.769906711135366 ], [ -106.256580241311866, 31.770292860068203 ] ] ] } },
{ "type": "Feature", "properties": { "pidn": "S81299901102725", "district": 5, "zonelabel": "R-3A", "state_cd_clean": "F1", "use_desc": "COMM,ANY COMM OTHR THAN F2-F9", "targetlotarea": 91404, "existing_units": 0, "footprint_sqft": 2219.21997, "interior_sqft": 2219.21997, "coverage_pct": 0.024279243468557175, "in_corridor": false, "in_historic": false, "context_type": "Suburban" }, "geometry": { "type": "Polygon", "coordinates": [ [ [ -106.267357007357035, 31.770538277026585 ], [ -106.267399158024205, 31.770538216637487 ], [ -106.267399156770537, 31.770538179664996 ], [ -106.267391360581897, 31.76993930156442 ], [ -106.267389586099881, 31.769803060774329 ], [ -106.267388268857857, 31.769701808459935 ], [ -106.267346112387031, 31.769701414835762 ], [ -106.267316540513391, 31.7697011380703 ], [ -106.267080308547094, 31.769698931541164 ], [ -106.266424703627663, 31.76969280522427 ], [ -106.266429368181491, 31.769922432209079 ], [ -106.26643186270968, 31.770054450328654 ], [ -106.266434689518903, 31.770204203154293 ], [ -106.266437274586806, 31.770341104146588 ], [ -106.266441023626214, 31.770539601961374 ], [ -106.267331646646653, 31.770538314834944 ], [ -106.267357007357035, 31.770538277026585 ] ] ] } },
{ "type": "Feature", "properties": { "pidn": "T28799926506700", "district": 5, "zonelabel": "C-2", "state_cd_clean": "A1", "use_desc": "REAL, RESIDENTIAL, SINGLE-FAMILY", "targetlotarea": 570404, "existing_units": 1, "footprint_sqft": 0.0, "interior_sqft": 0.0, "coverage_pct": 0.0, "in_corridor": false, "in_historic": false, "context_type": "Suburban" }, "geometry": { "type": "Polygon", "coordinates": [ [ [ -106.233319556851825, 31.772246256020448 ], [ -106.233411809239215, 31.772246317849834 ], [ -106.233384240976548, 31.769691640193148 ], [ -106.233382546842691, 31.769534403797007 ], [ -106.233382156258259, 31.769498329863119 ], [ -106.230166364484532, 31.769496930120336 ], [ -106.230167921343906, 31.769642697146256 ], [ -106.230170915549849, 31.769922978855426 ], [ -106.230172511054164, 31.77007232960192 ], [ -106.230173947728687, 31.770206935527046 ], [ -106.230175298675221, 31.770333301400544 ], [ -106.230176649569373, 31.770459666367206 ], [ -106.230177724833581, 31.770560503715 ], [ -106.230325648563394, 31.770560570237535 ], [ -106.230473570129078, 31.770560635787007 ], [ -106.230621491694947, 31.770560701168467 ], [ -106.230769413316935, 31.770560767282458 ], [ -106.230926982908102, 31.770560836579143 ], [ -106.231074904530516, 31.770560902346126 ], [ -106.231222826097223, 31.770560967044396 ], [ -106.231370747720064, 31.770561032475296 ], [ -106.231518670341345, 31.770561096789795 ], [ -106.231676238879388, 31.770561165227583 ], [ -106.231824160502853, 31.770561230143404 ], [ -106.231972082070556, 31.770561293990532 ], [ -106.232120003694405, 31.770561358570276 ], [ -106.232267925262533, 31.770561422081361 ], [ -106.232428815566081, 31.770561491615748 ], [ -106.232433208431715, 31.770971847400499 ], [ -106.232437639980461, 31.771385649586399 ], [ -106.232443257169791, 31.771910363218787 ], [ -106.232446848019521, 31.772245670159197 ], [ -106.232545326459402, 31.772245736577609 ], [ -106.232935315755697, 31.77224599884768 ], [ -106.233319556851825, 31.772246256020448 ] ] ] } },
{ "type": "Feature", "properties": { "pidn": "X57999924701050", "district": 5, "zonelabel": "C-2", "state_cd_clean": "C10", "use_desc": "REAL, VACANT PLATTED COMMERCIAL LOT", "targetlotarea": 44791, "existing_units": 0, "footprint_sqft": 0.0, "interior_sqft": 0.0, "coverage_pct": 0.0, "in_corridor": false, "in_historic": false, "context_type": "Suburban" }, "geometry": { "type": "Polygon", "coordinates": [ [ [ -106.233411809239215, 31.772246317849834 ], [ -106.23355633560999, 31.772246413879159 ], [ -106.233550721119045, 31.771722608529259 ], [ -106.233527611030013, 31.769566407927272 ], [ -106.233526277718283, 31.769554563989402 ], [ -106.233522571120218, 31.769543095024066 ], [ -106.233516603500107, 31.769532344554865 ], [ -106.233508553470926, 31.769522635033294 ], [ -106.233498663270254, 31.769514258027307 ], [ -106.233471038311748, 31.769504319123747 ], [ -106.233441913672422, 31.769498265843453 ], [ -106.233412031544361, 31.769496252378858 ], [ -106.233382156258259, 31.769498329863119 ], [ -106.233382546842691, 31.769534403797007 ], [ -106.233384240976548, 31.769691640193148 ], [ -106.233411809239215, 31.772246317849834 ] ] ] } },
{ "type": "Feature", "properties": { "pidn": "V63999900701500", "district": 5, "zonelabel": "R-3A", "state_cd_clean": "A1", "use_desc": "REAL, RESIDENTIAL, SINGLE-FAMILY", "targetlotarea": 132992, "existing_units": 1, "footprint_sqft": 0.0, "interior_sqft": 0.0, "coverage_pct": 0.0, "in_corridor": false, "in_historic": false, "context_type": "Suburban" }, "geometry": { "type": "Polygon", "coordinates": [ [ [ -106.249664669477937, 31.772608281623032 ], [ -106.24967492555551, 31.77260755418715 ], [ -106.249684915427892, 31.772605438966441 ], [ -106.249694382507116, 31.772601991884699 ], [ -106.249703085874273, 31.772597299763504 ], [ -106.249710802500516, 31.772591482027693 ], [ -106.249717334514074, 31.772584688568578 ], [ -106.249722517241395, 31.772577093055887 ], [ -106.249728438987887, 31.772531699402723 ], [ -106.249727476060883, 31.772486031800906 ], [ -106.249725452208622, 31.771876699924704 ], [ -106.249367690530164, 31.771877567524488 ], [ -106.249118515055144, 31.771878170172275 ], [ -106.248952978772621, 31.771878570855854 ], [ -106.248787441434473, 31.771878971376974 ], [ -106.248621904094918, 31.771879371687618 ], [ -106.248456366754013, 31.771879771787827 ], [ -106.248290829355568, 31.771880170776981 ], [ -106.24812529206794, 31.77188057135692 ], [ -106.2481160905363, 31.771880593231103 ], [ -106.248116565420432, 31.772024128079458 ], [ -106.248117039364004, 31.772167664768933 ], [ -106.248117514307111, 31.772311200501733 ], [ -106.248117988197393, 31.772454736274394 ], [ -106.248118508835176, 31.772612021343587 ], [ -106.249664669477937, 31.772608281623032 ] ] ] } },
{ "type": "Feature", "properties": { "pidn": "S81299904600260", "district": 5, "zonelabel": "R-3A", "state_cd_clean": "F1", "use_desc": "COMM,ANY COMM OTHR THAN F2-F9", "targetlotarea": 320756, "existing_units": 0, "footprint_sqft": 2955.1001, "interior_sqft": 2955.1001, "coverage_pct": 0.0092129222836049834, "in_corridor": false, "in_historic": false, "context_type": "Suburban" }, "geometry": { "type": "Polygon", "coordinates": [ [ [ -106.255994465730922, 31.772491339796598 ], [ -106.256010183831165, 31.772507110448888 ], [ -106.256028670957036, 31.772520511590209 ], [ -106.256049443270186, 31.772531193146019 ], [ -106.256071960000526, 31.772538875370742 ], [ -106.256095631387893, 31.772543357517925 ], [ -106.256111398016841, 31.772541314771576 ], [ -106.25612659979754, 31.772537199703571 ], [ -106.256140867820633, 31.772531114909576 ], [ -106.256143482490188, 31.772528694623183 ], [ -106.256146159867015, 31.772526211873373 ], [ -106.256151503641917, 31.772521256808144 ], [ -106.256173615183286, 31.772500751839111 ], [ -106.256731035370748, 31.771983872770416 ], [ -106.256810429519959, 31.771910253015648 ], [ -106.25697793798102, 31.771754925874095 ], [ -106.25764819733746, 31.771133403134954 ], [ -106.257119806383997, 31.770717530834251 ], [ -106.256580241311866, 31.770292860068203 ], [ -106.255695333124436, 31.771113413593906 ], [ -106.255081686333327, 31.771682424869397 ], [ -106.25507471410414, 31.771695357552975 ], [ -106.255070334699738, 31.771709096141414 ], [ -106.255068669460528, 31.771723263913849 ], [ -106.255069763867567, 31.771737471345386 ], [ -106.255073588441036, 31.771751330516995 ], [ -106.255080036968522, 31.77176446061479 ], [ -106.255088932618818, 31.771776501199575 ], [ -106.255100032832388, 31.771787122821561 ], [ -106.255994465730922, 31.772491339796598 ] ] ] } },
{ "type": "Feature", "properties": { "pidn": "S81299900000200", "district": 5, "zonelabel": "A-O", "state_cd_clean": "XV-C", "use_desc": "COMMERCIAL public, religous, charitable, misc", "targetlotarea": 115746, "existing_units": 0, "footprint_sqft": 0.0, "interior_sqft": 0.0, "coverage_pct": 0.0, "in_corridor": false, "in_historic": false, "context_type": "Suburban" }, "geometry": { "type": "Polygon", "coordinates": [ [ [ -106.254477708243101, 31.772394327400029 ], [ -106.254744773739674, 31.772604528996691 ], [ -106.254809237353726, 31.772655048164509 ], [ -106.254753090018852, 31.772706984860783 ], [ -106.254751009938033, 31.772708908433156 ], [ -106.255398331506854, 31.773219632079076 ], [ -106.255450887209022, 31.773261096971151 ], [ -106.255998269507614, 31.772754768601715 ], [ -106.256006374827962, 31.77274591713638 ], [ -106.256012683309521, 31.772736055556642 ], [ -106.25601702741838, 31.772725447083644 ], [ -106.256019289631837, 31.772714377046917 ], [ -106.256019410029012, 31.772703138991503 ], [ -106.25601738523666, 31.772692034725605 ], [ -106.256013269694989, 31.772681360716092 ], [ -106.256007173155453, 31.772671401879755 ], [ -106.255999258179344, 31.772662425375447 ], [ -106.255997798764966, 31.77266106211869 ], [ -106.255993750346278, 31.772657632894447 ], [ -106.255092887949957, 31.771946870752611 ], [ -106.255049213335141, 31.771987270106528 ], [ -106.255010539694823, 31.771956757071386 ], [ -106.255001924513408, 31.771949959189662 ], [ -106.254956442764822, 31.771951502934005 ], [ -106.25494059013873, 31.771966166571108 ], [ -106.254477708243101, 31.772394327400029 ] ] ] } },
{ "type": "Feature", "properties": { "pidn": "V63999900501400", "district": 5, "zonelabel": "R-3A", "state_cd_clean": "A1", "use_desc": "REAL, RESIDENTIAL, SINGLE-FAMILY", "targetlotarea": 109295, "existing_units": 1, "footprint_sqft": 0.0, "interior_sqft": 0.0, "coverage_pct": 0.0, "in_corridor": false, "in_historic": false, "context_type": "Suburban" }, "geometry": { "type": "Polygon", "coordinates": [ [ [ -106.250070709131577, 31.772490801381991 ], [ -106.250075289262938, 31.772601804008595 ], [ -106.250087410013535, 31.772712392326884 ], [ -106.250107031137674, 31.772822191550613 ], [ -106.250134086257916, 31.772930831693522 ], [ -106.250168483862581, 31.773037946620768 ], [ -106.250210108247373, 31.773143172199592 ], [ -106.2502588179117, 31.773246154501219 ], [ -106.250314448496596, 31.773346546054238 ], [ -106.250376812784125, 31.773444005845047 ], [ -106.250445699037869, 31.773538206618706 ], [ -106.25052087599326, 31.773628830135976 ], [ -106.250602088696283, 31.773715568266354 ], [ -106.250689063169574, 31.773798130001033 ], [ -106.250694925723408, 31.77379077267096 ], [ -106.250741104086629, 31.773728149094985 ], [ -106.250782533116961, 31.773663146760953 ], [ -106.250817233359101, 31.773599559551062 ], [ -106.250847452926962, 31.773534324669736 ], [ -106.250872122965404, 31.773470138790529 ], [ -106.250892394241646, 31.773404838898252 ], [ -106.250908411051199, 31.773337601979268 ], [ -106.250919762804216, 31.773269676809559 ], [ -106.250926388147391, 31.773201690262024 ], [ -106.250928339110672, 31.773133527076627 ], [ -106.250928340970006, 31.773133489059489 ], [ -106.250928340889217, 31.773133453840131 ], [ -106.250928340752353, 31.773133417720114 ], [ -106.250928340671564, 31.773133382500738 ], [ -106.250928340590818, 31.773133347281316 ], [ -106.250928340510086, 31.77313331206194 ], [ -106.250928331584205, 31.773131930640062 ], [ -106.250927347784852, 31.772995887013298 ], [ -106.25092635346617, 31.772858402421576 ], [ -106.250925360204562, 31.772720917774429 ], [ -106.250924365891663, 31.77258343316787 ], [ -106.250923371637754, 31.772445949454482 ], [ -106.250922378440919, 31.77230846568574 ], [ -106.250915940004901, 31.772308498445842 ], [ -106.250748568044983, 31.772309382267231 ], [ -106.250581197080095, 31.772310264924997 ], [ -106.250413825057862, 31.772311147415561 ], [ -106.250246453032545, 31.772312029690944 ], [ -106.25006942451563, 31.772312962581932 ], [ -106.250070709131577, 31.772490801381991 ] ] ] } },
{ "type": "Feature", "properties": { "pidn": "V63999900600700", "district": 5, "zonelabel": "R-3A", "state_cd_clean": "XV-C", "use_desc": "COMMERCIAL public, religous, charitable, misc", "targetlotarea": 132130, "existing_units": 0, "footprint_sqft": 0.0, "interior_sqft": 0.0, "coverage_pct": 0.0, "in_corridor": false, "in_historic": false, "context_type": "Suburban" }, "geometry": { "type": "Polygon", "coordinates": [ [ [ -106.249286535147732, 31.774002838406947 ], [ -106.249360550229426, 31.774134465306155 ], [ -106.250084033644725, 31.773699633907171 ], [ -106.250092265438184, 31.773693752082323 ], [ -106.250099239056766, 31.773686783182058 ], [ -106.250104760487801, 31.773678922080457 ], [ -106.250108676240643, 31.773670386193562 ], [ -106.250110878505524, 31.77366141343877 ], [ -106.250111304536247, 31.773652252328091 ], [ -106.250109943861275, 31.773643158930707 ], [ -106.25010683328091, 31.773634384456216 ], [ -106.250035860680569, 31.773527244977096 ], [ -106.249971761477752, 31.773416988565646 ], [ -106.249914724816051, 31.773303936280321 ], [ -106.249864915039836, 31.773188418434778 ], [ -106.249822478905983, 31.773070771560683 ], [ -106.249787538260264, 31.772951339643416 ], [ -106.249760197193254, 31.772830470184136 ], [ -106.249757817761108, 31.7728220779011 ], [ -106.249753929601994, 31.772814108269266 ], [ -106.249748629400671, 31.772806755585524 ], [ -106.249742046959511, 31.772800202706041 ], [ -106.249734344580972, 31.772794611139307 ], [ -106.24972571373678, 31.772790118488565 ], [ -106.249716365355326, 31.772786835280584 ], [ -106.249706530707613, 31.772784842216133 ], [ -106.249696451807097, 31.772784188800212 ], [ -106.248602787083414, 31.77278683583042 ], [ -106.248999754935653, 31.773492821802659 ], [ -106.249071449742189, 31.773620326697955 ], [ -106.249143144628874, 31.773747829746199 ], [ -106.249214840874401, 31.773875334501842 ], [ -106.249286535147732, 31.774002838406947 ] ] ] } },
{ "type": "Feature", "properties": { "pidn": null, "district": 5, "zonelabel": "C-1", "state_cd_clean": null, "use_desc": "Unknown", "targetlotarea": 102371, "existing_units": 0, "footprint_sqft": 0.0, "interior_sqft": 0.0, "coverage_pct": 0.0, "in_corridor": false, "in_historic": false, "context_type": "Suburban" }, "geometry": { "type": "Polygon", "coordinates": [ [ [ -106.254113180507446, 31.773278630027036 ], [ -106.254072100701137, 31.773316627710802 ], [ -106.254069873653734, 31.773318687110716 ], [ -106.254585685618281, 31.773725668027343 ], [ -106.254637302834979, 31.773766393817578 ], [ -106.254228654741496, 31.774144422238724 ], [ -106.254225694085818, 31.77414716168807 ], [ -106.25431882980304, 31.77422057354303 ], [ -106.254369962002798, 31.774260877159776 ], [ -106.254369857037261, 31.77426097405905 ], [ -106.254369929105394, 31.774260959941135 ], [ -106.255450887209022, 31.773261096971151 ], [ -106.255398331506854, 31.773219632079076 ], [ -106.254751009938033, 31.772708908433156 ], [ -106.254125004197064, 31.773287950770136 ], [ -106.254113180507446, 31.773278630027036 ] ] ] } },
{ "type": "Feature", "properties": { "pidn": "V63999900200100", "district": 5, "zonelabel": "R-3A", "state_cd_clean": "F1", "use_desc": "COMM,ANY COMM OTHR THAN F2-F9", "targetlotarea": 52914, "existing_units": 0, "footprint_sqft": 0.0, "interior_sqft": 0.0, "coverage_pct": 0.0, "in_corridor": false, "in_historic": false, "context_type": "Suburban" }, "geometry": { "type": "Polygon", "coordinates": [ [ [ -106.251135162427843, 31.774143382349678 ], [ -106.251853300961528, 31.77469928086521 ], [ -106.251844123001504, 31.774182072931847 ], [ -106.251836832161814, 31.773771248455652 ], [ -106.251378687560106, 31.773631345023741 ], [ -106.251340982141954, 31.773724293409668 ], [ -106.25129664642914, 31.773815081386861 ], [ -106.251245848117904, 31.77390336353962 ], [ -106.251188780938179, 31.77398880500834 ], [ -106.251125660380779, 31.774071080781038 ], [ -106.251120433137999, 31.774078691015607 ], [ -106.25111669690574, 31.774086917115003 ], [ -106.251114549579881, 31.774095548706882 ], [ -106.251114045932681, 31.77410436202679 ], [ -106.251115198230423, 31.774113129824858 ], [ -106.251117977736413, 31.774121628522519 ], [ -106.25112231149231, 31.77412963745601 ], [ -106.251128089485405, 31.774136952097475 ], [ -106.251135162427843, 31.774143382349678 ] ] ] } },
{ "type": "Feature", "properties": { "pidn": "V63999900200100", "district": 5, "zonelabel": "C-1", "state_cd_clean": "F1", "use_desc": "COMM,ANY COMM OTHR THAN F2-F9", "targetlotarea": 11730, "existing_units": 0, "footprint_sqft": 0.0, "interior_sqft": 0.0, "coverage_pct": 0.0, "in_corridor": false, "in_historic": false, "context_type": "Suburban" }, "geometry": { "type": "Polygon", "coordinates": [ [ [ -106.251853300961528, 31.77469928086521 ], [ -106.251855833645067, 31.774701241095265 ], [ -106.251856898061703, 31.774712362896356 ], [ -106.25186009722097, 31.774723182563939 ], [ -106.251865341793788, 31.774733403411119 ], [ -106.251872489470585, 31.774742743805216 ], [ -106.251881342528634, 31.774750949019896 ], [ -106.251902496415028, 31.774767599080135 ], [ -106.25189682710247, 31.774757721790188 ], [ -106.25189307443695, 31.774747198251163 ], [ -106.251891335551647, 31.774736297700255 ], [ -106.251891654318612, 31.774725299926111 ], [ -106.251894022896082, 31.774714486166761 ], [ -106.251898380393385, 31.774704134654598 ], [ -106.251904615303985, 31.774694508764739 ], [ -106.251912567557937, 31.77468585601839 ], [ -106.252223006092336, 31.774398737512339 ], [ -106.252178492605964, 31.774374300257747 ], [ -106.25184427806829, 31.774190818357457 ], [ -106.251853300961528, 31.77469928086521 ] ] ] } },
{ "type": "Feature", "properties": { "pidn": "P10099900100100", "district": 5, "zonelabel": "R-5", "state_cd_clean": "F1", "use_desc": "COMM,ANY COMM OTHR THAN F2-F9", "targetlotarea": 135579, "existing_units": 0, "footprint_sqft": 42203.33834, "interior_sqft": 84406.67668, "coverage_pct": 0.31128226598514519, "in_corridor": false, "in_historic": false, "context_type": "Suburban" }, "geometry": { "type": "Polygon", "coordinates": [ [ [ -106.255274570821243, 31.77498803325236 ], [ -106.255301985414192, 31.775009668624634 ], [ -106.255473257184917, 31.774848751914842 ], [ -106.255723926814369, 31.774613235072675 ], [ -106.255798251572187, 31.774545771633399 ], [ -106.255907496395423, 31.77444661438113 ], [ -106.256137005625689, 31.774238296657572 ], [ -106.256273407099954, 31.77411448833703 ], [ -106.255540539542295, 31.773541418243248 ], [ -106.255523095987655, 31.773557697853171 ], [ -106.254582767798638, 31.774435271998083 ], [ -106.254582738854694, 31.774435299507015 ], [ -106.255274570821243, 31.77498803325236 ] ] ] } },
{ "type": "Feature", "properties": { "pidn": "V63999900100200", "district": 5, "zonelabel": "R-3A", "state_cd_clean": "F1", "use_desc": "COMM,ANY COMM OTHR THAN F2-F9", "targetlotarea": 143354, "existing_units": 0, "footprint_sqft": 0.0, "interior_sqft": 0.0, "coverage_pct": 0.0, "in_corridor": false, "in_historic": false, "context_type": "Suburban" }, "geometry": { "type": "Polygon", "coordinates": [ [ [ -106.25055632568737, 31.775203618592741 ], [ -106.250619901281667, 31.775266310421518 ], [ -106.251269241909313, 31.774658167148711 ], [ -106.250572318845471, 31.774115066497981 ], [ -106.250490143432742, 31.774048153036194 ], [ -106.250411478641695, 31.773978228592775 ], [ -106.250336474495029, 31.773905427242653 ], [ -106.250265276135849, 31.773829889604606 ], [ -106.250257908759878, 31.773823008477805 ], [ -106.250249285971123, 31.773817289910504 ], [ -106.250239656970422, 31.773812898683708 ], [ -106.250229297009184, 31.773809959557916 ], [ -106.250218505337173, 31.773808558269586 ], [ -106.25020759104838, 31.773808734949931 ], [ -106.250196868864194, 31.773810484316538 ], [ -106.25018664753722, 31.773813756200745 ], [ -106.250177219308625, 31.773818456027207 ], [ -106.249456861892114, 31.774251408979943 ], [ -106.249510681517222, 31.774314735532897 ], [ -106.249566380359411, 31.77437686482261 ], [ -106.249667103573174, 31.774481326637805 ], [ -106.24977413891996, 31.774582687993917 ], [ -106.2498871046989, 31.774680388216421 ], [ -106.250005217419513, 31.774774188364283 ], [ -106.250125182731438, 31.774867667529431 ], [ -106.2502581625495, 31.774971286862559 ], [ -106.250391938302798, 31.775075526461286 ], [ -106.250527266724418, 31.77518097598476 ], [ -106.25055632568737, 31.775203618592741 ] ] ] } },
{ "type": "Feature", "properties": { "pidn": "P10099900100100", "district": 5, "zonelabel": "R-5", "state_cd_clean": "F1", "use_desc": "COMM,ANY COMM OTHR THAN F2-F9", "targetlotarea": 42558, "existing_units": 0, "footprint_sqft": 42203.33834, "interior_sqft": 84406.67668, "coverage_pct": 0.99166639268762635, "in_corridor": false, "in_historic": false, "context_type": "Suburban" }, "geometry": { "type": "Polygon", "coordinates": [ [ [ -106.254275674708424, 31.774721865763574 ], [ -106.255005985264816, 31.77528777340277 ], [ -106.255072695084962, 31.775225096070702 ], [ -106.255150049141506, 31.775152419432136 ], [ -106.255232951878313, 31.775074529127874 ], [ -106.255301985414192, 31.775009668624634 ], [ -106.255274570821243, 31.77498803325236 ], [ -106.254582738854694, 31.774435299507015 ], [ -106.254582710965011, 31.774435326967922 ], [ -106.254368318590167, 31.774635406971477 ], [ -106.254275674708424, 31.774721865763574 ] ] ] } },
{ "type": "Feature", "properties": { "pidn": "S12599900100200", "district": 5, "zonelabel": "C-3", "state_cd_clean": "F1", "use_desc": "COMM,ANY COMM OTHR THAN F2-F9", "targetlotarea": 50143, "existing_units": 0, "footprint_sqft": 3577.21997, "interior_sqft": 7154.43994, "coverage_pct": 0.071340365953373355, "in_corridor": false, "in_historic": false, "context_type": "Suburban" }, "geometry": { "type": "Polygon", "coordinates": [ [ [ -106.25324049639147, 31.775905997378384 ], [ -106.253714127093914, 31.776266220210118 ], [ -106.254155225057787, 31.775865872575018 ], [ -106.25354617733764, 31.775402657380596 ], [ -106.253225739029745, 31.775701697741212 ], [ -106.253152394386007, 31.775785447623576 ], [ -106.253150088382284, 31.775795855751884 ], [ -106.253149680726594, 31.775806443027243 ], [ -106.253151183274937, 31.775816958736204 ], [ -106.253154559219141, 31.77582715166989 ], [ -106.253159727977874, 31.775836780739905 ], [ -106.253166567417253, 31.775845616683025 ], [ -106.253174915410582, 31.775853450119001 ], [ -106.25324049639147, 31.775905997378384 ] ] ] } },
{ "type": "Feature", "properties": { "pidn": "T28799925200980", "district": 5, "zonelabel": "S-D", "state_cd_clean": "A1", "use_desc": "REAL, RESIDENTIAL, SINGLE-FAMILY", "targetlotarea": 238086, "existing_units": 1, "footprint_sqft": 0.0, "interior_sqft": 0.0, "coverage_pct": 0.0, "in_corridor": false, "in_historic": false, "context_type": "Suburban" }, "geometry": { "type": "Polygon", "coordinates": [ [ [ -106.216864563848077, 31.777920442700708 ], [ -106.218515792197721, 31.777913247433368 ], [ -106.218514330582593, 31.77766868547204 ], [ -106.218512875976174, 31.777425327959179 ], [ -106.218512111149948, 31.777297492379496 ], [ -106.218511345327343, 31.777169657741744 ], [ -106.218510582613845, 31.77704182205386 ], [ -106.218509817849622, 31.776913987355531 ], [ -106.218509051977378, 31.776786151797904 ], [ -106.218508194410305, 31.776642612966111 ], [ -106.216923944770272, 31.776649516648362 ], [ -106.216911259641876, 31.776650430799044 ], [ -106.216898900399897, 31.776653038047751 ], [ -106.216887176096463, 31.776657275648528 ], [ -106.216876378233181, 31.776663036492518 ], [ -106.21686677699077, 31.776670176502957 ], [ -106.216858610965303, 31.776678519615565 ], [ -106.216852082839438, 31.776687856167669 ], [ -106.216847356889346, 31.776697953848711 ], [ -106.21684455071798, 31.776708560783472 ], [ -106.216843733648503, 31.776719413732874 ], [ -106.216864563848077, 31.777920442700708 ] ] ] } },
{ "type": "Feature", "properties": { "pidn": "S12599900100500", "district": 5, "zonelabel": "R-5", "state_cd_clean": "F1", "use_desc": "COMM,ANY COMM OTHR THAN F2-F9", "targetlotarea": 115220, "existing_units": 0, "footprint_sqft": 3682.81006, "interior_sqft": 3682.81006, "coverage_pct": 0.031963288144419372, "in_corridor": false, "in_historic": false, "context_type": "Suburban" }, "geometry": { "type": "Polygon", "coordinates": [ [ [ -106.253714127093914, 31.776266220210118 ], [ -106.253853996442686, 31.776372597803402 ], [ -106.254519439961967, 31.775756852022141 ], [ -106.254603129906641, 31.775679548630798 ], [ -106.254841752067506, 31.775459131040325 ], [ -106.255017554551713, 31.775296738971118 ], [ -106.255005985264816, 31.77528777340277 ], [ -106.254275674708424, 31.774721865763574 ], [ -106.254267677048105, 31.774729329467004 ], [ -106.253636710460398, 31.775318170197078 ], [ -106.25354617733764, 31.775402657380596 ], [ -106.254155225057787, 31.775865872575018 ], [ -106.253714127093914, 31.776266220210118 ] ] ] } },
{ "type": "Feature", "properties": { "pidn": "T28799910100100", "district": 5, "zonelabel": "C-1", "state_cd_clean": "F1", "use_desc": "COMM,ANY COMM OTHR THAN F2-F9", "targetlotarea": 64499, "existing_units": 0, "footprint_sqft": 0.0, "interior_sqft": 0.0, "coverage_pct": 0.0, "in_corridor": false, "in_historic": false, "context_type": "Suburban" }, "geometry": { "type": "Polygon", "coordinates": [ [ [ -106.251850230744012, 31.776459594728983 ], [ -106.251850912739329, 31.776508777506322 ], [ -106.251884854056257, 31.776477308291938 ], [ -106.252189868368205, 31.776194512136815 ], [ -106.25260684323932, 31.775807908970386 ], [ -106.252613694854759, 31.775800323216959 ], [ -106.252618900231781, 31.775791836957524 ], [ -106.252622301971158, 31.775782706624643 ], [ -106.252623795904384, 31.775773211517265 ], [ -106.252623336464467, 31.775763638202612 ], [ -106.252620938682156, 31.7757542786191 ], [ -106.252616675235174, 31.775745416663398 ], [ -106.252610675056673, 31.775737322834363 ], [ -106.252603120384649, 31.775730240820639 ], [ -106.251831347837424, 31.775096199374691 ], [ -106.251831720065681, 31.775123081111769 ], [ -106.251831807648841, 31.775129370312658 ], [ -106.251833064468386, 31.775220200349583 ], [ -106.251846010746647, 31.776154846435123 ], [ -106.251848957678348, 31.77636760582336 ], [ -106.251848959163027, 31.776367663557718 ], [ -106.251849144352619, 31.776381047111485 ], [ -106.251850230744012, 31.776459594728983 ] ] ] } },
{ "type": "Feature", "properties": { "pidn": "X57999924500375", "district": 5, "zonelabel": "C-1", "state_cd_clean": "C10", "use_desc": "REAL, VACANT PLATTED COMMERCIAL LOT", "targetlotarea": 85860, "existing_units": 0, "footprint_sqft": 0.0, "interior_sqft": 0.0, "coverage_pct": 0.0, "in_corridor": false, "in_historic": false, "context_type": "Suburban" }, "geometry": { "type": "Polygon", "coordinates": [ [ [ -106.26430078922651, 31.776196611994276 ], [ -106.264311098346113, 31.776197625003409 ], [ -106.264321464226953, 31.776197211140442 ], [ -106.264331618976541, 31.776195380811952 ], [ -106.264341297009267, 31.776192181348886 ], [ -106.264350247697251, 31.776187696430213 ], [ -106.264358239306148, 31.776182041387088 ], [ -106.26436506537712, 31.776175363815614 ], [ -106.26437054644127, 31.776167837176054 ], [ -106.264374542389447, 31.776159655713379 ], [ -106.264376949140683, 31.77615103189963 ], [ -106.264377703575803, 31.776142190789816 ], [ -106.26437200179555, 31.775533556274603 ], [ -106.264021005417362, 31.775535951469859 ], [ -106.263696688025476, 31.775538167306749 ], [ -106.263375532508391, 31.775540360137551 ], [ -106.263029210529893, 31.775542724736852 ], [ -106.263021244715304, 31.775923055272269 ], [ -106.26302180268631, 31.775986934713547 ], [ -106.263023464135472, 31.77599875811568 ], [ -106.263027489722461, 31.776010160366283 ], [ -106.263033756471643, 31.776020797547584 ], [ -106.263042077505958, 31.776030352136253 ], [ -106.263052203382813, 31.776038537458593 ], [ -106.263063830092079, 31.776045107260828 ], [ -106.263076610217851, 31.776049865134862 ], [ -106.263090158490485, 31.776052668781638 ], [ -106.263246877112721, 31.776053468826969 ], [ -106.263403464517864, 31.776058989159363 ], [ -106.263559726845401, 31.776069223263434 ], [ -106.263747118390754, 31.776091364300946 ], [ -106.263933298763504, 31.77612000975105 ], [ -106.264117957332061, 31.776155111463247 ], [ -106.26430078922651, 31.776196611994276 ] ] ] } },
{ "type": "Feature", "properties": { "pidn": "P65199900200100", "district": 5, "zonelabel": "R-3A", "state_cd_clean": "C10", "use_desc": "REAL, VACANT PLATTED COMMERCIAL LOT", "targetlotarea": 502814, "existing_units": 0, "footprint_sqft": 0.0, "interior_sqft": 0.0, "coverage_pct": 0.0, "in_corridor": false, "in_historic": false, "context_type": "Suburban" }, "geometry": { "type": "Polygon", "coordinates": [ [ [ -106.266405753031535, 31.7762354435419 ], [ -106.267082200636011, 31.776235417345642 ], [ -106.267081982401535, 31.776214790061434 ], [ -106.267321565496189, 31.776020348129801 ], [ -106.267394640978196, 31.773432554429103 ], [ -106.267392468621281, 31.773420379540127 ], [ -106.267347420084334, 31.773420646110168 ], [ -106.266437547156343, 31.773426019872371 ], [ -106.266425764467556, 31.773426088498482 ], [ -106.265954200524277, 31.773424492924889 ], [ -106.265835414359344, 31.773424089880159 ], [ -106.265774081460791, 31.77342388284676 ], [ -106.265763528170766, 31.773423847482981 ], [ -106.265736887926522, 31.77342375724275 ], [ -106.265736936970242, 31.773428450544468 ], [ -106.265736956326663, 31.773430283080277 ], [ -106.265737982788991, 31.77353949717223 ], [ -106.265740342686726, 31.773790653664566 ], [ -106.26574192795141, 31.773959433766759 ], [ -106.265742987229729, 31.774072218344177 ], [ -106.265744098480411, 31.774190504413077 ], [ -106.265745261703927, 31.77431429197275 ], [ -106.265746320990132, 31.774427076534412 ], [ -106.265746491732514, 31.774545369348516 ], [ -106.265747742433163, 31.774663653552714 ], [ -106.265749051545342, 31.774787440759404 ], [ -106.26575024395629, 31.774900223745743 ], [ -106.265751493724579, 31.775018509782658 ], [ -106.265752801735999, 31.775142296119508 ], [ -106.26575399526638, 31.775255079942642 ], [ -106.265755245310388, 31.77537335330662 ], [ -106.265756553665597, 31.775497077292844 ], [ -106.265757744953859, 31.775609825076383 ], [ -106.265758994849705, 31.775728045144568 ], [ -106.265760303162025, 31.775851835949812 ], [ -106.26576149376524, 31.775964488014242 ], [ -106.265762742027306, 31.776082478737965 ], [ -106.265764463043467, 31.776245291639906 ], [ -106.265926009663048, 31.776241016539498 ], [ -106.26593802019417, 31.776232948223512 ], [ -106.265980845211573, 31.776200157813392 ], [ -106.26600597442058, 31.776187881322212 ], [ -106.266028504664277, 31.776172352747245 ], [ -106.266047864363202, 31.776153967547838 ], [ -106.266055663230674, 31.776110614214186 ], [ -106.266055639368318, 31.776066751482212 ], [ -106.266137764385192, 31.776066748163448 ], [ -106.266219818654903, 31.776066746212884 ], [ -106.26621982065268, 31.776126059418438 ], [ -106.266222033370525, 31.776138610893874 ], [ -106.266226739869225, 31.77615065034993 ], [ -106.266233799336618, 31.776161819330923 ], [ -106.266243002786752, 31.7761717850689 ], [ -106.266254073679036, 31.776180250390563 ], [ -106.266266684350953, 31.776186962902411 ], [ -106.266280458689337, 31.776191723900748 ], [ -106.266301888608126, 31.776206686499471 ], [ -106.266325677171864, 31.776218771535508 ], [ -106.266351299162778, 31.77622771214212 ], [ -106.266378189248528, 31.776233310115884 ], [ -106.266405753031535, 31.7762354435419 ] ] ] } },
{ "type": "Feature", "properties": { "pidn": "T28799925200510", "district": 5, "zonelabel": "A-2", "state_cd_clean": "A1", "use_desc": "REAL, RESIDENTIAL, SINGLE-FAMILY", "targetlotarea": 8209, "existing_units": 1, "footprint_sqft": 0.0, "interior_sqft": 0.0, "coverage_pct": 0.0, "in_corridor": false, "in_historic": false, "context_type": "Suburban" }, "geometry": { "type": "Polygon", "coordinates": [ [ [ -106.223838095201657, 31.778235354934864 ], [ -106.223848502576033, 31.778246051983142 ], [ -106.223860916021962, 31.778255052416721 ], [ -106.223874963526939, 31.778262085879334 ], [ -106.22389022277352, 31.778266940287121 ], [ -106.223906233295622, 31.778269470309709 ], [ -106.223922515623428, 31.778269599213356 ], [ -106.22393857894302, 31.778267323029123 ], [ -106.223932372337799, 31.777889498186049 ], [ -106.223794021286992, 31.777890107659672 ], [ -106.223722727101617, 31.777890422014401 ], [ -106.223727873673937, 31.77820378700558 ], [ -106.22375162804785, 31.778204366073854 ], [ -106.223775024629717, 31.778207920030233 ], [ -106.223797556541697, 31.778214373381797 ], [ -106.223818732913983, 31.778223584884937 ], [ -106.223838095201657, 31.778235354934864 ] ] ] } },
{ "type": "Feature", "properties": { "pidn": "T28799925200500", "district": 5, "zonelabel": "A-2", "state_cd_clean": "A1", "use_desc": "REAL, RESIDENTIAL, SINGLE-FAMILY", "targetlotarea": 8936, "existing_units": 1, "footprint_sqft": 0.0, "interior_sqft": 0.0, "coverage_pct": 0.0, "in_corridor": false, "in_historic": false, "context_type": "Suburban" }, "geometry": { "type": "Polygon", "coordinates": [ [ [ -106.22393857894302, 31.778267323029123 ], [ -106.224148197292777, 31.778264810578126 ], [ -106.224142017625752, 31.77788857492073 ], [ -106.224090091188657, 31.777888803683158 ], [ -106.223942055212476, 31.777889456253579 ], [ -106.223932372337799, 31.777889498186049 ], [ -106.22393857894302, 31.778267323029123 ] ] ] } },
{ "type": "Feature", "properties": { "pidn": "T28799925200480", "district": 5, "zonelabel": "A-2", "state_cd_clean": "A1", "use_desc": "REAL, RESIDENTIAL, SINGLE-FAMILY", "targetlotarea": 8898, "existing_units": 1, "footprint_sqft": 0.0, "interior_sqft": 0.0, "coverage_pct": 0.0, "in_corridor": false, "in_historic": false, "context_type": "Suburban" }, "geometry": { "type": "Polygon", "coordinates": [ [ [ -106.224148197292777, 31.778264810578126 ], [ -106.224357817684179, 31.778262296793624 ], [ -106.224351661799417, 31.777887650465058 ], [ -106.224238127162792, 31.777888150944403 ], [ -106.224142017625752, 31.77788857492073 ], [ -106.224148197292777, 31.778264810578126 ] ] ] } },
{ "type": "Feature", "properties": { "pidn": "T28799925200470", "district": 5, "zonelabel": "A-2", "state_cd_clean": "A1", "use_desc": "REAL, RESIDENTIAL, SINGLE-FAMILY", "targetlotarea": 8861, "existing_units": 1, "footprint_sqft": 0.0, "interior_sqft": 0.0, "coverage_pct": 0.0, "in_corridor": false, "in_historic": false, "context_type": "Suburban" }, "geometry": { "type": "Polygon", "coordinates": [ [ [ -106.224357817684179, 31.778262296793624 ], [ -106.224567437066028, 31.778259783620133 ], [ -106.224561307079256, 31.77788672652478 ], [ -106.224534199160857, 31.777886845862668 ], [ -106.224386163190786, 31.777887498938007 ], [ -106.224351661799417, 31.777887650465058 ], [ -106.224357817684179, 31.778262296793624 ] ] ] } },
{ "type": "Feature", "properties": { "pidn": "T28799925200440", "district": 5, "zonelabel": "A-2", "state_cd_clean": "A1", "use_desc": "REAL, RESIDENTIAL, SINGLE-FAMILY", "targetlotarea": 8823, "existing_units": 1, "footprint_sqft": 0.0, "interior_sqft": 0.0, "coverage_pct": 0.0, "in_corridor": false, "in_historic": false, "context_type": "Suburban" }, "geometry": { "type": "Polygon", "coordinates": [ [ [ -106.224567437066028, 31.778259783620133 ], [ -106.224777056380915, 31.778257269208495 ], [ -106.224770952299096, 31.77788580134634 ], [ -106.224682235128881, 31.777886192619061 ], [ -106.224561307079256, 31.77788672652478 ], [ -106.224567437066028, 31.778259783620133 ] ] ] } },
{ "type": "Feature", "properties": { "pidn": "T28799925200440", "district": 5, "zonelabel": "A-2", "state_cd_clean": "A1", "use_desc": "REAL, RESIDENTIAL, SINGLE-FAMILY", "targetlotarea": 9322, "existing_units": 1, "footprint_sqft": 0.0, "interior_sqft": 0.0, "coverage_pct": 0.0, "in_corridor": false, "in_historic": false, "context_type": "Suburban" }, "geometry": { "type": "Polygon", "coordinates": [ [ [ -106.224922178262489, 31.778255528435519 ], [ -106.224936161255727, 31.778254314502107 ], [ -106.224949684653183, 31.778251044152185 ], [ -106.224962338148714, 31.778245818152332 ], [ -106.224973737209467, 31.778238794806537 ], [ -106.224983534505483, 31.778230186728965 ], [ -106.224991434390475, 31.778220255672505 ], [ -106.224997194507154, 31.77820930432766 ], [ -106.225000640986991, 31.778197665699761 ], [ -106.225001669832068, 31.778185691305158 ], [ -106.224996723651955, 31.777884805753402 ], [ -106.224830271150765, 31.777885540107842 ], [ -106.224770952299096, 31.77788580134634 ], [ -106.224777056380915, 31.778257269208495 ], [ -106.224922178262489, 31.778255528435519 ] ] ] } },
{ "type": "Feature", "properties": { "pidn": "V63999900100200", "district": 5, "zonelabel": "C-1", "state_cd_clean": "F1", "use_desc": "COMM,ANY COMM OTHR THAN F2-F9", "targetlotarea": 175241, "existing_units": 0, "footprint_sqft": 0.0, "interior_sqft": 0.0, "coverage_pct": 0.0, "in_corridor": false, "in_historic": false, "context_type": "Suburban" }, "geometry": { "type": "Polygon", "coordinates": [ [ [ -106.251230423600973, 31.77703126126357 ], [ -106.251231145909458, 31.777083385564588 ], [ -106.251386964632545, 31.77693892155348 ], [ -106.251667586694623, 31.776678747720869 ], [ -106.251671561604454, 31.776675061754567 ], [ -106.251675537624365, 31.776671376640838 ], [ -106.251753960989603, 31.776598665329512 ], [ -106.251752467069878, 31.776549635095392 ], [ -106.251747215187933, 31.776368007563434 ], [ -106.251848959163027, 31.776367663557718 ], [ -106.251848957678348, 31.77636760582336 ], [ -106.251846010746647, 31.776154846435123 ], [ -106.251833064468386, 31.775220200349583 ], [ -106.251831807648841, 31.775129370312658 ], [ -106.251831720065681, 31.775123081111769 ], [ -106.251831347837424, 31.775096199374691 ], [ -106.251269241909313, 31.774658167148711 ], [ -106.250619901281667, 31.775266310421518 ], [ -106.250650826266963, 31.775296805962004 ], [ -106.250772005166866, 31.775416298930402 ], [ -106.25086982929038, 31.775512763356097 ], [ -106.250891846207907, 31.775539273797538 ], [ -106.251000667078074, 31.77567030833368 ], [ -106.251111330627225, 31.775803558399002 ], [ -106.251119874869161, 31.775813847741123 ], [ -106.251217378948596, 31.776089005687368 ], [ -106.25122550982563, 31.776676290447771 ], [ -106.251229030304273, 31.776930617522133 ], [ -106.251230423600973, 31.77703126126357 ] ] ] } },
{ "type": "Feature", "properties": { "pidn": "S54199900502000", "district": 5, "zonelabel": "C-1", "state_cd_clean": "A1", "use_desc": "REAL, RESIDENTIAL, SINGLE-FAMILY", "targetlotarea": 154318, "existing_units": 1, "footprint_sqft": 0.0, "interior_sqft": 0.0, "coverage_pct": 0.0, "in_corridor": false, "in_historic": false, "context_type": "Suburban" }, "geometry": { "type": "Polygon", "coordinates": [ [ [ -106.260674836828699, 31.776829383709419 ], [ -106.260685135624456, 31.776836242718321 ], [ -106.260696596958496, 31.776841587450178 ], [ -106.260708919298054, 31.776845279008931 ], [ -106.260721779223985, 31.776847217428497 ], [ -106.260734836434622, 31.776847354088858 ], [ -106.260747748056104, 31.776845683838971 ], [ -106.260760173309023, 31.776842252009356 ], [ -106.260771783657688, 31.776837147627685 ], [ -106.260782275630007, 31.776830505543803 ], [ -106.261242638573947, 31.776537881528704 ], [ -106.26175080816823, 31.776311278381986 ], [ -106.261876645834647, 31.77626006815413 ], [ -106.262005585696869, 31.776214839846652 ], [ -106.262137238744145, 31.776175729493382 ], [ -106.262271208461513, 31.776142854505359 ], [ -106.262407088777408, 31.776116314667508 ], [ -106.262544470332301, 31.776096190949808 ], [ -106.262682938201422, 31.776082542901804 ], [ -106.262695805065192, 31.776080073389345 ], [ -106.262708025886326, 31.776075842354587 ], [ -106.262719275760844, 31.776069963050023 ], [ -106.262729250632106, 31.776062594742488 ], [ -106.262737682598214, 31.776053933886924 ], [ -106.262744347235767, 31.776044212889392 ], [ -106.262749064203987, 31.776033692854153 ], [ -106.262751670493429, 31.775976326393565 ], [ -106.262750785444013, 31.775918921264044 ], [ -106.262758812560534, 31.775535576865217 ], [ -106.262660554407248, 31.775541451440983 ], [ -106.262562919507744, 31.775552565667294 ], [ -106.262533619915857, 31.77555635489669 ], [ -106.262347073589254, 31.77558469820233 ], [ -106.262173521240626, 31.775617722614648 ], [ -106.262001671048779, 31.775656928114856 ], [ -106.261831820517969, 31.77570225418653 ], [ -106.261654751639853, 31.77575675088697 ], [ -106.261480596027752, 31.775817913568723 ], [ -106.261309696702213, 31.775885631779907 ], [ -106.261142388688597, 31.775959785499683 ], [ -106.260979002897017, 31.776040239542887 ], [ -106.260791841055337, 31.776143226665205 ], [ -106.26051746930807, 31.77631159703342 ], [ -106.260262668085787, 31.77650563436336 ], [ -106.260674836828699, 31.776829383709419 ] ] ] } },
{ "type": "Feature", "properties": { "pidn": "T28799925200330", "district": 5, "zonelabel": "A-2", "state_cd_clean": "B1", "use_desc": "REAL, RESIDENTIAL, DUPLEXES", "targetlotarea": 8147, "existing_units": 2, "footprint_sqft": 9706.68994, "interior_sqft": 9706.68994, "coverage_pct": 1.1914434687615074, "in_corridor": false, "in_historic": false, "context_type": "Suburban" }, "geometry": { "type": "Polygon", "coordinates": [ [ [ -106.223730854132, 31.778794958911014 ], [ -106.223938259678221, 31.778793314706679 ], [ -106.22393410020112, 31.778410655757646 ], [ -106.22390650202297, 31.778410986815274 ], [ -106.223895554912502, 31.778411919582791 ], [ -106.223884952967865, 31.778414428057669 ], [ -106.223875004571738, 31.778418438670172 ], [ -106.22385589056681, 31.778436179287301 ], [ -106.223833858884475, 31.778451250455536 ], [ -106.2238094156138, 31.778463305935237 ], [ -106.223783120867338, 31.778472069292217 ], [ -106.223755578572849, 31.778477339779151 ], [ -106.223727420882597, 31.778478996654282 ], [ -106.223730854132, 31.778794958911014 ] ] ] } },
{ "type": "Feature", "properties": { "pidn": "T28799925200330", "district": 5, "zonelabel": "A-2", "state_cd_clean": "B1", "use_desc": "REAL, RESIDENTIAL, DUPLEXES", "targetlotarea": 8982, "existing_units": 2, "footprint_sqft": 9706.68994, "interior_sqft": 9706.68994, "coverage_pct": 1.0806824693832109, "in_corridor": false, "in_historic": false, "context_type": "Suburban" }, "geometry": { "type": "Polygon", "coordinates": [ [ [ -106.223938259678221, 31.778793314706679 ], [ -106.224145665161387, 31.77879166927141 ], [ -106.224141494994171, 31.778408169949675 ], [ -106.22393410020112, 31.778410655757646 ], [ -106.223938259678221, 31.778793314706679 ] ] ] } },
{ "type": "Feature", "properties": { "pidn": "T28799925200260", "district": 5, "zonelabel": "A-2", "state_cd_clean": "B1", "use_desc": "REAL, RESIDENTIAL, DUPLEXES", "targetlotarea": 9002, "existing_units": 2, "footprint_sqft": 4119.02979, "interior_sqft": 4119.02979, "coverage_pct": 0.45756829482337252, "in_corridor": false, "in_historic": false, "context_type": "Suburban" }, "geometry": { "type": "Polygon", "coordinates": [ [ [ -106.224145665161387, 31.77879166927141 ], [ -106.224353069583088, 31.778790023553533 ], [ -106.224348889720503, 31.778405682910837 ], [ -106.224141494994171, 31.778408169949675 ], [ -106.224145665161387, 31.77879166927141 ] ] ] } },
{ "type": "Feature", "properties": { "pidn": "T28799925200260", "district": 5, "zonelabel": "A-2", "state_cd_clean": "B1", "use_desc": "REAL, RESIDENTIAL, DUPLEXES", "targetlotarea": 9017, "existing_units": 2, "footprint_sqft": 4119.02979, "interior_sqft": 4119.02979, "coverage_pct": 0.45680711877564595, "in_corridor": false, "in_historic": false, "context_type": "Suburban" }, "geometry": { "type": "Polygon", "coordinates": [ [ [ -106.224353069583088, 31.778790023553533 ], [ -106.224560469836234, 31.778788378596936 ], [ -106.224556076348719, 31.778403198642213 ], [ -106.224348889720503, 31.778405682910837 ], [ -106.224353069583088, 31.778790023553533 ] ] ] } },
{ "type": "Feature", "properties": { "pidn": "T28799925200260", "district": 5, "zonelabel": "A-2", "state_cd_clean": "B1", "use_desc": "REAL, RESIDENTIAL, DUPLEXES", "targetlotarea": 9072, "existing_units": 2, "footprint_sqft": 4119.02979, "interior_sqft": 4119.02979, "coverage_pct": 0.45403767526455024, "in_corridor": false, "in_historic": false, "context_type": "Suburban" }, "geometry": { "type": "Polygon", "coordinates": [ [ [ -106.224560469836234, 31.778788378596936 ], [ -106.224767879515014, 31.778786731979721 ], [ -106.224764867792643, 31.778400695560901 ], [ -106.224556076348719, 31.778403198642213 ], [ -106.224560469836234, 31.778788378596936 ] ] ] } },
{ "type": "Feature", "properties": { "pidn": "T28799925200300", "district": 5, "zonelabel": "A-2", "state_cd_clean": "B1", "use_desc": "REAL, RESIDENTIAL, DUPLEXES", "targetlotarea": 9640, "existing_units": 2, "footprint_sqft": 2701.12012, "interior_sqft": 2701.12012, "coverage_pct": 0.28019918257261411, "in_corridor": false, "in_historic": false, "context_type": "Suburban" }, "geometry": { "type": "Polygon", "coordinates": [ [ [ -106.224767879515014, 31.778786731979721 ], [ -106.224991240711859, 31.778784958746883 ], [ -106.224986270643129, 31.778422220832763 ], [ -106.224976217080552, 31.778413990585687 ], [ -106.22496465478406, 31.77840736129318 ], [ -106.224951930100545, 31.778402530412212 ], [ -106.224858426478676, 31.778399569316878 ], [ -106.224764867792643, 31.778400695560901 ], [ -106.224767879515014, 31.778786731979721 ] ] ] } },
{ "type": "Feature", "properties": { "pidn": "T28799925200330", "district": 5, "zonelabel": "A-2", "state_cd_clean": "B1", "use_desc": "REAL, RESIDENTIAL, DUPLEXES", "targetlotarea": 8052, "existing_units": 2, "footprint_sqft": 9706.68994, "interior_sqft": 9706.68994, "coverage_pct": 1.2055004893194237, "in_corridor": false, "in_historic": false, "context_type": "Suburban" }, "geometry": { "type": "Polygon", "coordinates": [ [ [ -106.223843098757541, 31.779136613875526 ], [ -106.223853336842453, 31.779147239112358 ], [ -106.223865568876491, 31.779156193572735 ], [ -106.223879428226866, 31.779163208463011 ], [ -106.22389449795557, 31.779168073262028 ], [ -106.223910325858853, 31.779170639555797 ], [ -106.223926433628407, 31.779170832363917 ], [ -106.223942338768396, 31.779168645534632 ], [ -106.223938259678221, 31.778793314706679 ], [ -106.223730854132, 31.778794958911014 ], [ -106.223734222840505, 31.779104938931752 ], [ -106.223757721776693, 31.779105606340849 ], [ -106.223780850418791, 31.779109217593025 ], [ -106.22380310687636, 31.779115692453725 ], [ -106.223824007766638, 31.779124891146413 ], [ -106.223843098757541, 31.779136613875526 ] ] ] } },
{ "type": "Feature", "properties": { "pidn": "T28799925200330", "district": 5, "zonelabel": "A-2", "state_cd_clean": "B1", "use_desc": "REAL, RESIDENTIAL, DUPLEXES", "targetlotarea": 8801, "existing_units": 2, "footprint_sqft": 9706.68994, "interior_sqft": 9706.68994, "coverage_pct": 1.102907617316214, "in_corridor": false, "in_historic": false, "context_type": "Suburban" }, "geometry": { "type": "Polygon", "coordinates": [ [ [ -106.223942338768396, 31.779168645534632 ], [ -106.22414974507069, 31.779167000093111 ], [ -106.224145665161387, 31.77879166927141 ], [ -106.223938259678221, 31.778793314706679 ], [ -106.223942338768396, 31.779168645534632 ] ] ] } },
{ "type": "Feature", "properties": { "pidn": "T28799925200260", "district": 5, "zonelabel": "A-2", "state_cd_clean": "B1", "use_desc": "REAL, RESIDENTIAL, DUPLEXES", "targetlotarea": 8801, "existing_units": 2, "footprint_sqft": 4119.02979, "interior_sqft": 4119.02979, "coverage_pct": 0.4680183831382797, "in_corridor": false, "in_historic": false, "context_type": "Suburban" }, "geometry": { "type": "Polygon", "coordinates": [ [ [ -106.22414974507069, 31.779167000093111 ], [ -106.224357151365808, 31.779165354321272 ], [ -106.224353069583088, 31.778790023553533 ], [ -106.224145665161387, 31.77879166927141 ], [ -106.22414974507069, 31.779167000093111 ] ] ] } },
{ "type": "Feature", "properties": { "pidn": "T28799925200260", "district": 5, "zonelabel": "A-2", "state_cd_clean": "B1", "use_desc": "REAL, RESIDENTIAL, DUPLEXES", "targetlotarea": 8801, "existing_units": 2, "footprint_sqft": 4119.02979, "interior_sqft": 4119.02979, "coverage_pct": 0.4680183831382797, "in_corridor": false, "in_historic": false, "context_type": "Suburban" }, "geometry": { "type": "Polygon", "coordinates": [ [ [ -106.224357151365808, 31.779165354321272 ], [ -106.224564557709641, 31.779163709119711 ], [ -106.224560469836234, 31.778788378596936 ], [ -106.224353069583088, 31.778790023553533 ], [ -106.224357151365808, 31.779165354321272 ] ] ] } },
{ "type": "Feature", "properties": { "pidn": "T28799925200260", "district": 5, "zonelabel": "A-2", "state_cd_clean": "B1", "use_desc": "REAL, RESIDENTIAL, DUPLEXES", "targetlotarea": 8801, "existing_units": 2, "footprint_sqft": 4119.02979, "interior_sqft": 4119.02979, "coverage_pct": 0.4680183831382797, "in_corridor": false, "in_historic": false, "context_type": "Suburban" }, "geometry": { "type": "Polygon", "coordinates": [ [ [ -106.224564557709641, 31.779163709119711 ], [ -106.224771963990364, 31.779162062687178 ], [ -106.224767879515014, 31.778786731979721 ], [ -106.224560469836234, 31.778788378596936 ], [ -106.224564557709641, 31.779163709119711 ] ] ] } },
{ "type": "Feature", "properties": { "pidn": "T28799925200300", "district": 5, "zonelabel": "A-2", "state_cd_clean": "B1", "use_desc": "REAL, RESIDENTIAL, DUPLEXES", "targetlotarea": 9311, "existing_units": 2, "footprint_sqft": 2701.12012, "interior_sqft": 2701.12012, "coverage_pct": 0.29009989474814735, "in_corridor": false, "in_historic": false, "context_type": "Suburban" }, "geometry": { "type": "Polygon", "coordinates": [ [ [ -106.224915552425031, 31.779160923374228 ], [ -106.224928022830284, 31.779159985666876 ], [ -106.224940167435591, 31.779157392801984 ], [ -106.224951687839564, 31.779153208868525 ], [ -106.224962299697594, 31.779147537057192 ], [ -106.224971743153077, 31.779140517381826 ], [ -106.224979783556265, 31.779132321227966 ], [ -106.224986225282137, 31.779123152533334 ], [ -106.224990907784999, 31.779113235322498 ], [ -106.224993028184969, 31.778949098870946 ], [ -106.224991240711859, 31.778784958746883 ], [ -106.224767879515014, 31.778786731979721 ], [ -106.224771963990364, 31.779162062687178 ], [ -106.224915552425031, 31.779160923374228 ] ] ] } },
{ "type": "Feature", "properties": { "pidn": "P65199900100200", "district": 5, "zonelabel": "C-4", "state_cd_clean": "F1", "use_desc": "COMM,ANY COMM OTHR THAN F2-F9", "targetlotarea": 58936, "existing_units": 0, "footprint_sqft": 5493.41992, "interior_sqft": 5493.41992, "coverage_pct": 0.093209921270530752, "in_corridor": false, "in_historic": false, "context_type": "Suburban" }, "geometry": { "type": "Polygon", "coordinates": [ [ [ -106.26663621103333, 31.777305862608507 ], [ -106.267357324286408, 31.777305837632007 ], [ -106.267329136478324, 31.776735632708352 ], [ -106.267085475969878, 31.776544923143547 ], [ -106.267085257790328, 31.776524296762517 ], [ -106.266636177094355, 31.776524313823654 ], [ -106.26663621103333, 31.777305862608507 ] ] ] } },
{ "type": "Feature", "properties": { "pidn": "T28799925200090", "district": 5, "zonelabel": "A-2", "state_cd_clean": "B4", "use_desc": "QUADPLEX-RESIDENTIAL", "targetlotarea": 8035, "existing_units": 4, "footprint_sqft": 2479.17993, "interior_sqft": 4958.35986, "coverage_pct": 0.3085475955196017, "in_corridor": false, "in_historic": false, "context_type": "Suburban" }, "geometry": { "type": "Polygon", "coordinates": [ [ [ -106.223740551962237, 31.779687338535727 ], [ -106.223947957291529, 31.779685693511389 ], [ -106.223943879386354, 31.779310382573517 ], [ -106.223921731950028, 31.779309755156781 ], [ -106.223899770831991, 31.779312283908826 ], [ -106.223878608007567, 31.779317897771243 ], [ -106.223860142333024, 31.779334844059822 ], [ -106.223838996764627, 31.779349324178426 ], [ -106.223815616540676, 31.779361033477763 ], [ -106.223790495811926, 31.779369722895563 ], [ -106.22376416665864, 31.779375209387993 ], [ -106.223737183331622, 31.779377377546865 ], [ -106.223740551962237, 31.779687338535727 ] ] ] } },
{ "type": "Feature", "properties": { "pidn": "T28799925200090", "district": 5, "zonelabel": "A-2", "state_cd_clean": "B4", "use_desc": "QUADPLEX-RESIDENTIAL", "targetlotarea": 8800, "existing_units": 4, "footprint_sqft": 2479.17993, "interior_sqft": 4958.35986, "coverage_pct": 0.28172499204545454, "in_corridor": false, "in_historic": false, "context_type": "Suburban" }, "geometry": { "type": "Polygon", "coordinates": [ [ [ -106.223947957291529, 31.779685693511389 ], [ -106.224155364778156, 31.779684048961833 ], [ -106.224151285997976, 31.779308737129622 ], [ -106.223943879386354, 31.779310382573517 ], [ -106.223947957291529, 31.779685693511389 ] ] ] } },
{ "type": "Feature", "properties": { "pidn": "T28799925200190", "district": 5, "zonelabel": "A-2", "state_cd_clean": "B1", "use_desc": "REAL, RESIDENTIAL, DUPLEXES", "targetlotarea": 8800, "existing_units": 2, "footprint_sqft": 3992.21997, "interior_sqft": 3992.21997, "coverage_pct": 0.45366136022727271, "in_corridor": false, "in_historic": false, "context_type": "Suburban" }, "geometry": { "type": "Polygon", "coordinates": [ [ [ -106.224155364778156, 31.779684048961833 ], [ -106.224362773256018, 31.779682403133624 ], [ -106.224358692658328, 31.779307092256051 ], [ -106.224151285997976, 31.779308737129622 ], [ -106.224155364778156, 31.779684048961833 ] ] ] } },
{ "type": "Feature", "properties": { "pidn": "T28799925200180", "district": 5, "zonelabel": "A-2", "state_cd_clean": "A51", "use_desc": "RES MULTI FAMILY - DUPLEX", "targetlotarea": 8800, "existing_units": 2, "footprint_sqft": 4182.7998, "interior_sqft": 4182.7998, "coverage_pct": 0.47531815909090908, "in_corridor": false, "in_historic": false, "context_type": "Suburban" }, "geometry": { "type": "Polygon", "coordinates": [ [ [ -106.224362773256018, 31.779682403133624 ], [ -106.224570180672387, 31.779680757022827 ], [ -106.224566099255597, 31.779305446151493 ], [ -106.224358692658328, 31.779307092256051 ], [ -106.224362773256018, 31.779682403133624 ] ] ] } },
{ "type": "Feature", "properties": { "pidn": "T28799925200170", "district": 5, "zonelabel": "A-2", "state_cd_clean": "B1", "use_desc": "REAL, RESIDENTIAL, DUPLEXES", "targetlotarea": 8800, "existing_units": 2, "footprint_sqft": 4060.13989, "interior_sqft": 4060.13989, "coverage_pct": 0.46137953295454542, "in_corridor": false, "in_historic": false, "context_type": "Suburban" }, "geometry": { "type": "Polygon", "coordinates": [ [ [ -106.224570180672387, 31.779680757022827 ], [ -106.224777588137457, 31.779679111482299 ], [ -106.22477350373704, 31.779303799812077 ], [ -106.224566099255597, 31.779305446151493 ], [ -106.224570180672387, 31.779680757022827 ] ] ] } },
{ "type": "Feature", "properties": { "pidn": "T28799925200160", "district": 5, "zonelabel": "A-2", "state_cd_clean": "B1", "use_desc": "REAL, RESIDENTIAL, DUPLEXES", "targetlotarea": 9328, "existing_units": 2, "footprint_sqft": 3821.62988, "interior_sqft": 3821.62988, "coverage_pct": 0.40969445540308747, "in_corridor": false, "in_historic": false, "context_type": "Suburban" }, "geometry": { "type": "Polygon", "coordinates": [ [ [ -106.224777588137457, 31.779679111482299 ], [ -106.225000949323103, 31.779677338328916 ], [ -106.224997607122333, 31.779370169406938 ], [ -106.224996266533012, 31.779358346571062 ], [ -106.224992542003449, 31.779346901730065 ], [ -106.224986549276935, 31.779336183674072 ], [ -106.224978467067785, 31.779326516666231 ], [ -106.224968543107408, 31.779318195652891 ], [ -106.22495707854597, 31.779311473423331 ], [ -106.22494442223342, 31.779306553643291 ], [ -106.224859008017432, 31.779303116907265 ], [ -106.22477350373704, 31.779303799812077 ], [ -106.224777588137457, 31.779679111482299 ] ] ] } },
{ "type": "Feature", "properties": { "pidn": "T29000000030001", "district": 5, "zonelabel": "C-4", "state_cd_clean": "A1", "use_desc": "REAL, RESIDENTIAL, SINGLE-FAMILY", "targetlotarea": 22102, "existing_units": 1, "footprint_sqft": 0.0, "interior_sqft": 0.0, "coverage_pct": 0.0, "in_corridor": false, "in_historic": false, "context_type": "Suburban" }, "geometry": { "type": "Polygon", "coordinates": [ [ [ -106.247216350710474, 31.778805681233589 ], [ -106.247310942789667, 31.778805969447596 ], [ -106.247609850467896, 31.778528262175911 ], [ -106.247641318345785, 31.778499026327527 ], [ -106.247820580741106, 31.77833247860562 ], [ -106.247839190983328, 31.77831518887465 ], [ -106.247857268518572, 31.778298393900339 ], [ -106.247874401538667, 31.778282475471631 ], [ -106.247214752477419, 31.778288230643405 ], [ -106.247216350710474, 31.778805681233589 ] ] ] } },
{ "type": "Feature", "properties": { "pidn": "X57999924500235", "district": 5, "zonelabel": "R-5", "state_cd_clean": "C10", "use_desc": "REAL, VACANT PLATTED COMMERCIAL LOT", "targetlotarea": 66943, "existing_units": 0, "footprint_sqft": 0.0, "interior_sqft": 0.0, "coverage_pct": 0.0, "in_corridor": false, "in_historic": false, "context_type": "Suburban" }, "geometry": { "type": "Polygon", "coordinates": [ [ [ -106.260491499751751, 31.77821387756126 ], [ -106.26056630726309, 31.778272370967322 ], [ -106.260775213728792, 31.778044608733627 ], [ -106.260871379254596, 31.777939762739951 ], [ -106.26096121922771, 31.777841813275746 ], [ -106.261001452066964, 31.777797948997804 ], [ -106.261067391724467, 31.777735550209524 ], [ -106.26117613249626, 31.777632646277283 ], [ -106.261314423486411, 31.777506424650252 ], [ -106.261256240129782, 31.777457542449017 ], [ -106.260925310940635, 31.777198802958193 ], [ -106.260914371390328, 31.777191588415313 ], [ -106.260902148050377, 31.777186079724622 ], [ -106.260889002069092, 31.777182439256396 ], [ -106.260875319685852, 31.777180774048389 ], [ -106.26086150579323, 31.777181134292896 ], [ -106.260847968839741, 31.777183508605415 ], [ -106.260835106239469, 31.777187827399231 ], [ -106.260823299100295, 31.777193963125406 ], [ -106.260812895581225, 31.777201734643601 ], [ -106.260610449805668, 31.777399115846976 ], [ -106.260456042791887, 31.777580418453919 ], [ -106.260297637013835, 31.777759187214375 ], [ -106.260135288563234, 31.777935355434323 ], [ -106.260138732081501, 31.777938048024954 ], [ -106.260185159377272, 31.777974347897818 ], [ -106.260240259069519, 31.77801743187246 ], [ -106.260263481221102, 31.778035590438126 ], [ -106.260312398601982, 31.778073839640911 ], [ -106.260334011148615, 31.77809073755963 ], [ -106.260355623702893, 31.778107635474605 ], [ -106.260381732564326, 31.778128051362 ], [ -106.260491499751751, 31.77821387756126 ] ] ] } },
{ "type": "Feature", "properties": { "pidn": "T28799925200090", "district": 5, "zonelabel": "A-2", "state_cd_clean": "B4", "use_desc": "QUADPLEX-RESIDENTIAL", "targetlotarea": 8051, "existing_units": 4, "footprint_sqft": 2479.17993, "interior_sqft": 4958.35986, "coverage_pct": 0.30793440939013783, "in_corridor": false, "in_historic": false, "context_type": "Suburban" }, "geometry": { "type": "Polygon", "coordinates": [ [ [ -106.223852796622452, 31.780028993419492 ], [ -106.223863065420659, 31.780039583849426 ], [ -106.223875310654392, 31.780048510619103 ], [ -106.223889169018065, 31.780055507493657 ], [ -106.223904228066189, 31.780060368264078 ], [ -106.223920041030127, 31.780062946979736 ], [ -106.223936136921353, 31.780063167425531 ], [ -106.223952038566964, 31.780061024111575 ], [ -106.223947957291529, 31.779685693511389 ], [ -106.223740551962237, 31.779687338535727 ], [ -106.223743919679663, 31.779997318494921 ], [ -106.223767418836616, 31.779997985902078 ], [ -106.223790547696325, 31.780001597151227 ], [ -106.223812804363561, 31.780008072007988 ], [ -106.223833705451071, 31.7800172706959 ], [ -106.223852796622452, 31.780028993419492 ] ] ] } },
{ "type": "Feature", "properties": { "pidn": "T28799925200090", "district": 5, "zonelabel": "A-2", "state_cd_clean": "B4", "use_desc": "QUADPLEX-RESIDENTIAL", "targetlotarea": 8801, "existing_units": 4, "footprint_sqft": 2479.17993, "interior_sqft": 4958.35986, "coverage_pct": 0.28169298147937732, "in_corridor": false, "in_historic": false, "context_type": "Suburban" }, "geometry": { "type": "Polygon", "coordinates": [ [ [ -106.223952038566964, 31.780061024111575 ], [ -106.224159446872747, 31.78005937955578 ], [ -106.224155364778156, 31.779684048961833 ], [ -106.223947957291529, 31.779685693511389 ], [ -106.223952038566964, 31.780061024111575 ] ] ] } },
{ "type": "Feature", "properties": { "pidn": "T28799925200190", "district": 5, "zonelabel": "A-2", "state_cd_clean": "B1", "use_desc": "REAL, RESIDENTIAL, DUPLEXES", "targetlotarea": 8801, "existing_units": 2, "footprint_sqft": 3992.21997, "interior_sqft": 3992.21997, "coverage_pct": 0.45360981365753894, "in_corridor": false, "in_historic": false, "context_type": "Suburban" }, "geometry": { "type": "Polygon", "coordinates": [ [ [ -106.224159446872747, 31.78005937955578 ], [ -106.224366854061117, 31.780057733816765 ], [ -106.224362773256018, 31.779682403133624 ], [ -106.224155364778156, 31.779684048961833 ], [ -106.224159446872747, 31.78005937955578 ] ] ] } },
{ "type": "Feature", "properties": { "pidn": "T28799925200180", "district": 5, "zonelabel": "A-2", "state_cd_clean": "A51", "use_desc": "RES MULTI FAMILY - DUPLEX", "targetlotarea": 8801, "existing_units": 2, "footprint_sqft": 4182.7998, "interior_sqft": 4182.7998, "coverage_pct": 0.47526415180093168, "in_corridor": false, "in_historic": false, "context_type": "Suburban" }, "geometry": { "type": "Polygon", "coordinates": [ [ [ -106.224366854061117, 31.780057733816765 ], [ -106.224574262296656, 31.780056087699712 ], [ -106.224570180672387, 31.779680757022827 ], [ -106.224362773256018, 31.779682403133624 ], [ -106.224366854061117, 31.780057733816765 ] ] ] } },
{ "type": "Feature", "properties": { "pidn": "T28799925200170", "district": 5, "zonelabel": "A-2", "state_cd_clean": "B1", "use_desc": "REAL, RESIDENTIAL, DUPLEXES", "targetlotarea": 8801, "existing_units": 2, "footprint_sqft": 4060.13989, "interior_sqft": 4060.13989, "coverage_pct": 0.46132710941938415, "in_corridor": false, "in_historic": false, "context_type": "Suburban" }, "geometry": { "type": "Polygon", "coordinates": [ [ [ -106.224574262296656, 31.780056087699712 ], [ -106.224781670580882, 31.780054442152917 ], [ -106.224777588137457, 31.779679111482299 ], [ -106.224570180672387, 31.779680757022827 ], [ -106.224574262296656, 31.780056087699712 ] ] ] } },
{ "type": "Feature", "properties": { "pidn": "T28799925200160", "district": 5, "zonelabel": "A-2", "state_cd_clean": "B1", "use_desc": "REAL, RESIDENTIAL, DUPLEXES", "targetlotarea": 9344, "existing_units": 2, "footprint_sqft": 3821.62988, "interior_sqft": 3821.62988, "coverage_pct": 0.40899292380136987, "in_corridor": false, "in_historic": false, "context_type": "Suburban" }, "geometry": { "type": "Polygon", "coordinates": [ [ [ -106.224925261362301, 31.780053301881406 ], [ -106.224937730830291, 31.780052364221135 ], [ -106.224949875549342, 31.78004977135625 ], [ -106.224961396061076, 31.780045587423412 ], [ -106.224972009072545, 31.780039915565567 ], [ -106.224981451561689, 31.780032895939705 ], [ -106.224989493149721, 31.780024700640968 ], [ -106.224995933824985, 31.780015531096204 ], [ -106.225000616426669, 31.780005614789143 ], [ -106.225003425918516, 31.779995193552498 ], [ -106.225004291664902, 31.779984526174207 ], [ -106.225000949323103, 31.779677338328916 ], [ -106.224777588137457, 31.779679111482299 ], [ -106.224781670580882, 31.780054442152917 ], [ -106.224925261362301, 31.780053301881406 ] ] ] } },
{ "type": "Feature", "properties": { "pidn": " ", "district": 5, "zonelabel": "C-2", "state_cd_clean": "", "use_desc": "Unknown", "targetlotarea": 0, "existing_units": 0, "footprint_sqft": 0.0, "interior_sqft": 0.0, "coverage_pct": 0.0, "in_corridor": false, "in_historic": false, "context_type": "Suburban" }, "geometry": { "type": "Polygon", "coordinates": [ [ [ -106.238716378345543, 31.782250545800789 ], [ -106.238716636016264, 31.782313599052181 ], [ -106.238716506255628, 31.782250545414033 ], [ -106.238716378345543, 31.782250545800789 ] ] ] } },
{ "type": "Feature", "properties": { "pidn": "X57999924600940", "district": 5, "zonelabel": "C-2", "state_cd_clean": "C10", "use_desc": "REAL, VACANT PLATTED COMMERCIAL LOT", "targetlotarea": 89511, "existing_units": 0, "footprint_sqft": 0.0, "interior_sqft": 0.0, "coverage_pct": 0.0, "in_corridor": false, "in_historic": false, "context_type": "Suburban" }, "geometry": { "type": "Polygon", "coordinates": [ [ [ -106.23404433116491, 31.78298547565246 ], [ -106.235138465626662, 31.782982285579898 ], [ -106.235136937460467, 31.782417200902557 ], [ -106.235136863493437, 31.782389735090945 ], [ -106.23513651113646, 31.782259949209202 ], [ -106.234112225672618, 31.782262686638763 ], [ -106.234099579529186, 31.782264017920202 ], [ -106.234087343953419, 31.782267055586804 ], [ -106.234075832380441, 31.782271722203333 ], [ -106.234065339743296, 31.782277897822755 ], [ -106.23405613531699, 31.782285423923401 ], [ -106.234048454563649, 31.782294108294643 ], [ -106.234042494028756, 31.782303727977521 ], [ -106.234038407627438, 31.782314037561509 ], [ -106.234036298322167, 31.782324771368234 ], [ -106.234036220958529, 31.782335655063953 ], [ -106.23404433116491, 31.78298547565246 ] ] ] } },
{ "type": "Feature", "properties": { "pidn": "X57999924600940", "district": 5, "zonelabel": "C-2", "state_cd_clean": "C10", "use_desc": "REAL, VACANT PLATTED COMMERCIAL LOT", "targetlotarea": 89511, "existing_units": 0, "footprint_sqft": 0.0, "interior_sqft": 0.0, "coverage_pct": 0.0, "in_corridor": false, "in_historic": false, "context_type": "Suburban" }, "geometry": { "type": "Polygon", "coordinates": [ [ [ -106.23404433116491, 31.78298547565246 ], [ -106.235138465626662, 31.782982285579898 ], [ -106.235136937460467, 31.782417200902557 ], [ -106.235136863493437, 31.782389735090945 ], [ -106.23513651113646, 31.782259949209202 ], [ -106.234112225672618, 31.782262686638763 ], [ -106.234099579529186, 31.782264017920202 ], [ -106.234087343953419, 31.782267055586804 ], [ -106.234075832380441, 31.782271722203333 ], [ -106.234065339743296, 31.782277897822755 ], [ -106.23405613531699, 31.782285423923401 ], [ -106.234048454563649, 31.782294108294643 ], [ -106.234042494028756, 31.782303727977521 ], [ -106.234038407627438, 31.782314037561509 ], [ -106.234036298322167, 31.782324771368234 ], [ -106.234036220958529, 31.782335655063953 ], [ -106.23404433116491, 31.78298547565246 ] ] ] } },
{ "type": "Feature", "properties": { "pidn": "X57999924600940", "district": 5, "zonelabel": "C-2", "state_cd_clean": "C10", "use_desc": "REAL, VACANT PLATTED COMMERCIAL LOT", "targetlotarea": 89511, "existing_units": 0, "footprint_sqft": 0.0, "interior_sqft": 0.0, "coverage_pct": 0.0, "in_corridor": false, "in_historic": false, "context_type": "Suburban" }, "geometry": { "type": "Polygon", "coordinates": [ [ [ -106.23404433116491, 31.78298547565246 ], [ -106.235138465626662, 31.782982285579898 ], [ -106.235136937460467, 31.782417200902557 ], [ -106.235136863493437, 31.782389735090945 ], [ -106.23513651113646, 31.782259949209202 ], [ -106.234112225672618, 31.782262686638763 ], [ -106.234099579529186, 31.782264017920202 ], [ -106.234087343953419, 31.782267055586804 ], [ -106.234075832380441, 31.782271722203333 ], [ -106.234065339743296, 31.782277897822755 ], [ -106.23405613531699, 31.782285423923401 ], [ -106.234048454563649, 31.782294108294643 ], [ -106.234042494028756, 31.782303727977521 ], [ -106.234038407627438, 31.782314037561509 ], [ -106.234036298322167, 31.782324771368234 ], [ -106.234036220958529, 31.782335655063953 ], [ -106.23404433116491, 31.78298547565246 ] ] ] } },
{ "type": "Feature", "properties": { "pidn": "X57999924600940", "district": 5, "zonelabel": "C-2", "state_cd_clean": "C10", "use_desc": "REAL, VACANT PLATTED COMMERCIAL LOT", "targetlotarea": 26578, "existing_units": 0, "footprint_sqft": 0.0, "interior_sqft": 0.0, "coverage_pct": 0.0, "in_corridor": false, "in_historic": false, "context_type": "Suburban" }, "geometry": { "type": "Polygon", "coordinates": [ [ [ -106.235138465626662, 31.782982285579898 ], [ -106.235464452279615, 31.782981333446784 ], [ -106.235461557255022, 31.782259078469622 ], [ -106.23513651113646, 31.782259949209202 ], [ -106.235136863493437, 31.782389735090945 ], [ -106.235136937460467, 31.782417200902557 ], [ -106.235138465626662, 31.782982285579898 ] ] ] } },
{ "type": "Feature", "properties": { "pidn": "X57999924600940", "district": 5, "zonelabel": "C-2", "state_cd_clean": "C10", "use_desc": "REAL, VACANT PLATTED COMMERCIAL LOT", "targetlotarea": 26578, "existing_units": 0, "footprint_sqft": 0.0, "interior_sqft": 0.0, "coverage_pct": 0.0, "in_corridor": false, "in_historic": false, "context_type": "Suburban" }, "geometry": { "type": "Polygon", "coordinates": [ [ [ -106.235138465626662, 31.782982285579898 ], [ -106.235464452279615, 31.782981333446784 ], [ -106.235461557255022, 31.782259078469622 ], [ -106.23513651113646, 31.782259949209202 ], [ -106.235136863493437, 31.782389735090945 ], [ -106.235136937460467, 31.782417200902557 ], [ -106.235138465626662, 31.782982285579898 ] ] ] } },
{ "type": "Feature", "properties": { "pidn": "X57999924600940", "district": 5, "zonelabel": "C-2", "state_cd_clean": "C10", "use_desc": "REAL, VACANT PLATTED COMMERCIAL LOT", "targetlotarea": 26578, "existing_units": 0, "footprint_sqft": 0.0, "interior_sqft": 0.0, "coverage_pct": 0.0, "in_corridor": false, "in_historic": false, "context_type": "Suburban" }, "geometry": { "type": "Polygon", "coordinates": [ [ [ -106.235138465626662, 31.782982285579898 ], [ -106.235464452279615, 31.782981333446784 ], [ -106.235461557255022, 31.782259078469622 ], [ -106.23513651113646, 31.782259949209202 ], [ -106.235136863493437, 31.782389735090945 ], [ -106.235136937460467, 31.782417200902557 ], [ -106.235138465626662, 31.782982285579898 ] ] ] } },
{ "type": "Feature", "properties": { "pidn": "T28799913200200", "district": 5, "zonelabel": "R-3", "state_cd_clean": "C10", "use_desc": "REAL, VACANT PLATTED COMMERCIAL LOT", "targetlotarea": 48585, "existing_units": 0, "footprint_sqft": 0.0, "interior_sqft": 0.0, "coverage_pct": 0.0, "in_corridor": false, "in_historic": false, "context_type": "Suburban" }, "geometry": { "type": "Polygon", "coordinates": [ [ [ -106.250543056733648, 31.78108333176705 ], [ -106.250553508435672, 31.782257845823004 ], [ -106.250880631907791, 31.782257443612878 ], [ -106.250918581661708, 31.78225745432503 ], [ -106.250905791449469, 31.781077588704175 ], [ -106.250865430567657, 31.781077376087008 ], [ -106.250542988619515, 31.781075674325308 ], [ -106.250543056733648, 31.78108333176705 ] ] ] } },
{ "type": "Feature", "properties": { "pidn": "T28499900900100", "district": 5, "zonelabel": "C-2", "state_cd_clean": "F1", "use_desc": "COMM,ANY COMM OTHR THAN F2-F9", "targetlotarea": 24697, "existing_units": 0, "footprint_sqft": 0.0, "interior_sqft": 0.0, "coverage_pct": 0.0, "in_corridor": false, "in_historic": false, "context_type": "Suburban" }, "geometry": { "type": "Polygon", "coordinates": [ [ [ -106.235464452279615, 31.782981333446784 ], [ -106.235766958113146, 31.782980448648626 ], [ -106.235764060165138, 31.782258268667348 ], [ -106.235461557255022, 31.782259078469622 ], [ -106.235464452279615, 31.782981333446784 ] ] ] } },
{ "type": "Feature", "properties": { "pidn": "S53999900100100", "district": 5, "zonelabel": "C-4", "state_cd_clean": "C10", "use_desc": "REAL, VACANT PLATTED COMMERCIAL LOT", "targetlotarea": 57674, "existing_units": 0, "footprint_sqft": 10599.2002, "interior_sqft": 10599.2002, "coverage_pct": 0.183777788951694, "in_corridor": false, "in_historic": false, "context_type": "Suburban" }, "geometry": { "type": "Polygon", "coordinates": [ [ [ -106.26657870890125, 31.781653433451783 ], [ -106.266665781151943, 31.781653421166993 ], [ -106.266659352443341, 31.781045814016171 ], [ -106.265924289299463, 31.781051486981614 ], [ -106.265815321794904, 31.781052327382593 ], [ -106.265815279510221, 31.781052327504369 ], [ -106.265816832912407, 31.781199224140433 ], [ -106.265819410102097, 31.781442988466083 ], [ -106.265821636679973, 31.78165352979865 ], [ -106.265846773091852, 31.781653527032645 ], [ -106.265931304688692, 31.781653516386179 ], [ -106.26657870890125, 31.781653433451783 ] ] ] } },
{ "type": "Feature", "properties": { "pidn": "S53999900100100", "district": 5, "zonelabel": "C-4", "state_cd_clean": "C10", "use_desc": "REAL, VACANT PLATTED COMMERCIAL LOT", "targetlotarea": 22149, "existing_units": 0, "footprint_sqft": 10599.2002, "interior_sqft": 10599.2002, "coverage_pct": 0.47854080093909429, "in_corridor": false, "in_historic": false, "context_type": "Suburban" }, "geometry": { "type": "Polygon", "coordinates": [ [ [ -106.266737035131044, 31.78165341220166 ], [ -106.266987604986028, 31.781653379041177 ], [ -106.266981148414501, 31.781043329133173 ], [ -106.266659352443341, 31.781045814016171 ], [ -106.266665781151943, 31.781653421166993 ], [ -106.266737035131044, 31.78165341220166 ] ] ] } },
{ "type": "Feature", "properties": { "pidn": "S53999900100150", "district": 5, "zonelabel": "C-4", "state_cd_clean": "C10", "use_desc": "REAL, VACANT PLATTED COMMERCIAL LOT", "targetlotarea": 35481, "existing_units": 0, "footprint_sqft": 0.0, "interior_sqft": 0.0, "coverage_pct": 0.0, "in_corridor": false, "in_historic": false, "context_type": "Suburban" }, "geometry": { "type": "Polygon", "coordinates": [ [ [ -106.266987604986028, 31.781653379041177 ], [ -106.267502039238252, 31.781653309115619 ], [ -106.267494364254432, 31.781068576036461 ], [ -106.267488982614523, 31.781061439069127 ], [ -106.26748237559238, 31.78105509768012 ], [ -106.267474699700301, 31.781049704589908 ], [ -106.267466140730477, 31.781045390410959 ], [ -106.267456903815756, 31.781042256875406 ], [ -106.267447211546425, 31.781040380533994 ], [ -106.267437296139676, 31.781039805887826 ], [ -106.266981148414501, 31.781043329133173 ], [ -106.266987604986028, 31.781653379041177 ] ] ] } },
{ "type": "Feature", "properties": { "pidn": " ", "district": 5, "zonelabel": "C-2", "state_cd_clean": "", "use_desc": "Unknown", "targetlotarea": 92963, "existing_units": 0, "footprint_sqft": 0.0, "interior_sqft": 0.0, "coverage_pct": 0.0, "in_corridor": false, "in_historic": false, "context_type": "Suburban" }, "geometry": { "type": "Polygon", "coordinates": [ [ [ -106.238485797665049, 31.782972463397687 ], [ -106.238719082082156, 31.782971775506685 ], [ -106.2387173976486, 31.782500111286954 ], [ -106.238716636016264, 31.782313599052181 ], [ -106.238716378345543, 31.782250545800789 ], [ -106.237576357288305, 31.782253517638459 ], [ -106.23757929304503, 31.782975132023548 ], [ -106.23788079136564, 31.782974244682972 ], [ -106.238183295045303, 31.782973354367723 ], [ -106.238485797665049, 31.782972463397687 ] ] ] } },
{ "type": "Feature", "properties": { "pidn": "X57999923700830", "district": 5, "zonelabel": "C-2", "state_cd_clean": "C10", "use_desc": "REAL, VACANT PLATTED COMMERCIAL LOT", "targetlotarea": 44373, "existing_units": 0, "footprint_sqft": 0.0, "interior_sqft": 0.0, "coverage_pct": 0.0, "in_corridor": false, "in_historic": false, "context_type": "Suburban" }, "geometry": { "type": "Polygon", "coordinates": [ [ [ -106.21559700240708, 31.784134524560155 ], [ -106.216499473402607, 31.784133510443521 ], [ -106.216493877145638, 31.783698577076368 ], [ -106.215591409593415, 31.783699528869093 ], [ -106.21559700240708, 31.784134524560155 ] ] ] } },
{ "type": "Feature", "properties": { "pidn": "X57999923700830", "district": 5, "zonelabel": "C-2", "state_cd_clean": "C10", "use_desc": "REAL, VACANT PLATTED COMMERCIAL LOT", "targetlotarea": 44373, "existing_units": 0, "footprint_sqft": 0.0, "interior_sqft": 0.0, "coverage_pct": 0.0, "in_corridor": false, "in_historic": false, "context_type": "Suburban" }, "geometry": { "type": "Polygon", "coordinates": [ [ [ -106.21559700240708, 31.784134524560155 ], [ -106.216499473402607, 31.784133510443521 ], [ -106.216493877145638, 31.783698577076368 ], [ -106.215591409593415, 31.783699528869093 ], [ -106.21559700240708, 31.784134524560155 ] ] ] } },
{ "type": "Feature", "properties": { "pidn": "X57999923700830", "district": 5, "zonelabel": "C-2", "state_cd_clean": "C10", "use_desc": "REAL, VACANT PLATTED COMMERCIAL LOT", "targetlotarea": 44373, "existing_units": 0, "footprint_sqft": 0.0, "interior_sqft": 0.0, "coverage_pct": 0.0, "in_corridor": false, "in_historic": false, "context_type": "Suburban" }, "geometry": { "type": "Polygon", "coordinates": [ [ [ -106.21559700240708, 31.784134524560155 ], [ -106.216499473402607, 31.784133510443521 ], [ -106.216493877145638, 31.783698577076368 ], [ -106.215591409593415, 31.783699528869093 ], [ -106.21559700240708, 31.784134524560155 ] ] ] } },
{ "type": "Feature", "properties": { "pidn": "X57999923700830", "district": 5, "zonelabel": "C-2", "state_cd_clean": "C10", "use_desc": "REAL, VACANT PLATTED COMMERCIAL LOT", "targetlotarea": 44373, "existing_units": 0, "footprint_sqft": 0.0, "interior_sqft": 0.0, "coverage_pct": 0.0, "in_corridor": false, "in_historic": false, "context_type": "Suburban" }, "geometry": { "type": "Polygon", "coordinates": [ [ [ -106.21559700240708, 31.784134524560155 ], [ -106.216499473402607, 31.784133510443521 ], [ -106.216493877145638, 31.783698577076368 ], [ -106.215591409593415, 31.783699528869093 ], [ -106.21559700240708, 31.784134524560155 ] ] ] } },
{ "type": "Feature", "properties": { "pidn": "X57999923700830", "district": 5, "zonelabel": "C-2", "state_cd_clean": "C10", "use_desc": "REAL, VACANT PLATTED COMMERCIAL LOT", "targetlotarea": 44373, "existing_units": 0, "footprint_sqft": 0.0, "interior_sqft": 0.0, "coverage_pct": 0.0, "in_corridor": false, "in_historic": false, "context_type": "Suburban" }, "geometry": { "type": "Polygon", "coordinates": [ [ [ -106.21559700240708, 31.784134524560155 ], [ -106.216499473402607, 31.784133510443521 ], [ -106.216493877145638, 31.783698577076368 ], [ -106.215591409593415, 31.783699528869093 ], [ -106.21559700240708, 31.784134524560155 ] ] ] } },
{ "type": "Feature", "properties": { "pidn": "X57999923700830", "district": 5, "zonelabel": "C-2", "state_cd_clean": "C10", "use_desc": "REAL, VACANT PLATTED COMMERCIAL LOT", "targetlotarea": 12661, "existing_units": 0, "footprint_sqft": 0.0, "interior_sqft": 0.0, "coverage_pct": 0.0, "in_corridor": false, "in_historic": false, "context_type": "Suburban" }, "geometry": { "type": "Polygon", "coordinates": [ [ [ -106.215598598201453, 31.784258632757684 ], [ -106.216501071430059, 31.784257618582298 ], [ -106.216499473402607, 31.784133510443521 ], [ -106.21559700240708, 31.784134524560155 ], [ -106.215598598201453, 31.784258632757684 ] ] ] } },
{ "type": "Feature", "properties": { "pidn": "X57999923700830", "district": 5, "zonelabel": "C-2", "state_cd_clean": "C10", "use_desc": "REAL, VACANT PLATTED COMMERCIAL LOT", "targetlotarea": 12661, "existing_units": 0, "footprint_sqft": 0.0, "interior_sqft": 0.0, "coverage_pct": 0.0, "in_corridor": false, "in_historic": false, "context_type": "Suburban" }, "geometry": { "type": "Polygon", "coordinates": [ [ [ -106.215598598201453, 31.784258632757684 ], [ -106.216501071430059, 31.784257618582298 ], [ -106.216499473402607, 31.784133510443521 ], [ -106.21559700240708, 31.784134524560155 ], [ -106.215598598201453, 31.784258632757684 ] ] ] } },
{ "type": "Feature", "properties": { "pidn": "X57999923700830", "district": 5, "zonelabel": "C-2", "state_cd_clean": "C10", "use_desc": "REAL, VACANT PLATTED COMMERCIAL LOT", "targetlotarea": 12661, "existing_units": 0, "footprint_sqft": 0.0, "interior_sqft": 0.0, "coverage_pct": 0.0, "in_corridor": false, "in_historic": false, "context_type": "Suburban" }, "geometry": { "type": "Polygon", "coordinates": [ [ [ -106.215598598201453, 31.784258632757684 ], [ -106.216501071430059, 31.784257618582298 ], [ -106.216499473402607, 31.784133510443521 ], [ -106.21559700240708, 31.784134524560155 ], [ -106.215598598201453, 31.784258632757684 ] ] ] } },
{ "type": "Feature", "properties": { "pidn": "X57999923700830", "district": 5, "zonelabel": "C-2", "state_cd_clean": "C10", "use_desc": "REAL, VACANT PLATTED COMMERCIAL LOT", "targetlotarea": 12661, "existing_units": 0, "footprint_sqft": 0.0, "interior_sqft": 0.0, "coverage_pct": 0.0, "in_corridor": false, "in_historic": false, "context_type": "Suburban" }, "geometry": { "type": "Polygon", "coordinates": [ [ [ -106.215598598201453, 31.784258632757684 ], [ -106.216501071430059, 31.784257618582298 ], [ -106.216499473402607, 31.784133510443521 ], [ -106.21559700240708, 31.784134524560155 ], [ -106.215598598201453, 31.784258632757684 ] ] ] } },
{ "type": "Feature", "properties": { "pidn": "X57999923700830", "district": 5, "zonelabel": "C-2", "state_cd_clean": "C10", "use_desc": "REAL, VACANT PLATTED COMMERCIAL LOT", "targetlotarea": 12661, "existing_units": 0, "footprint_sqft": 0.0, "interior_sqft": 0.0, "coverage_pct": 0.0, "in_corridor": false, "in_historic": false, "context_type": "Suburban" }, "geometry": { "type": "Polygon", "coordinates": [ [ [ -106.215598598201453, 31.784258632757684 ], [ -106.216501071430059, 31.784257618582298 ], [ -106.216499473402607, 31.784133510443521 ], [ -106.21559700240708, 31.784134524560155 ], [ -106.215598598201453, 31.784258632757684 ] ] ] } },
{ "type": "Feature", "properties": { "pidn": "X57999923700830", "district": 5, "zonelabel": "R-5", "state_cd_clean": "C10", "use_desc": "REAL, VACANT PLATTED COMMERCIAL LOT", "targetlotarea": 115233, "existing_units": 0, "footprint_sqft": 0.0, "interior_sqft": 0.0, "coverage_pct": 0.0, "in_corridor": false, "in_historic": false, "context_type": "Suburban" }, "geometry": { "type": "Polygon", "coordinates": [ [ [ -106.213939389485972, 31.784315541002201 ], [ -106.215599306306459, 31.784313692058941 ], [ -106.215598598201453, 31.784258632757684 ], [ -106.21559700240708, 31.784134524560155 ], [ -106.215591409593415, 31.783699528869093 ], [ -106.213931503133651, 31.783701440045245 ], [ -106.213937088716463, 31.784136373474244 ], [ -106.213938859392087, 31.784274246507721 ], [ -106.213939389485972, 31.784315541002201 ] ] ] } },
{ "type": "Feature", "properties": { "pidn": "X57999923700830", "district": 5, "zonelabel": "R-5", "state_cd_clean": "C10", "use_desc": "REAL, VACANT PLATTED COMMERCIAL LOT", "targetlotarea": 115233, "existing_units": 0, "footprint_sqft": 0.0, "interior_sqft": 0.0, "coverage_pct": 0.0, "in_corridor": false, "in_historic": false, "context_type": "Suburban" }, "geometry": { "type": "Polygon", "coordinates": [ [ [ -106.213939389485972, 31.784315541002201 ], [ -106.215599306306459, 31.784313692058941 ], [ -106.215598598201453, 31.784258632757684 ], [ -106.21559700240708, 31.784134524560155 ], [ -106.215591409593415, 31.783699528869093 ], [ -106.213931503133651, 31.783701440045245 ], [ -106.213937088716463, 31.784136373474244 ], [ -106.213938859392087, 31.784274246507721 ], [ -106.213939389485972, 31.784315541002201 ] ] ] } },
{ "type": "Feature", "properties": { "pidn": "X57999923700830", "district": 5, "zonelabel": "R-5", "state_cd_clean": "C10", "use_desc": "REAL, VACANT PLATTED COMMERCIAL LOT", "targetlotarea": 115233, "existing_units": 0, "footprint_sqft": 0.0, "interior_sqft": 0.0, "coverage_pct": 0.0, "in_corridor": false, "in_historic": false, "context_type": "Suburban" }, "geometry": { "type": "Polygon", "coordinates": [ [ [ -106.213939389485972, 31.784315541002201 ], [ -106.215599306306459, 31.784313692058941 ], [ -106.215598598201453, 31.784258632757684 ], [ -106.21559700240708, 31.784134524560155 ], [ -106.215591409593415, 31.783699528869093 ], [ -106.213931503133651, 31.783701440045245 ], [ -106.213937088716463, 31.784136373474244 ], [ -106.213938859392087, 31.784274246507721 ], [ -106.213939389485972, 31.784315541002201 ] ] ] } },
{ "type": "Feature", "properties": { "pidn": "X57999923700830", "district": 5, "zonelabel": "R-5", "state_cd_clean": "C10", "use_desc": "REAL, VACANT PLATTED COMMERCIAL LOT", "targetlotarea": 115233, "existing_units": 0, "footprint_sqft": 0.0, "interior_sqft": 0.0, "coverage_pct": 0.0, "in_corridor": false, "in_historic": false, "context_type": "Suburban" }, "geometry": { "type": "Polygon", "coordinates": [ [ [ -106.213939389485972, 31.784315541002201 ], [ -106.215599306306459, 31.784313692058941 ], [ -106.215598598201453, 31.784258632757684 ], [ -106.21559700240708, 31.784134524560155 ], [ -106.215591409593415, 31.783699528869093 ], [ -106.213931503133651, 31.783701440045245 ], [ -106.213937088716463, 31.784136373474244 ], [ -106.213938859392087, 31.784274246507721 ], [ -106.213939389485972, 31.784315541002201 ] ] ] } },
{ "type": "Feature", "properties": { "pidn": "X57999923700830", "district": 5, "zonelabel": "R-5", "state_cd_clean": "C10", "use_desc": "REAL, VACANT PLATTED COMMERCIAL LOT", "targetlotarea": 115233, "existing_units": 0, "footprint_sqft": 0.0, "interior_sqft": 0.0, "coverage_pct": 0.0, "in_corridor": false, "in_historic": false, "context_type": "Suburban" }, "geometry": { "type": "Polygon", "coordinates": [ [ [ -106.213939389485972, 31.784315541002201 ], [ -106.215599306306459, 31.784313692058941 ], [ -106.215598598201453, 31.784258632757684 ], [ -106.21559700240708, 31.784134524560155 ], [ -106.215591409593415, 31.783699528869093 ], [ -106.213931503133651, 31.783701440045245 ], [ -106.213937088716463, 31.784136373474244 ], [ -106.213938859392087, 31.784274246507721 ], [ -106.213939389485972, 31.784315541002201 ] ] ] } },
{ "type": "Feature", "properties": { "pidn": "X57999923700830", "district": 5, "zonelabel": "R-5", "state_cd_clean": "C10", "use_desc": "REAL, VACANT PLATTED COMMERCIAL LOT", "targetlotarea": 11308, "existing_units": 0, "footprint_sqft": 0.0, "interior_sqft": 0.0, "coverage_pct": 0.0, "in_corridor": false, "in_historic": false, "context_type": "Suburban" }, "geometry": { "type": "Polygon", "coordinates": [ [ [ -106.215599306306459, 31.784313692058941 ], [ -106.216566242396809, 31.784312605265711 ], [ -106.21655513271908, 31.783527290050319 ], [ -106.216490551433793, 31.783526731348811 ], [ -106.216493877145638, 31.783698577076368 ], [ -106.216499473402607, 31.784133510443521 ], [ -106.216501071430059, 31.784257618582298 ], [ -106.215598598201453, 31.784258632757684 ], [ -106.215599306306459, 31.784313692058941 ] ] ] } },
{ "type": "Feature", "properties": { "pidn": "X57999923700830", "district": 5, "zonelabel": "R-5", "state_cd_clean": "C10", "use_desc": "REAL, VACANT PLATTED COMMERCIAL LOT", "targetlotarea": 11308, "existing_units": 0, "footprint_sqft": 0.0, "interior_sqft": 0.0, "coverage_pct": 0.0, "in_corridor": false, "in_historic": false, "context_type": "Suburban" }, "geometry": { "type": "Polygon", "coordinates": [ [ [ -106.215599306306459, 31.784313692058941 ], [ -106.216566242396809, 31.784312605265711 ], [ -106.21655513271908, 31.783527290050319 ], [ -106.216490551433793, 31.783526731348811 ], [ -106.216493877145638, 31.783698577076368 ], [ -106.216499473402607, 31.784133510443521 ], [ -106.216501071430059, 31.784257618582298 ], [ -106.215598598201453, 31.784258632757684 ], [ -106.215599306306459, 31.784313692058941 ] ] ] } },
{ "type": "Feature", "properties": { "pidn": "X57999923700830", "district": 5, "zonelabel": "R-5", "state_cd_clean": "C10", "use_desc": "REAL, VACANT PLATTED COMMERCIAL LOT", "targetlotarea": 11308, "existing_units": 0, "footprint_sqft": 0.0, "interior_sqft": 0.0, "coverage_pct": 0.0, "in_corridor": false, "in_historic": false, "context_type": "Suburban" }, "geometry": { "type": "Polygon", "coordinates": [ [ [ -106.215599306306459, 31.784313692058941 ], [ -106.216566242396809, 31.784312605265711 ], [ -106.21655513271908, 31.783527290050319 ], [ -106.216490551433793, 31.783526731348811 ], [ -106.216493877145638, 31.783698577076368 ], [ -106.216499473402607, 31.784133510443521 ], [ -106.216501071430059, 31.784257618582298 ], [ -106.215598598201453, 31.784258632757684 ], [ -106.215599306306459, 31.784313692058941 ] ] ] } },
{ "type": "Feature", "properties": { "pidn": "X57999923700830", "district": 5, "zonelabel": "R-5", "state_cd_clean": "C10", "use_desc": "REAL, VACANT PLATTED COMMERCIAL LOT", "targetlotarea": 11308, "existing_units": 0, "footprint_sqft": 0.0, "interior_sqft": 0.0, "coverage_pct": 0.0, "in_corridor": false, "in_historic": false, "context_type": "Suburban" }, "geometry": { "type": "Polygon", "coordinates": [ [ [ -106.215599306306459, 31.784313692058941 ], [ -106.216566242396809, 31.784312605265711 ], [ -106.21655513271908, 31.783527290050319 ], [ -106.216490551433793, 31.783526731348811 ], [ -106.216493877145638, 31.783698577076368 ], [ -106.216499473402607, 31.784133510443521 ], [ -106.216501071430059, 31.784257618582298 ], [ -106.215598598201453, 31.784258632757684 ], [ -106.215599306306459, 31.784313692058941 ] ] ] } },
{ "type": "Feature", "properties": { "pidn": "X57999923700830", "district": 5, "zonelabel": "R-5", "state_cd_clean": "C10", "use_desc": "REAL, VACANT PLATTED COMMERCIAL LOT", "targetlotarea": 11308, "existing_units": 0, "footprint_sqft": 0.0, "interior_sqft": 0.0, "coverage_pct": 0.0, "in_corridor": false, "in_historic": false, "context_type": "Suburban" }, "geometry": { "type": "Polygon", "coordinates": [ [ [ -106.215599306306459, 31.784313692058941 ], [ -106.216566242396809, 31.784312605265711 ], [ -106.21655513271908, 31.783527290050319 ], [ -106.216490551433793, 31.783526731348811 ], [ -106.216493877145638, 31.783698577076368 ], [ -106.216499473402607, 31.784133510443521 ], [ -106.216501071430059, 31.784257618582298 ], [ -106.215598598201453, 31.784258632757684 ], [ -106.215599306306459, 31.784313692058941 ] ] ] } },
{ "type": "Feature", "properties": { "pidn": "X57999924600940", "district": 5, "zonelabel": "R-5", "state_cd_clean": "C10", "use_desc": "REAL, VACANT PLATTED COMMERCIAL LOT", "targetlotarea": 140599, "existing_units": 0, "footprint_sqft": 0.0, "interior_sqft": 0.0, "coverage_pct": 0.0, "in_corridor": false, "in_historic": false, "context_type": "Suburban" }, "geometry": { "type": "Polygon", "coordinates": [ [ [ -106.23572850359831, 31.783703230047177 ], [ -106.235769856373352, 31.783703108884826 ], [ -106.235767230093273, 31.783048184862004 ], [ -106.235767143804878, 31.783026611729099 ], [ -106.235766958113146, 31.782980448648626 ], [ -106.235464452279615, 31.782981333446784 ], [ -106.235138465626662, 31.782982285579898 ], [ -106.23404433116491, 31.78298547565246 ], [ -106.234045097201857, 31.783046857459588 ], [ -106.234042568854335, 31.783046903487012 ], [ -106.23405246826718, 31.783708122622151 ], [ -106.23572850359831, 31.783703230047177 ] ] ] } },
{ "type": "Feature", "properties": { "pidn": "X57999924600940", "district": 5, "zonelabel": "R-5", "state_cd_clean": "C10", "use_desc": "REAL, VACANT PLATTED COMMERCIAL LOT", "targetlotarea": 140599, "existing_units": 0, "footprint_sqft": 0.0, "interior_sqft": 0.0, "coverage_pct": 0.0, "in_corridor": false, "in_historic": false, "context_type": "Suburban" }, "geometry": { "type": "Polygon", "coordinates": [ [ [ -106.23572850359831, 31.783703230047177 ], [ -106.235769856373352, 31.783703108884826 ], [ -106.235767230093273, 31.783048184862004 ], [ -106.235767143804878, 31.783026611729099 ], [ -106.235766958113146, 31.782980448648626 ], [ -106.235464452279615, 31.782981333446784 ], [ -106.235138465626662, 31.782982285579898 ], [ -106.23404433116491, 31.78298547565246 ], [ -106.234045097201857, 31.783046857459588 ], [ -106.234042568854335, 31.783046903487012 ], [ -106.23405246826718, 31.783708122622151 ], [ -106.23572850359831, 31.783703230047177 ] ] ] } },
{ "type": "Feature", "properties": { "pidn": "X57999924600940", "district": 5, "zonelabel": "R-5", "state_cd_clean": "C10", "use_desc": "REAL, VACANT PLATTED COMMERCIAL LOT", "targetlotarea": 140599, "existing_units": 0, "footprint_sqft": 0.0, "interior_sqft": 0.0, "coverage_pct": 0.0, "in_corridor": false, "in_historic": false, "context_type": "Suburban" }, "geometry": { "type": "Polygon", "coordinates": [ [ [ -106.23572850359831, 31.783703230047177 ], [ -106.235769856373352, 31.783703108884826 ], [ -106.235767230093273, 31.783048184862004 ], [ -106.235767143804878, 31.783026611729099 ], [ -106.235766958113146, 31.782980448648626 ], [ -106.235464452279615, 31.782981333446784 ], [ -106.235138465626662, 31.782982285579898 ], [ -106.23404433116491, 31.78298547565246 ], [ -106.234045097201857, 31.783046857459588 ], [ -106.234042568854335, 31.783046903487012 ], [ -106.23405246826718, 31.783708122622151 ], [ -106.23572850359831, 31.783703230047177 ] ] ] } },
{ "type": "Feature", "properties": { "pidn": " ", "district": 5, "zonelabel": "C-2", "state_cd_clean": "", "use_desc": "Unknown", "targetlotarea": 87255, "existing_units": 0, "footprint_sqft": 0.0, "interior_sqft": 0.0, "coverage_pct": 0.0, "in_corridor": false, "in_historic": false, "context_type": "Suburban" }, "geometry": { "type": "Polygon", "coordinates": [ [ [ -106.239125541632234, 31.783704681237317 ], [ -106.239154018240598, 31.783704693696066 ], [ -106.239148384841485, 31.782312313142086 ], [ -106.238716636016264, 31.782313599052181 ], [ -106.2387173976486, 31.782500111286954 ], [ -106.238719082082156, 31.782971775506685 ], [ -106.238485797665049, 31.782972463397687 ], [ -106.238488753725306, 31.783704389075456 ], [ -106.239125541632234, 31.783704681237317 ] ] ] } },
{ "type": "Feature", "properties": { "pidn": "T28799931006300", "district": 5, "zonelabel": "R-5", "state_cd_clean": "A1", "use_desc": "REAL, RESIDENTIAL, SINGLE-FAMILY", "targetlotarea": 207148, "existing_units": 1, "footprint_sqft": 0.0, "interior_sqft": 0.0, "coverage_pct": 0.0, "in_corridor": false, "in_historic": false, "context_type": "Suburban" }, "geometry": { "type": "Polygon", "coordinates": [ [ [ -106.224980869090203, 31.784491943773698 ], [ -106.22498955410309, 31.784491826861235 ], [ -106.224987489709335, 31.784343994089024 ], [ -106.216862900166689, 31.7843397562151 ], [ -106.21686759006613, 31.784652986789194 ], [ -106.219474563103816, 31.784654087965936 ], [ -106.219474627881283, 31.78465441648704 ], [ -106.219761544283969, 31.784655147704218 ], [ -106.220044347143457, 31.784655869323718 ], [ -106.220214690027973, 31.78465630405724 ], [ -106.220391462393067, 31.784656753821295 ], [ -106.220528025748706, 31.784657100828056 ], [ -106.220615608268574, 31.784657323959895 ], [ -106.22061385963562, 31.784493264008034 ], [ -106.220810571497594, 31.784493777320179 ], [ -106.221036575932047, 31.784494366478679 ], [ -106.221250141076766, 31.784494922993492 ], [ -106.221441908105248, 31.784495422498861 ], [ -106.221612252433246, 31.784495866164018 ], [ -106.221782594598196, 31.784496308801206 ], [ -106.222025784399349, 31.784496941240732 ], [ -106.222059140957327, 31.784497028300038 ], [ -106.222436174643036, 31.784498008188191 ], [ -106.22243609805038, 31.784490808216972 ], [ -106.224724442839204, 31.784491831301708 ], [ -106.224980869090203, 31.784491943773698 ] ] ] } },
{ "type": "Feature", "properties": { "pidn": "T28799921406775", "district": 5, "zonelabel": "R-5", "state_cd_clean": "C10", "use_desc": "REAL, VACANT PLATTED COMMERCIAL LOT", "targetlotarea": 48419, "existing_units": 0, "footprint_sqft": 0.0, "interior_sqft": 0.0, "coverage_pct": 0.0, "in_corridor": false, "in_historic": false, "context_type": "Suburban" }, "geometry": { "type": "Polygon", "coordinates": [ [ [ -106.23058499873693, 31.784369098879143 ], [ -106.231247128975539, 31.784370078374565 ], [ -106.23123895615997, 31.783722126658351 ], [ -106.230576857216533, 31.783723195138741 ], [ -106.230577264440399, 31.783755519133138 ], [ -106.230579028022902, 31.783895510342035 ], [ -106.230582702718721, 31.784186871068421 ], [ -106.23058499873693, 31.784369098879143 ] ] ] } },
{ "type": "Feature", "properties": { "pidn": "T28799910400200", "district": 5, "zonelabel": "C-4", "state_cd_clean": "F1", "use_desc": "COMM,ANY COMM OTHR THAN F2-F9", "targetlotarea": 92309, "existing_units": 0, "footprint_sqft": 35371.749, "interior_sqft": 43206.2988, "coverage_pct": 0.38318851899598083, "in_corridor": false, "in_historic": false, "context_type": "Suburban" }, "geometry": { "type": "Polygon", "coordinates": [ [ [ -106.266716065642925, 31.782945327830731 ], [ -106.267518997819749, 31.78294522047748 ], [ -106.267505647710522, 31.781928183722901 ], [ -106.266702725294465, 31.781928292747079 ], [ -106.266716065642925, 31.782945327830731 ] ] ] } },
{ "type": "Feature", "properties": { "pidn": "S53999900100100", "district": 5, "zonelabel": "R-5", "state_cd_clean": "C10", "use_desc": "REAL, VACANT PLATTED COMMERCIAL LOT", "targetlotarea": 189420, "existing_units": 0, "footprint_sqft": 10599.2002, "interior_sqft": 10599.2002, "coverage_pct": 0.05595607749973603, "in_corridor": false, "in_historic": false, "context_type": "Suburban" }, "geometry": { "type": "Polygon", "coordinates": [ [ [ -106.265940652102785, 31.783908599522899 ], [ -106.266272281786527, 31.783908556744393 ], [ -106.266259652321523, 31.782945388498263 ], [ -106.266716065642925, 31.782945327830731 ], [ -106.266702725294465, 31.781928292747079 ], [ -106.267505647710522, 31.781928183722901 ], [ -106.267502039238252, 31.781653309115619 ], [ -106.266987604986028, 31.781653379041177 ], [ -106.266737035131044, 31.78165341220166 ], [ -106.266665781151943, 31.781653421166993 ], [ -106.26657870890125, 31.781653433451783 ], [ -106.265931304688692, 31.781653516386179 ], [ -106.265846773091852, 31.781653527032645 ], [ -106.265821636679973, 31.78165352979865 ], [ -106.265798307261335, 31.78165353325598 ], [ -106.26581083094058, 31.781839049965047 ], [ -106.265828618379018, 31.782102536584031 ], [ -106.265837142511799, 31.782228805079679 ], [ -106.26584568208807, 31.782355320330851 ], [ -106.265854186301681, 31.782481286261845 ], [ -106.265862690481541, 31.782607251285405 ], [ -106.265871193798503, 31.782733219051924 ], [ -106.265879698023511, 31.782859184061849 ], [ -106.265888201329275, 31.782985150914207 ], [ -106.265896704601332, 31.783111116859114 ], [ -106.265907044993227, 31.78326427983216 ], [ -106.265916404863248, 31.783402936722187 ], [ -106.265917986452607, 31.783426366591609 ], [ -106.26592630014558, 31.783549500727784 ], [ -106.265937197421863, 31.783710930179438 ], [ -106.265935582102998, 31.783908598590468 ], [ -106.265940652102785, 31.783908599522899 ] ] ] } },
{ "type": "Feature", "properties": { "pidn": "T28799910400200", "district": 5, "zonelabel": "C-4", "state_cd_clean": "F1", "use_desc": "COMM,ANY COMM OTHR THAN F2-F9", "targetlotarea": 137155, "existing_units": 0, "footprint_sqft": 35371.749, "interior_sqft": 43206.2988, "coverage_pct": 0.25789616856840797, "in_corridor": false, "in_historic": false, "context_type": "Suburban" }, "geometry": { "type": "Polygon", "coordinates": [ [ [ -106.266652339383924, 31.783908507476625 ], [ -106.267535771155309, 31.783908389845969 ], [ -106.267529271647604, 31.783727980451175 ], [ -106.267518997819749, 31.78294522047748 ], [ -106.266716065642925, 31.782945327830731 ], [ -106.266259652321523, 31.782945388498263 ], [ -106.266272281786527, 31.783908556744393 ], [ -106.266652339383924, 31.783908507476625 ] ] ] } },
{ "type": "Feature", "properties": { "pidn": "T28799910400150", "district": 5, "zonelabel": "R-5", "state_cd_clean": "F1", "use_desc": "COMM,ANY COMM OTHR THAN F2-F9", "targetlotarea": 85356, "existing_units": 0, "footprint_sqft": 51516.38865, "interior_sqft": 51516.38865, "coverage_pct": 0.60354736222409677, "in_corridor": false, "in_historic": false, "context_type": "Suburban" }, "geometry": { "type": "Polygon", "coordinates": [ [ [ -106.26594208273599, 31.784962123160515 ], [ -106.266643742682774, 31.784962032642227 ], [ -106.266652339383924, 31.783908507476625 ], [ -106.266272281786527, 31.783908556744393 ], [ -106.265940652102785, 31.783908599522899 ], [ -106.265935582102998, 31.783908598590468 ], [ -106.265934902397674, 31.783991859219068 ], [ -106.265932971987255, 31.784228204364933 ], [ -106.265931804608329, 31.78437093127285 ], [ -106.265930635158853, 31.784514149584922 ], [ -106.265929464651592, 31.784657367936919 ], [ -106.265928295195067, 31.784800586232681 ], [ -106.265927325625583, 31.784943805340731 ], [ -106.265927201707882, 31.78496212522456 ], [ -106.265939715412856, 31.78496212453069 ], [ -106.26594208273599, 31.784962123160515 ] ] ] } },
{ "type": "Feature", "properties": { "pidn": "T28799910400450", "district": 5, "zonelabel": "C-4", "state_cd_clean": "F1", "use_desc": "COMM,ANY COMM OTHR THAN F2-F9", "targetlotarea": 55688, "existing_units": 0, "footprint_sqft": 0.0, "interior_sqft": 0.0, "coverage_pct": 0.0, "in_corridor": false, "in_historic": false, "context_type": "Suburban" }, "geometry": { "type": "Polygon", "coordinates": [ [ [ -106.266648121256523, 31.784425447320217 ], [ -106.266643742682774, 31.784962032642227 ], [ -106.266776086025658, 31.784962015144476 ], [ -106.267573725288372, 31.78496190846262 ], [ -106.267554394205433, 31.78442532679334 ], [ -106.266648121256523, 31.784425447320217 ] ] ] } },
{ "type": "Feature", "properties": { "pidn": "T28799910400425", "district": 5, "zonelabel": "C-4", "state_cd_clean": "F1", "use_desc": "COMM,ANY COMM OTHR THAN F2-F9", "targetlotarea": 104602, "existing_units": 0, "footprint_sqft": 5877.33984, "interior_sqft": 11754.67968, "coverage_pct": 0.056187643066098157, "in_corridor": false, "in_historic": false, "context_type": "Suburban" }, "geometry": { "type": "Polygon", "coordinates": [ [ [ -106.266776299745274, 31.786122168672762 ], [ -106.267573943362677, 31.786122060428887 ], [ -106.267573725288372, 31.78496190846262 ], [ -106.266776086025658, 31.784962015144476 ], [ -106.266776299745274, 31.786122168672762 ] ] ] } },
{ "type": "Feature", "properties": { "pidn": "P85499900100100", "district": 5, "zonelabel": "C-4", "state_cd_clean": "F1", "use_desc": "COMM,ANY COMM OTHR THAN F2-F9", "targetlotarea": 43126, "existing_units": 0, "footprint_sqft": 20541.13989, "interior_sqft": 41082.27978, "coverage_pct": 0.47630524254510037, "in_corridor": false, "in_historic": false, "context_type": "Suburban" }, "geometry": { "type": "Polygon", "coordinates": [ [ [ -106.266776386250029, 31.786600479727973 ], [ -106.267574033882724, 31.78660037148358 ], [ -106.267573943362677, 31.786122060428887 ], [ -106.266776299745274, 31.786122168672762 ], [ -106.266776386250029, 31.786600479727973 ] ] ] } },
{ "type": "Feature", "properties": { "pidn": "T28799903307680", "district": 5, "zonelabel": "C-4", "state_cd_clean": "F1", "use_desc": "COMM,ANY COMM OTHR THAN F2-F9", "targetlotarea": 24785, "existing_units": 0, "footprint_sqft": 0.0, "interior_sqft": 0.0, "coverage_pct": 0.0, "in_corridor": false, "in_historic": false, "context_type": "Suburban" }, "geometry": { "type": "Polygon", "coordinates": [ [ [ -106.266776436856432, 31.786875370569433 ], [ -106.267574085798685, 31.78687526327337 ], [ -106.267574033882724, 31.78660037148358 ], [ -106.266776386250029, 31.786600479727973 ], [ -106.266776436856432, 31.786875370569433 ] ] ] } },
{ "type": "Feature", "properties": { "pidn": "T28799903307650", "district": 5, "zonelabel": "C-4", "state_cd_clean": "F1", "use_desc": "COMM,ANY COMM OTHR THAN F2-F9", "targetlotarea": 38164, "existing_units": 0, "footprint_sqft": 10659.55005, "interior_sqft": 14250.39014, "coverage_pct": 0.27930903600251544, "in_corridor": false, "in_historic": false, "context_type": "Suburban" }, "geometry": { "type": "Polygon", "coordinates": [ [ [ -106.266776514758718, 31.78729864979022 ], [ -106.267574166087428, 31.78729854074064 ], [ -106.267574085798685, 31.78687526327337 ], [ -106.266776436856432, 31.786875370569433 ], [ -106.266776514758718, 31.78729864979022 ] ] ] } },
{ "type": "Feature", "properties": { "pidn": "T28799910400450", "district": 5, "zonelabel": "R-5", "state_cd_clean": "F1", "use_desc": "COMM,ANY COMM OTHR THAN F2-F9", "targetlotarea": 248170, "existing_units": 0, "footprint_sqft": 0.0, "interior_sqft": 0.0, "coverage_pct": 0.0, "in_corridor": false, "in_historic": false, "context_type": "Suburban" }, "geometry": { "type": "Polygon", "coordinates": [ [ [ -106.265915614418731, 31.788658920696033 ], [ -106.266059059905899, 31.78865942304223 ], [ -106.26605882677255, 31.787298741313155 ], [ -106.266776514758718, 31.78729864979022 ], [ -106.266776436856432, 31.786875370569433 ], [ -106.266776386250029, 31.786600479727973 ], [ -106.266776299745274, 31.786122168672762 ], [ -106.266776086025658, 31.784962015144476 ], [ -106.266643742682774, 31.784962032642227 ], [ -106.26594208273599, 31.784962123160515 ], [ -106.265939715412856, 31.78496212453069 ], [ -106.265927201707882, 31.78496212522456 ], [ -106.265926356053257, 31.785087024440603 ], [ -106.265925386365367, 31.785230241731202 ], [ -106.265924416787129, 31.785373460814849 ], [ -106.265923447149731, 31.785516678989762 ], [ -106.265922478619984, 31.785659898009065 ], [ -106.265921508976746, 31.785803116167763 ], [ -106.265920539330523, 31.785946334318293 ], [ -106.265919569737676, 31.786089553361276 ], [ -106.265918600085627, 31.786232771495552 ], [ -106.265917632299065, 31.786375714976693 ], [ -106.265917365578971, 31.786518658997423 ], [ -106.26591709874549, 31.786661601208863 ], [ -106.265916830969388, 31.786804545261443 ], [ -106.265916571864949, 31.786943702876126 ], [ -106.265916305141644, 31.787086646864651 ], [ -106.265916037306908, 31.78722958999256 ], [ -106.265915772487546, 31.787371667750566 ], [ -106.265915426690555, 31.7875573527025 ], [ -106.265915492458063, 31.787948200733798 ], [ -106.265915614418731, 31.788658920696033 ] ] ] } },
{ "type": "Feature", "properties": { "pidn": "T28299900100150", "district": 5, "zonelabel": "C-4", "state_cd_clean": "F1", "use_desc": "COMM,ANY COMM OTHR THAN F2-F9", "targetlotarea": 220213, "existing_units": 0, "footprint_sqft": 0.0, "interior_sqft": 0.0, "coverage_pct": 0.0, "in_corridor": false, "in_historic": false, "context_type": "Suburban" }, "geometry": { "type": "Polygon", "coordinates": [ [ [ -106.266059059905899, 31.78865942304223 ], [ -106.267407634359785, 31.788663776442753 ], [ -106.267412484956836, 31.788662716191308 ], [ -106.267417067972332, 31.78866099529106 ], [ -106.267421261465685, 31.788658659042284 ], [ -106.267424952003068, 31.788655770420416 ], [ -106.267428042867323, 31.788652406088953 ], [ -106.267430449840248, 31.788648656591949 ], [ -106.267432108302003, 31.788644621514308 ], [ -106.26743297539609, 31.788640410286348 ], [ -106.267439695359911, 31.78835132653089 ], [ -106.267451211063133, 31.788062352769856 ], [ -106.267552138973244, 31.78759988861194 ], [ -106.267574166087428, 31.78729854074064 ], [ -106.266776514758718, 31.78729864979022 ], [ -106.26605882677255, 31.787298741313155 ], [ -106.266059059905899, 31.78865942304223 ] ] ] } },
{ "type": "Feature", "properties": { "pidn": "T28799906000500", "district": 5, "zonelabel": "C-1", "state_cd_clean": "A1", "use_desc": "REAL, RESIDENTIAL, SINGLE-FAMILY", "targetlotarea": 74815, "existing_units": 1, "footprint_sqft": 0.0, "interior_sqft": 0.0, "coverage_pct": 0.0, "in_corridor": false, "in_historic": false, "context_type": "Suburban" }, "geometry": { "type": "Polygon", "coordinates": [ [ [ -106.259078010813326, 31.791528417239302 ], [ -106.259459708870708, 31.791522385542127 ], [ -106.259436425386554, 31.79052653145089 ], [ -106.259429746450834, 31.7905197341451 ], [ -106.259421874191958, 31.790513944014176 ], [ -106.259413012516958, 31.790509310726105 ], [ -106.259403394223909, 31.790505955538311 ], [ -106.259393269066223, 31.790503966422911 ], [ -106.259382901418732, 31.790503394559753 ], [ -106.258792598182765, 31.790512722339365 ], [ -106.258794452835474, 31.790669951722357 ], [ -106.258796145317291, 31.790813437079414 ], [ -106.258797836806096, 31.79095692337701 ], [ -106.25880008771415, 31.791147687705791 ], [ -106.258804629503231, 31.791532735891785 ], [ -106.259078010813326, 31.791528417239302 ] ] ] } },
{ "type": "Feature", "properties": { "pidn": "E29999901100450", "district": 5, "zonelabel": "C-3", "state_cd_clean": "F1", "use_desc": "COMM,ANY COMM OTHR THAN F2-F9", "targetlotarea": 58763, "existing_units": 0, "footprint_sqft": 12130.0, "interior_sqft": 12130.0, "coverage_pct": 0.20642240865850961, "in_corridor": false, "in_historic": false, "context_type": "Suburban" }, "geometry": { "type": "Polygon", "coordinates": [ [ [ -106.25717181986073, 31.792260275199215 ], [ -106.257354997982745, 31.792246363290165 ], [ -106.257538540259461, 31.79223657549127 ], [ -106.257722321405993, 31.792230920215861 ], [ -106.25790621363528, 31.792229399669701 ], [ -106.257890121019429, 31.791540602167562 ], [ -106.25779962169743, 31.791541381063094 ], [ -106.257631723051858, 31.79155101429043 ], [ -106.257463824372309, 31.791560647301353 ], [ -106.257295925658639, 31.79157028009579 ], [ -106.257131496601261, 31.791579714071393 ], [ -106.257101869104886, 31.791581414210938 ], [ -106.25717181986073, 31.792260275199215 ] ] ] } },
{ "type": "Feature", "properties": { "pidn": "E29999901100450", "district": 5, "zonelabel": "C-3", "state_cd_clean": "F1", "use_desc": "COMM,ANY COMM OTHR THAN F2-F9", "targetlotarea": 59367, "existing_units": 0, "footprint_sqft": 12130.0, "interior_sqft": 12130.0, "coverage_pct": 0.20432226657907593, "in_corridor": false, "in_historic": false, "context_type": "Suburban" }, "geometry": { "type": "Polygon", "coordinates": [ [ [ -106.25790621363528, 31.792229399669701 ], [ -106.258668599154291, 31.79222284515393 ], [ -106.258652500843922, 31.791534045042432 ], [ -106.258578835063346, 31.79153467928877 ], [ -106.258574812709327, 31.791534714337711 ], [ -106.258364914323835, 31.791536519649881 ], [ -106.258135612083848, 31.791538491049558 ], [ -106.257967616865088, 31.791539935714336 ], [ -106.257890121019429, 31.791540602167562 ], [ -106.25790621363528, 31.792229399669701 ] ] ] } },
{ "type": "Feature", "properties": { "pidn": "E29999901100450", "district": 5, "zonelabel": "C-3", "state_cd_clean": "F1", "use_desc": "COMM,ANY COMM OTHR THAN F2-F9", "targetlotarea": 37741, "existing_units": 0, "footprint_sqft": 12130.0, "interior_sqft": 12130.0, "coverage_pct": 0.32140112874592619, "in_corridor": false, "in_historic": false, "context_type": "Suburban" }, "geometry": { "type": "Polygon", "coordinates": [ [ [ -106.256621318530534, 31.791631933226231 ], [ -106.256692148322301, 31.792319360416059 ], [ -106.256851462478593, 31.79229634801408 ], [ -106.257011385190708, 31.792276649368983 ], [ -106.25717181986073, 31.792260275199215 ], [ -106.257101869104886, 31.791581414210938 ], [ -106.257100986979708, 31.791572853657676 ], [ -106.256963811131669, 31.791588748774764 ], [ -106.256801464571055, 31.791604375266282 ], [ -106.256640056930863, 31.791629067092934 ], [ -106.256621318530534, 31.791631933226231 ] ] ] } },
{ "type": "Feature", "properties": { "pidn": "T28799906000200", "district": 5, "zonelabel": "C-1", "state_cd_clean": "F1", "use_desc": "COMM,ANY COMM OTHR THAN F2-F9", "targetlotarea": 32957, "existing_units": 0, "footprint_sqft": 34835.4492, "interior_sqft": 69670.8984, "coverage_pct": 1.0569969718117547, "in_corridor": false, "in_historic": false, "context_type": "Suburban" }, "geometry": { "type": "Polygon", "coordinates": [ [ [ -106.258668599154291, 31.79222284515393 ], [ -106.259088729762055, 31.792219230791737 ], [ -106.259078010813326, 31.791528417239302 ], [ -106.258804629503231, 31.791532735891785 ], [ -106.258652500843922, 31.791534045042432 ], [ -106.258668599154291, 31.79222284515393 ] ] ] } },
{ "type": "Feature", "properties": { "pidn": "T28799906000200", "district": 5, "zonelabel": "C-1", "state_cd_clean": "F1", "use_desc": "COMM,ANY COMM OTHR THAN F2-F9", "targetlotarea": 30037, "existing_units": 0, "footprint_sqft": 34835.4492, "interior_sqft": 69670.8984, "coverage_pct": 1.1597512800878915, "in_corridor": false, "in_historic": false, "context_type": "Suburban" }, "geometry": { "type": "Polygon", "coordinates": [ [ [ -106.259088729762055, 31.792219230791737 ], [ -106.25945025213565, 31.79221611944746 ], [ -106.259458851574536, 31.792207623813301 ], [ -106.259465753013373, 31.792198064829872 ], [ -106.259470780387915, 31.792187688045143 ], [ -106.259473804324159, 31.792176758556291 ], [ -106.25947474718528, 31.792165557167099 ], [ -106.259459708870708, 31.791522385542127 ], [ -106.259078010813326, 31.791528417239302 ], [ -106.259088729762055, 31.792219230791737 ] ] ] } },
{ "type": "Feature", "properties": { "pidn": "T28799906001900", "district": 5, "zonelabel": "C-3", "state_cd_clean": "A1", "use_desc": "REAL, RESIDENTIAL, SINGLE-FAMILY", "targetlotarea": 35761, "existing_units": 1, "footprint_sqft": 0.0, "interior_sqft": 0.0, "coverage_pct": 0.0, "in_corridor": false, "in_historic": false, "context_type": "Suburban" }, "geometry": { "type": "Polygon", "coordinates": [ [ [ -106.25628014302066, 31.792311757550241 ], [ -106.256302042376134, 31.792388541880417 ], [ -106.256496636036644, 31.792352062944595 ], [ -106.256692148322301, 31.792319360416059 ], [ -106.256621318530534, 31.791631933226231 ], [ -106.256482730991252, 31.79165313398164 ], [ -106.256334862162916, 31.791675754147128 ], [ -106.256165820740293, 31.791709562458756 ], [ -106.25611701114471, 31.79171964430607 ], [ -106.256111589847364, 31.791720764419505 ], [ -106.256184086124293, 31.791974956508476 ], [ -106.25628014302066, 31.792311757550241 ] ] ] } },
{ "type": "Feature", "properties": { "pidn": "T28799905901600", "district": 5, "zonelabel": "C-3", "state_cd_clean": "A1", "use_desc": "REAL, RESIDENTIAL, SINGLE-FAMILY", "targetlotarea": 74640, "existing_units": 1, "footprint_sqft": 0.0, "interior_sqft": 0.0, "coverage_pct": 0.0, "in_corridor": false, "in_historic": false, "context_type": "Suburban" }, "geometry": { "type": "Polygon", "coordinates": [ [ [ -106.25989216185225, 31.792234440734799 ], [ -106.260777207350898, 31.792220447321192 ], [ -106.260762366238666, 31.791535802712851 ], [ -106.260648422108105, 31.79153760462388 ], [ -106.260481091719896, 31.791540249632561 ], [ -106.260313975819983, 31.791542891881047 ], [ -106.260146645469405, 31.791545537360644 ], [ -106.259979530605293, 31.791548179131958 ], [ -106.259795821105016, 31.791551083393713 ], [ -106.259810225861386, 31.792167100847241 ], [ -106.25981172381293, 31.792179000295661 ], [ -106.259815617136425, 31.792190498022507 ], [ -106.259821786670969, 31.792201243612787 ], [ -106.259830045068739, 31.79221091233601 ], [ -106.259840142460646, 31.792219211209972 ], [ -106.259851772234555, 31.792225886866245 ], [ -106.259864581424893, 31.792230739527316 ], [ -106.259878182142543, 31.792233619776678 ], [ -106.25989216185225, 31.792234440734799 ] ] ] } },
{ "type": "Feature", "properties": { "pidn": "T28799905901600", "district": 5, "zonelabel": "C-3", "state_cd_clean": "A1", "use_desc": "REAL, RESIDENTIAL, SINGLE-FAMILY", "targetlotarea": 99596, "existing_units": 1, "footprint_sqft": 0.0, "interior_sqft": 0.0, "coverage_pct": 0.0, "in_corridor": false, "in_historic": false, "context_type": "Suburban" }, "geometry": { "type": "Polygon", "coordinates": [ [ [ -106.260777207350898, 31.792220447321192 ], [ -106.262064377444347, 31.792200086751045 ], [ -106.262060712672863, 31.792043540335044 ], [ -106.262057367475023, 31.791900626000082 ], [ -106.262054064970997, 31.791759580143278 ], [ -106.262050799123287, 31.791620018296548 ], [ -106.262048351239358, 31.79151545973253 ], [ -106.261867762419612, 31.791518317757486 ], [ -106.261664712802315, 31.791521529628284 ], [ -106.261484644689233, 31.791524377847704 ], [ -106.261314738999459, 31.791527066296915 ], [ -106.26114998305475, 31.791529671647989 ], [ -106.260982868302733, 31.791532315607277 ], [ -106.260815536878724, 31.791534961093689 ], [ -106.260762366238666, 31.791535802712851 ], [ -106.260777207350898, 31.792220447321192 ] ] ] } },
{ "type": "Feature", "properties": { "pidn": "T28799905104300", "district": 5, "zonelabel": "R-5", "state_cd_clean": "A1", "use_desc": "REAL, RESIDENTIAL, SINGLE-FAMILY", "targetlotarea": 1001, "existing_units": 1, "footprint_sqft": 0.0, "interior_sqft": 0.0, "coverage_pct": 0.0, "in_corridor": false, "in_historic": false, "context_type": "Suburban" }, "geometry": { "type": "Polygon", "coordinates": [ [ [ -106.2658794654171, 31.792615657622328 ], [ -106.265881267109975, 31.792649255934979 ], [ -106.265898174916686, 31.792648857161325 ], [ -106.265930074146766, 31.792648105436054 ], [ -106.265924197110365, 31.792473201046185 ], [ -106.265896909587354, 31.792473634133039 ], [ -106.265890431890682, 31.792473738000993 ], [ -106.265889410343249, 31.792473753868983 ], [ -106.265871872164922, 31.792474031459541 ], [ -106.2658794654171, 31.792615657622328 ] ] ] } },
{ "type": "Feature", "properties": { "pidn": "T28799904700120", "district": 5, "zonelabel": "C-3", "state_cd_clean": "F1", "use_desc": "COMM,ANY COMM OTHR THAN F2-F9", "targetlotarea": 76513, "existing_units": 0, "footprint_sqft": 13352.0398, "interior_sqft": 26704.0796, "coverage_pct": 0.17450681322128267, "in_corridor": false, "in_historic": false, "context_type": "Suburban" }, "geometry": { "type": "Polygon", "coordinates": [ [ [ -106.259789874556546, 31.793319435002722 ], [ -106.260695127278026, 31.793305120151643 ], [ -106.260677883217724, 31.792556265478467 ], [ -106.259853190335662, 31.792569303810552 ], [ -106.259840612987162, 31.792570349913738 ], [ -106.259828383082009, 31.792573065473356 ], [ -106.259816800922891, 31.792577382622806 ], [ -106.259806152739728, 31.792583194397661 ], [ -106.259796701424861, 31.79259035877071 ], [ -106.25978868020627, 31.792598698939383 ], [ -106.259782285547999, 31.79260800816559 ], [ -106.259777676601573, 31.792618057928539 ], [ -106.259774966882844, 31.792628600110305 ], [ -106.25977422261316, 31.792639374296513 ], [ -106.259789874556546, 31.793319435002722 ] ] ] } },
{ "type": "Feature", "properties": { "pidn": "T28799904700120", "district": 5, "zonelabel": "C-3", "state_cd_clean": "F1", "use_desc": "COMM,ANY COMM OTHR THAN F2-F9", "targetlotarea": 97732, "existing_units": 0, "footprint_sqft": 13352.0398, "interior_sqft": 26704.0796, "coverage_pct": 0.136618914992019, "in_corridor": false, "in_historic": false, "context_type": "Suburban" }, "geometry": { "type": "Polygon", "coordinates": [ [ [ -106.260695127278026, 31.793305120151643 ], [ -106.261849377864678, 31.793286858609402 ], [ -106.261832123993216, 31.792538009535217 ], [ -106.260677883217724, 31.792556265478467 ], [ -106.260695127278026, 31.793305120151643 ] ] ] } },
{ "type": "Feature", "properties": { "pidn": "T28499900700200", "district": 5, "zonelabel": "C-3", "state_cd_clean": "C10", "use_desc": "REAL, VACANT PLATTED COMMERCIAL LOT", "targetlotarea": 600860, "existing_units": 0, "footprint_sqft": 0.0, "interior_sqft": 0.0, "coverage_pct": 0.0, "in_corridor": false, "in_historic": false, "context_type": "Suburban" }, "geometry": { "type": "Polygon", "coordinates": [ [ [ -106.233966547869571, 31.793669818831727 ], [ -106.23525397717556, 31.794786591290503 ], [ -106.23538347176553, 31.79466223933132 ], [ -106.235723119491951, 31.79433607705484 ], [ -106.235843946779809, 31.794220085219788 ], [ -106.23597230166709, 31.794096866238309 ], [ -106.236098566685925, 31.793975652959123 ], [ -106.236227653385853, 31.793851731258957 ], [ -106.236227875985051, 31.793851518857291 ], [ -106.23622801765346, 31.793851382378222 ], [ -106.236351919087326, 31.79373243725167 ], [ -106.236468047861294, 31.793620714800984 ], [ -106.236581406303117, 31.793511855333609 ], [ -106.236699048174486, 31.793398881785325 ], [ -106.236812613127796, 31.793290171667213 ], [ -106.236821210606877, 31.793281917952498 ], [ -106.236925685358287, 31.793181619259499 ], [ -106.236925962868526, 31.793181354692329 ], [ -106.23692599076881, 31.79318132723537 ], [ -106.23703937419674, 31.793072477910037 ], [ -106.237157037132718, 31.792959520082931 ], [ -106.237270421029677, 31.792850669598408 ], [ -106.237383803612346, 31.792741819058296 ], [ -106.237497185991231, 31.792632969315374 ], [ -106.237612952892079, 31.792521829266256 ], [ -106.237321743622175, 31.792330861884743 ], [ -106.236294912876687, 31.791603417141605 ], [ -106.236283019539414, 31.791596418155972 ], [ -106.236269983228254, 31.791591103902373 ], [ -106.236256131679085, 31.791587609434291 ], [ -106.23624180852687, 31.791586019411358 ], [ -106.23622737053482, 31.791586374546782 ], [ -106.236213178766889, 31.791588665686074 ], [ -106.236199584992207, 31.791592836229935 ], [ -106.236186929576263, 31.791598782230068 ], [ -106.233966547869571, 31.793669818831727 ] ] ] } },
{ "type": "Feature", "properties": { "pidn": "Q53099900H00100", "district": 5, "zonelabel": "C-1", "state_cd_clean": "F1", "use_desc": "COMM,ANY COMM OTHR THAN F2-F9", "targetlotarea": 5470, "existing_units": 0, "footprint_sqft": 5538.49023, "interior_sqft": 5538.49023, "coverage_pct": 1.0125210658135284, "in_corridor": true, "in_historic": false, "context_type": "Suburban" }, "geometry": { "type": "Polygon", "coordinates": [ [ [ -106.249346052184492, 31.794589506315202 ], [ -106.249394623959006, 31.794708251097919 ], [ -106.249466849707375, 31.794686360715993 ], [ -106.249460988212746, 31.794673330174646 ], [ -106.249536406364285, 31.794650472744497 ], [ -106.249542195438337, 31.794663342202814 ], [ -106.249614770915031, 31.79464134642307 ], [ -106.249608983111514, 31.794628480522316 ], [ -106.24968369338545, 31.794606227783255 ], [ -106.249689477585321, 31.794619086619914 ], [ -106.249772741322772, 31.794594285502146 ], [ -106.249732499386738, 31.794474398940455 ], [ -106.249346052184492, 31.794589506315202 ] ] ] } },
{ "type": "Feature", "properties": { "pidn": "Q53099900G00100", "district": 5, "zonelabel": "C-1", "state_cd_clean": "F1", "use_desc": "COMM,ANY COMM OTHR THAN F2-F9", "targetlotarea": 4062, "existing_units": 0, "footprint_sqft": 7280.75976, "interior_sqft": 14561.51952, "coverage_pct": 1.7924076218611522, "in_corridor": true, "in_historic": false, "context_type": "Suburban" }, "geometry": { "type": "Polygon", "coordinates": [ [ [ -106.249010380527153, 31.794794009700315 ], [ -106.249015514294058, 31.79480495094732 ], [ -106.249079110725205, 31.794785408405467 ], [ -106.2490820985889, 31.794793476757459 ], [ -106.249141835201812, 31.79477512028155 ], [ -106.249137425887355, 31.794765724804197 ], [ -106.249199545789168, 31.794746635874901 ], [ -106.249203624367766, 31.794756323652933 ], [ -106.24926108662784, 31.794739108235337 ], [ -106.249258519876747, 31.794733012180654 ], [ -106.249326407397518, 31.79471267292833 ], [ -106.249322984074524, 31.794704540386025 ], [ -106.249345227838404, 31.794696927084313 ], [ -106.249306849307089, 31.794612376227317 ], [ -106.249224609511643, 31.794637014886042 ], [ -106.249230490621557, 31.794649970486745 ], [ -106.249169065055781, 31.794668373086491 ], [ -106.249163259882081, 31.794655583822806 ], [ -106.249100553298987, 31.794674369761164 ], [ -106.249105976136192, 31.794687251370434 ], [ -106.249051848734609, 31.794703884309371 ], [ -106.249046320390093, 31.794690751904209 ], [ -106.248952043789345, 31.794719721786716 ], [ -106.248988777057619, 31.794800648238688 ], [ -106.249010380527153, 31.794794009700315 ] ] ] } },
{ "type": "Feature", "properties": { "pidn": "Q53099900F00100", "district": 5, "zonelabel": "C-1", "state_cd_clean": "F1", "use_desc": "COMM,ANY COMM OTHR THAN F2-F9", "targetlotarea": 2580, "existing_units": 0, "footprint_sqft": 2480.57007, "interior_sqft": 4961.14014, "coverage_pct": 0.96146126744186056, "in_corridor": true, "in_historic": false, "context_type": "Suburban" }, "geometry": { "type": "Polygon", "coordinates": [ [ [ -106.24873344553842, 31.794788969920916 ], [ -106.248782405189615, 31.794898831067574 ], [ -106.248877034707689, 31.794868326183504 ], [ -106.248873126571411, 31.794859557277213 ], [ -106.24893455270734, 31.79484107622698 ], [ -106.248931073297499, 31.794833095245114 ], [ -106.248960286479218, 31.794824306282077 ], [ -106.248914496158392, 31.794722034757484 ], [ -106.248827563251865, 31.794747929643595 ], [ -106.24883295751107, 31.794759029749599 ], [ -106.24873344553842, 31.794788969920916 ] ] ] } },
{ "type": "Feature", "properties": { "pidn": "T28799913801700", "district": 5, "zonelabel": "C-1", "state_cd_clean": "A1", "use_desc": "REAL, RESIDENTIAL, SINGLE-FAMILY", "targetlotarea": 36529, "existing_units": 1, "footprint_sqft": 0.0, "interior_sqft": 0.0, "coverage_pct": 0.0, "in_corridor": true, "in_historic": false, "context_type": "Suburban" }, "geometry": { "type": "Polygon", "coordinates": [ [ [ -106.243776915106167, 31.795135431451396 ], [ -106.24391349357019, 31.795284649964273 ], [ -106.244595742817182, 31.794795774328076 ], [ -106.244592406496182, 31.794792020690487 ], [ -106.244512559584692, 31.794705253047855 ], [ -106.244471942044413, 31.794662889231869 ], [ -106.244404204367726, 31.794592238984151 ], [ -106.244388053603942, 31.794575897794012 ], [ -106.244369819572782, 31.79455744936924 ], [ -106.244324123096874, 31.794516017067252 ], [ -106.244263639606913, 31.794559357316903 ], [ -106.244111506385792, 31.794668369355687 ], [ -106.243959225088361, 31.794777488171306 ], [ -106.243864621177593, 31.794845275484676 ], [ -106.243864588836658, 31.794845299532291 ], [ -106.243864556439604, 31.794845322679301 ], [ -106.243808618711199, 31.794885405392389 ], [ -106.243675089759051, 31.794980652340431 ], [ -106.243646054906293, 31.795001890872314 ], [ -106.243776915106167, 31.795135431451396 ] ] ] } },
{ "type": "Feature", "properties": { "pidn": "T28799916803100", "district": 5, "zonelabel": "C-2", "state_cd_clean": "A1", "use_desc": "REAL, RESIDENTIAL, SINGLE-FAMILY", "targetlotarea": 331167, "existing_units": 1, "footprint_sqft": 0.0, "interior_sqft": 0.0, "coverage_pct": 0.0, "in_corridor": false, "in_historic": false, "context_type": "Suburban" }, "geometry": { "type": "Polygon", "coordinates": [ [ [ -106.217176123455175, 31.796439513401051 ], [ -106.21903082949926, 31.796435601519136 ], [ -106.219028220518027, 31.796252510775201 ], [ -106.219024570071866, 31.7959964496788 ], [ -106.219022647752951, 31.795861575050459 ], [ -106.21902088862393, 31.795738217019601 ], [ -106.219019143959059, 31.795615808425243 ], [ -106.219019051236586, 31.795609316378364 ], [ -106.218862270611325, 31.795609648483051 ], [ -106.218709537288277, 31.795609970749215 ], [ -106.218521957325393, 31.795610367827379 ], [ -106.21818231753042, 31.795611084724595 ], [ -106.218051510706516, 31.795611361097581 ], [ -106.218047600544807, 31.795350010380602 ], [ -106.218044169407833, 31.795120725403372 ], [ -106.218042191608163, 31.794988531980234 ], [ -106.218040247196129, 31.794858650868697 ], [ -106.21803826440474, 31.794726137948626 ], [ -106.21803631660714, 31.794595929139469 ], [ -106.218034371515657, 31.794465968563145 ], [ -106.218032392502224, 31.79433372097343 ], [ -106.218030904063497, 31.794234220497806 ], [ -106.217870996087115, 31.794234557471491 ], [ -106.217712059795062, 31.794234892755572 ], [ -106.217553270408629, 31.794235226621431 ], [ -106.217395493942703, 31.794235558744329 ], [ -106.217238012511203, 31.794235890882391 ], [ -106.217063376405349, 31.794236257024849 ], [ -106.217095306542745, 31.796371533809886 ], [ -106.217096692414685, 31.796383399722835 ], [ -106.21710045497025, 31.796394882718008 ], [ -106.217106480919881, 31.796405639308375 ], [ -106.217114588493473, 31.796415347166008 ], [ -106.21712453649026, 31.796423714647112 ], [ -106.217136024893023, 31.79643049069885 ], [ -106.217148710133344, 31.796435472297357 ], [ -106.217162210755092, 31.796438510513674 ], [ -106.217176123455175, 31.796439513401051 ] ] ] } },
{ "type": "Feature", "properties": { "pidn": "Q53099900A00100", "district": 5, "zonelabel": "C-1", "state_cd_clean": "F1", "use_desc": "COMM,ANY COMM OTHR THAN F2-F9", "targetlotarea": 7090, "existing_units": 0, "footprint_sqft": 0.0, "interior_sqft": 0.0, "coverage_pct": 0.0, "in_corridor": true, "in_historic": false, "context_type": "Suburban" }, "geometry": { "type": "Polygon", "coordinates": [ [ [ -106.24941392326582, 31.795060615251654 ], [ -106.249423128431332, 31.795081076597 ], [ -106.249493476130851, 31.795059605765626 ], [ -106.24949581222468, 31.795064800124365 ], [ -106.249553163438264, 31.795047565249927 ], [ -106.249545110982694, 31.79503002376061 ], [ -106.249609269282843, 31.795010876284373 ], [ -106.249616352063128, 31.795026619437689 ], [ -106.249674603336587, 31.795009235207409 ], [ -106.249671086567773, 31.795001419410919 ], [ -106.24971146930335, 31.794989367836976 ], [ -106.24971584821219, 31.794992302661633 ], [ -106.249720737696748, 31.794994573037204 ], [ -106.249726001682518, 31.794996116511502 ], [ -106.249731493674588, 31.794996890072003 ], [ -106.249737058922719, 31.79499687095085 ], [ -106.249742543137984, 31.794996060744328 ], [ -106.249747793322499, 31.794994481762259 ], [ -106.249752662043548, 31.794992177737189 ], [ -106.249757012705857, 31.794989213584241 ], [ -106.24976072570999, 31.794985672412018 ], [ -106.249763696119089, 31.79498165201597 ], [ -106.249765840041391, 31.794977265491344 ], [ -106.249767099510038, 31.794972634689099 ], [ -106.249767438264939, 31.794967890408042 ], [ -106.249766846463743, 31.794963163148918 ], [ -106.249765341961051, 31.794958586668795 ], [ -106.249762965472655, 31.794954288266435 ], [ -106.249757970504319, 31.794869588829844 ], [ -106.249756389329121, 31.794784792878612 ], [ -106.249692272650904, 31.794785247913101 ], [ -106.24969352671728, 31.794841232082582 ], [ -106.249609793851945, 31.794866467204233 ], [ -106.249614232631913, 31.794876334577044 ], [ -106.249557561353711, 31.794893414839724 ], [ -106.249554288734728, 31.79488613976277 ], [ -106.249489789110072, 31.79490557819457 ], [ -106.249492710986473, 31.794913910548093 ], [ -106.249425830695898, 31.794933242235391 ], [ -106.249421191988958, 31.794922932373272 ], [ -106.249340052908764, 31.794946385791388 ], [ -106.249388254108638, 31.795068598340091 ], [ -106.24941392326582, 31.795060615251654 ] ] ] } },
{ "type": "Feature", "properties": { "pidn": "Q53099900B00100", "district": 5, "zonelabel": "C-1", "state_cd_clean": "F1", "use_desc": "COMM,ANY COMM OTHR THAN F2-F9", "targetlotarea": 3158, "existing_units": 0, "footprint_sqft": 2796.91992, "interior_sqft": 5593.83984, "coverage_pct": 0.88566178594046863, "in_corridor": true, "in_historic": false, "context_type": "Suburban" }, "geometry": { "type": "Polygon", "coordinates": [ [ [ -106.249113592734233, 31.795019052746746 ], [ -106.249167988806335, 31.795156883628934 ], [ -106.249263538589872, 31.795127721159599 ], [ -106.24925913057443, 31.795117922823842 ], [ -106.249320726242857, 31.795099123207486 ], [ -106.249317634125177, 31.795092249948127 ], [ -106.249348333387687, 31.795082702430399 ], [ -106.249299486675056, 31.794958852910888 ], [ -106.249207086533673, 31.794985561071154 ], [ -106.249209376084295, 31.794991366271407 ], [ -106.249113592734233, 31.795019052746746 ] ] ] } },
{ "type": "Feature", "properties": { "pidn": "T28799904700200", "district": 5, "zonelabel": "C-3", "state_cd_clean": "A1", "use_desc": "REAL, RESIDENTIAL, SINGLE-FAMILY", "targetlotarea": 348621, "existing_units": 1, "footprint_sqft": 0.0, "interior_sqft": 0.0, "coverage_pct": 0.0, "in_corridor": false, "in_historic": false, "context_type": "Suburban" }, "geometry": { "type": "Polygon", "coordinates": [ [ [ -106.261923439860396, 31.794590183798263 ], [ -106.262073077440107, 31.79458781586958 ], [ -106.262072116712986, 31.794544314136896 ], [ -106.262069187152647, 31.79441714733932 ], [ -106.262066318321828, 31.794292645681843 ], [ -106.262063447809993, 31.794168049263991 ], [ -106.262060578994209, 31.794043547594033 ], [ -106.262057708553641, 31.793918952064335 ], [ -106.262054839752963, 31.793794450381871 ], [ -106.26205196927117, 31.793669853939058 ], [ -106.262049100485541, 31.793545352244159 ], [ -106.262046230018782, 31.793420755788798 ], [ -106.262043361304464, 31.793296254981957 ], [ -106.262040490852783, 31.793171658514229 ], [ -106.262037622097239, 31.793047156794291 ], [ -106.262034751660593, 31.79292256031399 ], [ -106.262031882920084, 31.792798058581635 ], [ -106.262029012554791, 31.79267346298948 ], [ -106.262025820341776, 31.792534944592891 ], [ -106.261832123993216, 31.792538009535217 ], [ -106.261849377864678, 31.793286858609402 ], [ -106.260695127278026, 31.793305120151643 ], [ -106.259789874556546, 31.793319435002722 ], [ -106.259819889236354, 31.794623449409027 ], [ -106.259887505965835, 31.794622380200465 ], [ -106.260247407825545, 31.794616691021478 ], [ -106.260451621926748, 31.794613462945328 ], [ -106.260598685089704, 31.794611137210435 ], [ -106.260745748301687, 31.794608812210047 ], [ -106.260893207602365, 31.794606479837963 ], [ -106.261040270799896, 31.794604154505031 ], [ -106.261187730086135, 31.794601821799468 ], [ -106.261334792214825, 31.794599496182038 ], [ -106.261482251486584, 31.794597163143063 ], [ -106.261629314655295, 31.794594837145016 ], [ -106.261776377760526, 31.79459251008036 ], [ -106.261923439860396, 31.794590183798263 ] ] ] } },
{ "type": "Feature", "properties": { "pidn": "Q53099900C00100", "district": 5, "zonelabel": "C-1", "state_cd_clean": "F1", "use_desc": "COMM,ANY COMM OTHR THAN F2-F9", "targetlotarea": 4424, "existing_units": 0, "footprint_sqft": 4889.6499, "interior_sqft": 9779.2998, "coverage_pct": 1.1052554023508139, "in_corridor": true, "in_historic": false, "context_type": "Suburban" }, "geometry": { "type": "Polygon", "coordinates": [ [ [ -106.248987023505919, 31.795269109841069 ], [ -106.248987013337597, 31.795269252097381 ], [ -106.249086951409652, 31.79523794669716 ], [ -106.249093814439078, 31.795239289254276 ], [ -106.24910084305489, 31.79523964075619 ], [ -106.249107843110323, 31.795238991063187 ], [ -106.249114619091344, 31.795237358998406 ], [ -106.249120985603597, 31.795234790019315 ], [ -106.249126764096701, 31.79523135456051 ], [ -106.249131795574044, 31.795227148358737 ], [ -106.24913594025621, 31.79522228704959 ], [ -106.249139082853006, 31.795216905927663 ], [ -106.249141137499265, 31.795211154303306 ], [ -106.249142046419493, 31.795205191047692 ], [ -106.249141785088185, 31.79519918255161 ], [ -106.249140359503272, 31.795193292915169 ], [ -106.249137810684559, 31.795187688258817 ], [ -106.249134208447444, 31.795182521652773 ], [ -106.249129652681418, 31.795177936672044 ], [ -106.249124268683687, 31.795174060382614 ], [ -106.249118208100739, 31.795171001493038 ], [ -106.249111635770277, 31.795168842824044 ], [ -106.249104736328079, 31.795167645523843 ], [ -106.249097700051252, 31.795167442486697 ], [ -106.24909072074918, 31.795168238448852 ], [ -106.24908432098826, 31.795150846683836 ], [ -106.249108222549978, 31.795143786652748 ], [ -106.249087937126447, 31.795083176575254 ], [ -106.24906648799174, 31.79508917048496 ], [ -106.249049055846115, 31.795045157868955 ], [ -106.249070880139669, 31.795038430710644 ], [ -106.249047864085099, 31.794978901199197 ], [ -106.248907849657527, 31.795021826734626 ], [ -106.248928655472312, 31.795072854272711 ], [ -106.248910554263702, 31.795078695956448 ], [ -106.248933922892689, 31.795139404321763 ], [ -106.24895368378877, 31.795133248753388 ], [ -106.248972687258529, 31.795177786925034 ], [ -106.248951501306465, 31.795183982895431 ], [ -106.248987023505919, 31.795269109841069 ] ] ] } },
{ "type": "Feature", "properties": { "pidn": "E24299900100100", "district": 5, "zonelabel": "C-1", "state_cd_clean": "F1", "use_desc": "COMM,ANY COMM OTHR THAN F2-F9", "targetlotarea": 39053, "existing_units": 0, "footprint_sqft": 0.0, "interior_sqft": 0.0, "coverage_pct": 0.0, "in_corridor": true, "in_historic": false, "context_type": "Suburban" }, "geometry": { "type": "Polygon", "coordinates": [ [ [ -106.244062601346315, 31.795459376618247 ], [ -106.244140074131252, 31.795557838804221 ], [ -106.244896417923002, 31.795154453713991 ], [ -106.24482212954878, 31.795060233851171 ], [ -106.24470930565478, 31.794924855243622 ], [ -106.244666631118477, 31.794875528658078 ], [ -106.244595742817182, 31.794795774328076 ], [ -106.24391349357019, 31.795284649964273 ], [ -106.243923163061893, 31.79529521466721 ], [ -106.244062601346315, 31.795459376618247 ] ] ] } },
{ "type": "Feature", "properties": { "pidn": "Q53099900H00100", "district": 5, "zonelabel": "R-3", "state_cd_clean": "F1", "use_desc": "COMM,ANY COMM OTHR THAN F2-F9", "targetlotarea": 82982, "existing_units": 0, "footprint_sqft": 5538.49023, "interior_sqft": 5538.49023, "coverage_pct": 0.066743272396423331, "in_corridor": true, "in_historic": false, "context_type": "Suburban" }, "geometry": { "type": "Polygon", "coordinates": [ [ [ -106.248649804293336, 31.794722165981458 ], [ -106.24890766437413, 31.795436831080451 ], [ -106.248960738409011, 31.795420239791529 ], [ -106.249015926300643, 31.795402987011158 ], [ -106.249201379164234, 31.795345011994936 ], [ -106.249228121521895, 31.795336652315047 ], [ -106.24946867683505, 31.795264674700697 ], [ -106.24949179938497, 31.795257755685554 ], [ -106.249761350565777, 31.7951785634584 ], [ -106.249850987654199, 31.795152228904524 ], [ -106.249896886680631, 31.79513874424104 ], [ -106.24989700398298, 31.795138709103622 ], [ -106.249923651358614, 31.795130880128333 ], [ -106.24998496496552, 31.79511286701447 ], [ -106.249992804161877, 31.795110564290923 ], [ -106.250003657937896, 31.795107375787342 ], [ -106.250002852883441, 31.795038664823036 ], [ -106.249994302651686, 31.794308777638971 ], [ -106.249769715743398, 31.794377384110923 ], [ -106.249325793379967, 31.79451363005618 ], [ -106.24896369722174, 31.794624760766489 ], [ -106.248649804293336, 31.794722165981458 ] ], [ [ -106.24969352671728, 31.794841232082582 ], [ -106.249692272650904, 31.794785247913101 ], [ -106.249756389329121, 31.794784792878612 ], [ -106.249757970504319, 31.794869588829844 ], [ -106.249762965472655, 31.794954288266435 ], [ -106.249765341961051, 31.794958586668795 ], [ -106.249766846463743, 31.794963163148918 ], [ -106.249767438264939, 31.794967890408042 ], [ -106.249767099510038, 31.794972634689099 ], [ -106.249765840041391, 31.794977265491344 ], [ -106.249763696119089, 31.79498165201597 ], [ -106.24976072570999, 31.794985672412018 ], [ -106.249757012705857, 31.794989213584241 ], [ -106.249752662043548, 31.794992177737189 ], [ -106.249747793322499, 31.794994481762259 ], [ -106.249742543137984, 31.794996060744328 ], [ -106.249737058922719, 31.79499687095085 ], [ -106.249731493674588, 31.794996890072003 ], [ -106.249726001682518, 31.794996116511502 ], [ -106.249720737696748, 31.794994573037204 ], [ -106.24971584821219, 31.794992302661633 ], [ -106.24971146930335, 31.794989367836976 ], [ -106.249671086567773, 31.795001419410919 ], [ -106.249674603336587, 31.795009235207409 ], [ -106.249616352063128, 31.795026619437689 ], [ -106.249609269282843, 31.795010876284373 ], [ -106.249545110982694, 31.79503002376061 ], [ -106.249553163438264, 31.795047565249927 ], [ -106.24949581222468, 31.795064800124365 ], [ -106.249493476130851, 31.795059605765626 ], [ -106.249423128431332, 31.795081076597 ], [ -106.24941392326582, 31.795060615251654 ], [ -106.249388254108638, 31.795068598340091 ], [ -106.249340052908764, 31.794946385791388 ], [ -106.249421191988958, 31.794922932373272 ], [ -106.249425830695898, 31.794933242235391 ], [ -106.249492710986473, 31.794913910548093 ], [ -106.249489789110072, 31.79490557819457 ], [ -106.249554288734728, 31.79488613976277 ], [ -106.249557561353711, 31.794893414839724 ], [ -106.249614232631913, 31.794876334577044 ], [ -106.249609793851945, 31.794866467204233 ], [ -106.24969352671728, 31.794841232082582 ] ], [ [ -106.249394623959006, 31.794708251097919 ], [ -106.249346052184492, 31.794589506315202 ], [ -106.249732499386738, 31.794474398940455 ], [ -106.249772741322772, 31.794594285502146 ], [ -106.249689477585321, 31.794619086619914 ], [ -106.24968369338545, 31.794606227783255 ], [ -106.249608983111514, 31.794628480522316 ], [ -106.249614770915031, 31.79464134642307 ], [ -106.249542195438337, 31.794663342202814 ], [ -106.249536406364285, 31.794650472744497 ], [ -106.249460988212746, 31.794673330174646 ], [ -106.249466849707375, 31.794686360715993 ], [ -106.249394623959006, 31.794708251097919 ] ], [ [ -106.24908432098826, 31.795150846683836 ], [ -106.24909072074918, 31.795168238448852 ], [ -106.249097700051252, 31.795167442486697 ], [ -106.249104736328079, 31.795167645523843 ], [ -106.249111635770277, 31.795168842824044 ], [ -106.249118208100739, 31.795171001493038 ], [ -106.249124268683687, 31.795174060382614 ], [ -106.249129652681418, 31.795177936672044 ], [ -106.249134208447444, 31.795182521652773 ], [ -106.249137810684559, 31.795187688258817 ], [ -106.249140359503272, 31.795193292915169 ], [ -106.249141785088185, 31.79519918255161 ], [ -106.249142046419493, 31.795205191047692 ], [ -106.249141137499265, 31.795211154303306 ], [ -106.249139082853006, 31.795216905927663 ], [ -106.24913594025621, 31.79522228704959 ], [ -106.249131795574044, 31.795227148358737 ], [ -106.249126764096701, 31.79523135456051 ], [ -106.249120985603597, 31.795234790019315 ], [ -106.249114619091344, 31.795237358998406 ], [ -106.249107843110323, 31.795238991063187 ], [ -106.24910084305489, 31.79523964075619 ], [ -106.249093814439078, 31.795239289254276 ], [ -106.249086951409652, 31.79523794669716 ], [ -106.248987013337597, 31.795269252097381 ], [ -106.248987023505919, 31.795269109841069 ], [ -106.248951501306465, 31.795183982895431 ], [ -106.248972687258529, 31.795177786925034 ], [ -106.24895368378877, 31.795133248753388 ], [ -106.248933922892689, 31.795139404321763 ], [ -106.248910554263702, 31.795078695956448 ], [ -106.248928655472312, 31.795072854272711 ], [ -106.248907849657527, 31.795021826734626 ], [ -106.249047864085099, 31.794978901199197 ], [ -106.249070880139669, 31.795038430710644 ], [ -106.249049055846115, 31.795045157868955 ], [ -106.24906648799174, 31.79508917048496 ], [ -106.249087937126447, 31.795083176575254 ], [ -106.249108222549978, 31.795143786652748 ], [ -106.24908432098826, 31.795150846683836 ] ], [ [ -106.248988777057619, 31.794800648238688 ], [ -106.248952043789345, 31.794719721786716 ], [ -106.249046320390093, 31.794690751904209 ], [ -106.249051848734609, 31.794703884309371 ], [ -106.249105976136192, 31.794687251370434 ], [ -106.249100553298987, 31.794674369761164 ], [ -106.249163259882081, 31.794655583822806 ], [ -106.249169065055781, 31.794668373086491 ], [ -106.249230490621557, 31.794649970486745 ], [ -106.249224609511643, 31.794637014886042 ], [ -106.249306849307089, 31.794612376227317 ], [ -106.249345227838404, 31.794696927084313 ], [ -106.249322984074524, 31.794704540386025 ], [ -106.249326407397518, 31.79471267292833 ], [ -106.249258519876747, 31.794733012180654 ], [ -106.24926108662784, 31.794739108235337 ], [ -106.249203624367766, 31.794756323652933 ], [ -106.249199545789168, 31.794746635874901 ], [ -106.249137425887355, 31.794765724804197 ], [ -106.249141835201812, 31.79477512028155 ], [ -106.2490820985889, 31.794793476757459 ], [ -106.249079110725205, 31.794785408405467 ], [ -106.249015514294058, 31.79480495094732 ], [ -106.249010380527153, 31.794794009700315 ], [ -106.248988777057619, 31.794800648238688 ] ], [ [ -106.249348333387687, 31.795082702430399 ], [ -106.249317634125177, 31.795092249948127 ], [ -106.249320726242857, 31.795099123207486 ], [ -106.24925913057443, 31.795117922823842 ], [ -106.249263538589872, 31.795127721159599 ], [ -106.249167988806335, 31.795156883628934 ], [ -106.249113592734233, 31.795019052746746 ], [ -106.249209376084295, 31.794991366271407 ], [ -106.249207086533673, 31.794985561071154 ], [ -106.249299486675056, 31.794958852910888 ], [ -106.249348333387687, 31.795082702430399 ] ], [ [ -106.248827563251865, 31.794747929643595 ], [ -106.248914496158392, 31.794722034757484 ], [ -106.248960286479218, 31.794824306282077 ], [ -106.248931073297499, 31.794833095245114 ], [ -106.24893455270734, 31.79484107622698 ], [ -106.248873126571411, 31.794859557277213 ], [ -106.248877034707689, 31.794868326183504 ], [ -106.248782405189615, 31.794898831067574 ], [ -106.24873344553842, 31.794788969920916 ], [ -106.24883295751107, 31.794759029749599 ], [ -106.248827563251865, 31.794747929643595 ] ] ] } },
{ "type": "Feature", "properties": { "pidn": "L18799900100350", "district": 5, "zonelabel": "R-5", "state_cd_clean": "F1", "use_desc": "COMM,ANY COMM OTHR THAN F2-F9", "targetlotarea": 16261, "existing_units": 0, "footprint_sqft": 0.0, "interior_sqft": 0.0, "coverage_pct": 0.0, "in_corridor": false, "in_historic": false, "context_type": "Suburban" }, "geometry": { "type": "Polygon", "coordinates": [ [ [ -106.228304678177423, 31.796648339216755 ], [ -106.228388866750194, 31.796682559154011 ], [ -106.229004568944831, 31.796108705737794 ], [ -106.229007639677747, 31.796105843651358 ], [ -106.228875287357909, 31.796002262371093 ], [ -106.228836603712921, 31.796038477805151 ], [ -106.228738362016543, 31.796130451761467 ], [ -106.228640119075465, 31.796222425688018 ], [ -106.228541876000108, 31.796314400437723 ], [ -106.228435586852186, 31.796413906004737 ], [ -106.228277128148036, 31.796562252081806 ], [ -106.228219253379606, 31.796616433072547 ], [ -106.228304678177423, 31.796648339216755 ] ] ] } },
{ "type": "Feature", "properties": { "pidn": "T28799918300350", "district": 5, "zonelabel": "R-5", "state_cd_clean": "A1", "use_desc": "REAL, RESIDENTIAL, SINGLE-FAMILY", "targetlotarea": 175158, "existing_units": 1, "footprint_sqft": 0.0, "interior_sqft": 0.0, "coverage_pct": 0.0, "in_corridor": false, "in_historic": false, "context_type": "Suburban" }, "geometry": { "type": "Polygon", "coordinates": [ [ [ -106.229930144850528, 31.796827802968661 ], [ -106.229975128531237, 31.796863007279679 ], [ -106.23082751411431, 31.796068534622787 ], [ -106.230377186041281, 31.795716109569703 ], [ -106.230294758555743, 31.795793280974646 ], [ -106.229928153182442, 31.795506373532525 ], [ -106.22994337369181, 31.795492187321567 ], [ -106.229849214014067, 31.795418496087414 ], [ -106.229927493489569, 31.795345534595452 ], [ -106.229736457147325, 31.795196027249759 ], [ -106.229720780741971, 31.79521070463208 ], [ -106.229622540757475, 31.79530267928563 ], [ -106.229524298529782, 31.795394654857876 ], [ -106.229426058164862, 31.795486629356489 ], [ -106.229327815556687, 31.795578604773816 ], [ -106.229229573756882, 31.795670579165215 ], [ -106.229131331766879, 31.795762553479214 ], [ -106.22903308958665, 31.795854527715672 ], [ -106.228934847272157, 31.795946502775291 ], [ -106.228875287357909, 31.796002262371093 ], [ -106.229007639677747, 31.796105843651358 ], [ -106.229467956849959, 31.796466093371315 ], [ -106.229930144850528, 31.796827802968661 ] ] ] } },
{ "type": "Feature", "properties": { "pidn": "L18799900100350", "district": 5, "zonelabel": "C-4", "state_cd_clean": "F1", "use_desc": "COMM,ANY COMM OTHR THAN F2-F9", "targetlotarea": 49523, "existing_units": 0, "footprint_sqft": 0.0, "interior_sqft": 0.0, "coverage_pct": 0.0, "in_corridor": false, "in_historic": false, "context_type": "Suburban" }, "geometry": { "type": "Polygon", "coordinates": [ [ [ -106.228388866750194, 31.796682559154011 ], [ -106.228519462357781, 31.796741402311014 ], [ -106.228646407514859, 31.796805808775279 ], [ -106.228769377974885, 31.796875614426426 ], [ -106.228888059138342, 31.796950640257485 ], [ -106.229467956849959, 31.796466093371315 ], [ -106.229007639677747, 31.796105843651358 ], [ -106.229004568944831, 31.796108705737794 ], [ -106.228388866750194, 31.796682559154011 ] ] ] } },
{ "type": "Feature", "properties": { "pidn": null, "district": 5, "zonelabel": "A-2", "state_cd_clean": null, "use_desc": "Unknown", "targetlotarea": 65321, "existing_units": 0, "footprint_sqft": 0.0, "interior_sqft": 0.0, "coverage_pct": 0.0, "in_corridor": false, "in_historic": false, "context_type": "Suburban" }, "geometry": { "type": "Polygon", "coordinates": [ [ [ -106.225056438423479, 31.797399590985297 ], [ -106.225949035898267, 31.797397625677998 ], [ -106.225939812612822, 31.796750179513811 ], [ -106.225047220318672, 31.796752113189516 ], [ -106.225056438423479, 31.797399590985297 ] ] ] } },
{ "type": "Feature", "properties": { "pidn": "L18799900100200", "district": 5, "zonelabel": "C-4", "state_cd_clean": "F1", "use_desc": "COMM,ANY COMM OTHR THAN F2-F9", "targetlotarea": 49515, "existing_units": 0, "footprint_sqft": 0.0, "interior_sqft": 0.0, "coverage_pct": 0.0, "in_corridor": false, "in_historic": false, "context_type": "Suburban" }, "geometry": { "type": "Polygon", "coordinates": [ [ [ -106.229277507223784, 31.797232222087043 ], [ -106.229297452917265, 31.797245530146689 ], [ -106.229319591640319, 31.797256009558122 ], [ -106.229343376521655, 31.797263402416295 ], [ -106.229368223096671, 31.797267526577176 ], [ -106.229393519077789, 31.79726827973057 ], [ -106.229418641562191, 31.797265644039754 ], [ -106.229442971739743, 31.797259684571472 ], [ -106.229465910654369, 31.797250547678875 ], [ -106.229486893855835, 31.797238458531339 ], [ -106.229505404772624, 31.797223715089725 ], [ -106.22992707412206, 31.79683066507604 ], [ -106.229930144850528, 31.796827802968661 ], [ -106.229467956849959, 31.796466093371315 ], [ -106.228888059138342, 31.796950640257485 ], [ -106.228978274390769, 31.797013252372214 ], [ -106.229065499496642, 31.797078881814794 ], [ -106.229267708598073, 31.79723724224645 ], [ -106.229267748333498, 31.797237235027239 ], [ -106.229275128580923, 31.797230360116988 ], [ -106.229277507223784, 31.797232222087043 ] ] ] } },
{ "type": "Feature", "properties": { "pidn": null, "district": 5, "zonelabel": "C-1", "state_cd_clean": null, "use_desc": "Unknown", "targetlotarea": 61578, "existing_units": 0, "footprint_sqft": 0.0, "interior_sqft": 0.0, "coverage_pct": 0.0, "in_corridor": false, "in_historic": false, "context_type": "Suburban" }, "geometry": { "type": "Polygon", "coordinates": [ [ [ -106.225949035898267, 31.797397625677998 ], [ -106.22679080394461, 31.79739577341363 ], [ -106.226781030858376, 31.796748352852234 ], [ -106.225939812612822, 31.796750179513811 ], [ -106.225949035898267, 31.797397625677998 ] ] ] } },
{ "type": "Feature", "properties": { "pidn": null, "district": 5, "zonelabel": "C-4", "state_cd_clean": null, "use_desc": "Unknown", "targetlotarea": 59970, "existing_units": 0, "footprint_sqft": 0.0, "interior_sqft": 0.0, "coverage_pct": 0.0, "in_corridor": false, "in_historic": false, "context_type": "Suburban" }, "geometry": { "type": "Polygon", "coordinates": [ [ [ -106.22679080394461, 31.79739577341363 ], [ -106.227316904489228, 31.797394613414067 ], [ -106.227889892522313, 31.796858166801549 ], [ -106.227750131661864, 31.79682301925202 ], [ -106.227608399388572, 31.796794199724076 ], [ -106.227465088716244, 31.796771787947481 ], [ -106.227294612252038, 31.796757300504748 ], [ -106.227123600052693, 31.796748557574208 ], [ -106.226952318443708, 31.796745574184357 ], [ -106.226781030858376, 31.796748352852234 ], [ -106.22679080394461, 31.79739577341363 ] ] ] } },
{ "type": "Feature", "properties": { "pidn": "E24299900100200", "district": 5, "zonelabel": "C-1", "state_cd_clean": "F1", "use_desc": "COMM,ANY COMM OTHR THAN F2-F9", "targetlotarea": 124882, "existing_units": 0, "footprint_sqft": 6958.83984, "interior_sqft": 6958.83984, "coverage_pct": 0.055723321535529537, "in_corridor": true, "in_historic": false, "context_type": "Suburban" }, "geometry": { "type": "Polygon", "coordinates": [ [ [ -106.244140074131252, 31.795557838804221 ], [ -106.244267294976453, 31.795727819944585 ], [ -106.244387735816929, 31.795901366598088 ], [ -106.244501258526483, 31.796078281848676 ], [ -106.244607735295986, 31.796258364698538 ], [ -106.244707043361075, 31.796441410307086 ], [ -106.244799071441435, 31.796627211504962 ], [ -106.245416431857066, 31.796346145625179 ], [ -106.245591307707201, 31.796266529452325 ], [ -106.245473910642104, 31.796037686851335 ], [ -106.245443057975734, 31.795980929681644 ], [ -106.245322586124502, 31.795772063326115 ], [ -106.245231213102741, 31.79562535690668 ], [ -106.245135415023057, 31.795480723684339 ], [ -106.245035256177545, 31.795338261881703 ], [ -106.244930804962607, 31.795198067728272 ], [ -106.244896417923002, 31.795154453713991 ], [ -106.244140074131252, 31.795557838804221 ] ] ] } },
{ "type": "Feature", "properties": { "pidn": "T28799918300400", "district": 5, "zonelabel": "R-5", "state_cd_clean": "A1", "use_desc": "REAL, RESIDENTIAL, SINGLE-FAMILY", "targetlotarea": 189977, "existing_units": 1, "footprint_sqft": 0.0, "interior_sqft": 0.0, "coverage_pct": 0.0, "in_corridor": false, "in_historic": false, "context_type": "Suburban" }, "geometry": { "type": "Polygon", "coordinates": [ [ [ -106.229454516937068, 31.797381670266812 ], [ -106.229466911505227, 31.797386861656125 ], [ -106.229480162146658, 31.797390172758135 ], [ -106.229493878859216, 31.797391504738769 ], [ -106.229507660570022, 31.797390818872966 ], [ -106.229521103571528, 31.797388136162226 ], [ -106.229533814063615, 31.797383534960023 ], [ -106.229545419697615, 31.797377149545834 ], [ -106.229555579953299, 31.797369166945199 ], [ -106.231599670439564, 31.795463949209744 ], [ -106.231555843909661, 31.795429651223365 ], [ -106.230428920432416, 31.794547722574578 ], [ -106.230408463519666, 31.794566875903293 ], [ -106.230310223868102, 31.794658852047561 ], [ -106.230211983970335, 31.794750827213708 ], [ -106.230113743938361, 31.794842803203011 ], [ -106.230015503660226, 31.794934778214234 ], [ -106.229917262137434, 31.795026753195781 ], [ -106.229819022589297, 31.795118728904889 ], [ -106.229736457147325, 31.795196027249759 ], [ -106.229927493489569, 31.795345534595452 ], [ -106.229849214014067, 31.795418496087414 ], [ -106.22994337369181, 31.795492187321567 ], [ -106.229928153182442, 31.795506373532525 ], [ -106.230294758555743, 31.795793280974646 ], [ -106.230377186041281, 31.795716109569703 ], [ -106.23082751411431, 31.796068534622787 ], [ -106.229975128531237, 31.796863007279679 ], [ -106.229930144850528, 31.796827802968661 ], [ -106.22992707412206, 31.79683066507604 ], [ -106.229505404772624, 31.797223715089725 ], [ -106.229486893855835, 31.797238458531339 ], [ -106.229465910654369, 31.797250547678875 ], [ -106.229442971739743, 31.797259684571472 ], [ -106.229418641562191, 31.797265644039754 ], [ -106.229393519077789, 31.79726827973057 ], [ -106.229368223096671, 31.797267526577176 ], [ -106.229343376521655, 31.797263402416295 ], [ -106.229319591640319, 31.797256009558122 ], [ -106.229297452917265, 31.797245530146689 ], [ -106.229277507223784, 31.797232222087043 ], [ -106.229275128580923, 31.797230360116988 ], [ -106.229267748333498, 31.797237235027239 ], [ -106.229267708598073, 31.79723724224645 ], [ -106.229441582887844, 31.797373411880201 ], [ -106.229454516937068, 31.797381670266812 ] ] ] } },
{ "type": "Feature", "properties": { "pidn": "E24299900100120", "district": 5, "zonelabel": "C-1", "state_cd_clean": "F1", "use_desc": "COMM,ANY COMM OTHR THAN F2-F9", "targetlotarea": 51628, "existing_units": 0, "footprint_sqft": 8721.17969, "interior_sqft": 17442.35938, "coverage_pct": 0.16892344638568221, "in_corridor": true, "in_historic": false, "context_type": "Suburban" }, "geometry": { "type": "Polygon", "coordinates": [ [ [ -106.246099326233264, 31.796006055990759 ], [ -106.246583202480352, 31.796643092622226 ], [ -106.246797580944161, 31.796522724361171 ], [ -106.247008653736302, 31.79639817174964 ], [ -106.247087275100213, 31.796349454104664 ], [ -106.246589085347239, 31.795720499808084 ], [ -106.246498944910684, 31.795776000327084 ], [ -106.246328422584597, 31.795877029543011 ], [ -106.246133762155125, 31.795987139132489 ], [ -106.246099326233264, 31.796006055990759 ] ] ] } },
{ "type": "Feature", "properties": { "pidn": "X57999923700200", "district": 5, "zonelabel": "R-5", "state_cd_clean": "C10", "use_desc": "REAL, VACANT PLATTED COMMERCIAL LOT", "targetlotarea": 439639, "existing_units": 0, "footprint_sqft": 0.0, "interior_sqft": 0.0, "coverage_pct": 0.0, "in_corridor": false, "in_historic": false, "context_type": "Suburban" }, "geometry": { "type": "Polygon", "coordinates": [ [ [ -106.215564652299889, 31.798106562626444 ], [ -106.216760249866667, 31.798106981798693 ], [ -106.216743167980439, 31.797052484974518 ], [ -106.216731554462854, 31.79685684791718 ], [ -106.216727852825571, 31.796760363864475 ], [ -106.216721372631184, 31.796750723295936 ], [ -106.216713159893843, 31.796742099413414 ], [ -106.216703428428602, 31.796734717364064 ], [ -106.216692433386839, 31.796728769719582 ], [ -106.216680459265859, 31.796724410696424 ], [ -106.216667820908, 31.79672175520767 ], [ -106.216433833290353, 31.796719282824192 ], [ -106.216199860927503, 31.796722583957894 ], [ -106.215966096031153, 31.796731655336462 ], [ -106.215732736916848, 31.796746489800672 ], [ -106.215565087098213, 31.796769668924881 ], [ -106.215398819258027, 31.796799229206101 ], [ -106.215234266073153, 31.796835113163581 ], [ -106.215071757052883, 31.796877246301854 ], [ -106.214911616987806, 31.796925546212211 ], [ -106.214754166614512, 31.796979916220327 ], [ -106.214599721616679, 31.79704024633519 ], [ -106.214448591738488, 31.797106415997611 ], [ -106.214301077621343, 31.797178294223794 ], [ -106.214157475797492, 31.797255734863487 ], [ -106.214018074974376, 31.797338584896114 ], [ -106.213883151370524, 31.797426677416386 ], [ -106.213736691328933, 31.797521950786905 ], [ -106.213585442273043, 31.797611599833957 ], [ -106.213429701204603, 31.797695451267614 ], [ -106.213269770959641, 31.797773340566554 ], [ -106.21310596459368, 31.797845114489679 ], [ -106.212938603384458, 31.797910632972801 ], [ -106.212768014722172, 31.797969769223801 ], [ -106.212594530776087, 31.798022405267577 ], [ -106.212418491161117, 31.79806844085692 ], [ -106.212240241269171, 31.798107783613514 ], [ -106.215558166417594, 31.798102392529927 ], [ -106.215564652299889, 31.798106562626444 ] ] ] } },
{ "type": "Feature", "properties": { "pidn": "X57999923700200", "district": 5, "zonelabel": "R-5", "state_cd_clean": "C10", "use_desc": "REAL, VACANT PLATTED COMMERCIAL LOT", "targetlotarea": 439639, "existing_units": 0, "footprint_sqft": 0.0, "interior_sqft": 0.0, "coverage_pct": 0.0, "in_corridor": false, "in_historic": false, "context_type": "Suburban" }, "geometry": { "type": "Polygon", "coordinates": [ [ [ -106.215564652299889, 31.798106562626444 ], [ -106.216760249866667, 31.798106981798693 ], [ -106.216743167980439, 31.797052484974518 ], [ -106.216731554462854, 31.79685684791718 ], [ -106.216727852825571, 31.796760363864475 ], [ -106.216721372631184, 31.796750723295936 ], [ -106.216713159893843, 31.796742099413414 ], [ -106.216703428428602, 31.796734717364064 ], [ -106.216692433386839, 31.796728769719582 ], [ -106.216680459265859, 31.796724410696424 ], [ -106.216667820908, 31.79672175520767 ], [ -106.216433833290353, 31.796719282824192 ], [ -106.216199860927503, 31.796722583957894 ], [ -106.215966096031153, 31.796731655336462 ], [ -106.215732736916848, 31.796746489800672 ], [ -106.215565087098213, 31.796769668924881 ], [ -106.215398819258027, 31.796799229206101 ], [ -106.215234266073153, 31.796835113163581 ], [ -106.215071757052883, 31.796877246301854 ], [ -106.214911616987806, 31.796925546212211 ], [ -106.214754166614512, 31.796979916220327 ], [ -106.214599721616679, 31.79704024633519 ], [ -106.214448591738488, 31.797106415997611 ], [ -106.214301077621343, 31.797178294223794 ], [ -106.214157475797492, 31.797255734863487 ], [ -106.214018074974376, 31.797338584896114 ], [ -106.213883151370524, 31.797426677416386 ], [ -106.213736691328933, 31.797521950786905 ], [ -106.213585442273043, 31.797611599833957 ], [ -106.213429701204603, 31.797695451267614 ], [ -106.213269770959641, 31.797773340566554 ], [ -106.21310596459368, 31.797845114489679 ], [ -106.212938603384458, 31.797910632972801 ], [ -106.212768014722172, 31.797969769223801 ], [ -106.212594530776087, 31.798022405267577 ], [ -106.212418491161117, 31.79806844085692 ], [ -106.212240241269171, 31.798107783613514 ], [ -106.215558166417594, 31.798102392529927 ], [ -106.215564652299889, 31.798106562626444 ] ] ] } },
{ "type": "Feature", "properties": { "pidn": "X57999923700200", "district": 5, "zonelabel": "C-2", "state_cd_clean": "C10", "use_desc": "REAL, VACANT PLATTED COMMERCIAL LOT", "targetlotarea": 5072, "existing_units": 0, "footprint_sqft": 0.0, "interior_sqft": 0.0, "coverage_pct": 0.0, "in_corridor": false, "in_historic": false, "context_type": "Suburban" }, "geometry": { "type": "Polygon", "coordinates": [ [ [ -106.216760249866667, 31.798106981798693 ], [ -106.216770471661818, 31.798106286644721 ], [ -106.216780435656631, 31.798104213225592 ], [ -106.216789886062017, 31.798100814650329 ], [ -106.216798585027959, 31.798096177535633 ], [ -106.216806310311327, 31.798090418499381 ], [ -106.216812866931477, 31.798083684536373 ], [ -106.216818087834, 31.798076146666578 ], [ -106.21682183999431, 31.798067996046569 ], [ -106.216821472025586, 31.797882196904872 ], [ -106.216813045281697, 31.797696537226333 ], [ -106.216796571334299, 31.797511271171622 ], [ -106.216767488575556, 31.797282080566315 ], [ -106.216743167980439, 31.797052484974518 ], [ -106.216760249866667, 31.798106981798693 ] ] ] } },
{ "type": "Feature", "properties": { "pidn": "X57999923700200", "district": 5, "zonelabel": "C-2", "state_cd_clean": "C10", "use_desc": "REAL, VACANT PLATTED COMMERCIAL LOT", "targetlotarea": 5072, "existing_units": 0, "footprint_sqft": 0.0, "interior_sqft": 0.0, "coverage_pct": 0.0, "in_corridor": false, "in_historic": false, "context_type": "Suburban" }, "geometry": { "type": "Polygon", "coordinates": [ [ [ -106.216760249866667, 31.798106981798693 ], [ -106.216770471661818, 31.798106286644721 ], [ -106.216780435656631, 31.798104213225592 ], [ -106.216789886062017, 31.798100814650329 ], [ -106.216798585027959, 31.798096177535633 ], [ -106.216806310311327, 31.798090418499381 ], [ -106.216812866931477, 31.798083684536373 ], [ -106.216818087834, 31.798076146666578 ], [ -106.21682183999431, 31.798067996046569 ], [ -106.216821472025586, 31.797882196904872 ], [ -106.216813045281697, 31.797696537226333 ], [ -106.216796571334299, 31.797511271171622 ], [ -106.216767488575556, 31.797282080566315 ], [ -106.216743167980439, 31.797052484974518 ], [ -106.216760249866667, 31.798106981798693 ] ] ] } },
{ "type": "Feature", "properties": { "pidn": "E24299900100120", "district": 5, "zonelabel": "C-1", "state_cd_clean": "F1", "use_desc": "COMM,ANY COMM OTHR THAN F2-F9", "targetlotarea": 34547, "existing_units": 0, "footprint_sqft": 8721.17969, "interior_sqft": 17442.35938, "coverage_pct": 0.25244390800937855, "in_corridor": true, "in_historic": false, "context_type": "Suburban" }, "geometry": { "type": "Polygon", "coordinates": [ [ [ -106.24575623750458, 31.79618568599123 ], [ -106.246240560375327, 31.796823312214055 ], [ -106.246412835816898, 31.796734524275475 ], [ -106.246583202480352, 31.796643092622226 ], [ -106.246099326233264, 31.796006055990759 ], [ -106.245851414211302, 31.796137431629727 ], [ -106.24575623750458, 31.79618568599123 ] ] ] } },
{ "type": "Feature", "properties": { "pidn": "E24299900100190", "district": 5, "zonelabel": "C-1", "state_cd_clean": "C10", "use_desc": "REAL, VACANT PLATTED COMMERCIAL LOT", "targetlotarea": 33330, "existing_units": 0, "footprint_sqft": 0.0, "interior_sqft": 0.0, "coverage_pct": 0.0, "in_corridor": true, "in_historic": false, "context_type": "Suburban" }, "geometry": { "type": "Polygon", "coordinates": [ [ [ -106.245416431857066, 31.796346145625179 ], [ -106.245903172346644, 31.796986957827912 ], [ -106.246072700247922, 31.796906390099863 ], [ -106.246240560375327, 31.796823312214055 ], [ -106.24575623750458, 31.79618568599123 ], [ -106.245591307707201, 31.796266529452325 ], [ -106.245416431857066, 31.796346145625179 ] ] ] } },
{ "type": "Feature", "properties": { "pidn": null, "district": 5, "zonelabel": "R-5", "state_cd_clean": null, "use_desc": "Unknown", "targetlotarea": 679009, "existing_units": 0, "footprint_sqft": 0.0, "interior_sqft": 0.0, "coverage_pct": 0.0, "in_corridor": false, "in_historic": false, "context_type": "Suburban" }, "geometry": { "type": "Polygon", "coordinates": [ [ [ -106.221556016336578, 31.798108550397775 ], [ -106.221627321120749, 31.798108572501675 ], [ -106.221627295828256, 31.79810034067718 ], [ -106.221627288579128, 31.798100257916936 ], [ -106.221627270400603, 31.798094084012774 ], [ -106.221627113691355, 31.798043437030174 ], [ -106.221626919675529, 31.797980426927452 ], [ -106.221626742440705, 31.797923159092903 ], [ -106.221623154100726, 31.796759472281348 ], [ -106.217130219486293, 31.796768993489248 ], [ -106.217125270416375, 31.796769178428121 ], [ -106.217120424495604, 31.796770055018001 ], [ -106.217115812475896, 31.796771600187487 ], [ -106.21711156182792, 31.796773772047565 ], [ -106.217107786251702, 31.796776511269528 ], [ -106.217104590062362, 31.796779743595479 ], [ -106.217102058699354, 31.796783380267851 ], [ -106.217100262225031, 31.796787323289948 ], [ -106.2170992488861, 31.796791463910676 ], [ -106.217099046726219, 31.796795691583092 ], [ -106.217099661197793, 31.796799889556461 ], [ -106.21710813060605, 31.796974663727134 ], [ -106.217123182763984, 31.797149114056452 ], [ -106.217150076049421, 31.797339883231007 ], [ -106.217170732670795, 31.797531217966199 ], [ -106.217185138162407, 31.797722970803573 ], [ -106.217193279999734, 31.79791499148666 ], [ -106.217195153151266, 31.798107131225514 ], [ -106.217277560570409, 31.79810715945694 ], [ -106.217376855136223, 31.798107193527645 ], [ -106.217513455963513, 31.798107239420656 ], [ -106.217786179748586, 31.798107332517077 ], [ -106.217936973276991, 31.798107383721565 ], [ -106.218087766749719, 31.798107433850859 ], [ -106.218238560222574, 31.79810748380558 ], [ -106.218389353751448, 31.798107534486352 ], [ -106.21854014728045, 31.798107584992554 ], [ -106.218690940753802, 31.798107634423566 ], [ -106.218841734283174, 31.798107684580557 ], [ -106.218992527756825, 31.798107733662416 ], [ -106.219143321286495, 31.7981077834703 ], [ -106.219294113705956, 31.7981078322507 ], [ -106.219444908290455, 31.798107881661739 ], [ -106.21959570076605, 31.798107930993631 ], [ -106.219746494240511, 31.798107979202619 ], [ -106.219897287770962, 31.798108028137584 ], [ -106.220048081245679, 31.798108075997433 ], [ -106.220198874776457, 31.798108124583294 ], [ -106.220349668251473, 31.798108172093972 ], [ -106.220500461782535, 31.798108220330718 ], [ -106.220651255313769, 31.798108268392831 ], [ -106.220802048789253, 31.7981083153798 ], [ -106.220952842320784, 31.798108363092751 ], [ -106.221103635796553, 31.798108409730599 ], [ -106.221254429328368, 31.798108457094401 ], [ -106.221405222804492, 31.798108503383048 ], [ -106.221556016336578, 31.798108550397775 ] ] ] } },
{ "type": "Feature", "properties": { "pidn": null, "district": 5, "zonelabel": "R-5", "state_cd_clean": null, "use_desc": "Unknown", "targetlotarea": 524863, "existing_units": 0, "footprint_sqft": 0.0, "interior_sqft": 0.0, "coverage_pct": 0.0, "in_corridor": false, "in_historic": false, "context_type": "Suburban" }, "geometry": { "type": "Polygon", "coordinates": [ [ [ -106.224819804657926, 31.798109517469481 ], [ -106.225065969452103, 31.798109587547273 ], [ -106.225065702991159, 31.798085550018548 ], [ -106.225056438423479, 31.797399590985297 ], [ -106.225047220318672, 31.796752113189516 ], [ -106.221623154100726, 31.796759472281348 ], [ -106.221626742440705, 31.797923159092903 ], [ -106.221626919675529, 31.797980426927452 ], [ -106.221627113691355, 31.798043437030174 ], [ -106.221627270400603, 31.798094084012774 ], [ -106.221627288579128, 31.798100257916936 ], [ -106.221627295828256, 31.79810034067718 ], [ -106.221627321120749, 31.798108572501675 ], [ -106.221706809868849, 31.798108597237885 ], [ -106.221857603345356, 31.798108643002834 ], [ -106.222008396877925, 31.798108689493752 ], [ -106.22215919041065, 31.798108735810168 ], [ -106.222309982833096, 31.798108781099096 ], [ -106.222460777420608, 31.798108827018641 ], [ -106.222611569843338, 31.798108871958398 ], [ -106.222756332494541, 31.798108915969081 ], [ -106.222901094035521, 31.798108958966072 ], [ -106.223045855632435, 31.798109002702716 ], [ -106.223190617173671, 31.798109045377849 ], [ -106.223335378714978, 31.798109087892151 ], [ -106.223480140312361, 31.798109131146141 ], [ -106.223624901853924, 31.798109173338649 ], [ -106.223769664450174, 31.798109215322519 ], [ -106.223914426047926, 31.798109258093827 ], [ -106.224059187589873, 31.798109299803688 ], [ -106.224203949132018, 31.798109341352646 ], [ -106.224348710730112, 31.798109383641329 ], [ -106.224503122982881, 31.79810942779455 ], [ -106.224819804657926, 31.798109517469481 ] ] ] } },
{ "type": "Feature", "properties": { "pidn": "V65899900100110", "district": 5, "zonelabel": "C-1", "state_cd_clean": "F1", "use_desc": "COMM,ANY COMM OTHR THAN F2-F9", "targetlotarea": 31628, "existing_units": 0, "footprint_sqft": 0.0, "interior_sqft": 0.0, "coverage_pct": 0.0, "in_corridor": true, "in_historic": false, "context_type": "Suburban" }, "geometry": { "type": "Polygon", "coordinates": [ [ [ -106.247592681064077, 31.796411952660055 ], [ -106.247441901533023, 31.796499538596077 ], [ -106.247280861139132, 31.796598208052057 ], [ -106.247682773250162, 31.79711711537583 ], [ -106.248052070186873, 31.796895208620679 ], [ -106.24769684641268, 31.796432205636588 ], [ -106.247632116587425, 31.796412400110686 ], [ -106.247612415452636, 31.796411085534263 ], [ -106.247592681064077, 31.796411952660055 ] ] ] } },
{ "type": "Feature", "properties": { "pidn": null, "district": 5, "zonelabel": "R-5", "state_cd_clean": null, "use_desc": "Unknown", "targetlotarea": 223863, "existing_units": 0, "footprint_sqft": 0.0, "interior_sqft": 0.0, "coverage_pct": 0.0, "in_corridor": false, "in_historic": false, "context_type": "Suburban" }, "geometry": { "type": "Polygon", "coordinates": [ [ [ -106.226592408616128, 31.798110008481675 ], [ -106.228775230811848, 31.798110579986982 ], [ -106.22925482339474, 31.797664238789945 ], [ -106.229198010723209, 31.797619943641063 ], [ -106.228814466112397, 31.797320245396893 ], [ -106.228712492362774, 31.797244841893733 ], [ -106.228606016221661, 31.797174122753795 ], [ -106.22849533426475, 31.797108283155154 ], [ -106.22838074971925, 31.797047506234247 ], [ -106.228262582840898, 31.796991959906585 ], [ -106.228141158316205, 31.79694179834047 ], [ -106.228016813530843, 31.796897158873389 ], [ -106.227889892522313, 31.796858166801549 ], [ -106.227316904489228, 31.797394613414067 ], [ -106.226552700733407, 31.798109997763969 ], [ -106.226592408616128, 31.798110008481675 ] ] ] } },
{ "type": "Feature", "properties": { "pidn": "I05099900100300", "district": 5, "zonelabel": "C-1", "state_cd_clean": "F1", "use_desc": "COMM,ANY COMM OTHR THAN F2-F9", "targetlotarea": 46651, "existing_units": 0, "footprint_sqft": 0.0, "interior_sqft": 0.0, "coverage_pct": 0.0, "in_corridor": true, "in_historic": false, "context_type": "Suburban" }, "geometry": { "type": "Polygon", "coordinates": [ [ [ -106.243104498447579, 31.797836411588989 ], [ -106.243110502112316, 31.797858852987481 ], [ -106.243352894500362, 31.797809063586541 ], [ -106.24359390848808, 31.797754616498892 ], [ -106.243833424177069, 31.797695539754795 ], [ -106.243690392277017, 31.797160913192378 ], [ -106.242967114534665, 31.797322884567844 ], [ -106.242992901371906, 31.797419275549547 ], [ -106.243046001783071, 31.797617757437486 ], [ -106.243104498447579, 31.797836411588989 ] ] ] } },
{ "type": "Feature", "properties": { "pidn": null, "district": 5, "zonelabel": "P-R 2", "state_cd_clean": null, "use_desc": "Unknown", "targetlotarea": 41261, "existing_units": 0, "footprint_sqft": 0.0, "interior_sqft": 0.0, "coverage_pct": 0.0, "in_corridor": false, "in_historic": false, "context_type": "Suburban" }, "geometry": { "type": "Polygon", "coordinates": [ [ [ -106.266110592685649, 31.798934543818028 ], [ -106.266623432850864, 31.798926426832107 ], [ -106.266608133684414, 31.798221225290852 ], [ -106.266095014705868, 31.798216496913319 ], [ -106.266095014904849, 31.798216533933513 ], [ -106.266096140983322, 31.798268470794728 ], [ -106.266096152906798, 31.798268966082166 ], [ -106.266098574122083, 31.798380552245931 ], [ -106.266100994288593, 31.798492138452769 ], [ -106.26610341446073, 31.798603724654619 ], [ -106.266105836747613, 31.798715310755281 ], [ -106.26610832881498, 31.798830195596707 ], [ -106.266109032720649, 31.798862672492223 ], [ -106.266110134264821, 31.798913387590186 ], [ -106.266110592685649, 31.798934543818028 ] ] ] } },
{ "type": "Feature", "properties": { "pidn": "T28999900100160", "district": 5, "zonelabel": "P-R 2", "state_cd_clean": "F1", "use_desc": "COMM,ANY COMM OTHR THAN F2-F9", "targetlotarea": 105236, "existing_units": 0, "footprint_sqft": 0.0, "interior_sqft": 0.0, "coverage_pct": 0.0, "in_corridor": false, "in_historic": false, "context_type": "Suburban" }, "geometry": { "type": "Polygon", "coordinates": [ [ [ -106.266123595826059, 31.799533925284251 ], [ -106.26764552142015, 31.79951993126603 ], [ -106.267645074244768, 31.799438087133279 ], [ -106.267726792994125, 31.799436792688372 ], [ -106.267716629568341, 31.798964058866417 ], [ -106.267639284732397, 31.798965330878012 ], [ -106.267118456551572, 31.798973578574852 ], [ -106.267117256736398, 31.79891855990196 ], [ -106.266623432850864, 31.798926426832107 ], [ -106.266110592685649, 31.798934543818028 ], [ -106.266110713645915, 31.798940133335087 ], [ -106.266112392614872, 31.799017512077949 ], [ -106.266113098227109, 31.799050033147847 ], [ -106.266113098426089, 31.799050070168025 ], [ -106.266115519681179, 31.799161656296693 ], [ -106.266117940942024, 31.79927324242027 ], [ -106.26612036115398, 31.799384828586909 ], [ -106.266120445713199, 31.799388719126114 ], [ -106.266120480591582, 31.799390326050897 ], [ -106.266122014650762, 31.799461055151969 ], [ -106.266122036149, 31.799462025060905 ], [ -106.266122782426137, 31.79949641470045 ], [ -106.266123595826059, 31.799533925284251 ] ] ] } },
{ "type": "Feature", "properties": { "pidn": "T28999900100150", "district": 5, "zonelabel": "P-R 2", "state_cd_clean": "F1", "use_desc": "COMM,ANY COMM OTHR THAN F2-F9", "targetlotarea": 35277, "existing_units": 0, "footprint_sqft": 6760.6499, "interior_sqft": 13521.2998, "coverage_pct": 0.19164469484366586, "in_corridor": false, "in_historic": false, "context_type": "Suburban" }, "geometry": { "type": "Polygon", "coordinates": [ [ [ -106.266145124722399, 31.800526229925744 ], [ -106.266731612587222, 31.800520861445381 ], [ -106.266720063897168, 31.799988759169118 ], [ -106.266133580371019, 31.799994127550516 ], [ -106.266133658404485, 31.799997727571228 ], [ -106.266136079707891, 31.800109313657142 ], [ -106.266138499962466, 31.800220899786105 ], [ -106.26614092127727, 31.800332485861993 ], [ -106.266143341599545, 31.800444072881451 ], [ -106.266145124722399, 31.800526229925744 ] ] ] } },
{ "type": "Feature", "properties": { "pidn": "T28999900100160", "district": 5, "zonelabel": "C-4", "state_cd_clean": "F1", "use_desc": "COMM,ANY COMM OTHR THAN F2-F9", "targetlotarea": 55558, "existing_units": 0, "footprint_sqft": 0.0, "interior_sqft": 0.0, "coverage_pct": 0.0, "in_corridor": false, "in_historic": false, "context_type": "Suburban" }, "geometry": { "type": "Polygon", "coordinates": [ [ [ -106.266731612587222, 31.800520861445381 ], [ -106.267650941265643, 31.800512441750968 ], [ -106.267648035098503, 31.799980260398492 ], [ -106.266720063897168, 31.799988759169118 ], [ -106.266731612587222, 31.800520861445381 ] ] ] } },
{ "type": "Feature", "properties": { "pidn": "X57999923400285", "district": 5, "zonelabel": "R-5", "state_cd_clean": "C10", "use_desc": "REAL, VACANT PLATTED COMMERCIAL LOT", "targetlotarea": 175274, "existing_units": 0, "footprint_sqft": 0.0, "interior_sqft": 0.0, "coverage_pct": 0.0, "in_corridor": true, "in_historic": false, "context_type": "Suburban" }, "geometry": { "type": "Polygon", "coordinates": [ [ [ -106.244553672609939, 31.802708204470189 ], [ -106.244579116824625, 31.80270003490082 ], [ -106.244605791757067, 31.802695562881148 ], [ -106.244632963552533, 31.802694908446874 ], [ -106.244659891132144, 31.802698092616918 ], [ -106.244685833899339, 31.802705025302302 ], [ -106.244710081110185, 31.802715518422325 ], [ -106.244731970798881, 31.802729284141513 ], [ -106.244750900939763, 31.802745944297413 ], [ -106.244766353545131, 31.802765043755347 ], [ -106.244777904661049, 31.802786058083147 ], [ -106.244785238199796, 31.802808411888112 ], [ -106.244788154219975, 31.802831492891389 ], [ -106.244773439821273, 31.801627374731993 ], [ -106.244766913000348, 31.801629483824556 ], [ -106.244748826671753, 31.801588656984396 ], [ -106.244454436123405, 31.801684767286538 ], [ -106.244301608281305, 31.801731065366567 ], [ -106.244146331159811, 31.8017709800116 ], [ -106.243988970052868, 31.801804416049499 ], [ -106.243829894541875, 31.801831296178168 ], [ -106.243669481322186, 31.801851555417997 ], [ -106.243508105104681, 31.801865147847241 ], [ -106.243448154020612, 31.801872198419282 ], [ -106.243389709258324, 31.80188560731191 ], [ -106.243333692482608, 31.801905162878853 ], [ -106.243280984447694, 31.801930556891008 ], [ -106.243232416842332, 31.801961389421859 ], [ -106.243188754699005, 31.801997175065303 ], [ -106.24315068413263, 31.802037349813752 ], [ -106.243118807628179, 31.802081280303408 ], [ -106.243093624677584, 31.802128275530688 ], [ -106.243075534336455, 31.802177593961087 ], [ -106.243064820358782, 31.802228459557423 ], [ -106.243061651756946, 31.802280070784938 ], [ -106.24306624315507, 31.802656417231614 ], [ -106.243067323288699, 31.802665883679566 ], [ -106.243070300985408, 31.802675049910725 ], [ -106.243075087040211, 31.802683638195763 ], [ -106.243081535480954, 31.802691393252346 ], [ -106.243089455112724, 31.802698080817851 ], [ -106.243098608249426, 31.802703501253795 ], [ -106.243108718208163, 31.802707491012228 ], [ -106.243119483522833, 31.802709930118272 ], [ -106.243130580334054, 31.802710746577425 ], [ -106.244532245221237, 31.802709756689172 ], [ -106.244553672609939, 31.802708204470189 ] ] ] } },
{ "type": "Feature", "properties": { "pidn": "X57999923400285", "district": 5, "zonelabel": "R-5", "state_cd_clean": "C10", "use_desc": "REAL, VACANT PLATTED COMMERCIAL LOT", "targetlotarea": 175274, "existing_units": 0, "footprint_sqft": 0.0, "interior_sqft": 0.0, "coverage_pct": 0.0, "in_corridor": true, "in_historic": false, "context_type": "Suburban" }, "geometry": { "type": "Polygon", "coordinates": [ [ [ -106.244553672609939, 31.802708204470189 ], [ -106.244579116824625, 31.80270003490082 ], [ -106.244605791757067, 31.802695562881148 ], [ -106.244632963552533, 31.802694908446874 ], [ -106.244659891132144, 31.802698092616918 ], [ -106.244685833899339, 31.802705025302302 ], [ -106.244710081110185, 31.802715518422325 ], [ -106.244731970798881, 31.802729284141513 ], [ -106.244750900939763, 31.802745944297413 ], [ -106.244766353545131, 31.802765043755347 ], [ -106.244777904661049, 31.802786058083147 ], [ -106.244785238199796, 31.802808411888112 ], [ -106.244788154219975, 31.802831492891389 ], [ -106.244773439821273, 31.801627374731993 ], [ -106.244766913000348, 31.801629483824556 ], [ -106.244748826671753, 31.801588656984396 ], [ -106.244454436123405, 31.801684767286538 ], [ -106.244301608281305, 31.801731065366567 ], [ -106.244146331159811, 31.8017709800116 ], [ -106.243988970052868, 31.801804416049499 ], [ -106.243829894541875, 31.801831296178168 ], [ -106.243669481322186, 31.801851555417997 ], [ -106.243508105104681, 31.801865147847241 ], [ -106.243448154020612, 31.801872198419282 ], [ -106.243389709258324, 31.80188560731191 ], [ -106.243333692482608, 31.801905162878853 ], [ -106.243280984447694, 31.801930556891008 ], [ -106.243232416842332, 31.801961389421859 ], [ -106.243188754699005, 31.801997175065303 ], [ -106.24315068413263, 31.802037349813752 ], [ -106.243118807628179, 31.802081280303408 ], [ -106.243093624677584, 31.802128275530688 ], [ -106.243075534336455, 31.802177593961087 ], [ -106.243064820358782, 31.802228459557423 ], [ -106.243061651756946, 31.802280070784938 ], [ -106.24306624315507, 31.802656417231614 ], [ -106.243067323288699, 31.802665883679566 ], [ -106.243070300985408, 31.802675049910725 ], [ -106.243075087040211, 31.802683638195763 ], [ -106.243081535480954, 31.802691393252346 ], [ -106.243089455112724, 31.802698080817851 ], [ -106.243098608249426, 31.802703501253795 ], [ -106.243108718208163, 31.802707491012228 ], [ -106.243119483522833, 31.802709930118272 ], [ -106.243130580334054, 31.802710746577425 ], [ -106.244532245221237, 31.802709756689172 ], [ -106.244553672609939, 31.802708204470189 ] ] ] } },
{ "type": "Feature", "properties": { "pidn": "X57999923400010", "district": 5, "zonelabel": "S-D", "state_cd_clean": "C10", "use_desc": "REAL, VACANT PLATTED COMMERCIAL LOT", "targetlotarea": 185374, "existing_units": 0, "footprint_sqft": 0.0, "interior_sqft": 0.0, "coverage_pct": 0.0, "in_corridor": false, "in_historic": false, "context_type": "Suburban" }, "geometry": { "type": "Polygon", "coordinates": [ [ [ -106.240731079710301, 31.802945826133499 ], [ -106.241179941030438, 31.803096179468938 ], [ -106.241238346773684, 31.80296901199733 ], [ -106.241250499944485, 31.802947808152368 ], [ -106.241273204692732, 31.802921719764434 ], [ -106.24129078738369, 31.802892889862022 ], [ -106.241302804821856, 31.80286204753321 ], [ -106.24130335615412, 31.802839185688089 ], [ -106.241308208487069, 31.80281669756269 ], [ -106.241317234351911, 31.802795168759694 ], [ -106.241330200141292, 31.802775161702581 ], [ -106.241346765987032, 31.802757196675326 ], [ -106.241366502128884, 31.802741742951383 ], [ -106.241388892123481, 31.802729202391436 ], [ -106.241413353599199, 31.802719903082455 ], [ -106.241439249071234, 31.802714086202936 ], [ -106.241465902702302, 31.802711903455947 ], [ -106.24274483941069, 31.802711016182187 ], [ -106.242754956167431, 31.802710325580136 ], [ -106.242764820578756, 31.802708282692798 ], [ -106.242774184239536, 31.802704940344665 ], [ -106.242782816413467, 31.802700380361735 ], [ -106.242790500039277, 31.802694717365213 ], [ -106.242797044048771, 31.802688092793503 ], [ -106.242802286250338, 31.802680670255327 ], [ -106.24280609443953, 31.802672636382592 ], [ -106.242808375273142, 31.802664190492642 ], [ -106.242809070993346, 31.802655542930864 ], [ -106.242804235279721, 31.802259171420395 ], [ -106.242799361898221, 31.802205001924253 ], [ -106.24278618374467, 31.802151851681941 ], [ -106.242764931758188, 31.802100644053013 ], [ -106.242735974449943, 31.802052269957496 ], [ -106.242699815782146, 31.802007570812592 ], [ -106.2426570846673, 31.801967322753544 ], [ -106.242608522750686, 31.801932227254166 ], [ -106.242554977017946, 31.801902894303385 ], [ -106.242497375921815, 31.801879832652187 ], [ -106.242436723774148, 31.801863444649662 ], [ -106.242374072543143, 31.801854014880526 ], [ -106.242310514304222, 31.801851707798416 ], [ -106.241989081885393, 31.801851940811627 ], [ -106.241667633088355, 31.801835703188793 ], [ -106.24127642514074, 31.801835985614176 ], [ -106.241276967895828, 31.802385000225943 ], [ -106.240716470183173, 31.802385402439512 ], [ -106.240721509093561, 31.802902704828352 ], [ -106.240731079710301, 31.802945826133499 ] ] ] } },
{ "type": "Feature", "properties": { "pidn": "T28999900100100", "district": 5, "zonelabel": "P-R 2", "state_cd_clean": "C10", "use_desc": "REAL, VACANT PLATTED COMMERCIAL LOT", "targetlotarea": 68482, "existing_units": 0, "footprint_sqft": 0.0, "interior_sqft": 0.0, "coverage_pct": 0.0, "in_corridor": false, "in_historic": false, "context_type": "Suburban" }, "geometry": { "type": "Polygon", "coordinates": [ [ [ -106.266839392987066, 31.801990638605545 ], [ -106.267573112554928, 31.801983918298308 ], [ -106.267616037314014, 31.801573215747332 ], [ -106.266130127176183, 31.801586822248513 ], [ -106.266123635392489, 31.801694835326455 ], [ -106.266116917101357, 31.801806601386243 ], [ -106.266110379719606, 31.801915374275815 ], [ -106.266105451356296, 31.801997356770567 ], [ -106.266839392987066, 31.801990638605545 ] ] ] } },
{ "type": "Feature", "properties": { "pidn": "D25000000100100", "district": 5, "zonelabel": "R-3", "state_cd_clean": "F1", "use_desc": "COMM,ANY COMM OTHR THAN F2-F9", "targetlotarea": 44237, "existing_units": 0, "footprint_sqft": 1328.81006, "interior_sqft": 1328.81006, "coverage_pct": 0.030038430725410854, "in_corridor": false, "in_historic": false, "context_type": "Suburban" }, "geometry": { "type": "Polygon", "coordinates": [ [ [ -106.223557584328375, 31.803376933288916 ], [ -106.22409357508478, 31.804377513333794 ], [ -106.224093574958019, 31.804377477214199 ], [ -106.224091158550223, 31.804124656133638 ], [ -106.224079351291905, 31.802890413563819 ], [ -106.224038218688591, 31.802928768360619 ], [ -106.223557615399287, 31.803376905691763 ], [ -106.223557584328375, 31.803376933288916 ] ] ] } },
{ "type": "Feature", "properties": { "pidn": null, "district": 5, "zonelabel": "R-5", "state_cd_clean": null, "use_desc": "Unknown", "targetlotarea": 1576631, "existing_units": 0, "footprint_sqft": 0.0, "interior_sqft": 0.0, "coverage_pct": 0.0, "in_corridor": false, "in_historic": false, "context_type": "Suburban" }, "geometry": { "type": "Polygon", "coordinates": [ [ [ -106.221348702035812, 31.804917627850504 ], [ -106.221359812651954, 31.804924923703304 ], [ -106.221372236598938, 31.804930461345013 ], [ -106.221385597534081, 31.804934072660412 ], [ -106.22139949105258, 31.804935648604719 ], [ -106.22141349329209, 31.80493514152327 ], [ -106.221427180026822, 31.804932566094145 ], [ -106.221440135216454, 31.804928000747633 ], [ -106.221451965602952, 31.804921584296263 ], [ -106.221462312087411, 31.804913511807612 ], [ -106.228775230811848, 31.798110579986982 ], [ -106.226592408616128, 31.798110008481675 ], [ -106.22506542074342, 31.799530568210947 ], [ -106.224883690032556, 31.799699628897304 ], [ -106.22464105076871, 31.799925349414682 ], [ -106.224529529427912, 31.800029093553224 ], [ -106.224395781913728, 31.800153514019001 ], [ -106.224267957814945, 31.800272425293066 ], [ -106.224143584513328, 31.800388124006602 ], [ -106.224028083005891, 31.800495570042266 ], [ -106.223924306678811, 31.800592108201222 ], [ -106.223820530140785, 31.800688646273755 ], [ -106.2237167544464, 31.800785184212078 ], [ -106.223612977486567, 31.800881722111765 ], [ -106.223509200315803, 31.800978259925049 ], [ -106.223396720724196, 31.80108289254682 ], [ -106.223287939176004, 31.80118408562781 ], [ -106.223178069566188, 31.801286289685716 ], [ -106.223074726433452, 31.801382422717989 ], [ -106.222971384090329, 31.801478554716176 ], [ -106.222868040539311, 31.801574687577084 ], [ -106.222764696723317, 31.801670819451658 ], [ -106.222652650473179, 31.801775047884767 ], [ -106.222549307275798, 31.801871179532942 ], [ -106.222445962870623, 31.80196731204385 ], [ -106.222342618200415, 31.802063443568414 ], [ -106.222239273376957, 31.80215957590784 ], [ -106.222127225918015, 31.802263802967921 ], [ -106.222023881713184, 31.802359935081075 ], [ -106.221920536188762, 31.80245606625564 ], [ -106.221817190511018, 31.802552198245113 ], [ -106.221713845622887, 31.802648329200544 ], [ -106.221601797066924, 31.802752556688812 ], [ -106.221498450688287, 31.802848687513332 ], [ -106.221395104156329, 31.802944819152774 ], [ -106.22129175841394, 31.803040949758206 ], [ -106.221188411463729, 31.803137081226218 ], [ -106.221076361698962, 31.803241307341462 ], [ -106.220973014312818, 31.803337438630862 ], [ -106.220869667716201, 31.803433568886263 ], [ -106.220766319911732, 31.803529700004219 ], [ -106.220662971842245, 31.803625830135886 ], [ -106.220480650531115, 31.803795418873726 ], [ -106.220223034558146, 31.804035042739358 ], [ -106.220605372729665, 31.804334820052592 ], [ -106.221348702035812, 31.804917627850504 ] ] ] } },
{ "type": "Feature", "properties": { "pidn": "T28799920100100", "district": 5, "zonelabel": "R-5", "state_cd_clean": "XV-R", "use_desc": "RESIDENTIAL, public, religous, charitable, misc", "targetlotarea": 1003563, "existing_units": 0, "footprint_sqft": 91923.92166, "interior_sqft": 181424.52326, "coverage_pct": 0.091597559555304436, "in_corridor": false, "in_historic": false, "context_type": "Suburban" }, "geometry": { "type": "Polygon", "coordinates": [ [ [ -106.234095558636241, 31.804426836324133 ], [ -106.237320775242651, 31.804404045940277 ], [ -106.237296068734977, 31.801858332366795 ], [ -106.237227576484202, 31.801858356389598 ], [ -106.236807619117101, 31.801846205572744 ], [ -106.236394523766165, 31.801780503903288 ], [ -106.23599317358439, 31.801678407277056 ], [ -106.235585406546051, 31.801589919975211 ], [ -106.23516831387623, 31.80154280717942 ], [ -106.234132023429609, 31.801542730926702 ], [ -106.234120855892357, 31.80154364732979 ], [ -106.234110044301119, 31.801546206656617 ], [ -106.234099915751713, 31.801550329049629 ], [ -106.234090780887357, 31.801555891143678 ], [ -106.234082914693204, 31.801562723324029 ], [ -106.234076556943876, 31.801570616931492 ], [ -106.234071900165233, 31.801579334742701 ], [ -106.234069086358488, 31.801588609312073 ], [ -106.234068200738108, 31.801598161318754 ], [ -106.234095558636241, 31.804426836324133 ] ] ] } },
{ "type": "Feature", "properties": { "pidn": "D25000000100100", "district": 5, "zonelabel": "R-3", "state_cd_clean": "F1", "use_desc": "COMM,ANY COMM OTHR THAN F2-F9", "targetlotarea": 66634, "existing_units": 0, "footprint_sqft": 1328.81006, "interior_sqft": 1328.81006, "coverage_pct": 0.019941922441996579, "in_corridor": false, "in_historic": false, "context_type": "Suburban" }, "geometry": { "type": "Polygon", "coordinates": [ [ [ -106.223231476942814, 31.803681006118783 ], [ -106.224050733443107, 31.805102224138206 ], [ -106.224100364525526, 31.805086907471825 ], [ -106.224100363344235, 31.805086871399979 ], [ -106.224093575211484, 31.804377549453324 ], [ -106.22409357508478, 31.804377513333794 ], [ -106.223557584328375, 31.803376933288916 ], [ -106.223231476942814, 31.803681006118783 ] ] ] } },
{ "type": "Feature", "properties": { "pidn": "T28799915000890", "district": 5, "zonelabel": "R-3", "state_cd_clean": "A1", "use_desc": "REAL, RESIDENTIAL, SINGLE-FAMILY", "targetlotarea": 1680261, "existing_units": 1, "footprint_sqft": 0.0, "interior_sqft": 0.0, "coverage_pct": 0.0, "in_corridor": false, "in_historic": false, "context_type": "Suburban" }, "geometry": { "type": "Polygon", "coordinates": [ [ [ -106.224101755399005, 31.805232132333206 ], [ -106.224101755525723, 31.805232168452754 ], [ -106.224137198361262, 31.805199180283513 ], [ -106.224198943019104, 31.80514171517089 ], [ -106.22439891936412, 31.804955595695588 ], [ -106.224497504076737, 31.804863842518323 ], [ -106.224590211789319, 31.804777558247167 ], [ -106.224682919333461, 31.804691273907 ], [ -106.224775627763805, 31.804604989450173 ], [ -106.224868334915229, 31.804518704071473 ], [ -106.224961041954131, 31.804432419524392 ], [ -106.225053749879265, 31.804346134860623 ], [ -106.225146456581356, 31.804259850175633 ], [ -106.225239163115063, 31.80417356542165 ], [ -106.225331869480414, 31.804087280598733 ], [ -106.225424576675934, 31.804000994758464 ], [ -106.225517282704487, 31.803914709797557 ], [ -106.22560998961913, 31.803828424719978 ], [ -106.225702695310844, 31.803742139621146 ], [ -106.22579540083413, 31.803655854453407 ], [ -106.225888106188975, 31.803569569216602 ], [ -106.225980812430052, 31.80348328386313 ], [ -106.226074823090087, 31.803395782453311 ], [ -106.226173403510799, 31.803304027997939 ], [ -106.226271984851579, 31.803212274317481 ], [ -106.226370564891482, 31.803120519706123 ], [ -106.226469145795491, 31.803028764969067 ], [ -106.226567725454515, 31.802937010201767 ], [ -106.226666304923171, 31.802845255356477 ], [ -106.226764885255903, 31.802753500385506 ], [ -106.226863464343666, 31.80266174538426 ], [ -106.22696204429559, 31.802569990257275 ], [ -106.227060623058406, 31.802478236000688 ], [ -106.227159202629494, 31.802386480717725 ], [ -106.227257780955554, 31.8022947254046 ], [ -106.227356360145748, 31.802202969965681 ], [ -106.227454938090972, 31.802111214496527 ], [ -106.227553515845827, 31.802019458949449 ], [ -106.227652094464759, 31.801927703276583 ], [ -106.227744886434792, 31.801841333106733 ], [ -106.227843464684057, 31.801749577282553 ], [ -106.227947809150777, 31.801652453856921 ], [ -106.228148575641939, 31.801465580237746 ], [ -106.2283153079333, 31.801310384718782 ], [ -106.22857402131757, 31.801069570113228 ], [ -106.228735464790802, 31.800919296319382 ], [ -106.228837827023753, 31.800824015756533 ], [ -106.228941407685952, 31.800727600652515 ], [ -106.229044987083327, 31.800631185510216 ], [ -106.229146608896158, 31.80053659298423 ], [ -106.229250188875611, 31.800440176723008 ], [ -106.229351810279795, 31.800345584029699 ], [ -106.22945343153755, 31.800250992154112 ], [ -106.229555052537009, 31.800156399295034 ], [ -106.229656673334091, 31.800061806353145 ], [ -106.229758293928825, 31.79996721332834 ], [ -106.229859914321196, 31.799872620220714 ], [ -106.22996153451119, 31.799778027030218 ], [ -106.230063153444306, 31.799683433804617 ], [ -106.230164773229603, 31.799588840448394 ], [ -106.23026639281251, 31.799494247009271 ], [ -106.230371189175443, 31.799396696246983 ], [ -106.230501030150876, 31.799275831196486 ], [ -106.230737472828764, 31.799055733620467 ], [ -106.230801663657388, 31.798995980164726 ], [ -106.23143761054267, 31.798403989015668 ], [ -106.231190433031728, 31.798403966006493 ], [ -106.230836580563079, 31.798381812097055 ], [ -106.230490279057832, 31.798315886766403 ], [ -106.230158908820584, 31.798207597807188 ], [ -106.229849532768043, 31.798059254340018 ], [ -106.229568747342967, 31.797874016655836 ], [ -106.229558561716701, 31.797867564654332 ], [ -106.229547347998988, 31.797862504910036 ], [ -106.22953536721559, 31.797858953841061 ], [ -106.229522894139876, 31.797856993826574 ], [ -106.229510218179215, 31.797856670457271 ], [ -106.229498419722418, 31.797857858917151 ], [ -106.229486937823395, 31.797860466311761 ], [ -106.2294760060621, 31.797864439610329 ], [ -106.229465845683251, 31.797869697440486 ], [ -106.229456661602114, 31.797876133882159 ], [ -106.229455116787207, 31.797877413178131 ], [ -106.229454913351503, 31.797877593991799 ], [ -106.229450071553245, 31.797882111402632 ], [ -106.229273876116622, 31.798046429494587 ], [ -106.229214936205622, 31.798101395196834 ], [ -106.224079351291905, 31.802890413563819 ], [ -106.224091158550223, 31.804124656133638 ], [ -106.224093574958019, 31.804377477214199 ], [ -106.22409357508478, 31.804377513333794 ], [ -106.224093575211484, 31.804377549453324 ], [ -106.224100363344235, 31.805086871399979 ], [ -106.224100364525526, 31.805086907471825 ], [ -106.224100363597714, 31.805086943639107 ], [ -106.224101755399005, 31.805232132333206 ] ] ] } },
{ "type": "Feature", "properties": { "pidn": "T28999900100100", "district": 5, "zonelabel": "P-R 2", "state_cd_clean": "C10", "use_desc": "REAL, VACANT PLATTED COMMERCIAL LOT", "targetlotarea": 124887, "existing_units": 0, "footprint_sqft": 0.0, "interior_sqft": 0.0, "coverage_pct": 0.0, "in_corridor": true, "in_historic": false, "context_type": "Suburban" }, "geometry": { "type": "Polygon", "coordinates": [ [ [ -106.265764398885736, 31.803279146490816 ], [ -106.266592361607294, 31.803439414073605 ], [ -106.266810494501186, 31.802741094550733 ], [ -106.266839392987066, 31.801990638605545 ], [ -106.266105451356296, 31.801997356770567 ], [ -106.266103121333643, 31.802036112470471 ], [ -106.266098487888868, 31.802113203592938 ], [ -106.266098485922498, 31.802113239808634 ], [ -106.266098483956142, 31.802113276024357 ], [ -106.266091022968311, 31.802237388586878 ], [ -106.266091021001927, 31.802237424802602 ], [ -106.266083432715789, 31.802363680017727 ], [ -106.266081798804777, 31.802390850860515 ], [ -106.266080165947301, 31.802418021654901 ], [ -106.266056936439782, 31.802481372839353 ], [ -106.266017859809523, 31.802587937940221 ], [ -106.265978805796095, 31.802694443284906 ], [ -106.265944111042742, 31.802789056778096 ], [ -106.265905056863986, 31.802895562092079 ], [ -106.265870279848002, 31.802990401476674 ], [ -106.265831225503661, 31.803096906759908 ], [ -106.265792149365325, 31.803203470818094 ], [ -106.265764398885736, 31.803279146490816 ] ] ] } },
{ "type": "Feature", "properties": { "pidn": "H806999U5400190", "district": 5, "zonelabel": "C-4", "state_cd_clean": "F1", "use_desc": "COMM,ANY COMM OTHR THAN F2-F9", "targetlotarea": 69217, "existing_units": 0, "footprint_sqft": 0.0, "interior_sqft": 0.0, "coverage_pct": 0.0, "in_corridor": true, "in_historic": false, "context_type": "Suburban" }, "geometry": { "type": "Polygon", "coordinates": [ [ [ -106.26004133525015, 31.805784412788817 ], [ -106.260074453767018, 31.805805368521657 ], [ -106.260657696864442, 31.805731000954392 ], [ -106.260554542620781, 31.805141032159675 ], [ -106.260611847715822, 31.805133724886193 ], [ -106.260555341182723, 31.804810547393441 ], [ -106.260463854233961, 31.804752719384961 ], [ -106.260065362876432, 31.80480353220047 ], [ -106.259950334357868, 31.804916478389309 ], [ -106.259948590385576, 31.805062041403222 ], [ -106.259953631466374, 31.805207548293165 ], [ -106.259965450672766, 31.805352769072584 ], [ -106.259984029364077, 31.805497472481033 ], [ -106.260009337411446, 31.805641429586512 ], [ -106.26004133525015, 31.805784412788817 ] ] ] } },
{ "type": "Feature", "properties": { "pidn": "X57999923400285", "district": 5, "zonelabel": "R-5", "state_cd_clean": "C10", "use_desc": "REAL, VACANT PLATTED COMMERCIAL LOT", "targetlotarea": 1312573, "existing_units": 0, "footprint_sqft": 0.0, "interior_sqft": 0.0, "coverage_pct": 0.0, "in_corridor": true, "in_historic": false, "context_type": "Suburban" }, "geometry": { "type": "Polygon", "coordinates": [ [ [ -106.244833720631505, 31.80656027997976 ], [ -106.244835428907322, 31.806700056452897 ], [ -106.246930579931458, 31.806535880861986 ], [ -106.246952720848739, 31.806532272827905 ], [ -106.246973898649216, 31.806525683029143 ], [ -106.246993566594057, 31.806516281716018 ], [ -106.247011217291984, 31.80650431050546 ], [ -106.247026395242472, 31.806490080005009 ], [ -106.247038706596143, 31.806473956725068 ], [ -106.247047834636831, 31.806456356956463 ], [ -106.247053544437165, 31.806437736624087 ], [ -106.247026755550039, 31.803277628469768 ], [ -106.24691198619233, 31.802181513097729 ], [ -106.246589352507485, 31.801116074778985 ], [ -106.246584175549202, 31.801106036761109 ], [ -106.24658506113137, 31.801093516881981 ], [ -106.246583489993057, 31.801081046319084 ], [ -106.246579507105153, 31.801068973448537 ], [ -106.246573223425287, 31.801057636422922 ], [ -106.246564814225906, 31.801047353312512 ], [ -106.246554515257458, 31.801038411441759 ], [ -106.246542613862829, 31.801031060568281 ], [ -106.24652944547752, 31.801025507623049 ], [ -106.246515377138124, 31.801021906621809 ], [ -106.2465008022658, 31.801020359805534 ], [ -106.246486129560168, 31.801020909113682 ], [ -106.246471769458608, 31.801023539508833 ], [ -106.246458123535007, 31.801028178555349 ], [ -106.246445574896995, 31.801034695049321 ], [ -106.244748826671753, 31.801588656984396 ], [ -106.244766913000348, 31.801629483824556 ], [ -106.244773439821273, 31.801627374731993 ], [ -106.244788154219975, 31.802831492891389 ], [ -106.244798807530316, 31.80370333670886 ], [ -106.244803972776182, 31.804126019909791 ], [ -106.244808564782559, 31.804501856031056 ], [ -106.244814507101154, 31.804988019030262 ], [ -106.244819672430609, 31.805410701111811 ], [ -106.244824238791722, 31.805784391442483 ], [ -106.244825855169097, 31.805916597488114 ], [ -106.244827427819999, 31.806045333838835 ], [ -106.244829001585856, 31.806174071035588 ], [ -106.244830574245256, 31.80630280737298 ], [ -106.244832146965052, 31.806431544604244 ], [ -106.244833720631505, 31.80656027997976 ] ] ] } },
{ "type": "Feature", "properties": { "pidn": "X57999923400285", "district": 5, "zonelabel": "R-5", "state_cd_clean": "C10", "use_desc": "REAL, VACANT PLATTED COMMERCIAL LOT", "targetlotarea": 1312573, "existing_units": 0, "footprint_sqft": 0.0, "interior_sqft": 0.0, "coverage_pct": 0.0, "in_corridor": true, "in_historic": false, "context_type": "Suburban" }, "geometry": { "type": "Polygon", "coordinates": [ [ [ -106.244833720631505, 31.80656027997976 ], [ -106.244835428907322, 31.806700056452897 ], [ -106.246930579931458, 31.806535880861986 ], [ -106.246952720848739, 31.806532272827905 ], [ -106.246973898649216, 31.806525683029143 ], [ -106.246993566594057, 31.806516281716018 ], [ -106.247011217291984, 31.80650431050546 ], [ -106.247026395242472, 31.806490080005009 ], [ -106.247038706596143, 31.806473956725068 ], [ -106.247047834636831, 31.806456356956463 ], [ -106.247053544437165, 31.806437736624087 ], [ -106.247026755550039, 31.803277628469768 ], [ -106.24691198619233, 31.802181513097729 ], [ -106.246589352507485, 31.801116074778985 ], [ -106.246584175549202, 31.801106036761109 ], [ -106.24658506113137, 31.801093516881981 ], [ -106.246583489993057, 31.801081046319084 ], [ -106.246579507105153, 31.801068973448537 ], [ -106.246573223425287, 31.801057636422922 ], [ -106.246564814225906, 31.801047353312512 ], [ -106.246554515257458, 31.801038411441759 ], [ -106.246542613862829, 31.801031060568281 ], [ -106.24652944547752, 31.801025507623049 ], [ -106.246515377138124, 31.801021906621809 ], [ -106.2465008022658, 31.801020359805534 ], [ -106.246486129560168, 31.801020909113682 ], [ -106.246471769458608, 31.801023539508833 ], [ -106.246458123535007, 31.801028178555349 ], [ -106.246445574896995, 31.801034695049321 ], [ -106.244748826671753, 31.801588656984396 ], [ -106.244766913000348, 31.801629483824556 ], [ -106.244773439821273, 31.801627374731993 ], [ -106.244788154219975, 31.802831492891389 ], [ -106.244798807530316, 31.80370333670886 ], [ -106.244803972776182, 31.804126019909791 ], [ -106.244808564782559, 31.804501856031056 ], [ -106.244814507101154, 31.804988019030262 ], [ -106.244819672430609, 31.805410701111811 ], [ -106.244824238791722, 31.805784391442483 ], [ -106.244825855169097, 31.805916597488114 ], [ -106.244827427819999, 31.806045333838835 ], [ -106.244829001585856, 31.806174071035588 ], [ -106.244830574245256, 31.80630280737298 ], [ -106.244832146965052, 31.806431544604244 ], [ -106.244833720631505, 31.80656027997976 ] ] ] } },
{ "type": "Feature", "properties": { "pidn": "T28999900100100", "district": 5, "zonelabel": "C-4", "state_cd_clean": "C10", "use_desc": "REAL, VACANT PLATTED COMMERCIAL LOT", "targetlotarea": 177635, "existing_units": 0, "footprint_sqft": 0.0, "interior_sqft": 0.0, "coverage_pct": 0.0, "in_corridor": true, "in_historic": false, "context_type": "Suburban" }, "geometry": { "type": "Polygon", "coordinates": [ [ [ -106.265964058602933, 31.804220921696636 ], [ -106.266224254022333, 31.805755371163539 ], [ -106.267057112758607, 31.804084241273873 ], [ -106.267248181493983, 31.803472553548513 ], [ -106.266141698280293, 31.803624798927085 ], [ -106.265869331386924, 31.803662273562818 ], [ -106.265932709724325, 31.804036041622936 ], [ -106.265964058602933, 31.804220921696636 ] ] ] } },
{ "type": "Feature", "properties": { "pidn": "D25000000100200", "district": 5, "zonelabel": "R-3", "state_cd_clean": "XV-C", "use_desc": "COMMERCIAL public, religous, charitable, misc", "targetlotarea": 652086, "existing_units": 0, "footprint_sqft": 5389.87012, "interior_sqft": 5389.87012, "coverage_pct": 0.0082655817177488856, "in_corridor": false, "in_historic": false, "context_type": "Suburban" }, "geometry": { "type": "Polygon", "coordinates": [ [ [ -106.222278344677051, 31.808023407890424 ], [ -106.224128332785156, 31.808010517394358 ], [ -106.22412132765588, 31.807278282798517 ], [ -106.224101755525723, 31.805232168452754 ], [ -106.224101755399005, 31.805232132333206 ], [ -106.224100363597714, 31.805086943639107 ], [ -106.224100364525526, 31.805086907471825 ], [ -106.224050733443107, 31.805102224138206 ], [ -106.223674912745466, 31.805218200143887 ], [ -106.223489733251895, 31.805275345230719 ], [ -106.222487943773572, 31.804374288714182 ], [ -106.222245667333752, 31.804600187624803 ], [ -106.222246397035704, 31.804676596586649 ], [ -106.2222540691549, 31.805480273229566 ], [ -106.222259858491469, 31.806086963441544 ], [ -106.222278344677051, 31.808023407890424 ] ] ] } },
{ "type": "Feature", "properties": { "pidn": "H806999U5400184", "district": 5, "zonelabel": "C-4", "state_cd_clean": "F1", "use_desc": "COMM,ANY COMM OTHR THAN F2-F9", "targetlotarea": 45041, "existing_units": 0, "footprint_sqft": 10679.7002, "interior_sqft": 21359.4004, "coverage_pct": 0.23711063697520035, "in_corridor": true, "in_historic": false, "context_type": "Suburban" }, "geometry": { "type": "Polygon", "coordinates": [ [ [ -106.260136130327595, 31.806022709150525 ], [ -106.260161883587315, 31.806181461170894 ], [ -106.260179773173789, 31.806340999399463 ], [ -106.260189766567748, 31.806501040826909 ], [ -106.26019184584473, 31.806661299068658 ], [ -106.260816328455789, 31.806579954647738 ], [ -106.260697204373244, 31.805913064410408 ], [ -106.260171580031653, 31.805981532317109 ], [ -106.260136130327595, 31.806022709150525 ] ] ] } },
{ "type": "Feature", "properties": { "pidn": "H80699900300300", "district": 5, "zonelabel": "C-4", "state_cd_clean": "F1", "use_desc": "COMM,ANY COMM OTHR THAN F2-F9", "targetlotarea": 15643, "existing_units": 0, "footprint_sqft": 0.0, "interior_sqft": 0.0, "coverage_pct": 0.0, "in_corridor": true, "in_historic": false, "context_type": "Suburban" }, "geometry": { "type": "Polygon", "coordinates": [ [ [ -106.265567670767396, 31.806044274306245 ], [ -106.265644076864916, 31.80649487355231 ], [ -106.26606809821449, 31.806068690487951 ], [ -106.266119828950181, 31.805964896688472 ], [ -106.265567670767396, 31.806044274306245 ] ] ] } },
{ "type": "Feature", "properties": { "pidn": "H80699900300300", "district": 5, "zonelabel": "P-R 2", "state_cd_clean": "F1", "use_desc": "COMM,ANY COMM OTHR THAN F2-F9", "targetlotarea": 597045, "existing_units": 0, "footprint_sqft": 0.0, "interior_sqft": 0.0, "coverage_pct": 0.0, "in_corridor": true, "in_historic": false, "context_type": "Suburban" }, "geometry": { "type": "Polygon", "coordinates": [ [ [ -106.26542460536001, 31.806064840549308 ], [ -106.26550107445577, 31.806515815393521 ], [ -106.265644076864916, 31.80649487355231 ], [ -106.265567670767396, 31.806044274306245 ], [ -106.266119828950181, 31.805964896688472 ], [ -106.266224254022333, 31.805755371163539 ], [ -106.265964058602933, 31.804220921696636 ], [ -106.265932709724325, 31.804036041622936 ], [ -106.265869331386924, 31.803662273562818 ], [ -106.265610866910521, 31.803697835014614 ], [ -106.265522108888419, 31.803710047318162 ], [ -106.265221734920132, 31.803751373947698 ], [ -106.264949135594918, 31.803788878894725 ], [ -106.264948839898651, 31.803788919467038 ], [ -106.26476297179066, 31.803814491446815 ], [ -106.263755285326198, 31.803953123831075 ], [ -106.263639895759084, 31.803968997786772 ], [ -106.263625054619936, 31.803971039656339 ], [ -106.263634303511651, 31.804007149698712 ], [ -106.264036048829468, 31.80626444381554 ], [ -106.264425167739248, 31.806208509906206 ], [ -106.264429384550183, 31.80620790408366 ], [ -106.264429662326236, 31.806207864329597 ], [ -106.26542460536001, 31.806064840549308 ] ] ] } },
{ "type": "Feature", "properties": { "pidn": "H80699900300400", "district": 5, "zonelabel": "C-4", "state_cd_clean": "F1", "use_desc": "COMM,ANY COMM OTHR THAN F2-F9", "targetlotarea": 51810, "existing_units": 0, "footprint_sqft": 9930.5, "interior_sqft": 19861.0, "coverage_pct": 0.19167149198996333, "in_corridor": true, "in_historic": false, "context_type": "Suburban" }, "geometry": { "type": "Polygon", "coordinates": [ [ [ -106.264429662326236, 31.806207864329597 ], [ -106.264509767446057, 31.806657932323926 ], [ -106.265265431868784, 31.806549304976713 ], [ -106.26550107445577, 31.806515815393521 ], [ -106.26542460536001, 31.806064840549308 ], [ -106.264429662326236, 31.806207864329597 ] ] ] } },
{ "type": "Feature", "properties": { "pidn": "H80699900300400", "district": 5, "zonelabel": "C-4", "state_cd_clean": "F1", "use_desc": "COMM,ANY COMM OTHR THAN F2-F9", "targetlotarea": 20533, "existing_units": 0, "footprint_sqft": 9930.5, "interior_sqft": 19861.0, "coverage_pct": 0.48363609798860369, "in_corridor": true, "in_historic": false, "context_type": "Suburban" }, "geometry": { "type": "Polygon", "coordinates": [ [ [ -106.264116146717271, 31.806714476162497 ], [ -106.264116153186748, 31.80671451199364 ], [ -106.264509767446057, 31.806657932323926 ], [ -106.264429662326236, 31.806207864329597 ], [ -106.264429384550183, 31.80620790408366 ], [ -106.264425167739248, 31.806208509906206 ], [ -106.264036048829468, 31.80626444381554 ], [ -106.264115204954223, 31.806709187791125 ], [ -106.264116146717271, 31.806714476162497 ] ] ] } },
{ "type": "Feature", "properties": { "pidn": "X57999923400070", "district": 5, "zonelabel": "C-4", "state_cd_clean": "C10", "use_desc": "REAL, VACANT PLATTED COMMERCIAL LOT", "targetlotarea": 87855, "existing_units": 0, "footprint_sqft": 0.0, "interior_sqft": 0.0, "coverage_pct": 0.0, "in_corridor": true, "in_historic": false, "context_type": "Suburban" }, "geometry": { "type": "Polygon", "coordinates": [ [ [ -106.251853534669323, 31.807286102329886 ], [ -106.252712836079596, 31.807283374031183 ], [ -106.252706258176289, 31.80676829042558 ], [ -106.251196983003609, 31.806773077603715 ], [ -106.251197359195046, 31.806801838262992 ], [ -106.251197629219931, 31.806822535968486 ], [ -106.251200650408052, 31.807053147231688 ], [ -106.25120372934758, 31.807288161381283 ], [ -106.251534920793603, 31.807287112254635 ], [ -106.251853534669323, 31.807286102329886 ] ] ] } },
{ "type": "Feature", "properties": { "pidn": "X57999923400070", "district": 5, "zonelabel": "C-4", "state_cd_clean": "C10", "use_desc": "REAL, VACANT PLATTED COMMERCIAL LOT", "targetlotarea": 87855, "existing_units": 0, "footprint_sqft": 0.0, "interior_sqft": 0.0, "coverage_pct": 0.0, "in_corridor": true, "in_historic": false, "context_type": "Suburban" }, "geometry": { "type": "Polygon", "coordinates": [ [ [ -106.251853534669323, 31.807286102329886 ], [ -106.252712836079596, 31.807283374031183 ], [ -106.252706258176289, 31.80676829042558 ], [ -106.251196983003609, 31.806773077603715 ], [ -106.251197359195046, 31.806801838262992 ], [ -106.251197629219931, 31.806822535968486 ], [ -106.251200650408052, 31.807053147231688 ], [ -106.25120372934758, 31.807288161381283 ], [ -106.251534920793603, 31.807287112254635 ], [ -106.251853534669323, 31.807286102329886 ] ] ] } },
{ "type": "Feature", "properties": { "pidn": "X57999923400070", "district": 5, "zonelabel": "C-4", "state_cd_clean": "C10", "use_desc": "REAL, VACANT PLATTED COMMERCIAL LOT", "targetlotarea": 87855, "existing_units": 0, "footprint_sqft": 0.0, "interior_sqft": 0.0, "coverage_pct": 0.0, "in_corridor": true, "in_historic": false, "context_type": "Suburban" }, "geometry": { "type": "Polygon", "coordinates": [ [ [ -106.251853534669323, 31.807286102329886 ], [ -106.252712836079596, 31.807283374031183 ], [ -106.252706258176289, 31.80676829042558 ], [ -106.251196983003609, 31.806773077603715 ], [ -106.251197359195046, 31.806801838262992 ], [ -106.251197629219931, 31.806822535968486 ], [ -106.251200650408052, 31.807053147231688 ], [ -106.25120372934758, 31.807288161381283 ], [ -106.251534920793603, 31.807287112254635 ], [ -106.251853534669323, 31.807286102329886 ] ] ] } },
{ "type": "Feature", "properties": { "pidn": "X57999923400070", "district": 5, "zonelabel": "C-4", "state_cd_clean": "C10", "use_desc": "REAL, VACANT PLATTED COMMERCIAL LOT", "targetlotarea": 87855, "existing_units": 0, "footprint_sqft": 0.0, "interior_sqft": 0.0, "coverage_pct": 0.0, "in_corridor": true, "in_historic": false, "context_type": "Suburban" }, "geometry": { "type": "Polygon", "coordinates": [ [ [ -106.251853534669323, 31.807286102329886 ], [ -106.252712836079596, 31.807283374031183 ], [ -106.252706258176289, 31.80676829042558 ], [ -106.251196983003609, 31.806773077603715 ], [ -106.251197359195046, 31.806801838262992 ], [ -106.251197629219931, 31.806822535968486 ], [ -106.251200650408052, 31.807053147231688 ], [ -106.25120372934758, 31.807288161381283 ], [ -106.251534920793603, 31.807287112254635 ], [ -106.251853534669323, 31.807286102329886 ] ] ] } },
{ "type": "Feature", "properties": { "pidn": "X57999923400070", "district": 5, "zonelabel": "C-4", "state_cd_clean": "C10", "use_desc": "REAL, VACANT PLATTED COMMERCIAL LOT", "targetlotarea": 87855, "existing_units": 0, "footprint_sqft": 0.0, "interior_sqft": 0.0, "coverage_pct": 0.0, "in_corridor": true, "in_historic": false, "context_type": "Suburban" }, "geometry": { "type": "Polygon", "coordinates": [ [ [ -106.251853534669323, 31.807286102329886 ], [ -106.252712836079596, 31.807283374031183 ], [ -106.252706258176289, 31.80676829042558 ], [ -106.251196983003609, 31.806773077603715 ], [ -106.251197359195046, 31.806801838262992 ], [ -106.251197629219931, 31.806822535968486 ], [ -106.251200650408052, 31.807053147231688 ], [ -106.25120372934758, 31.807288161381283 ], [ -106.251534920793603, 31.807287112254635 ], [ -106.251853534669323, 31.807286102329886 ] ] ] } },
{ "type": "Feature", "properties": { "pidn": null, "district": 5, "zonelabel": "R-5", "state_cd_clean": null, "use_desc": "Unknown", "targetlotarea": 785527, "existing_units": 0, "footprint_sqft": 0.0, "interior_sqft": 0.0, "coverage_pct": 0.0, "in_corridor": false, "in_historic": false, "context_type": "Suburban" }, "geometry": { "type": "Polygon", "coordinates": [ [ [ -106.217030553717336, 31.807004409695363 ], [ -106.217051541976915, 31.809016007447148 ], [ -106.221103341967364, 31.805247412912227 ], [ -106.221111121531692, 31.805238926449295 ], [ -106.221117251468257, 31.805229504917364 ], [ -106.221121579063009, 31.805219380105381 ], [ -106.22112399928946, 31.805208802416825 ], [ -106.221124452084339, 31.805198031058353 ], [ -106.221122926454768, 31.805187332047989 ], [ -106.221119458864294, 31.805176969256586 ], [ -106.221114135950032, 31.805167197059909 ], [ -106.221107088914266, 31.805158255173541 ], [ -106.221098490192986, 31.805150366094434 ], [ -106.220110270680181, 31.804375547535965 ], [ -106.220101379517473, 31.804369709990659 ], [ -106.220091435581949, 31.804365279278375 ], [ -106.22008074226342, 31.804362389788842 ], [ -106.220069624469915, 31.804361130684892 ], [ -106.220058418689504, 31.80436153912731 ], [ -106.220047466830621, 31.804363603262722 ], [ -106.220037101290131, 31.804367260189501 ], [ -106.220027635574198, 31.804372398188644 ], [ -106.220019359360123, 31.804378862365471 ], [ -106.219092709044219, 31.805240771292862 ], [ -106.218998360980308, 31.805324204851559 ], [ -106.218899212389104, 31.805403475252874 ], [ -106.218795514082714, 31.805478380583043 ], [ -106.218687531367593, 31.805548730917302 ], [ -106.21857553560811, 31.805614348701173 ], [ -106.21845981360589, 31.805675066520408 ], [ -106.218411175946528, 31.805720304611672 ], [ -106.218320780762497, 31.805804381614124 ], [ -106.218306707323478, 31.805817472172933 ], [ -106.218192149544137, 31.805924023294732 ], [ -106.217030553717336, 31.807004409695363 ] ] ] } },
{ "type": "Feature", "properties": { "pidn": "H806999U5400140", "district": 5, "zonelabel": "C-4", "state_cd_clean": "F1", "use_desc": "COMM,ANY COMM OTHR THAN F2-F9", "targetlotarea": 85076, "existing_units": 0, "footprint_sqft": 2475.06006, "interior_sqft": 4950.12012, "coverage_pct": 0.029092341670976535, "in_corridor": true, "in_historic": false, "context_type": "Suburban" }, "geometry": { "type": "Polygon", "coordinates": [ [ [ -106.26217461642068, 31.806919858273982 ], [ -106.262247824714635, 31.806965814222345 ], [ -106.26372927303278, 31.80677354180132 ], [ -106.263823737625586, 31.806663825159578 ], [ -106.263760570731904, 31.806310260512237 ], [ -106.262104265662401, 31.80652604556597 ], [ -106.26217461642068, 31.806919858273982 ] ] ] } },
{ "type": "Feature", "properties": { "pidn": "H806999U5400190", "district": 5, "zonelabel": "P-R 2", "state_cd_clean": "F1", "use_desc": "COMM,ANY COMM OTHR THAN F2-F9", "targetlotarea": 906244, "existing_units": 0, "footprint_sqft": 0.0, "interior_sqft": 0.0, "coverage_pct": 0.0, "in_corridor": true, "in_historic": false, "context_type": "Suburban" }, "geometry": { "type": "Polygon", "coordinates": [ [ [ -106.261961374915103, 31.806947318709639 ], [ -106.261907410030787, 31.807009992683223 ], [ -106.262247824714635, 31.806965814222345 ], [ -106.26217461642068, 31.806919858273982 ], [ -106.262104265662401, 31.80652604556597 ], [ -106.263760570731904, 31.806310260512237 ], [ -106.263823737625586, 31.806663825159578 ], [ -106.26372927303278, 31.80677354180132 ], [ -106.264117685784996, 31.806723128638474 ], [ -106.264116153186748, 31.80671451199364 ], [ -106.264116146717271, 31.806714476162497 ], [ -106.264115204954223, 31.806709187791125 ], [ -106.264036048829468, 31.80626444381554 ], [ -106.263634303511651, 31.804007149698712 ], [ -106.263625054619936, 31.803971039656339 ], [ -106.263322359595733, 31.804012680739447 ], [ -106.263073052295169, 31.804046977156961 ], [ -106.262938627116981, 31.804065469051103 ], [ -106.262810556174998, 31.804083087849172 ], [ -106.262675178811151, 31.804101710456752 ], [ -106.26254806190812, 31.804119197015233 ], [ -106.262417053761411, 31.804137218380767 ], [ -106.262285805420646, 31.804155272230879 ], [ -106.262154557142523, 31.804173327749773 ], [ -106.262023309812804, 31.804191382187639 ], [ -106.261892300468617, 31.804209403973555 ], [ -106.261761052926772, 31.804227456345753 ], [ -106.261630044537725, 31.804245477819613 ], [ -106.261498795897836, 31.804263530875922 ], [ -106.261367547264314, 31.804281584700458 ], [ -106.261236538669678, 31.804299604877603 ], [ -106.261105289936481, 31.804317658437586 ], [ -106.260974279133279, 31.804335678446762 ], [ -106.260843031354952, 31.804353731694274 ], [ -106.260712021563023, 31.80437175229196 ], [ -106.26058077257423, 31.804389804422367 ], [ -106.26044952464639, 31.804407857272952 ], [ -106.260318275614068, 31.804425910039189 ], [ -106.260187265623046, 31.804443930108565 ], [ -106.259999659937222, 31.804469671842522 ], [ -106.25994551256133, 31.804471364690315 ], [ -106.259950334357868, 31.804916478389309 ], [ -106.260065362876432, 31.80480353220047 ], [ -106.260463854233961, 31.804752719384961 ], [ -106.260555341182723, 31.804810547393441 ], [ -106.260611847715822, 31.805133724886193 ], [ -106.260554542620781, 31.805141032159675 ], [ -106.260657696864442, 31.805731000954392 ], [ -106.260074453767018, 31.805805368521657 ], [ -106.26004133525015, 31.805784412788817 ], [ -106.260082034152333, 31.805950110367153 ], [ -106.260120238312581, 31.805945132705276 ], [ -106.260136130327595, 31.806022709150525 ], [ -106.260171580031653, 31.805981532317109 ], [ -106.260697204373244, 31.805913064410408 ], [ -106.260816328455789, 31.806579954647738 ], [ -106.260819274989998, 31.806596449199393 ], [ -106.260969016014926, 31.806673919678442 ], [ -106.261891077500948, 31.806553804248409 ], [ -106.261961374915103, 31.806947318709639 ] ] ] } },
{ "type": "Feature", "properties": { "pidn": "H806999U5400180", "district": 5, "zonelabel": "C-4", "state_cd_clean": "F1", "use_desc": "COMM,ANY COMM OTHR THAN F2-F9", "targetlotarea": 47538, "existing_units": 0, "footprint_sqft": 0.0, "interior_sqft": 0.0, "coverage_pct": 0.0, "in_corridor": true, "in_historic": false, "context_type": "Suburban" }, "geometry": { "type": "Polygon", "coordinates": [ [ [ -106.260969016014926, 31.806673919678442 ], [ -106.261048949686113, 31.807121399343846 ], [ -106.261907410030787, 31.807009992683223 ], [ -106.261961374915103, 31.806947318709639 ], [ -106.261891077500948, 31.806553804248409 ], [ -106.260969016014926, 31.806673919678442 ] ] ] } },
{ "type": "Feature", "properties": { "pidn": "H80699900100200", "district": 5, "zonelabel": "C-4", "state_cd_clean": "F1", "use_desc": "COMM,ANY COMM OTHR THAN F2-F9", "targetlotarea": 46015, "existing_units": 0, "footprint_sqft": 0.0, "interior_sqft": 0.0, "coverage_pct": 0.0, "in_corridor": true, "in_historic": false, "context_type": "Suburban" }, "geometry": { "type": "Polygon", "coordinates": [ [ [ -106.259114264537743, 31.806775523624573 ], [ -106.259161774005719, 31.807360181833022 ], [ -106.259878035409443, 31.807266993597835 ], [ -106.259853393165969, 31.806739023250845 ], [ -106.259114264537743, 31.806775523624573 ] ] ] } },
{ "type": "Feature", "properties": { "pidn": "16' ALLEY", "district": 5, "zonelabel": "C-4", "state_cd_clean": "", "use_desc": "Unknown", "targetlotarea": 75620, "existing_units": 0, "footprint_sqft": 0.0, "interior_sqft": 0.0, "coverage_pct": 0.0, "in_corridor": true, "in_historic": false, "context_type": "Suburban" }, "geometry": { "type": "Polygon", "coordinates": [ [ [ -106.243319568844967, 31.807002047321021 ], [ -106.24354201913215, 31.808238276546327 ], [ -106.243597614018569, 31.808205892200739 ], [ -106.244198643781374, 31.807855792069521 ], [ -106.244146233110072, 31.807784021944158 ], [ -106.244100888508186, 31.80770882497719 ], [ -106.244062916357095, 31.807630705662554 ], [ -106.244032570540014, 31.80755019164987 ], [ -106.243839268836993, 31.806954525165761 ], [ -106.243447275441866, 31.806985234974473 ], [ -106.243388864791001, 31.806992924367329 ], [ -106.243319568844967, 31.807002047321021 ] ] ] } },
{ "type": "Feature", "properties": { "pidn": "X57999923400070", "district": 5, "zonelabel": "C-4", "state_cd_clean": "C10", "use_desc": "REAL, VACANT PLATTED COMMERCIAL LOT", "targetlotarea": 40756, "existing_units": 0, "footprint_sqft": 0.0, "interior_sqft": 0.0, "coverage_pct": 0.0, "in_corridor": true, "in_historic": false, "context_type": "Suburban" }, "geometry": { "type": "Polygon", "coordinates": [ [ [ -106.25120372934758, 31.807288161381283 ], [ -106.251218206571266, 31.808393171568362 ], [ -106.251551845304888, 31.80834979657584 ], [ -106.251543123908704, 31.807802190257291 ], [ -106.251534920793603, 31.807287112254635 ], [ -106.25120372934758, 31.807288161381283 ] ] ] } },
{ "type": "Feature", "properties": { "pidn": "X57999923400070", "district": 5, "zonelabel": "C-4", "state_cd_clean": "C10", "use_desc": "REAL, VACANT PLATTED COMMERCIAL LOT", "targetlotarea": 40756, "existing_units": 0, "footprint_sqft": 0.0, "interior_sqft": 0.0, "coverage_pct": 0.0, "in_corridor": true, "in_historic": false, "context_type": "Suburban" }, "geometry": { "type": "Polygon", "coordinates": [ [ [ -106.25120372934758, 31.807288161381283 ], [ -106.251218206571266, 31.808393171568362 ], [ -106.251551845304888, 31.80834979657584 ], [ -106.251543123908704, 31.807802190257291 ], [ -106.251534920793603, 31.807287112254635 ], [ -106.25120372934758, 31.807288161381283 ] ] ] } },
{ "type": "Feature", "properties": { "pidn": "X57999923400070", "district": 5, "zonelabel": "C-4", "state_cd_clean": "C10", "use_desc": "REAL, VACANT PLATTED COMMERCIAL LOT", "targetlotarea": 40756, "existing_units": 0, "footprint_sqft": 0.0, "interior_sqft": 0.0, "coverage_pct": 0.0, "in_corridor": true, "in_historic": false, "context_type": "Suburban" }, "geometry": { "type": "Polygon", "coordinates": [ [ [ -106.25120372934758, 31.807288161381283 ], [ -106.251218206571266, 31.808393171568362 ], [ -106.251551845304888, 31.80834979657584 ], [ -106.251543123908704, 31.807802190257291 ], [ -106.251534920793603, 31.807287112254635 ], [ -106.25120372934758, 31.807288161381283 ] ] ] } },
{ "type": "Feature", "properties": { "pidn": "X57999923400070", "district": 5, "zonelabel": "C-4", "state_cd_clean": "C10", "use_desc": "REAL, VACANT PLATTED COMMERCIAL LOT", "targetlotarea": 40756, "existing_units": 0, "footprint_sqft": 0.0, "interior_sqft": 0.0, "coverage_pct": 0.0, "in_corridor": true, "in_historic": false, "context_type": "Suburban" }, "geometry": { "type": "Polygon", "coordinates": [ [ [ -106.25120372934758, 31.807288161381283 ], [ -106.251218206571266, 31.808393171568362 ], [ -106.251551845304888, 31.80834979657584 ], [ -106.251543123908704, 31.807802190257291 ], [ -106.251534920793603, 31.807287112254635 ], [ -106.25120372934758, 31.807288161381283 ] ] ] } },
{ "type": "Feature", "properties": { "pidn": "X57999923400070", "district": 5, "zonelabel": "C-4", "state_cd_clean": "C10", "use_desc": "REAL, VACANT PLATTED COMMERCIAL LOT", "targetlotarea": 40756, "existing_units": 0, "footprint_sqft": 0.0, "interior_sqft": 0.0, "coverage_pct": 0.0, "in_corridor": true, "in_historic": false, "context_type": "Suburban" }, "geometry": { "type": "Polygon", "coordinates": [ [ [ -106.25120372934758, 31.807288161381283 ], [ -106.251218206571266, 31.808393171568362 ], [ -106.251551845304888, 31.80834979657584 ], [ -106.251543123908704, 31.807802190257291 ], [ -106.251534920793603, 31.807287112254635 ], [ -106.25120372934758, 31.807288161381283 ] ] ] } },
{ "type": "Feature", "properties": { "pidn": "X57999923400070", "district": 5, "zonelabel": "C-4", "state_cd_clean": "C10", "use_desc": "REAL, VACANT PLATTED COMMERCIAL LOT", "targetlotarea": 256701, "existing_units": 0, "footprint_sqft": 0.0, "interior_sqft": 0.0, "coverage_pct": 0.0, "in_corridor": true, "in_historic": false, "context_type": "Suburban" }, "geometry": { "type": "Polygon", "coordinates": [ [ [ -106.249908701731755, 31.806776488734101 ], [ -106.249932601083657, 31.808562509308494 ], [ -106.251218206571266, 31.808393171568362 ], [ -106.25120372934758, 31.807288161381283 ], [ -106.251200650408052, 31.807053147231688 ], [ -106.251197629219931, 31.806822535968486 ], [ -106.251197359195046, 31.806801838262992 ], [ -106.250742421468601, 31.806809912267529 ], [ -106.250740081906855, 31.806631246835213 ], [ -106.250273432450925, 31.80663952662805 ], [ -106.250275007986062, 31.806759810563776 ], [ -106.249906996061114, 31.806643184700217 ], [ -106.249908701731755, 31.806776488734101 ] ] ] } },
{ "type": "Feature", "properties": { "pidn": "X57999923400070", "district": 5, "zonelabel": "C-4", "state_cd_clean": "C10", "use_desc": "REAL, VACANT PLATTED COMMERCIAL LOT", "targetlotarea": 256701, "existing_units": 0, "footprint_sqft": 0.0, "interior_sqft": 0.0, "coverage_pct": 0.0, "in_corridor": true, "in_historic": false, "context_type": "Suburban" }, "geometry": { "type": "Polygon", "coordinates": [ [ [ -106.249908701731755, 31.806776488734101 ], [ -106.249932601083657, 31.808562509308494 ], [ -106.251218206571266, 31.808393171568362 ], [ -106.25120372934758, 31.807288161381283 ], [ -106.251200650408052, 31.807053147231688 ], [ -106.251197629219931, 31.806822535968486 ], [ -106.251197359195046, 31.806801838262992 ], [ -106.250742421468601, 31.806809912267529 ], [ -106.250740081906855, 31.806631246835213 ], [ -106.250273432450925, 31.80663952662805 ], [ -106.250275007986062, 31.806759810563776 ], [ -106.249906996061114, 31.806643184700217 ], [ -106.249908701731755, 31.806776488734101 ] ] ] } },
{ "type": "Feature", "properties": { "pidn": "X57999923400070", "district": 5, "zonelabel": "C-4", "state_cd_clean": "C10", "use_desc": "REAL, VACANT PLATTED COMMERCIAL LOT", "targetlotarea": 256701, "existing_units": 0, "footprint_sqft": 0.0, "interior_sqft": 0.0, "coverage_pct": 0.0, "in_corridor": true, "in_historic": false, "context_type": "Suburban" }, "geometry": { "type": "Polygon", "coordinates": [ [ [ -106.249908701731755, 31.806776488734101 ], [ -106.249932601083657, 31.808562509308494 ], [ -106.251218206571266, 31.808393171568362 ], [ -106.25120372934758, 31.807288161381283 ], [ -106.251200650408052, 31.807053147231688 ], [ -106.251197629219931, 31.806822535968486 ], [ -106.251197359195046, 31.806801838262992 ], [ -106.250742421468601, 31.806809912267529 ], [ -106.250740081906855, 31.806631246835213 ], [ -106.250273432450925, 31.80663952662805 ], [ -106.250275007986062, 31.806759810563776 ], [ -106.249906996061114, 31.806643184700217 ], [ -106.249908701731755, 31.806776488734101 ] ] ] } },
{ "type": "Feature", "properties": { "pidn": "X57999923400070", "district": 5, "zonelabel": "C-4", "state_cd_clean": "C10", "use_desc": "REAL, VACANT PLATTED COMMERCIAL LOT", "targetlotarea": 256701, "existing_units": 0, "footprint_sqft": 0.0, "interior_sqft": 0.0, "coverage_pct": 0.0, "in_corridor": true, "in_historic": false, "context_type": "Suburban" }, "geometry": { "type": "Polygon", "coordinates": [ [ [ -106.249908701731755, 31.806776488734101 ], [ -106.249932601083657, 31.808562509308494 ], [ -106.251218206571266, 31.808393171568362 ], [ -106.25120372934758, 31.807288161381283 ], [ -106.251200650408052, 31.807053147231688 ], [ -106.251197629219931, 31.806822535968486 ], [ -106.251197359195046, 31.806801838262992 ], [ -106.250742421468601, 31.806809912267529 ], [ -106.250740081906855, 31.806631246835213 ], [ -106.250273432450925, 31.80663952662805 ], [ -106.250275007986062, 31.806759810563776 ], [ -106.249906996061114, 31.806643184700217 ], [ -106.249908701731755, 31.806776488734101 ] ] ] } },
{ "type": "Feature", "properties": { "pidn": "X57999923400070", "district": 5, "zonelabel": "C-4", "state_cd_clean": "C10", "use_desc": "REAL, VACANT PLATTED COMMERCIAL LOT", "targetlotarea": 256701, "existing_units": 0, "footprint_sqft": 0.0, "interior_sqft": 0.0, "coverage_pct": 0.0, "in_corridor": true, "in_historic": false, "context_type": "Suburban" }, "geometry": { "type": "Polygon", "coordinates": [ [ [ -106.249908701731755, 31.806776488734101 ], [ -106.249932601083657, 31.808562509308494 ], [ -106.251218206571266, 31.808393171568362 ], [ -106.25120372934758, 31.807288161381283 ], [ -106.251200650408052, 31.807053147231688 ], [ -106.251197629219931, 31.806822535968486 ], [ -106.251197359195046, 31.806801838262992 ], [ -106.250742421468601, 31.806809912267529 ], [ -106.250740081906855, 31.806631246835213 ], [ -106.250273432450925, 31.80663952662805 ], [ -106.250275007986062, 31.806759810563776 ], [ -106.249906996061114, 31.806643184700217 ], [ -106.249908701731755, 31.806776488734101 ] ] ] } },
{ "type": "Feature", "properties": { "pidn": "H80699900200100", "district": 5, "zonelabel": "C-4", "state_cd_clean": "F1", "use_desc": "COMM,ANY COMM OTHR THAN F2-F9", "targetlotarea": 51325, "existing_units": 0, "footprint_sqft": 2991.73999, "interior_sqft": 5983.47998, "coverage_pct": 0.058290111836337068, "in_corridor": true, "in_historic": false, "context_type": "Suburban" }, "geometry": { "type": "Polygon", "coordinates": [ [ [ -106.24769832541277, 31.808787227834504 ], [ -106.247701664962904, 31.808798863869903 ], [ -106.247707319018375, 31.808809828453558 ], [ -106.247715116608788, 31.80881978796749 ], [ -106.247724822062352, 31.808828439731432 ], [ -106.247736137732204, 31.808835521813396 ], [ -106.24774872226169, 31.808840817618613 ], [ -106.247762193367308, 31.80884416660081 ], [ -106.247776139720145, 31.808845468237958 ], [ -106.247790138874493, 31.808844681217579 ], [ -106.248476117887165, 31.808754337325013 ], [ -106.248366920396535, 31.808173513638895 ], [ -106.24760189123981, 31.808274266468938 ], [ -106.24769832541277, 31.808787227834504 ] ] ] } },
{ "type": "Feature", "properties": { "pidn": "X57900023400099", "district": 5, "zonelabel": "R-5", "state_cd_clean": "F1", "use_desc": "COMM,ANY COMM OTHR THAN F2-F9", "targetlotarea": 137183, "existing_units": 0, "footprint_sqft": 0.0, "interior_sqft": 0.0, "coverage_pct": 0.0, "in_corridor": false, "in_historic": false, "context_type": "Suburban" }, "geometry": { "type": "Polygon", "coordinates": [ [ [ -106.238798799996616, 31.808645779132092 ], [ -106.238938857818397, 31.809447766072264 ], [ -106.239057571117129, 31.809429644938394 ], [ -106.239469518508031, 31.809366764095177 ], [ -106.239303685235399, 31.808548113839969 ], [ -106.240790821891579, 31.808333714289205 ], [ -106.240716991768636, 31.807972364665957 ], [ -106.238725413769117, 31.808225548428123 ], [ -106.238798799996616, 31.808645779132092 ] ] ] } },
{ "type": "Feature", "properties": { "pidn": "X57900023400099", "district": 5, "zonelabel": "R-5", "state_cd_clean": "F1", "use_desc": "COMM,ANY COMM OTHR THAN F2-F9", "targetlotarea": 137183, "existing_units": 0, "footprint_sqft": 0.0, "interior_sqft": 0.0, "coverage_pct": 0.0, "in_corridor": false, "in_historic": false, "context_type": "Suburban" }, "geometry": { "type": "Polygon", "coordinates": [ [ [ -106.238798799996616, 31.808645779132092 ], [ -106.238938857818397, 31.809447766072264 ], [ -106.239057571117129, 31.809429644938394 ], [ -106.239469518508031, 31.809366764095177 ], [ -106.239303685235399, 31.808548113839969 ], [ -106.240790821891579, 31.808333714289205 ], [ -106.240716991768636, 31.807972364665957 ], [ -106.238725413769117, 31.808225548428123 ], [ -106.238798799996616, 31.808645779132092 ] ] ] } },
{ "type": "Feature", "properties": { "pidn": "X57900023400099", "district": 5, "zonelabel": "R-5", "state_cd_clean": "F1", "use_desc": "COMM,ANY COMM OTHR THAN F2-F9", "targetlotarea": 137183, "existing_units": 0, "footprint_sqft": 0.0, "interior_sqft": 0.0, "coverage_pct": 0.0, "in_corridor": false, "in_historic": false, "context_type": "Suburban" }, "geometry": { "type": "Polygon", "coordinates": [ [ [ -106.238798799996616, 31.808645779132092 ], [ -106.238938857818397, 31.809447766072264 ], [ -106.239057571117129, 31.809429644938394 ], [ -106.239469518508031, 31.809366764095177 ], [ -106.239303685235399, 31.808548113839969 ], [ -106.240790821891579, 31.808333714289205 ], [ -106.240716991768636, 31.807972364665957 ], [ -106.238725413769117, 31.808225548428123 ], [ -106.238798799996616, 31.808645779132092 ] ] ] } },
{ "type": "Feature", "properties": { "pidn": "X57900023400099", "district": 5, "zonelabel": "R-5", "state_cd_clean": "F1", "use_desc": "COMM,ANY COMM OTHR THAN F2-F9", "targetlotarea": 137183, "existing_units": 0, "footprint_sqft": 0.0, "interior_sqft": 0.0, "coverage_pct": 0.0, "in_corridor": false, "in_historic": false, "context_type": "Suburban" }, "geometry": { "type": "Polygon", "coordinates": [ [ [ -106.238798799996616, 31.808645779132092 ], [ -106.238938857818397, 31.809447766072264 ], [ -106.239057571117129, 31.809429644938394 ], [ -106.239469518508031, 31.809366764095177 ], [ -106.239303685235399, 31.808548113839969 ], [ -106.240790821891579, 31.808333714289205 ], [ -106.240716991768636, 31.807972364665957 ], [ -106.238725413769117, 31.808225548428123 ], [ -106.238798799996616, 31.808645779132092 ] ] ] } },
{ "type": "Feature", "properties": { "pidn": "X57999923300110", "district": 5, "zonelabel": "C-4", "state_cd_clean": "XV-C", "use_desc": "COMMERCIAL public, religous, charitable, misc", "targetlotarea": 209566, "existing_units": 0, "footprint_sqft": 0.0, "interior_sqft": 0.0, "coverage_pct": 0.0, "in_corridor": true, "in_historic": false, "context_type": "Suburban" }, "geometry": { "type": "Polygon", "coordinates": [ [ [ -106.260217339539381, 31.808456254788059 ], [ -106.262603594812688, 31.808421148332446 ], [ -106.262430550067876, 31.807490547527269 ], [ -106.260203957119231, 31.807792458768173 ], [ -106.260217339539381, 31.808456254788059 ] ] ] } },
{ "type": "Feature", "properties": { "pidn": "X57999923300110", "district": 5, "zonelabel": "C-4", "state_cd_clean": "XV-C", "use_desc": "COMMERCIAL public, religous, charitable, misc", "targetlotarea": 209566, "existing_units": 0, "footprint_sqft": 0.0, "interior_sqft": 0.0, "coverage_pct": 0.0, "in_corridor": true, "in_historic": false, "context_type": "Suburban" }, "geometry": { "type": "Polygon", "coordinates": [ [ [ -106.260217339539381, 31.808456254788059 ], [ -106.262603594812688, 31.808421148332446 ], [ -106.262430550067876, 31.807490547527269 ], [ -106.260203957119231, 31.807792458768173 ], [ -106.260217339539381, 31.808456254788059 ] ] ] } },
{ "type": "Feature", "properties": { "pidn": "X57999923300060", "district": 5, "zonelabel": "C-4", "state_cd_clean": "C10", "use_desc": "REAL, VACANT PLATTED COMMERCIAL LOT", "targetlotarea": 1, "existing_units": 0, "footprint_sqft": 9007.83997, "interior_sqft": 9007.83997, "coverage_pct": 9007.83997, "in_corridor": true, "in_historic": false, "context_type": "Suburban" }, "geometry": { "type": "Polygon", "coordinates": [ [ [ -106.250961370204223, 31.808995249027674 ], [ -106.250961370497279, 31.808995270689771 ], [ -106.251220760919821, 31.808961497145717 ], [ -106.251220761151117, 31.808961433012069 ], [ -106.250961370204223, 31.808995249027674 ] ] ] } },
{ "type": "Feature", "properties": { "pidn": "X57999923300060", "district": 5, "zonelabel": "C-4", "state_cd_clean": "C10", "use_desc": "REAL, VACANT PLATTED COMMERCIAL LOT", "targetlotarea": 1, "existing_units": 0, "footprint_sqft": 9007.83997, "interior_sqft": 9007.83997, "coverage_pct": 9007.83997, "in_corridor": true, "in_historic": false, "context_type": "Suburban" }, "geometry": { "type": "Polygon", "coordinates": [ [ [ -106.250961370204223, 31.808995249027674 ], [ -106.250961370497279, 31.808995270689771 ], [ -106.251220760919821, 31.808961497145717 ], [ -106.251220761151117, 31.808961433012069 ], [ -106.250961370204223, 31.808995249027674 ] ] ] } },
{ "type": "Feature", "properties": { "pidn": "X57999923300060", "district": 5, "zonelabel": "C-4", "state_cd_clean": "C10", "use_desc": "REAL, VACANT PLATTED COMMERCIAL LOT", "targetlotarea": 1, "existing_units": 0, "footprint_sqft": 9007.83997, "interior_sqft": 9007.83997, "coverage_pct": 9007.83997, "in_corridor": true, "in_historic": false, "context_type": "Suburban" }, "geometry": { "type": "Polygon", "coordinates": [ [ [ -106.250961370204223, 31.808995249027674 ], [ -106.250961370497279, 31.808995270689771 ], [ -106.251220760919821, 31.808961497145717 ], [ -106.251220761151117, 31.808961433012069 ], [ -106.250961370204223, 31.808995249027674 ] ] ] } },
{ "type": "Feature", "properties": { "pidn": "X57999923300060", "district": 5, "zonelabel": "C-4", "state_cd_clean": "C10", "use_desc": "REAL, VACANT PLATTED COMMERCIAL LOT", "targetlotarea": 1, "existing_units": 0, "footprint_sqft": 9007.83997, "interior_sqft": 9007.83997, "coverage_pct": 9007.83997, "in_corridor": true, "in_historic": false, "context_type": "Suburban" }, "geometry": { "type": "Polygon", "coordinates": [ [ [ -106.250961370204223, 31.808995249027674 ], [ -106.250961370497279, 31.808995270689771 ], [ -106.251220760919821, 31.808961497145717 ], [ -106.251220761151117, 31.808961433012069 ], [ -106.250961370204223, 31.808995249027674 ] ] ] } },
{ "type": "Feature", "properties": { "pidn": "X57999923300060", "district": 5, "zonelabel": "C-4", "state_cd_clean": "C10", "use_desc": "REAL, VACANT PLATTED COMMERCIAL LOT", "targetlotarea": 5, "existing_units": 0, "footprint_sqft": 9007.83997, "interior_sqft": 9007.83997, "coverage_pct": 1801.567994, "in_corridor": true, "in_historic": false, "context_type": "Suburban" }, "geometry": { "type": "Polygon", "coordinates": [ [ [ -106.248727138010821, 31.809286133435638 ], [ -106.248727138078834, 31.809286151495375 ], [ -106.250961370497279, 31.808995270689771 ], [ -106.250961370204223, 31.808995249027674 ], [ -106.248727138010821, 31.809286133435638 ] ] ] } },
{ "type": "Feature", "properties": { "pidn": "X57999923300060", "district": 5, "zonelabel": "C-4", "state_cd_clean": "C10", "use_desc": "REAL, VACANT PLATTED COMMERCIAL LOT", "targetlotarea": 5, "existing_units": 0, "footprint_sqft": 9007.83997, "interior_sqft": 9007.83997, "coverage_pct": 1801.567994, "in_corridor": true, "in_historic": false, "context_type": "Suburban" }, "geometry": { "type": "Polygon", "coordinates": [ [ [ -106.248727138010821, 31.809286133435638 ], [ -106.248727138078834, 31.809286151495375 ], [ -106.250961370497279, 31.808995270689771 ], [ -106.250961370204223, 31.808995249027674 ], [ -106.248727138010821, 31.809286133435638 ] ] ] } },
{ "type": "Feature", "properties": { "pidn": "X57999923300060", "district": 5, "zonelabel": "C-4", "state_cd_clean": "C10", "use_desc": "REAL, VACANT PLATTED COMMERCIAL LOT", "targetlotarea": 5, "existing_units": 0, "footprint_sqft": 9007.83997, "interior_sqft": 9007.83997, "coverage_pct": 1801.567994, "in_corridor": true, "in_historic": false, "context_type": "Suburban" }, "geometry": { "type": "Polygon", "coordinates": [ [ [ -106.248727138010821, 31.809286133435638 ], [ -106.248727138078834, 31.809286151495375 ], [ -106.250961370497279, 31.808995270689771 ], [ -106.250961370204223, 31.808995249027674 ], [ -106.248727138010821, 31.809286133435638 ] ] ] } },
{ "type": "Feature", "properties": { "pidn": "X57999923300060", "district": 5, "zonelabel": "C-4", "state_cd_clean": "C10", "use_desc": "REAL, VACANT PLATTED COMMERCIAL LOT", "targetlotarea": 5, "existing_units": 0, "footprint_sqft": 9007.83997, "interior_sqft": 9007.83997, "coverage_pct": 1801.567994, "in_corridor": true, "in_historic": false, "context_type": "Suburban" }, "geometry": { "type": "Polygon", "coordinates": [ [ [ -106.248727138010821, 31.809286133435638 ], [ -106.248727138078834, 31.809286151495375 ], [ -106.250961370497279, 31.808995270689771 ], [ -106.250961370204223, 31.808995249027674 ], [ -106.248727138010821, 31.809286133435638 ] ] ] } },
{ "type": "Feature", "properties": { "pidn": "X57999923402090", "district": 5, "zonelabel": "R-5", "state_cd_clean": "XV-C", "use_desc": "COMMERCIAL public, religous, charitable, misc", "targetlotarea": 70379, "existing_units": 0, "footprint_sqft": 0.0, "interior_sqft": 0.0, "coverage_pct": 0.0, "in_corridor": false, "in_historic": false, "context_type": "None" }, "geometry": { "type": "Polygon", "coordinates": [ [ [ -106.238219989160143, 31.808722189692865 ], [ -106.238475862265318, 31.810071034144176 ], [ -106.238743218670351, 31.810035841492557 ], [ -106.23864562218229, 31.809492525425693 ], [ -106.238938857818397, 31.809447766072264 ], [ -106.238798799996616, 31.808645779132092 ], [ -106.238219989160143, 31.808722189692865 ] ] ] } },
{ "type": "Feature", "properties": { "pidn": "X57999923402090", "district": 5, "zonelabel": "R-5", "state_cd_clean": "XV-C", "use_desc": "COMMERCIAL public, religous, charitable, misc", "targetlotarea": 70379, "existing_units": 0, "footprint_sqft": 0.0, "interior_sqft": 0.0, "coverage_pct": 0.0, "in_corridor": false, "in_historic": false, "context_type": "None" }, "geometry": { "type": "Polygon", "coordinates": [ [ [ -106.238219989160143, 31.808722189692865 ], [ -106.238475862265318, 31.810071034144176 ], [ -106.238743218670351, 31.810035841492557 ], [ -106.23864562218229, 31.809492525425693 ], [ -106.238938857818397, 31.809447766072264 ], [ -106.238798799996616, 31.808645779132092 ], [ -106.238219989160143, 31.808722189692865 ] ] ] } },
{ "type": "Feature", "properties": { "pidn": "X57999923402090", "district": 5, "zonelabel": "R-5", "state_cd_clean": "XV-C", "use_desc": "COMMERCIAL public, religous, charitable, misc", "targetlotarea": 70379, "existing_units": 0, "footprint_sqft": 0.0, "interior_sqft": 0.0, "coverage_pct": 0.0, "in_corridor": false, "in_historic": false, "context_type": "None" }, "geometry": { "type": "Polygon", "coordinates": [ [ [ -106.238219989160143, 31.808722189692865 ], [ -106.238475862265318, 31.810071034144176 ], [ -106.238743218670351, 31.810035841492557 ], [ -106.23864562218229, 31.809492525425693 ], [ -106.238938857818397, 31.809447766072264 ], [ -106.238798799996616, 31.808645779132092 ], [ -106.238219989160143, 31.808722189692865 ] ] ] } },
{ "type": "Feature", "properties": { "pidn": "X57999923402090", "district": 5, "zonelabel": "R-5", "state_cd_clean": "XV-C", "use_desc": "COMMERCIAL public, religous, charitable, misc", "targetlotarea": 70379, "existing_units": 0, "footprint_sqft": 0.0, "interior_sqft": 0.0, "coverage_pct": 0.0, "in_corridor": false, "in_historic": false, "context_type": "None" }, "geometry": { "type": "Polygon", "coordinates": [ [ [ -106.238219989160143, 31.808722189692865 ], [ -106.238475862265318, 31.810071034144176 ], [ -106.238743218670351, 31.810035841492557 ], [ -106.23864562218229, 31.809492525425693 ], [ -106.238938857818397, 31.809447766072264 ], [ -106.238798799996616, 31.808645779132092 ], [ -106.238219989160143, 31.808722189692865 ] ] ] } },
{ "type": "Feature", "properties": { "pidn": "X57900023400134", "district": 5, "zonelabel": "R-5", "state_cd_clean": "F1", "use_desc": "COMM,ANY COMM OTHR THAN F2-F9", "targetlotarea": 50800, "existing_units": 0, "footprint_sqft": 0.0, "interior_sqft": 0.0, "coverage_pct": 0.0, "in_corridor": false, "in_historic": false, "context_type": "None" }, "geometry": { "type": "Polygon", "coordinates": [ [ [ -106.2379033002901, 31.808763995335294 ], [ -106.238142249208892, 31.810114947397761 ], [ -106.238475862265318, 31.810071034144176 ], [ -106.238219989160143, 31.808722189692865 ], [ -106.2379033002901, 31.808763995335294 ] ] ] } },
{ "type": "Feature", "properties": { "pidn": "X57900023400134", "district": 5, "zonelabel": "R-5", "state_cd_clean": "F1", "use_desc": "COMM,ANY COMM OTHR THAN F2-F9", "targetlotarea": 50800, "existing_units": 0, "footprint_sqft": 0.0, "interior_sqft": 0.0, "coverage_pct": 0.0, "in_corridor": false, "in_historic": false, "context_type": "None" }, "geometry": { "type": "Polygon", "coordinates": [ [ [ -106.2379033002901, 31.808763995335294 ], [ -106.238142249208892, 31.810114947397761 ], [ -106.238475862265318, 31.810071034144176 ], [ -106.238219989160143, 31.808722189692865 ], [ -106.2379033002901, 31.808763995335294 ] ] ] } },
{ "type": "Feature", "properties": { "pidn": "X57900023400134", "district": 5, "zonelabel": "R-5", "state_cd_clean": "F1", "use_desc": "COMM,ANY COMM OTHR THAN F2-F9", "targetlotarea": 50800, "existing_units": 0, "footprint_sqft": 0.0, "interior_sqft": 0.0, "coverage_pct": 0.0, "in_corridor": false, "in_historic": false, "context_type": "None" }, "geometry": { "type": "Polygon", "coordinates": [ [ [ -106.2379033002901, 31.808763995335294 ], [ -106.238142249208892, 31.810114947397761 ], [ -106.238475862265318, 31.810071034144176 ], [ -106.238219989160143, 31.808722189692865 ], [ -106.2379033002901, 31.808763995335294 ] ] ] } },
{ "type": "Feature", "properties": { "pidn": "X57900023400134", "district": 5, "zonelabel": "R-5", "state_cd_clean": "F1", "use_desc": "COMM,ANY COMM OTHR THAN F2-F9", "targetlotarea": 50228, "existing_units": 0, "footprint_sqft": 0.0, "interior_sqft": 0.0, "coverage_pct": 0.0, "in_corridor": false, "in_historic": false, "context_type": "None" }, "geometry": { "type": "Polygon", "coordinates": [ [ [ -106.237580828086763, 31.808806563806826 ], [ -106.237821685811141, 31.810157143341488 ], [ -106.238142249208892, 31.810114947397761 ], [ -106.2379033002901, 31.808763995335294 ], [ -106.237580828086763, 31.808806563806826 ] ] ] } },
{ "type": "Feature", "properties": { "pidn": "X57900023400134", "district": 5, "zonelabel": "R-5", "state_cd_clean": "F1", "use_desc": "COMM,ANY COMM OTHR THAN F2-F9", "targetlotarea": 50228, "existing_units": 0, "footprint_sqft": 0.0, "interior_sqft": 0.0, "coverage_pct": 0.0, "in_corridor": false, "in_historic": false, "context_type": "None" }, "geometry": { "type": "Polygon", "coordinates": [ [ [ -106.237580828086763, 31.808806563806826 ], [ -106.237821685811141, 31.810157143341488 ], [ -106.238142249208892, 31.810114947397761 ], [ -106.2379033002901, 31.808763995335294 ], [ -106.237580828086763, 31.808806563806826 ] ] ] } },
{ "type": "Feature", "properties": { "pidn": "X57900023400134", "district": 5, "zonelabel": "R-5", "state_cd_clean": "F1", "use_desc": "COMM,ANY COMM OTHR THAN F2-F9", "targetlotarea": 50228, "existing_units": 0, "footprint_sqft": 0.0, "interior_sqft": 0.0, "coverage_pct": 0.0, "in_corridor": false, "in_historic": false, "context_type": "None" }, "geometry": { "type": "Polygon", "coordinates": [ [ [ -106.237580828086763, 31.808806563806826 ], [ -106.237821685811141, 31.810157143341488 ], [ -106.238142249208892, 31.810114947397761 ], [ -106.2379033002901, 31.808763995335294 ], [ -106.237580828086763, 31.808806563806826 ] ] ] } },
{ "type": "Feature", "properties": { "pidn": "X57900023400134", "district": 5, "zonelabel": "R-5", "state_cd_clean": "F1", "use_desc": "COMM,ANY COMM OTHR THAN F2-F9", "targetlotarea": 148401, "existing_units": 0, "footprint_sqft": 0.0, "interior_sqft": 0.0, "coverage_pct": 0.0, "in_corridor": false, "in_historic": false, "context_type": "None" }, "geometry": { "type": "Polygon", "coordinates": [ [ [ -106.2369399642931, 31.808891157373779 ], [ -106.236628798329917, 31.808932231575703 ], [ -106.236873510369477, 31.810281942856999 ], [ -106.237194622275112, 31.810239678344871 ], [ -106.237821685811141, 31.810157143341488 ], [ -106.237580828086763, 31.808806563806826 ], [ -106.2369399642931, 31.808891157373779 ] ] ] } },
{ "type": "Feature", "properties": { "pidn": "X57900023400134", "district": 5, "zonelabel": "R-5", "state_cd_clean": "F1", "use_desc": "COMM,ANY COMM OTHR THAN F2-F9", "targetlotarea": 148401, "existing_units": 0, "footprint_sqft": 0.0, "interior_sqft": 0.0, "coverage_pct": 0.0, "in_corridor": false, "in_historic": false, "context_type": "None" }, "geometry": { "type": "Polygon", "coordinates": [ [ [ -106.2369399642931, 31.808891157373779 ], [ -106.236628798329917, 31.808932231575703 ], [ -106.236873510369477, 31.810281942856999 ], [ -106.237194622275112, 31.810239678344871 ], [ -106.237821685811141, 31.810157143341488 ], [ -106.237580828086763, 31.808806563806826 ], [ -106.2369399642931, 31.808891157373779 ] ] ] } },
{ "type": "Feature", "properties": { "pidn": "X57900023400134", "district": 5, "zonelabel": "R-5", "state_cd_clean": "F1", "use_desc": "COMM,ANY COMM OTHR THAN F2-F9", "targetlotarea": 148401, "existing_units": 0, "footprint_sqft": 0.0, "interior_sqft": 0.0, "coverage_pct": 0.0, "in_corridor": false, "in_historic": false, "context_type": "None" }, "geometry": { "type": "Polygon", "coordinates": [ [ [ -106.2369399642931, 31.808891157373779 ], [ -106.236628798329917, 31.808932231575703 ], [ -106.236873510369477, 31.810281942856999 ], [ -106.237194622275112, 31.810239678344871 ], [ -106.237821685811141, 31.810157143341488 ], [ -106.237580828086763, 31.808806563806826 ], [ -106.2369399642931, 31.808891157373779 ] ] ] } },
{ "type": "Feature", "properties": { "pidn": "X57900023400110", "district": 5, "zonelabel": "R-5", "state_cd_clean": "F1", "use_desc": "COMM,ANY COMM OTHR THAN F2-F9", "targetlotarea": 49484, "existing_units": 0, "footprint_sqft": 0.0, "interior_sqft": 0.0, "coverage_pct": 0.0, "in_corridor": false, "in_historic": false, "context_type": "None" }, "geometry": { "type": "Polygon", "coordinates": [ [ [ -106.236306200155852, 31.808974813388797 ], [ -106.236562376554232, 31.81032289328763 ], [ -106.236873510369477, 31.810281942856999 ], [ -106.236628798329917, 31.808932231575703 ], [ -106.236306200155852, 31.808974813388797 ] ] ] } },
{ "type": "Feature", "properties": { "pidn": "X57900023400145", "district": 5, "zonelabel": "R-5", "state_cd_clean": "F1", "use_desc": "COMM,ANY COMM OTHR THAN F2-F9", "targetlotarea": 51966, "existing_units": 0, "footprint_sqft": 0.0, "interior_sqft": 0.0, "coverage_pct": 0.0, "in_corridor": false, "in_historic": false, "context_type": "None" }, "geometry": { "type": "Polygon", "coordinates": [ [ [ -106.235977670693885, 31.809018177283352 ], [ -106.236225327255355, 31.810367254540623 ], [ -106.236562376554232, 31.81032289328763 ], [ -106.236306200155852, 31.808974813388797 ], [ -106.235977670693885, 31.809018177283352 ] ] ] } },
{ "type": "Feature", "properties": { "pidn": "X57999923402090", "district": 5, "zonelabel": "R-5", "state_cd_clean": "XV-C", "use_desc": "COMMERCIAL public, religous, charitable, misc", "targetlotarea": 47841, "existing_units": 0, "footprint_sqft": 0.0, "interior_sqft": 0.0, "coverage_pct": 0.0, "in_corridor": false, "in_historic": false, "context_type": "None" }, "geometry": { "type": "Polygon", "coordinates": [ [ [ -106.23567128191408, 31.809058616146608 ], [ -106.235918913461617, 31.810407581111257 ], [ -106.236225327255355, 31.810367254540623 ], [ -106.235977670693885, 31.809018177283352 ], [ -106.23567128191408, 31.809058616146608 ] ] ] } },
{ "type": "Feature", "properties": { "pidn": "X57999923402090", "district": 5, "zonelabel": "R-5", "state_cd_clean": "XV-C", "use_desc": "COMMERCIAL public, religous, charitable, misc", "targetlotarea": 47841, "existing_units": 0, "footprint_sqft": 0.0, "interior_sqft": 0.0, "coverage_pct": 0.0, "in_corridor": false, "in_historic": false, "context_type": "None" }, "geometry": { "type": "Polygon", "coordinates": [ [ [ -106.23567128191408, 31.809058616146608 ], [ -106.235918913461617, 31.810407581111257 ], [ -106.236225327255355, 31.810367254540623 ], [ -106.235977670693885, 31.809018177283352 ], [ -106.23567128191408, 31.809058616146608 ] ] ] } },
{ "type": "Feature", "properties": { "pidn": "X57999923402090", "district": 5, "zonelabel": "R-5", "state_cd_clean": "XV-C", "use_desc": "COMMERCIAL public, religous, charitable, misc", "targetlotarea": 47841, "existing_units": 0, "footprint_sqft": 0.0, "interior_sqft": 0.0, "coverage_pct": 0.0, "in_corridor": false, "in_historic": false, "context_type": "None" }, "geometry": { "type": "Polygon", "coordinates": [ [ [ -106.23567128191408, 31.809058616146608 ], [ -106.235918913461617, 31.810407581111257 ], [ -106.236225327255355, 31.810367254540623 ], [ -106.235977670693885, 31.809018177283352 ], [ -106.23567128191408, 31.809058616146608 ] ] ] } },
{ "type": "Feature", "properties": { "pidn": "X57999923402090", "district": 5, "zonelabel": "R-5", "state_cd_clean": "XV-C", "use_desc": "COMMERCIAL public, religous, charitable, misc", "targetlotarea": 47841, "existing_units": 0, "footprint_sqft": 0.0, "interior_sqft": 0.0, "coverage_pct": 0.0, "in_corridor": false, "in_historic": false, "context_type": "None" }, "geometry": { "type": "Polygon", "coordinates": [ [ [ -106.23567128191408, 31.809058616146608 ], [ -106.235918913461617, 31.810407581111257 ], [ -106.236225327255355, 31.810367254540623 ], [ -106.235977670693885, 31.809018177283352 ], [ -106.23567128191408, 31.809058616146608 ] ] ] } },
{ "type": "Feature", "properties": { "pidn": "X57999923402090", "district": 5, "zonelabel": "R-5", "state_cd_clean": "XV-C", "use_desc": "COMMERCIAL public, religous, charitable, misc", "targetlotarea": 49769, "existing_units": 0, "footprint_sqft": 0.0, "interior_sqft": 0.0, "coverage_pct": 0.0, "in_corridor": false, "in_historic": false, "context_type": "None" }, "geometry": { "type": "Polygon", "coordinates": [ [ [ -106.235425652341846, 31.809499091109764 ], [ -106.235600123025918, 31.810449537551111 ], [ -106.235918913461617, 31.810407581111257 ], [ -106.23567128191408, 31.809058616146608 ], [ -106.235352519108361, 31.809100690164623 ], [ -106.235425652341846, 31.809499091109764 ] ] ] } },
{ "type": "Feature", "properties": { "pidn": "X57999923402090", "district": 5, "zonelabel": "R-5", "state_cd_clean": "XV-C", "use_desc": "COMMERCIAL public, religous, charitable, misc", "targetlotarea": 49769, "existing_units": 0, "footprint_sqft": 0.0, "interior_sqft": 0.0, "coverage_pct": 0.0, "in_corridor": false, "in_historic": false, "context_type": "None" }, "geometry": { "type": "Polygon", "coordinates": [ [ [ -106.235425652341846, 31.809499091109764 ], [ -106.235600123025918, 31.810449537551111 ], [ -106.235918913461617, 31.810407581111257 ], [ -106.23567128191408, 31.809058616146608 ], [ -106.235352519108361, 31.809100690164623 ], [ -106.235425652341846, 31.809499091109764 ] ] ] } },
{ "type": "Feature", "properties": { "pidn": "X57999923402090", "district": 5, "zonelabel": "R-5", "state_cd_clean": "XV-C", "use_desc": "COMMERCIAL public, religous, charitable, misc", "targetlotarea": 49769, "existing_units": 0, "footprint_sqft": 0.0, "interior_sqft": 0.0, "coverage_pct": 0.0, "in_corridor": false, "in_historic": false, "context_type": "None" }, "geometry": { "type": "Polygon", "coordinates": [ [ [ -106.235425652341846, 31.809499091109764 ], [ -106.235600123025918, 31.810449537551111 ], [ -106.235918913461617, 31.810407581111257 ], [ -106.23567128191408, 31.809058616146608 ], [ -106.235352519108361, 31.809100690164623 ], [ -106.235425652341846, 31.809499091109764 ] ] ] } },
{ "type": "Feature", "properties": { "pidn": "X57999923402090", "district": 5, "zonelabel": "R-5", "state_cd_clean": "XV-C", "use_desc": "COMMERCIAL public, religous, charitable, misc", "targetlotarea": 49769, "existing_units": 0, "footprint_sqft": 0.0, "interior_sqft": 0.0, "coverage_pct": 0.0, "in_corridor": false, "in_historic": false, "context_type": "None" }, "geometry": { "type": "Polygon", "coordinates": [ [ [ -106.235425652341846, 31.809499091109764 ], [ -106.235600123025918, 31.810449537551111 ], [ -106.235918913461617, 31.810407581111257 ], [ -106.23567128191408, 31.809058616146608 ], [ -106.235352519108361, 31.809100690164623 ], [ -106.235425652341846, 31.809499091109764 ] ] ] } },
{ "type": "Feature", "properties": { "pidn": "X57999923402090", "district": 5, "zonelabel": "R-5", "state_cd_clean": "XV-C", "use_desc": "COMMERCIAL public, religous, charitable, misc", "targetlotarea": 34805, "existing_units": 0, "footprint_sqft": 0.0, "interior_sqft": 0.0, "coverage_pct": 0.0, "in_corridor": false, "in_historic": false, "context_type": "None" }, "geometry": { "type": "Polygon", "coordinates": [ [ [ -106.235111506744872, 31.809537018300887 ], [ -106.235281970060555, 31.810491408294848 ], [ -106.235600123025918, 31.810449537551111 ], [ -106.235425652341846, 31.809499091109764 ], [ -106.235111506744872, 31.809537018300887 ] ] ] } },
{ "type": "Feature", "properties": { "pidn": "X57999923402090", "district": 5, "zonelabel": "R-5", "state_cd_clean": "XV-C", "use_desc": "COMMERCIAL public, religous, charitable, misc", "targetlotarea": 34805, "existing_units": 0, "footprint_sqft": 0.0, "interior_sqft": 0.0, "coverage_pct": 0.0, "in_corridor": false, "in_historic": false, "context_type": "None" }, "geometry": { "type": "Polygon", "coordinates": [ [ [ -106.235111506744872, 31.809537018300887 ], [ -106.235281970060555, 31.810491408294848 ], [ -106.235600123025918, 31.810449537551111 ], [ -106.235425652341846, 31.809499091109764 ], [ -106.235111506744872, 31.809537018300887 ] ] ] } },
{ "type": "Feature", "properties": { "pidn": "X57999923402090", "district": 5, "zonelabel": "R-5", "state_cd_clean": "XV-C", "use_desc": "COMMERCIAL public, religous, charitable, misc", "targetlotarea": 34805, "existing_units": 0, "footprint_sqft": 0.0, "interior_sqft": 0.0, "coverage_pct": 0.0, "in_corridor": false, "in_historic": false, "context_type": "None" }, "geometry": { "type": "Polygon", "coordinates": [ [ [ -106.235111506744872, 31.809537018300887 ], [ -106.235281970060555, 31.810491408294848 ], [ -106.235600123025918, 31.810449537551111 ], [ -106.235425652341846, 31.809499091109764 ], [ -106.235111506744872, 31.809537018300887 ] ] ] } },
{ "type": "Feature", "properties": { "pidn": "X57999923402090", "district": 5, "zonelabel": "R-5", "state_cd_clean": "XV-C", "use_desc": "COMMERCIAL public, religous, charitable, misc", "targetlotarea": 34805, "existing_units": 0, "footprint_sqft": 0.0, "interior_sqft": 0.0, "coverage_pct": 0.0, "in_corridor": false, "in_historic": false, "context_type": "None" }, "geometry": { "type": "Polygon", "coordinates": [ [ [ -106.235111506744872, 31.809537018300887 ], [ -106.235281970060555, 31.810491408294848 ], [ -106.235600123025918, 31.810449537551111 ], [ -106.235425652341846, 31.809499091109764 ], [ -106.235111506744872, 31.809537018300887 ] ] ] } },
{ "type": "Feature", "properties": { "pidn": "Interstate 180", "district": 5, "zonelabel": "R-5", "state_cd_clean": "", "use_desc": "Unknown", "targetlotarea": 116018, "existing_units": 0, "footprint_sqft": 0.0, "interior_sqft": 0.0, "coverage_pct": 0.0, "in_corridor": false, "in_historic": false, "context_type": "None" }, "geometry": { "type": "Polygon", "coordinates": [ [ [ -106.234146114055449, 31.809653567387819 ], [ -106.234155651019634, 31.810639632006353 ], [ -106.234644621624454, 31.810575284995199 ], [ -106.234965677843846, 31.810533034016149 ], [ -106.235281970060555, 31.810491408294848 ], [ -106.235111506744872, 31.809537018300887 ], [ -106.2347946147393, 31.809575275173174 ], [ -106.234750719350941, 31.809580575591145 ], [ -106.234706824956277, 31.809585875045947 ], [ -106.234475878274921, 31.809613756687014 ], [ -106.234146114055449, 31.809653567387819 ] ] ] } },
{ "type": "Feature", "properties": { "pidn": null, "district": 5, "zonelabel": "C-4", "state_cd_clean": null, "use_desc": "Unknown", "targetlotarea": 136099, "existing_units": 0, "footprint_sqft": 0.0, "interior_sqft": 0.0, "coverage_pct": 0.0, "in_corridor": true, "in_historic": false, "context_type": "Suburban" }, "geometry": { "type": "Polygon", "coordinates": [ [ [ -106.262632453537421, 31.80934487988354 ], [ -106.263218551201462, 31.809336250114381 ], [ -106.263179230532828, 31.807389022716706 ], [ -106.263172787215325, 31.807389896124697 ], [ -106.26243352841702, 31.807490143602418 ], [ -106.262430550067876, 31.807490547527269 ], [ -106.262603594812688, 31.808421148332446 ], [ -106.262615049525138, 31.808482745873643 ], [ -106.262632453537421, 31.80934487988354 ] ] ] } },
{ "type": "Feature", "properties": { "pidn": "T28799914600010", "district": 5, "zonelabel": "R-5", "state_cd_clean": "A1", "use_desc": "REAL, RESIDENTIAL, SINGLE-FAMILY", "targetlotarea": 655640, "existing_units": 1, "footprint_sqft": 0.0, "interior_sqft": 0.0, "coverage_pct": 0.0, "in_corridor": false, "in_historic": false, "context_type": "Suburban" }, "geometry": { "type": "Polygon", "coordinates": [ [ [ -106.232869605758125, 31.806133029212742 ], [ -106.23291471135353, 31.810802622047881 ], [ -106.234155651019634, 31.810639632006353 ], [ -106.234146114055449, 31.809653567387819 ], [ -106.234110489821234, 31.805970533068972 ], [ -106.233866194294009, 31.8060025243878 ], [ -106.233721010867043, 31.806021536725293 ], [ -106.233575922846327, 31.806040536444506 ], [ -106.23342765308287, 31.806059952994492 ], [ -106.233282564944858, 31.806078952386635 ], [ -106.233137477803396, 31.806097951569278 ], [ -106.232992389549324, 31.806116950637925 ], [ -106.232869605758125, 31.806133029212742 ] ] ] } },
{ "type": "Feature", "properties": { "pidn": "T81999900600300", "district": 5, "zonelabel": "C-4", "state_cd_clean": "B2", "use_desc": "REAL, COMMERCIAL, APARTMENTS", "targetlotarea": 147290, "existing_units": 12, "footprint_sqft": 113078.52951, "interior_sqft": 195077.29951000001, "coverage_pct": 0.76772713361395883, "in_corridor": true, "in_historic": false, "context_type": "Suburban" }, "geometry": { "type": "Polygon", "coordinates": [ [ [ -106.246912763843554, 31.810218505000886 ], [ -106.24693103722727, 31.810414133022082 ], [ -106.247602932387821, 31.810326305586152 ], [ -106.247587274920633, 31.810122526180763 ], [ -106.247563979830588, 31.809919279884113 ], [ -106.247533072786283, 31.809716774153571 ], [ -106.247494584896998, 31.80951521890734 ], [ -106.247491693281319, 31.809504695053349 ], [ -106.247486909955896, 31.80949468615572 ], [ -106.247480351879716, 31.809485439778648 ], [ -106.247470272491142, 31.809476728222382 ], [ -106.247458837044675, 31.809469337266489 ], [ -106.247446281444624, 31.809463420562221 ], [ -106.247432862832753, 31.809459099185908 ], [ -106.247418858533351, 31.809456461686811 ], [ -106.245854344175569, 31.809660107407264 ], [ -106.245862782955399, 31.810355518488539 ], [ -106.246912763843554, 31.810218505000886 ] ] ] } },
{ "type": "Feature", "properties": { "pidn": "X57999923300110", "district": 5, "zonelabel": "C-4", "state_cd_clean": "XV-C", "use_desc": "COMMERCIAL public, religous, charitable, misc", "targetlotarea": 473967, "existing_units": 0, "footprint_sqft": 0.0, "interior_sqft": 0.0, "coverage_pct": 0.0, "in_corridor": true, "in_historic": false, "context_type": "Suburban" }, "geometry": { "type": "Polygon", "coordinates": [ [ [ -106.260284040715192, 31.810205488495129 ], [ -106.262649125403257, 31.810170693478362 ], [ -106.262632453537421, 31.80934487988354 ], [ -106.262615049525138, 31.808482745873643 ], [ -106.262603594812688, 31.808421148332446 ], [ -106.260217339539381, 31.808456254788059 ], [ -106.260252617792489, 31.810205950442271 ], [ -106.260284040715192, 31.810205488495129 ] ] ] } },
{ "type": "Feature", "properties": { "pidn": "X57999923300110", "district": 5, "zonelabel": "C-4", "state_cd_clean": "XV-C", "use_desc": "COMMERCIAL public, religous, charitable, misc", "targetlotarea": 473967, "existing_units": 0, "footprint_sqft": 0.0, "interior_sqft": 0.0, "coverage_pct": 0.0, "in_corridor": true, "in_historic": false, "context_type": "Suburban" }, "geometry": { "type": "Polygon", "coordinates": [ [ [ -106.260284040715192, 31.810205488495129 ], [ -106.262649125403257, 31.810170693478362 ], [ -106.262632453537421, 31.80934487988354 ], [ -106.262615049525138, 31.808482745873643 ], [ -106.262603594812688, 31.808421148332446 ], [ -106.260217339539381, 31.808456254788059 ], [ -106.260252617792489, 31.810205950442271 ], [ -106.260284040715192, 31.810205488495129 ] ] ] } },
{ "type": "Feature", "properties": { "pidn": null, "district": 5, "zonelabel": "C-4", "state_cd_clean": null, "use_desc": "Unknown", "targetlotarea": 54714, "existing_units": 0, "footprint_sqft": 0.0, "interior_sqft": 0.0, "coverage_pct": 0.0, "in_corridor": true, "in_historic": false, "context_type": "Suburban" }, "geometry": { "type": "Polygon", "coordinates": [ [ [ -106.262649125403257, 31.810170693478362 ], [ -106.263235227106364, 31.810162063685102 ], [ -106.263218551201462, 31.809336250114381 ], [ -106.262632453537421, 31.80934487988354 ], [ -106.262649125403257, 31.810170693478362 ] ] ] } },
{ "type": "Feature", "properties": { "pidn": "X57900023501025", "district": 5, "zonelabel": "R-3", "state_cd_clean": "F1", "use_desc": "COMM,ANY COMM OTHR THAN F2-F9", "targetlotarea": 758260, "existing_units": 0, "footprint_sqft": 0.0, "interior_sqft": 0.0, "coverage_pct": 0.0, "in_corridor": false, "in_historic": false, "context_type": "Suburban" }, "geometry": { "type": "Polygon", "coordinates": [ [ [ -106.222278344677051, 31.808023407890424 ], [ -106.222318155463029, 31.812193906637283 ], [ -106.222490749211474, 31.81217125323656 ], [ -106.222804968484624, 31.812130010424692 ], [ -106.22314969805835, 31.812084762539232 ], [ -106.223292878110087, 31.81206596700294 ], [ -106.22350636992708, 31.812037943688093 ], [ -106.223506412944886, 31.812037938128739 ], [ -106.223494902169307, 31.810833845447771 ], [ -106.224154556732245, 31.810751437301771 ], [ -106.224128332785156, 31.808010517394358 ], [ -106.222278344677051, 31.808023407890424 ] ] ] } },
{ "type": "Feature", "properties": { "pidn": "X57900023501025", "district": 5, "zonelabel": "R-3", "state_cd_clean": "F1", "use_desc": "COMM,ANY COMM OTHR THAN F2-F9", "targetlotarea": 758260, "existing_units": 0, "footprint_sqft": 0.0, "interior_sqft": 0.0, "coverage_pct": 0.0, "in_corridor": false, "in_historic": false, "context_type": "Suburban" }, "geometry": { "type": "Polygon", "coordinates": [ [ [ -106.222278344677051, 31.808023407890424 ], [ -106.222318155463029, 31.812193906637283 ], [ -106.222490749211474, 31.81217125323656 ], [ -106.222804968484624, 31.812130010424692 ], [ -106.22314969805835, 31.812084762539232 ], [ -106.223292878110087, 31.81206596700294 ], [ -106.22350636992708, 31.812037943688093 ], [ -106.223506412944886, 31.812037938128739 ], [ -106.223494902169307, 31.810833845447771 ], [ -106.224154556732245, 31.810751437301771 ], [ -106.224128332785156, 31.808010517394358 ], [ -106.222278344677051, 31.808023407890424 ] ] ] } },
{ "type": "Feature", "properties": { "pidn": "X57900023501025", "district": 5, "zonelabel": "C-4", "state_cd_clean": "F1", "use_desc": "COMM,ANY COMM OTHR THAN F2-F9", "targetlotarea": 4045914, "existing_units": 0, "footprint_sqft": 0.0, "interior_sqft": 0.0, "coverage_pct": 0.0, "in_corridor": false, "in_historic": false, "context_type": "Suburban" }, "geometry": { "type": "Polygon", "coordinates": [ [ [ -106.213367325688097, 31.812877327086127 ], [ -106.213383728139405, 31.812892836880742 ], [ -106.213535944235701, 31.813036768236138 ], [ -106.213798547843439, 31.813285077732335 ], [ -106.21381610646992, 31.813301680401082 ], [ -106.213824967216951, 31.813310058433483 ], [ -106.21684415615259, 31.812923341339868 ], [ -106.216846963691097, 31.812922838724088 ], [ -106.21707645683928, 31.8128817877515 ], [ -106.217071675933482, 31.812372123834376 ], [ -106.217066123145869, 31.811780236999638 ], [ -106.217066122965946, 31.811780199979623 ], [ -106.217588396781906, 31.811776628687404 ], [ -106.217592901607503, 31.812256499411983 ], [ -106.21717239384499, 31.812259376932776 ], [ -106.217178108593998, 31.812868450083002 ], [ -106.220055772393451, 31.812490832341112 ], [ -106.221301176039105, 31.812327385637239 ], [ -106.222174932894646, 31.812212703910628 ], [ -106.222174974857936, 31.812212698399435 ], [ -106.222318155463029, 31.812193906637283 ], [ -106.222278344677051, 31.808023407890424 ], [ -106.222259858491469, 31.806086963441544 ], [ -106.2222540691549, 31.805480273229566 ], [ -106.222246397035704, 31.804676596586649 ], [ -106.222245667333752, 31.804600187624803 ], [ -106.222103582221678, 31.80473266801549 ], [ -106.221890284776535, 31.804931544511355 ], [ -106.22160261724359, 31.805199764706479 ], [ -106.221472310010085, 31.805321259461149 ], [ -106.221231090672532, 31.805546169999129 ], [ -106.221089093615063, 31.805678562936151 ], [ -106.220000567772331, 31.806693455154623 ], [ -106.218987396787, 31.807638062177787 ], [ -106.218987368765596, 31.807638087829591 ], [ -106.218987339745382, 31.807638114429601 ], [ -106.217055951820214, 31.809438728444924 ], [ -106.21704426002087, 31.809449628532846 ], [ -106.217044026020346, 31.809449845927862 ], [ -106.213367325688097, 31.812877327086127 ] ] ] } },
{ "type": "Feature", "properties": { "pidn": "X57900023501025", "district": 5, "zonelabel": "C-4", "state_cd_clean": "F1", "use_desc": "COMM,ANY COMM OTHR THAN F2-F9", "targetlotarea": 4045914, "existing_units": 0, "footprint_sqft": 0.0, "interior_sqft": 0.0, "coverage_pct": 0.0, "in_corridor": false, "in_historic": false, "context_type": "Suburban" }, "geometry": { "type": "Polygon", "coordinates": [ [ [ -106.213367325688097, 31.812877327086127 ], [ -106.213383728139405, 31.812892836880742 ], [ -106.213535944235701, 31.813036768236138 ], [ -106.213798547843439, 31.813285077732335 ], [ -106.21381610646992, 31.813301680401082 ], [ -106.213824967216951, 31.813310058433483 ], [ -106.21684415615259, 31.812923341339868 ], [ -106.216846963691097, 31.812922838724088 ], [ -106.21707645683928, 31.8128817877515 ], [ -106.217071675933482, 31.812372123834376 ], [ -106.217066123145869, 31.811780236999638 ], [ -106.217066122965946, 31.811780199979623 ], [ -106.217588396781906, 31.811776628687404 ], [ -106.217592901607503, 31.812256499411983 ], [ -106.21717239384499, 31.812259376932776 ], [ -106.217178108593998, 31.812868450083002 ], [ -106.220055772393451, 31.812490832341112 ], [ -106.221301176039105, 31.812327385637239 ], [ -106.222174932894646, 31.812212703910628 ], [ -106.222174974857936, 31.812212698399435 ], [ -106.222318155463029, 31.812193906637283 ], [ -106.222278344677051, 31.808023407890424 ], [ -106.222259858491469, 31.806086963441544 ], [ -106.2222540691549, 31.805480273229566 ], [ -106.222246397035704, 31.804676596586649 ], [ -106.222245667333752, 31.804600187624803 ], [ -106.222103582221678, 31.80473266801549 ], [ -106.221890284776535, 31.804931544511355 ], [ -106.22160261724359, 31.805199764706479 ], [ -106.221472310010085, 31.805321259461149 ], [ -106.221231090672532, 31.805546169999129 ], [ -106.221089093615063, 31.805678562936151 ], [ -106.220000567772331, 31.806693455154623 ], [ -106.218987396787, 31.807638062177787 ], [ -106.218987368765596, 31.807638087829591 ], [ -106.218987339745382, 31.807638114429601 ], [ -106.217055951820214, 31.809438728444924 ], [ -106.21704426002087, 31.809449628532846 ], [ -106.217044026020346, 31.809449845927862 ], [ -106.213367325688097, 31.812877327086127 ] ] ] } },
{ "type": "Feature", "properties": { "pidn": "T81999900600300", "district": 5, "zonelabel": "C-4", "state_cd_clean": "B2", "use_desc": "REAL, COMMERCIAL, APARTMENTS", "targetlotarea": 66279, "existing_units": 12, "footprint_sqft": 113078.52951, "interior_sqft": 195077.29951000001, "coverage_pct": 1.7060989077988502, "in_corridor": true, "in_historic": false, "context_type": "Suburban" }, "geometry": { "type": "Polygon", "coordinates": [ [ [ -106.246971346946793, 31.811259257307359 ], [ -106.247616716239349, 31.81125414650597 ], [ -106.247608634027259, 31.810510153516169 ], [ -106.247602932387821, 31.810326305586152 ], [ -106.24693103722727, 31.810414133022082 ], [ -106.246971346946793, 31.811259257307359 ] ] ] } },
{ "type": "Feature", "properties": { "pidn": "Interstate 180", "district": 5, "zonelabel": "C-4", "state_cd_clean": "", "use_desc": "Unknown", "targetlotarea": 35402, "existing_units": 0, "footprint_sqft": 0.0, "interior_sqft": 0.0, "coverage_pct": 0.0, "in_corridor": false, "in_historic": false, "context_type": "Suburban" }, "geometry": { "type": "Polygon", "coordinates": [ [ [ -106.217071675933482, 31.812372123834376 ], [ -106.21707645683928, 31.8128817877515 ], [ -106.217178108593998, 31.812868450083002 ], [ -106.21717239384499, 31.812259376932776 ], [ -106.217592901607503, 31.812256499411983 ], [ -106.217588396781906, 31.811776628687404 ], [ -106.217066122965946, 31.811780199979623 ], [ -106.217066123145869, 31.811780236999638 ], [ -106.217071675933482, 31.812372123834376 ] ] ] } },
{ "type": "Feature", "properties": { "pidn": "X57999923300075", "district": 5, "zonelabel": "C-4", "state_cd_clean": "F1", "use_desc": "COMM,ANY COMM OTHR THAN F2-F9", "targetlotarea": 43714, "existing_units": 0, "footprint_sqft": 9018.23047, "interior_sqft": 18036.46094, "coverage_pct": 0.20630073820743927, "in_corridor": true, "in_historic": false, "context_type": "Suburban" }, "geometry": { "type": "Polygon", "coordinates": [ [ [ -106.257705638173647, 31.811193444930748 ], [ -106.258349454909492, 31.811195972322686 ], [ -106.258352243292236, 31.810677790500694 ], [ -106.258352699509445, 31.810593043870622 ], [ -106.257708864106448, 31.81059474334522 ], [ -106.257705638173647, 31.811193444930748 ] ] ] } },
{ "type": "Feature", "properties": { "pidn": "X57999923300075", "district": 5, "zonelabel": "C-4", "state_cd_clean": "F1", "use_desc": "COMM,ANY COMM OTHR THAN F2-F9", "targetlotarea": 43714, "existing_units": 0, "footprint_sqft": 9018.23047, "interior_sqft": 18036.46094, "coverage_pct": 0.20630073820743927, "in_corridor": true, "in_historic": false, "context_type": "Suburban" }, "geometry": { "type": "Polygon", "coordinates": [ [ [ -106.257705638173647, 31.811193444930748 ], [ -106.258349454909492, 31.811195972322686 ], [ -106.258352243292236, 31.810677790500694 ], [ -106.258352699509445, 31.810593043870622 ], [ -106.257708864106448, 31.81059474334522 ], [ -106.257705638173647, 31.811193444930748 ] ] ] } },
{ "type": "Feature", "properties": { "pidn": "X57999923300075", "district": 5, "zonelabel": "C-4", "state_cd_clean": "F1", "use_desc": "COMM,ANY COMM OTHR THAN F2-F9", "targetlotarea": 43714, "existing_units": 0, "footprint_sqft": 9018.23047, "interior_sqft": 18036.46094, "coverage_pct": 0.20630073820743927, "in_corridor": true, "in_historic": false, "context_type": "Suburban" }, "geometry": { "type": "Polygon", "coordinates": [ [ [ -106.257705638173647, 31.811193444930748 ], [ -106.258349454909492, 31.811195972322686 ], [ -106.258352243292236, 31.810677790500694 ], [ -106.258352699509445, 31.810593043870622 ], [ -106.257708864106448, 31.81059474334522 ], [ -106.257705638173647, 31.811193444930748 ] ] ] } },
{ "type": "Feature", "properties": { "pidn": "X57999922506100", "district": 5, "zonelabel": "C-4", "state_cd_clean": "XV-C", "use_desc": "COMMERCIAL public, religous, charitable, misc", "targetlotarea": 22912, "existing_units": 0, "footprint_sqft": 0.0, "interior_sqft": 0.0, "coverage_pct": 0.0, "in_corridor": false, "in_historic": false, "context_type": "Suburban" }, "geometry": { "type": "Polygon", "coordinates": [ [ [ -106.2133510305556, 31.812892516885231 ], [ -106.213351006364761, 31.812892553200022 ], [ -106.213006318740284, 31.813414903643604 ], [ -106.213824967216951, 31.813310058433483 ], [ -106.21381610646992, 31.813301680401082 ], [ -106.213798547843439, 31.813285077732335 ], [ -106.213535944235701, 31.813036768236138 ], [ -106.213383728139405, 31.812892836880742 ], [ -106.213367325688097, 31.812877327086127 ], [ -106.2133510305556, 31.812892516885231 ] ] ] } },
{ "type": "Feature", "properties": { "pidn": null, "district": 5, "zonelabel": "P-R 1", "state_cd_clean": null, "use_desc": "Unknown", "targetlotarea": 267767, "existing_units": 0, "footprint_sqft": 0.0, "interior_sqft": 0.0, "coverage_pct": 0.0, "in_corridor": false, "in_historic": false, "context_type": "None" }, "geometry": { "type": "Polygon", "coordinates": [ [ [ -106.23924126453683, 31.81292446205693 ], [ -106.240200590781825, 31.812928363005533 ], [ -106.240214711348287, 31.810394039876297 ], [ -106.239893502892471, 31.810435834877126 ], [ -106.239254690775653, 31.81051895000812 ], [ -106.23924126453683, 31.81292446205693 ] ] ] } },
{ "type": "Feature", "properties": { "pidn": null, "district": 5, "zonelabel": "P-R 1", "state_cd_clean": null, "use_desc": "Unknown", "targetlotarea": 97251, "existing_units": 0, "footprint_sqft": 0.0, "interior_sqft": 0.0, "coverage_pct": 0.0, "in_corridor": false, "in_historic": false, "context_type": "None" }, "geometry": { "type": "Polygon", "coordinates": [ [ [ -106.240200590781825, 31.812928363005533 ], [ -106.240537156395391, 31.812929729671403 ], [ -106.240551519024763, 31.810350215652431 ], [ -106.240214711348287, 31.810394039876297 ], [ -106.240200590781825, 31.812928363005533 ] ] ] } },
{ "type": "Feature", "properties": { "pidn": null, "district": 5, "zonelabel": "P-R 1", "state_cd_clean": null, "use_desc": "Unknown", "targetlotarea": 218147, "existing_units": 0, "footprint_sqft": 0.0, "interior_sqft": 0.0, "coverage_pct": 0.0, "in_corridor": false, "in_historic": false, "context_type": "None" }, "geometry": { "type": "Polygon", "coordinates": [ [ [ -106.240537156395391, 31.812929729671403 ], [ -106.241304986027075, 31.812932844513192 ], [ -106.241252876405639, 31.810258954351802 ], [ -106.240551519024763, 31.810350215652431 ], [ -106.240537156395391, 31.812929729671403 ] ] ] } },
{ "type": "Feature", "properties": { "pidn": null, "district": 5, "zonelabel": "P-R 1", "state_cd_clean": null, "use_desc": "Unknown", "targetlotarea": 998072, "existing_units": 0, "footprint_sqft": 0.0, "interior_sqft": 0.0, "coverage_pct": 0.0, "in_corridor": true, "in_historic": false, "context_type": "None" }, "geometry": { "type": "Polygon", "coordinates": [ [ [ -106.244097619166354, 31.812896556200073 ], [ -106.244397244365288, 31.8128977634825 ], [ -106.244397242806599, 31.81289758563501 ], [ -106.244366140986344, 31.809853804331812 ], [ -106.241252876405639, 31.810258954351802 ], [ -106.241304986027075, 31.812932844513192 ], [ -106.241847191668001, 31.812935041353771 ], [ -106.241847440391808, 31.812887461822509 ], [ -106.243360540160069, 31.812893581449401 ], [ -106.243764485450001, 31.812895211772197 ], [ -106.244097619166354, 31.812896556200073 ] ] ] } },
{ "type": "Feature", "properties": { "pidn": "X57999923300060", "district": 5, "zonelabel": "R-F", "state_cd_clean": "C10", "use_desc": "REAL, VACANT PLATTED COMMERCIAL LOT", "targetlotarea": 190771, "existing_units": 0, "footprint_sqft": 9007.83997, "interior_sqft": 9007.83997, "coverage_pct": 0.047218078062179265, "in_corridor": true, "in_historic": false, "context_type": "Suburban" }, "geometry": { "type": "Polygon", "coordinates": [ [ [ -106.250999126957524, 31.812665391424602 ], [ -106.251317730490229, 31.812666658213516 ], [ -106.251317505379944, 31.81264479887917 ], [ -106.251455911575917, 31.812643760770403 ], [ -106.251417746104977, 31.808935580527358 ], [ -106.251279521270106, 31.80895377211522 ], [ -106.251220761151117, 31.808961433012069 ], [ -106.251220760919821, 31.808961497145717 ], [ -106.250961370497279, 31.808995270689771 ], [ -106.250999126957524, 31.812665391424602 ] ] ] } },
{ "type": "Feature", "properties": { "pidn": "X57999923300060", "district": 5, "zonelabel": "R-F", "state_cd_clean": "C10", "use_desc": "REAL, VACANT PLATTED COMMERCIAL LOT", "targetlotarea": 190771, "existing_units": 0, "footprint_sqft": 9007.83997, "interior_sqft": 9007.83997, "coverage_pct": 0.047218078062179265, "in_corridor": true, "in_historic": false, "context_type": "Suburban" }, "geometry": { "type": "Polygon", "coordinates": [ [ [ -106.250999126957524, 31.812665391424602 ], [ -106.251317730490229, 31.812666658213516 ], [ -106.251317505379944, 31.81264479887917 ], [ -106.251455911575917, 31.812643760770403 ], [ -106.251417746104977, 31.808935580527358 ], [ -106.251279521270106, 31.80895377211522 ], [ -106.251220761151117, 31.808961433012069 ], [ -106.251220760919821, 31.808961497145717 ], [ -106.250961370497279, 31.808995270689771 ], [ -106.250999126957524, 31.812665391424602 ] ] ] } },
{ "type": "Feature", "properties": { "pidn": "X57999923300060", "district": 5, "zonelabel": "R-F", "state_cd_clean": "C10", "use_desc": "REAL, VACANT PLATTED COMMERCIAL LOT", "targetlotarea": 190771, "existing_units": 0, "footprint_sqft": 9007.83997, "interior_sqft": 9007.83997, "coverage_pct": 0.047218078062179265, "in_corridor": true, "in_historic": false, "context_type": "Suburban" }, "geometry": { "type": "Polygon", "coordinates": [ [ [ -106.250999126957524, 31.812665391424602 ], [ -106.251317730490229, 31.812666658213516 ], [ -106.251317505379944, 31.81264479887917 ], [ -106.251455911575917, 31.812643760770403 ], [ -106.251417746104977, 31.808935580527358 ], [ -106.251279521270106, 31.80895377211522 ], [ -106.251220761151117, 31.808961433012069 ], [ -106.251220760919821, 31.808961497145717 ], [ -106.250961370497279, 31.808995270689771 ], [ -106.250999126957524, 31.812665391424602 ] ] ] } },
{ "type": "Feature", "properties": { "pidn": "X57999923300060", "district": 5, "zonelabel": "R-F", "state_cd_clean": "C10", "use_desc": "REAL, VACANT PLATTED COMMERCIAL LOT", "targetlotarea": 190771, "existing_units": 0, "footprint_sqft": 9007.83997, "interior_sqft": 9007.83997, "coverage_pct": 0.047218078062179265, "in_corridor": true, "in_historic": false, "context_type": "Suburban" }, "geometry": { "type": "Polygon", "coordinates": [ [ [ -106.250999126957524, 31.812665391424602 ], [ -106.251317730490229, 31.812666658213516 ], [ -106.251317505379944, 31.81264479887917 ], [ -106.251455911575917, 31.812643760770403 ], [ -106.251417746104977, 31.808935580527358 ], [ -106.251279521270106, 31.80895377211522 ], [ -106.251220761151117, 31.808961433012069 ], [ -106.251220760919821, 31.808961497145717 ], [ -106.250961370497279, 31.808995270689771 ], [ -106.250999126957524, 31.812665391424602 ] ] ] } },
{ "type": "Feature", "properties": { "pidn": "T81999900600300", "district": 5, "zonelabel": "C-4", "state_cd_clean": "B2", "use_desc": "REAL, COMMERCIAL, APARTMENTS", "targetlotarea": 530076, "existing_units": 12, "footprint_sqft": 113078.52951, "interior_sqft": 195077.29951000001, "coverage_pct": 0.21332512603853032, "in_corridor": true, "in_historic": false, "context_type": "Suburban" }, "geometry": { "type": "Polygon", "coordinates": [ [ [ -106.245724133428453, 31.812900172722237 ], [ -106.24589367195648, 31.812900853847335 ], [ -106.245862782955399, 31.810355518488539 ], [ -106.245854344175569, 31.809660107407264 ], [ -106.244366140986344, 31.809853804331812 ], [ -106.244397242806599, 31.81289758563501 ], [ -106.244421869004995, 31.812897651193587 ], [ -106.244421770774196, 31.812895377939999 ], [ -106.244422070748513, 31.812895371541014 ], [ -106.244422205027831, 31.812895370861277 ], [ -106.244422669922926, 31.812895363294022 ], [ -106.244580593283644, 31.812895570270797 ], [ -106.244813710521697, 31.812896509855172 ], [ -106.245057618468522, 31.812897491735995 ], [ -106.245297638569113, 31.812898457393981 ], [ -106.245545399461022, 31.812899453907452 ], [ -106.245724133428453, 31.812900172722237 ] ] ] } },
{ "type": "Feature", "properties": { "pidn": "T81999900600300", "district": 5, "zonelabel": "C-2", "state_cd_clean": "B2", "use_desc": "REAL, COMMERCIAL, APARTMENTS", "targetlotarea": 1, "existing_units": 12, "footprint_sqft": 113078.52951, "interior_sqft": 195077.29951000001, "coverage_pct": 113078.52951, "in_corridor": false, "in_historic": false, "context_type": "Suburban" }, "geometry": { "type": "Polygon", "coordinates": [ [ [ -106.24676003257521, 31.812906231192983 ], [ -106.246768516106869, 31.812906283762583 ], [ -106.246760021081641, 31.812904332413083 ], [ -106.24676003257521, 31.812906231192983 ] ] ] } },
{ "type": "Feature", "properties": { "pidn": "T81999900600300", "district": 5, "zonelabel": "C-4", "state_cd_clean": "B2", "use_desc": "REAL, COMMERCIAL, APARTMENTS", "targetlotarea": 442797, "existing_units": 12, "footprint_sqft": 113078.52951, "interior_sqft": 195077.29951000001, "coverage_pct": 0.25537329636379646, "in_corridor": true, "in_historic": false, "context_type": "Suburban" }, "geometry": { "type": "Polygon", "coordinates": [ [ [ -106.247549802054735, 31.812911089534957 ], [ -106.247569110535949, 31.812910359339309 ], [ -106.247583982092721, 31.812903569294534 ], [ -106.247597442841013, 31.812894897091617 ], [ -106.247609171460695, 31.812884549700989 ], [ -106.247618882133125, 31.81287277763716 ], [ -106.247626343962139, 31.812859864141085 ], [ -106.24763137536408, 31.812846120016665 ], [ -106.247633855276135, 31.812831876798899 ], [ -106.247616716239349, 31.81125414650597 ], [ -106.246971346946793, 31.811259257307359 ], [ -106.24693103722727, 31.810414133022082 ], [ -106.246912763843554, 31.810218505000886 ], [ -106.245862782955399, 31.810355518488539 ], [ -106.24589367195648, 31.812900853847335 ], [ -106.245943107365079, 31.812901052847046 ], [ -106.245961243233069, 31.81290112576637 ], [ -106.246230955917099, 31.812902209294307 ], [ -106.246386761629054, 31.812902834516798 ], [ -106.24647690457347, 31.812903196055352 ], [ -106.246580140360948, 31.812903611125787 ], [ -106.246657765, 31.812903922645216 ], [ -106.246699557989146, 31.81290409017279 ], [ -106.246752704506278, 31.812904302685499 ], [ -106.246760021081641, 31.812904332413083 ], [ -106.246768516106869, 31.812906283762583 ], [ -106.247323967041069, 31.812909719177444 ], [ -106.247549802054735, 31.812911089534957 ] ] ] } },
{ "type": "Feature", "properties": { "pidn": "T82099900604500", "district": 5, "zonelabel": "P-R 1", "state_cd_clean": "A1", "use_desc": "REAL, RESIDENTIAL, SINGLE-FAMILY", "targetlotarea": 221349, "existing_units": 1, "footprint_sqft": 0.0, "interior_sqft": 0.0, "coverage_pct": 0.0, "in_corridor": false, "in_historic": false, "context_type": "Suburban" }, "geometry": { "type": "Polygon", "coordinates": [ [ [ -106.243315788087813, 31.81418548024002 ], [ -106.243353810082908, 31.814185633150956 ], [ -106.243354472352493, 31.814058481962906 ], [ -106.243354501207264, 31.814052984157822 ], [ -106.243355135204382, 31.813931289197491 ], [ -106.24335579547882, 31.813804496632414 ], [ -106.243356444948347, 31.813679738417317 ], [ -106.243357089036436, 31.813556031692524 ], [ -106.24335773417755, 31.813432324913634 ], [ -106.243358378206182, 31.813308617275805 ], [ -106.243360189402679, 31.812960841413538 ], [ -106.243360540160069, 31.812893581449401 ], [ -106.241847440391808, 31.812887461822509 ], [ -106.241847191668001, 31.812935041353771 ], [ -106.241840689733579, 31.81417951344898 ], [ -106.241835088029475, 31.814179491389048 ], [ -106.241835310933823, 31.814195149790116 ], [ -106.24193952183542, 31.814194067573776 ], [ -106.242089565485216, 31.814192508500827 ], [ -106.24210506189273, 31.81419234776665 ], [ -106.242105126927569, 31.814180584165229 ], [ -106.24225645971859, 31.814181197121616 ], [ -106.242407792511628, 31.814181809902188 ], [ -106.242559125250537, 31.814182421606368 ], [ -106.242710458047469, 31.814183034035313 ], [ -106.242861789735556, 31.814183645435818 ], [ -106.243013122536382, 31.814184257513194 ], [ -106.243164455283093, 31.814184868514204 ], [ -106.243315788087813, 31.81418548024002 ] ] ] } },
{ "type": "Feature", "properties": { "pidn": "T81999900600300", "district": 5, "zonelabel": "P-R 1", "state_cd_clean": "B2", "use_desc": "REAL, COMMERCIAL, APARTMENTS", "targetlotarea": 438013, "existing_units": 12, "footprint_sqft": 113078.52951, "interior_sqft": 195077.29951000001, "coverage_pct": 0.25816249634143279, "in_corridor": false, "in_historic": false, "context_type": "Suburban" }, "geometry": { "type": "Polygon", "coordinates": [ [ [ -106.244468031494449, 31.814547442060348 ], [ -106.246778101415885, 31.814556730523137 ], [ -106.246777953030858, 31.81453128229797 ], [ -106.246777878707093, 31.814518445750409 ], [ -106.24677777217218, 31.814500152998491 ], [ -106.246777632958725, 31.814476040098292 ], [ -106.246777398810579, 31.814435772551139 ], [ -106.246777393080862, 31.814434848900433 ], [ -106.246777337145062, 31.814425243850859 ], [ -106.24677682857093, 31.814337578496669 ], [ -106.246776712049353, 31.814317563911278 ], [ -106.246776057972909, 31.814204852993711 ], [ -106.24677590974575, 31.814179390307508 ], [ -106.246775797977136, 31.814160249743406 ], [ -106.246775371215008, 31.814086644342762 ], [ -106.24677471614315, 31.813973934363194 ], [ -106.246774029388604, 31.813855725701195 ], [ -106.246773375318526, 31.813743014762562 ], [ -106.246772672725271, 31.813622056750656 ], [ -106.246771954347892, 31.813498350294406 ], [ -106.246771300282745, 31.813385639339472 ], [ -106.246770597694763, 31.813264681310052 ], [ -106.246769910950462, 31.813146472614118 ], [ -106.24676925583546, 31.813033761691088 ], [ -106.246768911062489, 31.81297438871804 ], [ -106.246768522694893, 31.812907492766954 ], [ -106.246768516106869, 31.812906283762583 ], [ -106.24676003257521, 31.812906231192983 ], [ -106.246760021081641, 31.812904332413083 ], [ -106.246752704506278, 31.812904302685499 ], [ -106.246699557989146, 31.81290409017279 ], [ -106.246657765, 31.812903922645216 ], [ -106.246580140360948, 31.812903611125787 ], [ -106.24647690457347, 31.812903196055352 ], [ -106.246386761629054, 31.812902834516798 ], [ -106.246230955917099, 31.812902209294307 ], [ -106.245961243233069, 31.81290112576637 ], [ -106.245943107365079, 31.812901052847046 ], [ -106.24589367195648, 31.812900853847335 ], [ -106.245724133428453, 31.812900172722237 ], [ -106.245545399461022, 31.812899453907452 ], [ -106.245297638569113, 31.812898457393981 ], [ -106.245057618468522, 31.812897491735995 ], [ -106.244813710521697, 31.812896509855172 ], [ -106.244580593283644, 31.812895570270797 ], [ -106.244422669922926, 31.812895363294022 ], [ -106.244422684093465, 31.81289786615001 ], [ -106.244423471203532, 31.813033830394478 ], [ -106.244425172417706, 31.813328122924421 ], [ -106.244425888130195, 31.813451835706239 ], [ -106.244426603788455, 31.813575547581284 ], [ -106.244427318449965, 31.81369926039859 ], [ -106.244428034168038, 31.81382297316182 ], [ -106.24442874983184, 31.813946685018241 ], [ -106.244429465553637, 31.814070397769104 ], [ -106.244430180222594, 31.814194110561644 ], [ -106.244430895892037, 31.814317822399492 ], [ -106.244431608455372, 31.814441535275396 ], [ -106.244432204470016, 31.814544172396388 ], [ -106.244432348935831, 31.814547544473655 ], [ -106.24444070516445, 31.814547520797554 ], [ -106.244440707151242, 31.814547331951587 ], [ -106.244468031494449, 31.814547442060348 ] ] ] } },
{ "type": "Feature", "properties": { "pidn": null, "district": 5, "zonelabel": "P-R 1", "state_cd_clean": null, "use_desc": "Unknown", "targetlotarea": 74183, "existing_units": 0, "footprint_sqft": 0.0, "interior_sqft": 0.0, "coverage_pct": 0.0, "in_corridor": false, "in_historic": false, "context_type": "Suburban" }, "geometry": { "type": "Polygon", "coordinates": [ [ [ -106.243409291497372, 31.82051451935228 ], [ -106.243519974787006, 31.820556530725231 ], [ -106.24387908631293, 31.819828992335776 ], [ -106.243790770226326, 31.819805998063856 ], [ -106.243628736701268, 31.819763809748189 ], [ -106.243493097502693, 31.819728494077445 ], [ -106.243396643666443, 31.81970338001415 ], [ -106.243267860311605, 31.819702872141345 ], [ -106.243106880286874, 31.819702236481845 ], [ -106.242945900264317, 31.8197016006234 ], [ -106.242832779849834, 31.819888674026299 ], [ -106.242654244763187, 31.820183926960063 ], [ -106.243300602855015, 31.82046886800094 ], [ -106.243409291497372, 31.82051451935228 ] ] ] } },
{ "type": "Feature", "properties": { "pidn": null, "district": 5, "zonelabel": "P-R 1", "state_cd_clean": null, "use_desc": "Unknown", "targetlotarea": 77926, "existing_units": 0, "footprint_sqft": 0.0, "interior_sqft": 0.0, "coverage_pct": 0.0, "in_corridor": false, "in_historic": false, "context_type": "Suburban" }, "geometry": { "type": "Polygon", "coordinates": [ [ [ -106.244405704002133, 31.820750938882167 ], [ -106.244416912539833, 31.820751103603136 ], [ -106.244427984707514, 31.820749605521719 ], [ -106.24443858600138, 31.820746491438765 ], [ -106.244448392162141, 31.820741853749869 ], [ -106.244457109551988, 31.820735834938652 ], [ -106.244464471261125, 31.820728616013202 ], [ -106.244470255094669, 31.820720416591808 ], [ -106.244503733002077, 31.820545683851226 ], [ -106.244544721647387, 31.820372120932742 ], [ -106.244593164852958, 31.820199964291234 ], [ -106.244648997780416, 31.82002944716125 ], [ -106.244367280184449, 31.819956099241672 ], [ -106.244110619781011, 31.819889275050162 ], [ -106.24395280383925, 31.819848185276637 ], [ -106.24387908631293, 31.819828992335776 ], [ -106.243519974787006, 31.820556530725231 ], [ -106.243662340686043, 31.820604284204254 ], [ -106.243807279584686, 31.820646015997983 ], [ -106.243954442482107, 31.820681625440645 ], [ -106.244103473945813, 31.820711027513216 ], [ -106.244254015107941, 31.820734149998014 ], [ -106.244405704002133, 31.820750938882167 ] ] ] } },
{ "type": "Feature", "properties": { "pidn": "T82399902900400", "district": 5, "zonelabel": "P-R 1", "state_cd_clean": "A1", "use_desc": "REAL, RESIDENTIAL, SINGLE-FAMILY", "targetlotarea": 130206, "existing_units": 1, "footprint_sqft": 0.0, "interior_sqft": 0.0, "coverage_pct": 0.0, "in_corridor": false, "in_historic": false, "context_type": "Suburban" }, "geometry": { "type": "Polygon", "coordinates": [ [ [ -106.245993100878991, 31.820745397613265 ], [ -106.246005660623936, 31.820744432408095 ], [ -106.246017888055675, 31.820741800657693 ], [ -106.246029483713968, 31.820737568347276 ], [ -106.246040161099245, 31.820731839708209 ], [ -106.246049657107804, 31.820724754937846 ], [ -106.246057738304557, 31.820716489011311 ], [ -106.246064205859753, 31.820707246038335 ], [ -106.24606889937553, 31.82069725276747 ], [ -106.24607170509907, 31.820686754600612 ], [ -106.24607255253423, 31.820676012133976 ], [ -106.246058964211173, 31.819646828988493 ], [ -106.245839265405124, 31.819648943569305 ], [ -106.245658984501077, 31.819650677982029 ], [ -106.245457726665492, 31.819652614455229 ], [ -106.245227101724609, 31.819654833231212 ], [ -106.245157960737401, 31.819795368627275 ], [ -106.245095218747224, 31.81993807618494 ], [ -106.245038966239761, 31.820082744083223 ], [ -106.244989290201417, 31.820229155240412 ], [ -106.244946262853958, 31.820377093244876 ], [ -106.244909947758273, 31.820526338464763 ], [ -106.244880399813994, 31.820676668048417 ], [ -106.244879560615004, 31.820688495696231 ], [ -106.244881116021205, 31.820700270582392 ], [ -106.244885021890781, 31.820711640682543 ], [ -106.244891159867549, 31.820722268180297 ], [ -106.244899348320928, 31.82073183529257 ], [ -106.24490934207698, 31.820740056925565 ], [ -106.244920843414235, 31.820746687400646 ], [ -106.244933509009684, 31.820751530073402 ], [ -106.244946961709445, 31.820754439508502 ], [ -106.244960800582462, 31.820755330054361 ], [ -106.245687774016986, 31.820748336256109 ], [ -106.245692972856006, 31.82074828615383 ], [ -106.245993100878991, 31.820745397613265 ] ] ] } },
{ "type": "Feature", "properties": { "pidn": "M77099900A00100", "district": 5, "zonelabel": "C-4", "state_cd_clean": "F1", "use_desc": "COMM,ANY COMM OTHR THAN F2-F9", "targetlotarea": 480649, "existing_units": 0, "footprint_sqft": 119258.0, "interior_sqft": 238516.0, "coverage_pct": 0.24811868952187563, "in_corridor": false, "in_historic": false, "context_type": "Suburban" }, "geometry": { "type": "Polygon", "coordinates": [ [ [ -106.264907173255892, 31.764313262357017 ], [ -106.265588568382071, 31.763703419574689 ], [ -106.265185011414275, 31.763387324183054 ], [ -106.26507063035217, 31.763297731275635 ], [ -106.26506570548662, 31.762850396873283 ], [ -106.264144292216358, 31.762857759460303 ], [ -106.264144896554484, 31.762912927018355 ], [ -106.262976543374904, 31.762922251935183 ], [ -106.262978531608553, 31.763153850935321 ], [ -106.262979924896129, 31.76331615196073 ], [ -106.26298133758857, 31.763480862636538 ], [ -106.262982737470367, 31.763643996961587 ], [ -106.262984148944625, 31.763808501750926 ], [ -106.26298579893384, 31.764000795043486 ], [ -106.262987704133167, 31.764222904578094 ], [ -106.26298898032563, 31.764371599293284 ], [ -106.262918737383316, 31.764436204658089 ], [ -106.262879114131053, 31.764472646261098 ], [ -106.262853654736702, 31.764496062549451 ], [ -106.262839204948548, 31.764509351060077 ], [ -106.262835378146249, 31.764512871719631 ], [ -106.263819603359906, 31.765286603648065 ], [ -106.264709471441293, 31.764490201749521 ], [ -106.264662813380923, 31.764405252441097 ], [ -106.264812153737736, 31.76428181718185 ], [ -106.264907173255892, 31.764313262357017 ] ] ] } },
{ "type": "Feature", "properties": { "pidn": "X579999304A0200", "district": 5, "zonelabel": "C-4", "state_cd_clean": "J4", "use_desc": "UTILITIES/TELEPHONE COMPANIES", "targetlotarea": 222380, "existing_units": 0, "footprint_sqft": 16139.7002, "interior_sqft": 32279.4004, "coverage_pct": 0.072577121143987761, "in_corridor": false, "in_historic": false, "context_type": "Suburban" }, "geometry": { "type": "Polygon", "coordinates": [ [ [ -106.265139075082274, 31.764739851812102 ], [ -106.265594040796984, 31.765163054806941 ], [ -106.264929769431006, 31.765690590957728 ], [ -106.264911939065129, 31.765706892361955 ], [ -106.264876634253099, 31.765678587605148 ], [ -106.264446744329973, 31.766085874088247 ], [ -106.264463841210642, 31.766099273326279 ], [ -106.264387459738955, 31.766170353210434 ], [ -106.26437689360867, 31.766178459474606 ], [ -106.264535120515291, 31.766302443228124 ], [ -106.265529010096685, 31.767081225501261 ], [ -106.265549987798607, 31.767081269565221 ], [ -106.265623170203227, 31.767081422042615 ], [ -106.266020891867342, 31.767082250406212 ], [ -106.265981853951473, 31.765985931963069 ], [ -106.265835453821126, 31.765985627251663 ], [ -106.265803144145877, 31.765026578845802 ], [ -106.265700692250931, 31.765078349445151 ], [ -106.265243689536277, 31.7646523233777 ], [ -106.265139075082274, 31.764739851812102 ] ] ] } },
{ "type": "Feature", "properties": { "pidn": "X579999304A0200", "district": 5, "zonelabel": "C-4", "state_cd_clean": "J4", "use_desc": "UTILITIES/TELEPHONE COMPANIES", "targetlotarea": 222380, "existing_units": 0, "footprint_sqft": 16139.7002, "interior_sqft": 32279.4004, "coverage_pct": 0.072577121143987761, "in_corridor": false, "in_historic": false, "context_type": "Suburban" }, "geometry": { "type": "Polygon", "coordinates": [ [ [ -106.265139075082274, 31.764739851812102 ], [ -106.265594040796984, 31.765163054806941 ], [ -106.264929769431006, 31.765690590957728 ], [ -106.264911939065129, 31.765706892361955 ], [ -106.264876634253099, 31.765678587605148 ], [ -106.264446744329973, 31.766085874088247 ], [ -106.264463841210642, 31.766099273326279 ], [ -106.264387459738955, 31.766170353210434 ], [ -106.26437689360867, 31.766178459474606 ], [ -106.264535120515291, 31.766302443228124 ], [ -106.265529010096685, 31.767081225501261 ], [ -106.265549987798607, 31.767081269565221 ], [ -106.265623170203227, 31.767081422042615 ], [ -106.266020891867342, 31.767082250406212 ], [ -106.265981853951473, 31.765985931963069 ], [ -106.265835453821126, 31.765985627251663 ], [ -106.265803144145877, 31.765026578845802 ], [ -106.265700692250931, 31.765078349445151 ], [ -106.265243689536277, 31.7646523233777 ], [ -106.265139075082274, 31.764739851812102 ] ] ] } },
{ "type": "Feature", "properties": { "pidn": "X579999304A0200", "district": 5, "zonelabel": "C-4", "state_cd_clean": "J4", "use_desc": "UTILITIES/TELEPHONE COMPANIES", "targetlotarea": 222380, "existing_units": 0, "footprint_sqft": 16139.7002, "interior_sqft": 32279.4004, "coverage_pct": 0.072577121143987761, "in_corridor": false, "in_historic": false, "context_type": "Suburban" }, "geometry": { "type": "Polygon", "coordinates": [ [ [ -106.265139075082274, 31.764739851812102 ], [ -106.265594040796984, 31.765163054806941 ], [ -106.264929769431006, 31.765690590957728 ], [ -106.264911939065129, 31.765706892361955 ], [ -106.264876634253099, 31.765678587605148 ], [ -106.264446744329973, 31.766085874088247 ], [ -106.264463841210642, 31.766099273326279 ], [ -106.264387459738955, 31.766170353210434 ], [ -106.26437689360867, 31.766178459474606 ], [ -106.264535120515291, 31.766302443228124 ], [ -106.265529010096685, 31.767081225501261 ], [ -106.265549987798607, 31.767081269565221 ], [ -106.265623170203227, 31.767081422042615 ], [ -106.266020891867342, 31.767082250406212 ], [ -106.265981853951473, 31.765985931963069 ], [ -106.265835453821126, 31.765985627251663 ], [ -106.265803144145877, 31.765026578845802 ], [ -106.265700692250931, 31.765078349445151 ], [ -106.265243689536277, 31.7646523233777 ], [ -106.265139075082274, 31.764739851812102 ] ] ] } },
{ "type": "Feature", "properties": { "pidn": "X579999304A0200", "district": 5, "zonelabel": "C-4", "state_cd_clean": "J4", "use_desc": "UTILITIES/TELEPHONE COMPANIES", "targetlotarea": 222380, "existing_units": 0, "footprint_sqft": 16139.7002, "interior_sqft": 32279.4004, "coverage_pct": 0.072577121143987761, "in_corridor": false, "in_historic": false, "context_type": "Suburban" }, "geometry": { "type": "Polygon", "coordinates": [ [ [ -106.265139075082274, 31.764739851812102 ], [ -106.265594040796984, 31.765163054806941 ], [ -106.264929769431006, 31.765690590957728 ], [ -106.264911939065129, 31.765706892361955 ], [ -106.264876634253099, 31.765678587605148 ], [ -106.264446744329973, 31.766085874088247 ], [ -106.264463841210642, 31.766099273326279 ], [ -106.264387459738955, 31.766170353210434 ], [ -106.26437689360867, 31.766178459474606 ], [ -106.264535120515291, 31.766302443228124 ], [ -106.265529010096685, 31.767081225501261 ], [ -106.265549987798607, 31.767081269565221 ], [ -106.265623170203227, 31.767081422042615 ], [ -106.266020891867342, 31.767082250406212 ], [ -106.265981853951473, 31.765985931963069 ], [ -106.265835453821126, 31.765985627251663 ], [ -106.265803144145877, 31.765026578845802 ], [ -106.265700692250931, 31.765078349445151 ], [ -106.265243689536277, 31.7646523233777 ], [ -106.265139075082274, 31.764739851812102 ] ] ] } },
{ "type": "Feature", "properties": { "pidn": "X57999923700830", "district": 5, "zonelabel": "C-3", "state_cd_clean": "C10", "use_desc": "REAL, VACANT PLATTED COMMERCIAL LOT", "targetlotarea": 506080, "existing_units": 0, "footprint_sqft": 0.0, "interior_sqft": 0.0, "coverage_pct": 0.0, "in_corridor": false, "in_historic": false, "context_type": "Suburban" }, "geometry": { "type": "Polygon", "coordinates": [ [ [ -106.213931503133651, 31.783701440045245 ], [ -106.215591409593415, 31.783699528869093 ], [ -106.216493877145638, 31.783698577076368 ], [ -106.216490551433793, 31.783526731348811 ], [ -106.21655513271908, 31.783527290050319 ], [ -106.216539260583829, 31.78235529855872 ], [ -106.216541388576388, 31.782339904091014 ], [ -106.216540448241744, 31.78232442348521 ], [ -106.21653646387837, 31.782309299986249 ], [ -106.216529551121539, 31.782294966386765 ], [ -106.216519907838816, 31.782281834601235 ], [ -106.216509679305702, 31.782273931350232 ], [ -106.216498069447496, 31.78226757260715 ], [ -106.216485392413148, 31.78226293111608 ], [ -106.216471995519882, 31.782260134770688 ], [ -106.216458241769828, 31.782259257470603 ], [ -106.215974814316539, 31.782259750328723 ], [ -106.215795295375173, 31.782262605218317 ], [ -106.215616117914649, 31.782272489793343 ], [ -106.215437660125133, 31.782289382439782 ], [ -106.215260296197499, 31.782313248179662 ], [ -106.215084401427987, 31.782344035730315 ], [ -106.214910342952692, 31.782381681536286 ], [ -106.214738490124034, 31.782426106590318 ], [ -106.21456920180313, 31.782477216104937 ], [ -106.214402836128357, 31.782534903586381 ], [ -106.214239741801791, 31.782599046712583 ], [ -106.212212119447145, 31.783471400148063 ], [ -106.212042787166766, 31.783539041891416 ], [ -106.211870090472317, 31.783600163952652 ], [ -106.211857217701834, 31.783605832016452 ], [ -106.211845672382736, 31.783613301464211 ], [ -106.211835797062363, 31.783622350001803 ], [ -106.21182788394249, 31.783632710646742 ], [ -106.211822166722996, 31.783644076612319 ], [ -106.211818814889298, 31.783656111500257 ], [ -106.21181792688931, 31.78366845864014 ], [ -106.211819529859739, 31.783680753745891 ], [ -106.21182357685322, 31.783692631362534 ], [ -106.21182994678783, 31.783703741125468 ], [ -106.213428693225424, 31.783701993551936 ], [ -106.21342724417849, 31.783589084903859 ], [ -106.213930053321903, 31.783588528700935 ], [ -106.213931503133651, 31.783701440045245 ] ] ] } },
{ "type": "Feature", "properties": { "pidn": "X57999923700830", "district": 5, "zonelabel": "C-3", "state_cd_clean": "C10", "use_desc": "REAL, VACANT PLATTED COMMERCIAL LOT", "targetlotarea": 506080, "existing_units": 0, "footprint_sqft": 0.0, "interior_sqft": 0.0, "coverage_pct": 0.0, "in_corridor": false, "in_historic": false, "context_type": "Suburban" }, "geometry": { "type": "Polygon", "coordinates": [ [ [ -106.213931503133651, 31.783701440045245 ], [ -106.215591409593415, 31.783699528869093 ], [ -106.216493877145638, 31.783698577076368 ], [ -106.216490551433793, 31.783526731348811 ], [ -106.21655513271908, 31.783527290050319 ], [ -106.216539260583829, 31.78235529855872 ], [ -106.216541388576388, 31.782339904091014 ], [ -106.216540448241744, 31.78232442348521 ], [ -106.21653646387837, 31.782309299986249 ], [ -106.216529551121539, 31.782294966386765 ], [ -106.216519907838816, 31.782281834601235 ], [ -106.216509679305702, 31.782273931350232 ], [ -106.216498069447496, 31.78226757260715 ], [ -106.216485392413148, 31.78226293111608 ], [ -106.216471995519882, 31.782260134770688 ], [ -106.216458241769828, 31.782259257470603 ], [ -106.215974814316539, 31.782259750328723 ], [ -106.215795295375173, 31.782262605218317 ], [ -106.215616117914649, 31.782272489793343 ], [ -106.215437660125133, 31.782289382439782 ], [ -106.215260296197499, 31.782313248179662 ], [ -106.215084401427987, 31.782344035730315 ], [ -106.214910342952692, 31.782381681536286 ], [ -106.214738490124034, 31.782426106590318 ], [ -106.21456920180313, 31.782477216104937 ], [ -106.214402836128357, 31.782534903586381 ], [ -106.214239741801791, 31.782599046712583 ], [ -106.212212119447145, 31.783471400148063 ], [ -106.212042787166766, 31.783539041891416 ], [ -106.211870090472317, 31.783600163952652 ], [ -106.211857217701834, 31.783605832016452 ], [ -106.211845672382736, 31.783613301464211 ], [ -106.211835797062363, 31.783622350001803 ], [ -106.21182788394249, 31.783632710646742 ], [ -106.211822166722996, 31.783644076612319 ], [ -106.211818814889298, 31.783656111500257 ], [ -106.21181792688931, 31.78366845864014 ], [ -106.211819529859739, 31.783680753745891 ], [ -106.21182357685322, 31.783692631362534 ], [ -106.21182994678783, 31.783703741125468 ], [ -106.213428693225424, 31.783701993551936 ], [ -106.21342724417849, 31.783589084903859 ], [ -106.213930053321903, 31.783588528700935 ], [ -106.213931503133651, 31.783701440045245 ] ] ] } },
{ "type": "Feature", "properties": { "pidn": "X57999923700830", "district": 5, "zonelabel": "C-3", "state_cd_clean": "C10", "use_desc": "REAL, VACANT PLATTED COMMERCIAL LOT", "targetlotarea": 506080, "existing_units": 0, "footprint_sqft": 0.0, "interior_sqft": 0.0, "coverage_pct": 0.0, "in_corridor": false, "in_historic": false, "context_type": "Suburban" }, "geometry": { "type": "Polygon", "coordinates": [ [ [ -106.213931503133651, 31.783701440045245 ], [ -106.215591409593415, 31.783699528869093 ], [ -106.216493877145638, 31.783698577076368 ], [ -106.216490551433793, 31.783526731348811 ], [ -106.21655513271908, 31.783527290050319 ], [ -106.216539260583829, 31.78235529855872 ], [ -106.216541388576388, 31.782339904091014 ], [ -106.216540448241744, 31.78232442348521 ], [ -106.21653646387837, 31.782309299986249 ], [ -106.216529551121539, 31.782294966386765 ], [ -106.216519907838816, 31.782281834601235 ], [ -106.216509679305702, 31.782273931350232 ], [ -106.216498069447496, 31.78226757260715 ], [ -106.216485392413148, 31.78226293111608 ], [ -106.216471995519882, 31.782260134770688 ], [ -106.216458241769828, 31.782259257470603 ], [ -106.215974814316539, 31.782259750328723 ], [ -106.215795295375173, 31.782262605218317 ], [ -106.215616117914649, 31.782272489793343 ], [ -106.215437660125133, 31.782289382439782 ], [ -106.215260296197499, 31.782313248179662 ], [ -106.215084401427987, 31.782344035730315 ], [ -106.214910342952692, 31.782381681536286 ], [ -106.214738490124034, 31.782426106590318 ], [ -106.21456920180313, 31.782477216104937 ], [ -106.214402836128357, 31.782534903586381 ], [ -106.214239741801791, 31.782599046712583 ], [ -106.212212119447145, 31.783471400148063 ], [ -106.212042787166766, 31.783539041891416 ], [ -106.211870090472317, 31.783600163952652 ], [ -106.211857217701834, 31.783605832016452 ], [ -106.211845672382736, 31.783613301464211 ], [ -106.211835797062363, 31.783622350001803 ], [ -106.21182788394249, 31.783632710646742 ], [ -106.211822166722996, 31.783644076612319 ], [ -106.211818814889298, 31.783656111500257 ], [ -106.21181792688931, 31.78366845864014 ], [ -106.211819529859739, 31.783680753745891 ], [ -106.21182357685322, 31.783692631362534 ], [ -106.21182994678783, 31.783703741125468 ], [ -106.213428693225424, 31.783701993551936 ], [ -106.21342724417849, 31.783589084903859 ], [ -106.213930053321903, 31.783588528700935 ], [ -106.213931503133651, 31.783701440045245 ] ] ] } },
{ "type": "Feature", "properties": { "pidn": "X57999923700830", "district": 5, "zonelabel": "C-3", "state_cd_clean": "C10", "use_desc": "REAL, VACANT PLATTED COMMERCIAL LOT", "targetlotarea": 506080, "existing_units": 0, "footprint_sqft": 0.0, "interior_sqft": 0.0, "coverage_pct": 0.0, "in_corridor": false, "in_historic": false, "context_type": "Suburban" }, "geometry": { "type": "Polygon", "coordinates": [ [ [ -106.213931503133651, 31.783701440045245 ], [ -106.215591409593415, 31.783699528869093 ], [ -106.216493877145638, 31.783698577076368 ], [ -106.216490551433793, 31.783526731348811 ], [ -106.21655513271908, 31.783527290050319 ], [ -106.216539260583829, 31.78235529855872 ], [ -106.216541388576388, 31.782339904091014 ], [ -106.216540448241744, 31.78232442348521 ], [ -106.21653646387837, 31.782309299986249 ], [ -106.216529551121539, 31.782294966386765 ], [ -106.216519907838816, 31.782281834601235 ], [ -106.216509679305702, 31.782273931350232 ], [ -106.216498069447496, 31.78226757260715 ], [ -106.216485392413148, 31.78226293111608 ], [ -106.216471995519882, 31.782260134770688 ], [ -106.216458241769828, 31.782259257470603 ], [ -106.215974814316539, 31.782259750328723 ], [ -106.215795295375173, 31.782262605218317 ], [ -106.215616117914649, 31.782272489793343 ], [ -106.215437660125133, 31.782289382439782 ], [ -106.215260296197499, 31.782313248179662 ], [ -106.215084401427987, 31.782344035730315 ], [ -106.214910342952692, 31.782381681536286 ], [ -106.214738490124034, 31.782426106590318 ], [ -106.21456920180313, 31.782477216104937 ], [ -106.214402836128357, 31.782534903586381 ], [ -106.214239741801791, 31.782599046712583 ], [ -106.212212119447145, 31.783471400148063 ], [ -106.212042787166766, 31.783539041891416 ], [ -106.211870090472317, 31.783600163952652 ], [ -106.211857217701834, 31.783605832016452 ], [ -106.211845672382736, 31.783613301464211 ], [ -106.211835797062363, 31.783622350001803 ], [ -106.21182788394249, 31.783632710646742 ], [ -106.211822166722996, 31.783644076612319 ], [ -106.211818814889298, 31.783656111500257 ], [ -106.21181792688931, 31.78366845864014 ], [ -106.211819529859739, 31.783680753745891 ], [ -106.21182357685322, 31.783692631362534 ], [ -106.21182994678783, 31.783703741125468 ], [ -106.213428693225424, 31.783701993551936 ], [ -106.21342724417849, 31.783589084903859 ], [ -106.213930053321903, 31.783588528700935 ], [ -106.213931503133651, 31.783701440045245 ] ] ] } },
{ "type": "Feature", "properties": { "pidn": "X57999923700830", "district": 5, "zonelabel": "C-3", "state_cd_clean": "C10", "use_desc": "REAL, VACANT PLATTED COMMERCIAL LOT", "targetlotarea": 506080, "existing_units": 0, "footprint_sqft": 0.0, "interior_sqft": 0.0, "coverage_pct": 0.0, "in_corridor": false, "in_historic": false, "context_type": "Suburban" }, "geometry": { "type": "Polygon", "coordinates": [ [ [ -106.213931503133651, 31.783701440045245 ], [ -106.215591409593415, 31.783699528869093 ], [ -106.216493877145638, 31.783698577076368 ], [ -106.216490551433793, 31.783526731348811 ], [ -106.21655513271908, 31.783527290050319 ], [ -106.216539260583829, 31.78235529855872 ], [ -106.216541388576388, 31.782339904091014 ], [ -106.216540448241744, 31.78232442348521 ], [ -106.21653646387837, 31.782309299986249 ], [ -106.216529551121539, 31.782294966386765 ], [ -106.216519907838816, 31.782281834601235 ], [ -106.216509679305702, 31.782273931350232 ], [ -106.216498069447496, 31.78226757260715 ], [ -106.216485392413148, 31.78226293111608 ], [ -106.216471995519882, 31.782260134770688 ], [ -106.216458241769828, 31.782259257470603 ], [ -106.215974814316539, 31.782259750328723 ], [ -106.215795295375173, 31.782262605218317 ], [ -106.215616117914649, 31.782272489793343 ], [ -106.215437660125133, 31.782289382439782 ], [ -106.215260296197499, 31.782313248179662 ], [ -106.215084401427987, 31.782344035730315 ], [ -106.214910342952692, 31.782381681536286 ], [ -106.214738490124034, 31.782426106590318 ], [ -106.21456920180313, 31.782477216104937 ], [ -106.214402836128357, 31.782534903586381 ], [ -106.214239741801791, 31.782599046712583 ], [ -106.212212119447145, 31.783471400148063 ], [ -106.212042787166766, 31.783539041891416 ], [ -106.211870090472317, 31.783600163952652 ], [ -106.211857217701834, 31.783605832016452 ], [ -106.211845672382736, 31.783613301464211 ], [ -106.211835797062363, 31.783622350001803 ], [ -106.21182788394249, 31.783632710646742 ], [ -106.211822166722996, 31.783644076612319 ], [ -106.211818814889298, 31.783656111500257 ], [ -106.21181792688931, 31.78366845864014 ], [ -106.211819529859739, 31.783680753745891 ], [ -106.21182357685322, 31.783692631362534 ], [ -106.21182994678783, 31.783703741125468 ], [ -106.213428693225424, 31.783701993551936 ], [ -106.21342724417849, 31.783589084903859 ], [ -106.213930053321903, 31.783588528700935 ], [ -106.213931503133651, 31.783701440045245 ] ] ] } },
{ "type": "Feature", "properties": { "pidn": null, "district": 5, "zonelabel": "C-2", "state_cd_clean": null, "use_desc": "Unknown", "targetlotarea": 74410, "existing_units": 0, "footprint_sqft": 0.0, "interior_sqft": 0.0, "coverage_pct": 0.0, "in_corridor": false, "in_historic": false, "context_type": "Suburban" }, "geometry": { "type": "Polygon", "coordinates": [ [ [ -106.213428693225424, 31.783701993551936 ], [ -106.21182994678783, 31.783703741125468 ], [ -106.21199181174913, 31.784102920700768 ], [ -106.212004519368975, 31.784138499031492 ], [ -106.212004791065667, 31.784138498496421 ], [ -106.213434276618315, 31.78413692880358 ], [ -106.213428693225424, 31.783701993551936 ] ] ] } },
{ "type": "Feature", "properties": { "pidn": "H80699900400140", "district": 5, "zonelabel": "C-4", "state_cd_clean": "F1", "use_desc": "COMM,ANY COMM OTHR THAN F2-F9", "targetlotarea": 30049, "existing_units": 0, "footprint_sqft": 1556.81995, "interior_sqft": 3113.6399, "coverage_pct": 0.051809376351958467, "in_corridor": false, "in_historic": false, "context_type": "Suburban" }, "geometry": { "type": "Polygon", "coordinates": [ [ [ -106.267511661690463, 31.793090235948327 ], [ -106.266718246506585, 31.793126800175244 ], [ -106.2667422782486, 31.793458674172662 ], [ -106.267527946372198, 31.793430147281398 ], [ -106.267511661690463, 31.793090235948327 ] ] ] } },
{ "type": "Feature", "properties": { "pidn": "H80699900400140", "district": 5, "zonelabel": "C-4", "state_cd_clean": "F1", "use_desc": "COMM,ANY COMM OTHR THAN F2-F9", "targetlotarea": 45651, "existing_units": 0, "footprint_sqft": 1556.81995, "interior_sqft": 3113.6399, "coverage_pct": 0.034102647258548557, "in_corridor": false, "in_historic": false, "context_type": "Suburban" }, "geometry": { "type": "Polygon", "coordinates": [ [ [ -106.267527946372198, 31.793430147281398 ], [ -106.2667422782486, 31.793458674172662 ], [ -106.266765203098331, 31.793912652769535 ], [ -106.266768212139468, 31.793972242098828 ], [ -106.267552553003839, 31.793943763135712 ], [ -106.267527946372198, 31.793430147281398 ] ] ] } },
{ "type": "Feature", "properties": { "pidn": "T28799913703100", "district": 5, "zonelabel": "R-5", "state_cd_clean": "A1", "use_desc": "REAL, RESIDENTIAL, SINGLE-FAMILY", "targetlotarea": 87915, "existing_units": 1, "footprint_sqft": 0.0, "interior_sqft": 0.0, "coverage_pct": 0.0, "in_corridor": true, "in_historic": false, "context_type": "Suburban" }, "geometry": { "type": "Polygon", "coordinates": [ [ [ -106.247710752428759, 31.795968055657358 ], [ -106.247715202453819, 31.795968771898025 ], [ -106.247961172909626, 31.795844143324558 ], [ -106.248211024339724, 31.795725278737144 ], [ -106.248464570910343, 31.795612266943021 ], [ -106.248245152102498, 31.795207835800831 ], [ -106.248095080771876, 31.794931221951458 ], [ -106.2474098278783, 31.795247299807166 ], [ -106.24712666541879, 31.795398914791132 ], [ -106.247501188525362, 31.795885881295717 ], [ -106.247504457779755, 31.795883515486313 ], [ -106.247517868790837, 31.795900660905755 ], [ -106.24753406089728, 31.795915955818153 ], [ -106.247552689107351, 31.795929073610264 ], [ -106.247573354180233, 31.795939733485092 ], [ -106.247595618062249, 31.795947710598888 ], [ -106.247619003662422, 31.795952832458415 ], [ -106.247710752428759, 31.795968055657358 ] ] ] } },
{ "type": "Feature", "properties": { "pidn": "T28799913800100", "district": 5, "zonelabel": "C-1", "state_cd_clean": "A1", "use_desc": "REAL, RESIDENTIAL, SINGLE-FAMILY", "targetlotarea": 40207, "existing_units": 1, "footprint_sqft": 0.0, "interior_sqft": 0.0, "coverage_pct": 0.0, "in_corridor": true, "in_historic": false, "context_type": "Suburban" }, "geometry": { "type": "Polygon", "coordinates": [ [ [ -106.246818722745203, 31.79557936916455 ], [ -106.246658588305777, 31.795677373587715 ], [ -106.246589085347239, 31.795720499808084 ], [ -106.247087275100213, 31.796349454104664 ], [ -106.247216311659471, 31.796269498469467 ], [ -106.247352171458189, 31.796177843019215 ], [ -106.247358818612497, 31.796173361158971 ], [ -106.247378839596848, 31.79608150897629 ], [ -106.247381693194271, 31.796059776940854 ], [ -106.247380845315249, 31.796037920512706 ], [ -106.247376314921581, 31.796016396725015 ], [ -106.247368195674397, 31.795995656506228 ], [ -106.247355406107033, 31.795963807613006 ], [ -106.247358543988952, 31.795960775837841 ], [ -106.246986691895984, 31.795477279382027 ], [ -106.246818722745203, 31.79557936916455 ] ] ] } },
{ "type": "Feature", "properties": { "pidn": "H806999004001B0", "district": 5, "zonelabel": "C-4", "state_cd_clean": "F1", "use_desc": "COMM,ANY COMM OTHR THAN F2-F9", "targetlotarea": 60153, "existing_units": 0, "footprint_sqft": 7188.18018, "interior_sqft": 14376.36036, "coverage_pct": 0.11949828237993118, "in_corridor": false, "in_historic": false, "context_type": "Suburban" }, "geometry": { "type": "Polygon", "coordinates": [ [ [ -106.266864801903083, 31.796363532729355 ], [ -106.26686540551178, 31.796363512430961 ], [ -106.266888883094296, 31.796362725478581 ], [ -106.267668856735085, 31.796336571905407 ], [ -106.267655292873926, 31.796088214268355 ], [ -106.267635455263402, 31.795674152831232 ], [ -106.266867288143629, 31.795702044045552 ], [ -106.26683170569936, 31.795703336001633 ], [ -106.266864801903083, 31.796363532729355 ] ] ] } },
{ "type": "Feature", "properties": { "pidn": null, "district": 5, "zonelabel": "C-4", "state_cd_clean": null, "use_desc": "Unknown", "targetlotarea": 85082, "existing_units": 0, "footprint_sqft": 0.0, "interior_sqft": 0.0, "coverage_pct": 0.0, "in_corridor": false, "in_historic": false, "context_type": "Suburban" }, "geometry": { "type": "Polygon", "coordinates": [ [ [ -106.266623432850864, 31.798926426832107 ], [ -106.267117256736398, 31.79891855990196 ], [ -106.267118456551572, 31.798973578574852 ], [ -106.267639284732397, 31.798965330878012 ], [ -106.267716629568341, 31.798964058866417 ], [ -106.267703220688233, 31.798340368122012 ], [ -106.267701819928789, 31.798328822863869 ], [ -106.267698166340679, 31.798317644064248 ], [ -106.267692362276946, 31.79830714948119 ], [ -106.267684573400828, 31.798297637728727 ], [ -106.267675021908587, 31.798289381360686 ], [ -106.267663980468413, 31.798282614502988 ], [ -106.267651763615859, 31.798277530536748 ], [ -106.267638718810915, 31.798274274377565 ], [ -106.26762201068415, 31.798272910300366 ], [ -106.267462773953937, 31.798274187625616 ], [ -106.267303536012619, 31.798273111192913 ], [ -106.266955522953367, 31.798250216164522 ], [ -106.266608133684414, 31.798221225290852 ], [ -106.266623432850864, 31.798926426832107 ] ] ] } },
{ "type": "Feature", "properties": { "pidn": "X57900030300020", "district": 5, "zonelabel": "R-5", "state_cd_clean": "E", "use_desc": "RURAL LND, NON- QUALIFIED OP-SPACE APPRL & RES IM", "targetlotarea": 9967, "existing_units": 0, "footprint_sqft": 0.0, "interior_sqft": 0.0, "coverage_pct": 0.0, "in_corridor": false, "in_historic": false, "context_type": "Suburban" }, "geometry": { "type": "Polygon", "coordinates": [ [ [ -106.233924796089269, 31.769342824427884 ], [ -106.233925357355417, 31.76952070406119 ], [ -106.234065035327333, 31.769506386423949 ], [ -106.23420361859182, 31.769485715863748 ], [ -106.234340712154776, 31.769458750038833 ], [ -106.234475923365181, 31.769425567275125 ], [ -106.234608867960546, 31.769386261776365 ], [ -106.234739163854158, 31.769340945711988 ], [ -106.234650734462903, 31.769341150456125 ], [ -106.233924796089269, 31.769342824427884 ] ] ] } },
{ "type": "Feature", "properties": { "pidn": "M77099900100300", "district": 5, "zonelabel": "C-4", "state_cd_clean": "F1", "use_desc": "COMM,ANY COMM OTHR THAN F2-F9", "targetlotarea": 30564, "existing_units": 0, "footprint_sqft": 21378.3008, "interior_sqft": 42756.6016, "coverage_pct": 0.69946017536971605, "in_corridor": false, "in_historic": false, "context_type": "Suburban" }, "geometry": { "type": "Polygon", "coordinates": [ [ [ -106.264662813380923, 31.764405252441097 ], [ -106.264709471441293, 31.764490201749521 ], [ -106.263819603359906, 31.765286603648065 ], [ -106.263916395074943, 31.765362693444406 ], [ -106.263909616089606, 31.765368995901305 ], [ -106.265659717106956, 31.763759147902789 ], [ -106.265588568382071, 31.763703419574689 ], [ -106.264907173255892, 31.764313262357017 ], [ -106.264812153737736, 31.76428181718185 ], [ -106.264662813380923, 31.764405252441097 ] ] ] } },
{ "type": "Feature", "properties": { "pidn": "H80699900400140", "district": 5, "zonelabel": "C-4", "state_cd_clean": "F1", "use_desc": "COMM,ANY COMM OTHR THAN F2-F9", "targetlotarea": 65019, "existing_units": 0, "footprint_sqft": 1556.81995, "interior_sqft": 3113.6399, "coverage_pct": 0.023944077115919962, "in_corridor": false, "in_historic": false, "context_type": "Suburban" }, "geometry": { "type": "Polygon", "coordinates": [ [ [ -106.267490441249592, 31.792647302716503 ], [ -106.267263710687288, 31.792470216114172 ], [ -106.267263595254207, 31.792460301116421 ], [ -106.26722560535616, 31.792460614722959 ], [ -106.266328630766935, 31.792468021152057 ], [ -106.266337438403639, 31.792520588709504 ], [ -106.266345253402946, 31.792556632240352 ], [ -106.266360277061082, 31.792590968866847 ], [ -106.266382053988622, 31.792622555434189 ], [ -106.26640992152501, 31.792650433199533 ], [ -106.266443033569686, 31.792673753840457 ], [ -106.266480384638953, 31.792691809065605 ], [ -106.266639456737593, 31.792745396769789 ], [ -106.266654101992444, 31.792752480749527 ], [ -106.266667083945961, 31.792761629320079 ], [ -106.266678008755946, 31.792772564205709 ], [ -106.266686544745625, 31.792784952816085 ], [ -106.266692431571229, 31.79279841956949 ], [ -106.266695491385292, 31.79281255531815 ], [ -106.266718246506585, 31.793126800175244 ], [ -106.267511661690463, 31.793090235948327 ], [ -106.267490441249592, 31.792647302716503 ] ] ] } },
{ "type": "Feature", "properties": { "pidn": "E24299900100170", "district": 5, "zonelabel": "C-1", "state_cd_clean": "F1", "use_desc": "COMM,ANY COMM OTHR THAN F2-F9", "targetlotarea": 877, "existing_units": 0, "footprint_sqft": 10398.7002, "interior_sqft": 10398.7002, "coverage_pct": 11.857126795895097, "in_corridor": true, "in_historic": false, "context_type": "Suburban" }, "geometry": { "type": "Polygon", "coordinates": [ [ [ -106.247368195674397, 31.795995656506228 ], [ -106.247376314921581, 31.796016396725015 ], [ -106.247380845315249, 31.796037920512706 ], [ -106.247381693194271, 31.796059776940854 ], [ -106.247378839596848, 31.79608150897629 ], [ -106.247358818612497, 31.796173361158971 ], [ -106.247404166263422, 31.796142766189547 ], [ -106.247414841663073, 31.796135286142302 ], [ -106.247423862765501, 31.796126356769935 ], [ -106.247430962625842, 31.796116242182876 ], [ -106.24743593343014, 31.796105239026545 ], [ -106.247438628379413, 31.796093672783655 ], [ -106.247438968173356, 31.796081883028801 ], [ -106.247436942726168, 31.796070217028255 ], [ -106.247432612602111, 31.796059018837429 ], [ -106.247426103013609, 31.796048617832458 ], [ -106.247358543988952, 31.795960775837841 ], [ -106.247355406107033, 31.795963807613006 ], [ -106.247368195674397, 31.795995656506228 ] ] ] } },
{ "type": "Feature", "properties": { "pidn": "H806999004001B0", "district": 5, "zonelabel": "C-4", "state_cd_clean": "F1", "use_desc": "COMM,ANY COMM OTHR THAN F2-F9", "targetlotarea": 32498, "existing_units": 0, "footprint_sqft": 7188.18018, "interior_sqft": 14376.36036, "coverage_pct": 0.2211883863622377, "in_corridor": false, "in_historic": false, "context_type": "Suburban" }, "geometry": { "type": "Polygon", "coordinates": [ [ [ -106.26686540551178, 31.796363512430961 ], [ -106.266869155590257, 31.796720464793992 ], [ -106.267676016274166, 31.79669347818173 ], [ -106.267675992295281, 31.796690557571033 ], [ -106.267675957441284, 31.79669055825741 ], [ -106.267668856735085, 31.796336571905407 ], [ -106.266888883094296, 31.796362725478581 ], [ -106.26686540551178, 31.796363512430961 ] ] ] } },
{ "type": "Feature", "properties": { "pidn": "X57999924600900", "district": 5, "zonelabel": "C-3", "state_cd_clean": "C10", "use_desc": "REAL, VACANT PLATTED COMMERCIAL LOT", "targetlotarea": 0, "existing_units": 0, "footprint_sqft": 0.0, "interior_sqft": 0.0, "coverage_pct": 0.0, "in_corridor": false, "in_historic": false, "context_type": "Suburban" }, "geometry": { "type": "MultiPolygon", "coordinates": [ [ [ [ -106.245177829205375, 31.783695464821541 ], [ -106.245177205000545, 31.783695441704499 ], [ -106.24517744284519, 31.783695610624036 ], [ -106.245177829205375, 31.783695464821541 ] ] ], [ [ [ -106.245178618728985, 31.783695493974097 ], [ -106.245177999851904, 31.783695471518133 ], [ -106.245178103559439, 31.783695625760146 ], [ -106.245178618728985, 31.783695493974097 ] ] ], [ [ [ -106.245179179336702, 31.783695514562005 ], [ -106.24517876284871, 31.783695499166594 ], [ -106.24517890150652, 31.783695637370162 ], [ -106.245179179336702, 31.783695514562005 ] ] ], [ [ [ -106.245177999851904, 31.783695471518133 ], [ -106.245177962467423, 31.783695414512085 ], [ -106.245177829205375, 31.783695464821541 ], [ -106.245177999851904, 31.783695471518133 ] ] ], [ [ [ -106.24517876284871, 31.783695499166594 ], [ -106.245178729031096, 31.783695465480378 ], [ -106.245178618728985, 31.783695493974097 ], [ -106.24517876284871, 31.783695499166594 ] ] ] ] } },
{ "type": "Feature", "properties": { "pidn": "X57999924600900", "district": 5, "zonelabel": "C-3", "state_cd_clean": "C10", "use_desc": "REAL, VACANT PLATTED COMMERCIAL LOT", "targetlotarea": 0, "existing_units": 0, "footprint_sqft": 0.0, "interior_sqft": 0.0, "coverage_pct": 0.0, "in_corridor": false, "in_historic": false, "context_type": "Suburban" }, "geometry": { "type": "MultiPolygon", "coordinates": [ [ [ [ -106.245177829205375, 31.783695464821541 ], [ -106.245177205000545, 31.783695441704499 ], [ -106.24517744284519, 31.783695610624036 ], [ -106.245177829205375, 31.783695464821541 ] ] ], [ [ [ -106.245178618728985, 31.783695493974097 ], [ -106.245177999851904, 31.783695471518133 ], [ -106.245178103559439, 31.783695625760146 ], [ -106.245178618728985, 31.783695493974097 ] ] ], [ [ [ -106.245179179336702, 31.783695514562005 ], [ -106.24517876284871, 31.783695499166594 ], [ -106.24517890150652, 31.783695637370162 ], [ -106.245179179336702, 31.783695514562005 ] ] ], [ [ [ -106.245177999851904, 31.783695471518133 ], [ -106.245177962467423, 31.783695414512085 ], [ -106.245177829205375, 31.783695464821541 ], [ -106.245177999851904, 31.783695471518133 ] ] ], [ [ [ -106.24517876284871, 31.783695499166594 ], [ -106.245178729031096, 31.783695465480378 ], [ -106.245178618728985, 31.783695493974097 ], [ -106.24517876284871, 31.783695499166594 ] ] ] ] } },
{ "type": "Feature", "properties": { "pidn": "X57999924600900", "district": 5, "zonelabel": "C-3", "state_cd_clean": "C10", "use_desc": "REAL, VACANT PLATTED COMMERCIAL LOT", "targetlotarea": 0, "existing_units": 0, "footprint_sqft": 0.0, "interior_sqft": 0.0, "coverage_pct": 0.0, "in_corridor": false, "in_historic": false, "context_type": "Suburban" }, "geometry": { "type": "MultiPolygon", "coordinates": [ [ [ [ -106.245177829205375, 31.783695464821541 ], [ -106.245177205000545, 31.783695441704499 ], [ -106.24517744284519, 31.783695610624036 ], [ -106.245177829205375, 31.783695464821541 ] ] ], [ [ [ -106.245178618728985, 31.783695493974097 ], [ -106.245177999851904, 31.783695471518133 ], [ -106.245178103559439, 31.783695625760146 ], [ -106.245178618728985, 31.783695493974097 ] ] ], [ [ [ -106.245179179336702, 31.783695514562005 ], [ -106.24517876284871, 31.783695499166594 ], [ -106.24517890150652, 31.783695637370162 ], [ -106.245179179336702, 31.783695514562005 ] ] ], [ [ [ -106.245177999851904, 31.783695471518133 ], [ -106.245177962467423, 31.783695414512085 ], [ -106.245177829205375, 31.783695464821541 ], [ -106.245177999851904, 31.783695471518133 ] ] ], [ [ [ -106.24517876284871, 31.783695499166594 ], [ -106.245178729031096, 31.783695465480378 ], [ -106.245178618728985, 31.783695493974097 ], [ -106.24517876284871, 31.783695499166594 ] ] ] ] } },
{ "type": "Feature", "properties": { "pidn": "X57999924600900", "district": 5, "zonelabel": "C-3", "state_cd_clean": "C10", "use_desc": "REAL, VACANT PLATTED COMMERCIAL LOT", "targetlotarea": 0, "existing_units": 0, "footprint_sqft": 0.0, "interior_sqft": 0.0, "coverage_pct": 0.0, "in_corridor": false, "in_historic": false, "context_type": "Suburban" }, "geometry": { "type": "MultiPolygon", "coordinates": [ [ [ [ -106.245177829205375, 31.783695464821541 ], [ -106.245177205000545, 31.783695441704499 ], [ -106.24517744284519, 31.783695610624036 ], [ -106.245177829205375, 31.783695464821541 ] ] ], [ [ [ -106.245178618728985, 31.783695493974097 ], [ -106.245177999851904, 31.783695471518133 ], [ -106.245178103559439, 31.783695625760146 ], [ -106.245178618728985, 31.783695493974097 ] ] ], [ [ [ -106.245179179336702, 31.783695514562005 ], [ -106.24517876284871, 31.783695499166594 ], [ -106.24517890150652, 31.783695637370162 ], [ -106.245179179336702, 31.783695514562005 ] ] ], [ [ [ -106.245177999851904, 31.783695471518133 ], [ -106.245177962467423, 31.783695414512085 ], [ -106.245177829205375, 31.783695464821541 ], [ -106.245177999851904, 31.783695471518133 ] ] ], [ [ [ -106.24517876284871, 31.783695499166594 ], [ -106.245178729031096, 31.783695465480378 ], [ -106.245178618728985, 31.783695493974097 ], [ -106.24517876284871, 31.783695499166594 ] ] ] ] } },
{ "type": "Feature", "properties": { "pidn": "X57999924600900", "district": 5, "zonelabel": "C-3", "state_cd_clean": "C10", "use_desc": "REAL, VACANT PLATTED COMMERCIAL LOT", "targetlotarea": 0, "existing_units": 0, "footprint_sqft": 0.0, "interior_sqft": 0.0, "coverage_pct": 0.0, "in_corridor": false, "in_historic": false, "context_type": "Suburban" }, "geometry": { "type": "MultiPolygon", "coordinates": [ [ [ [ -106.245177829205375, 31.783695464821541 ], [ -106.245177205000545, 31.783695441704499 ], [ -106.24517744284519, 31.783695610624036 ], [ -106.245177829205375, 31.783695464821541 ] ] ], [ [ [ -106.245178618728985, 31.783695493974097 ], [ -106.245177999851904, 31.783695471518133 ], [ -106.245178103559439, 31.783695625760146 ], [ -106.245178618728985, 31.783695493974097 ] ] ], [ [ [ -106.245179179336702, 31.783695514562005 ], [ -106.24517876284871, 31.783695499166594 ], [ -106.24517890150652, 31.783695637370162 ], [ -106.245179179336702, 31.783695514562005 ] ] ], [ [ [ -106.245177999851904, 31.783695471518133 ], [ -106.245177962467423, 31.783695414512085 ], [ -106.245177829205375, 31.783695464821541 ], [ -106.245177999851904, 31.783695471518133 ] ] ], [ [ [ -106.24517876284871, 31.783695499166594 ], [ -106.245178729031096, 31.783695465480378 ], [ -106.245178618728985, 31.783695493974097 ], [ -106.24517876284871, 31.783695499166594 ] ] ] ] } },
{ "type": "Feature", "properties": { "pidn": "X57999924600900", "district": 5, "zonelabel": "C-3", "state_cd_clean": "C10", "use_desc": "REAL, VACANT PLATTED COMMERCIAL LOT", "targetlotarea": 0, "existing_units": 0, "footprint_sqft": 0.0, "interior_sqft": 0.0, "coverage_pct": 0.0, "in_corridor": false, "in_historic": false, "context_type": "Suburban" }, "geometry": { "type": "MultiPolygon", "coordinates": [ [ [ [ -106.245177829205375, 31.783695464821541 ], [ -106.245177205000545, 31.783695441704499 ], [ -106.24517744284519, 31.783695610624036 ], [ -106.245177829205375, 31.783695464821541 ] ] ], [ [ [ -106.245178618728985, 31.783695493974097 ], [ -106.245177999851904, 31.783695471518133 ], [ -106.245178103559439, 31.783695625760146 ], [ -106.245178618728985, 31.783695493974097 ] ] ], [ [ [ -106.245179179336702, 31.783695514562005 ], [ -106.24517876284871, 31.783695499166594 ], [ -106.24517890150652, 31.783695637370162 ], [ -106.245179179336702, 31.783695514562005 ] ] ], [ [ [ -106.245177999851904, 31.783695471518133 ], [ -106.245177962467423, 31.783695414512085 ], [ -106.245177829205375, 31.783695464821541 ], [ -106.245177999851904, 31.783695471518133 ] ] ], [ [ [ -106.24517876284871, 31.783695499166594 ], [ -106.245178729031096, 31.783695465480378 ], [ -106.245178618728985, 31.783695493974097 ], [ -106.24517876284871, 31.783695499166594 ] ] ] ] } },
{ "type": "Feature", "properties": { "pidn": "T28799916600125", "district": 5, "zonelabel": "C-2", "state_cd_clean": "XV-C", "use_desc": "COMMERCIAL public, religous, charitable, misc", "targetlotarea": 692, "existing_units": 0, "footprint_sqft": 0.0, "interior_sqft": 0.0, "coverage_pct": 0.0, "in_corridor": true, "in_historic": false, "context_type": "Suburban" }, "geometry": { "type": "Polygon", "coordinates": [ [ [ -106.247501188525362, 31.795885881295717 ], [ -106.247501366839586, 31.795886112525089 ], [ -106.24756580415341, 31.795969895802134 ], [ -106.247569088935933, 31.795973854919254 ], [ -106.247577984147995, 31.795982269850782 ], [ -106.247588378444547, 31.795989320633712 ], [ -106.247599988142369, 31.79599481605025 ], [ -106.247612498340104, 31.795998606943012 ], [ -106.247625567360217, 31.796000589625887 ], [ -106.247638840794394, 31.796000710664433 ], [ -106.247651955665162, 31.795998965783866 ], [ -106.247664557578247, 31.795995403604923 ], [ -106.247715202453819, 31.795968771898025 ], [ -106.247710752428759, 31.795968055657358 ], [ -106.247619003662422, 31.795952832458415 ], [ -106.247595618062249, 31.795947710598888 ], [ -106.247573354180233, 31.795939733485092 ], [ -106.247552689107351, 31.795929073610264 ], [ -106.24753406089728, 31.795915955818153 ], [ -106.247517868790837, 31.795900660905755 ], [ -106.247504457779755, 31.795883515486313 ], [ -106.247501188525362, 31.795885881295717 ] ] ] } },
{ "type": "Feature", "properties": { "pidn": "T28499900300220", "district": 5, "zonelabel": "C-4", "state_cd_clean": "C10", "use_desc": "REAL, VACANT PLATTED COMMERCIAL LOT", "targetlotarea": 24253, "existing_units": 0, "footprint_sqft": 0.0, "interior_sqft": 0.0, "coverage_pct": 0.0, "in_corridor": false, "in_historic": false, "context_type": "Suburban" }, "geometry": { "type": "Polygon", "coordinates": [ [ [ -106.232008622798446, 31.795009029314024 ], [ -106.231637668898784, 31.794747970973084 ], [ -106.231294838223818, 31.795103319191735 ], [ -106.231643213068423, 31.795348487959874 ], [ -106.232008622798446, 31.795009029314024 ] ] ] } },
{ "type": "Feature", "properties": { "pidn": "T28799901200100", "district": 5, "zonelabel": "R-5", "state_cd_clean": "A1", "use_desc": "REAL, RESIDENTIAL, SINGLE-FAMILY", "targetlotarea": 109846, "existing_units": 1, "footprint_sqft": 0.0, "interior_sqft": 0.0, "coverage_pct": 0.0, "in_corridor": false, "in_historic": false, "context_type": "Suburban" }, "geometry": { "type": "Polygon", "coordinates": [ [ [ -106.252128410081895, 31.77672572512245 ], [ -106.252256579448201, 31.776815869580279 ], [ -106.252272942383641, 31.776798891832939 ], [ -106.252421999430041, 31.776903726668891 ], [ -106.252438362351057, 31.77688674890133 ], [ -106.252766290467875, 31.77711738481781 ], [ -106.252769434544632, 31.777114651515845 ], [ -106.252773086059065, 31.777112426180732 ], [ -106.252777133970724, 31.777110776182436 ], [ -106.252781456627773, 31.77710975131054 ], [ -106.252785921767057, 31.777109383774444 ], [ -106.252790393556751, 31.777109682463934 ], [ -106.252794736208571, 31.777110640009983 ], [ -106.252798818968387, 31.777112228042 ], [ -106.252802517114077, 31.777114396239202 ], [ -106.252872078459546, 31.777163317950109 ], [ -106.252869542532494, 31.777166478773669 ], [ -106.252867686760823, 31.777169967202425 ], [ -106.252866567999035, 31.777173677689937 ], [ -106.25286622045671, 31.777177497591676 ], [ -106.252866654924844, 31.777181311715854 ], [ -106.252867857777886, 31.777185003272315 ], [ -106.25286979136672, 31.777188460176692 ], [ -106.25287239846044, 31.777191578460538 ], [ -106.252875600137727, 31.777194262367843 ], [ -106.252925286970637, 31.777229207965814 ], [ -106.252989834912981, 31.777169356864661 ], [ -106.253088425882581, 31.777077942157053 ], [ -106.253185456314412, 31.776987971167387 ], [ -106.253285727911106, 31.776894995929595 ], [ -106.253382758081713, 31.776805026587631 ], [ -106.253479206387226, 31.776715596631863 ], [ -106.253578611931616, 31.776623424611799 ], [ -106.253686960334804, 31.776522958286186 ], [ -106.253021726532182, 31.776018249729596 ], [ -106.253012081548988, 31.77600945383092 ], [ -106.253000951159294, 31.776002048642926 ], [ -106.252988605615883, 31.775996214240269 ], [ -106.252975348769922, 31.775992093042845 ], [ -106.252961500865624, 31.775989785179419 ], [ -106.252947402701523, 31.77598934739548 ], [ -106.252933395431, 31.775990791262629 ], [ -106.25291982244643, 31.775994079480288 ], [ -106.252907015068914, 31.7759991337524 ], [ -106.252891668755993, 31.776013455220017 ], [ -106.252859044822173, 31.776043900213573 ], [ -106.252791764787048, 31.776106688043438 ], [ -106.252681213045349, 31.776209856762627 ], [ -106.252679245756667, 31.776211692071598 ], [ -106.252678598255144, 31.77621229503599 ], [ -106.25267593855007, 31.776214775994795 ], [ -106.252670613375471, 31.77621974720617 ], [ -106.252639596654859, 31.776248688411304 ], [ -106.252128410081895, 31.77672572512245 ] ] ] } },
{ "type": "Feature", "properties": { "pidn": "T28799918300510", "district": 5, "zonelabel": "R-5", "state_cd_clean": "A1", "use_desc": "REAL, RESIDENTIAL, SINGLE-FAMILY", "targetlotarea": 177927, "existing_units": 1, "footprint_sqft": 0.0, "interior_sqft": 0.0, "coverage_pct": 0.0, "in_corridor": false, "in_historic": false, "context_type": "Suburban" }, "geometry": { "type": "Polygon", "coordinates": [ [ [ -106.232008622798446, 31.795009029314024 ], [ -106.232481638027082, 31.794569602392237 ], [ -106.231350798174873, 31.793684614961112 ], [ -106.23129261321472, 31.793739092474706 ], [ -106.231192818318917, 31.793832526204554 ], [ -106.2310973092317, 31.793921947120701 ], [ -106.230999367638503, 31.794013644836621 ], [ -106.230898949646786, 31.794107661976415 ], [ -106.230801421446202, 31.794198973205603 ], [ -106.230703182555473, 31.794290949659729 ], [ -106.230604942364067, 31.794382925183566 ], [ -106.230506703036966, 31.794474900582173 ], [ -106.230428920432416, 31.794547722574578 ], [ -106.231555843909661, 31.795429651223365 ], [ -106.231641713448667, 31.795349880839499 ], [ -106.231643213068423, 31.795348487959874 ], [ -106.231294838223818, 31.795103319191735 ], [ -106.231637668898784, 31.794747970973084 ], [ -106.232008622798446, 31.795009029314024 ] ] ] } },
{ "type": "Feature", "properties": { "pidn": "S54199901200900", "district": 5, "zonelabel": "C-4", "state_cd_clean": "A1", "use_desc": "REAL, RESIDENTIAL, SINGLE-FAMILY", "targetlotarea": 234680, "existing_units": 1, "footprint_sqft": 0.0, "interior_sqft": 0.0, "coverage_pct": 0.0, "in_corridor": false, "in_historic": false, "context_type": "Suburban" }, "geometry": { "type": "Polygon", "coordinates": [ [ [ -106.265802077726917, 31.779803609929942 ], [ -106.265803327436672, 31.779921808140244 ], [ -106.265804572951367, 31.780039583857835 ], [ -106.265805881855229, 31.780163280502414 ], [ -106.265807183401421, 31.78028655479795 ], [ -106.26580843417814, 31.780404752937628 ], [ -106.265809737839518, 31.780528027125317 ], [ -106.26581098651404, 31.780646225349816 ], [ -106.26581229023833, 31.780769500426338 ], [ -106.265812549466375, 31.780793968736774 ], [ -106.265813769472686, 31.780909390138785 ], [ -106.267492104526823, 31.780896432968248 ], [ -106.267490757664206, 31.780793747313922 ], [ -106.267483399989118, 31.780412901512623 ], [ -106.267468246833275, 31.780032223360497 ], [ -106.267445302445708, 31.779651830076276 ], [ -106.26580060866425, 31.77966452531248 ], [ -106.265802077726917, 31.779803609929942 ] ] ] } },
{ "type": "Feature", "properties": { "pidn": "T28799901201800", "district": 5, "zonelabel": "R-3", "state_cd_clean": "A1", "use_desc": "REAL, RESIDENTIAL, SINGLE-FAMILY", "targetlotarea": 686656, "existing_units": 1, "footprint_sqft": 0.0, "interior_sqft": 0.0, "coverage_pct": 0.0, "in_corridor": false, "in_historic": false, "context_type": "Suburban" }, "geometry": { "type": "Polygon", "coordinates": [ [ [ -106.250918581661708, 31.78225745432503 ], [ -106.250935644557529, 31.783729209784287 ], [ -106.251916875369574, 31.783729195205584 ], [ -106.251909811693039, 31.783182782476366 ], [ -106.251901230726162, 31.782518909605056 ], [ -106.251900115352001, 31.78243264063093 ], [ -106.251896657078703, 31.782165200137587 ], [ -106.25189548248089, 31.782074402728654 ], [ -106.251892170728283, 31.781818164563063 ], [ -106.251889975401667, 31.781648347960196 ], [ -106.251888489511629, 31.781533461348822 ], [ -106.251887082571045, 31.781424572592361 ], [ -106.251885630402441, 31.781312244875839 ], [ -106.251884148029106, 31.781197601037842 ], [ -106.251883940677075, 31.78118153886194 ], [ -106.251883031656661, 31.781111366385222 ], [ -106.251882483362721, 31.78106884017317 ], [ -106.251881027049947, 31.780956140530744 ], [ -106.251879569686338, 31.780843440931307 ], [ -106.251878112494623, 31.780730744028606 ], [ -106.251876656192209, 31.78061804437117 ], [ -106.251875097266904, 31.780497457623831 ], [ -106.251873643560742, 31.780385036912541 ], [ -106.251872181442025, 31.780271802837952 ], [ -106.251870716850107, 31.780158596868688 ], [ -106.251869286418199, 31.78004802474231 ], [ -106.251867634980485, 31.77992030636133 ], [ -106.251866187430707, 31.779808238478193 ], [ -106.251864689794843, 31.779692382333153 ], [ -106.251863239800272, 31.779580224236053 ], [ -106.251861790158557, 31.779468088696976 ], [ -106.251860153594933, 31.779341490424699 ], [ -106.25185870867675, 31.779229735791343 ], [ -106.251857254791048, 31.779117243684471 ], [ -106.251855798307275, 31.779004455456537 ], [ -106.251854609701113, 31.778912753614684 ], [ -106.25185460950766, 31.778912716594128 ], [ -106.251854609314293, 31.778912679573629 ], [ -106.251854343754715, 31.778892105165475 ], [ -106.251852505184658, 31.778749733440531 ], [ -106.251850550897032, 31.778598552189422 ], [ -106.251848378445686, 31.778430456651087 ], [ -106.251846215815092, 31.778263112079436 ], [ -106.251845791910014, 31.77823012740409 ], [ -106.251839307315151, 31.778236142074544 ], [ -106.251754616336015, 31.777074545576635 ], [ -106.250871332132789, 31.777898798604969 ], [ -106.250918581661708, 31.78225745432503 ] ] ] } },
{ "type": "Feature", "properties": { "pidn": "E350999001B0700", "district": 5, "zonelabel": "C-4", "state_cd_clean": "F1", "use_desc": "COMM,ANY COMM OTHR THAN F2-F9", "targetlotarea": 63917, "existing_units": 0, "footprint_sqft": 8497.38965, "interior_sqft": 16994.7793, "coverage_pct": 0.13294412519361046, "in_corridor": false, "in_historic": false, "context_type": "Suburban" }, "geometry": { "type": "Polygon", "coordinates": [ [ [ -106.264775775365663, 31.764955704022135 ], [ -106.264722136360589, 31.765005924524768 ], [ -106.264660421734874, 31.765063706929819 ], [ -106.264588119568074, 31.76513140109008 ], [ -106.264406375433524, 31.765301561049125 ], [ -106.264408861604494, 31.765303554774118 ], [ -106.264987681904572, 31.764794354864474 ], [ -106.265066511831222, 31.764793627768853 ], [ -106.265139075082274, 31.764739851812102 ], [ -106.265243689536277, 31.7646523233777 ], [ -106.265276192729516, 31.764620711597598 ], [ -106.265279568360754, 31.764606569446965 ], [ -106.26528727690409, 31.76457259219562 ], [ -106.266725000231347, 31.763457548954374 ], [ -106.267217024914061, 31.763608793687002 ], [ -106.267189656801591, 31.763131989168482 ], [ -106.266838764466442, 31.763024130819815 ], [ -106.266838735529504, 31.763024158331618 ], [ -106.266831921351169, 31.763030534821354 ], [ -106.266824519171749, 31.763037465581128 ], [ -106.266820466565918, 31.763041260393706 ], [ -106.26680799110045, 31.763052941107748 ], [ -106.266761216158685, 31.763096737760687 ], [ -106.265171590390921, 31.764585111071899 ], [ -106.265159712743284, 31.76459623147408 ], [ -106.265140362761471, 31.764614348041103 ], [ -106.265111598026579, 31.764641280711309 ], [ -106.265072480632398, 31.764677905867376 ], [ -106.264775775365663, 31.764955704022135 ] ] ] } },
{ "type": "Feature", "properties": { "pidn": "E350999001B0700", "district": 5, "zonelabel": "C-4", "state_cd_clean": "F1", "use_desc": "COMM,ANY COMM OTHR THAN F2-F9", "targetlotarea": 97752, "existing_units": 0, "footprint_sqft": 8497.38965, "interior_sqft": 16994.7793, "coverage_pct": 0.086928038812505104, "in_corridor": false, "in_historic": false, "context_type": "Suburban" }, "geometry": { "type": "Polygon", "coordinates": [ [ [ -106.265700692250931, 31.765078349445151 ], [ -106.265803144145877, 31.765026578845802 ], [ -106.265839720411151, 31.765008096529925 ], [ -106.266074796053132, 31.764998246076672 ], [ -106.266058534071277, 31.764714889082228 ], [ -106.266709441545487, 31.764197388606839 ], [ -106.266732922916589, 31.764178739233401 ], [ -106.266308279646609, 31.763788825934505 ], [ -106.266725000231347, 31.763457548954374 ], [ -106.26528727690409, 31.76457259219562 ], [ -106.265279568360754, 31.764606569446965 ], [ -106.265276192729516, 31.764620711597598 ], [ -106.265243689536277, 31.7646523233777 ], [ -106.265700692250931, 31.765078349445151 ] ] ] } },
{ "type": "Feature", "properties": { "pidn": "X579999304A0200", "district": 5, "zonelabel": "C-4", "state_cd_clean": "J4", "use_desc": "UTILITIES/TELEPHONE COMPANIES", "targetlotarea": 65243, "existing_units": 0, "footprint_sqft": 16139.7002, "interior_sqft": 32279.4004, "coverage_pct": 0.24737826586760264, "in_corridor": false, "in_historic": false, "context_type": "Suburban" }, "geometry": { "type": "Polygon", "coordinates": [ [ [ -106.264408861604494, 31.765303554774118 ], [ -106.264876634253099, 31.765678587605148 ], [ -106.264911939065129, 31.765706892361955 ], [ -106.264929769431006, 31.765690590957728 ], [ -106.265594040796984, 31.765163054806941 ], [ -106.265139075082274, 31.764739851812102 ], [ -106.265066511831222, 31.764793627768853 ], [ -106.264987681904572, 31.764794354864474 ], [ -106.264408861604494, 31.765303554774118 ] ] ] } },
{ "type": "Feature", "properties": { "pidn": "X579999304A0200", "district": 5, "zonelabel": "C-4", "state_cd_clean": "J4", "use_desc": "UTILITIES/TELEPHONE COMPANIES", "targetlotarea": 65243, "existing_units": 0, "footprint_sqft": 16139.7002, "interior_sqft": 32279.4004, "coverage_pct": 0.24737826586760264, "in_corridor": false, "in_historic": false, "context_type": "Suburban" }, "geometry": { "type": "Polygon", "coordinates": [ [ [ -106.264408861604494, 31.765303554774118 ], [ -106.264876634253099, 31.765678587605148 ], [ -106.264911939065129, 31.765706892361955 ], [ -106.264929769431006, 31.765690590957728 ], [ -106.265594040796984, 31.765163054806941 ], [ -106.265139075082274, 31.764739851812102 ], [ -106.265066511831222, 31.764793627768853 ], [ -106.264987681904572, 31.764794354864474 ], [ -106.264408861604494, 31.765303554774118 ] ] ] } },
{ "type": "Feature", "properties": { "pidn": "X579999304A0200", "district": 5, "zonelabel": "C-4", "state_cd_clean": "J4", "use_desc": "UTILITIES/TELEPHONE COMPANIES", "targetlotarea": 65243, "existing_units": 0, "footprint_sqft": 16139.7002, "interior_sqft": 32279.4004, "coverage_pct": 0.24737826586760264, "in_corridor": false, "in_historic": false, "context_type": "Suburban" }, "geometry": { "type": "Polygon", "coordinates": [ [ [ -106.264408861604494, 31.765303554774118 ], [ -106.264876634253099, 31.765678587605148 ], [ -106.264911939065129, 31.765706892361955 ], [ -106.264929769431006, 31.765690590957728 ], [ -106.265594040796984, 31.765163054806941 ], [ -106.265139075082274, 31.764739851812102 ], [ -106.265066511831222, 31.764793627768853 ], [ -106.264987681904572, 31.764794354864474 ], [ -106.264408861604494, 31.765303554774118 ] ] ] } },
{ "type": "Feature", "properties": { "pidn": "X579999304A0200", "district": 5, "zonelabel": "C-4", "state_cd_clean": "J4", "use_desc": "UTILITIES/TELEPHONE COMPANIES", "targetlotarea": 65243, "existing_units": 0, "footprint_sqft": 16139.7002, "interior_sqft": 32279.4004, "coverage_pct": 0.24737826586760264, "in_corridor": false, "in_historic": false, "context_type": "Suburban" }, "geometry": { "type": "Polygon", "coordinates": [ [ [ -106.264408861604494, 31.765303554774118 ], [ -106.264876634253099, 31.765678587605148 ], [ -106.264911939065129, 31.765706892361955 ], [ -106.264929769431006, 31.765690590957728 ], [ -106.265594040796984, 31.765163054806941 ], [ -106.265139075082274, 31.764739851812102 ], [ -106.265066511831222, 31.764793627768853 ], [ -106.264987681904572, 31.764794354864474 ], [ -106.264408861604494, 31.765303554774118 ] ] ] } },
{ "type": "Feature", "properties": { "pidn": "S81299901604300", "district": 5, "zonelabel": "R-3A", "state_cd_clean": "A1", "use_desc": "REAL, RESIDENTIAL, SINGLE-FAMILY", "targetlotarea": 212597, "existing_units": 1, "footprint_sqft": 0.0, "interior_sqft": 0.0, "coverage_pct": 0.0, "in_corridor": false, "in_historic": false, "context_type": "Suburban" }, "geometry": { "type": "Polygon", "coordinates": [ [ [ -106.266447886497588, 31.771012762252973 ], [ -106.266448599132602, 31.771104135260654 ], [ -106.266451684044512, 31.771499278243027 ], [ -106.266454212657251, 31.771823160810438 ], [ -106.266453849235404, 31.771847932170981 ], [ -106.266448970876411, 31.772180676554967 ], [ -106.266446167836364, 31.772338646495399 ], [ -106.266443485236948, 31.772481609404604 ], [ -106.266440803739926, 31.772624573158232 ], [ -106.266438120126409, 31.772767536999886 ], [ -106.266435438613271, 31.772910500737357 ], [ -106.266432379303907, 31.773073590603556 ], [ -106.266426421258288, 31.773391039336946 ], [ -106.266425764467556, 31.773426088498482 ], [ -106.266437547156343, 31.773426019872371 ], [ -106.267347420084334, 31.773420646110168 ], [ -106.267392468621281, 31.773420379540127 ], [ -106.267398284667848, 31.773021396862497 ], [ -106.267406320777226, 31.772469977280373 ], [ -106.267415820369379, 31.771818056373547 ], [ -106.267412952890083, 31.771597854203645 ], [ -106.266597551401347, 31.771618239192527 ], [ -106.26659661505991, 31.771498437608315 ], [ -106.266593529489171, 31.771103293728697 ], [ -106.266590360443899, 31.770697340024 ], [ -106.266460126656966, 31.770698095645862 ], [ -106.266451773588273, 31.770698143345832 ], [ -106.266443988081718, 31.77069818864214 ], [ -106.266447886497588, 31.771012762252973 ] ] ] } },
{ "type": "Feature", "properties": { "pidn": "H80699900100220", "district": 5, "zonelabel": "C-4", "state_cd_clean": "F1", "use_desc": "COMM,ANY COMM OTHR THAN F2-F9", "targetlotarea": 38188, "existing_units": 0, "footprint_sqft": 0.0, "interior_sqft": 0.0, "coverage_pct": 0.0, "in_corridor": true, "in_historic": false, "context_type": "Suburban" }, "geometry": { "type": "Polygon", "coordinates": [ [ [ -106.259105797288058, 31.806671316619514 ], [ -106.259962661919928, 31.806641940604806 ], [ -106.259960928542128, 31.806556228668665 ], [ -106.259934770205405, 31.806241526938187 ], [ -106.259083656454152, 31.806284459231353 ], [ -106.259105797288058, 31.806671316619514 ] ] ] } },
{ "type": "Feature", "properties": { "pidn": "T28799901201800", "district": 5, "zonelabel": "R-5", "state_cd_clean": "A1", "use_desc": "REAL, RESIDENTIAL, SINGLE-FAMILY", "targetlotarea": 103914, "existing_units": 1, "footprint_sqft": 0.0, "interior_sqft": 0.0, "coverage_pct": 0.0, "in_corridor": false, "in_historic": false, "context_type": "Suburban" }, "geometry": { "type": "Polygon", "coordinates": [ [ [ -106.252128410081895, 31.77672572512245 ], [ -106.251829980682629, 31.777004215032804 ], [ -106.251778963171418, 31.777051825509972 ], [ -106.251754616336015, 31.777074545576635 ], [ -106.251839307315151, 31.778236142074544 ], [ -106.251845791910014, 31.77823012740409 ], [ -106.251944932730751, 31.778138204596168 ], [ -106.252071398450184, 31.778020946052365 ], [ -106.252192432568293, 31.777908722096036 ], [ -106.252298837970642, 31.777810062402317 ], [ -106.252402737489163, 31.777713726635334 ], [ -106.252496957630953, 31.777626362354376 ], [ -106.252595912315243, 31.777534610911378 ], [ -106.252692458033295, 31.777445092302788 ], [ -106.252791929039418, 31.777352861101939 ], [ -106.252889908645997, 31.777262012665574 ], [ -106.252925286970637, 31.777229207965814 ], [ -106.252875600137727, 31.777194262367843 ], [ -106.25287239846044, 31.777191578460538 ], [ -106.25286979136672, 31.777188460176692 ], [ -106.252867857777886, 31.777185003272315 ], [ -106.252866654924844, 31.777181311715854 ], [ -106.25286622045671, 31.777177497591676 ], [ -106.252866567999035, 31.777173677689937 ], [ -106.252867686760823, 31.777169967202425 ], [ -106.252869542532494, 31.777166478773669 ], [ -106.252872078459546, 31.777163317950109 ], [ -106.252802517114077, 31.777114396239202 ], [ -106.252798818968387, 31.777112228042 ], [ -106.252794736208571, 31.777110640009983 ], [ -106.252790393556751, 31.777109682463934 ], [ -106.252785921767057, 31.777109383774444 ], [ -106.252781456627773, 31.77710975131054 ], [ -106.252777133970724, 31.777110776182436 ], [ -106.252773086059065, 31.777112426180732 ], [ -106.252769434544632, 31.777114651515845 ], [ -106.252766290467875, 31.77711738481781 ], [ -106.252438362351057, 31.77688674890133 ], [ -106.252421999430041, 31.776903726668891 ], [ -106.252272942383641, 31.776798891832939 ], [ -106.252256579448201, 31.776815869580279 ], [ -106.252128410081895, 31.77672572512245 ] ] ] } },
{ "type": "Feature", "properties": { "pidn": "H80699900100220", "district": 5, "zonelabel": "C-4", "state_cd_clean": "F1", "use_desc": "COMM,ANY COMM OTHR THAN F2-F9", "targetlotarea": 15551, "existing_units": 0, "footprint_sqft": 0.0, "interior_sqft": 0.0, "coverage_pct": 0.0, "in_corridor": true, "in_historic": false, "context_type": "Suburban" }, "geometry": { "type": "Polygon", "coordinates": [ [ [ -106.259878035409443, 31.807266993597835 ], [ -106.259892389061747, 31.807266992918624 ], [ -106.259906554658414, 31.807265013878101 ], [ -106.259920161120931, 31.807261109500946 ], [ -106.259932850953447, 31.807255380963216 ], [ -106.259944291900382, 31.80724797796503 ], [ -106.259954184215673, 31.807239096592699 ], [ -106.259962268424829, 31.807228968127784 ], [ -106.259968331596383, 31.807217857858159 ], [ -106.259972217437877, 31.807206057393035 ], [ -106.259973821571208, 31.807193876749739 ], [ -106.259962661919928, 31.806641940604806 ], [ -106.259105797288058, 31.806671316619514 ], [ -106.259114264537743, 31.806775523624573 ], [ -106.259853393165969, 31.806739023250845 ], [ -106.259878035409443, 31.807266993597835 ] ] ] } },
{ "type": "Feature", "properties": { "pidn": "T28799906705800", "district": 5, "zonelabel": "P-R 2", "state_cd_clean": "A1", "use_desc": "REAL, RESIDENTIAL, SINGLE-FAMILY", "targetlotarea": 328724, "existing_units": 1, "footprint_sqft": 0.0, "interior_sqft": 0.0, "coverage_pct": 0.0, "in_corridor": true, "in_historic": false, "context_type": "Suburban" }, "geometry": { "type": "Polygon", "coordinates": [ [ [ -106.259119404369912, 31.806838769982985 ], [ -106.259114264537743, 31.806775523624573 ], [ -106.259105797288058, 31.806671316619514 ], [ -106.259083656454152, 31.806284459231353 ], [ -106.259934770205405, 31.806241526938187 ], [ -106.259931303789898, 31.806199819395808 ], [ -106.25977844996217, 31.805474451322329 ], [ -106.259746969368891, 31.805095689511113 ], [ -106.259735066244048, 31.80450699255795 ], [ -106.259581718790656, 31.804507069455781 ], [ -106.259448912878796, 31.804507136495758 ], [ -106.259311787970177, 31.804507204991179 ], [ -106.259178941871951, 31.804507271779521 ], [ -106.259041816962906, 31.804507339990764 ], [ -106.258889563023118, 31.804507415954649 ], [ -106.258603886614523, 31.804507557994278 ], [ -106.25836697403173, 31.804507674802984 ], [ -106.258390800131011, 31.806083447990655 ], [ -106.258402756439565, 31.806874156843435 ], [ -106.259119404369912, 31.806838769982985 ] ] ] } },
{ "type": "Feature", "properties": { "pidn": "S81299904600270", "district": 5, "zonelabel": "C-2", "state_cd_clean": "F1", "use_desc": "COMM,ANY COMM OTHR THAN F2-F9", "targetlotarea": 23660, "existing_units": 0, "footprint_sqft": 0.0, "interior_sqft": 0.0, "coverage_pct": 0.0, "in_corridor": false, "in_historic": false, "context_type": "Suburban" }, "geometry": { "type": "Polygon", "coordinates": [ [ [ -106.258302694978127, 31.769863640586969 ], [ -106.258097926283895, 31.770059118807843 ], [ -106.258481304365375, 31.770360855117794 ], [ -106.258529518992262, 31.770316143743781 ], [ -106.258558632100772, 31.770289147209276 ], [ -106.258585971300192, 31.770263794834257 ], [ -106.258624246466951, 31.770228303110596 ], [ -106.258631144866712, 31.770221904314376 ], [ -106.258689622667632, 31.770167675742179 ], [ -106.258796449715547, 31.770069356312089 ], [ -106.258417795101067, 31.769763298194565 ], [ -106.258302694978127, 31.769863640586969 ] ] ] } },
{ "type": "Feature", "properties": { "pidn": "T28799905100500", "district": 5, "zonelabel": "R-5", "state_cd_clean": "A1", "use_desc": "REAL, RESIDENTIAL, SINGLE-FAMILY", "targetlotarea": 119943, "existing_units": 1, "footprint_sqft": 0.0, "interior_sqft": 0.0, "coverage_pct": 0.0, "in_corridor": false, "in_historic": false, "context_type": "Suburban" }, "geometry": { "type": "Polygon", "coordinates": [ [ [ -106.267680752717169, 31.797284769488805 ], [ -106.267676016274166, 31.79669347818173 ], [ -106.266869155590257, 31.796720464793992 ], [ -106.266874775104867, 31.797255303741334 ], [ -106.266072211583648, 31.79728447266249 ], [ -106.266072845162768, 31.797358036328518 ], [ -106.266072914578757, 31.79736611728968 ], [ -106.266073918181903, 31.797482702953236 ], [ -106.266073986055332, 31.797490606966303 ], [ -106.266074991147548, 31.797607368671219 ], [ -106.266075006477493, 31.797609153506393 ], [ -106.266076064116021, 31.79773203438295 ], [ -106.266076077332514, 31.7977334977918 ], [ -106.266077097887489, 31.797852063280715 ], [ -106.266077138141839, 31.797856700040381 ], [ -106.266078188496209, 31.797978736788881 ], [ -106.26607828701151, 31.797990125574632 ], [ -106.266078329604596, 31.797995087362565 ], [ -106.266337099873169, 31.797995559607774 ], [ -106.266467836570143, 31.797997886128119 ], [ -106.266598379257402, 31.798004383094327 ], [ -106.266728546677172, 31.798015043418879 ], [ -106.266890899816175, 31.798030959998858 ], [ -106.266883044578378, 31.797283315501883 ], [ -106.267680752717169, 31.797284769488805 ] ] ] } },
{ "type": "Feature", "properties": { "pidn": "T287999370001A0", "district": 5, "zonelabel": "C-2", "state_cd_clean": "C10", "use_desc": "REAL, VACANT PLATTED COMMERCIAL LOT", "targetlotarea": 36009, "existing_units": 0, "footprint_sqft": 0.0, "interior_sqft": 0.0, "coverage_pct": 0.0, "in_corridor": false, "in_historic": false, "context_type": "Suburban" }, "geometry": { "type": "Polygon", "coordinates": [ [ [ -106.232367813869971, 31.768067426966386 ], [ -106.233512914871369, 31.768065081750581 ], [ -106.233510265681858, 31.767879822280932 ], [ -106.233508885938065, 31.767867945219347 ], [ -106.233505127072661, 31.767856450621959 ], [ -106.233499103512173, 31.767845682817729 ], [ -106.23349099386644, 31.767835964258243 ], [ -106.233481043587048, 31.767827587268929 ], [ -106.233469549481839, 31.767820803010366 ], [ -106.233456858268525, 31.767815815222168 ], [ -106.233443349260412, 31.767812773782804 ], [ -106.233429428759848, 31.767811769545183 ], [ -106.232247966222218, 31.767814285469111 ], [ -106.2322513903719, 31.768067664970271 ], [ -106.232367813869971, 31.768067426966386 ] ] ] } },
{ "type": "Feature", "properties": { "pidn": "T287999370001A0", "district": 5, "zonelabel": "C-2", "state_cd_clean": "C10", "use_desc": "REAL, VACANT PLATTED COMMERCIAL LOT", "targetlotarea": 19434, "existing_units": 0, "footprint_sqft": 0.0, "interior_sqft": 0.0, "coverage_pct": 0.0, "in_corridor": false, "in_historic": false, "context_type": "Suburban" }, "geometry": { "type": "Polygon", "coordinates": [ [ [ -106.232207122689942, 31.768067754935828 ], [ -106.232220726250986, 31.769032187145807 ], [ -106.232222203236702, 31.769136903501689 ], [ -106.232383023118643, 31.769136576081632 ], [ -106.232377887819737, 31.768772610515072 ], [ -106.232367813869971, 31.768067426966386 ], [ -106.2322513903719, 31.768067664970271 ], [ -106.232207122689942, 31.768067754935828 ] ] ] } },
{ "type": "Feature", "properties": { "pidn": "T287999370001A0", "district": 5, "zonelabel": "C-2", "state_cd_clean": "C10", "use_desc": "REAL, VACANT PLATTED COMMERCIAL LOT", "targetlotarea": 16921, "existing_units": 0, "footprint_sqft": 0.0, "interior_sqft": 0.0, "coverage_pct": 0.0, "in_corridor": false, "in_historic": false, "context_type": "Suburban" }, "geometry": { "type": "Polygon", "coordinates": [ [ [ -106.232106692519849, 31.769032419561086 ], [ -106.232220726250986, 31.769032187145807 ], [ -106.232207122689942, 31.768067754935828 ], [ -106.2322513903719, 31.768067664970271 ], [ -106.232247966222218, 31.767814285469111 ], [ -106.232090238047931, 31.7678146207476 ], [ -106.232106692519849, 31.769032419561086 ] ] ] } },
{ "type": "Feature", "properties": { "pidn": "X57999924600900", "district": 5, "zonelabel": "R-3", "state_cd_clean": "C10", "use_desc": "REAL, VACANT PLATTED COMMERCIAL LOT", "targetlotarea": 680502, "existing_units": 0, "footprint_sqft": 0.0, "interior_sqft": 0.0, "coverage_pct": 0.0, "in_corridor": false, "in_historic": false, "context_type": "Suburban" }, "geometry": { "type": "Polygon", "coordinates": [ [ [ -106.246162263472741, 31.782292796824947 ], [ -106.246171434944273, 31.782292785532345 ], [ -106.244950022690148, 31.783431183311613 ], [ -106.244943110196459, 31.78343859072238 ], [ -106.244937453388019, 31.78344673856019 ], [ -106.244933158988786, 31.783455472956486 ], [ -106.244929916800061, 31.783466502313509 ], [ -106.244928844264422, 31.783477837701053 ], [ -106.244929970758136, 31.783489169810615 ], [ -106.244933266333959, 31.783500187513155 ], [ -106.244938640509659, 31.783510592364838 ], [ -106.244945945487174, 31.783520099363454 ], [ -106.2449549843178, 31.783528449222054 ], [ -106.24517975665384, 31.783704411444681 ], [ -106.245193651685426, 31.783704388807756 ], [ -106.246838701359337, 31.783701745570969 ], [ -106.247229041126715, 31.783701115826613 ], [ -106.24723508734688, 31.783701105627529 ], [ -106.247238293918301, 31.783701100768813 ], [ -106.247238077132508, 31.783701303896617 ], [ -106.249651073202841, 31.783698607443096 ], [ -106.249643197271936, 31.782288371282924 ], [ -106.249643032783453, 31.782258960402604 ], [ -106.247420517235625, 31.782258584264483 ], [ -106.247315135981964, 31.782258566026726 ], [ -106.246199170448364, 31.782258361384187 ], [ -106.246162263472741, 31.782292796824947 ] ] ] } },
{ "type": "Feature", "properties": { "pidn": "X57999924600900", "district": 5, "zonelabel": "R-3", "state_cd_clean": "C10", "use_desc": "REAL, VACANT PLATTED COMMERCIAL LOT", "targetlotarea": 680502, "existing_units": 0, "footprint_sqft": 0.0, "interior_sqft": 0.0, "coverage_pct": 0.0, "in_corridor": false, "in_historic": false, "context_type": "Suburban" }, "geometry": { "type": "Polygon", "coordinates": [ [ [ -106.246162263472741, 31.782292796824947 ], [ -106.246171434944273, 31.782292785532345 ], [ -106.244950022690148, 31.783431183311613 ], [ -106.244943110196459, 31.78343859072238 ], [ -106.244937453388019, 31.78344673856019 ], [ -106.244933158988786, 31.783455472956486 ], [ -106.244929916800061, 31.783466502313509 ], [ -106.244928844264422, 31.783477837701053 ], [ -106.244929970758136, 31.783489169810615 ], [ -106.244933266333959, 31.783500187513155 ], [ -106.244938640509659, 31.783510592364838 ], [ -106.244945945487174, 31.783520099363454 ], [ -106.2449549843178, 31.783528449222054 ], [ -106.24517975665384, 31.783704411444681 ], [ -106.245193651685426, 31.783704388807756 ], [ -106.246838701359337, 31.783701745570969 ], [ -106.247229041126715, 31.783701115826613 ], [ -106.24723508734688, 31.783701105627529 ], [ -106.247238293918301, 31.783701100768813 ], [ -106.247238077132508, 31.783701303896617 ], [ -106.249651073202841, 31.783698607443096 ], [ -106.249643197271936, 31.782288371282924 ], [ -106.249643032783453, 31.782258960402604 ], [ -106.247420517235625, 31.782258584264483 ], [ -106.247315135981964, 31.782258566026726 ], [ -106.246199170448364, 31.782258361384187 ], [ -106.246162263472741, 31.782292796824947 ] ] ] } },
{ "type": "Feature", "properties": { "pidn": "X57999924600900", "district": 5, "zonelabel": "R-3", "state_cd_clean": "C10", "use_desc": "REAL, VACANT PLATTED COMMERCIAL LOT", "targetlotarea": 680502, "existing_units": 0, "footprint_sqft": 0.0, "interior_sqft": 0.0, "coverage_pct": 0.0, "in_corridor": false, "in_historic": false, "context_type": "Suburban" }, "geometry": { "type": "Polygon", "coordinates": [ [ [ -106.246162263472741, 31.782292796824947 ], [ -106.246171434944273, 31.782292785532345 ], [ -106.244950022690148, 31.783431183311613 ], [ -106.244943110196459, 31.78343859072238 ], [ -106.244937453388019, 31.78344673856019 ], [ -106.244933158988786, 31.783455472956486 ], [ -106.244929916800061, 31.783466502313509 ], [ -106.244928844264422, 31.783477837701053 ], [ -106.244929970758136, 31.783489169810615 ], [ -106.244933266333959, 31.783500187513155 ], [ -106.244938640509659, 31.783510592364838 ], [ -106.244945945487174, 31.783520099363454 ], [ -106.2449549843178, 31.783528449222054 ], [ -106.24517975665384, 31.783704411444681 ], [ -106.245193651685426, 31.783704388807756 ], [ -106.246838701359337, 31.783701745570969 ], [ -106.247229041126715, 31.783701115826613 ], [ -106.24723508734688, 31.783701105627529 ], [ -106.247238293918301, 31.783701100768813 ], [ -106.247238077132508, 31.783701303896617 ], [ -106.249651073202841, 31.783698607443096 ], [ -106.249643197271936, 31.782288371282924 ], [ -106.249643032783453, 31.782258960402604 ], [ -106.247420517235625, 31.782258584264483 ], [ -106.247315135981964, 31.782258566026726 ], [ -106.246199170448364, 31.782258361384187 ], [ -106.246162263472741, 31.782292796824947 ] ] ] } },
{ "type": "Feature", "properties": { "pidn": "X57999924600900", "district": 5, "zonelabel": "R-3", "state_cd_clean": "C10", "use_desc": "REAL, VACANT PLATTED COMMERCIAL LOT", "targetlotarea": 680502, "existing_units": 0, "footprint_sqft": 0.0, "interior_sqft": 0.0, "coverage_pct": 0.0, "in_corridor": false, "in_historic": false, "context_type": "Suburban" }, "geometry": { "type": "Polygon", "coordinates": [ [ [ -106.246162263472741, 31.782292796824947 ], [ -106.246171434944273, 31.782292785532345 ], [ -106.244950022690148, 31.783431183311613 ], [ -106.244943110196459, 31.78343859072238 ], [ -106.244937453388019, 31.78344673856019 ], [ -106.244933158988786, 31.783455472956486 ], [ -106.244929916800061, 31.783466502313509 ], [ -106.244928844264422, 31.783477837701053 ], [ -106.244929970758136, 31.783489169810615 ], [ -106.244933266333959, 31.783500187513155 ], [ -106.244938640509659, 31.783510592364838 ], [ -106.244945945487174, 31.783520099363454 ], [ -106.2449549843178, 31.783528449222054 ], [ -106.24517975665384, 31.783704411444681 ], [ -106.245193651685426, 31.783704388807756 ], [ -106.246838701359337, 31.783701745570969 ], [ -106.247229041126715, 31.783701115826613 ], [ -106.24723508734688, 31.783701105627529 ], [ -106.247238293918301, 31.783701100768813 ], [ -106.247238077132508, 31.783701303896617 ], [ -106.249651073202841, 31.783698607443096 ], [ -106.249643197271936, 31.782288371282924 ], [ -106.249643032783453, 31.782258960402604 ], [ -106.247420517235625, 31.782258584264483 ], [ -106.247315135981964, 31.782258566026726 ], [ -106.246199170448364, 31.782258361384187 ], [ -106.246162263472741, 31.782292796824947 ] ] ] } },
{ "type": "Feature", "properties": { "pidn": "X57999924600900", "district": 5, "zonelabel": "R-3", "state_cd_clean": "C10", "use_desc": "REAL, VACANT PLATTED COMMERCIAL LOT", "targetlotarea": 680502, "existing_units": 0, "footprint_sqft": 0.0, "interior_sqft": 0.0, "coverage_pct": 0.0, "in_corridor": false, "in_historic": false, "context_type": "Suburban" }, "geometry": { "type": "Polygon", "coordinates": [ [ [ -106.246162263472741, 31.782292796824947 ], [ -106.246171434944273, 31.782292785532345 ], [ -106.244950022690148, 31.783431183311613 ], [ -106.244943110196459, 31.78343859072238 ], [ -106.244937453388019, 31.78344673856019 ], [ -106.244933158988786, 31.783455472956486 ], [ -106.244929916800061, 31.783466502313509 ], [ -106.244928844264422, 31.783477837701053 ], [ -106.244929970758136, 31.783489169810615 ], [ -106.244933266333959, 31.783500187513155 ], [ -106.244938640509659, 31.783510592364838 ], [ -106.244945945487174, 31.783520099363454 ], [ -106.2449549843178, 31.783528449222054 ], [ -106.24517975665384, 31.783704411444681 ], [ -106.245193651685426, 31.783704388807756 ], [ -106.246838701359337, 31.783701745570969 ], [ -106.247229041126715, 31.783701115826613 ], [ -106.24723508734688, 31.783701105627529 ], [ -106.247238293918301, 31.783701100768813 ], [ -106.247238077132508, 31.783701303896617 ], [ -106.249651073202841, 31.783698607443096 ], [ -106.249643197271936, 31.782288371282924 ], [ -106.249643032783453, 31.782258960402604 ], [ -106.247420517235625, 31.782258584264483 ], [ -106.247315135981964, 31.782258566026726 ], [ -106.246199170448364, 31.782258361384187 ], [ -106.246162263472741, 31.782292796824947 ] ] ] } },
{ "type": "Feature", "properties": { "pidn": "X57999924600900", "district": 5, "zonelabel": "R-3", "state_cd_clean": "C10", "use_desc": "REAL, VACANT PLATTED COMMERCIAL LOT", "targetlotarea": 680502, "existing_units": 0, "footprint_sqft": 0.0, "interior_sqft": 0.0, "coverage_pct": 0.0, "in_corridor": false, "in_historic": false, "context_type": "Suburban" }, "geometry": { "type": "Polygon", "coordinates": [ [ [ -106.246162263472741, 31.782292796824947 ], [ -106.246171434944273, 31.782292785532345 ], [ -106.244950022690148, 31.783431183311613 ], [ -106.244943110196459, 31.78343859072238 ], [ -106.244937453388019, 31.78344673856019 ], [ -106.244933158988786, 31.783455472956486 ], [ -106.244929916800061, 31.783466502313509 ], [ -106.244928844264422, 31.783477837701053 ], [ -106.244929970758136, 31.783489169810615 ], [ -106.244933266333959, 31.783500187513155 ], [ -106.244938640509659, 31.783510592364838 ], [ -106.244945945487174, 31.783520099363454 ], [ -106.2449549843178, 31.783528449222054 ], [ -106.24517975665384, 31.783704411444681 ], [ -106.245193651685426, 31.783704388807756 ], [ -106.246838701359337, 31.783701745570969 ], [ -106.247229041126715, 31.783701115826613 ], [ -106.24723508734688, 31.783701105627529 ], [ -106.247238293918301, 31.783701100768813 ], [ -106.247238077132508, 31.783701303896617 ], [ -106.249651073202841, 31.783698607443096 ], [ -106.249643197271936, 31.782288371282924 ], [ -106.249643032783453, 31.782258960402604 ], [ -106.247420517235625, 31.782258584264483 ], [ -106.247315135981964, 31.782258566026726 ], [ -106.246199170448364, 31.782258361384187 ], [ -106.246162263472741, 31.782292796824947 ] ] ] } },
{ "type": "Feature", "properties": { "pidn": "P64999900100100", "district": 5, "zonelabel": "C-3", "state_cd_clean": "F1", "use_desc": "COMM,ANY COMM OTHR THAN F2-F9", "targetlotarea": 79469, "existing_units": 0, "footprint_sqft": 0.0, "interior_sqft": 0.0, "coverage_pct": 0.0, "in_corridor": false, "in_historic": false, "context_type": "Suburban" }, "geometry": { "type": "Polygon", "coordinates": [ [ [ -106.244601516550745, 31.783755996630724 ], [ -106.24386255751844, 31.784444705464672 ], [ -106.243850046719814, 31.78445636536064 ], [ -106.245941682503599, 31.784452876494655 ], [ -106.245813057191711, 31.784412345768772 ], [ -106.245687069196023, 31.784366165094355 ], [ -106.245564057296448, 31.784314459976592 ], [ -106.245444354729727, 31.78425736881751 ], [ -106.245328285083886, 31.784195044908923 ], [ -106.245216159247235, 31.784127658377034 ], [ -106.245108280343288, 31.784055390539212 ], [ -106.245004940623886, 31.783978434948267 ], [ -106.244715386848128, 31.78375175874465 ], [ -106.244705421829892, 31.783745107325934 ], [ -106.244694361684211, 31.783739869417563 ], [ -106.244682477690972, 31.783736173585204 ], [ -106.244670063136368, 31.783734111268725 ], [ -106.244657424598202, 31.783733732662682 ], [ -106.244644871514311, 31.783735048996132 ], [ -106.244632714679909, 31.783738025376294 ], [ -106.244621251991575, 31.783742589563964 ], [ -106.244610766226259, 31.783748630268626 ], [ -106.244601516550745, 31.783755996630724 ] ] ] } },
{ "type": "Feature", "properties": { "pidn": "X57999924600900", "district": 5, "zonelabel": "R-5", "state_cd_clean": "C10", "use_desc": "REAL, VACANT PLATTED COMMERCIAL LOT", "targetlotarea": 81890, "existing_units": 0, "footprint_sqft": 0.0, "interior_sqft": 0.0, "coverage_pct": 0.0, "in_corridor": false, "in_historic": false, "context_type": "Suburban" }, "geometry": { "type": "Polygon", "coordinates": [ [ [ -106.24517975665384, 31.783704411444681 ], [ -106.245335293394376, 31.783826172942881 ], [ -106.245434968804119, 31.783895713750631 ], [ -106.24553929507654, 31.783960085763329 ], [ -106.245647904964315, 31.784019062710858 ], [ -106.24576041652324, 31.784072437054498 ], [ -106.245876433168505, 31.784120020887809 ], [ -106.245995549115207, 31.784161648398975 ], [ -106.246117342715735, 31.784197170754705 ], [ -106.246241388618955, 31.784226464579678 ], [ -106.24636724794486, 31.784249426983806 ], [ -106.246494479995022, 31.784265976836917 ], [ -106.246622637037348, 31.784276055908681 ], [ -106.246691558648138, 31.784211425328724 ], [ -106.247203150535285, 31.783733943538564 ], [ -106.247238293918301, 31.783701100768813 ], [ -106.24723508734688, 31.783701105627529 ], [ -106.245193651685426, 31.783704388807756 ], [ -106.24517975665384, 31.783704411444681 ] ] ] } },
{ "type": "Feature", "properties": { "pidn": "X57999924600900", "district": 5, "zonelabel": "R-5", "state_cd_clean": "C10", "use_desc": "REAL, VACANT PLATTED COMMERCIAL LOT", "targetlotarea": 81890, "existing_units": 0, "footprint_sqft": 0.0, "interior_sqft": 0.0, "coverage_pct": 0.0, "in_corridor": false, "in_historic": false, "context_type": "Suburban" }, "geometry": { "type": "Polygon", "coordinates": [ [ [ -106.24517975665384, 31.783704411444681 ], [ -106.245335293394376, 31.783826172942881 ], [ -106.245434968804119, 31.783895713750631 ], [ -106.24553929507654, 31.783960085763329 ], [ -106.245647904964315, 31.784019062710858 ], [ -106.24576041652324, 31.784072437054498 ], [ -106.245876433168505, 31.784120020887809 ], [ -106.245995549115207, 31.784161648398975 ], [ -106.246117342715735, 31.784197170754705 ], [ -106.246241388618955, 31.784226464579678 ], [ -106.24636724794486, 31.784249426983806 ], [ -106.246494479995022, 31.784265976836917 ], [ -106.246622637037348, 31.784276055908681 ], [ -106.246691558648138, 31.784211425328724 ], [ -106.247203150535285, 31.783733943538564 ], [ -106.247238293918301, 31.783701100768813 ], [ -106.24723508734688, 31.783701105627529 ], [ -106.245193651685426, 31.783704388807756 ], [ -106.24517975665384, 31.783704411444681 ] ] ] } },
{ "type": "Feature", "properties": { "pidn": "X57999924600900", "district": 5, "zonelabel": "R-5", "state_cd_clean": "C10", "use_desc": "REAL, VACANT PLATTED COMMERCIAL LOT", "targetlotarea": 81890, "existing_units": 0, "footprint_sqft": 0.0, "interior_sqft": 0.0, "coverage_pct": 0.0, "in_corridor": false, "in_historic": false, "context_type": "Suburban" }, "geometry": { "type": "Polygon", "coordinates": [ [ [ -106.24517975665384, 31.783704411444681 ], [ -106.245335293394376, 31.783826172942881 ], [ -106.245434968804119, 31.783895713750631 ], [ -106.24553929507654, 31.783960085763329 ], [ -106.245647904964315, 31.784019062710858 ], [ -106.24576041652324, 31.784072437054498 ], [ -106.245876433168505, 31.784120020887809 ], [ -106.245995549115207, 31.784161648398975 ], [ -106.246117342715735, 31.784197170754705 ], [ -106.246241388618955, 31.784226464579678 ], [ -106.24636724794486, 31.784249426983806 ], [ -106.246494479995022, 31.784265976836917 ], [ -106.246622637037348, 31.784276055908681 ], [ -106.246691558648138, 31.784211425328724 ], [ -106.247203150535285, 31.783733943538564 ], [ -106.247238293918301, 31.783701100768813 ], [ -106.24723508734688, 31.783701105627529 ], [ -106.245193651685426, 31.783704388807756 ], [ -106.24517975665384, 31.783704411444681 ] ] ] } },
{ "type": "Feature", "properties": { "pidn": "X57999924600900", "district": 5, "zonelabel": "R-5", "state_cd_clean": "C10", "use_desc": "REAL, VACANT PLATTED COMMERCIAL LOT", "targetlotarea": 81890, "existing_units": 0, "footprint_sqft": 0.0, "interior_sqft": 0.0, "coverage_pct": 0.0, "in_corridor": false, "in_historic": false, "context_type": "Suburban" }, "geometry": { "type": "Polygon", "coordinates": [ [ [ -106.24517975665384, 31.783704411444681 ], [ -106.245335293394376, 31.783826172942881 ], [ -106.245434968804119, 31.783895713750631 ], [ -106.24553929507654, 31.783960085763329 ], [ -106.245647904964315, 31.784019062710858 ], [ -106.24576041652324, 31.784072437054498 ], [ -106.245876433168505, 31.784120020887809 ], [ -106.245995549115207, 31.784161648398975 ], [ -106.246117342715735, 31.784197170754705 ], [ -106.246241388618955, 31.784226464579678 ], [ -106.24636724794486, 31.784249426983806 ], [ -106.246494479995022, 31.784265976836917 ], [ -106.246622637037348, 31.784276055908681 ], [ -106.246691558648138, 31.784211425328724 ], [ -106.247203150535285, 31.783733943538564 ], [ -106.247238293918301, 31.783701100768813 ], [ -106.24723508734688, 31.783701105627529 ], [ -106.245193651685426, 31.783704388807756 ], [ -106.24517975665384, 31.783704411444681 ] ] ] } },
{ "type": "Feature", "properties": { "pidn": "X57999924600900", "district": 5, "zonelabel": "R-5", "state_cd_clean": "C10", "use_desc": "REAL, VACANT PLATTED COMMERCIAL LOT", "targetlotarea": 81890, "existing_units": 0, "footprint_sqft": 0.0, "interior_sqft": 0.0, "coverage_pct": 0.0, "in_corridor": false, "in_historic": false, "context_type": "Suburban" }, "geometry": { "type": "Polygon", "coordinates": [ [ [ -106.24517975665384, 31.783704411444681 ], [ -106.245335293394376, 31.783826172942881 ], [ -106.245434968804119, 31.783895713750631 ], [ -106.24553929507654, 31.783960085763329 ], [ -106.245647904964315, 31.784019062710858 ], [ -106.24576041652324, 31.784072437054498 ], [ -106.245876433168505, 31.784120020887809 ], [ -106.245995549115207, 31.784161648398975 ], [ -106.246117342715735, 31.784197170754705 ], [ -106.246241388618955, 31.784226464579678 ], [ -106.24636724794486, 31.784249426983806 ], [ -106.246494479995022, 31.784265976836917 ], [ -106.246622637037348, 31.784276055908681 ], [ -106.246691558648138, 31.784211425328724 ], [ -106.247203150535285, 31.783733943538564 ], [ -106.247238293918301, 31.783701100768813 ], [ -106.24723508734688, 31.783701105627529 ], [ -106.245193651685426, 31.783704388807756 ], [ -106.24517975665384, 31.783704411444681 ] ] ] } },
{ "type": "Feature", "properties": { "pidn": "X57999924600900", "district": 5, "zonelabel": "R-5", "state_cd_clean": "C10", "use_desc": "REAL, VACANT PLATTED COMMERCIAL LOT", "targetlotarea": 81890, "existing_units": 0, "footprint_sqft": 0.0, "interior_sqft": 0.0, "coverage_pct": 0.0, "in_corridor": false, "in_historic": false, "context_type": "Suburban" }, "geometry": { "type": "Polygon", "coordinates": [ [ [ -106.24517975665384, 31.783704411444681 ], [ -106.245335293394376, 31.783826172942881 ], [ -106.245434968804119, 31.783895713750631 ], [ -106.24553929507654, 31.783960085763329 ], [ -106.245647904964315, 31.784019062710858 ], [ -106.24576041652324, 31.784072437054498 ], [ -106.245876433168505, 31.784120020887809 ], [ -106.245995549115207, 31.784161648398975 ], [ -106.246117342715735, 31.784197170754705 ], [ -106.246241388618955, 31.784226464579678 ], [ -106.24636724794486, 31.784249426983806 ], [ -106.246494479995022, 31.784265976836917 ], [ -106.246622637037348, 31.784276055908681 ], [ -106.246691558648138, 31.784211425328724 ], [ -106.247203150535285, 31.783733943538564 ], [ -106.247238293918301, 31.783701100768813 ], [ -106.24723508734688, 31.783701105627529 ], [ -106.245193651685426, 31.783704388807756 ], [ -106.24517975665384, 31.783704411444681 ] ] ] } },
{ "type": "Feature", "properties": { "pidn": "X57999924600900", "district": 5, "zonelabel": "R-5", "state_cd_clean": "C10", "use_desc": "REAL, VACANT PLATTED COMMERCIAL LOT", "targetlotarea": 66905, "existing_units": 0, "footprint_sqft": 0.0, "interior_sqft": 0.0, "coverage_pct": 0.0, "in_corridor": false, "in_historic": false, "context_type": "Suburban" }, "geometry": { "type": "Polygon", "coordinates": [ [ [ -106.245941682503599, 31.784452876494655 ], [ -106.24607343794078, 31.784487572301277 ], [ -106.246207171621961, 31.78451622270957 ], [ -106.246342501005358, 31.784538746654459 ], [ -106.24635507923216, 31.784526951581849 ], [ -106.246415729665955, 31.784470078506857 ], [ -106.246446232656851, 31.784441474923394 ], [ -106.246578475036387, 31.784317467419676 ], [ -106.246622637037348, 31.784276055908681 ], [ -106.246494479995022, 31.784265976836917 ], [ -106.24636724794486, 31.784249426983806 ], [ -106.246241388618955, 31.784226464579678 ], [ -106.246117342715735, 31.784197170754705 ], [ -106.245995549115207, 31.784161648398975 ], [ -106.245876433168505, 31.784120020887809 ], [ -106.24576041652324, 31.784072437054498 ], [ -106.245647904964315, 31.784019062710858 ], [ -106.24553929507654, 31.783960085763329 ], [ -106.245434968804119, 31.783895713750631 ], [ -106.245335293394376, 31.783826172942881 ], [ -106.24517975665384, 31.783704411444681 ], [ -106.2449549843178, 31.783528449222054 ], [ -106.244945945487174, 31.783520099363454 ], [ -106.244938639455356, 31.783510592412743 ], [ -106.244933265279627, 31.783500187561067 ], [ -106.24492997070206, 31.783489168909984 ], [ -106.244928844264422, 31.783477837701053 ], [ -106.244929916800061, 31.783466502313509 ], [ -106.24493315893271, 31.783455472055881 ], [ -106.244937453388019, 31.78344673856019 ], [ -106.244943110196459, 31.78343859072238 ], [ -106.244950022690148, 31.783431183311613 ], [ -106.244937574106444, 31.783442785409918 ], [ -106.244628083716236, 31.783731235469187 ], [ -106.244601516550745, 31.783755996630724 ], [ -106.244610766226259, 31.783748630268626 ], [ -106.244621251991575, 31.783742589563964 ], [ -106.244632714679909, 31.783738025376294 ], [ -106.244644871514311, 31.783735048996132 ], [ -106.244657424598202, 31.783733732662682 ], [ -106.244670063136368, 31.783734111268725 ], [ -106.244682477690972, 31.783736173585204 ], [ -106.244694361684211, 31.783739869417563 ], [ -106.244705421829892, 31.783745107325934 ], [ -106.244715386848128, 31.78375175874465 ], [ -106.245004940623886, 31.783978434948267 ], [ -106.245108280343288, 31.784055390539212 ], [ -106.245216159247235, 31.784127658377034 ], [ -106.245328285083886, 31.784195044908923 ], [ -106.245444354729727, 31.78425736881751 ], [ -106.245564057296448, 31.784314459976592 ], [ -106.245687069196023, 31.784366165094355 ], [ -106.245813057191711, 31.784412345768772 ], [ -106.245941682503599, 31.784452876494655 ] ] ] } },
{ "type": "Feature", "properties": { "pidn": "X57999924600900", "district": 5, "zonelabel": "R-5", "state_cd_clean": "C10", "use_desc": "REAL, VACANT PLATTED COMMERCIAL LOT", "targetlotarea": 66905, "existing_units": 0, "footprint_sqft": 0.0, "interior_sqft": 0.0, "coverage_pct": 0.0, "in_corridor": false, "in_historic": false, "context_type": "Suburban" }, "geometry": { "type": "Polygon", "coordinates": [ [ [ -106.245941682503599, 31.784452876494655 ], [ -106.24607343794078, 31.784487572301277 ], [ -106.246207171621961, 31.78451622270957 ], [ -106.246342501005358, 31.784538746654459 ], [ -106.24635507923216, 31.784526951581849 ], [ -106.246415729665955, 31.784470078506857 ], [ -106.246446232656851, 31.784441474923394 ], [ -106.246578475036387, 31.784317467419676 ], [ -106.246622637037348, 31.784276055908681 ], [ -106.246494479995022, 31.784265976836917 ], [ -106.24636724794486, 31.784249426983806 ], [ -106.246241388618955, 31.784226464579678 ], [ -106.246117342715735, 31.784197170754705 ], [ -106.245995549115207, 31.784161648398975 ], [ -106.245876433168505, 31.784120020887809 ], [ -106.24576041652324, 31.784072437054498 ], [ -106.245647904964315, 31.784019062710858 ], [ -106.24553929507654, 31.783960085763329 ], [ -106.245434968804119, 31.783895713750631 ], [ -106.245335293394376, 31.783826172942881 ], [ -106.24517975665384, 31.783704411444681 ], [ -106.2449549843178, 31.783528449222054 ], [ -106.244945945487174, 31.783520099363454 ], [ -106.244938639455356, 31.783510592412743 ], [ -106.244933265279627, 31.783500187561067 ], [ -106.24492997070206, 31.783489168909984 ], [ -106.244928844264422, 31.783477837701053 ], [ -106.244929916800061, 31.783466502313509 ], [ -106.24493315893271, 31.783455472055881 ], [ -106.244937453388019, 31.78344673856019 ], [ -106.244943110196459, 31.78343859072238 ], [ -106.244950022690148, 31.783431183311613 ], [ -106.244937574106444, 31.783442785409918 ], [ -106.244628083716236, 31.783731235469187 ], [ -106.244601516550745, 31.783755996630724 ], [ -106.244610766226259, 31.783748630268626 ], [ -106.244621251991575, 31.783742589563964 ], [ -106.244632714679909, 31.783738025376294 ], [ -106.244644871514311, 31.783735048996132 ], [ -106.244657424598202, 31.783733732662682 ], [ -106.244670063136368, 31.783734111268725 ], [ -106.244682477690972, 31.783736173585204 ], [ -106.244694361684211, 31.783739869417563 ], [ -106.244705421829892, 31.783745107325934 ], [ -106.244715386848128, 31.78375175874465 ], [ -106.245004940623886, 31.783978434948267 ], [ -106.245108280343288, 31.784055390539212 ], [ -106.245216159247235, 31.784127658377034 ], [ -106.245328285083886, 31.784195044908923 ], [ -106.245444354729727, 31.78425736881751 ], [ -106.245564057296448, 31.784314459976592 ], [ -106.245687069196023, 31.784366165094355 ], [ -106.245813057191711, 31.784412345768772 ], [ -106.245941682503599, 31.784452876494655 ] ] ] } },
{ "type": "Feature", "properties": { "pidn": "X57999924600900", "district": 5, "zonelabel": "R-5", "state_cd_clean": "C10", "use_desc": "REAL, VACANT PLATTED COMMERCIAL LOT", "targetlotarea": 66905, "existing_units": 0, "footprint_sqft": 0.0, "interior_sqft": 0.0, "coverage_pct": 0.0, "in_corridor": false, "in_historic": false, "context_type": "Suburban" }, "geometry": { "type": "Polygon", "coordinates": [ [ [ -106.245941682503599, 31.784452876494655 ], [ -106.24607343794078, 31.784487572301277 ], [ -106.246207171621961, 31.78451622270957 ], [ -106.246342501005358, 31.784538746654459 ], [ -106.24635507923216, 31.784526951581849 ], [ -106.246415729665955, 31.784470078506857 ], [ -106.246446232656851, 31.784441474923394 ], [ -106.246578475036387, 31.784317467419676 ], [ -106.246622637037348, 31.784276055908681 ], [ -106.246494479995022, 31.784265976836917 ], [ -106.24636724794486, 31.784249426983806 ], [ -106.246241388618955, 31.784226464579678 ], [ -106.246117342715735, 31.784197170754705 ], [ -106.245995549115207, 31.784161648398975 ], [ -106.245876433168505, 31.784120020887809 ], [ -106.24576041652324, 31.784072437054498 ], [ -106.245647904964315, 31.784019062710858 ], [ -106.24553929507654, 31.783960085763329 ], [ -106.245434968804119, 31.783895713750631 ], [ -106.245335293394376, 31.783826172942881 ], [ -106.24517975665384, 31.783704411444681 ], [ -106.2449549843178, 31.783528449222054 ], [ -106.244945945487174, 31.783520099363454 ], [ -106.244938639455356, 31.783510592412743 ], [ -106.244933265279627, 31.783500187561067 ], [ -106.24492997070206, 31.783489168909984 ], [ -106.244928844264422, 31.783477837701053 ], [ -106.244929916800061, 31.783466502313509 ], [ -106.24493315893271, 31.783455472055881 ], [ -106.244937453388019, 31.78344673856019 ], [ -106.244943110196459, 31.78343859072238 ], [ -106.244950022690148, 31.783431183311613 ], [ -106.244937574106444, 31.783442785409918 ], [ -106.244628083716236, 31.783731235469187 ], [ -106.244601516550745, 31.783755996630724 ], [ -106.244610766226259, 31.783748630268626 ], [ -106.244621251991575, 31.783742589563964 ], [ -106.244632714679909, 31.783738025376294 ], [ -106.244644871514311, 31.783735048996132 ], [ -106.244657424598202, 31.783733732662682 ], [ -106.244670063136368, 31.783734111268725 ], [ -106.244682477690972, 31.783736173585204 ], [ -106.244694361684211, 31.783739869417563 ], [ -106.244705421829892, 31.783745107325934 ], [ -106.244715386848128, 31.78375175874465 ], [ -106.245004940623886, 31.783978434948267 ], [ -106.245108280343288, 31.784055390539212 ], [ -106.245216159247235, 31.784127658377034 ], [ -106.245328285083886, 31.784195044908923 ], [ -106.245444354729727, 31.78425736881751 ], [ -106.245564057296448, 31.784314459976592 ], [ -106.245687069196023, 31.784366165094355 ], [ -106.245813057191711, 31.784412345768772 ], [ -106.245941682503599, 31.784452876494655 ] ] ] } },
{ "type": "Feature", "properties": { "pidn": "X57999924600900", "district": 5, "zonelabel": "R-5", "state_cd_clean": "C10", "use_desc": "REAL, VACANT PLATTED COMMERCIAL LOT", "targetlotarea": 66905, "existing_units": 0, "footprint_sqft": 0.0, "interior_sqft": 0.0, "coverage_pct": 0.0, "in_corridor": false, "in_historic": false, "context_type": "Suburban" }, "geometry": { "type": "Polygon", "coordinates": [ [ [ -106.245941682503599, 31.784452876494655 ], [ -106.24607343794078, 31.784487572301277 ], [ -106.246207171621961, 31.78451622270957 ], [ -106.246342501005358, 31.784538746654459 ], [ -106.24635507923216, 31.784526951581849 ], [ -106.246415729665955, 31.784470078506857 ], [ -106.246446232656851, 31.784441474923394 ], [ -106.246578475036387, 31.784317467419676 ], [ -106.246622637037348, 31.784276055908681 ], [ -106.246494479995022, 31.784265976836917 ], [ -106.24636724794486, 31.784249426983806 ], [ -106.246241388618955, 31.784226464579678 ], [ -106.246117342715735, 31.784197170754705 ], [ -106.245995549115207, 31.784161648398975 ], [ -106.245876433168505, 31.784120020887809 ], [ -106.24576041652324, 31.784072437054498 ], [ -106.245647904964315, 31.784019062710858 ], [ -106.24553929507654, 31.783960085763329 ], [ -106.245434968804119, 31.783895713750631 ], [ -106.245335293394376, 31.783826172942881 ], [ -106.24517975665384, 31.783704411444681 ], [ -106.2449549843178, 31.783528449222054 ], [ -106.244945945487174, 31.783520099363454 ], [ -106.244938639455356, 31.783510592412743 ], [ -106.244933265279627, 31.783500187561067 ], [ -106.24492997070206, 31.783489168909984 ], [ -106.244928844264422, 31.783477837701053 ], [ -106.244929916800061, 31.783466502313509 ], [ -106.24493315893271, 31.783455472055881 ], [ -106.244937453388019, 31.78344673856019 ], [ -106.244943110196459, 31.78343859072238 ], [ -106.244950022690148, 31.783431183311613 ], [ -106.244937574106444, 31.783442785409918 ], [ -106.244628083716236, 31.783731235469187 ], [ -106.244601516550745, 31.783755996630724 ], [ -106.244610766226259, 31.783748630268626 ], [ -106.244621251991575, 31.783742589563964 ], [ -106.244632714679909, 31.783738025376294 ], [ -106.244644871514311, 31.783735048996132 ], [ -106.244657424598202, 31.783733732662682 ], [ -106.244670063136368, 31.783734111268725 ], [ -106.244682477690972, 31.783736173585204 ], [ -106.244694361684211, 31.783739869417563 ], [ -106.244705421829892, 31.783745107325934 ], [ -106.244715386848128, 31.78375175874465 ], [ -106.245004940623886, 31.783978434948267 ], [ -106.245108280343288, 31.784055390539212 ], [ -106.245216159247235, 31.784127658377034 ], [ -106.245328285083886, 31.784195044908923 ], [ -106.245444354729727, 31.78425736881751 ], [ -106.245564057296448, 31.784314459976592 ], [ -106.245687069196023, 31.784366165094355 ], [ -106.245813057191711, 31.784412345768772 ], [ -106.245941682503599, 31.784452876494655 ] ] ] } },
{ "type": "Feature", "properties": { "pidn": "X57999924600900", "district": 5, "zonelabel": "R-5", "state_cd_clean": "C10", "use_desc": "REAL, VACANT PLATTED COMMERCIAL LOT", "targetlotarea": 66905, "existing_units": 0, "footprint_sqft": 0.0, "interior_sqft": 0.0, "coverage_pct": 0.0, "in_corridor": false, "in_historic": false, "context_type": "Suburban" }, "geometry": { "type": "Polygon", "coordinates": [ [ [ -106.245941682503599, 31.784452876494655 ], [ -106.24607343794078, 31.784487572301277 ], [ -106.246207171621961, 31.78451622270957 ], [ -106.246342501005358, 31.784538746654459 ], [ -106.24635507923216, 31.784526951581849 ], [ -106.246415729665955, 31.784470078506857 ], [ -106.246446232656851, 31.784441474923394 ], [ -106.246578475036387, 31.784317467419676 ], [ -106.246622637037348, 31.784276055908681 ], [ -106.246494479995022, 31.784265976836917 ], [ -106.24636724794486, 31.784249426983806 ], [ -106.246241388618955, 31.784226464579678 ], [ -106.246117342715735, 31.784197170754705 ], [ -106.245995549115207, 31.784161648398975 ], [ -106.245876433168505, 31.784120020887809 ], [ -106.24576041652324, 31.784072437054498 ], [ -106.245647904964315, 31.784019062710858 ], [ -106.24553929507654, 31.783960085763329 ], [ -106.245434968804119, 31.783895713750631 ], [ -106.245335293394376, 31.783826172942881 ], [ -106.24517975665384, 31.783704411444681 ], [ -106.2449549843178, 31.783528449222054 ], [ -106.244945945487174, 31.783520099363454 ], [ -106.244938639455356, 31.783510592412743 ], [ -106.244933265279627, 31.783500187561067 ], [ -106.24492997070206, 31.783489168909984 ], [ -106.244928844264422, 31.783477837701053 ], [ -106.244929916800061, 31.783466502313509 ], [ -106.24493315893271, 31.783455472055881 ], [ -106.244937453388019, 31.78344673856019 ], [ -106.244943110196459, 31.78343859072238 ], [ -106.244950022690148, 31.783431183311613 ], [ -106.244937574106444, 31.783442785409918 ], [ -106.244628083716236, 31.783731235469187 ], [ -106.244601516550745, 31.783755996630724 ], [ -106.244610766226259, 31.783748630268626 ], [ -106.244621251991575, 31.783742589563964 ], [ -106.244632714679909, 31.783738025376294 ], [ -106.244644871514311, 31.783735048996132 ], [ -106.244657424598202, 31.783733732662682 ], [ -106.244670063136368, 31.783734111268725 ], [ -106.244682477690972, 31.783736173585204 ], [ -106.244694361684211, 31.783739869417563 ], [ -106.244705421829892, 31.783745107325934 ], [ -106.244715386848128, 31.78375175874465 ], [ -106.245004940623886, 31.783978434948267 ], [ -106.245108280343288, 31.784055390539212 ], [ -106.245216159247235, 31.784127658377034 ], [ -106.245328285083886, 31.784195044908923 ], [ -106.245444354729727, 31.78425736881751 ], [ -106.245564057296448, 31.784314459976592 ], [ -106.245687069196023, 31.784366165094355 ], [ -106.245813057191711, 31.784412345768772 ], [ -106.245941682503599, 31.784452876494655 ] ] ] } },
{ "type": "Feature", "properties": { "pidn": "X57999924600900", "district": 5, "zonelabel": "R-5", "state_cd_clean": "C10", "use_desc": "REAL, VACANT PLATTED COMMERCIAL LOT", "targetlotarea": 66905, "existing_units": 0, "footprint_sqft": 0.0, "interior_sqft": 0.0, "coverage_pct": 0.0, "in_corridor": false, "in_historic": false, "context_type": "Suburban" }, "geometry": { "type": "Polygon", "coordinates": [ [ [ -106.245941682503599, 31.784452876494655 ], [ -106.24607343794078, 31.784487572301277 ], [ -106.246207171621961, 31.78451622270957 ], [ -106.246342501005358, 31.784538746654459 ], [ -106.24635507923216, 31.784526951581849 ], [ -106.246415729665955, 31.784470078506857 ], [ -106.246446232656851, 31.784441474923394 ], [ -106.246578475036387, 31.784317467419676 ], [ -106.246622637037348, 31.784276055908681 ], [ -106.246494479995022, 31.784265976836917 ], [ -106.24636724794486, 31.784249426983806 ], [ -106.246241388618955, 31.784226464579678 ], [ -106.246117342715735, 31.784197170754705 ], [ -106.245995549115207, 31.784161648398975 ], [ -106.245876433168505, 31.784120020887809 ], [ -106.24576041652324, 31.784072437054498 ], [ -106.245647904964315, 31.784019062710858 ], [ -106.24553929507654, 31.783960085763329 ], [ -106.245434968804119, 31.783895713750631 ], [ -106.245335293394376, 31.783826172942881 ], [ -106.24517975665384, 31.783704411444681 ], [ -106.2449549843178, 31.783528449222054 ], [ -106.244945945487174, 31.783520099363454 ], [ -106.244938639455356, 31.783510592412743 ], [ -106.244933265279627, 31.783500187561067 ], [ -106.24492997070206, 31.783489168909984 ], [ -106.244928844264422, 31.783477837701053 ], [ -106.244929916800061, 31.783466502313509 ], [ -106.24493315893271, 31.783455472055881 ], [ -106.244937453388019, 31.78344673856019 ], [ -106.244943110196459, 31.78343859072238 ], [ -106.244950022690148, 31.783431183311613 ], [ -106.244937574106444, 31.783442785409918 ], [ -106.244628083716236, 31.783731235469187 ], [ -106.244601516550745, 31.783755996630724 ], [ -106.244610766226259, 31.783748630268626 ], [ -106.244621251991575, 31.783742589563964 ], [ -106.244632714679909, 31.783738025376294 ], [ -106.244644871514311, 31.783735048996132 ], [ -106.244657424598202, 31.783733732662682 ], [ -106.244670063136368, 31.783734111268725 ], [ -106.244682477690972, 31.783736173585204 ], [ -106.244694361684211, 31.783739869417563 ], [ -106.244705421829892, 31.783745107325934 ], [ -106.244715386848128, 31.78375175874465 ], [ -106.245004940623886, 31.783978434948267 ], [ -106.245108280343288, 31.784055390539212 ], [ -106.245216159247235, 31.784127658377034 ], [ -106.245328285083886, 31.784195044908923 ], [ -106.245444354729727, 31.78425736881751 ], [ -106.245564057296448, 31.784314459976592 ], [ -106.245687069196023, 31.784366165094355 ], [ -106.245813057191711, 31.784412345768772 ], [ -106.245941682503599, 31.784452876494655 ] ] ] } },
{ "type": "Feature", "properties": { "pidn": null, "district": 5, "zonelabel": "R-5", "state_cd_clean": null, "use_desc": "Unknown", "targetlotarea": 429570, "existing_units": 0, "footprint_sqft": 0.0, "interior_sqft": 0.0, "coverage_pct": 0.0, "in_corridor": false, "in_historic": false, "context_type": "Suburban" }, "geometry": { "type": "Polygon", "coordinates": [ [ [ -106.223300294728688, 31.783751376404556 ], [ -106.216854096331431, 31.783751673908753 ], [ -106.216862900166689, 31.7843397562151 ], [ -106.223300329904475, 31.784343156197433 ], [ -106.223300294728688, 31.783751376404556 ] ] ] } },
{ "type": "Feature", "properties": { "pidn": null, "district": 5, "zonelabel": "G-MU", "state_cd_clean": null, "use_desc": "Unknown", "targetlotarea": 413129, "existing_units": 0, "footprint_sqft": 0.0, "interior_sqft": 0.0, "coverage_pct": 0.0, "in_corridor": false, "in_historic": false, "context_type": "Suburban" }, "geometry": { "type": "Polygon", "coordinates": [ [ [ -106.223300206607661, 31.782269546098757 ], [ -106.223135345134111, 31.78226997290119 ], [ -106.222948951530554, 31.782314024088755 ], [ -106.222764686470143, 31.782364182319895 ], [ -106.222582821192631, 31.782420372104635 ], [ -106.222403628657361, 31.782482511554434 ], [ -106.2222273736636, 31.782550506507686 ], [ -106.222054319567548, 31.782624256547351 ], [ -106.221884723842038, 31.782703651589514 ], [ -106.221718837189655, 31.782788574632718 ], [ -106.221556908591467, 31.782878897916724 ], [ -106.221391005244485, 31.782971044572719 ], [ -106.221220670540731, 31.783057090332253 ], [ -106.221046212092006, 31.78313688036981 ], [ -106.220867943456099, 31.78321027042961 ], [ -106.220686188409516, 31.783277127536056 ], [ -106.22050127268021, 31.783337333076943 ], [ -106.220313530936735, 31.783390776165476 ], [ -106.220123302018678, 31.783437361984511 ], [ -106.219930927491362, 31.783477005530052 ], [ -106.219736757196245, 31.78350963587566 ], [ -106.219541138539626, 31.783535193948115 ], [ -106.219344427147362, 31.783553633851259 ], [ -106.219146975210862, 31.783564922490473 ], [ -106.218949140920074, 31.783569038242664 ], [ -106.216931339531669, 31.783574392113671 ], [ -106.216917422726681, 31.783573394884815 ], [ -106.216903915784897, 31.783570361512062 ], [ -106.216891223951706, 31.783565382046895 ], [ -106.216879728687033, 31.783558606320344 ], [ -106.216869775676727, 31.78355023816324 ], [ -106.216861662732271, 31.783540527824968 ], [ -106.216855634184085, 31.783529766808247 ], [ -106.216851869723882, 31.783518278439026 ], [ -106.216850482736731, 31.783506408007391 ], [ -106.216673114460079, 31.783506215296082 ], [ -106.216676059835152, 31.783751454499747 ], [ -106.223300294043511, 31.78375133127863 ], [ -106.223300274472209, 31.783420892254057 ], [ -106.223300206607661, 31.782269546098757 ] ] ] } },
{ "type": "Feature", "properties": { "pidn": null, "district": 5, "zonelabel": "G-MU", "state_cd_clean": null, "use_desc": "Unknown", "targetlotarea": 217128, "existing_units": 0, "footprint_sqft": 0.0, "interior_sqft": 0.0, "coverage_pct": 0.0, "in_corridor": false, "in_historic": false, "context_type": "Suburban" }, "geometry": { "type": "Polygon", "coordinates": [ [ [ -106.223300274472209, 31.783420892254057 ], [ -106.224974595726721, 31.783420807938786 ], [ -106.224959410695391, 31.782333489919477 ], [ -106.224958033919222, 31.782321612739239 ], [ -106.224954276514879, 31.782310117011914 ], [ -106.224948251896919, 31.782299348020441 ], [ -106.22494014083783, 31.782289629031307 ], [ -106.224930186747599, 31.78228125338055 ], [ -106.224918688509248, 31.782274471250812 ], [ -106.2249059929308, 31.782269487303786 ], [ -106.22489248036824, 31.782266450493662 ], [ -106.224878556179107, 31.782265452647973 ], [ -106.223300206607661, 31.782269546098757 ], [ -106.223300274472209, 31.783420892254057 ] ] ] } },
{ "type": "Feature", "properties": { "pidn": "T28799913200200", "district": 5, "zonelabel": "C-3", "state_cd_clean": "C10", "use_desc": "REAL, VACANT PLATTED COMMERCIAL LOT", "targetlotarea": 309081, "existing_units": 0, "footprint_sqft": 0.0, "interior_sqft": 0.0, "coverage_pct": 0.0, "in_corridor": false, "in_historic": false, "context_type": "Suburban" }, "geometry": { "type": "Polygon", "coordinates": [ [ [ -106.248265457114201, 31.780330395681652 ], [ -106.248036199004133, 31.780544311893571 ], [ -106.248686663260614, 31.781055373208403 ], [ -106.247420517235625, 31.782258584264483 ], [ -106.249643032783453, 31.782258960402604 ], [ -106.2505105456964, 31.782257898618965 ], [ -106.250553508435672, 31.782257845823004 ], [ -106.250551963089592, 31.782084220985787 ], [ -106.250507864526796, 31.782049765421768 ], [ -106.250152311456759, 31.781771952125581 ], [ -106.249898437253165, 31.781573584912337 ], [ -106.249920106919078, 31.781552992951443 ], [ -106.249907886613769, 31.781543425241491 ], [ -106.249184886012998, 31.780977381197864 ], [ -106.248307916121163, 31.780290777731498 ], [ -106.248265457114201, 31.780330395681652 ] ] ] } },
{ "type": "Feature", "properties": { "pidn": null, "district": 5, "zonelabel": "G-MU", "state_cd_clean": null, "use_desc": "Unknown", "targetlotarea": 175307, "existing_units": 0, "footprint_sqft": 0.0, "interior_sqft": 0.0, "coverage_pct": 0.0, "in_corridor": false, "in_historic": false, "context_type": "Suburban" }, "geometry": { "type": "Polygon", "coordinates": [ [ [ -106.223300294043511, 31.78375133127863 ], [ -106.223300294728688, 31.783751376404556 ], [ -106.223300329904475, 31.784343156197433 ], [ -106.224987489709335, 31.784343994089024 ], [ -106.224979210925611, 31.783751246849171 ], [ -106.224974595726721, 31.783420807938786 ], [ -106.223300274472209, 31.783420892254057 ], [ -106.223300294043511, 31.78375133127863 ] ] ] } },
{ "type": "Feature", "properties": { "pidn": "X57999923300060", "district": 5, "zonelabel": "C-4", "state_cd_clean": "C10", "use_desc": "REAL, VACANT PLATTED COMMERCIAL LOT", "targetlotarea": 1010194, "existing_units": 0, "footprint_sqft": 9007.83997, "interior_sqft": 9007.83997, "coverage_pct": 0.0089169406767413001, "in_corridor": true, "in_historic": false, "context_type": "Suburban" }, "geometry": { "type": "Polygon", "coordinates": [ [ [ -106.248727138078834, 31.809286151495375 ], [ -106.248727358677641, 31.809307659719373 ], [ -106.248646383178539, 31.809318343179068 ], [ -106.248659230684666, 31.810337747190601 ], [ -106.248666632471256, 31.810924987107761 ], [ -106.248692313466321, 31.812962582961362 ], [ -106.248764876034059, 31.812962873130235 ], [ -106.249971356883378, 31.812967688942425 ], [ -106.250033314870961, 31.812967935765126 ], [ -106.251320884202457, 31.812973062676321 ], [ -106.251317730490229, 31.812666658213516 ], [ -106.250999126957524, 31.812665391424602 ], [ -106.250961370497279, 31.808995270689771 ], [ -106.248727138078834, 31.809286151495375 ] ] ] } },
{ "type": "Feature", "properties": { "pidn": "X57999923300060", "district": 5, "zonelabel": "C-4", "state_cd_clean": "C10", "use_desc": "REAL, VACANT PLATTED COMMERCIAL LOT", "targetlotarea": 1010194, "existing_units": 0, "footprint_sqft": 9007.83997, "interior_sqft": 9007.83997, "coverage_pct": 0.0089169406767413001, "in_corridor": true, "in_historic": false, "context_type": "Suburban" }, "geometry": { "type": "Polygon", "coordinates": [ [ [ -106.248727138078834, 31.809286151495375 ], [ -106.248727358677641, 31.809307659719373 ], [ -106.248646383178539, 31.809318343179068 ], [ -106.248659230684666, 31.810337747190601 ], [ -106.248666632471256, 31.810924987107761 ], [ -106.248692313466321, 31.812962582961362 ], [ -106.248764876034059, 31.812962873130235 ], [ -106.249971356883378, 31.812967688942425 ], [ -106.250033314870961, 31.812967935765126 ], [ -106.251320884202457, 31.812973062676321 ], [ -106.251317730490229, 31.812666658213516 ], [ -106.250999126957524, 31.812665391424602 ], [ -106.250961370497279, 31.808995270689771 ], [ -106.248727138078834, 31.809286151495375 ] ] ] } },
{ "type": "Feature", "properties": { "pidn": "X57999923300060", "district": 5, "zonelabel": "C-4", "state_cd_clean": "C10", "use_desc": "REAL, VACANT PLATTED COMMERCIAL LOT", "targetlotarea": 1010194, "existing_units": 0, "footprint_sqft": 9007.83997, "interior_sqft": 9007.83997, "coverage_pct": 0.0089169406767413001, "in_corridor": true, "in_historic": false, "context_type": "Suburban" }, "geometry": { "type": "Polygon", "coordinates": [ [ [ -106.248727138078834, 31.809286151495375 ], [ -106.248727358677641, 31.809307659719373 ], [ -106.248646383178539, 31.809318343179068 ], [ -106.248659230684666, 31.810337747190601 ], [ -106.248666632471256, 31.810924987107761 ], [ -106.248692313466321, 31.812962582961362 ], [ -106.248764876034059, 31.812962873130235 ], [ -106.249971356883378, 31.812967688942425 ], [ -106.250033314870961, 31.812967935765126 ], [ -106.251320884202457, 31.812973062676321 ], [ -106.251317730490229, 31.812666658213516 ], [ -106.250999126957524, 31.812665391424602 ], [ -106.250961370497279, 31.808995270689771 ], [ -106.248727138078834, 31.809286151495375 ] ] ] } },
{ "type": "Feature", "properties": { "pidn": "X57999923300060", "district": 5, "zonelabel": "C-4", "state_cd_clean": "C10", "use_desc": "REAL, VACANT PLATTED COMMERCIAL LOT", "targetlotarea": 1010194, "existing_units": 0, "footprint_sqft": 9007.83997, "interior_sqft": 9007.83997, "coverage_pct": 0.0089169406767413001, "in_corridor": true, "in_historic": false, "context_type": "Suburban" }, "geometry": { "type": "Polygon", "coordinates": [ [ [ -106.248727138078834, 31.809286151495375 ], [ -106.248727358677641, 31.809307659719373 ], [ -106.248646383178539, 31.809318343179068 ], [ -106.248659230684666, 31.810337747190601 ], [ -106.248666632471256, 31.810924987107761 ], [ -106.248692313466321, 31.812962582961362 ], [ -106.248764876034059, 31.812962873130235 ], [ -106.249971356883378, 31.812967688942425 ], [ -106.250033314870961, 31.812967935765126 ], [ -106.251320884202457, 31.812973062676321 ], [ -106.251317730490229, 31.812666658213516 ], [ -106.250999126957524, 31.812665391424602 ], [ -106.250961370497279, 31.808995270689771 ], [ -106.248727138078834, 31.809286151495375 ] ] ] } },
{ "type": "Feature", "properties": { "pidn": "X57999923400340", "district": 5, "zonelabel": "C-4", "state_cd_clean": "C10", "use_desc": "REAL, VACANT PLATTED COMMERCIAL LOT", "targetlotarea": 158388, "existing_units": 0, "footprint_sqft": 0.0, "interior_sqft": 0.0, "coverage_pct": 0.0, "in_corridor": true, "in_historic": false, "context_type": "Suburban" }, "geometry": { "type": "Polygon", "coordinates": [ [ [ -106.247994701423963, 31.812380485781937 ], [ -106.248003897771412, 31.812891572043668 ], [ -106.248005175052626, 31.812903428219599 ], [ -106.248008829317939, 31.8129149180754 ], [ -106.248014750310276, 31.812925698009568 ], [ -106.248022762282673, 31.81293544275 ], [ -106.248032622786695, 31.812943859859505 ], [ -106.248044036944663, 31.812950698118339 ], [ -106.248056661948638, 31.81295575183599 ], [ -106.248121994510981, 31.812960184892692 ], [ -106.248187531340719, 31.812960564372819 ], [ -106.248692313466321, 31.812962582961362 ], [ -106.248666632471256, 31.810924987107761 ], [ -106.247992479630739, 31.810930030409988 ], [ -106.247976433306548, 31.810930150028309 ], [ -106.247994701423963, 31.812380485781937 ] ] ] } },
{ "type": "Feature", "properties": { "pidn": "X57999923400340", "district": 5, "zonelabel": "C-4", "state_cd_clean": "C10", "use_desc": "REAL, VACANT PLATTED COMMERCIAL LOT", "targetlotarea": 158388, "existing_units": 0, "footprint_sqft": 0.0, "interior_sqft": 0.0, "coverage_pct": 0.0, "in_corridor": true, "in_historic": false, "context_type": "Suburban" }, "geometry": { "type": "Polygon", "coordinates": [ [ [ -106.247994701423963, 31.812380485781937 ], [ -106.248003897771412, 31.812891572043668 ], [ -106.248005175052626, 31.812903428219599 ], [ -106.248008829317939, 31.8129149180754 ], [ -106.248014750310276, 31.812925698009568 ], [ -106.248022762282673, 31.81293544275 ], [ -106.248032622786695, 31.812943859859505 ], [ -106.248044036944663, 31.812950698118339 ], [ -106.248056661948638, 31.81295575183599 ], [ -106.248121994510981, 31.812960184892692 ], [ -106.248187531340719, 31.812960564372819 ], [ -106.248692313466321, 31.812962582961362 ], [ -106.248666632471256, 31.810924987107761 ], [ -106.247992479630739, 31.810930030409988 ], [ -106.247976433306548, 31.810930150028309 ], [ -106.247994701423963, 31.812380485781937 ] ] ] } },
{ "type": "Feature", "properties": { "pidn": "X57999923400340", "district": 5, "zonelabel": "C-4", "state_cd_clean": "C10", "use_desc": "REAL, VACANT PLATTED COMMERCIAL LOT", "targetlotarea": 44297, "existing_units": 0, "footprint_sqft": 0.0, "interior_sqft": 0.0, "coverage_pct": 0.0, "in_corridor": true, "in_historic": false, "context_type": "Suburban" }, "geometry": { "type": "Polygon", "coordinates": [ [ [ -106.247966761291934, 31.810363179671686 ], [ -106.247971250093073, 31.810518646443114 ], [ -106.247976433306548, 31.810930150028309 ], [ -106.247992479630739, 31.810930030409988 ], [ -106.248666632471256, 31.810924987107761 ], [ -106.248659471558653, 31.810356815099286 ], [ -106.247981841762112, 31.810363040724621 ], [ -106.247966761291934, 31.810363179671686 ] ] ] } },
{ "type": "Feature", "properties": { "pidn": "X57999923400340", "district": 5, "zonelabel": "C-4", "state_cd_clean": "C10", "use_desc": "REAL, VACANT PLATTED COMMERCIAL LOT", "targetlotarea": 44297, "existing_units": 0, "footprint_sqft": 0.0, "interior_sqft": 0.0, "coverage_pct": 0.0, "in_corridor": true, "in_historic": false, "context_type": "Suburban" }, "geometry": { "type": "Polygon", "coordinates": [ [ [ -106.247966761291934, 31.810363179671686 ], [ -106.247971250093073, 31.810518646443114 ], [ -106.247976433306548, 31.810930150028309 ], [ -106.247992479630739, 31.810930030409988 ], [ -106.248666632471256, 31.810924987107761 ], [ -106.248659471558653, 31.810356815099286 ], [ -106.247981841762112, 31.810363040724621 ], [ -106.247966761291934, 31.810363179671686 ] ] ] } },
{ "type": "Feature", "properties": { "pidn": "X57999923400255", "district": 5, "zonelabel": "C-4", "state_cd_clean": "F1", "use_desc": "COMM,ANY COMM OTHR THAN F2-F9", "targetlotarea": 82781, "existing_units": 0, "footprint_sqft": 97306.17466, "interior_sqft": 277420.87786000001, "coverage_pct": 1.1754650784600329, "in_corridor": true, "in_historic": false, "context_type": "Suburban" }, "geometry": { "type": "Polygon", "coordinates": [ [ [ -106.247919114650131, 31.809414346577725 ], [ -106.247906495306196, 31.809416927759365 ], [ -106.247894536135504, 31.809421226515791 ], [ -106.247883553679529, 31.809427129116074 ], [ -106.247873842746614, 31.809434478563215 ], [ -106.247865660816814, 31.809443078915354 ], [ -106.247859654155477, 31.809451929926237 ], [ -106.247855273572711, 31.809461451226909 ], [ -106.247852617669793, 31.809471426098575 ], [ -106.24785174640823, 31.809481628740453 ], [ -106.24785267916846, 31.809491827067713 ], [ -106.247894707705441, 31.80972398051469 ], [ -106.247920773281734, 31.80988305199585 ], [ -106.247941481853204, 31.810042696566125 ], [ -106.247956814652241, 31.81020278322109 ], [ -106.247966761291934, 31.810363179671686 ], [ -106.247981841762112, 31.810363040724621 ], [ -106.248659471558653, 31.810356815099286 ], [ -106.248659230684666, 31.810337747190601 ], [ -106.248646383178539, 31.809318343179068 ], [ -106.247919114650131, 31.809414346577725 ] ] ] } },
{ "type": "Feature", "properties": { "pidn": "M98799900100100", "district": 5, "zonelabel": "C-2", "state_cd_clean": "F1", "use_desc": "COMM,ANY COMM OTHR THAN F2-F9", "targetlotarea": 44308, "existing_units": 0, "footprint_sqft": 0.0, "interior_sqft": 0.0, "coverage_pct": 0.0, "in_corridor": false, "in_historic": false, "context_type": "Suburban" }, "geometry": { "type": "Polygon", "coordinates": [ [ [ -106.230075381716105, 31.797816544589804 ], [ -106.230159378757662, 31.797859653577749 ], [ -106.230245671256739, 31.797899317787525 ], [ -106.230782703167179, 31.797401386843077 ], [ -106.230364154979924, 31.797072121051961 ], [ -106.229919497566641, 31.797484400630218 ], [ -106.229902415175204, 31.797503312405155 ], [ -106.22988943672577, 31.79752446946156 ], [ -106.229880958071561, 31.797547230698392 ], [ -106.229877235399272, 31.797570902639073 ], [ -106.229878382800763, 31.797594768441733 ], [ -106.229884364563929, 31.797618099989524 ], [ -106.229894999351217, 31.797640191116987 ], [ -106.229909965144657, 31.797660369127019 ], [ -106.229928805085606, 31.797678020717512 ], [ -106.230086256616545, 31.797801886084788 ], [ -106.230075381716105, 31.797816544589804 ] ] ] } },
{ "type": "Feature", "properties": { "pidn": "T28999900100160", "district": 5, "zonelabel": "P-R 2", "state_cd_clean": "F1", "use_desc": "COMM,ANY COMM OTHR THAN F2-F9", "targetlotarea": 43244, "existing_units": 0, "footprint_sqft": 0.0, "interior_sqft": 0.0, "coverage_pct": 0.0, "in_corridor": false, "in_historic": false, "context_type": "Suburban" }, "geometry": { "type": "Polygon", "coordinates": [ [ [ -106.266954815462014, 31.799526284710318 ], [ -106.266123595826059, 31.799533925284251 ], [ -106.266125204758524, 31.799608000760873 ], [ -106.266127623933031, 31.799719586960492 ], [ -106.266130045222283, 31.799831173058955 ], [ -106.266133580371019, 31.799994127550516 ], [ -106.266720063897168, 31.799988759169118 ], [ -106.26696480600323, 31.799986518434817 ], [ -106.266954815462014, 31.799526284710318 ] ] ] } },
{ "type": "Feature", "properties": { "pidn": "T28999900100160", "district": 5, "zonelabel": "C-4", "state_cd_clean": "F1", "use_desc": "COMM,ANY COMM OTHR THAN F2-F9", "targetlotarea": 35741, "existing_units": 0, "footprint_sqft": 0.0, "interior_sqft": 0.0, "coverage_pct": 0.0, "in_corridor": false, "in_historic": false, "context_type": "Suburban" }, "geometry": { "type": "Polygon", "coordinates": [ [ [ -106.26696480600323, 31.799986518434817 ], [ -106.267648035098503, 31.799980260398492 ], [ -106.26764552142015, 31.79951993126603 ], [ -106.266954815462014, 31.799526284710318 ], [ -106.26696480600323, 31.799986518434817 ] ] ] } },
{ "type": "Feature", "properties": { "pidn": "X57999924600900", "district": 5, "zonelabel": "C-3", "state_cd_clean": "C10", "use_desc": "REAL, VACANT PLATTED COMMERCIAL LOT", "targetlotarea": 35379, "existing_units": 0, "footprint_sqft": 0.0, "interior_sqft": 0.0, "coverage_pct": 0.0, "in_corridor": false, "in_historic": false, "context_type": "Suburban" }, "geometry": { "type": "Polygon", "coordinates": [ [ [ -106.246707703684166, 31.781783880992549 ], [ -106.246199170448364, 31.782258361384187 ], [ -106.247315135981964, 31.782258566026726 ], [ -106.247420517235625, 31.782258584264483 ], [ -106.246748355413857, 31.781745951575974 ], [ -106.246707703684166, 31.781783880992549 ] ] ] } },
{ "type": "Feature", "properties": { "pidn": "X57999924600900", "district": 5, "zonelabel": "C-3", "state_cd_clean": "C10", "use_desc": "REAL, VACANT PLATTED COMMERCIAL LOT", "targetlotarea": 35379, "existing_units": 0, "footprint_sqft": 0.0, "interior_sqft": 0.0, "coverage_pct": 0.0, "in_corridor": false, "in_historic": false, "context_type": "Suburban" }, "geometry": { "type": "Polygon", "coordinates": [ [ [ -106.246707703684166, 31.781783880992549 ], [ -106.246199170448364, 31.782258361384187 ], [ -106.247315135981964, 31.782258566026726 ], [ -106.247420517235625, 31.782258584264483 ], [ -106.246748355413857, 31.781745951575974 ], [ -106.246707703684166, 31.781783880992549 ] ] ] } },
{ "type": "Feature", "properties": { "pidn": "X57999924600900", "district": 5, "zonelabel": "C-3", "state_cd_clean": "C10", "use_desc": "REAL, VACANT PLATTED COMMERCIAL LOT", "targetlotarea": 35379, "existing_units": 0, "footprint_sqft": 0.0, "interior_sqft": 0.0, "coverage_pct": 0.0, "in_corridor": false, "in_historic": false, "context_type": "Suburban" }, "geometry": { "type": "Polygon", "coordinates": [ [ [ -106.246707703684166, 31.781783880992549 ], [ -106.246199170448364, 31.782258361384187 ], [ -106.247315135981964, 31.782258566026726 ], [ -106.247420517235625, 31.782258584264483 ], [ -106.246748355413857, 31.781745951575974 ], [ -106.246707703684166, 31.781783880992549 ] ] ] } },
{ "type": "Feature", "properties": { "pidn": "X57999924600900", "district": 5, "zonelabel": "C-3", "state_cd_clean": "C10", "use_desc": "REAL, VACANT PLATTED COMMERCIAL LOT", "targetlotarea": 35379, "existing_units": 0, "footprint_sqft": 0.0, "interior_sqft": 0.0, "coverage_pct": 0.0, "in_corridor": false, "in_historic": false, "context_type": "Suburban" }, "geometry": { "type": "Polygon", "coordinates": [ [ [ -106.246707703684166, 31.781783880992549 ], [ -106.246199170448364, 31.782258361384187 ], [ -106.247315135981964, 31.782258566026726 ], [ -106.247420517235625, 31.782258584264483 ], [ -106.246748355413857, 31.781745951575974 ], [ -106.246707703684166, 31.781783880992549 ] ] ] } },
{ "type": "Feature", "properties": { "pidn": "X57999924600900", "district": 5, "zonelabel": "C-3", "state_cd_clean": "C10", "use_desc": "REAL, VACANT PLATTED COMMERCIAL LOT", "targetlotarea": 35379, "existing_units": 0, "footprint_sqft": 0.0, "interior_sqft": 0.0, "coverage_pct": 0.0, "in_corridor": false, "in_historic": false, "context_type": "Suburban" }, "geometry": { "type": "Polygon", "coordinates": [ [ [ -106.246707703684166, 31.781783880992549 ], [ -106.246199170448364, 31.782258361384187 ], [ -106.247315135981964, 31.782258566026726 ], [ -106.247420517235625, 31.782258584264483 ], [ -106.246748355413857, 31.781745951575974 ], [ -106.246707703684166, 31.781783880992549 ] ] ] } },
{ "type": "Feature", "properties": { "pidn": "X57999924600900", "district": 5, "zonelabel": "C-3", "state_cd_clean": "C10", "use_desc": "REAL, VACANT PLATTED COMMERCIAL LOT", "targetlotarea": 35379, "existing_units": 0, "footprint_sqft": 0.0, "interior_sqft": 0.0, "coverage_pct": 0.0, "in_corridor": false, "in_historic": false, "context_type": "Suburban" }, "geometry": { "type": "Polygon", "coordinates": [ [ [ -106.246707703684166, 31.781783880992549 ], [ -106.246199170448364, 31.782258361384187 ], [ -106.247315135981964, 31.782258566026726 ], [ -106.247420517235625, 31.782258584264483 ], [ -106.246748355413857, 31.781745951575974 ], [ -106.246707703684166, 31.781783880992549 ] ] ] } },
{ "type": "Feature", "properties": { "pidn": "X57999924600900", "district": 5, "zonelabel": "C-3", "state_cd_clean": "C10", "use_desc": "REAL, VACANT PLATTED COMMERCIAL LOT", "targetlotarea": 40147, "existing_units": 0, "footprint_sqft": 0.0, "interior_sqft": 0.0, "coverage_pct": 0.0, "in_corridor": false, "in_historic": false, "context_type": "Suburban" }, "geometry": { "type": "Polygon", "coordinates": [ [ [ -106.246748355413857, 31.781745951575974 ], [ -106.247420517235625, 31.782258584264483 ], [ -106.24772848913301, 31.781965924824991 ], [ -106.247061910897798, 31.781453388509082 ], [ -106.246748355413857, 31.781745951575974 ] ] ] } },
{ "type": "Feature", "properties": { "pidn": "X57999924600900", "district": 5, "zonelabel": "C-3", "state_cd_clean": "C10", "use_desc": "REAL, VACANT PLATTED COMMERCIAL LOT", "targetlotarea": 40147, "existing_units": 0, "footprint_sqft": 0.0, "interior_sqft": 0.0, "coverage_pct": 0.0, "in_corridor": false, "in_historic": false, "context_type": "Suburban" }, "geometry": { "type": "Polygon", "coordinates": [ [ [ -106.246748355413857, 31.781745951575974 ], [ -106.247420517235625, 31.782258584264483 ], [ -106.24772848913301, 31.781965924824991 ], [ -106.247061910897798, 31.781453388509082 ], [ -106.246748355413857, 31.781745951575974 ] ] ] } },
{ "type": "Feature", "properties": { "pidn": "X57999924600900", "district": 5, "zonelabel": "C-3", "state_cd_clean": "C10", "use_desc": "REAL, VACANT PLATTED COMMERCIAL LOT", "targetlotarea": 40147, "existing_units": 0, "footprint_sqft": 0.0, "interior_sqft": 0.0, "coverage_pct": 0.0, "in_corridor": false, "in_historic": false, "context_type": "Suburban" }, "geometry": { "type": "Polygon", "coordinates": [ [ [ -106.246748355413857, 31.781745951575974 ], [ -106.247420517235625, 31.782258584264483 ], [ -106.24772848913301, 31.781965924824991 ], [ -106.247061910897798, 31.781453388509082 ], [ -106.246748355413857, 31.781745951575974 ] ] ] } },
{ "type": "Feature", "properties": { "pidn": "X57999924600900", "district": 5, "zonelabel": "C-3", "state_cd_clean": "C10", "use_desc": "REAL, VACANT PLATTED COMMERCIAL LOT", "targetlotarea": 40147, "existing_units": 0, "footprint_sqft": 0.0, "interior_sqft": 0.0, "coverage_pct": 0.0, "in_corridor": false, "in_historic": false, "context_type": "Suburban" }, "geometry": { "type": "Polygon", "coordinates": [ [ [ -106.246748355413857, 31.781745951575974 ], [ -106.247420517235625, 31.782258584264483 ], [ -106.24772848913301, 31.781965924824991 ], [ -106.247061910897798, 31.781453388509082 ], [ -106.246748355413857, 31.781745951575974 ] ] ] } },
{ "type": "Feature", "properties": { "pidn": "X57999924600900", "district": 5, "zonelabel": "C-3", "state_cd_clean": "C10", "use_desc": "REAL, VACANT PLATTED COMMERCIAL LOT", "targetlotarea": 40147, "existing_units": 0, "footprint_sqft": 0.0, "interior_sqft": 0.0, "coverage_pct": 0.0, "in_corridor": false, "in_historic": false, "context_type": "Suburban" }, "geometry": { "type": "Polygon", "coordinates": [ [ [ -106.246748355413857, 31.781745951575974 ], [ -106.247420517235625, 31.782258584264483 ], [ -106.24772848913301, 31.781965924824991 ], [ -106.247061910897798, 31.781453388509082 ], [ -106.246748355413857, 31.781745951575974 ] ] ] } },
{ "type": "Feature", "properties": { "pidn": "X57999924600900", "district": 5, "zonelabel": "C-3", "state_cd_clean": "C10", "use_desc": "REAL, VACANT PLATTED COMMERCIAL LOT", "targetlotarea": 40147, "existing_units": 0, "footprint_sqft": 0.0, "interior_sqft": 0.0, "coverage_pct": 0.0, "in_corridor": false, "in_historic": false, "context_type": "Suburban" }, "geometry": { "type": "Polygon", "coordinates": [ [ [ -106.246748355413857, 31.781745951575974 ], [ -106.247420517235625, 31.782258584264483 ], [ -106.24772848913301, 31.781965924824991 ], [ -106.247061910897798, 31.781453388509082 ], [ -106.246748355413857, 31.781745951575974 ] ] ] } },
{ "type": "Feature", "properties": { "pidn": null, "district": 5, "zonelabel": "C-2", "state_cd_clean": null, "use_desc": "Unknown", "targetlotarea": 69596, "existing_units": 0, "footprint_sqft": 0.0, "interior_sqft": 0.0, "coverage_pct": 0.0, "in_corridor": false, "in_historic": false, "context_type": "Suburban" }, "geometry": { "type": "Polygon", "coordinates": [ [ [ -106.237166565744232, 31.790684995640618 ], [ -106.236597150935225, 31.791216136877395 ], [ -106.236541253848443, 31.791268277016677 ], [ -106.236539036106251, 31.79127034557818 ], [ -106.236536399192886, 31.791280262501378 ], [ -106.236535601662482, 31.791290409367051 ], [ -106.236535597544176, 31.791290683206135 ], [ -106.236536288092083, 31.791300562966914 ], [ -106.236538855058967, 31.791310213999711 ], [ -106.236543228538977, 31.791319379370595 ], [ -106.236549293789849, 31.791327812308346 ], [ -106.236556886688476, 31.79133528815079 ], [ -106.236565805553781, 31.791341607421547 ], [ -106.236570795137922, 31.79134639711101 ], [ -106.23705297714433, 31.791729290447591 ], [ -106.237709941412817, 31.791116479977582 ], [ -106.237166565744232, 31.790684995640618 ] ] ] } },
{ "type": "Feature", "properties": { "pidn": "H806999U5400184", "district": 5, "zonelabel": "C-4", "state_cd_clean": "F1", "use_desc": "COMM,ANY COMM OTHR THAN F2-F9", "targetlotarea": 52032, "existing_units": 0, "footprint_sqft": 10679.7002, "interior_sqft": 21359.4004, "coverage_pct": 0.20525254074415744, "in_corridor": true, "in_historic": false, "context_type": "Suburban" }, "geometry": { "type": "Polygon", "coordinates": [ [ [ -106.260149196035499, 31.807069280221555 ], [ -106.260158417813344, 31.807157624274392 ], [ -106.260159717613021, 31.807169326766683 ], [ -106.260163334319358, 31.807180669056176 ], [ -106.260169161532957, 31.807191319114363 ], [ -106.26017702959237, 31.80720096495341 ], [ -106.260186707303532, 31.8072093253855 ], [ -106.260197911712396, 31.807216154093094 ], [ -106.26021031527597, 31.807221252849946 ], [ -106.260223554355505, 31.807224472037401 ], [ -106.260237243319921, 31.807225716324162 ], [ -106.260250979158059, 31.807224950778295 ], [ -106.261048949686113, 31.807121399343846 ], [ -106.260969016014926, 31.806673919678442 ], [ -106.260819274989998, 31.806596449199393 ], [ -106.260816328455789, 31.806579954647738 ], [ -106.26019184584473, 31.806661299068658 ], [ -106.260189791173786, 31.806756986284768 ], [ -106.260188222993378, 31.806891861485571 ], [ -106.260187213012784, 31.806939686687709 ], [ -106.260179587987508, 31.806977574167554 ], [ -106.260149196035499, 31.807069280221555 ] ] ] } },
{ "type": "Feature", "properties": { "pidn": "H806999U5400184", "district": 5, "zonelabel": "C-4", "state_cd_clean": "F1", "use_desc": "COMM,ANY COMM OTHR THAN F2-F9", "targetlotarea": 1037, "existing_units": 0, "footprint_sqft": 10679.7002, "interior_sqft": 21359.4004, "coverage_pct": 10.298650144648022, "in_corridor": true, "in_historic": false, "context_type": "Suburban" }, "geometry": { "type": "Polygon", "coordinates": [ [ [ -106.26019184584473, 31.806661299068658 ], [ -106.260163277372413, 31.806669464952218 ], [ -106.260162545000114, 31.806687153935268 ], [ -106.260160514792375, 31.806736136474807 ], [ -106.260168059280886, 31.806856946499416 ], [ -106.260162372707825, 31.806957882022107 ], [ -106.260144599192586, 31.807025239865428 ], [ -106.260149196035499, 31.807069280221555 ], [ -106.260179587987508, 31.806977574167554 ], [ -106.260187213012784, 31.806939686687709 ], [ -106.260188222993378, 31.806891861485571 ], [ -106.260189791173786, 31.806756986284768 ], [ -106.26019184584473, 31.806661299068658 ] ] ] } },
{ "type": "Feature", "properties": { "pidn": " ", "district": 5, "zonelabel": "C-2", "state_cd_clean": "", "use_desc": "Unknown", "targetlotarea": 4105, "existing_units": 0, "footprint_sqft": 0.0, "interior_sqft": 0.0, "coverage_pct": 0.0, "in_corridor": false, "in_historic": false, "context_type": "Suburban" }, "geometry": { "type": "Polygon", "coordinates": [ [ [ -106.239148044652481, 31.78222824016423 ], [ -106.238716291875235, 31.782229422408136 ], [ -106.238716378345543, 31.782250545800789 ], [ -106.238716506255628, 31.782250545414033 ], [ -106.238716636016264, 31.782313599052181 ], [ -106.239148384841485, 31.782312313142086 ], [ -106.239148044652481, 31.78222824016423 ] ] ] } },
{ "type": "Feature", "properties": { "pidn": "T287999370001B0", "district": 5, "zonelabel": "C-2", "state_cd_clean": "XV-C", "use_desc": "COMMERCIAL public, religous, charitable, misc", "targetlotarea": 202403, "existing_units": 0, "footprint_sqft": 0.0, "interior_sqft": 0.0, "coverage_pct": 0.0, "in_corridor": false, "in_historic": false, "context_type": "Suburban" }, "geometry": { "type": "Polygon", "coordinates": [ [ [ -106.231399685289929, 31.769138577024236 ], [ -106.23151258393078, 31.769138347928607 ], [ -106.231512292603739, 31.769033628418995 ], [ -106.232106692519849, 31.769032419561086 ], [ -106.232090238047931, 31.7678146207476 ], [ -106.230713342900088, 31.767817538198607 ], [ -106.23069376191134, 31.767817579635285 ], [ -106.230683609785586, 31.767818288237773 ], [ -106.230673714236701, 31.76782035347793 ], [ -106.230664322586236, 31.767823723502229 ], [ -106.230655668546305, 31.76782831456056 ], [ -106.230647968058562, 31.767834012098437 ], [ -106.230641414191425, 31.767840673697521 ], [ -106.230636168986194, 31.767848133961088 ], [ -106.230632363569029, 31.767856206315098 ], [ -106.23063009332742, 31.76786469045221 ], [ -106.230629413749725, 31.767873373423424 ], [ -106.230646154301084, 31.769035385563576 ], [ -106.231399393033101, 31.769033857562185 ], [ -106.231399685289929, 31.769138577024236 ] ] ] } },
{ "type": "Feature", "properties": { "pidn": "V63999900000000", "district": 5, "zonelabel": "R-5", "state_cd_clean": "XV-R", "use_desc": "RESIDENTIAL, public, religous, charitable, misc", "targetlotarea": 257687, "existing_units": 0, "footprint_sqft": 0.0, "interior_sqft": 0.0, "coverage_pct": 0.0, "in_corridor": false, "in_historic": false, "context_type": "Suburban" }, "geometry": { "type": "Polygon", "coordinates": [ [ [ -106.234608867960546, 31.769386261776365 ], [ -106.234475923365181, 31.769425567275125 ], [ -106.234340712154776, 31.769458750038833 ], [ -106.23420361859182, 31.769485715863748 ], [ -106.234065035327333, 31.769506386423949 ], [ -106.233925357355417, 31.76952070406119 ], [ -106.233914871746975, 31.769522292348107 ], [ -106.233904836018155, 31.769525335974681 ], [ -106.233895525107712, 31.769529751121564 ], [ -106.233887193738425, 31.769535417857419 ], [ -106.233880070036079, 31.769542179524734 ], [ -106.233874348766065, 31.76954985298191 ], [ -106.233870185893977, 31.769558226139985 ], [ -106.233867696263047, 31.76956707161527 ], [ -106.233866947268751, 31.76957614701643 ], [ -106.233898628326699, 31.771752335987419 ], [ -106.233899732338415, 31.771761815937374 ], [ -106.233902735153606, 31.771770991201663 ], [ -106.233907545626622, 31.771779585938202 ], [ -106.233914020908244, 31.771787342906638 ], [ -106.233921965671286, 31.771794028019187 ], [ -106.233931142382318, 31.771799442518841 ], [ -106.23394127440811, 31.771803421935601 ], [ -106.23395205944999, 31.771805848120842 ], [ -106.23396317154041, 31.771806647350928 ], [ -106.234577919948634, 31.771805229370518 ], [ -106.234721551788354, 31.771805978795157 ], [ -106.234790795033248, 31.771807382334526 ], [ -106.234831646605116, 31.771808210602007 ], [ -106.234865146752426, 31.771808890066854 ], [ -106.234862943175358, 31.771657665599513 ], [ -106.234860940848051, 31.771520189664727 ], [ -106.234858937416348, 31.771382712869766 ], [ -106.23485693510068, 31.771245236920066 ], [ -106.234854931680573, 31.771107760110233 ], [ -106.234852929320454, 31.770970283245074 ], [ -106.234850925967919, 31.770832807320961 ], [ -106.234848923619438, 31.77069533044099 ], [ -106.234846920278486, 31.770557854502009 ], [ -106.234844917941544, 31.770420377607184 ], [ -106.234842914612258, 31.770282901653363 ], [ -106.234840912286899, 31.770145424743699 ], [ -106.234838909967351, 31.770007947826553 ], [ -106.234836906655417, 31.769870471850492 ], [ -106.234834904347466, 31.769732994918531 ], [ -106.234829190434752, 31.769340737993588 ], [ -106.234739163854158, 31.769340945711988 ], [ -106.234608867960546, 31.769386261776365 ] ] ] } },
{ "type": "Feature", "properties": { "pidn": "T287999370001A0", "district": 5, "zonelabel": "C-2", "state_cd_clean": "C10", "use_desc": "REAL, VACANT PLATTED COMMERCIAL LOT", "targetlotarea": 8394, "existing_units": 0, "footprint_sqft": 0.0, "interior_sqft": 0.0, "coverage_pct": 0.0, "in_corridor": false, "in_historic": false, "context_type": "Suburban" }, "geometry": { "type": "Polygon", "coordinates": [ [ [ -106.23151258393078, 31.769138347928607 ], [ -106.231512825899358, 31.769138345989347 ], [ -106.232222203236702, 31.769136903501689 ], [ -106.232220726250986, 31.769032187145807 ], [ -106.232106692519849, 31.769032419561086 ], [ -106.231512292603739, 31.769033628418995 ], [ -106.23151258393078, 31.769138347928607 ] ] ] } },
{ "type": "Feature", "properties": { "pidn": "X57999930200500", "district": 5, "zonelabel": "C-2", "state_cd_clean": "C10", "use_desc": "REAL, VACANT PLATTED COMMERCIAL LOT", "targetlotarea": 514313, "existing_units": 0, "footprint_sqft": 0.0, "interior_sqft": 0.0, "coverage_pct": 0.0, "in_corridor": false, "in_historic": false, "context_type": "Suburban" }, "geometry": { "type": "Polygon", "coordinates": [ [ [ -106.221353352829183, 31.769076758999304 ], [ -106.221354550113659, 31.769087900183663 ], [ -106.221357849647788, 31.769098727656068 ], [ -106.221363162761477, 31.769108953714159 ], [ -106.22137034996679, 31.7691183065029 ], [ -106.221379220406305, 31.769126538167466 ], [ -106.221389537403283, 31.769133429118117 ], [ -106.221399682009945, 31.769138273217806 ], [ -106.221410536683138, 31.769141816260145 ], [ -106.221421878010347, 31.769143984364739 ], [ -106.221433465390604, 31.7691447333297 ], [ -106.221433712742069, 31.769144732971746 ], [ -106.224754796532267, 31.769144762136644 ], [ -106.224768435442385, 31.76914376604369 ], [ -106.224781677710268, 31.769140807313953 ], [ -106.224794140638153, 31.769135971015142 ], [ -106.224804337077259, 31.769130164422872 ], [ -106.224813382591392, 31.769123102198087 ], [ -106.224821065188621, 31.769114945670179 ], [ -106.224827206514888, 31.769105887158396 ], [ -106.224831665232401, 31.76909613627177 ], [ -106.224834336963696, 31.769085919008219 ], [ -106.224835159339023, 31.769075473913464 ], [ -106.224827646715966, 31.768375280981456 ], [ -106.224826579882048, 31.768365805623127 ], [ -106.224823614004649, 31.768356630315292 ], [ -106.224818838092631, 31.76834803100207 ], [ -106.224812395964491, 31.768340263985412 ], [ -106.22480448191989, 31.768333564314972 ], [ -106.224795332522291, 31.768328132613004 ], [ -106.224785222158403, 31.76832413166311 ], [ -106.224774455379787, 31.768321682241151 ], [ -106.224763355969699, 31.768320857288604 ], [ -106.222524040164345, 31.768320847228498 ], [ -106.222508547699576, 31.768321647931025 ], [ -106.222491946330905, 31.768324324088429 ], [ -106.22247589968535, 31.768328836512726 ], [ -106.222473663370806, 31.768329596144451 ], [ -106.222437998407642, 31.76833869597484 ], [ -106.222401064857635, 31.768342648399955 ], [ -106.222363874107444, 31.76834134622003 ], [ -106.222327444205504, 31.768334823728708 ], [ -106.222292770455951, 31.768323259850167 ], [ -106.222260802777228, 31.768306971035916 ], [ -106.222232415569707, 31.768286402693864 ], [ -106.222208384851498, 31.76826211848217 ], [ -106.222189369164042, 31.768234782207262 ], [ -106.222175887427227, 31.768205141666229 ], [ -106.222168310275762, 31.768174008266474 ], [ -106.222166843793246, 31.768142233376572 ], [ -106.222171528172154, 31.768110686711847 ], [ -106.222182236150573, 31.768080231116912 ], [ -106.222187260305404, 31.76806686111707 ], [ -106.222190246617942, 31.768053053220786 ], [ -106.22219114774353, 31.768039032648307 ], [ -106.222173508415025, 31.766390749453503 ], [ -106.222172441867926, 31.766381274066099 ], [ -106.222169475198712, 31.766372097837799 ], [ -106.222164699570726, 31.766363497519954 ], [ -106.222158257793993, 31.766355730365998 ], [ -106.222150343047645, 31.766349030576752 ], [ -106.222141191884475, 31.766343598779521 ], [ -106.222131081843443, 31.766339597620416 ], [ -106.222120314359714, 31.766337148925455 ], [ -106.222109214206142, 31.766336324694372 ], [ -106.22138780167792, 31.766336373818046 ], [ -106.22138626673383, 31.766336373752196 ], [ -106.221376146091472, 31.766337059436044 ], [ -106.221366278447334, 31.766339097416779 ], [ -106.221356909071801, 31.766342436854501 ], [ -106.221348272791545, 31.766346994868695 ], [ -106.221340582393537, 31.766352657063404 ], [ -106.221334032178902, 31.766359283688075 ], [ -106.221328784146735, 31.766366708456903 ], [ -106.221324969495271, 31.766374745705804 ], [ -106.221322683741846, 31.766383196935227 ], [ -106.22132198344886, 31.766391849152402 ], [ -106.221353352829183, 31.769076758999304 ] ] ] } },
{ "type": "Feature", "properties": { "pidn": "X57900030300080", "district": 5, "zonelabel": "C-2", "state_cd_clean": "E", "use_desc": "RURAL LND, NON- QUALIFIED OP-SPACE APPRL & RES IM", "targetlotarea": 8331, "existing_units": 0, "footprint_sqft": 0.0, "interior_sqft": 0.0, "coverage_pct": 0.0, "in_corridor": false, "in_historic": false, "context_type": "Suburban" }, "geometry": { "type": "Polygon", "coordinates": [ [ [ -106.233672991840848, 31.76913393851984 ], [ -106.233689063907576, 31.769133905876892 ], [ -106.23368722411162, 31.768975184031735 ], [ -106.233635921396285, 31.764549030933743 ], [ -106.233623935851256, 31.764549132033398 ], [ -106.233619850160039, 31.764549166526859 ], [ -106.233672991840848, 31.76913393851984 ] ] ] } },
{ "type": "Feature", "properties": { "pidn": "T287999370001A0", "district": 5, "zonelabel": "C-2", "state_cd_clean": "C10", "use_desc": "REAL, VACANT PLATTED COMMERCIAL LOT", "targetlotarea": 138326, "existing_units": 0, "footprint_sqft": 0.0, "interior_sqft": 0.0, "coverage_pct": 0.0, "in_corridor": false, "in_historic": false, "context_type": "Suburban" }, "geometry": { "type": "Polygon", "coordinates": [ [ [ -106.233446763351793, 31.7691344018547 ], [ -106.2334470001054, 31.769134401051478 ], [ -106.233458849854088, 31.769133585440294 ], [ -106.233462707541477, 31.769132838782443 ], [ -106.233470420780122, 31.769131294083824 ], [ -106.23347486406108, 31.769129831763131 ], [ -106.233481462284558, 31.769127577183347 ], [ -106.233487536191831, 31.769124625670312 ], [ -106.233492063656328, 31.769122357534222 ], [ -106.233497827501395, 31.769118448294748 ], [ -106.233501619435657, 31.769115826970356 ], [ -106.233507180878462, 31.769110685079973 ], [ -106.233509906431891, 31.769108136506116 ], [ -106.233516741802674, 31.769099457001513 ], [ -106.23352135765758, 31.769091279161351 ], [ -106.233524675038311, 31.769082654449893 ], [ -106.233526635543697, 31.769073731826211 ], [ -106.233527206520961, 31.769064666306864 ], [ -106.233513885602676, 31.768075531419598 ], [ -106.233512914871369, 31.768065081750581 ], [ -106.232367813869971, 31.768067426966386 ], [ -106.232377887819737, 31.768772610515072 ], [ -106.232383023118643, 31.769136576081632 ], [ -106.232383087591955, 31.769136575867442 ], [ -106.233446763351793, 31.7691344018547 ] ] ] } },
{ "type": "Feature", "properties": { "pidn": "H32599900100100", "district": 5, "zonelabel": "C-4", "state_cd_clean": "F1", "use_desc": "COMM,ANY COMM OTHR THAN F2-F9", "targetlotarea": 87939, "existing_units": 0, "footprint_sqft": 0.0, "interior_sqft": 0.0, "coverage_pct": 0.0, "in_corridor": true, "in_historic": false, "context_type": "Suburban" }, "geometry": { "type": "Polygon", "coordinates": [ [ [ -106.259964579527477, 31.808572217164606 ], [ -106.259944731467854, 31.807876613313596 ], [ -106.259943678980719, 31.807867245033407 ], [ -106.259940770615003, 31.807858168089371 ], [ -106.259936091623459, 31.807849646833724 ], [ -106.259929780368736, 31.80784193236218 ], [ -106.25992202015351, 31.807835250242231 ], [ -106.259913038939487, 31.807829796009788 ], [ -106.259903100516709, 31.807825729249846 ], [ -106.259892494787209, 31.80782317042609 ], [ -106.259881534095442, 31.80782219291963 ], [ -106.259870538631986, 31.807822826403555 ], [ -106.259021413914155, 31.807934632209257 ], [ -106.259021371572373, 31.807956143474215 ], [ -106.259034904586272, 31.808710580225149 ], [ -106.259035050931189, 31.808718767807509 ], [ -106.259965835169155, 31.808706589751015 ], [ -106.259965812427325, 31.808705107819911 ], [ -106.259966521816096, 31.808705103512473 ], [ -106.259964579527477, 31.808572217164606 ] ] ] } },
{ "type": "Feature", "properties": { "pidn": "H32599900100100", "district": 5, "zonelabel": "C-4", "state_cd_clean": "F1", "use_desc": "COMM,ANY COMM OTHR THAN F2-F9", "targetlotarea": 757355, "existing_units": 0, "footprint_sqft": 0.0, "interior_sqft": 0.0, "coverage_pct": 0.0, "in_corridor": true, "in_historic": false, "context_type": "Suburban" }, "geometry": { "type": "Polygon", "coordinates": [ [ [ -106.256894979567605, 31.810408695608697 ], [ -106.256913242376868, 31.810394710982425 ], [ -106.256933787473898, 31.81038326688271 ], [ -106.256956135526494, 31.810374630780782 ], [ -106.256979765132854, 31.810369006133474 ], [ -106.25700412169472, 31.810366522044582 ], [ -106.257028637848748, 31.81036723865726 ], [ -106.257052738177251, 31.810371137908142 ], [ -106.257075861804907, 31.81037812972389 ], [ -106.257096712092604, 31.810387638212401 ], [ -106.257115699194742, 31.810399660059474 ], [ -106.25712913096217, 31.810407926606757 ], [ -106.257144023092877, 31.810414105443957 ], [ -106.257159934812876, 31.810418014328672 ], [ -106.257176395590875, 31.810419536496482 ], [ -106.257179509102301, 31.810419551023323 ], [ -106.259910909623272, 31.810391400584372 ], [ -106.259923448424431, 31.810390427693203 ], [ -106.259935654873118, 31.810387790987146 ], [ -106.259947228440609, 31.81038355563097 ], [ -106.25995788267376, 31.810377825887237 ], [ -106.259967355685305, 31.810370743735092 ], [ -106.259975414034855, 31.81036248327468 ], [ -106.259981859886565, 31.810353246788665 ], [ -106.259986534116479, 31.810343263697447 ], [ -106.259989320854714, 31.810332778611524 ], [ -106.259990152702386, 31.810322050190571 ], [ -106.259976347321754, 31.809404926970316 ], [ -106.259966543165888, 31.808706580088121 ], [ -106.259965835169155, 31.808706589751015 ], [ -106.259035050931189, 31.808718767807509 ], [ -106.259034904586272, 31.808710580225149 ], [ -106.259021371572373, 31.807956143474215 ], [ -106.259021413914155, 31.807934632209257 ], [ -106.256906825104892, 31.808213044261731 ], [ -106.256825563325862, 31.808223742312421 ], [ -106.256825633448827, 31.808230169516349 ], [ -106.256850477356394, 31.810504275148851 ], [ -106.25685221693432, 31.810483260177453 ], [ -106.256857709127459, 31.810462721962733 ], [ -106.256866824475765, 31.810443145063079 ], [ -106.256879346576937, 31.810424993608898 ], [ -106.256894979567605, 31.810408695608697 ] ] ] } },
{ "type": "Feature", "properties": { "pidn": "T28799912702600", "district": 5, "zonelabel": "C-1", "state_cd_clean": "A1", "use_desc": "REAL, RESIDENTIAL, SINGLE-FAMILY", "targetlotarea": 170616, "existing_units": 1, "footprint_sqft": 0.0, "interior_sqft": 0.0, "coverage_pct": 0.0, "in_corridor": true, "in_historic": false, "context_type": "Suburban" }, "geometry": { "type": "Polygon", "coordinates": [ [ [ -106.245652463964632, 31.79832941316948 ], [ -106.246423489926087, 31.799892768319946 ], [ -106.246460160568574, 31.799879061311589 ], [ -106.246671814561523, 31.799797913757029 ], [ -106.246881905768305, 31.799713855577853 ], [ -106.247216110977291, 31.79957274156634 ], [ -106.247222377760167, 31.799570009247436 ], [ -106.247173118569407, 31.799470132922615 ], [ -106.247096965249881, 31.799315725864766 ], [ -106.247028111104854, 31.799176120147621 ], [ -106.246959265665978, 31.799036532062708 ], [ -106.246890421540087, 31.798896944786399 ], [ -106.246821578670918, 31.798757357417951 ], [ -106.246752733895093, 31.798617770101149 ], [ -106.246683891430578, 31.798478182644299 ], [ -106.24660765022206, 31.798323595063714 ], [ -106.246455638233925, 31.798015372890408 ], [ -106.246451870257459, 31.798007731907539 ], [ -106.246347678118127, 31.798051032482665 ], [ -106.246304647195615, 31.7980399870174 ], [ -106.245652463964632, 31.79832941316948 ] ] ] } },
{ "type": "Feature", "properties": { "pidn": "V65899900100110", "district": 5, "zonelabel": "C-1", "state_cd_clean": "F1", "use_desc": "COMM,ANY COMM OTHR THAN F2-F9", "targetlotarea": 158210, "existing_units": 0, "footprint_sqft": 0.0, "interior_sqft": 0.0, "coverage_pct": 0.0, "in_corridor": true, "in_historic": false, "context_type": "Suburban" }, "geometry": { "type": "Polygon", "coordinates": [ [ [ -106.24560070412771, 31.798224462258979 ], [ -106.245629928292601, 31.798283719212524 ], [ -106.246415949829625, 31.797934898058383 ], [ -106.246749113450846, 31.797779243722637 ], [ -106.246910340465305, 31.797699755727372 ], [ -106.247064529568391, 31.797621097635155 ], [ -106.24721710072896, 31.797540661428741 ], [ -106.247368070152959, 31.79745845269888 ], [ -106.247517440337674, 31.797374477659194 ], [ -106.247665215889924, 31.797288742427575 ], [ -106.247811404580062, 31.797201252977885 ], [ -106.247956642263532, 31.797112710155623 ], [ -106.248131880029277, 31.797007108673178 ], [ -106.248127373809155, 31.797001266034272 ], [ -106.248114510755158, 31.796976593334552 ], [ -106.248052070186873, 31.796895208620679 ], [ -106.247682773250162, 31.79711711537583 ], [ -106.247280861139132, 31.796598208052057 ], [ -106.247051615768243, 31.79673338879423 ], [ -106.246818574605769, 31.796863750810804 ], [ -106.246581876593552, 31.796989215517574 ], [ -106.246341661955157, 31.797109707885514 ], [ -106.246098076413489, 31.797225156249315 ], [ -106.24585126275494, 31.797335492690344 ], [ -106.245826116289436, 31.797346074914042 ], [ -106.246249097930928, 31.797936718573585 ], [ -106.24560070412771, 31.798224462258979 ] ] ] } },
{ "type": "Feature", "properties": { "pidn": "V65899900100200", "district": 5, "zonelabel": "C-1", "state_cd_clean": "C10", "use_desc": "REAL, VACANT PLATTED COMMERCIAL LOT", "targetlotarea": 5368, "existing_units": 0, "footprint_sqft": 0.0, "interior_sqft": 0.0, "coverage_pct": 0.0, "in_corridor": true, "in_historic": false, "context_type": "Suburban" }, "geometry": { "type": "Polygon", "coordinates": [ [ [ -106.246451870257459, 31.798007731907539 ], [ -106.246415949829625, 31.797934898058383 ], [ -106.245629928292601, 31.798283719212524 ], [ -106.245652463964632, 31.79832941316948 ], [ -106.246304647195615, 31.7980399870174 ], [ -106.246347678118127, 31.798051032482665 ], [ -106.246451870257459, 31.798007731907539 ] ] ] } },
{ "type": "Feature", "properties": { "pidn": "V65899900100100", "district": 5, "zonelabel": "C-1", "state_cd_clean": "F1", "use_desc": "COMM,ANY COMM OTHR THAN F2-F9", "targetlotarea": 52695, "existing_units": 0, "footprint_sqft": 0.0, "interior_sqft": 0.0, "coverage_pct": 0.0, "in_corridor": true, "in_historic": false, "context_type": "Suburban" }, "geometry": { "type": "Polygon", "coordinates": [ [ [ -106.245826116289436, 31.797346074914042 ], [ -106.245601368042443, 31.79744065 ], [ -106.245348542897403, 31.797540567130799 ], [ -106.245336491857557, 31.797546288749103 ], [ -106.245325764521013, 31.797553686974315 ], [ -106.245316678323746, 31.797562544177541 ], [ -106.245309501443288, 31.797572598907536 ], [ -106.245304444867784, 31.797583554379042 ], [ -106.245301658682706, 31.797595086770063 ], [ -106.245301224307823, 31.797606856412056 ], [ -106.24530315505821, 31.79761851679585 ], [ -106.245307394483831, 31.797629721872362 ], [ -106.24560070412771, 31.798224462258979 ], [ -106.246249097930928, 31.797936718573585 ], [ -106.245826116289436, 31.797346074914042 ] ] ] } },
{ "type": "Feature", "properties": { "pidn": "T82099904700100", "district": 5, "zonelabel": "P-R 1", "state_cd_clean": "B2", "use_desc": "REAL, COMMERCIAL, APARTMENTS", "targetlotarea": 506463, "existing_units": 12, "footprint_sqft": 115003.821233, "interior_sqft": 169770.791203, "coverage_pct": 0.22707250328849293, "in_corridor": false, "in_historic": false, "context_type": "Suburban" }, "geometry": { "type": "Polygon", "coordinates": [ [ [ -106.243035624684936, 31.822395690846903 ], [ -106.243209774283002, 31.822441845609088 ], [ -106.243385632479203, 31.822483009515711 ], [ -106.243563001635806, 31.822519134635446 ], [ -106.243741686728029, 31.822550181047408 ], [ -106.24392148568343, 31.822576114570591 ], [ -106.243921519975075, 31.822576087725736 ], [ -106.243921535741038, 31.822557728992308 ], [ -106.24392153573082, 31.822557626938536 ], [ -106.243921660398982, 31.82250467591259 ], [ -106.243951083035711, 31.822504693661784 ], [ -106.244152397795048, 31.822504815453275 ], [ -106.244376525855444, 31.822504896186047 ], [ -106.24438644102338, 31.822504552485064 ], [ -106.244396177087921, 31.822502912790135 ], [ -106.244405502850952, 31.822500018307149 ], [ -106.244414198234523, 31.822495935928007 ], [ -106.244422056670487, 31.822490762637596 ], [ -106.244428893314833, 31.822484621528574 ], [ -106.244435066725842, 31.822476883992458 ], [ -106.244439620893615, 31.822468368334139 ], [ -106.244442423903465, 31.822459317165819 ], [ -106.2444433957602, 31.8224499915138 ], [ -106.244444337576482, 31.82131314549768 ], [ -106.244444373380631, 31.821269130475091 ], [ -106.244444412512763, 31.821200072260542 ], [ -106.244446046840025, 31.821131898924214 ], [ -106.24445463512798, 31.820975231251438 ], [ -106.244469589512775, 31.820976063966071 ], [ -106.244470208158305, 31.820962885315815 ], [ -106.244469824544922, 31.820953568832287 ], [ -106.244467597564224, 31.820944443536071 ], [ -106.24446359222901, 31.820935771996485 ], [ -106.244457923563274, 31.820927804577035 ], [ -106.244450756209304, 31.820920773131533 ], [ -106.244442297369858, 31.820914879583459 ], [ -106.244432791478118, 31.820910295265442 ], [ -106.244422513308635, 31.820907152200498 ], [ -106.24426596361188, 31.820892023663323 ], [ -106.244110412822451, 31.820870668520659 ], [ -106.243956199254711, 31.820843134633858 ], [ -106.243803659841262, 31.820809481669311 ], [ -106.243653128135819, 31.820769782995331 ], [ -106.243504932147061, 31.820724124877209 ], [ -106.243359394394375, 31.820672607377656 ], [ -106.243216833961228, 31.820615343360547 ], [ -106.242142555298457, 31.820154312527205 ], [ -106.242132425049235, 31.820148921895438 ], [ -106.2421213946769, 31.820145026171932 ], [ -106.242109764915739, 31.820142732724324 ], [ -106.242097850571824, 31.820142103124937 ], [ -106.242085978526092, 31.820143155047401 ], [ -106.242074469635241, 31.820145860379231 ], [ -106.242063638619641, 31.820150143420236 ], [ -106.242053779801779, 31.8201558896587 ], [ -106.242045162606786, 31.820162941459348 ], [ -106.242038019466349, 31.820171107644175 ], [ -106.242032546985428, 31.820180165245525 ], [ -106.242028893790234, 31.820189868185988 ], [ -106.242027158698818, 31.820199951877044 ], [ -106.24202990580612, 31.822291230605131 ], [ -106.242030896951604, 31.82230077779797 ], [ -106.242033815151444, 31.822310033405135 ], [ -106.242038570960901, 31.822318716096504 ], [ -106.242045019929279, 31.822326561488925 ], [ -106.242052967435995, 31.822333331861429 ], [ -106.242062170025633, 31.822338820609971 ], [ -106.242072349736702, 31.822342861531748 ], [ -106.242083196435857, 31.822345332331651 ], [ -106.242094380643096, 31.822346156749827 ], [ -106.242331739471695, 31.822341853533235 ], [ -106.2425364661906, 31.82234077166623 ], [ -106.242536453936211, 31.822355080576216 ], [ -106.2425692548276, 31.822355078932439 ], [ -106.242689600555437, 31.822355123581797 ], [ -106.242777119842714, 31.822357697953738 ], [ -106.242864230416529, 31.822365343859147 ], [ -106.242950532498909, 31.822378027971119 ], [ -106.243035624684936, 31.822395690846903 ] ] ] } },
{ "type": "Feature", "properties": { "pidn": "16' ALLEY", "district": 5, "zonelabel": "C-4", "state_cd_clean": "", "use_desc": "Unknown", "targetlotarea": 490274, "existing_units": 0, "footprint_sqft": 0.0, "interior_sqft": 0.0, "coverage_pct": 0.0, "in_corridor": true, "in_historic": false, "context_type": "Suburban" }, "geometry": { "type": "Polygon", "coordinates": [ [ [ -106.244198643781374, 31.807855792069521 ], [ -106.244700766263534, 31.807913840141023 ], [ -106.244840495367981, 31.808721493579785 ], [ -106.246396852004111, 31.808516555576571 ], [ -106.246269539071079, 31.807797703939151 ], [ -106.247132333434692, 31.807684083674211 ], [ -106.247058124349877, 31.806882091928983 ], [ -106.247057834624812, 31.806848673497246 ], [ -106.247053182217201, 31.806815490337218 ], [ -106.247057037725867, 31.806803110082743 ], [ -106.247058507575176, 31.806790360472196 ], [ -106.247057553359639, 31.806777575607057 ], [ -106.247054199063186, 31.806765089462999 ], [ -106.247048533718072, 31.80675322764105 ], [ -106.247040703517627, 31.806742299597396 ], [ -106.247030915641488, 31.806732592147767 ], [ -106.247019423760236, 31.806724357482327 ], [ -106.247006527979323, 31.806717812264793 ], [ -106.24699256667121, 31.806713125359952 ], [ -106.246977902934049, 31.806710421158339 ], [ -106.246962920810716, 31.806709769813487 ], [ -106.243839268836993, 31.806954525165761 ], [ -106.244032570540014, 31.80755019164987 ], [ -106.244062916357095, 31.807630705662554 ], [ -106.244100888508186, 31.80770882497719 ], [ -106.244146233110072, 31.807784021944158 ], [ -106.244198643781374, 31.807855792069521 ] ] ] } },
{ "type": "Feature", "properties": { "pidn": "M77099900100410", "district": 5, "zonelabel": "C-4", "state_cd_clean": "XV-C", "use_desc": "COMMERCIAL public, religous, charitable, misc", "targetlotarea": 6258, "existing_units": 0, "footprint_sqft": 0.0, "interior_sqft": 0.0, "coverage_pct": 0.0, "in_corridor": false, "in_historic": false, "context_type": "Suburban" }, "geometry": { "type": "Polygon", "coordinates": [ [ [ -106.26382315307913, 31.765289394257373 ], [ -106.263474826447123, 31.765613259282336 ], [ -106.263572783304895, 31.765682174766035 ], [ -106.263909616089606, 31.765368995901305 ], [ -106.263916395074943, 31.765362693444406 ], [ -106.26382315307913, 31.765289394257373 ] ] ] } },
{ "type": "Feature", "properties": { "pidn": "M77099900100410", "district": 5, "zonelabel": "C-4", "state_cd_clean": "XV-C", "use_desc": "COMMERCIAL public, religous, charitable, misc", "targetlotarea": 519713, "existing_units": 0, "footprint_sqft": 0.0, "interior_sqft": 0.0, "coverage_pct": 0.0, "in_corridor": false, "in_historic": false, "context_type": "Suburban" }, "geometry": { "type": "Polygon", "coordinates": [ [ [ -106.260161140118768, 31.767838302332336 ], [ -106.260184602270002, 31.76781252016664 ], [ -106.260557879702162, 31.768106372725711 ], [ -106.260803670264536, 31.768081084896139 ], [ -106.261025022408347, 31.767925566103113 ], [ -106.261355818054909, 31.767624920451439 ], [ -106.26138040636998, 31.76760402522099 ], [ -106.261505548152513, 31.767510713862805 ], [ -106.261630512095778, 31.767391480688957 ], [ -106.261884215919935, 31.767143273733193 ], [ -106.262248912311406, 31.766786475237566 ], [ -106.262613607018622, 31.76642967562276 ], [ -106.262867305707729, 31.766181466658402 ], [ -106.262905085085507, 31.766144434502333 ], [ -106.263122693409102, 31.765941906486006 ], [ -106.263127242632351, 31.765937646616976 ], [ -106.263474826447123, 31.765613259282336 ], [ -106.26382315307913, 31.765289394257373 ], [ -106.262835378146249, 31.764512871719631 ], [ -106.26274178179365, 31.764598953898147 ], [ -106.262574928672478, 31.764752411245805 ], [ -106.262442176340329, 31.764874507837728 ], [ -106.262313856185813, 31.764992524075677 ], [ -106.262181495973337, 31.765114257479102 ], [ -106.262049300355727, 31.765235838718944 ], [ -106.261915444852491, 31.765358945933677 ], [ -106.261783690413523, 31.765480120200476 ], [ -106.261650902948844, 31.765602244554405 ], [ -106.261521086260984, 31.765721634966742 ], [ -106.261388199216057, 31.765843851155378 ], [ -106.261257302785339, 31.765965734426469 ], [ -106.261232856340257, 31.76598984387746 ], [ -106.261121543887654, 31.766099617264761 ], [ -106.260984569279245, 31.76622976385941 ], [ -106.260848203820046, 31.766361715045306 ], [ -106.260711121263398, 31.766494360757289 ], [ -106.260574108937817, 31.76662678272907 ], [ -106.260434403293871, 31.766757928252126 ], [ -106.260289868419875, 31.766893632421652 ], [ -106.260151910248695, 31.767031276602584 ], [ -106.260015512435459, 31.767165167331935 ], [ -106.259869928816542, 31.767301973631778 ], [ -106.259853145661211, 31.767317744281605 ], [ -106.259728598539979, 31.76743477914447 ], [ -106.259720317155939, 31.767442558736466 ], [ -106.25971624112033, 31.767439312418592 ], [ -106.259703414742759, 31.767451236852299 ], [ -106.259807368932229, 31.767559801586806 ], [ -106.260161140118768, 31.767838302332336 ] ], [ [ -106.261332802241128, 31.765959652116532 ], [ -106.262759014501256, 31.764635171904288 ], [ -106.263121271822911, 31.76489346530202 ], [ -106.262784454420668, 31.765210508788407 ], [ -106.262624317463946, 31.765277548774556 ], [ -106.261648157299192, 31.766218148712383 ], [ -106.261332802241128, 31.765959652116532 ] ] ] } },
{ "type": "Feature", "properties": { "pidn": "M77199901U90310", "district": 5, "zonelabel": "C-4", "state_cd_clean": "", "use_desc": "Unknown", "targetlotarea": 0, "existing_units": 0, "footprint_sqft": 0.0, "interior_sqft": 0.0, "coverage_pct": 0.0, "in_corridor": false, "in_historic": false, "context_type": "Suburban" }, "geometry": { "type": "Polygon", "coordinates": [ [ [ -106.263127242632351, 31.765937646616976 ], [ -106.263122693409102, 31.765941906486006 ], [ -106.263127258121457, 31.765937657652035 ], [ -106.263127242632351, 31.765937646616976 ] ] ] } },
{ "type": "Feature", "properties": { "pidn": "M77199901U90110", "district": 5, "zonelabel": "C-4", "state_cd_clean": "", "use_desc": "Unknown", "targetlotarea": 6276, "existing_units": 0, "footprint_sqft": 0.0, "interior_sqft": 0.0, "coverage_pct": 0.0, "in_corridor": false, "in_historic": false, "context_type": "Suburban" }, "geometry": { "type": "Polygon", "coordinates": [ [ [ -106.263127258121457, 31.765937657652035 ], [ -106.263224454380108, 31.766006039071623 ], [ -106.263568035505571, 31.765686589114608 ], [ -106.263572783304895, 31.765682174766035 ], [ -106.263474826447123, 31.765613259282336 ], [ -106.263127258121457, 31.765937657652035 ] ] ] } },
{ "type": "Feature", "properties": { "pidn": null, "district": 5, "zonelabel": "C-4", "state_cd_clean": null, "use_desc": "Unknown", "targetlotarea": 89453, "existing_units": 0, "footprint_sqft": 0.0, "interior_sqft": 0.0, "coverage_pct": 0.0, "in_corridor": false, "in_historic": false, "context_type": "Suburban" }, "geometry": { "type": "Polygon", "coordinates": [ [ [ -106.261332802241128, 31.765959652116532 ], [ -106.261648157299192, 31.766218148712383 ], [ -106.262624317463946, 31.765277548774556 ], [ -106.262784454420668, 31.765210508788407 ], [ -106.263121271822911, 31.76489346530202 ], [ -106.262759014501256, 31.764635171904288 ], [ -106.261332802241128, 31.765959652116532 ] ] ] } },
{ "type": "Feature", "properties": { "pidn": "H80699900500100", "district": 5, "zonelabel": "C-4", "state_cd_clean": "F1", "use_desc": "COMM,ANY COMM OTHR THAN F2-F9", "targetlotarea": 167188, "existing_units": 0, "footprint_sqft": 0.0, "interior_sqft": 0.0, "coverage_pct": 0.0, "in_corridor": true, "in_historic": false, "context_type": "Suburban" }, "geometry": { "type": "Polygon", "coordinates": [ [ [ -106.245606207693911, 31.808620668445275 ], [ -106.245694747305933, 31.809120615684073 ], [ -106.247269438833129, 31.808913253160913 ], [ -106.247269478684245, 31.80891324773749 ], [ -106.247269518479314, 31.808913241413428 ], [ -106.247269560439705, 31.808913235894121 ], [ -106.247271612280315, 31.808912965640111 ], [ -106.247284785976987, 31.808909793960254 ], [ -106.247297141776215, 31.808904766461872 ], [ -106.247308325967339, 31.808898028367455 ], [ -106.247318015346906, 31.80888977318607 ], [ -106.247325932869344, 31.808880239292911 ], [ -106.247331849083167, 31.808869699025756 ], [ -106.247335594729833, 31.808858457209862 ], [ -106.247337061955363, 31.80884683665208 ], [ -106.247336209190209, 31.808835171597533 ], [ -106.247132333434692, 31.807684083674211 ], [ -106.246269539071079, 31.807797703939151 ], [ -106.246396852004111, 31.808516555576571 ], [ -106.245606207693911, 31.808620668445275 ] ] ] } },
{ "type": "Feature", "properties": { "pidn": "H80599900301020", "district": 5, "zonelabel": "C-4", "state_cd_clean": "XV-C", "use_desc": "COMMERCIAL public, religous, charitable, misc", "targetlotarea": 164745, "existing_units": 0, "footprint_sqft": 0.0, "interior_sqft": 0.0, "coverage_pct": 0.0, "in_corridor": true, "in_historic": false, "context_type": "Suburban" }, "geometry": { "type": "Polygon", "coordinates": [ [ [ -106.243597614018569, 31.808205892200739 ], [ -106.24354201913215, 31.808238276546327 ], [ -106.243746944635973, 31.809377084503812 ], [ -106.243799038404489, 31.809370224687264 ], [ -106.244550285008273, 31.809271312067615 ], [ -106.244655487911601, 31.809257460745499 ], [ -106.244566725162883, 31.808756221780904 ], [ -106.244840495367981, 31.808721493579785 ], [ -106.244700766263534, 31.807913840141023 ], [ -106.244198643781374, 31.807855792069521 ], [ -106.243597614018569, 31.808205892200739 ] ] ] } },
{ "type": "Feature", "properties": { "pidn": "H80699900500100", "district": 5, "zonelabel": "C-4", "state_cd_clean": "F1", "use_desc": "COMM,ANY COMM OTHR THAN F2-F9", "targetlotarea": 30720, "existing_units": 0, "footprint_sqft": 0.0, "interior_sqft": 0.0, "coverage_pct": 0.0, "in_corridor": true, "in_historic": false, "context_type": "Suburban" }, "geometry": { "type": "Polygon", "coordinates": [ [ [ -106.245423452102926, 31.808644733165224 ], [ -106.245435938137121, 31.80871523949239 ], [ -106.245030127951168, 31.808768674008736 ], [ -106.245106178853987, 31.809198116168012 ], [ -106.245694747305933, 31.809120615684073 ], [ -106.245606207693911, 31.808620668445275 ], [ -106.245423452102926, 31.808644733165224 ] ] ] } },
{ "type": "Feature", "properties": { "pidn": "H80699900500100", "district": 5, "zonelabel": "C-4", "state_cd_clean": "F1", "use_desc": "COMM,ANY COMM OTHR THAN F2-F9", "targetlotarea": 29387, "existing_units": 0, "footprint_sqft": 0.0, "interior_sqft": 0.0, "coverage_pct": 0.0, "in_corridor": true, "in_historic": false, "context_type": "Suburban" }, "geometry": { "type": "Polygon", "coordinates": [ [ [ -106.244840495367981, 31.808721493579785 ], [ -106.244566725162883, 31.808756221780904 ], [ -106.244655487911601, 31.809257460745499 ], [ -106.24468980620432, 31.809252942379981 ], [ -106.244689848165009, 31.80925293686154 ], [ -106.244689890125713, 31.809252931343057 ], [ -106.245106178853987, 31.809198116168012 ], [ -106.245030127951168, 31.808768674008736 ], [ -106.245435938137121, 31.80871523949239 ], [ -106.245423452102926, 31.808644733165224 ], [ -106.244840495367981, 31.808721493579785 ] ] ] } },
{ "type": "Feature", "properties": { "pidn": "T28799906300100", "district": 5, "zonelabel": "R-5", "state_cd_clean": "A1", "use_desc": "REAL, RESIDENTIAL, SINGLE-FAMILY", "targetlotarea": 1755362, "existing_units": 1, "footprint_sqft": 0.0, "interior_sqft": 0.0, "coverage_pct": 0.0, "in_corridor": false, "in_historic": false, "context_type": "Suburban" }, "geometry": { "type": "Polygon", "coordinates": [ [ [ -106.26248542449153, 31.789989650245545 ], [ -106.262500420804557, 31.79014197751837 ], [ -106.262533520329185, 31.790261282400365 ], [ -106.262541687830918, 31.790290722446461 ], [ -106.262581952535285, 31.790399177255207 ], [ -106.262631635030559, 31.790532996983107 ], [ -106.262639451635778, 31.790561135310082 ], [ -106.262681402413321, 31.790712135816424 ], [ -106.262721961890421, 31.790858127592369 ], [ -106.262760431551371, 31.790996595575564 ], [ -106.262801686936129, 31.79114509076301 ], [ -106.262810711994433, 31.791177575079011 ], [ -106.262822590377169, 31.791296922082577 ], [ -106.262836885605296, 31.791440553138358 ], [ -106.262842991935415, 31.791501911529206 ], [ -106.262856453530873, 31.791595057220924 ], [ -106.262879116438469, 31.791751877737635 ], [ -106.26289182660922, 31.791839832013043 ], [ -106.262895690237244, 31.791907606543855 ], [ -106.262903831290274, 31.792050439646474 ], [ -106.262912774865796, 31.792207338015249 ], [ -106.264372405444135, 31.792184223562362 ], [ -106.264661134626735, 31.792190787484877 ], [ -106.267203068268316, 31.792150490893345 ], [ -106.267424194706322, 31.791922947482455 ], [ -106.267353874684034, 31.790312216995915 ], [ -106.267345282408513, 31.790074668649797 ], [ -106.267344678200772, 31.789837007964895 ], [ -106.267352062562964, 31.789599429997455 ], [ -106.26736742867304, 31.789362131039645 ], [ -106.267390765491484, 31.789125307574579 ], [ -106.267422052264706, 31.788889152914177 ], [ -106.267421215653499, 31.788880556887861 ], [ -106.267418816068712, 31.788872178454632 ], [ -106.267414910800184, 31.78886422363081 ], [ -106.267409595643258, 31.788856888548317 ], [ -106.267403003506814, 31.788850354099061 ], [ -106.267395295640043, 31.788844780916001 ], [ -106.267386662518248, 31.788840306623637 ], [ -106.267377315069623, 31.788837040818827 ], [ -106.267367485673759, 31.788835064122349 ], [ -106.267357414228854, 31.788834425201696 ], [ -106.264628395585561, 31.788844581454931 ], [ -106.264287209471775, 31.788834103200713 ], [ -106.262472660048843, 31.788840823046442 ], [ -106.262474393490365, 31.788996844440657 ], [ -106.262475952537486, 31.789137157072627 ], [ -106.262477540152361, 31.789280093866054 ], [ -106.262479099785722, 31.789420432647468 ], [ -106.262480688464464, 31.789563369376715 ], [ -106.262482247685938, 31.789703735256062 ], [ -106.26248383637413, 31.789846671969219 ], [ -106.26248542449153, 31.789989650245545 ] ], [ [ -106.265118575126309, 31.789458202005445 ], [ -106.265123716245398, 31.789514347131487 ], [ -106.26511902217743, 31.789514495196162 ], [ -106.265067457244356, 31.789516124326365 ], [ -106.26506836000064, 31.789522837873562 ], [ -106.265066160872891, 31.789763463852253 ], [ -106.264725408094066, 31.789763122826425 ], [ -106.264739873999929, 31.789129088457546 ], [ -106.265072056517582, 31.789134828947837 ], [ -106.265063515861527, 31.789221736119941 ], [ -106.265119429696895, 31.789222171129392 ], [ -106.265124449029727, 31.789302493876207 ], [ -106.265250207350817, 31.789302726926174 ], [ -106.265254160909919, 31.789421882482504 ], [ -106.265118276223745, 31.789420439333124 ], [ -106.265118575126309, 31.789458202005445 ] ] ] } },
{ "type": "Feature", "properties": { "pidn": null, "district": 5, "zonelabel": "C-2", "state_cd_clean": null, "use_desc": "Unknown", "targetlotarea": 1515, "existing_units": 0, "footprint_sqft": 0.0, "interior_sqft": 0.0, "coverage_pct": 0.0, "in_corridor": false, "in_historic": false, "context_type": "Suburban" }, "geometry": { "type": "Polygon", "coordinates": [ [ [ -106.213645923662924, 31.783847605666491 ], [ -106.213770888963339, 31.783847084919987 ], [ -106.213770798786385, 31.783740365450686 ], [ -106.213645011136748, 31.78374047812358 ], [ -106.213645923662924, 31.783847605666491 ] ] ] } },
{ "type": "Feature", "properties": { "pidn": "X57999924701520", "district": 5, "zonelabel": "C-2", "state_cd_clean": "C10", "use_desc": "REAL, VACANT PLATTED COMMERCIAL LOT", "targetlotarea": 168724, "existing_units": 0, "footprint_sqft": 0.0, "interior_sqft": 0.0, "coverage_pct": 0.0, "in_corridor": false, "in_historic": false, "context_type": "Suburban" }, "geometry": { "type": "Polygon", "coordinates": [ [ [ -106.216793944376136, 31.770682026497933 ], [ -106.21775948367889, 31.770669962177738 ], [ -106.217755886321996, 31.77030253159845 ], [ -106.218165938603263, 31.770303106116824 ], [ -106.218151807382711, 31.769478161113241 ], [ -106.216863393771177, 31.769476360285857 ], [ -106.216850729325742, 31.769477200386536 ], [ -106.216838378034907, 31.769479733261669 ], [ -106.216826646763238, 31.769483895360072 ], [ -106.216815829322059, 31.769489583079682 ], [ -106.216806193875072, 31.769496654240175 ], [ -106.216797982218665, 31.769504933534446 ], [ -106.216791398242108, 31.769514213953439 ], [ -106.216786606265131, 31.769524264086705 ], [ -106.216783724991814, 31.769534832911329 ], [ -106.216782828012995, 31.769545657897307 ], [ -106.216793944376136, 31.770682026497933 ] ] ] } },
{ "type": "Feature", "properties": { "pidn": "J39099900000000", "district": 5, "zonelabel": "C-3", "state_cd_clean": "XV-R", "use_desc": "RESIDENTIAL, public, religous, charitable, misc", "targetlotarea": 690069, "existing_units": 0, "footprint_sqft": 0.0, "interior_sqft": 0.0, "coverage_pct": 0.0, "in_corridor": false, "in_historic": false, "context_type": "Suburban" }, "geometry": { "type": "Polygon", "coordinates": [ [ [ -106.218949140920074, 31.783569038242664 ], [ -106.219146975210862, 31.783564922490473 ], [ -106.219344427147362, 31.783553633851259 ], [ -106.219541138539626, 31.783535193948115 ], [ -106.219736757196245, 31.78350963587566 ], [ -106.219930927491362, 31.783477005530052 ], [ -106.220123302018678, 31.783437361984511 ], [ -106.220313530936735, 31.783390776165476 ], [ -106.22050127268021, 31.783337333076943 ], [ -106.220686188409516, 31.783277127536056 ], [ -106.220867943456099, 31.78321027042961 ], [ -106.221046212092006, 31.78313688036981 ], [ -106.221220670540731, 31.783057090332253 ], [ -106.221391005244485, 31.782971044572719 ], [ -106.221556908591467, 31.782878897916724 ], [ -106.221718837189655, 31.782788574632718 ], [ -106.221884723842038, 31.782703651589514 ], [ -106.222054319567548, 31.782624256547351 ], [ -106.2222273736636, 31.782550506507686 ], [ -106.222403628657361, 31.782482511554434 ], [ -106.222582821192631, 31.782420372104635 ], [ -106.222764686470143, 31.782364182319895 ], [ -106.222948951530554, 31.782314024088755 ], [ -106.223135345134111, 31.78226997290119 ], [ -106.216913738377002, 31.782285917927148 ], [ -106.216901045884811, 31.782286810698441 ], [ -106.216888676302588, 31.782289399408885 ], [ -106.216876938589124, 31.782293619511588 ], [ -106.216866124319282, 31.782299364798362 ], [ -106.216856504855684, 31.782306492946432 ], [ -106.216848318752824, 31.782314826991268 ], [ -106.21684176970389, 31.782324156322499 ], [ -106.216837023216613, 31.782334251284176 ], [ -106.216834195734961, 31.782344858248038 ], [ -106.216833358639192, 31.78235571297979 ], [ -106.216659294356873, 31.782355467575346 ], [ -106.216673114460079, 31.783506215296082 ], [ -106.216850482736731, 31.783506408007391 ], [ -106.216851869723882, 31.783518278439026 ], [ -106.216855634184085, 31.783529766808247 ], [ -106.216861662732271, 31.783540527824968 ], [ -106.216869775676727, 31.78355023816324 ], [ -106.216879728687033, 31.783558606320344 ], [ -106.216891223951706, 31.783565382046895 ], [ -106.216903915784897, 31.783570361512062 ], [ -106.216917422726681, 31.783573394884815 ], [ -106.216931339531669, 31.783574392113671 ], [ -106.218949140920074, 31.783569038242664 ] ] ] } },
{ "type": "Feature", "properties": { "pidn": "T28799929107400", "district": 5, "zonelabel": "C-2", "state_cd_clean": "A1", "use_desc": "REAL, RESIDENTIAL, SINGLE-FAMILY", "targetlotarea": 172180, "existing_units": 1, "footprint_sqft": 735.16803, "interior_sqft": 1470.33606, "coverage_pct": 0.0042697643744918114, "in_corridor": false, "in_historic": false, "context_type": "Suburban" }, "geometry": { "type": "Polygon", "coordinates": [ [ [ -106.219907717321789, 31.770305533209349 ], [ -106.220009112363485, 31.77030567392687 ], [ -106.220007865557818, 31.770178638229744 ], [ -106.220006618755491, 31.770051602526319 ], [ -106.220005067594514, 31.76989365515621 ], [ -106.220002367688707, 31.76961857419435 ], [ -106.220001014957163, 31.769480724501712 ], [ -106.218151807382711, 31.769478161113241 ], [ -106.218165938603263, 31.770303106116824 ], [ -106.218721554900469, 31.770303882942663 ], [ -106.218882498797001, 31.770304107660301 ], [ -106.219028959345351, 31.770304311898947 ], [ -106.219175418840095, 31.770304516020552 ], [ -106.219321877281317, 31.770304720025159 ], [ -106.219468337831572, 31.770304923769608 ], [ -106.219614797272385, 31.770305126496428 ], [ -106.219761257823876, 31.770305329911373 ], [ -106.219907717321789, 31.770305533209349 ] ] ] } },
{ "type": "Feature", "properties": { "pidn": "X57999930200200", "district": 5, "zonelabel": "C-2", "state_cd_clean": "C10", "use_desc": "REAL, VACANT PLATTED COMMERCIAL LOT", "targetlotarea": 8780, "existing_units": 0, "footprint_sqft": 0.0, "interior_sqft": 0.0, "coverage_pct": 0.0, "in_corridor": false, "in_historic": false, "context_type": "Suburban" }, "geometry": { "type": "Polygon", "coordinates": [ [ [ -106.231372729040388, 31.769138631415309 ], [ -106.231399685289929, 31.769138577024236 ], [ -106.231399393033101, 31.769033857562185 ], [ -106.230646154301084, 31.769035385563576 ], [ -106.230643643395311, 31.769051245779323 ], [ -106.230644218347024, 31.769067242466896 ], [ -106.230647865843835, 31.769082940009351 ], [ -106.230654484356947, 31.769097912207364 ], [ -106.230663894188268, 31.769111750855519 ], [ -106.230675840417533, 31.769124079155912 ], [ -106.230687311344681, 31.769130865609561 ], [ -106.23069997878946, 31.769135861969279 ], [ -106.230713465488861, 31.769138917351665 ], [ -106.23072736724437, 31.769139940799359 ], [ -106.230727507842985, 31.769139940747536 ], [ -106.231372729040388, 31.769138631415309 ] ] ] } },
{ "type": "Feature", "properties": { "pidn": "B197999001B0400", "district": 5, "zonelabel": "C-3", "state_cd_clean": "C10", "use_desc": "REAL, VACANT PLATTED COMMERCIAL LOT", "targetlotarea": 58391, "existing_units": 0, "footprint_sqft": 0.0, "interior_sqft": 0.0, "coverage_pct": 0.0, "in_corridor": false, "in_historic": false, "context_type": "Suburban" }, "geometry": { "type": "Polygon", "coordinates": [ [ [ -106.26193644968086, 31.767826601972917 ], [ -106.262406601186882, 31.768193529384732 ], [ -106.262987886365408, 31.767654204952617 ], [ -106.26299572659704, 31.767644815945694 ], [ -106.263001745164004, 31.767634493013905 ], [ -106.263005795193919, 31.767623491222192 ], [ -106.263007774216305, 31.767612082577745 ], [ -106.263007634422465, 31.767600551046794 ], [ -106.263005378715931, 31.767589180090045 ], [ -106.263001063818123, 31.767578251618101 ], [ -106.262994795489547, 31.76756803717776 ], [ -106.262986730131729, 31.767558789750336 ], [ -106.26297706590384, 31.767550736931558 ], [ -106.262757299211515, 31.767376074735175 ], [ -106.262726598532112, 31.767357269454319 ], [ -106.262694341402394, 31.767340473297878 ], [ -106.262648310024332, 31.767321026489924 ], [ -106.262631959923823, 31.767315268059033 ], [ -106.262589328778887, 31.767305917143144 ], [ -106.262535945172914, 31.767293414754889 ], [ -106.262514052749026, 31.767284614189084 ], [ -106.262127709192683, 31.767647137000374 ], [ -106.262007617414355, 31.767609824770531 ], [ -106.26200109894414, 31.767605980852863 ], [ -106.261995403195854, 31.767601277561525 ], [ -106.261990683024067, 31.767595843404575 ], [ -106.261987066883307, 31.767589822452628 ], [ -106.261984650563548, 31.76758337742535 ], [ -106.261983500956788, 31.767576682293708 ], [ -106.26198364617629, 31.76756991640903 ], [ -106.261984615624868, 31.767565430474342 ], [ -106.26188994491558, 31.767654158224225 ], [ -106.261904850852417, 31.767649079591344 ], [ -106.261920547338164, 31.767646215607812 ], [ -106.261936583575192, 31.767645643717714 ], [ -106.26198626943102, 31.767657317789897 ], [ -106.262034763025795, 31.767672211765142 ], [ -106.262081776549493, 31.767690236704745 ], [ -106.26193644968086, 31.767826601972917 ] ] ] } },
{ "type": "Feature", "properties": { "pidn": "B197999001B0100", "district": 5, "zonelabel": "C-3", "state_cd_clean": "F1", "use_desc": "COMM,ANY COMM OTHR THAN F2-F9", "targetlotarea": 39132, "existing_units": 0, "footprint_sqft": 9737.16992, "interior_sqft": 29211.50976, "coverage_pct": 0.24882883369109682, "in_corridor": false, "in_historic": false, "context_type": "Suburban" }, "geometry": { "type": "Polygon", "coordinates": [ [ [ -106.261475519615146, 31.768042589701633 ], [ -106.261472010243864, 31.768045880889364 ], [ -106.262066048015853, 31.768509496577408 ], [ -106.26206957947926, 31.768506220624229 ], [ -106.262364913805783, 31.768232207980322 ], [ -106.262406601186882, 31.768193529384732 ], [ -106.26193644968086, 31.767826601972917 ], [ -106.261810682318767, 31.767728447497223 ], [ -106.261475519615146, 31.768042589701633 ] ] ] } },
{ "type": "Feature", "properties": { "pidn": "J19199900100175", "district": 5, "zonelabel": "R-3A", "state_cd_clean": "XV-C", "use_desc": "COMMERCIAL public, religous, charitable, misc", "targetlotarea": 121549, "existing_units": 0, "footprint_sqft": 0.0, "interior_sqft": 0.0, "coverage_pct": 0.0, "in_corridor": false, "in_historic": false, "context_type": "Suburban" }, "geometry": { "type": "Polygon", "coordinates": [ [ [ -106.2611714646861, 31.768604790081497 ], [ -106.26209735443085, 31.76932739198536 ], [ -106.262144652866894, 31.769327551146375 ], [ -106.263126175654506, 31.769330817980428 ], [ -106.262588526731108, 31.768911224470866 ], [ -106.262069579423013, 31.768506219723566 ], [ -106.262066048015853, 31.768509496577408 ], [ -106.261472010243864, 31.768045880889364 ], [ -106.261475519558914, 31.768042588801038 ], [ -106.261470832048303, 31.768038930560682 ], [ -106.261319904644395, 31.768180486961317 ], [ -106.261264988193233, 31.768231994129462 ], [ -106.261213871639654, 31.768279936741664 ], [ -106.261142024339762, 31.768347322553154 ], [ -106.2611714646861, 31.768604790081497 ] ] ] } },
{ "type": "Feature", "properties": { "pidn": "S812999001A0100", "district": 5, "zonelabel": "C-1", "state_cd_clean": "XV-C", "use_desc": "COMMERCIAL public, religous, charitable, misc", "targetlotarea": 310218, "existing_units": 0, "footprint_sqft": 0.0, "interior_sqft": 0.0, "coverage_pct": 0.0, "in_corridor": false, "in_historic": false, "context_type": "Suburban" }, "geometry": { "type": "Polygon", "coordinates": [ [ [ -106.252683134416472, 31.775387422949105 ], [ -106.252886930841242, 31.775548220629805 ], [ -106.252888846759319, 31.775549732941744 ], [ -106.252897722168186, 31.775555597902368 ], [ -106.252907653932596, 31.775560058257433 ], [ -106.252918342756132, 31.775562976797964 ], [ -106.252929461745197, 31.775564265438252 ], [ -106.252940673333143, 31.775563885348593 ], [ -106.252951637770565, 31.775561847472325 ], [ -106.252962021671451, 31.775558213943281 ], [ -106.252971508443878, 31.775553095804554 ], [ -106.252979811714098, 31.775546647882365 ], [ -106.254369962002798, 31.774260877159776 ], [ -106.25431882980304, 31.77422057354303 ], [ -106.254225694085818, 31.77414716168807 ], [ -106.254228654741496, 31.774144422238724 ], [ -106.254637302834979, 31.773766393817578 ], [ -106.254585685618281, 31.773725668027343 ], [ -106.254069873653734, 31.773318687110716 ], [ -106.254072100701137, 31.773316627710802 ], [ -106.254113177569423, 31.773278633773405 ], [ -106.254061626467362, 31.773237959873473 ], [ -106.253746699218638, 31.772989468223557 ], [ -106.251912567557937, 31.77468585601839 ], [ -106.251904615303985, 31.774694508764739 ], [ -106.251898380393385, 31.774704134654598 ], [ -106.251894022896082, 31.774714486166761 ], [ -106.251891654318612, 31.774725299926111 ], [ -106.251891335551647, 31.774736297700255 ], [ -106.25189307443695, 31.774747198251163 ], [ -106.25189682710247, 31.774757721790188 ], [ -106.251902496415028, 31.774767599080135 ], [ -106.251909137288138, 31.774775745978683 ], [ -106.251917081477572, 31.774782990036712 ], [ -106.252144008998059, 31.774962042322233 ], [ -106.252144110317644, 31.774962039518993 ], [ -106.252655121934595, 31.774489403793716 ], [ -106.253336067031526, 31.775026680305171 ], [ -106.252952343077808, 31.775381589787902 ], [ -106.252927281129644, 31.775400002094177 ], [ -106.25289891310068, 31.775414496110379 ], [ -106.252868066847228, 31.775424648518698 ], [ -106.25283564778141, 31.775430160721317 ], [ -106.252802602701706, 31.775430872227286 ], [ -106.252769899817849, 31.775426762464431 ], [ -106.25273849490199, 31.775417950513681 ], [ -106.252709307039993, 31.775404696211698 ], [ -106.252683191320571, 31.775387386040077 ], [ -106.252683134416472, 31.775387422949105 ] ] ] } },
{ "type": "Feature", "properties": { "pidn": "T28799913703200", "district": 5, "zonelabel": "R-5", "state_cd_clean": "A1", "use_desc": "REAL, RESIDENTIAL, SINGLE-FAMILY", "targetlotarea": 38167, "existing_units": 1, "footprint_sqft": 0.0, "interior_sqft": 0.0, "coverage_pct": 0.0, "in_corridor": true, "in_historic": false, "context_type": "Suburban" }, "geometry": { "type": "Polygon", "coordinates": [ [ [ -106.248464570910343, 31.795612266943021 ], [ -106.248492507343315, 31.795600395897672 ], [ -106.248689649947764, 31.795519801103538 ], [ -106.248848182191196, 31.795459463996881 ], [ -106.24890766437413, 31.795436831080451 ], [ -106.248649804293336, 31.794722165981458 ], [ -106.248499093211805, 31.794775548992117 ], [ -106.248213606784518, 31.794876670657935 ], [ -106.248183865252344, 31.794890269239307 ], [ -106.248123382147469, 31.794918167521391 ], [ -106.248095080771876, 31.794931221951458 ], [ -106.248245152102498, 31.795207835800831 ], [ -106.248464570910343, 31.795612266943021 ] ], [ [ -106.248709422027929, 31.795462393308568 ], [ -106.248549919949781, 31.795520828951155 ], [ -106.248508102046742, 31.795442440174181 ], [ -106.248538578104089, 31.795428629314618 ], [ -106.248441361672789, 31.795251440212564 ], [ -106.248567145942076, 31.795204621063274 ], [ -106.248709422027929, 31.795462393308568 ] ], [ [ -106.248239418296308, 31.794992031281193 ], [ -106.248609551544931, 31.794861461986137 ], [ -106.248642750387347, 31.794932696762618 ], [ -106.248275120982257, 31.795062095641892 ], [ -106.248239418296308, 31.794992031281193 ] ] ] } },
{ "type": "Feature", "properties": { "pidn": "X57999923400070", "district": 5, "zonelabel": "R-5", "state_cd_clean": "C10", "use_desc": "REAL, VACANT PLATTED COMMERCIAL LOT", "targetlotarea": 389265, "existing_units": 0, "footprint_sqft": 0.0, "interior_sqft": 0.0, "coverage_pct": 0.0, "in_corridor": true, "in_historic": false, "context_type": "Suburban" }, "geometry": { "type": "Polygon", "coordinates": [ [ [ -106.249925852333035, 31.808058186188251 ], [ -106.249908701731755, 31.806776488734101 ], [ -106.248943309427759, 31.806793611643307 ], [ -106.248941857098671, 31.80668259021876 ], [ -106.248773863620741, 31.806685568796539 ], [ -106.248605870132266, 31.806688547157695 ], [ -106.248437875634778, 31.806691526250653 ], [ -106.248269882125257, 31.806694504178513 ], [ -106.24810188760668, 31.80669748283816 ], [ -106.247928101731333, 31.806700562820978 ], [ -106.247869013210661, 31.806701610835152 ], [ -106.247466314474977, 31.806708747930603 ], [ -106.247476966389172, 31.807543219368611 ], [ -106.247482438984562, 31.807638863544003 ], [ -106.24760189123981, 31.808274266468938 ], [ -106.248366920396535, 31.808173513638895 ], [ -106.249925852333035, 31.808058186188251 ] ] ] } },
{ "type": "Feature", "properties": { "pidn": "X57999923400070", "district": 5, "zonelabel": "R-5", "state_cd_clean": "C10", "use_desc": "REAL, VACANT PLATTED COMMERCIAL LOT", "targetlotarea": 389265, "existing_units": 0, "footprint_sqft": 0.0, "interior_sqft": 0.0, "coverage_pct": 0.0, "in_corridor": true, "in_historic": false, "context_type": "Suburban" }, "geometry": { "type": "Polygon", "coordinates": [ [ [ -106.249925852333035, 31.808058186188251 ], [ -106.249908701731755, 31.806776488734101 ], [ -106.248943309427759, 31.806793611643307 ], [ -106.248941857098671, 31.80668259021876 ], [ -106.248773863620741, 31.806685568796539 ], [ -106.248605870132266, 31.806688547157695 ], [ -106.248437875634778, 31.806691526250653 ], [ -106.248269882125257, 31.806694504178513 ], [ -106.24810188760668, 31.80669748283816 ], [ -106.247928101731333, 31.806700562820978 ], [ -106.247869013210661, 31.806701610835152 ], [ -106.247466314474977, 31.806708747930603 ], [ -106.247476966389172, 31.807543219368611 ], [ -106.247482438984562, 31.807638863544003 ], [ -106.24760189123981, 31.808274266468938 ], [ -106.248366920396535, 31.808173513638895 ], [ -106.249925852333035, 31.808058186188251 ] ] ] } },
{ "type": "Feature", "properties": { "pidn": "X57999923400070", "district": 5, "zonelabel": "R-5", "state_cd_clean": "C10", "use_desc": "REAL, VACANT PLATTED COMMERCIAL LOT", "targetlotarea": 389265, "existing_units": 0, "footprint_sqft": 0.0, "interior_sqft": 0.0, "coverage_pct": 0.0, "in_corridor": true, "in_historic": false, "context_type": "Suburban" }, "geometry": { "type": "Polygon", "coordinates": [ [ [ -106.249925852333035, 31.808058186188251 ], [ -106.249908701731755, 31.806776488734101 ], [ -106.248943309427759, 31.806793611643307 ], [ -106.248941857098671, 31.80668259021876 ], [ -106.248773863620741, 31.806685568796539 ], [ -106.248605870132266, 31.806688547157695 ], [ -106.248437875634778, 31.806691526250653 ], [ -106.248269882125257, 31.806694504178513 ], [ -106.24810188760668, 31.80669748283816 ], [ -106.247928101731333, 31.806700562820978 ], [ -106.247869013210661, 31.806701610835152 ], [ -106.247466314474977, 31.806708747930603 ], [ -106.247476966389172, 31.807543219368611 ], [ -106.247482438984562, 31.807638863544003 ], [ -106.24760189123981, 31.808274266468938 ], [ -106.248366920396535, 31.808173513638895 ], [ -106.249925852333035, 31.808058186188251 ] ] ] } },
{ "type": "Feature", "properties": { "pidn": "X57999923400070", "district": 5, "zonelabel": "R-5", "state_cd_clean": "C10", "use_desc": "REAL, VACANT PLATTED COMMERCIAL LOT", "targetlotarea": 389265, "existing_units": 0, "footprint_sqft": 0.0, "interior_sqft": 0.0, "coverage_pct": 0.0, "in_corridor": true, "in_historic": false, "context_type": "Suburban" }, "geometry": { "type": "Polygon", "coordinates": [ [ [ -106.249925852333035, 31.808058186188251 ], [ -106.249908701731755, 31.806776488734101 ], [ -106.248943309427759, 31.806793611643307 ], [ -106.248941857098671, 31.80668259021876 ], [ -106.248773863620741, 31.806685568796539 ], [ -106.248605870132266, 31.806688547157695 ], [ -106.248437875634778, 31.806691526250653 ], [ -106.248269882125257, 31.806694504178513 ], [ -106.24810188760668, 31.80669748283816 ], [ -106.247928101731333, 31.806700562820978 ], [ -106.247869013210661, 31.806701610835152 ], [ -106.247466314474977, 31.806708747930603 ], [ -106.247476966389172, 31.807543219368611 ], [ -106.247482438984562, 31.807638863544003 ], [ -106.24760189123981, 31.808274266468938 ], [ -106.248366920396535, 31.808173513638895 ], [ -106.249925852333035, 31.808058186188251 ] ] ] } },
{ "type": "Feature", "properties": { "pidn": "X57999923400070", "district": 5, "zonelabel": "R-5", "state_cd_clean": "C10", "use_desc": "REAL, VACANT PLATTED COMMERCIAL LOT", "targetlotarea": 389265, "existing_units": 0, "footprint_sqft": 0.0, "interior_sqft": 0.0, "coverage_pct": 0.0, "in_corridor": true, "in_historic": false, "context_type": "Suburban" }, "geometry": { "type": "Polygon", "coordinates": [ [ [ -106.249925852333035, 31.808058186188251 ], [ -106.249908701731755, 31.806776488734101 ], [ -106.248943309427759, 31.806793611643307 ], [ -106.248941857098671, 31.80668259021876 ], [ -106.248773863620741, 31.806685568796539 ], [ -106.248605870132266, 31.806688547157695 ], [ -106.248437875634778, 31.806691526250653 ], [ -106.248269882125257, 31.806694504178513 ], [ -106.24810188760668, 31.80669748283816 ], [ -106.247928101731333, 31.806700562820978 ], [ -106.247869013210661, 31.806701610835152 ], [ -106.247466314474977, 31.806708747930603 ], [ -106.247476966389172, 31.807543219368611 ], [ -106.247482438984562, 31.807638863544003 ], [ -106.24760189123981, 31.808274266468938 ], [ -106.248366920396535, 31.808173513638895 ], [ -106.249925852333035, 31.808058186188251 ] ] ] } },
{ "type": "Feature", "properties": { "pidn": "T28799913200100", "district": 5, "zonelabel": "C-3", "state_cd_clean": "F1", "use_desc": "COMM,ANY COMM OTHR THAN F2-F9", "targetlotarea": 74768, "existing_units": 0, "footprint_sqft": 0.0, "interior_sqft": 0.0, "coverage_pct": 0.0, "in_corridor": false, "in_historic": false, "context_type": "Suburban" }, "geometry": { "type": "Polygon", "coordinates": [ [ [ -106.247447233262221, 31.781093860356954 ], [ -106.248103541378086, 31.78160951600799 ], [ -106.24834030261043, 31.781384522097188 ], [ -106.248686663260614, 31.781055373208403 ], [ -106.248036199004133, 31.780544311893571 ], [ -106.24800361094492, 31.780574719524296 ], [ -106.247677046535401, 31.780879428797647 ], [ -106.247447233262221, 31.781093860356954 ] ] ] } },
{ "type": "Feature", "properties": { "pidn": "X57999923400070", "district": 5, "zonelabel": "C-4", "state_cd_clean": "C10", "use_desc": "REAL, VACANT PLATTED COMMERCIAL LOT", "targetlotarea": 93453, "existing_units": 0, "footprint_sqft": 0.0, "interior_sqft": 0.0, "coverage_pct": 0.0, "in_corridor": true, "in_historic": false, "context_type": "Suburban" }, "geometry": { "type": "Polygon", "coordinates": [ [ [ -106.248366920396535, 31.808173513638895 ], [ -106.248476117887165, 31.808754337325013 ], [ -106.249932601083657, 31.808562509308494 ], [ -106.249925852333035, 31.808058186188251 ], [ -106.248366920396535, 31.808173513638895 ] ] ] } },
{ "type": "Feature", "properties": { "pidn": "X57999923400070", "district": 5, "zonelabel": "C-4", "state_cd_clean": "C10", "use_desc": "REAL, VACANT PLATTED COMMERCIAL LOT", "targetlotarea": 93453, "existing_units": 0, "footprint_sqft": 0.0, "interior_sqft": 0.0, "coverage_pct": 0.0, "in_corridor": true, "in_historic": false, "context_type": "Suburban" }, "geometry": { "type": "Polygon", "coordinates": [ [ [ -106.248366920396535, 31.808173513638895 ], [ -106.248476117887165, 31.808754337325013 ], [ -106.249932601083657, 31.808562509308494 ], [ -106.249925852333035, 31.808058186188251 ], [ -106.248366920396535, 31.808173513638895 ] ] ] } },
{ "type": "Feature", "properties": { "pidn": "X57999923400070", "district": 5, "zonelabel": "C-4", "state_cd_clean": "C10", "use_desc": "REAL, VACANT PLATTED COMMERCIAL LOT", "targetlotarea": 93453, "existing_units": 0, "footprint_sqft": 0.0, "interior_sqft": 0.0, "coverage_pct": 0.0, "in_corridor": true, "in_historic": false, "context_type": "Suburban" }, "geometry": { "type": "Polygon", "coordinates": [ [ [ -106.248366920396535, 31.808173513638895 ], [ -106.248476117887165, 31.808754337325013 ], [ -106.249932601083657, 31.808562509308494 ], [ -106.249925852333035, 31.808058186188251 ], [ -106.248366920396535, 31.808173513638895 ] ] ] } },
{ "type": "Feature", "properties": { "pidn": "X57999923400070", "district": 5, "zonelabel": "C-4", "state_cd_clean": "C10", "use_desc": "REAL, VACANT PLATTED COMMERCIAL LOT", "targetlotarea": 93453, "existing_units": 0, "footprint_sqft": 0.0, "interior_sqft": 0.0, "coverage_pct": 0.0, "in_corridor": true, "in_historic": false, "context_type": "Suburban" }, "geometry": { "type": "Polygon", "coordinates": [ [ [ -106.248366920396535, 31.808173513638895 ], [ -106.248476117887165, 31.808754337325013 ], [ -106.249932601083657, 31.808562509308494 ], [ -106.249925852333035, 31.808058186188251 ], [ -106.248366920396535, 31.808173513638895 ] ] ] } },
{ "type": "Feature", "properties": { "pidn": "X57999923400070", "district": 5, "zonelabel": "C-4", "state_cd_clean": "C10", "use_desc": "REAL, VACANT PLATTED COMMERCIAL LOT", "targetlotarea": 93453, "existing_units": 0, "footprint_sqft": 0.0, "interior_sqft": 0.0, "coverage_pct": 0.0, "in_corridor": true, "in_historic": false, "context_type": "Suburban" }, "geometry": { "type": "Polygon", "coordinates": [ [ [ -106.248366920396535, 31.808173513638895 ], [ -106.248476117887165, 31.808754337325013 ], [ -106.249932601083657, 31.808562509308494 ], [ -106.249925852333035, 31.808058186188251 ], [ -106.248366920396535, 31.808173513638895 ] ] ] } },
{ "type": "Feature", "properties": { "pidn": "T28799913200100", "district": 5, "zonelabel": "C-3", "state_cd_clean": "F1", "use_desc": "COMM,ANY COMM OTHR THAN F2-F9", "targetlotarea": 5293, "existing_units": 0, "footprint_sqft": 0.0, "interior_sqft": 0.0, "coverage_pct": 0.0, "in_corridor": false, "in_historic": false, "context_type": "Suburban" }, "geometry": { "type": "Polygon", "coordinates": [ [ [ -106.247103198824533, 31.781414864674222 ], [ -106.247061910897798, 31.781453388509082 ], [ -106.24772848913301, 31.781965924824991 ], [ -106.247769362821543, 31.78192708273982 ], [ -106.247103198824533, 31.781414864674222 ] ] ] } },
{ "type": "Feature", "properties": { "pidn": "T28799913200100", "district": 5, "zonelabel": "C-3", "state_cd_clean": "F1", "use_desc": "COMM,ANY COMM OTHR THAN F2-F9", "targetlotarea": 43566, "existing_units": 0, "footprint_sqft": 0.0, "interior_sqft": 0.0, "coverage_pct": 0.0, "in_corridor": false, "in_historic": false, "context_type": "Suburban" }, "geometry": { "type": "Polygon", "coordinates": [ [ [ -106.247447233262221, 31.781093860356954 ], [ -106.247103198824533, 31.781414864674222 ], [ -106.247769362821543, 31.78192708273982 ], [ -106.248103541378086, 31.78160951600799 ], [ -106.247447233262221, 31.781093860356954 ] ] ] } },
{ "type": "Feature", "properties": { "pidn": null, "district": 5, "zonelabel": "C-2", "state_cd_clean": null, "use_desc": "Unknown", "targetlotarea": 4362, "existing_units": 0, "footprint_sqft": 0.0, "interior_sqft": 0.0, "coverage_pct": 0.0, "in_corridor": false, "in_historic": false, "context_type": "Suburban" }, "geometry": { "type": "Polygon", "coordinates": [ [ [ -106.237709941412817, 31.791116479977582 ], [ -106.23705297714433, 31.791729290447591 ], [ -106.237086997213012, 31.791756305193537 ], [ -106.237743961448871, 31.791143494558572 ], [ -106.237709941412817, 31.791116479977582 ] ] ] } },
{ "type": "Feature", "properties": { "pidn": "Q53099900D00100", "district": 5, "zonelabel": "C-1", "state_cd_clean": "F1", "use_desc": "COMM,ANY COMM OTHR THAN F2-F9", "targetlotarea": 4770, "existing_units": 0, "footprint_sqft": 0.0, "interior_sqft": 0.0, "coverage_pct": 0.0, "in_corridor": true, "in_historic": false, "context_type": "Suburban" }, "geometry": { "type": "Polygon", "coordinates": [ [ [ -106.248441361672789, 31.795251440212564 ], [ -106.248538578104089, 31.795428629314618 ], [ -106.248508102046742, 31.795442440174181 ], [ -106.248549919949781, 31.795520828951155 ], [ -106.248709422027929, 31.795462393308568 ], [ -106.248567145942076, 31.795204621063274 ], [ -106.248441361672789, 31.795251440212564 ] ] ] } },
{ "type": "Feature", "properties": { "pidn": "Q53099900E00100", "district": 5, "zonelabel": "C-1", "state_cd_clean": "F1", "use_desc": "COMM,ANY COMM OTHR THAN F2-F9", "targetlotarea": 3452, "existing_units": 0, "footprint_sqft": 0.0, "interior_sqft": 0.0, "coverage_pct": 0.0, "in_corridor": true, "in_historic": false, "context_type": "Suburban" }, "geometry": { "type": "Polygon", "coordinates": [ [ [ -106.248239418296308, 31.794992031281193 ], [ -106.248275120982257, 31.795062095641892 ], [ -106.248642750387347, 31.794932696762618 ], [ -106.248609551544931, 31.794861461986137 ], [ -106.248239418296308, 31.794992031281193 ] ] ] } },
{ "type": "Feature", "properties": { "pidn": "B197999001B0100", "district": 5, "zonelabel": "C-3", "state_cd_clean": "F1", "use_desc": "COMM,ANY COMM OTHR THAN F2-F9", "targetlotarea": 2978, "existing_units": 0, "footprint_sqft": 9737.16992, "interior_sqft": 29211.50976, "coverage_pct": 3.2697011148421762, "in_corridor": false, "in_historic": false, "context_type": "Suburban" }, "geometry": { "type": "Polygon", "coordinates": [ [ [ -106.261810682318767, 31.767728447497223 ], [ -106.26193644968086, 31.767826601972917 ], [ -106.262081776549493, 31.767690236704745 ], [ -106.262034763025795, 31.767672211765142 ], [ -106.26198626943102, 31.767657317789897 ], [ -106.261936583575192, 31.767645643717714 ], [ -106.261920547338164, 31.767646215607812 ], [ -106.261904850852417, 31.767649079591344 ], [ -106.261889942751054, 31.767654157419742 ], [ -106.261810682318767, 31.767728447497223 ] ] ] } },
{ "type": "Feature", "properties": { "pidn": "T82399903200400", "district": 5, "zonelabel": "P-R 1", "state_cd_clean": "A1", "use_desc": "REAL, RESIDENTIAL, SINGLE-FAMILY", "targetlotarea": 132206, "existing_units": 1, "footprint_sqft": 0.0, "interior_sqft": 0.0, "coverage_pct": 0.0, "in_corridor": false, "in_historic": false, "context_type": "Suburban" }, "geometry": { "type": "Polygon", "coordinates": [ [ [ -106.245852160685445, 31.822020358050182 ], [ -106.245890044689588, 31.822019993715557 ], [ -106.245888413635612, 31.821896493553762 ], [ -106.245886783472258, 31.821772990636152 ], [ -106.245885153369258, 31.821649488612827 ], [ -106.245883522271811, 31.821525987531775 ], [ -106.245881892177295, 31.821402485495963 ], [ -106.245878944140159, 31.821179164612023 ], [ -106.245875552004875, 31.820922199484464 ], [ -106.244919796959422, 31.820931393663479 ], [ -106.244906533981649, 31.820932463855055 ], [ -106.244893660602202, 31.820935390357352 ], [ -106.244881529344752, 31.820940093037304 ], [ -106.244870475879253, 31.820946441951616 ], [ -106.244860801372099, 31.820954262664486 ], [ -106.244852773821094, 31.820963340702278 ], [ -106.244846613513587, 31.820973425826399 ], [ -106.244842488369542, 31.820984242179566 ], [ -106.244840513055081, 31.820995491035184 ], [ -106.244820880021948, 31.821121912221226 ], [ -106.244805259961282, 31.821248739985883 ], [ -106.244804233321858, 31.822018918119845 ], [ -106.245844538134889, 31.822020674492364 ], [ -106.245852160685445, 31.822020358050182 ] ] ] } },
{ "type": "Feature", "properties": { "pidn": "S81299901604600", "district": 5, "zonelabel": "C-3", "state_cd_clean": "F1", "use_desc": "COMM,ANY COMM OTHR THAN F2-F9", "targetlotarea": 83946, "existing_units": 0, "footprint_sqft": 35656.2002, "interior_sqft": 71312.4004, "coverage_pct": 0.42475162842779879, "in_corridor": false, "in_historic": false, "context_type": "Suburban" }, "geometry": { "type": "Polygon", "coordinates": [ [ [ -106.266593529489171, 31.771103293728697 ], [ -106.26659661505991, 31.771498437608315 ], [ -106.266597551401347, 31.771618239192527 ], [ -106.267412952890083, 31.771597854203645 ], [ -106.267411597059336, 31.77149370185511 ], [ -106.267406451576633, 31.771098570518063 ], [ -106.267401168499376, 31.77069262730577 ], [ -106.267359019871321, 31.770692873650965 ], [ -106.267340160066937, 31.770692983410836 ], [ -106.266590360443899, 31.770697340024 ], [ -106.266593529489171, 31.771103293728697 ] ] ] } },
{ "type": "Feature", "properties": { "pidn": "S81299904600320", "district": 5, "zonelabel": "R-3A", "state_cd_clean": "F1", "use_desc": "COMM,ANY COMM OTHR THAN F2-F9", "targetlotarea": 82960, "existing_units": 0, "footprint_sqft": 3657.36011, "interior_sqft": 3657.36011, "coverage_pct": 0.044085825819672131, "in_corridor": false, "in_historic": false, "context_type": "Suburban" }, "geometry": { "type": "Polygon", "coordinates": [ [ [ -106.257943929800263, 31.769005810980371 ], [ -106.257873539246518, 31.769084320451576 ], [ -106.257798625038987, 31.769159714071861 ], [ -106.257719377170432, 31.769231800742801 ], [ -106.257620597056004, 31.769327661133048 ], [ -106.257609536251749, 31.769338392229908 ], [ -106.257413350706969, 31.769520318581765 ], [ -106.258097926283895, 31.770059118807843 ], [ -106.258302694978127, 31.769863640586969 ], [ -106.258417795101067, 31.769763298194565 ], [ -106.258720980605247, 31.769484261351963 ], [ -106.258009621917623, 31.768924383289505 ], [ -106.257943929800263, 31.769005810980371 ] ] ] } },
{ "type": "Feature", "properties": { "pidn": "S81299904600320", "district": 5, "zonelabel": "C-1", "state_cd_clean": "F1", "use_desc": "COMM,ANY COMM OTHR THAN F2-F9", "targetlotarea": 22610, "existing_units": 0, "footprint_sqft": 3657.36011, "interior_sqft": 3657.36011, "coverage_pct": 0.16175851879699249, "in_corridor": false, "in_historic": false, "context_type": "Suburban" }, "geometry": { "type": "Polygon", "coordinates": [ [ [ -106.258417795101067, 31.769763298194565 ], [ -106.258796449715547, 31.770069356312089 ], [ -106.258834766354425, 31.770034091127226 ], [ -106.259003431916625, 31.769878859086727 ], [ -106.259104342800399, 31.769785983959167 ], [ -106.258720980605247, 31.769484261351963 ], [ -106.258417795101067, 31.769763298194565 ] ] ] } },
{ "type": "Feature", "properties": { "pidn": "T28799922400300", "district": 5, "zonelabel": "C-2", "state_cd_clean": "A1", "use_desc": "REAL, RESIDENTIAL, SINGLE-FAMILY", "targetlotarea": 201506, "existing_units": 1, "footprint_sqft": 0.0, "interior_sqft": 0.0, "coverage_pct": 0.0, "in_corridor": false, "in_historic": false, "context_type": "Suburban" }, "geometry": { "type": "Polygon", "coordinates": [ [ [ -106.234738859408225, 31.780369370737791 ], [ -106.234497459635605, 31.780369869861747 ], [ -106.234018601080379, 31.780370857820923 ], [ -106.23404171365722, 31.781914718299692 ], [ -106.234043101714363, 31.781926588603312 ], [ -106.23404686707957, 31.781938075629906 ], [ -106.234052896419271, 31.781948835905308 ], [ -106.234061009986121, 31.781958546127004 ], [ -106.234070963345204, 31.781966913923902 ], [ -106.234082457590375, 31.78197368913337 ], [ -106.234095149057381, 31.78197866697403 ], [ -106.23410865537916, 31.781981700414718 ], [ -106.234122572187317, 31.78198269670775 ], [ -106.235647777587985, 31.781978608639434 ], [ -106.235637461127482, 31.781275655158641 ], [ -106.234753588881858, 31.781277516548744 ], [ -106.234738859408225, 31.780369370737791 ] ] ] } },
{ "type": "Feature", "properties": { "pidn": "T28799922400900", "district": 5, "zonelabel": "C-2", "state_cd_clean": "A1", "use_desc": "REAL, RESIDENTIAL, SINGLE-FAMILY", "targetlotarea": 150815, "existing_units": 1, "footprint_sqft": 0.0, "interior_sqft": 0.0, "coverage_pct": 0.0, "in_corridor": false, "in_historic": false, "context_type": "Suburban" }, "geometry": { "type": "Polygon", "coordinates": [ [ [ -106.235647777587985, 31.781978608639434 ], [ -106.235977522659184, 31.781977722994256 ], [ -106.235974847938081, 31.781799347481886 ], [ -106.235971001529961, 31.781542848793265 ], [ -106.235969136737765, 31.781418361554017 ], [ -106.235967270840149, 31.781293873455866 ], [ -106.235965403949081, 31.781169386299954 ], [ -106.235963538117247, 31.78104489909008 ], [ -106.235961671179965, 31.780920411021327 ], [ -106.235959805357908, 31.780795923799172 ], [ -106.235957938486393, 31.78067143661875 ], [ -106.235956072674114, 31.780546949384323 ], [ -106.235954206810746, 31.780422461243184 ], [ -106.2359533736538, 31.780366855286037 ], [ -106.235464847532, 31.780367869008817 ], [ -106.234981289930957, 31.780368869567827 ], [ -106.234738859408225, 31.780369370737791 ], [ -106.234753588881858, 31.781277516548744 ], [ -106.235637461127482, 31.781275655158641 ], [ -106.235647777587985, 31.781978608639434 ] ] ] } },
{ "type": "Feature", "properties": { "pidn": "H806999004001B0", "district": 5, "zonelabel": "R-5", "state_cd_clean": "F1", "use_desc": "COMM,ANY COMM OTHR THAN F2-F9", "targetlotarea": 80853, "existing_units": 0, "footprint_sqft": 7188.18018, "interior_sqft": 14376.36036, "coverage_pct": 0.088904310044154208, "in_corridor": false, "in_historic": false, "context_type": "Suburban" }, "geometry": { "type": "Polygon", "coordinates": [ [ [ -106.266072211583648, 31.79728447266249 ], [ -106.266874775104867, 31.797255303741334 ], [ -106.266869155590257, 31.796720464793992 ], [ -106.26686540551178, 31.796363512430961 ], [ -106.26652135293601, 31.796375051138291 ], [ -106.266085422388699, 31.79638966882991 ], [ -106.266062569071153, 31.796390461495083 ], [ -106.26606482264296, 31.796439018866291 ], [ -106.266066880769401, 31.79648336651648 ], [ -106.266071219062709, 31.797119643638961 ], [ -106.266071290943998, 31.797122942290876 ], [ -106.266073994275175, 31.797247569821103 ], [ -106.26607189428951, 31.797247589698525 ], [ -106.266072211583648, 31.79728447266249 ] ] ] } },
{ "type": "Feature", "properties": { "pidn": "X57999924500193", "district": 5, "zonelabel": "C-4", "state_cd_clean": "XV-R", "use_desc": "RESIDENTIAL, public, religous, charitable, misc", "targetlotarea": 74987, "existing_units": 0, "footprint_sqft": 0.0, "interior_sqft": 0.0, "coverage_pct": 0.0, "in_corridor": false, "in_historic": false, "context_type": "Suburban" }, "geometry": { "type": "Polygon", "coordinates": [ [ [ -106.264591943959744, 31.776527334883696 ], [ -106.264582845654459, 31.776530794235388 ], [ -106.264574480413998, 31.776535410530606 ], [ -106.264567048570242, 31.776541073482296 ], [ -106.264560726627991, 31.776547646794953 ], [ -106.264555667658712, 31.776554974468731 ], [ -106.264551990701804, 31.77656288037938 ], [ -106.264549783379493, 31.77657117628759 ], [ -106.264549100954966, 31.77657966368832 ], [ -106.264554145404091, 31.777072632271818 ], [ -106.264724922958536, 31.777082329744307 ], [ -106.26486988231224, 31.777085277080701 ], [ -106.265008354423117, 31.777083707996319 ], [ -106.265771645848403, 31.777077961834912 ], [ -106.265773265239048, 31.777078007208537 ], [ -106.265767516135938, 31.776534170186064 ], [ -106.264912952100374, 31.776540055294912 ], [ -106.26477015465214, 31.776538191714589 ], [ -106.264627613672403, 31.776530651664327 ], [ -106.264591943959744, 31.776527334883696 ] ] ] } },
{ "type": "Feature", "properties": { "pidn": "T28799902600700", "district": 5, "zonelabel": "R-5", "state_cd_clean": "A1", "use_desc": "REAL, RESIDENTIAL, SINGLE-FAMILY", "targetlotarea": 184326, "existing_units": 1, "footprint_sqft": 0.0, "interior_sqft": 0.0, "coverage_pct": 0.0, "in_corridor": false, "in_historic": false, "context_type": "Suburban" }, "geometry": { "type": "Polygon", "coordinates": [ [ [ -106.264384326728845, 31.776843453698312 ], [ -106.264381266415413, 31.776544323001804 ], [ -106.264380379160428, 31.776535688598177 ], [ -106.264377914931146, 31.776527281430944 ], [ -106.264373936330642, 31.776519308179186 ], [ -106.264368541413049, 31.776511967583584 ], [ -106.264361864174603, 31.776505441392612 ], [ -106.264354070224272, 31.776499892753346 ], [ -106.264344535699905, 31.776498620449583 ], [ -106.264204612139324, 31.776474199770838 ], [ -106.264066170687883, 31.776444240940037 ], [ -106.263912913905415, 31.776411183027189 ], [ -106.263757972265196, 31.776384459736548 ], [ -106.263601706913022, 31.776364132270633 ], [ -106.263444477038789, 31.776350247471928 ], [ -106.263286648367696, 31.776342838339378 ], [ -106.263128584501104, 31.776341920810392 ], [ -106.262970652469789, 31.776347498023391 ], [ -106.262813217237706, 31.776359556955995 ], [ -106.262656641702648, 31.776378068424791 ], [ -106.262501290140492, 31.776402991444257 ], [ -106.262347521486319, 31.776434267210742 ], [ -106.262195691724543, 31.776471823509311 ], [ -106.262046150670074, 31.77651557395739 ], [ -106.261899246129744, 31.776565416911694 ], [ -106.261895239923888, 31.776563025471294 ], [ -106.261457642898748, 31.776756113312857 ], [ -106.261058774525409, 31.777002942205367 ], [ -106.261049151173836, 31.77701118577286 ], [ -106.261041294487015, 31.777020699066618 ], [ -106.261035429527666, 31.777031209013245 ], [ -106.261031726677459, 31.777042413420229 ], [ -106.261030290602676, 31.777053990510236 ], [ -106.261031163037245, 31.777065609632164 ], [ -106.261034319844939, 31.777076935007607 ], [ -106.261039667926596, 31.777087643935058 ], [ -106.26104705581912, 31.777097427209792 ], [ -106.261056271488286, 31.777106004578684 ], [ -106.261379648707845, 31.777358682657997 ], [ -106.261437832067429, 31.777407564805976 ], [ -106.261579931551452, 31.777308329102979 ], [ -106.26171772138116, 31.777223806984502 ], [ -106.261859599725042, 31.777148161593573 ], [ -106.26201411834947, 31.777089867714189 ], [ -106.262164290559937, 31.777033421787127 ], [ -106.262322073851465, 31.776974115325565 ], [ -106.262410656184557, 31.776950749816816 ], [ -106.262445265459974, 31.776941623029515 ], [ -106.26248660638295, 31.776930720002326 ], [ -106.26280992835234, 31.776872983180951 ], [ -106.263158983523866, 31.776848827110733 ], [ -106.264384326728845, 31.776843453698312 ] ] ] } },
{ "type": "Feature", "properties": { "pidn": "T28799902600900", "district": 5, "zonelabel": "R-5", "state_cd_clean": "A1", "use_desc": "REAL, RESIDENTIAL, SINGLE-FAMILY", "targetlotarea": 14877, "existing_units": 1, "footprint_sqft": 0.0, "interior_sqft": 0.0, "coverage_pct": 0.0, "in_corridor": false, "in_historic": false, "context_type": "Suburban" }, "geometry": { "type": "Polygon", "coordinates": [ [ [ -106.263158983523866, 31.776848827110733 ], [ -106.263485994817756, 31.776901482510091 ], [ -106.263934375317632, 31.776978585774319 ], [ -106.264064003409757, 31.777013626716968 ], [ -106.264386498822191, 31.777055697517884 ], [ -106.264384326728845, 31.776843453698312 ], [ -106.263158983523866, 31.776848827110733 ] ] ] } },
{ "type": "Feature", "properties": { "pidn": "H80699900400150", "district": 5, "zonelabel": "C-4", "state_cd_clean": "F1", "use_desc": "COMM,ANY COMM OTHR THAN F2-F9", "targetlotarea": 50425, "existing_units": 0, "footprint_sqft": 5940.93994, "interior_sqft": 5940.93994, "coverage_pct": 0.11781735131383243, "in_corridor": false, "in_historic": false, "context_type": "Suburban" }, "geometry": { "type": "Polygon", "coordinates": [ [ [ -106.266806057581391, 31.795191697156667 ], [ -106.266836167905296, 31.795190209465563 ], [ -106.267610436520826, 31.795151947228234 ], [ -106.267584101826387, 31.794602277888274 ], [ -106.266801673212711, 31.794634638955017 ], [ -106.266778178533713, 31.794635568486516 ], [ -106.266806057581391, 31.795191697156667 ] ] ] } },
{ "type": "Feature", "properties": { "pidn": "H806999004001B0", "district": 5, "zonelabel": "C-4", "state_cd_clean": "F1", "use_desc": "COMM,ANY COMM OTHR THAN F2-F9", "targetlotarea": 47076, "existing_units": 0, "footprint_sqft": 7188.18018, "interior_sqft": 14376.36036, "coverage_pct": 0.15269309584501659, "in_corridor": false, "in_historic": false, "context_type": "Suburban" }, "geometry": { "type": "Polygon", "coordinates": [ [ [ -106.266836167905296, 31.795190209465563 ], [ -106.266806057581391, 31.795191697156667 ], [ -106.26683170569936, 31.795703336001633 ], [ -106.266867288143629, 31.795702044045552 ], [ -106.267635455263402, 31.795674152831232 ], [ -106.267610436520826, 31.795151947228234 ], [ -106.266836167905296, 31.795190209465563 ] ] ] } },
{ "type": "Feature", "properties": { "pidn": "T28799910400300", "district": 5, "zonelabel": "C-4", "state_cd_clean": "F1", "use_desc": "COMM,ANY COMM OTHR THAN F2-F9", "targetlotarea": 52290, "existing_units": 0, "footprint_sqft": 37944.6016, "interior_sqft": 75889.2032, "coverage_pct": 0.72565694396634162, "in_corridor": false, "in_historic": false, "context_type": "Suburban" }, "geometry": { "type": "Polygon", "coordinates": [ [ [ -106.266648121256523, 31.784425447320217 ], [ -106.267554394205433, 31.78442532679334 ], [ -106.267535771155309, 31.783908389845969 ], [ -106.266652339383924, 31.783908507476625 ], [ -106.266648121256523, 31.784425447320217 ] ] ] } },
{ "type": "Feature", "properties": { "pidn": "H80699900100100", "district": 5, "zonelabel": "C-4", "state_cd_clean": "F1", "use_desc": "COMM,ANY COMM OTHR THAN F2-F9", "targetlotarea": 45988, "existing_units": 0, "footprint_sqft": 0.0, "interior_sqft": 0.0, "coverage_pct": 0.0, "in_corridor": true, "in_historic": false, "context_type": "Suburban" }, "geometry": { "type": "Polygon", "coordinates": [ [ [ -106.258402756439565, 31.806874156843435 ], [ -106.258411581952004, 31.807457780151267 ], [ -106.259161774005719, 31.807360181833022 ], [ -106.259119404369912, 31.806838769982985 ], [ -106.258402756439565, 31.806874156843435 ] ] ] } },
{ "type": "Feature", "properties": { "pidn": "X57999924800630", "district": 5, "zonelabel": "C-2", "state_cd_clean": "XV-R", "use_desc": "RESIDENTIAL, public, religous, charitable, misc", "targetlotarea": 335552, "existing_units": 0, "footprint_sqft": 0.0, "interior_sqft": 0.0, "coverage_pct": 0.0, "in_corridor": false, "in_historic": false, "context_type": "Suburban" }, "geometry": { "type": "Polygon", "coordinates": [ [ [ -106.215065766885829, 31.78203746571365 ], [ -106.214942683764306, 31.781273231111967 ], [ -106.214766527891001, 31.781308119536167 ], [ -106.214591977658515, 31.781348465042779 ], [ -106.214419262369958, 31.781394214824331 ], [ -106.214248612936188, 31.781445307873618 ], [ -106.214080255661884, 31.781501677070846 ], [ -106.213914413132684, 31.781563246434082 ], [ -106.213751305492593, 31.78162993467398 ], [ -106.211410010123814, 31.782632346166707 ], [ -106.211674847492105, 31.783292791279916 ], [ -106.21168038458994, 31.783303514203908 ], [ -106.211687973644402, 31.783313276507599 ], [ -106.211697396259638, 31.783321795441946 ], [ -106.211708376891664, 31.783328821546625 ], [ -106.211720595282628, 31.783334151635042 ], [ -106.211733696061984, 31.783337630166955 ], [ -106.211747299735791, 31.783339155977103 ], [ -106.211761008126146, 31.783338684738922 ], [ -106.211774423461279, 31.783336229908226 ], [ -106.211780269524255, 31.783334491862608 ], [ -106.211942638641418, 31.78327647005792 ], [ -106.212101741798548, 31.783212186056875 ], [ -106.214162124383193, 31.78233004083517 ], [ -106.214307313362212, 31.782270938310983 ], [ -106.214455136274225, 31.78221680844057 ], [ -106.214605359543611, 31.782167737637931 ], [ -106.214757746929862, 31.782123803407156 ], [ -106.214912056364398, 31.782085074485451 ], [ -106.215068045333808, 31.78205161240621 ], [ -106.215065766885829, 31.78203746571365 ] ] ] } },
{ "type": "Feature", "properties": { "pidn": "T28799905101900", "district": 5, "zonelabel": "C-4", "state_cd_clean": "A1", "use_desc": "REAL, RESIDENTIAL, SINGLE-FAMILY", "targetlotarea": 96299, "existing_units": 1, "footprint_sqft": 0.0, "interior_sqft": 0.0, "coverage_pct": 0.0, "in_corridor": false, "in_historic": false, "context_type": "Suburban" }, "geometry": { "type": "Polygon", "coordinates": [ [ [ -106.266015689612331, 31.795323347688612 ], [ -106.266015774212519, 31.795325141108165 ], [ -106.266021586387268, 31.795448703057239 ], [ -106.266027397578867, 31.795572265948611 ], [ -106.266033208785643, 31.795695828833651 ], [ -106.266039019951222, 31.795819390811765 ], [ -106.266044831188239, 31.795942953684108 ], [ -106.266050643382272, 31.796066514700854 ], [ -106.266056454649515, 31.796190077560489 ], [ -106.266062265931836, 31.796313640413775 ], [ -106.266065873932959, 31.79639034694523 ], [ -106.266085422388699, 31.79638966882991 ], [ -106.26652135293601, 31.796375051138291 ], [ -106.266826665663672, 31.796364811970349 ], [ -106.266864801903083, 31.796363532729355 ], [ -106.26683170569936, 31.795703336001633 ], [ -106.26681131968968, 31.795296665676755 ], [ -106.266015689612331, 31.795323347688612 ] ] ] } },
{ "type": "Feature", "properties": { "pidn": null, "district": 5, "zonelabel": "C-1", "state_cd_clean": null, "use_desc": "Unknown", "targetlotarea": 66641, "existing_units": 0, "footprint_sqft": 0.0, "interior_sqft": 0.0, "coverage_pct": 0.0, "in_corridor": false, "in_historic": false, "context_type": "Suburban" }, "geometry": { "type": "Polygon", "coordinates": [ [ [ -106.252683134416472, 31.775387422949105 ], [ -106.252683191320571, 31.775387386040077 ], [ -106.252709307039993, 31.775404696211698 ], [ -106.25273849490199, 31.775417950513681 ], [ -106.252769899817849, 31.775426762464431 ], [ -106.252802602701706, 31.775430872227286 ], [ -106.25283564778141, 31.775430160721317 ], [ -106.252868066847228, 31.775424648518698 ], [ -106.25289891310068, 31.775414496110379 ], [ -106.252927281129644, 31.775400002094177 ], [ -106.252952343077808, 31.775381589787902 ], [ -106.253336067031526, 31.775026680305171 ], [ -106.252655121934595, 31.774489403793716 ], [ -106.252144110317644, 31.774962039518993 ], [ -106.252144008998059, 31.774962042322233 ], [ -106.252683134416472, 31.775387422949105 ] ] ] } },
{ "type": "Feature", "properties": { "pidn": "X57999924001500", "district": 5, "zonelabel": "C-4", "state_cd_clean": "XV-C", "use_desc": "COMMERCIAL public, religous, charitable, misc", "targetlotarea": 69507, "existing_units": 0, "footprint_sqft": 0.0, "interior_sqft": 0.0, "coverage_pct": 0.0, "in_corridor": false, "in_historic": false, "context_type": "Suburban" }, "geometry": { "type": "Polygon", "coordinates": [ [ [ -106.266890899816175, 31.798030959998858 ], [ -106.26706553173689, 31.798048079433524 ], [ -106.267186606859212, 31.798057994256368 ], [ -106.267308031051684, 31.798064036583703 ], [ -106.267429634680198, 31.798066199699036 ], [ -106.267605913148785, 31.798066520534896 ], [ -106.267616738897175, 31.798065913950666 ], [ -106.267627370835839, 31.798064068045363 ], [ -106.267637614349468, 31.798061016079291 ], [ -106.267649519333375, 31.798055632265125 ], [ -106.267660204046678, 31.798048626038778 ], [ -106.267669368844594, 31.798040194405779 ], [ -106.267676755745285, 31.798030574919814 ], [ -106.267682158355242, 31.798020035295583 ], [ -106.267685424034738, 31.79800887421294 ], [ -106.26768646126358, 31.797997403821231 ], [ -106.267680752717169, 31.797284769488805 ], [ -106.266883044578378, 31.797283315501883 ], [ -106.266890899816175, 31.798030959998858 ] ] ] } },
{ "type": "Feature", "properties": { "pidn": "X57999923501445", "district": 5, "zonelabel": "C-4", "state_cd_clean": "XV-C", "use_desc": "COMMERCIAL public, religous, charitable, misc", "targetlotarea": 66432, "existing_units": 0, "footprint_sqft": 0.0, "interior_sqft": 0.0, "coverage_pct": 0.0, "in_corridor": false, "in_historic": false, "context_type": "Suburban" }, "geometry": { "type": "Polygon", "coordinates": [ [ [ -106.233466779398526, 31.812117646336958 ], [ -106.233469137402892, 31.812130838990822 ], [ -106.233493799030938, 31.81224695500002 ], [ -106.233526027133664, 31.812361711056276 ], [ -106.233565720128155, 31.812474748700669 ], [ -106.233612755504211, 31.812585713131259 ], [ -106.23366698483072, 31.812694257945104 ], [ -106.233728238916598, 31.812800043098356 ], [ -106.233796325813017, 31.812902736802876 ], [ -106.233865564385781, 31.812995152077754 ], [ -106.233940337658581, 31.813084367662153 ], [ -106.234020442340039, 31.813170141692662 ], [ -106.234105661042676, 31.813252243782408 ], [ -106.23419576522268, 31.813330451275142 ], [ -106.234191239844606, 31.812903837178908 ], [ -106.234181911597929, 31.812024456648718 ], [ -106.233466779398526, 31.812117646336958 ] ] ] } },
{ "type": "Feature", "properties": { "pidn": "Interstate 180", "district": 5, "zonelabel": "C-4", "state_cd_clean": "", "use_desc": "Unknown", "targetlotarea": 73600, "existing_units": 0, "footprint_sqft": 0.0, "interior_sqft": 0.0, "coverage_pct": 0.0, "in_corridor": false, "in_historic": false, "context_type": "Suburban" }, "geometry": { "type": "Polygon", "coordinates": [ [ [ -106.233416597933612, 31.81129075293326 ], [ -106.233400258301387, 31.811294149782505 ], [ -106.233384858265126, 31.811299918112429 ], [ -106.233370863899154, 31.811307882358847 ], [ -106.233358702219448, 31.81131780008992 ], [ -106.233348741649181, 31.811329371020367 ], [ -106.233341284971871, 31.811342242749436 ], [ -106.233336559568968, 31.811356023846894 ], [ -106.233334707656695, 31.811370296940112 ], [ -106.233335785791311, 31.811384627767318 ], [ -106.233466779398526, 31.812117646336958 ], [ -106.234181911597929, 31.812024456648718 ], [ -106.234173081744629, 31.811192074918875 ], [ -106.234149529026908, 31.811195146837569 ], [ -106.233416597933612, 31.81129075293326 ] ] ] } },
{ "type": "Feature", "properties": { "pidn": "T28799913200200", "district": 5, "zonelabel": "R-3", "state_cd_clean": "C10", "use_desc": "REAL, VACANT PLATTED COMMERCIAL LOT", "targetlotarea": 197163, "existing_units": 0, "footprint_sqft": 0.0, "interior_sqft": 0.0, "coverage_pct": 0.0, "in_corridor": false, "in_historic": false, "context_type": "Suburban" }, "geometry": { "type": "Polygon", "coordinates": [ [ [ -106.250933848508296, 31.783574320565091 ], [ -106.250918581661708, 31.78225745432503 ], [ -106.250880631907791, 31.782257443612878 ], [ -106.2505105456964, 31.782257898618965 ], [ -106.249643032783453, 31.782258960402604 ], [ -106.249643197271936, 31.782288371282924 ], [ -106.249651073202841, 31.783698607443096 ], [ -106.249651252654672, 31.783730820104566 ], [ -106.249654333715526, 31.784282383386081 ], [ -106.24973814632331, 31.784282668030002 ], [ -106.249734901857622, 31.78370207584727 ], [ -106.249734195156776, 31.783575678549571 ], [ -106.250933848508296, 31.783574320565091 ] ] ] } },
{ "type": "Feature", "properties": { "pidn": "V65899900100110", "district": 5, "zonelabel": "C-1", "state_cd_clean": "F1", "use_desc": "COMM,ANY COMM OTHR THAN F2-F9", "targetlotarea": 116, "existing_units": 0, "footprint_sqft": 0.0, "interior_sqft": 0.0, "coverage_pct": 0.0, "in_corridor": true, "in_historic": false, "context_type": "Suburban" }, "geometry": { "type": "Polygon", "coordinates": [ [ [ -106.247592681064077, 31.796411952660055 ], [ -106.247612415452636, 31.796411085534263 ], [ -106.247632116587425, 31.796412400110686 ], [ -106.24769684641268, 31.796432205636588 ], [ -106.247688888944992, 31.796423465406523 ], [ -106.247679387772223, 31.796415933302089 ], [ -106.247668590950795, 31.796409805772313 ], [ -106.247656780200785, 31.796405242513206 ], [ -106.247644263243757, 31.796402362300949 ], [ -106.247631367308031, 31.79640124057725 ], [ -106.247618427304545, 31.796401906374296 ], [ -106.247605781609352, 31.796404342506509 ], [ -106.247592681064077, 31.796411952660055 ] ] ] } },
{ "type": "Feature", "properties": { "pidn": "T28799945801000", "district": 5, "zonelabel": "C-2", "state_cd_clean": "A1", "use_desc": "REAL, RESIDENTIAL, SINGLE-FAMILY", "targetlotarea": 37784, "existing_units": 1, "footprint_sqft": 0.0, "interior_sqft": 0.0, "coverage_pct": 0.0, "in_corridor": false, "in_historic": false, "context_type": "Suburban" }, "geometry": { "type": "Polygon", "coordinates": [ [ [ -106.215421707184561, 31.781206897241521 ], [ -106.215261216695708, 31.781224557029734 ], [ -106.215101485630527, 31.781246676296441 ], [ -106.214942683764306, 31.781273231111967 ], [ -106.215065766885829, 31.78203746571365 ], [ -106.215068045333808, 31.78205161240621 ], [ -106.215248237844762, 31.782019858375133 ], [ -106.215429932501308, 31.781995132125466 ], [ -106.215429933555626, 31.781995132077807 ], [ -106.21542993671865, 31.781995131934803 ], [ -106.215421707184561, 31.781206897241521 ] ] ] } },
{ "type": "Feature", "properties": { "pidn": "S81299904600260", "district": 5, "zonelabel": "R-3A", "state_cd_clean": "F1", "use_desc": "COMM,ANY COMM OTHR THAN F2-F9", "targetlotarea": 128894, "existing_units": 0, "footprint_sqft": 2955.1001, "interior_sqft": 2955.1001, "coverage_pct": 0.022926591617918601, "in_corridor": false, "in_historic": false, "context_type": "Suburban" }, "geometry": { "type": "Polygon", "coordinates": [ [ [ -106.257205074143059, 31.769713455174454 ], [ -106.256996666768487, 31.769906711135366 ], [ -106.257536231565339, 31.7703313811407 ], [ -106.257119806383997, 31.770717530834251 ], [ -106.25764819733746, 31.771133403134954 ], [ -106.258273028129736, 31.770553993355133 ], [ -106.258481304365375, 31.770360855117794 ], [ -106.257413350706969, 31.769520318581765 ], [ -106.257205074143059, 31.769713455174454 ] ] ] } },
{ "type": "Feature", "properties": { "pidn": "T28799925200530", "district": 5, "zonelabel": "A-2", "state_cd_clean": "A1", "use_desc": "REAL, RESIDENTIAL, SINGLE-FAMILY", "targetlotarea": 10121, "existing_units": 1, "footprint_sqft": 0.0, "interior_sqft": 0.0, "coverage_pct": 0.0, "in_corridor": false, "in_historic": false, "context_type": "Suburban" }, "geometry": { "type": "Polygon", "coordinates": [ [ [ -106.223491205624384, 31.778330202596678 ], [ -106.223509191948509, 31.778330053909226 ], [ -106.223574506349479, 31.778329513687382 ], [ -106.223578878107986, 31.7783078553033 ], [ -106.223587204690944, 31.778287060093255 ], [ -106.223599275402691, 31.778267651483308 ], [ -106.223614787530721, 31.778250118230076 ], [ -106.223633350779025, 31.778234900673205 ], [ -106.223654497308232, 31.778222382152627 ], [ -106.223677695825387, 31.778212877533093 ], [ -106.223702361791169, 31.778206627323307 ], [ -106.223727873673937, 31.77820378700558 ], [ -106.223722727101617, 31.777890422014401 ], [ -106.22364598530676, 31.777890759893534 ], [ -106.223501987933858, 31.777891393488328 ], [ -106.223497949324482, 31.777891411959139 ], [ -106.223486564796829, 31.777891462259657 ], [ -106.223491205624384, 31.778330202596678 ] ] ] } },
{ "type": "Feature", "properties": { "pidn": "T28799925200330", "district": 5, "zonelabel": "A-2", "state_cd_clean": "B1", "use_desc": "REAL, RESIDENTIAL, DUPLEXES", "targetlotarea": 10333, "existing_units": 2, "footprint_sqft": 9706.68994, "interior_sqft": 9706.68994, "coverage_pct": 0.9393873937868964, "in_corridor": false, "in_historic": false, "context_type": "Suburban" }, "geometry": { "type": "Polygon", "coordinates": [ [ [ -106.22349614139705, 31.778796820327301 ], [ -106.223512472257866, 31.778796690596756 ], [ -106.223730854132, 31.778794958911014 ], [ -106.223727420882597, 31.778478996654282 ], [ -106.223701713094499, 31.77847615875358 ], [ -106.223676869790168, 31.778469838931851 ], [ -106.223653533398846, 31.778460201376316 ], [ -106.223632304989081, 31.778447493430019 ], [ -106.223613735722438, 31.778432044172067 ], [ -106.223598302932373, 31.778414253759927 ], [ -106.223586406179052, 31.778394580963901 ], [ -106.223578353983299, 31.778373533832688 ], [ -106.223574352389761, 31.778351655761433 ], [ -106.223574506349479, 31.778329513687382 ], [ -106.223509191948509, 31.778330053909226 ], [ -106.223491205624384, 31.778330202596678 ], [ -106.22349614139705, 31.778796820327301 ] ] ] } },
{ "type": "Feature", "properties": { "pidn": "T28799925200330", "district": 5, "zonelabel": "A-2", "state_cd_clean": "B1", "use_desc": "REAL, RESIDENTIAL, DUPLEXES", "targetlotarea": 9998, "existing_units": 2, "footprint_sqft": 9706.68994, "interior_sqft": 9706.68994, "coverage_pct": 0.97086316663332672, "in_corridor": false, "in_historic": false, "context_type": "Suburban" }, "geometry": { "type": "Polygon", "coordinates": [ [ [ -106.223500861368819, 31.779243020489805 ], [ -106.223517320212395, 31.779242890386779 ], [ -106.223581138169664, 31.779242384522739 ], [ -106.223583214033184, 31.77921916560171 ], [ -106.223589887524838, 31.779196587481891 ], [ -106.223600962765502, 31.779175310195644 ], [ -106.223616116563306, 31.779155952575632 ], [ -106.223634907288314, 31.779139081918622 ], [ -106.223656785016829, 31.779125190044727 ], [ -106.22368111200305, 31.779114682435999 ], [ -106.223707178821371, 31.779107865765376 ], [ -106.223734222840505, 31.779104938931752 ], [ -106.223730854132, 31.778794958911014 ], [ -106.223512472257866, 31.778796690596756 ], [ -106.22349614139705, 31.778796820327301 ], [ -106.223500861368819, 31.779243020489805 ] ] ] } },
{ "type": "Feature", "properties": { "pidn": "T28799925200090", "district": 5, "zonelabel": "A-2", "state_cd_clean": "B4", "use_desc": "QUADPLEX-RESIDENTIAL", "targetlotarea": 10004, "existing_units": 4, "footprint_sqft": 2479.17993, "interior_sqft": 4958.35986, "coverage_pct": 0.24781886545381845, "in_corridor": false, "in_historic": false, "context_type": "Suburban" }, "geometry": { "type": "Polygon", "coordinates": [ [ [ -106.223505581265741, 31.779689201613145 ], [ -106.223522168037462, 31.779689070237065 ], [ -106.223740551962237, 31.779687338535727 ], [ -106.223737183331622, 31.779377377546865 ], [ -106.223710080739679, 31.779374880051606 ], [ -106.223683870313408, 31.779368477616003 ], [ -106.223659319630585, 31.779358357661987 ], [ -106.223637143764705, 31.779344815656653 ], [ -106.22361798990984, 31.779328245873735 ], [ -106.223602417788413, 31.77930913234551 ], [ -106.223590881832152, 31.779288034316235 ], [ -106.223583719354181, 31.779265566005215 ], [ -106.223581138169664, 31.779242384522739 ], [ -106.223517320212395, 31.779242890386779 ], [ -106.223500861368819, 31.779243020489805 ], [ -106.223505581265741, 31.779689201613145 ] ] ] } },
{ "type": "Feature", "properties": { "pidn": "T28799925200090", "district": 5, "zonelabel": "A-2", "state_cd_clean": "B4", "use_desc": "QUADPLEX-RESIDENTIAL", "targetlotarea": 10011, "existing_units": 4, "footprint_sqft": 2479.17993, "interior_sqft": 4958.35986, "coverage_pct": 0.24764558285885524, "in_corridor": false, "in_historic": false, "context_type": "Suburban" }, "geometry": { "type": "Polygon", "coordinates": [ [ [ -106.223510301326158, 31.780135401618409 ], [ -106.223527016027163, 31.780135268969275 ], [ -106.223590832475054, 31.780134763196077 ], [ -106.223592909410016, 31.7801115442354 ], [ -106.223599583017901, 31.780088967023566 ], [ -106.223610658304509, 31.780067688843417 ], [ -106.223625812298607, 31.78004833212966 ], [ -106.223644603198338, 31.780031461477183 ], [ -106.223666481130891, 31.780017569606542 ], [ -106.223690809398803, 31.780007061951984 ], [ -106.223716875406893, 31.780000245329575 ], [ -106.223743919679663, 31.779997318494921 ], [ -106.223740551962237, 31.779687338535727 ], [ -106.223522168037462, 31.779689070237065 ], [ -106.223505581265741, 31.779689201613145 ], [ -106.223510301326158, 31.780135401618409 ] ] ] } },
{ "type": "Feature", "properties": { "pidn": "T28799925200080", "district": 5, "zonelabel": "A-2", "state_cd_clean": "B4", "use_desc": "QUADPLEX-RESIDENTIAL", "targetlotarea": 10225, "existing_units": 4, "footprint_sqft": 2514.87988, "interior_sqft": 5029.75976, "coverage_pct": 0.24595402249388754, "in_corridor": false, "in_historic": false, "context_type": "Suburban" }, "geometry": { "type": "Polygon", "coordinates": [ [ [ -106.223515094702293, 31.780588508159788 ], [ -106.223531939998082, 31.780588502363045 ], [ -106.223750343960958, 31.78058842348371 ], [ -106.223750249296643, 31.780579689879104 ], [ -106.223746879172097, 31.780269757061703 ], [ -106.223719776325382, 31.780267259569388 ], [ -106.223693565652283, 31.780260857137986 ], [ -106.223669014737894, 31.780250737189284 ], [ -106.223646838606498, 31.780237194289835 ], [ -106.223627684570062, 31.780220624514129 ], [ -106.223612112300458, 31.780201510993805 ], [ -106.223600576233707, 31.780180412972864 ], [ -106.223593413686174, 31.780157944670215 ], [ -106.223590832475054, 31.780134763196077 ], [ -106.223527016027163, 31.780135268969275 ], [ -106.223510301326158, 31.780135401618409 ], [ -106.223515094702293, 31.780588508159788 ] ] ] } },
{ "type": "Feature", "properties": { "pidn": "T28799925200070", "district": 5, "zonelabel": "A-2", "state_cd_clean": "B4", "use_desc": "QUADPLEX-RESIDENTIAL", "targetlotarea": 8258, "existing_units": 4, "footprint_sqft": 5012.56006, "interior_sqft": 10025.12012, "coverage_pct": 0.60699443690966337, "in_corridor": false, "in_historic": false, "context_type": "Suburban" }, "geometry": { "type": "Polygon", "coordinates": [ [ [ -106.223909471355611, 31.780204663291315 ], [ -106.223888308333045, 31.780210277153284 ], [ -106.22386984248682, 31.780227223437283 ], [ -106.223848695666959, 31.780241703600087 ], [ -106.223825314170412, 31.780253412944834 ], [ -106.223800193206586, 31.780262102361434 ], [ -106.223773862752282, 31.780267588901644 ], [ -106.223746879172097, 31.780269757061703 ], [ -106.223750249296643, 31.780579689879104 ], [ -106.223750343960958, 31.78058842348371 ], [ -106.223957769362102, 31.780588348187194 ], [ -106.223957674902266, 31.780579618185243 ], [ -106.22395357921387, 31.780202761100501 ], [ -106.223931431625374, 31.780202134586226 ], [ -106.223909471355611, 31.780204663291315 ] ] ] } },
{ "type": "Feature", "properties": { "pidn": "T28799925200060", "district": 5, "zonelabel": "A-2", "state_cd_clean": "B4", "use_desc": "QUADPLEX-RESIDENTIAL", "targetlotarea": 9060, "existing_units": 4, "footprint_sqft": 0.0, "interior_sqft": 0.0, "coverage_pct": 0.0, "in_corridor": false, "in_historic": false, "context_type": "Suburban" }, "geometry": { "type": "Polygon", "coordinates": [ [ [ -106.223957674902266, 31.780579618185243 ], [ -106.223957769362102, 31.780588348187194 ], [ -106.224165196871525, 31.780588272464815 ], [ -106.224165101617743, 31.780579547013836 ], [ -106.224160987828981, 31.780201116542319 ], [ -106.22395357921387, 31.780202761100501 ], [ -106.223957674902266, 31.780579618185243 ] ] ] } },
{ "type": "Feature", "properties": { "pidn": "T28799925200050", "district": 5, "zonelabel": "A-2", "state_cd_clean": "B4", "use_desc": "QUADPLEX-RESIDENTIAL", "targetlotarea": 9096, "existing_units": 4, "footprint_sqft": 2208.6001, "interior_sqft": 4417.2002, "coverage_pct": 0.24281003737906773, "in_corridor": false, "in_historic": false, "context_type": "Suburban" }, "geometry": { "type": "Polygon", "coordinates": [ [ [ -106.224165101617743, 31.780579547013836 ], [ -106.224165196871525, 31.780588272464815 ], [ -106.224372623326389, 31.780588196459806 ], [ -106.224372528332893, 31.780579475511988 ], [ -106.224368394272403, 31.780199470848721 ], [ -106.224160987828981, 31.780201116542319 ], [ -106.224165101617743, 31.780579547013836 ] ] ] } },
{ "type": "Feature", "properties": { "pidn": "T28799925200040", "district": 5, "zonelabel": "A-2", "state_cd_clean": "B4", "use_desc": "QUADPLEX-RESIDENTIAL", "targetlotarea": 9133, "existing_units": 4, "footprint_sqft": 2020.32996, "interior_sqft": 4040.65992, "coverage_pct": 0.22121208365268805, "in_corridor": false, "in_historic": false, "context_type": "Suburban" }, "geometry": { "type": "Polygon", "coordinates": [ [ [ -106.224372528332893, 31.780579475511988 ], [ -106.224372623326389, 31.780588196459806 ], [ -106.224580048726466, 31.780588120172116 ], [ -106.224579953937578, 31.780579402826937 ], [ -106.224575803871559, 31.780197824681547 ], [ -106.224368394272403, 31.780199470848721 ], [ -106.224372528332893, 31.780579475511988 ] ] ] } },
{ "type": "Feature", "properties": { "pidn": "T28799925200030", "district": 5, "zonelabel": "A-2", "state_cd_clean": "B4", "use_desc": "QUADPLEX-RESIDENTIAL", "targetlotarea": 9170, "existing_units": 4, "footprint_sqft": 2168.51001, "interior_sqft": 4337.02002, "coverage_pct": 0.23647873609596509, "in_corridor": false, "in_historic": false, "context_type": "Suburban" }, "geometry": { "type": "Polygon", "coordinates": [ [ [ -106.224579953937578, 31.780579402826937 ], [ -106.224580048726466, 31.780588120172116 ], [ -106.224787475180634, 31.780588043506349 ], [ -106.224787380652117, 31.78057933066432 ], [ -106.224783212465155, 31.780196179132375 ], [ -106.224575803871559, 31.780197824681547 ], [ -106.224579953937578, 31.780579402826937 ] ] ] } },
{ "type": "Feature", "properties": { "pidn": "T28799925200020", "district": 5, "zonelabel": "A-2", "state_cd_clean": "B4", "use_desc": "QUADPLEX-RESIDENTIAL", "targetlotarea": 9770, "existing_units": 4, "footprint_sqft": 4391.07995, "interior_sqft": 8782.1599, "coverage_pct": 0.44944523541453424, "in_corridor": false, "in_historic": false, "context_type": "Suburban" }, "geometry": { "type": "Polygon", "coordinates": [ [ [ -106.224787380652117, 31.78057933066432 ], [ -106.224787475180634, 31.780588043506349 ], [ -106.225010856678637, 31.780587960194751 ], [ -106.225010762409099, 31.780579251855993 ], [ -106.225007315853134, 31.78026254878268 ], [ -106.225006218101413, 31.780251896263248 ], [ -106.225003182715113, 31.780241522050634 ], [ -106.224998285775968, 31.78023168099811 ], [ -106.224991645977482, 31.780222616094537 ], [ -106.224983428283451, 31.780214549267495 ], [ -106.224973833328832, 31.780207680960046 ], [ -106.224963099856069, 31.78020217827958 ], [ -106.224951490122422, 31.780198178368384 ], [ -106.224867378714123, 31.780195508078357 ], [ -106.224783212465155, 31.780196179132375 ], [ -106.224787380652117, 31.78057933066432 ] ] ] } },
{ "type": "Feature", "properties": { "pidn": "T2900000003000A", "district": 5, "zonelabel": "C-4", "state_cd_clean": "A6", "use_desc": "LOT, UTILIZED AS MH ON RE", "targetlotarea": 249345, "existing_units": 0, "footprint_sqft": 0.0, "interior_sqft": 0.0, "coverage_pct": 0.0, "in_corridor": false, "in_historic": false, "context_type": "Suburban" }, "geometry": { "type": "Polygon", "coordinates": [ [ [ -106.246781266082209, 31.779298072360334 ], [ -106.248039345013225, 31.77929179260143 ], [ -106.248123328119689, 31.779294817722317 ], [ -106.248206612829478, 31.779304536190704 ], [ -106.248288469674904, 31.779320863763338 ], [ -106.248368180187512, 31.779343655187354 ], [ -106.248445048001372, 31.779372712726826 ], [ -106.248518399570202, 31.779407780711054 ], [ -106.248587592051834, 31.779448553304107 ], [ -106.248652019521458, 31.779494672416178 ], [ -106.248659974850668, 31.779500005992549 ], [ -106.248668813142217, 31.77950420480262 ], [ -106.248678313303472, 31.779507165101315 ], [ -106.248688240335269, 31.779508814483162 ], [ -106.248698347328144, 31.779509109985096 ], [ -106.248708383291572, 31.779508044955783 ], [ -106.248718099311162, 31.779505646066312 ], [ -106.248727252766301, 31.779501973118091 ], [ -106.248735616706128, 31.779497116810671 ], [ -106.248742983012903, 31.779491198597594 ], [ -106.249806630040965, 31.778490389691321 ], [ -106.249759772060472, 31.778459330620997 ], [ -106.249693859952089, 31.778421569602038 ], [ -106.249625052661614, 31.778387788544041 ], [ -106.249553676301602, 31.778358147824392 ], [ -106.249480074893782, 31.778332789846573 ], [ -106.249396964391636, 31.778307838043606 ], [ -106.249311656020467, 31.778289064350883 ], [ -106.249224777955774, 31.778276607282635 ], [ -106.249136969102793, 31.778270556999772 ], [ -106.249048876158753, 31.778270959055686 ], [ -106.247874401538667, 31.778282475471631 ], [ -106.247857268518572, 31.778298393900339 ], [ -106.247839190983328, 31.77831518887465 ], [ -106.247820580741106, 31.77833247860562 ], [ -106.247641318345785, 31.778499026327527 ], [ -106.247609850467896, 31.778528262175911 ], [ -106.247310942789667, 31.778805969447596 ], [ -106.247156584598571, 31.778949379036263 ], [ -106.247123448425697, 31.778980165428024 ], [ -106.246781266082209, 31.779298072360334 ] ] ] } },
{ "type": "Feature", "properties": { "pidn": "T28799925200070", "district": 5, "zonelabel": "S-D", "state_cd_clean": "B4", "use_desc": "QUADPLEX-RESIDENTIAL", "targetlotarea": 228705, "existing_units": 4, "footprint_sqft": 5012.56006, "interior_sqft": 10025.12012, "coverage_pct": 0.021917142432391071, "in_corridor": false, "in_historic": false, "context_type": "Suburban" }, "geometry": { "type": "Polygon", "coordinates": [ [ [ -106.223529398810896, 31.781940735678837 ], [ -106.223546632110569, 31.781940691553149 ], [ -106.224935015537795, 31.781942193341887 ], [ -106.224948592524882, 31.781942452778956 ], [ -106.224962029254925, 31.781940775909217 ], [ -106.22497495228464, 31.78193721035014 ], [ -106.224986998848991, 31.781931856521044 ], [ -106.224997833450956, 31.781924862376304 ], [ -106.225007152190884, 31.781916425015424 ], [ -106.225014695802031, 31.781906779255106 ], [ -106.225020251591516, 31.78189619483172 ], [ -106.225023666643722, 31.781884967675239 ], [ -106.225024844098172, 31.78187341104643 ], [ -106.225010856678637, 31.780587960194751 ], [ -106.223531939998082, 31.780588502363045 ], [ -106.223515094702293, 31.780588508159788 ], [ -106.223529398810896, 31.781940735678837 ] ] ] } },
{ "type": "Feature", "properties": { "pidn": "T28799921700620", "district": 5, "zonelabel": "R-5", "state_cd_clean": "A1", "use_desc": "REAL, RESIDENTIAL, SINGLE-FAMILY", "targetlotarea": 689290, "existing_units": 1, "footprint_sqft": 0.0, "interior_sqft": 0.0, "coverage_pct": 0.0, "in_corridor": false, "in_historic": false, "context_type": "Suburban" }, "geometry": { "type": "Polygon", "coordinates": [ [ [ -106.246467757018181, 31.779580535040008 ], [ -106.246178140579104, 31.779846953007127 ], [ -106.24604866864469, 31.779967139885297 ], [ -106.245944954514513, 31.780063415606509 ], [ -106.245841242170641, 31.780159689344362 ], [ -106.245737528618363, 31.780255963944509 ], [ -106.245633814855964, 31.780352238458455 ], [ -106.245530100883386, 31.780448512886082 ], [ -106.24542638769887, 31.780544786278988 ], [ -106.245322673249916, 31.78064105963351 ], [ -106.245218957648646, 31.780737334750903 ], [ -106.245115656182421, 31.78083393053922 ], [ -106.245012355504429, 31.780930525293446 ], [ -106.244909053618187, 31.781027120910565 ], [ -106.244797057146016, 31.781131846057214 ], [ -106.244667469876134, 31.781253020112995 ], [ -106.244531109151595, 31.781380526676006 ], [ -106.244357423557929, 31.781542934041259 ], [ -106.243588781393029, 31.782259768656999 ], [ -106.243618657917466, 31.782259770715932 ], [ -106.245796954937859, 31.782259928078879 ], [ -106.248518045246158, 31.779702847604742 ], [ -106.248525508781569, 31.779694654460759 ], [ -106.248531437941097, 31.779685591799343 ], [ -106.24853590313387, 31.779675245485212 ], [ -106.248538366654387, 31.779664420289038 ], [ -106.248538765716162, 31.779653398139732 ], [ -106.248537088531862, 31.779642464969186 ], [ -106.248533380133836, 31.779631902319817 ], [ -106.248527735880046, 31.779621984929975 ], [ -106.248520301834745, 31.779612969878944 ], [ -106.248511270158616, 31.77960509047459 ], [ -106.248459322324905, 31.779570043732885 ], [ -106.248403758721437, 31.779539308635979 ], [ -106.248345068850568, 31.779513156448868 ], [ -106.248283769207774, 31.779491816567937 ], [ -106.248220397954313, 31.779475475860277 ], [ -106.248155512864983, 31.779464279660449 ], [ -106.248089685664468, 31.779458325705555 ], [ -106.248044502370277, 31.779457300986721 ], [ -106.246594362903153, 31.779464068872738 ], [ -106.246467757018181, 31.779580535040008 ] ] ] } },
{ "type": "Feature", "properties": { "pidn": "T28799921406775", "district": 5, "zonelabel": "C-2", "state_cd_clean": "C10", "use_desc": "REAL, VACANT PLATTED COMMERCIAL LOT", "targetlotarea": 284258, "existing_units": 0, "footprint_sqft": 0.0, "interior_sqft": 0.0, "coverage_pct": 0.0, "in_corridor": false, "in_historic": false, "context_type": "Suburban" }, "geometry": { "type": "Polygon", "coordinates": [ [ [ -106.231238809881603, 31.783710497191777 ], [ -106.231819624863647, 31.78371001619405 ], [ -106.231812619348332, 31.783165588285662 ], [ -106.233691339520661, 31.783169242361033 ], [ -106.233694310497796, 31.783168186421179 ], [ -106.233691305140013, 31.783166494748336 ], [ -106.233680583529349, 31.782334616682988 ], [ -106.233679069838828, 31.782322986894304 ], [ -106.23367537526272, 31.782311719726604 ], [ -106.2336695943536, 31.78230111163915 ], [ -106.2336618808651, 31.78229144195577 ], [ -106.233652436760906, 31.782282966138684 ], [ -106.233641512653307, 31.782275905833671 ], [ -106.233629396149425, 31.782270448495677 ], [ -106.23361640490964, 31.782266737769039 ], [ -106.23122064880414, 31.782278831009208 ], [ -106.231220653677312, 31.782279028576792 ], [ -106.231238809881603, 31.783710497191777 ] ] ] } },
{ "type": "Feature", "properties": { "pidn": "T28799921406775", "district": 5, "zonelabel": "C-2", "state_cd_clean": "C10", "use_desc": "REAL, VACANT PLATTED COMMERCIAL LOT", "targetlotarea": 43355, "existing_units": 0, "footprint_sqft": 0.0, "interior_sqft": 0.0, "coverage_pct": 0.0, "in_corridor": false, "in_historic": false, "context_type": "Suburban" }, "geometry": { "type": "Polygon", "coordinates": [ [ [ -106.231247128975539, 31.784370078374565 ], [ -106.231828129423519, 31.784370934798062 ], [ -106.231819624863647, 31.78371001619405 ], [ -106.231238809881603, 31.783710497191777 ], [ -106.23123895615997, 31.783722126658351 ], [ -106.231247128975539, 31.784370078374565 ] ] ] } },
{ "type": "Feature", "properties": { "pidn": "T284999002A0200", "district": 5, "zonelabel": "C-3", "state_cd_clean": "C10", "use_desc": "REAL, VACANT PLATTED COMMERCIAL LOT", "targetlotarea": 587173, "existing_units": 0, "footprint_sqft": 0.0, "interior_sqft": 0.0, "coverage_pct": 0.0, "in_corridor": false, "in_historic": false, "context_type": "Suburban" }, "geometry": { "type": "Polygon", "coordinates": [ [ [ -106.23232377959512, 31.796446791203813 ], [ -106.232917535021897, 31.797030166229462 ], [ -106.233113261947764, 31.79684222613394 ], [ -106.233282205308086, 31.79668000223058 ], [ -106.233381671190642, 31.796584491198043 ], [ -106.233481281657035, 31.796488842566006 ], [ -106.233580748137825, 31.796393330425772 ], [ -106.233680358203358, 31.796297681634165 ], [ -106.233779823285403, 31.796202170283014 ], [ -106.23387943189563, 31.796106521379624 ], [ -106.233978896521421, 31.796011008968588 ], [ -106.234078505841268, 31.795915360758478 ], [ -106.234177970122786, 31.795819849088709 ], [ -106.234317007292447, 31.795686337692814 ], [ -106.23443798044363, 31.795570171878378 ], [ -106.235081158938044, 31.794952546878275 ], [ -106.23525397717556, 31.794786591290503 ], [ -106.233966547869571, 31.793669818831727 ], [ -106.231865120684844, 31.795629783739809 ], [ -106.232589950594715, 31.796199988011228 ], [ -106.23232377959512, 31.796446791203813 ] ] ] } },
{ "type": "Feature", "properties": { "pidn": "X57999923400296", "district": 5, "zonelabel": "C-1", "state_cd_clean": "C10", "use_desc": "REAL, VACANT PLATTED COMMERCIAL LOT", "targetlotarea": 543547, "existing_units": 0, "footprint_sqft": 0.0, "interior_sqft": 0.0, "coverage_pct": 0.0, "in_corridor": true, "in_historic": false, "context_type": "Suburban" }, "geometry": { "type": "Polygon", "coordinates": [ [ [ -106.244438827223888, 31.798672332900953 ], [ -106.244148026952175, 31.79874894543844 ], [ -106.243855105463609, 31.798819419250897 ], [ -106.243560241000836, 31.798883711912147 ], [ -106.243263613087166, 31.798941784551939 ], [ -106.242965399362689, 31.798993601999591 ], [ -106.242978378417263, 31.799071601356587 ], [ -106.2429954749921, 31.799189151099018 ], [ -106.243091742764847, 31.799303107191836 ], [ -106.243156389489229, 31.799374961470082 ], [ -106.243225991101397, 31.799443357442012 ], [ -106.243300292078473, 31.79950804659968 ], [ -106.243379023859191, 31.799568791864889 ], [ -106.243461901074454, 31.799625374985876 ], [ -106.243548619988005, 31.79967758847965 ], [ -106.245869897434105, 31.800987541055697 ], [ -106.246342659302044, 31.800833189121498 ], [ -106.246360939031703, 31.800816307854216 ], [ -106.2463760387988, 31.800797270769788 ], [ -106.246387615551569, 31.800776512515711 ], [ -106.246395406687057, 31.800754502919112 ], [ -106.24639923509929, 31.800731743144702 ], [ -106.246399013553756, 31.800708751045434 ], [ -106.246394747065224, 31.800686048410665 ], [ -106.245456848897021, 31.798720221271953 ], [ -106.245148753156116, 31.798097675353379 ], [ -106.245124652783915, 31.798097688272982 ], [ -106.244200228517457, 31.798098072991916 ], [ -106.244438827223888, 31.798672332900953 ] ] ] } },
{ "type": "Feature", "properties": { "pidn": "X57999923400296", "district": 5, "zonelabel": "C-1", "state_cd_clean": "C10", "use_desc": "REAL, VACANT PLATTED COMMERCIAL LOT", "targetlotarea": 543547, "existing_units": 0, "footprint_sqft": 0.0, "interior_sqft": 0.0, "coverage_pct": 0.0, "in_corridor": true, "in_historic": false, "context_type": "Suburban" }, "geometry": { "type": "Polygon", "coordinates": [ [ [ -106.244438827223888, 31.798672332900953 ], [ -106.244148026952175, 31.79874894543844 ], [ -106.243855105463609, 31.798819419250897 ], [ -106.243560241000836, 31.798883711912147 ], [ -106.243263613087166, 31.798941784551939 ], [ -106.242965399362689, 31.798993601999591 ], [ -106.242978378417263, 31.799071601356587 ], [ -106.2429954749921, 31.799189151099018 ], [ -106.243091742764847, 31.799303107191836 ], [ -106.243156389489229, 31.799374961470082 ], [ -106.243225991101397, 31.799443357442012 ], [ -106.243300292078473, 31.79950804659968 ], [ -106.243379023859191, 31.799568791864889 ], [ -106.243461901074454, 31.799625374985876 ], [ -106.243548619988005, 31.79967758847965 ], [ -106.245869897434105, 31.800987541055697 ], [ -106.246342659302044, 31.800833189121498 ], [ -106.246360939031703, 31.800816307854216 ], [ -106.2463760387988, 31.800797270769788 ], [ -106.246387615551569, 31.800776512515711 ], [ -106.246395406687057, 31.800754502919112 ], [ -106.24639923509929, 31.800731743144702 ], [ -106.246399013553756, 31.800708751045434 ], [ -106.246394747065224, 31.800686048410665 ], [ -106.245456848897021, 31.798720221271953 ], [ -106.245148753156116, 31.798097675353379 ], [ -106.245124652783915, 31.798097688272982 ], [ -106.244200228517457, 31.798098072991916 ], [ -106.244438827223888, 31.798672332900953 ] ] ] } },
{ "type": "Feature", "properties": { "pidn": "X57999923400296", "district": 5, "zonelabel": "C-1", "state_cd_clean": "C10", "use_desc": "REAL, VACANT PLATTED COMMERCIAL LOT", "targetlotarea": 387925, "existing_units": 0, "footprint_sqft": 0.0, "interior_sqft": 0.0, "coverage_pct": 0.0, "in_corridor": true, "in_historic": false, "context_type": "Suburban" }, "geometry": { "type": "Polygon", "coordinates": [ [ [ -106.2429954749921, 31.799189151099018 ], [ -106.242987171866517, 31.79917932265753 ], [ -106.243009919405822, 31.799375793383845 ], [ -106.243024544470387, 31.799572826235874 ], [ -106.243031027595535, 31.799770177346293 ], [ -106.243048886095096, 31.801233888334032 ], [ -106.243053473741654, 31.801286422587872 ], [ -106.243065877832422, 31.801338027476735 ], [ -106.24308589447682, 31.801387856982764 ], [ -106.243113197971169, 31.801435095906751 ], [ -106.243147339417916, 31.801478971671859 ], [ -106.243187762161213, 31.801518764460724 ], [ -106.243233801853876, 31.80155382527575 ], [ -106.243284707772077, 31.801583578583728 ], [ -106.243339643768849, 31.801607537626854 ], [ -106.243397712977597, 31.801625310526148 ], [ -106.243457964532524, 31.801636606298732 ], [ -106.243519410778617, 31.801641239495272 ], [ -106.243663227012831, 31.801629015345046 ], [ -106.243806178461469, 31.801610835253364 ], [ -106.243947926331813, 31.80158674441309 ], [ -106.244088134614358, 31.801556798730001 ], [ -106.244226473526837, 31.801521069181749 ], [ -106.244362616183125, 31.801479639259892 ], [ -106.245869897434105, 31.800987541055697 ], [ -106.243548619988005, 31.79967758847965 ], [ -106.243461901074454, 31.799625374985876 ], [ -106.243379023859191, 31.799568791864889 ], [ -106.243300292078473, 31.79950804659968 ], [ -106.243225991101397, 31.799443357442012 ], [ -106.243156389489229, 31.799374961470082 ], [ -106.243091742764847, 31.799303107191836 ], [ -106.2429954749921, 31.799189151099018 ] ] ] } },
{ "type": "Feature", "properties": { "pidn": "X57999923400296", "district": 5, "zonelabel": "C-1", "state_cd_clean": "C10", "use_desc": "REAL, VACANT PLATTED COMMERCIAL LOT", "targetlotarea": 387925, "existing_units": 0, "footprint_sqft": 0.0, "interior_sqft": 0.0, "coverage_pct": 0.0, "in_corridor": true, "in_historic": false, "context_type": "Suburban" }, "geometry": { "type": "Polygon", "coordinates": [ [ [ -106.2429954749921, 31.799189151099018 ], [ -106.242987171866517, 31.79917932265753 ], [ -106.243009919405822, 31.799375793383845 ], [ -106.243024544470387, 31.799572826235874 ], [ -106.243031027595535, 31.799770177346293 ], [ -106.243048886095096, 31.801233888334032 ], [ -106.243053473741654, 31.801286422587872 ], [ -106.243065877832422, 31.801338027476735 ], [ -106.24308589447682, 31.801387856982764 ], [ -106.243113197971169, 31.801435095906751 ], [ -106.243147339417916, 31.801478971671859 ], [ -106.243187762161213, 31.801518764460724 ], [ -106.243233801853876, 31.80155382527575 ], [ -106.243284707772077, 31.801583578583728 ], [ -106.243339643768849, 31.801607537626854 ], [ -106.243397712977597, 31.801625310526148 ], [ -106.243457964532524, 31.801636606298732 ], [ -106.243519410778617, 31.801641239495272 ], [ -106.243663227012831, 31.801629015345046 ], [ -106.243806178461469, 31.801610835253364 ], [ -106.243947926331813, 31.80158674441309 ], [ -106.244088134614358, 31.801556798730001 ], [ -106.244226473526837, 31.801521069181749 ], [ -106.244362616183125, 31.801479639259892 ], [ -106.245869897434105, 31.800987541055697 ], [ -106.243548619988005, 31.79967758847965 ], [ -106.243461901074454, 31.799625374985876 ], [ -106.243379023859191, 31.799568791864889 ], [ -106.243300292078473, 31.79950804659968 ], [ -106.243225991101397, 31.799443357442012 ], [ -106.243156389489229, 31.799374961470082 ], [ -106.243091742764847, 31.799303107191836 ], [ -106.2429954749921, 31.799189151099018 ] ] ] } },
{ "type": "Feature", "properties": { "pidn": "T28999900100130", "district": 5, "zonelabel": "C-4", "state_cd_clean": "F1", "use_desc": "COMM,ANY COMM OTHR THAN F2-F9", "targetlotarea": 62607, "existing_units": 0, "footprint_sqft": 0.0, "interior_sqft": 0.0, "coverage_pct": 0.0, "in_corridor": false, "in_historic": false, "context_type": "Suburban" }, "geometry": { "type": "Polygon", "coordinates": [ [ [ -106.266893836169913, 31.801240358849743 ], [ -106.267639363896663, 31.801242403773617 ], [ -106.267641619512176, 31.80120402439962 ], [ -106.26765316331047, 31.800919410382061 ], [ -106.267650941265643, 31.800512441750968 ], [ -106.266878189363894, 31.800519519392179 ], [ -106.266893836169913, 31.801240358849743 ] ] ] } },
{ "type": "Feature", "properties": { "pidn": "T28999900100130", "district": 5, "zonelabel": "P-R 2", "state_cd_clean": "F1", "use_desc": "COMM,ANY COMM OTHR THAN F2-F9", "targetlotarea": 57128, "existing_units": 0, "footprint_sqft": 0.0, "interior_sqft": 0.0, "coverage_pct": 0.0, "in_corridor": false, "in_historic": false, "context_type": "Suburban" }, "geometry": { "type": "Polygon", "coordinates": [ [ [ -106.266130127176183, 31.801586822248513 ], [ -106.267616037314014, 31.801573215747332 ], [ -106.267624910674897, 31.801488317573277 ], [ -106.267639363896663, 31.801242403773617 ], [ -106.266151074451358, 31.801238318126259 ], [ -106.266143818221593, 31.801359055359232 ], [ -106.266137068737635, 31.801471336752805 ], [ -106.266130350478093, 31.801583102823304 ], [ -106.266130127176183, 31.801586822248513 ] ] ] } },
{ "type": "Feature", "properties": { "pidn": "T28999900100100", "district": 5, "zonelabel": "C-4", "state_cd_clean": "C10", "use_desc": "REAL, VACANT PLATTED COMMERCIAL LOT", "targetlotarea": 119156, "existing_units": 0, "footprint_sqft": 0.0, "interior_sqft": 0.0, "coverage_pct": 0.0, "in_corridor": true, "in_historic": false, "context_type": "Suburban" }, "geometry": { "type": "Polygon", "coordinates": [ [ [ -106.266592361607294, 31.803439414073605 ], [ -106.266521489929545, 31.803572542842691 ], [ -106.267248181493983, 31.803472553548513 ], [ -106.267502683272028, 31.802657781864621 ], [ -106.267573112554928, 31.801983918298308 ], [ -106.266839392987066, 31.801990638605545 ], [ -106.266810494501186, 31.802741094550733 ], [ -106.266592361607294, 31.803439414073605 ] ] ] } },
{ "type": "Feature", "properties": { "pidn": "Interstate 180", "district": 5, "zonelabel": "C-4", "state_cd_clean": "", "use_desc": "Unknown", "targetlotarea": 86484, "existing_units": 0, "footprint_sqft": 0.0, "interior_sqft": 0.0, "coverage_pct": 0.0, "in_corridor": false, "in_historic": false, "context_type": "Suburban" }, "geometry": { "type": "Polygon", "coordinates": [ [ [ -106.233263301259882, 31.812144161043975 ], [ -106.233132315541539, 31.811411193468071 ], [ -106.233128864494304, 31.811398603977334 ], [ -106.233123148263189, 31.811386631053303 ], [ -106.233115309886145, 31.811375568052 ], [ -106.233105539907186, 31.811365689919779 ], [ -106.233094081752668, 31.811357237595807 ], [ -106.233081216023194, 31.811350420530836 ], [ -106.233067258767292, 31.811345405927508 ], [ -106.233052555097515, 31.811342318127185 ], [ -106.233037467141244, 31.811341231930591 ], [ -106.233022365771873, 31.811342175682487 ], [ -106.232265764173647, 31.811440862173388 ], [ -106.232274432890023, 31.812273012971559 ], [ -106.233263301259882, 31.812144161043975 ] ] ] } },
{ "type": "Feature", "properties": { "pidn": "Interstate 180", "district": 5, "zonelabel": "C-4", "state_cd_clean": "", "use_desc": "Unknown", "targetlotarea": 194663, "existing_units": 0, "footprint_sqft": 0.0, "interior_sqft": 0.0, "coverage_pct": 0.0, "in_corridor": false, "in_historic": false, "context_type": "Suburban" }, "geometry": { "type": "Polygon", "coordinates": [ [ [ -106.231300391591873, 31.811558659746701 ], [ -106.231307310383869, 31.81326707275808 ], [ -106.23227306658994, 31.813267995319631 ], [ -106.232284798718638, 31.813268006358541 ], [ -106.232280951200124, 31.812898627718244 ], [ -106.232265764173647, 31.811440862173388 ], [ -106.232265648777101, 31.811440877338178 ], [ -106.232265610154826, 31.811431425085431 ], [ -106.231300391591873, 31.811558659746701 ] ] ] } },
{ "type": "Feature", "properties": { "pidn": "X57900022802000", "district": 5, "zonelabel": "R-MU", "state_cd_clean": "F2", "use_desc": "INDUSTRIAL,(INDUSTRIAL BLDGS)", "targetlotarea": 7153899, "existing_units": 0, "footprint_sqft": 0.0, "interior_sqft": 0.0, "coverage_pct": 0.0, "in_corridor": false, "in_historic": false, "context_type": "Suburban" }, "geometry": { "type": "Polygon", "coordinates": [ [ [ -106.252514868497755, 31.826738195197663 ], [ -106.261729939697432, 31.826736939352099 ], [ -106.261643053651269, 31.820549760348566 ], [ -106.261534339248271, 31.820550870760268 ], [ -106.256919939421977, 31.820597920643745 ], [ -106.251353612678002, 31.820654459571337 ], [ -106.251379492757422, 31.826727293035056 ], [ -106.251488652450888, 31.826726889174807 ], [ -106.251635194174085, 31.826726351653285 ], [ -106.252514868497755, 31.826738195197663 ] ] ] } },
{ "type": "Feature", "properties": { "pidn": "X57900022802000", "district": 5, "zonelabel": "R-MU", "state_cd_clean": "F2", "use_desc": "INDUSTRIAL,(INDUSTRIAL BLDGS)", "targetlotarea": 7153899, "existing_units": 0, "footprint_sqft": 0.0, "interior_sqft": 0.0, "coverage_pct": 0.0, "in_corridor": false, "in_historic": false, "context_type": "Suburban" }, "geometry": { "type": "Polygon", "coordinates": [ [ [ -106.252514868497755, 31.826738195197663 ], [ -106.261729939697432, 31.826736939352099 ], [ -106.261643053651269, 31.820549760348566 ], [ -106.261534339248271, 31.820550870760268 ], [ -106.256919939421977, 31.820597920643745 ], [ -106.251353612678002, 31.820654459571337 ], [ -106.251379492757422, 31.826727293035056 ], [ -106.251488652450888, 31.826726889174807 ], [ -106.251635194174085, 31.826726351653285 ], [ -106.252514868497755, 31.826738195197663 ] ] ] } },
{ "type": "Feature", "properties": { "pidn": "X57900022802000", "district": 5, "zonelabel": "R-MU", "state_cd_clean": "F2", "use_desc": "INDUSTRIAL,(INDUSTRIAL BLDGS)", "targetlotarea": 7153899, "existing_units": 0, "footprint_sqft": 0.0, "interior_sqft": 0.0, "coverage_pct": 0.0, "in_corridor": false, "in_historic": false, "context_type": "Suburban" }, "geometry": { "type": "Polygon", "coordinates": [ [ [ -106.252514868497755, 31.826738195197663 ], [ -106.261729939697432, 31.826736939352099 ], [ -106.261643053651269, 31.820549760348566 ], [ -106.261534339248271, 31.820550870760268 ], [ -106.256919939421977, 31.820597920643745 ], [ -106.251353612678002, 31.820654459571337 ], [ -106.251379492757422, 31.826727293035056 ], [ -106.251488652450888, 31.826726889174807 ], [ -106.251635194174085, 31.826726351653285 ], [ -106.252514868497755, 31.826738195197663 ] ] ] } },
{ "type": "Feature", "properties": { "pidn": "T28799925200950", "district": 5, "zonelabel": "S-D", "state_cd_clean": "A1", "use_desc": "REAL, RESIDENTIAL, SINGLE-FAMILY", "targetlotarea": 3020260, "existing_units": 1, "footprint_sqft": 0.0, "interior_sqft": 0.0, "coverage_pct": 0.0, "in_corridor": false, "in_historic": false, "context_type": "Suburban" }, "geometry": { "type": "Polygon", "coordinates": [ [ [ -106.223486564796829, 31.777891462259657 ], [ -106.223349913284309, 31.777892062955853 ], [ -106.223201877297981, 31.777892714684839 ], [ -106.223053842308033, 31.777893365297217 ], [ -106.222905806317641, 31.777894016689707 ], [ -106.222757770325231, 31.777894667913888 ], [ -106.222609734274911, 31.777895318069149 ], [ -106.222461698278451, 31.777895968956738 ], [ -106.222313663334205, 31.777896619628311 ], [ -106.222165627277832, 31.777897269278736 ], [ -106.222017591275275, 31.777897919661488 ], [ -106.221869555270686, 31.777898569875941 ], [ -106.221686098285488, 31.777899374431158 ], [ -106.221358685180689, 31.777900810793621 ], [ -106.221205594758331, 31.777901482182131 ], [ -106.22104416386874, 31.777902190352481 ], [ -106.220713902169891, 31.777903636596974 ], [ -106.220534118153211, 31.777904424142903 ], [ -106.22038447131186, 31.777905079630649 ], [ -106.22023482235987, 31.777905735041792 ], [ -106.220085173349943, 31.777906389380359 ], [ -106.219935525448079, 31.777907044399896 ], [ -106.219785877544211, 31.777907699247415 ], [ -106.219636228528074, 31.77790835307006 ], [ -106.219486580620057, 31.77790900757368 ], [ -106.219336930601372, 31.777909662000685 ], [ -106.219187282633399, 31.777910315259721 ], [ -106.219007506027353, 31.777911101264806 ], [ -106.218677243268132, 31.777912543292398 ], [ -106.218515792197721, 31.777913247433368 ], [ -106.216864563848077, 31.777920442700708 ], [ -106.21693313441105, 31.781873993067407 ], [ -106.216935018333359, 31.781888218091741 ], [ -106.216939632090913, 31.781901980992988 ], [ -106.216946847471689, 31.781914901929113 ], [ -106.216956465852292, 31.78192662501402 ], [ -106.216968222973236, 31.781936827133286 ], [ -106.216981793714538, 31.781945226759632 ], [ -106.216996804307072, 31.781951593335197 ], [ -106.217012841046852, 31.781955751393209 ], [ -106.217029463225998, 31.781957584489074 ], [ -106.217046210017074, 31.781957043920467 ], [ -106.223529398810896, 31.781940735678837 ], [ -106.223486564796829, 31.777891462259657 ] ] ] } },
{ "type": "Feature", "properties": { "pidn": "X57999923300075", "district": 5, "zonelabel": "C-4", "state_cd_clean": "F1", "use_desc": "COMM,ANY COMM OTHR THAN F2-F9", "targetlotarea": 327028, "existing_units": 0, "footprint_sqft": 9018.23047, "interior_sqft": 18036.46094, "coverage_pct": 0.027576325177049062, "in_corridor": true, "in_historic": false, "context_type": "Suburban" }, "geometry": { "type": "Polygon", "coordinates": [ [ [ -106.256880237200804, 31.812816958576118 ], [ -106.258340730145093, 31.812817400508614 ], [ -106.258349454909492, 31.811195972322686 ], [ -106.257705638173647, 31.811193444930748 ], [ -106.257708864106448, 31.81059474334522 ], [ -106.25722600126339, 31.810596015464 ], [ -106.257212093270681, 31.810596911330162 ], [ -106.257198482919023, 31.810599508719029 ], [ -106.257185451262544, 31.810603752390136 ], [ -106.25717327100395, 31.810609554970046 ], [ -106.2571621968344, 31.810616794682659 ], [ -106.257141145021961, 31.810630287633714 ], [ -106.257117798629835, 31.810640670729804 ], [ -106.257092783363333, 31.810647666222227 ], [ -106.257066767518211, 31.810651085641705 ], [ -106.257040446723451, 31.810650839524524 ], [ -106.257014525674492, 31.810646932825083 ], [ -106.256989695211857, 31.810639470474708 ], [ -106.256988810516063, 31.810639055557001 ], [ -106.256962298502515, 31.810633915858599 ], [ -106.256937182394765, 31.81062502869344 ], [ -106.256914184567592, 31.810612648383803 ], [ -106.256893962861284, 31.810597130632274 ], [ -106.256893961731791, 31.810597248092503 ], [ -106.256880991976786, 31.810583810762548 ], [ -106.256870117017129, 31.810569079615139 ], [ -106.256861511391719, 31.810553292362048 ], [ -106.25685501682139, 31.8105357093071 ], [ -106.256851340325682, 31.810517541901209 ], [ -106.256850490255701, 31.810505227379348 ], [ -106.256880237200804, 31.812816958576118 ] ] ] } },
{ "type": "Feature", "properties": { "pidn": "X57999923300075", "district": 5, "zonelabel": "C-4", "state_cd_clean": "F1", "use_desc": "COMM,ANY COMM OTHR THAN F2-F9", "targetlotarea": 327028, "existing_units": 0, "footprint_sqft": 9018.23047, "interior_sqft": 18036.46094, "coverage_pct": 0.027576325177049062, "in_corridor": true, "in_historic": false, "context_type": "Suburban" }, "geometry": { "type": "Polygon", "coordinates": [ [ [ -106.256880237200804, 31.812816958576118 ], [ -106.258340730145093, 31.812817400508614 ], [ -106.258349454909492, 31.811195972322686 ], [ -106.257705638173647, 31.811193444930748 ], [ -106.257708864106448, 31.81059474334522 ], [ -106.25722600126339, 31.810596015464 ], [ -106.257212093270681, 31.810596911330162 ], [ -106.257198482919023, 31.810599508719029 ], [ -106.257185451262544, 31.810603752390136 ], [ -106.25717327100395, 31.810609554970046 ], [ -106.2571621968344, 31.810616794682659 ], [ -106.257141145021961, 31.810630287633714 ], [ -106.257117798629835, 31.810640670729804 ], [ -106.257092783363333, 31.810647666222227 ], [ -106.257066767518211, 31.810651085641705 ], [ -106.257040446723451, 31.810650839524524 ], [ -106.257014525674492, 31.810646932825083 ], [ -106.256989695211857, 31.810639470474708 ], [ -106.256988810516063, 31.810639055557001 ], [ -106.256962298502515, 31.810633915858599 ], [ -106.256937182394765, 31.81062502869344 ], [ -106.256914184567592, 31.810612648383803 ], [ -106.256893962861284, 31.810597130632274 ], [ -106.256893961731791, 31.810597248092503 ], [ -106.256880991976786, 31.810583810762548 ], [ -106.256870117017129, 31.810569079615139 ], [ -106.256861511391719, 31.810553292362048 ], [ -106.25685501682139, 31.8105357093071 ], [ -106.256851340325682, 31.810517541901209 ], [ -106.256850490255701, 31.810505227379348 ], [ -106.256880237200804, 31.812816958576118 ] ] ] } },
{ "type": "Feature", "properties": { "pidn": "X57999923300075", "district": 5, "zonelabel": "C-4", "state_cd_clean": "F1", "use_desc": "COMM,ANY COMM OTHR THAN F2-F9", "targetlotarea": 327028, "existing_units": 0, "footprint_sqft": 9018.23047, "interior_sqft": 18036.46094, "coverage_pct": 0.027576325177049062, "in_corridor": true, "in_historic": false, "context_type": "Suburban" }, "geometry": { "type": "Polygon", "coordinates": [ [ [ -106.256880237200804, 31.812816958576118 ], [ -106.258340730145093, 31.812817400508614 ], [ -106.258349454909492, 31.811195972322686 ], [ -106.257705638173647, 31.811193444930748 ], [ -106.257708864106448, 31.81059474334522 ], [ -106.25722600126339, 31.810596015464 ], [ -106.257212093270681, 31.810596911330162 ], [ -106.257198482919023, 31.810599508719029 ], [ -106.257185451262544, 31.810603752390136 ], [ -106.25717327100395, 31.810609554970046 ], [ -106.2571621968344, 31.810616794682659 ], [ -106.257141145021961, 31.810630287633714 ], [ -106.257117798629835, 31.810640670729804 ], [ -106.257092783363333, 31.810647666222227 ], [ -106.257066767518211, 31.810651085641705 ], [ -106.257040446723451, 31.810650839524524 ], [ -106.257014525674492, 31.810646932825083 ], [ -106.256989695211857, 31.810639470474708 ], [ -106.256988810516063, 31.810639055557001 ], [ -106.256962298502515, 31.810633915858599 ], [ -106.256937182394765, 31.81062502869344 ], [ -106.256914184567592, 31.810612648383803 ], [ -106.256893962861284, 31.810597130632274 ], [ -106.256893961731791, 31.810597248092503 ], [ -106.256880991976786, 31.810583810762548 ], [ -106.256870117017129, 31.810569079615139 ], [ -106.256861511391719, 31.810553292362048 ], [ -106.25685501682139, 31.8105357093071 ], [ -106.256851340325682, 31.810517541901209 ], [ -106.256850490255701, 31.810505227379348 ], [ -106.256880237200804, 31.812816958576118 ] ] ] } },
{ "type": "Feature", "properties": { "pidn": "X57999924800250", "district": 5, "zonelabel": "C-2", "state_cd_clean": "XV-C", "use_desc": "COMMERCIAL public, religous, charitable, misc", "targetlotarea": 87805, "existing_units": 0, "footprint_sqft": 0.0, "interior_sqft": 0.0, "coverage_pct": 0.0, "in_corridor": false, "in_historic": false, "context_type": "Suburban" }, "geometry": { "type": "Polygon", "coordinates": [ [ [ -106.215372908639438, 31.776656635244734 ], [ -106.215373026137968, 31.776667865883731 ], [ -106.215380264908418, 31.777362959094532 ], [ -106.216428916756939, 31.777353776417932 ], [ -106.216489743799201, 31.777353243042981 ], [ -106.216483197328742, 31.776725430100115 ], [ -106.21648319610803, 31.776725273912202 ], [ -106.216481838525183, 31.776713449085065 ], [ -106.216478114957326, 31.77670200128679 ], [ -106.216472138614094, 31.7766912731066 ], [ -106.216464086898156, 31.776681585264733 ], [ -106.216454201901442, 31.776673227558881 ], [ -106.216442778249998, 31.776666450382425 ], [ -106.216430157274274, 31.776661455956596 ], [ -106.216416719350264, 31.776658394161345 ], [ -106.216402863477796, 31.776657357136642 ], [ -106.215372908639438, 31.776656635244734 ] ] ] } },
{ "type": "Feature", "properties": { "pidn": "T82099907001800", "district": 5, "zonelabel": "P-R 1", "state_cd_clean": "A1", "use_desc": "REAL, RESIDENTIAL, SINGLE-FAMILY", "targetlotarea": 39780, "existing_units": 1, "footprint_sqft": 0.0, "interior_sqft": 0.0, "coverage_pct": 0.0, "in_corridor": false, "in_historic": false, "context_type": "Suburban" }, "geometry": { "type": "Polygon", "coordinates": [ [ [ -106.231413790321952, 31.814122807160494 ], [ -106.232276540560747, 31.81412363030136 ], [ -106.232293712669758, 31.814123646760219 ], [ -106.232289538408381, 31.813722996726103 ], [ -106.232274914435877, 31.813722983090017 ], [ -106.231412167780036, 31.813722159037674 ], [ -106.231413790321952, 31.814122807160494 ] ] ] } },
{ "type": "Feature", "properties": { "pidn": "A99000000100100", "district": 5, "zonelabel": "P-R 1", "state_cd_clean": "F1", "use_desc": "COMM,ANY COMM OTHR THAN F2-F9", "targetlotarea": 92428, "existing_units": 0, "footprint_sqft": 0.0, "interior_sqft": 0.0, "coverage_pct": 0.0, "in_corridor": false, "in_historic": false, "context_type": "Suburban" }, "geometry": { "type": "Polygon", "coordinates": [ [ [ -106.231312139660034, 31.814459435700208 ], [ -106.232277906938947, 31.814460154165111 ], [ -106.232297218626485, 31.814460168482697 ], [ -106.232296899800929, 31.814429584800852 ], [ -106.232296346664313, 31.814376446970154 ], [ -106.232293712669758, 31.814123646760219 ], [ -106.232276540560747, 31.81412363030136 ], [ -106.231413790321952, 31.814122807160494 ], [ -106.231412167780036, 31.813722159037674 ], [ -106.232274914435877, 31.813722983090017 ], [ -106.232289538408381, 31.813722996726103 ], [ -106.232284798718638, 31.813268006358541 ], [ -106.23227306658994, 31.813267995319631 ], [ -106.231307310383869, 31.81326707275808 ], [ -106.231307548609394, 31.813325976010248 ], [ -106.231312139660034, 31.814459435700208 ] ] ] } },
{ "type": "Feature", "properties": { "pidn": "J39099900000000", "district": 5, "zonelabel": "C-2", "state_cd_clean": "XV-R", "use_desc": "RESIDENTIAL, public, religous, charitable, misc", "targetlotarea": 143698, "existing_units": 0, "footprint_sqft": 0.0, "interior_sqft": 0.0, "coverage_pct": 0.0, "in_corridor": false, "in_historic": false, "context_type": "Suburban" }, "geometry": { "type": "Polygon", "coordinates": [ [ [ -106.215421707184561, 31.781206897241521 ], [ -106.21653153122648, 31.781207656315967 ], [ -106.216519412243386, 31.780048121744191 ], [ -106.215872068336111, 31.780047677227522 ], [ -106.215872421812648, 31.780081569558909 ], [ -106.215409955831163, 31.780081250348047 ], [ -106.215421707184561, 31.781206897241521 ] ] ] } },
{ "type": "Feature", "properties": { "pidn": "T28799920200210", "district": 5, "zonelabel": "C-4", "state_cd_clean": "A1", "use_desc": "REAL, RESIDENTIAL, SINGLE-FAMILY", "targetlotarea": 307127, "existing_units": 1, "footprint_sqft": 0.0, "interior_sqft": 0.0, "coverage_pct": 0.0, "in_corridor": false, "in_historic": false, "context_type": "Suburban" }, "geometry": { "type": "Polygon", "coordinates": [ [ [ -106.235926144964395, 31.78942633434389 ], [ -106.236460976202707, 31.789843311071799 ], [ -106.239421446257637, 31.787071059950303 ], [ -106.238886608748885, 31.78665408809907 ], [ -106.238611207003473, 31.786911991237638 ], [ -106.23857167245265, 31.786949012709901 ], [ -106.237924000839584, 31.787555521703307 ], [ -106.237701881642991, 31.787763521800628 ], [ -106.23744297981797, 31.788005964719606 ], [ -106.237266263162368, 31.788171444695845 ], [ -106.237074483326765, 31.788351031287142 ], [ -106.236865295897076, 31.788546917047832 ], [ -106.236744019343647, 31.788660480630082 ], [ -106.236624068492574, 31.788772803526019 ], [ -106.236502791362483, 31.788886366873456 ], [ -106.236380030196486, 31.789001320521812 ], [ -106.236257388597863, 31.789116161137329 ], [ -106.236138839422509, 31.789227169071459 ], [ -106.236018907164734, 31.789339473316605 ], [ -106.235926144964395, 31.78942633434389 ] ] ] } },
{ "type": "Feature", "properties": { "pidn": "M98799900100100", "district": 5, "zonelabel": "C-2", "state_cd_clean": "F1", "use_desc": "COMM,ANY COMM OTHR THAN F2-F9", "targetlotarea": 35784, "existing_units": 0, "footprint_sqft": 0.0, "interior_sqft": 0.0, "coverage_pct": 0.0, "in_corridor": false, "in_historic": false, "context_type": "Suburban" }, "geometry": { "type": "Polygon", "coordinates": [ [ [ -106.23126144364511, 31.797141906606118 ], [ -106.230763707471468, 31.796750346293177 ], [ -106.230392563876876, 31.797094469668455 ], [ -106.230782703167179, 31.797401386843077 ], [ -106.230890301434144, 31.797486032198673 ], [ -106.23126144364511, 31.797141906606118 ] ] ] } },
{ "type": "Feature", "properties": { "pidn": "X57999924600670", "district": 5, "zonelabel": "R-5", "state_cd_clean": "C10", "use_desc": "REAL, VACANT PLATTED COMMERCIAL LOT", "targetlotarea": 19002, "existing_units": 0, "footprint_sqft": 0.0, "interior_sqft": 0.0, "coverage_pct": 0.0, "in_corridor": false, "in_historic": false, "context_type": "Suburban" }, "geometry": { "type": "Polygon", "coordinates": [ [ [ -106.246594524947994, 31.779463920616102 ], [ -106.246594362903153, 31.779464068872738 ], [ -106.248044502370277, 31.779457300986721 ], [ -106.248089685664468, 31.779458325705555 ], [ -106.248155512864983, 31.779464279660449 ], [ -106.248220397954313, 31.779475475860277 ], [ -106.248283769207774, 31.779491816567937 ], [ -106.248345068850568, 31.779513156448868 ], [ -106.248403758721437, 31.779539308635979 ], [ -106.248459322324905, 31.779570043732885 ], [ -106.248511270158616, 31.77960509047459 ], [ -106.248520301834745, 31.779612969878944 ], [ -106.248527735880046, 31.779621984929975 ], [ -106.248533380133836, 31.779631902319817 ], [ -106.248537088531862, 31.779642464969186 ], [ -106.248538765716162, 31.779653398139732 ], [ -106.248538366654387, 31.779664420289038 ], [ -106.24853590313387, 31.779675245485212 ], [ -106.248531437941097, 31.779685591799343 ], [ -106.24853437849788, 31.779687479359783 ], [ -106.248589765124734, 31.779635365465701 ], [ -106.248636750398987, 31.779591156781688 ], [ -106.248587263866327, 31.779552801023694 ], [ -106.248530072226387, 31.779512431113339 ], [ -106.248468757516974, 31.779476749042875 ], [ -106.248403845165797, 31.779446059665418 ], [ -106.248335889701607, 31.779420625869861 ], [ -106.248265474586233, 31.779400665879045 ], [ -106.248193201391402, 31.779386349226598 ], [ -106.248119687858974, 31.779377799554286 ], [ -106.248045564401934, 31.779375089352808 ], [ -106.248043974648425, 31.779375095695961 ], [ -106.246684185276777, 31.779381441075319 ], [ -106.246594524947994, 31.779463920616102 ] ] ] } },
{ "type": "Feature", "properties": { "pidn": "T28799946700900", "district": 5, "zonelabel": "C-2", "state_cd_clean": "A1", "use_desc": "REAL, RESIDENTIAL, SINGLE-FAMILY", "targetlotarea": 94306, "existing_units": 1, "footprint_sqft": 0.0, "interior_sqft": 0.0, "coverage_pct": 0.0, "in_corridor": false, "in_historic": false, "context_type": "Suburban" }, "geometry": { "type": "Polygon", "coordinates": [ [ [ -106.216489743799201, 31.777353243042981 ], [ -106.216428916756939, 31.777353776417932 ], [ -106.215380264908418, 31.777362959094532 ], [ -106.215383898703024, 31.777711872330542 ], [ -106.215383993612136, 31.777720980707553 ], [ -106.215388039699107, 31.778109550126228 ], [ -106.215398867489128, 31.778109558218812 ], [ -106.216431312605152, 31.778110289029499 ], [ -106.21649763674499, 31.778110335277201 ], [ -106.216495559557345, 31.777911084770864 ], [ -106.216489743799201, 31.777353243042981 ] ] ] } },
{ "type": "Feature", "properties": { "pidn": "T28999900100100", "district": 5, "zonelabel": "P-R 2", "state_cd_clean": "C10", "use_desc": "REAL, VACANT PLATTED COMMERCIAL LOT", "targetlotarea": 27328, "existing_units": 0, "footprint_sqft": 0.0, "interior_sqft": 0.0, "coverage_pct": 0.0, "in_corridor": true, "in_historic": false, "context_type": "Suburban" }, "geometry": { "type": "Polygon", "coordinates": [ [ [ -106.266592361607294, 31.803439414073605 ], [ -106.265764398885736, 31.803279146490816 ], [ -106.265753093791261, 31.80330997611685 ], [ -106.265702226230047, 31.803448695169603 ], [ -106.265610866910521, 31.803697835014614 ], [ -106.265869331386924, 31.803662273562818 ], [ -106.266141698280293, 31.803624798927085 ], [ -106.266521489929545, 31.803572542842691 ], [ -106.266592361607294, 31.803439414073605 ] ] ] } },
{ "type": "Feature", "properties": { "pidn": "T28999900100130", "district": 5, "zonelabel": "P-R 2", "state_cd_clean": "F1", "use_desc": "COMM,ANY COMM OTHR THAN F2-F9", "targetlotarea": 59437, "existing_units": 0, "footprint_sqft": 0.0, "interior_sqft": 0.0, "coverage_pct": 0.0, "in_corridor": false, "in_historic": false, "context_type": "Suburban" }, "geometry": { "type": "Polygon", "coordinates": [ [ [ -106.266878189363894, 31.800519519392179 ], [ -106.266731612587222, 31.800520861445381 ], [ -106.266145124722399, 31.800526229925744 ], [ -106.266145762925703, 31.800555658947218 ], [ -106.266148184257545, 31.800667245007951 ], [ -106.266150605595058, 31.800778831063663 ], [ -106.266153025883767, 31.800890417162432 ], [ -106.266155447232677, 31.801002003208083 ], [ -106.266157947313189, 31.801117217234022 ], [ -106.266151074451358, 31.801238318126259 ], [ -106.266893836169913, 31.801240358849743 ], [ -106.266878189363894, 31.800519519392179 ] ] ] } },
{ "type": "Feature", "properties": { "pidn": "M98799900100100", "district": 5, "zonelabel": "C-2", "state_cd_clean": "F1", "use_desc": "COMM,ANY COMM OTHR THAN F2-F9", "targetlotarea": 9684, "existing_units": 0, "footprint_sqft": 0.0, "interior_sqft": 0.0, "coverage_pct": 0.0, "in_corridor": false, "in_historic": false, "context_type": "Suburban" }, "geometry": { "type": "Polygon", "coordinates": [ [ [ -106.230704634931357, 31.796703874674886 ], [ -106.2297985407738, 31.797543996643473 ], [ -106.229790088915422, 31.797553333324185 ], [ -106.229783638540255, 31.797563771454097 ], [ -106.229779381751442, 31.797574998874595 ], [ -106.229777677320428, 31.797584007234263 ], [ -106.229777388511238, 31.797593129366955 ], [ -106.22977852323632, 31.797602203252524 ], [ -106.229781058771437, 31.797611067355923 ], [ -106.22978496847108, 31.797619599154544 ], [ -106.229790177148459, 31.797627609686849 ], [ -106.229796590213439, 31.797634955124295 ], [ -106.229804093711635, 31.797641503353304 ], [ -106.229804277990894, 31.797641644020864 ], [ -106.229890859428636, 31.797704144743232 ], [ -106.229981317373273, 31.797762504075301 ], [ -106.230075381716105, 31.797816544589804 ], [ -106.230086256616545, 31.797801886084788 ], [ -106.229928805085606, 31.797678020717512 ], [ -106.229909965144657, 31.797660369127019 ], [ -106.229894999351217, 31.797640191116987 ], [ -106.229884364563929, 31.797618099989524 ], [ -106.229878382800763, 31.797594768441733 ], [ -106.229877235399272, 31.797570902639073 ], [ -106.229880958071561, 31.797547230698392 ], [ -106.22988943672577, 31.79752446946156 ], [ -106.229902415175204, 31.797503312405155 ], [ -106.229919497566641, 31.797484400630218 ], [ -106.230364154979924, 31.797072121051961 ], [ -106.230387852074401, 31.797090763575081 ], [ -106.230392563876876, 31.797094469668455 ], [ -106.230763707471468, 31.796750346293177 ], [ -106.230704634931357, 31.796703874674886 ] ] ] } },
{ "type": "Feature", "properties": { "pidn": "J39099900000000", "district": 5, "zonelabel": "C-2", "state_cd_clean": "XV-R", "use_desc": "RESIDENTIAL, public, religous, charitable, misc", "targetlotarea": 71424, "existing_units": 0, "footprint_sqft": 0.0, "interior_sqft": 0.0, "coverage_pct": 0.0, "in_corridor": false, "in_historic": false, "context_type": "Suburban" }, "geometry": { "type": "Polygon", "coordinates": [ [ [ -106.215409955831163, 31.780081250348047 ], [ -106.215872421812648, 31.780081569558909 ], [ -106.215872068336111, 31.780047677227522 ], [ -106.216519412243386, 31.780048121744191 ], [ -106.216514171441915, 31.779546668112406 ], [ -106.216513107308515, 31.779537190830979 ], [ -106.216510143882175, 31.779528013477446 ], [ -106.216505371100766, 31.77951941015154 ], [ -106.2164989318903, 31.779511639912783 ], [ -106.216491019331045, 31.779504935167939 ], [ -106.216481870108282, 31.77949949835498 ], [ -106.216471760623818, 31.7794954903774 ], [ -106.216460992403043, 31.779493033974507 ], [ -106.216449890315332, 31.779492202060279 ], [ -106.216447899411335, 31.7794922008692 ], [ -106.215403798453337, 31.779491481690229 ], [ -106.215409955831163, 31.780081250348047 ] ] ] } },
{ "type": "Feature", "properties": { "pidn": "J39099900000000", "district": 5, "zonelabel": "C-2", "state_cd_clean": "XV-R", "use_desc": "RESIDENTIAL, public, religous, charitable, misc", "targetlotarea": 95437, "existing_units": 0, "footprint_sqft": 0.0, "interior_sqft": 0.0, "coverage_pct": 0.0, "in_corridor": false, "in_historic": false, "context_type": "Suburban" }, "geometry": { "type": "Polygon", "coordinates": [ [ [ -106.215421707184561, 31.781206897241521 ], [ -106.21542993671865, 31.781995131934803 ], [ -106.215612279395785, 31.781977520847324 ], [ -106.215795369230051, 31.781966986120015 ], [ -106.215978829199685, 31.781963551120054 ], [ -106.216452717296761, 31.78196387696995 ], [ -106.216458228134513, 31.781963880662637 ], [ -106.216470886364917, 31.781963032832454 ], [ -106.216483231517088, 31.781960494033992 ], [ -106.216494954520201, 31.781956327012317 ], [ -106.216505763687522, 31.781950636173843 ], [ -106.216515389653168, 31.781943561944459 ], [ -106.216523591865666, 31.781935283185227 ], [ -106.216530166241498, 31.78192600420245 ], [ -106.216534949493649, 31.781915956357874 ], [ -106.21653782190424, 31.781905391621699 ], [ -106.216538710872001, 31.781894571574405 ], [ -106.21653153122648, 31.781207656315967 ], [ -106.215421707184561, 31.781206897241521 ] ] ] } },
{ "type": "Feature", "properties": { "pidn": "X57999924508000", "district": 5, "zonelabel": "R-3", "state_cd_clean": "J3", "use_desc": "UTILITIES/ELECTRIC COMPANIES", "targetlotarea": 71532, "existing_units": 0, "footprint_sqft": 0.0, "interior_sqft": 0.0, "coverage_pct": 0.0, "in_corridor": false, "in_historic": false, "context_type": "Suburban" }, "geometry": { "type": "Polygon", "coordinates": [ [ [ -106.250825042521527, 31.777941993937169 ], [ -106.249961432653009, 31.77874786438915 ], [ -106.249960488439498, 31.778748745455225 ], [ -106.249923708130112, 31.778783067091666 ], [ -106.250458127685988, 31.779201450121619 ], [ -106.250522091599521, 31.7791426159365 ], [ -106.250836968535694, 31.778868022949169 ], [ -106.250881418208564, 31.778829260020551 ], [ -106.250871332132789, 31.777898798604969 ], [ -106.250825042521527, 31.777941993937169 ] ] ] } },
{ "type": "Feature", "properties": { "pidn": "P65199900100200", "district": 5, "zonelabel": "C-4", "state_cd_clean": "F1", "use_desc": "COMM,ANY COMM OTHR THAN F2-F9", "targetlotarea": 481393, "existing_units": 0, "footprint_sqft": 5493.41992, "interior_sqft": 5493.41992, "coverage_pct": 0.011411507687066494, "in_corridor": false, "in_historic": false, "context_type": "Suburban" }, "geometry": { "type": "Polygon", "coordinates": [ [ [ -106.266636190469399, 31.776821860521881 ], [ -106.266636177094355, 31.776524313823654 ], [ -106.266407022318873, 31.776524321325354 ], [ -106.266384082605015, 31.776525042345735 ], [ -106.266361517087361, 31.776528638218494 ], [ -106.266339815552044, 31.776535028805078 ], [ -106.266319450478477, 31.776544076954238 ], [ -106.266300864106682, 31.776555584575974 ], [ -106.266274296675149, 31.776569446727763 ], [ -106.266249807889466, 31.776585864857385 ], [ -106.266227731597411, 31.776604615111154 ], [ -106.266219892556308, 31.776650894715385 ], [ -106.266219917875304, 31.776697655617468 ], [ -106.266055665527986, 31.776697659653124 ], [ -106.266055663352503, 31.776633723193537 ], [ -106.266054784800517, 31.776624113887234 ], [ -106.266052169971729, 31.776614737295905 ], [ -106.266047883878286, 31.776605821664031 ], [ -106.266042028753603, 31.776597581797404 ], [ -106.266007425166862, 31.776574478204491 ], [ -106.265970242376085, 31.776554512387989 ], [ -106.265930868708423, 31.776537892427683 ], [ -106.265876583491305, 31.776533064923786 ], [ -106.265822025354652, 31.776531821843363 ], [ -106.265767516135938, 31.776534170186064 ], [ -106.265785349858263, 31.778221133493282 ], [ -106.265786656547235, 31.778344829422231 ], [ -106.265787877237287, 31.778460279802967 ], [ -106.26578912439436, 31.778578200920641 ], [ -106.265790433666766, 31.778702174888068 ], [ -106.265791684458137, 31.778820374002308 ], [ -106.265794027620259, 31.779042038063693 ], [ -106.265796760384688, 31.779300577513435 ], [ -106.265799875505735, 31.779595250273601 ], [ -106.26580060866425, 31.77966452531248 ], [ -106.267445302445708, 31.779651830076276 ], [ -106.26747328921185, 31.779651613873256 ], [ -106.267357324286408, 31.777305837632007 ], [ -106.266636211202183, 31.777305865310275 ], [ -106.266622132964372, 31.777305853475234 ], [ -106.266241296744596, 31.777344756307915 ], [ -106.266220849627004, 31.776821873606281 ], [ -106.266636190469399, 31.776821860521881 ] ] ] } },
{ "type": "Feature", "properties": { "pidn": "T28799913200150", "district": 5, "zonelabel": "R-3", "state_cd_clean": "B2", "use_desc": "REAL, COMMERCIAL, APARTMENTS", "targetlotarea": 130281, "existing_units": 12, "footprint_sqft": 0.0, "interior_sqft": 0.0, "coverage_pct": 0.0, "in_corridor": false, "in_historic": false, "context_type": "Suburban" }, "geometry": { "type": "Polygon", "coordinates": [ [ [ -106.250272134544247, 31.779376790074362 ], [ -106.249763305249743, 31.779851589605588 ], [ -106.250901867174363, 31.780715611980078 ], [ -106.250881418208564, 31.778829260020551 ], [ -106.250836968535694, 31.778868022949169 ], [ -106.250522091599521, 31.7791426159365 ], [ -106.250458127685988, 31.779201450121619 ], [ -106.249923708130112, 31.778783067091666 ], [ -106.249837347976126, 31.778863652259243 ], [ -106.250374204066119, 31.779283943367311 ], [ -106.250272134544247, 31.779376790074362 ] ] ] } },
{ "type": "Feature", "properties": { "pidn": "X57999924700500", "district": 5, "zonelabel": "C-2", "state_cd_clean": "C10", "use_desc": "REAL, VACANT PLATTED COMMERCIAL LOT", "targetlotarea": 255923, "existing_units": 0, "footprint_sqft": 0.0, "interior_sqft": 0.0, "coverage_pct": 0.0, "in_corridor": false, "in_historic": false, "context_type": "Suburban" }, "geometry": { "type": "Polygon", "coordinates": [ [ [ -106.231828129423519, 31.784370934798062 ], [ -106.233707535374677, 31.78437368799819 ], [ -106.233698598381224, 31.783709152476547 ], [ -106.233691375011659, 31.78317199082651 ], [ -106.233691895847826, 31.783171950047066 ], [ -106.233692402660864, 31.783171836748878 ], [ -106.233692880969812, 31.783171656104336 ], [ -106.233693319288932, 31.783171410440655 ], [ -106.233693704359524, 31.783171107584192 ], [ -106.233694027140245, 31.783170755170207 ], [ -106.233694278757866, 31.783170363535653 ], [ -106.233694452335641, 31.783169941120633 ], [ -106.233694543385667, 31.783169500772786 ], [ -106.23369455052682, 31.783169054295573 ], [ -106.23369447226618, 31.783168611691213 ], [ -106.233694310497796, 31.783168186421179 ], [ -106.233691339520661, 31.783169242361033 ], [ -106.231812619348332, 31.783165588285662 ], [ -106.231819624863647, 31.78371001619405 ], [ -106.231828129423519, 31.784370934798062 ] ] ] } },
{ "type": "Feature", "properties": { "pidn": "I05099900100200", "district": 5, "zonelabel": "C-1", "state_cd_clean": "C10", "use_desc": "REAL, VACANT PLATTED COMMERCIAL LOT", "targetlotarea": 67475, "existing_units": 0, "footprint_sqft": 0.0, "interior_sqft": 0.0, "coverage_pct": 0.0, "in_corridor": true, "in_historic": false, "context_type": "Suburban" }, "geometry": { "type": "Polygon", "coordinates": [ [ [ -106.244080143805817, 31.796051232204011 ], [ -106.2439395418739, 31.796123565400897 ], [ -106.243485187967281, 31.796357307237386 ], [ -106.243937416642126, 31.797085942089545 ], [ -106.24447687110127, 31.796922398169709 ], [ -106.244544059155686, 31.796902029195916 ], [ -106.244387160086049, 31.796585450585475 ], [ -106.244316989772159, 31.796449200720872 ], [ -106.244242390707285, 31.796314678306942 ], [ -106.244163421193477, 31.796181987259715 ], [ -106.244080143805817, 31.796051232204011 ] ] ] } },
{ "type": "Feature", "properties": { "pidn": "I05099900100300", "district": 5, "zonelabel": "C-1", "state_cd_clean": "F1", "use_desc": "COMM,ANY COMM OTHR THAN F2-F9", "targetlotarea": 231390, "existing_units": 0, "footprint_sqft": 0.0, "interior_sqft": 0.0, "coverage_pct": 0.0, "in_corridor": true, "in_historic": false, "context_type": "Suburban" }, "geometry": { "type": "Polygon", "coordinates": [ [ [ -106.242934803553766, 31.797202110568115 ], [ -106.242967114534665, 31.797322884567844 ], [ -106.243690392277017, 31.797160913192378 ], [ -106.243937416642126, 31.797085942089545 ], [ -106.243485187967281, 31.796357307237386 ], [ -106.2439395418739, 31.796123565400897 ], [ -106.244080143805817, 31.796051232204011 ], [ -106.24397761335004, 31.795901795836262 ], [ -106.243869561935014, 31.795755224767777 ], [ -106.243756100339596, 31.795611667488881 ], [ -106.243637343277712, 31.795471267795133 ], [ -106.243513411843807, 31.795334170095018 ], [ -106.243384431011165, 31.795200513201824 ], [ -106.243377877670426, 31.795205297663752 ], [ -106.243340326463084, 31.795232709361898 ], [ -106.243165776958833, 31.795360125598158 ], [ -106.243153118243526, 31.795369366179909 ], [ -106.242963073798876, 31.795499439336883 ], [ -106.242942314373877, 31.795513647500535 ], [ -106.242739711295584, 31.795665534393532 ], [ -106.242560269848113, 31.795797219771476 ], [ -106.242535178524918, 31.795815633636213 ], [ -106.242322248968222, 31.795967212037411 ], [ -106.242299510269717, 31.795983398438281 ], [ -106.242292620247341, 31.795987889252679 ], [ -106.24229471894823, 31.795990991983356 ], [ -106.242298271169034, 31.795996244121771 ], [ -106.242559741468568, 31.796382773488318 ], [ -106.242817580121155, 31.796763930118097 ], [ -106.242841807828242, 31.79685449351194 ], [ -106.242874968089239, 31.796978449581783 ], [ -106.242934803553766, 31.797202110568115 ] ] ] } },
{ "type": "Feature", "properties": { "pidn": "T28799903402600", "district": 5, "zonelabel": "R-5", "state_cd_clean": "A1", "use_desc": "REAL, RESIDENTIAL, SINGLE-FAMILY", "targetlotarea": 2156515, "existing_units": 1, "footprint_sqft": 0.0, "interior_sqft": 0.0, "coverage_pct": 0.0, "in_corridor": false, "in_historic": false, "context_type": "Suburban" }, "geometry": { "type": "Polygon", "coordinates": [ [ [ -106.256911318653735, 31.792587362235697 ], [ -106.256098184773165, 31.792740239010989 ], [ -106.255315773052658, 31.792983415556748 ], [ -106.254638273296749, 31.793285648671514 ], [ -106.254661510449836, 31.795110952085356 ], [ -106.254671429931776, 31.79612590127693 ], [ -106.254679498563789, 31.796584461061123 ], [ -106.257617821782077, 31.796585190850355 ], [ -106.257639398238709, 31.796585016854181 ], [ -106.257814475726633, 31.796584943079502 ], [ -106.257992671643677, 31.79658486797889 ], [ -106.258170048246924, 31.796585270676275 ], [ -106.258345493638203, 31.796585668944168 ], [ -106.258523068850792, 31.796585475069975 ], [ -106.258658102587745, 31.796585327797775 ], [ -106.258835135389461, 31.796585134714839 ], [ -106.25901217312105, 31.796585206693088 ], [ -106.259189209798421, 31.796585278478695 ], [ -106.259366246419816, 31.796585349123134 ], [ -106.259597412860415, 31.796584516790027 ], [ -106.25959706111901, 31.79656924607756 ], [ -106.259504992057714, 31.792568701638238 ], [ -106.259503498356267, 31.79255680199606 ], [ -106.259499610271462, 31.792545303120882 ], [ -106.259493444856261, 31.792534555523513 ], [ -106.259485190569904, 31.792524884786921 ], [ -106.259475096171158, 31.792516583040602 ], [ -106.259463469326505, 31.792509903605055 ], [ -106.259450661004777, 31.792505048155235 ], [ -106.259437061090807, 31.792502164211207 ], [ -106.259423082175132, 31.792501339553827 ], [ -106.257740958470876, 31.792527458709138 ], [ -106.256911318653735, 31.792587362235697 ] ] ] } },
{ "type": "Feature", "properties": { "pidn": "E24299900100190", "district": 5, "zonelabel": "C-1", "state_cd_clean": "C10", "use_desc": "REAL, VACANT PLATTED COMMERCIAL LOT", "targetlotarea": 65812, "existing_units": 0, "footprint_sqft": 0.0, "interior_sqft": 0.0, "coverage_pct": 0.0, "in_corridor": true, "in_historic": false, "context_type": "Suburban" }, "geometry": { "type": "Polygon", "coordinates": [ [ [ -106.245105407086399, 31.797234159671678 ], [ -106.24511405266756, 31.797243594012652 ], [ -106.245121630017707, 31.797254044151021 ], [ -106.245131133297633, 31.797263276056075 ], [ -106.245142296987524, 31.797271033556186 ], [ -106.245154812635874, 31.797277101265593 ], [ -106.245168334636986, 31.797281312449893 ], [ -106.245182486557965, 31.797283548738772 ], [ -106.245196876574695, 31.797283750262558 ], [ -106.245211106569897, 31.797281908917039 ], [ -106.245444386803015, 31.797188068570406 ], [ -106.245675114206335, 31.797089735021917 ], [ -106.245903172346644, 31.796986957827912 ], [ -106.245416431857066, 31.796346145625179 ], [ -106.244799071441435, 31.796627211504962 ], [ -106.245098312508688, 31.797220102116803 ], [ -106.245105407086399, 31.797234159671678 ] ] ] } },
{ "type": "Feature", "properties": { "pidn": "X57999923900495", "district": 5, "zonelabel": "C-1", "state_cd_clean": "J3", "use_desc": "UTILITIES/ELECTRIC COMPANIES", "targetlotarea": 109458, "existing_units": 0, "footprint_sqft": 0.0, "interior_sqft": 0.0, "coverage_pct": 0.0, "in_corridor": true, "in_historic": false, "context_type": "Suburban" }, "geometry": { "type": "Polygon", "coordinates": [ [ [ -106.249096433135762, 31.796636507717579 ], [ -106.249097578838033, 31.796773896433251 ], [ -106.249755316723011, 31.796770140967649 ], [ -106.249739848914885, 31.795560866015698 ], [ -106.249736911732811, 31.795493029621717 ], [ -106.249728490881381, 31.795495841054333 ], [ -106.248916608418583, 31.795746573150456 ], [ -106.248785421106717, 31.795796227543033 ], [ -106.248655246145063, 31.795847790185125 ], [ -106.248657006016259, 31.795847319121638 ], [ -106.248722670166273, 31.795829772682506 ], [ -106.24901805025101, 31.79575084034537 ], [ -106.249042437593843, 31.79579069839205 ], [ -106.24909706722913, 31.795774224192396 ], [ -106.249120259266377, 31.795827462494945 ], [ -106.249204809494685, 31.796021555863426 ], [ -106.249190680359291, 31.796032799344434 ], [ -106.249208242869898, 31.796093982952883 ], [ -106.249223026826783, 31.796145265243094 ], [ -106.248808104647935, 31.796180851618367 ], [ -106.248732742425972, 31.796223666443627 ], [ -106.248731107701531, 31.796224296191291 ], [ -106.248729373745235, 31.796224691116191 ], [ -106.248727588445718, 31.796224839106657 ], [ -106.248725799142363, 31.79622473620444 ], [ -106.248724052569216, 31.796224385703951 ], [ -106.248722396907368, 31.796223797155829 ], [ -106.248720875402483, 31.796222985754024 ], [ -106.248719528585724, 31.796221974040819 ], [ -106.248718392994888, 31.796220788352983 ], [ -106.248713133364575, 31.796213682160424 ], [ -106.248710184287788, 31.796209697874563 ], [ -106.248707361094162, 31.79620588397977 ], [ -106.248492500616422, 31.79591554912604 ], [ -106.248469739056006, 31.795925311806176 ], [ -106.248401694378714, 31.795954989908452 ], [ -106.248436410429008, 31.795972103349989 ], [ -106.248468712347432, 31.795992373737374 ], [ -106.248498206300638, 31.796015556159379 ], [ -106.248648871946671, 31.7962191430343 ], [ -106.248648978219563, 31.796219287222495 ], [ -106.24864918715285, 31.796219568537829 ], [ -106.248658361660603, 31.796232395217423 ], [ -106.248669560913044, 31.796248050629714 ], [ -106.248669785258897, 31.796248307762646 ], [ -106.248670216468511, 31.796250662532046 ], [ -106.248670175663818, 31.796253045080526 ], [ -106.248669663963781, 31.796255388524308 ], [ -106.248668693918447, 31.796257622750669 ], [ -106.248667296565188, 31.796259685837871 ], [ -106.248665510378927, 31.796261516429212 ], [ -106.248663387161912, 31.796263063400033 ], [ -106.24863754316506, 31.796277749289974 ], [ -106.248041498050299, 31.796616366030214 ], [ -106.248077073242698, 31.796664437389246 ], [ -106.248437843304217, 31.796459482461845 ], [ -106.248505489302502, 31.796546016747236 ], [ -106.248697941643158, 31.796438150719801 ], [ -106.248738031853236, 31.796492184253299 ], [ -106.248918401822507, 31.796395272279582 ], [ -106.249096433135762, 31.796636507717579 ] ] ] } },
{ "type": "Feature", "properties": { "pidn": "X57999923900495", "district": 5, "zonelabel": "C-1", "state_cd_clean": "J3", "use_desc": "UTILITIES/ELECTRIC COMPANIES", "targetlotarea": 109458, "existing_units": 0, "footprint_sqft": 0.0, "interior_sqft": 0.0, "coverage_pct": 0.0, "in_corridor": true, "in_historic": false, "context_type": "Suburban" }, "geometry": { "type": "Polygon", "coordinates": [ [ [ -106.249096433135762, 31.796636507717579 ], [ -106.249097578838033, 31.796773896433251 ], [ -106.249755316723011, 31.796770140967649 ], [ -106.249739848914885, 31.795560866015698 ], [ -106.249736911732811, 31.795493029621717 ], [ -106.249728490881381, 31.795495841054333 ], [ -106.248916608418583, 31.795746573150456 ], [ -106.248785421106717, 31.795796227543033 ], [ -106.248655246145063, 31.795847790185125 ], [ -106.248657006016259, 31.795847319121638 ], [ -106.248722670166273, 31.795829772682506 ], [ -106.24901805025101, 31.79575084034537 ], [ -106.249042437593843, 31.79579069839205 ], [ -106.24909706722913, 31.795774224192396 ], [ -106.249120259266377, 31.795827462494945 ], [ -106.249204809494685, 31.796021555863426 ], [ -106.249190680359291, 31.796032799344434 ], [ -106.249208242869898, 31.796093982952883 ], [ -106.249223026826783, 31.796145265243094 ], [ -106.248808104647935, 31.796180851618367 ], [ -106.248732742425972, 31.796223666443627 ], [ -106.248731107701531, 31.796224296191291 ], [ -106.248729373745235, 31.796224691116191 ], [ -106.248727588445718, 31.796224839106657 ], [ -106.248725799142363, 31.79622473620444 ], [ -106.248724052569216, 31.796224385703951 ], [ -106.248722396907368, 31.796223797155829 ], [ -106.248720875402483, 31.796222985754024 ], [ -106.248719528585724, 31.796221974040819 ], [ -106.248718392994888, 31.796220788352983 ], [ -106.248713133364575, 31.796213682160424 ], [ -106.248710184287788, 31.796209697874563 ], [ -106.248707361094162, 31.79620588397977 ], [ -106.248492500616422, 31.79591554912604 ], [ -106.248469739056006, 31.795925311806176 ], [ -106.248401694378714, 31.795954989908452 ], [ -106.248436410429008, 31.795972103349989 ], [ -106.248468712347432, 31.795992373737374 ], [ -106.248498206300638, 31.796015556159379 ], [ -106.248648871946671, 31.7962191430343 ], [ -106.248648978219563, 31.796219287222495 ], [ -106.24864918715285, 31.796219568537829 ], [ -106.248658361660603, 31.796232395217423 ], [ -106.248669560913044, 31.796248050629714 ], [ -106.248669785258897, 31.796248307762646 ], [ -106.248670216468511, 31.796250662532046 ], [ -106.248670175663818, 31.796253045080526 ], [ -106.248669663963781, 31.796255388524308 ], [ -106.248668693918447, 31.796257622750669 ], [ -106.248667296565188, 31.796259685837871 ], [ -106.248665510378927, 31.796261516429212 ], [ -106.248663387161912, 31.796263063400033 ], [ -106.24863754316506, 31.796277749289974 ], [ -106.248041498050299, 31.796616366030214 ], [ -106.248077073242698, 31.796664437389246 ], [ -106.248437843304217, 31.796459482461845 ], [ -106.248505489302502, 31.796546016747236 ], [ -106.248697941643158, 31.796438150719801 ], [ -106.248738031853236, 31.796492184253299 ], [ -106.248918401822507, 31.796395272279582 ], [ -106.249096433135762, 31.796636507717579 ] ] ] } },
{ "type": "Feature", "properties": { "pidn": "I05099900100300", "district": 5, "zonelabel": "C-1", "state_cd_clean": "F1", "use_desc": "COMM,ANY COMM OTHR THAN F2-F9", "targetlotarea": 59957, "existing_units": 0, "footprint_sqft": 0.0, "interior_sqft": 0.0, "coverage_pct": 0.0, "in_corridor": true, "in_historic": false, "context_type": "Suburban" }, "geometry": { "type": "Polygon", "coordinates": [ [ [ -106.243690392277017, 31.797160913192378 ], [ -106.243833424177069, 31.797695539754795 ], [ -106.244056957728233, 31.797635849137599 ], [ -106.244278959264818, 31.797572125633149 ], [ -106.244499328988212, 31.797504397263094 ], [ -106.244717968323613, 31.797432694703296 ], [ -106.244729426837253, 31.797427884238051 ], [ -106.244739845944281, 31.797421581128699 ], [ -106.244748961728831, 31.797413945480152 ], [ -106.244756543042996, 31.797405171131413 ], [ -106.244762396443008, 31.797395480012487 ], [ -106.244766375455072, 31.797385118110739 ], [ -106.244768378017952, 31.797374348362183 ], [ -106.244768352360751, 31.797363443158705 ], [ -106.244766300996773, 31.797352680554685 ], [ -106.244762275720134, 31.797342331849769 ], [ -106.244544059155686, 31.796902029195916 ], [ -106.24447687110127, 31.796922398169709 ], [ -106.243937416642126, 31.797085942089545 ], [ -106.243690392277017, 31.797160913192378 ] ] ] } },
{ "type": "Feature", "properties": { "pidn": "X57999923900495", "district": 5, "zonelabel": "R-5", "state_cd_clean": "J3", "use_desc": "UTILITIES/ELECTRIC COMPANIES", "targetlotarea": 107258, "existing_units": 0, "footprint_sqft": 0.0, "interior_sqft": 0.0, "coverage_pct": 0.0, "in_corridor": true, "in_historic": false, "context_type": "Suburban" }, "geometry": { "type": "Polygon", "coordinates": [ [ [ -106.248508089023815, 31.797222393732028 ], [ -106.24858794948922, 31.797302700087972 ], [ -106.248673760800727, 31.797378395366934 ], [ -106.248765159426412, 31.797449161016289 ], [ -106.248861757420372, 31.797514694043485 ], [ -106.248963146316243, 31.797574718580449 ], [ -106.24906889456885, 31.797628978774842 ], [ -106.249178555385328, 31.79767724565956 ], [ -106.249291661172009, 31.797719312889537 ], [ -106.249407733474413, 31.797755003515331 ], [ -106.249526280587787, 31.797784165576072 ], [ -106.249646798780617, 31.797806674753691 ], [ -106.249768776681464, 31.797822436882843 ], [ -106.249756059151167, 31.796828196693777 ], [ -106.249755316723011, 31.796770140967649 ], [ -106.248981275895289, 31.796774560471786 ], [ -106.248508089023815, 31.797222393732028 ] ] ] } },
{ "type": "Feature", "properties": { "pidn": "X57999923900495", "district": 5, "zonelabel": "R-5", "state_cd_clean": "J3", "use_desc": "UTILITIES/ELECTRIC COMPANIES", "targetlotarea": 107258, "existing_units": 0, "footprint_sqft": 0.0, "interior_sqft": 0.0, "coverage_pct": 0.0, "in_corridor": true, "in_historic": false, "context_type": "Suburban" }, "geometry": { "type": "Polygon", "coordinates": [ [ [ -106.248508089023815, 31.797222393732028 ], [ -106.24858794948922, 31.797302700087972 ], [ -106.248673760800727, 31.797378395366934 ], [ -106.248765159426412, 31.797449161016289 ], [ -106.248861757420372, 31.797514694043485 ], [ -106.248963146316243, 31.797574718580449 ], [ -106.24906889456885, 31.797628978774842 ], [ -106.249178555385328, 31.79767724565956 ], [ -106.249291661172009, 31.797719312889537 ], [ -106.249407733474413, 31.797755003515331 ], [ -106.249526280587787, 31.797784165576072 ], [ -106.249646798780617, 31.797806674753691 ], [ -106.249768776681464, 31.797822436882843 ], [ -106.249756059151167, 31.796828196693777 ], [ -106.249755316723011, 31.796770140967649 ], [ -106.248981275895289, 31.796774560471786 ], [ -106.248508089023815, 31.797222393732028 ] ] ] } },
{ "type": "Feature", "properties": { "pidn": "T28799906403100", "district": 5, "zonelabel": "R-3", "state_cd_clean": "A1", "use_desc": "REAL, RESIDENTIAL, SINGLE-FAMILY", "targetlotarea": 383905, "existing_units": 1, "footprint_sqft": 0.0, "interior_sqft": 0.0, "coverage_pct": 0.0, "in_corridor": true, "in_historic": false, "context_type": "Suburban" }, "geometry": { "type": "Polygon", "coordinates": [ [ [ -106.249768776681464, 31.797822436882843 ], [ -106.250042091214127, 31.797835480590891 ], [ -106.250246064645239, 31.797840301539377 ], [ -106.250449773291464, 31.797850407681601 ], [ -106.250653029417649, 31.797865789494267 ], [ -106.250855643897182, 31.797886432099492 ], [ -106.25105743270673, 31.797912317679 ], [ -106.251094865331282, 31.797918265945654 ], [ -106.251093681612772, 31.797818934801771 ], [ -106.251092837926535, 31.797748107759439 ], [ -106.251091881210598, 31.797667750431462 ], [ -106.251091016039339, 31.797595137034435 ], [ -106.251090079872014, 31.797516567901109 ], [ -106.251089163903586, 31.797439611770287 ], [ -106.25108827942519, 31.797365382611879 ], [ -106.25108737462061, 31.797289436590262 ], [ -106.251086479152491, 31.797214200015244 ], [ -106.251085546116684, 31.797135884512176 ], [ -106.251083997570447, 31.79700587015547 ], [ -106.251083924588755, 31.796915602120841 ], [ -106.251083699754986, 31.796637613729434 ], [ -106.251083671148749, 31.796601858530739 ], [ -106.251083661019479, 31.796589551804804 ], [ -106.251083657159171, 31.796584571123613 ], [ -106.251083420988124, 31.79629259436286 ], [ -106.251080818818934, 31.796159164308712 ], [ -106.251079740914562, 31.796103882006506 ], [ -106.251076809052108, 31.795953511246783 ], [ -106.251075689246491, 31.79589606419508 ], [ -106.251072739671329, 31.795744815466463 ], [ -106.251071622246755, 31.795687508289731 ], [ -106.25106871187711, 31.795538279010263 ], [ -106.251067765934536, 31.795489743528012 ], [ -106.251066712132115, 31.795435695621464 ], [ -106.251064489909169, 31.795237206260367 ], [ -106.25106372728996, 31.795169069549633 ], [ -106.251063205345389, 31.795122500800005 ], [ -106.251064724850792, 31.795085490246219 ], [ -106.250803885173283, 31.79517781190529 ], [ -106.250540531559565, 31.795264775162217 ], [ -106.250274817414081, 31.795346329677439 ], [ -106.250006892149742, 31.795422428906832 ], [ -106.249736911732811, 31.795493029621717 ], [ -106.249739848914885, 31.795560866015698 ], [ -106.249755316723011, 31.796770140967649 ], [ -106.249756059151167, 31.796828196693777 ], [ -106.249768776681464, 31.797822436882843 ] ] ] } },
{ "type": "Feature", "properties": { "pidn": "H80599901400100", "district": 5, "zonelabel": "C-1", "state_cd_clean": "C10", "use_desc": "REAL, VACANT PLATTED COMMERCIAL LOT", "targetlotarea": 51152, "existing_units": 0, "footprint_sqft": 0.0, "interior_sqft": 0.0, "coverage_pct": 0.0, "in_corridor": true, "in_historic": false, "context_type": "Suburban" }, "geometry": { "type": "Polygon", "coordinates": [ [ [ -106.241767208556738, 31.798351964492838 ], [ -106.241803224229102, 31.798655533582874 ], [ -106.241873588768584, 31.798649556127874 ], [ -106.242367718419487, 31.798968658933461 ], [ -106.242376909087596, 31.799017442998558 ], [ -106.242694250599911, 31.798973838502349 ], [ -106.242559619264881, 31.798332483720689 ], [ -106.242555686725382, 31.798320750747113 ], [ -106.242549471804381, 31.798309759938967 ], [ -106.242541157473823, 31.798299834440517 ], [ -106.242530984793547, 31.798291262245197 ], [ -106.242519252855516, 31.798284295294824 ], [ -106.242506302068833, 31.798279135788409 ], [ -106.242492511938764, 31.798275934476923 ], [ -106.242478284912877, 31.79827478597791 ], [ -106.242409076993937, 31.798283557056664 ], [ -106.242241906524029, 31.798304743931599 ], [ -106.242004847059306, 31.798330473153548 ], [ -106.241767208556738, 31.798351964492838 ] ] ] } },
{ "type": "Feature", "properties": { "pidn": "T287999391003A2", "district": 5, "zonelabel": "C-2", "state_cd_clean": "XV-R", "use_desc": "RESIDENTIAL, public, religous, charitable, misc", "targetlotarea": 28403, "existing_units": 0, "footprint_sqft": 0.0, "interior_sqft": 0.0, "coverage_pct": 0.0, "in_corridor": false, "in_historic": false, "context_type": "Suburban" }, "geometry": { "type": "Polygon", "coordinates": [ [ [ -106.213435082604477, 31.784316098825585 ], [ -106.213434552729751, 31.784274804329009 ], [ -106.21343604662016, 31.784274802744502 ], [ -106.213434276618315, 31.78413692880358 ], [ -106.212004791065667, 31.784138498496421 ], [ -106.212027911619387, 31.7842069690494 ], [ -106.212047060961297, 31.784276327987431 ], [ -106.212056480605554, 31.784317612762216 ], [ -106.213435082604477, 31.784316098825585 ] ] ] } },
{ "type": "Feature", "properties": { "pidn": "T28799921700920", "district": 5, "zonelabel": "R-5", "state_cd_clean": "A1", "use_desc": "REAL, RESIDENTIAL, SINGLE-FAMILY", "targetlotarea": 149651, "existing_units": 1, "footprint_sqft": 0.0, "interior_sqft": 0.0, "coverage_pct": 0.0, "in_corridor": false, "in_historic": false, "context_type": "Suburban" }, "geometry": { "type": "Polygon", "coordinates": [ [ [ -106.244640548549484, 31.783267245284573 ], [ -106.244652734190083, 31.783271609291361 ], [ -106.244665588050253, 31.783274224244277 ], [ -106.244678768467793, 31.783275019866959 ], [ -106.244691925266963, 31.783273975943381 ], [ -106.244704709135704, 31.783271120085153 ], [ -106.24471677906206, 31.783266528297069 ], [ -106.24472781592857, 31.783260322552866 ], [ -106.244737525450915, 31.783252667049481 ], [ -106.245797329235202, 31.782259928229486 ], [ -106.245796954937859, 31.782259928078879 ], [ -106.243618657917466, 31.782259770715932 ], [ -106.243588781393029, 31.782259768656999 ], [ -106.243200247731806, 31.782259650936574 ], [ -106.243003773650273, 31.782258180027668 ], [ -106.243141612017766, 31.782307911623089 ], [ -106.243276908564567, 31.782362497359603 ], [ -106.243409431176758, 31.782421843023943 ], [ -106.243538949286261, 31.78248584530197 ], [ -106.243709832335213, 31.782582700781472 ], [ -106.243876556643499, 31.782684707777118 ], [ -106.244038909048768, 31.78279173690386 ], [ -106.244196683317227, 31.7829036512369 ], [ -106.244349677036539, 31.783020307356416 ], [ -106.244497694891038, 31.783141557004647 ], [ -106.244640548549484, 31.783267245284573 ] ] ] } },
{ "type": "Feature", "properties": { "pidn": "P64999900100100", "district": 5, "zonelabel": "R-5", "state_cd_clean": "F1", "use_desc": "COMM,ANY COMM OTHR THAN F2-F9", "targetlotarea": 517689, "existing_units": 0, "footprint_sqft": 0.0, "interior_sqft": 0.0, "coverage_pct": 0.0, "in_corridor": false, "in_historic": false, "context_type": "Suburban" }, "geometry": { "type": "Polygon", "coordinates": [ [ [ -106.241936218423334, 31.786239983996452 ], [ -106.244521011273349, 31.786236789175643 ], [ -106.244539178534978, 31.786221028450456 ], [ -106.244540345211163, 31.786220016303265 ], [ -106.244641077510337, 31.786126088683336 ], [ -106.244739741967962, 31.78603408831259 ], [ -106.244740139734731, 31.78603371801297 ], [ -106.244837482720712, 31.785939839438502 ], [ -106.244932582339317, 31.785848125496901 ], [ -106.245033849308768, 31.785755613752951 ], [ -106.245135515291722, 31.785662737882308 ], [ -106.245136301621471, 31.785662019374033 ], [ -106.245235982865623, 31.78556880549948 ], [ -106.245344484536346, 31.78546734419713 ], [ -106.245345104027521, 31.785466765127914 ], [ -106.245454377661616, 31.785365292124595 ], [ -106.245454479597569, 31.785365197177846 ], [ -106.245562768593757, 31.785263486124265 ], [ -106.24567062676789, 31.785162178381274 ], [ -106.245670891757726, 31.785161934230633 ], [ -106.245779174476922, 31.785062166829881 ], [ -106.245779637459421, 31.785061740277282 ], [ -106.245898821793318, 31.784950066084864 ], [ -106.245899347665343, 31.784949579775496 ], [ -106.245979848195148, 31.784875172499159 ], [ -106.245980124164277, 31.78487491791422 ], [ -106.246034676118043, 31.784825596143857 ], [ -106.246122461722479, 31.784745081161578 ], [ -106.24617348714861, 31.784697233667277 ], [ -106.246274077330099, 31.784602908234888 ], [ -106.246295119967627, 31.784583175459051 ], [ -106.246342501005358, 31.784538746654459 ], [ -106.246207171621961, 31.78451622270957 ], [ -106.24607343794078, 31.784487572301277 ], [ -106.245941682503599, 31.784452876494655 ], [ -106.243850046719814, 31.78445636536064 ], [ -106.241936218423334, 31.786239983996452 ] ] ] } },
{ "type": "Feature", "properties": { "pidn": "T28799913200200", "district": 5, "zonelabel": "R-3", "state_cd_clean": "C10", "use_desc": "REAL, VACANT PLATTED COMMERCIAL LOT", "targetlotarea": 340616, "existing_units": 0, "footprint_sqft": 0.0, "interior_sqft": 0.0, "coverage_pct": 0.0, "in_corridor": false, "in_historic": false, "context_type": "Suburban" }, "geometry": { "type": "Polygon", "coordinates": [ [ [ -106.249907886613769, 31.781543425241491 ], [ -106.249920106919078, 31.781552992951443 ], [ -106.249898437253165, 31.781573584912337 ], [ -106.250152311456759, 31.781771952125581 ], [ -106.250507864526796, 31.782049765421768 ], [ -106.250551963089592, 31.782084220985787 ], [ -106.250543056733648, 31.78108333176705 ], [ -106.250542988619515, 31.781075674325308 ], [ -106.250865430567657, 31.781077376087008 ], [ -106.250905791449469, 31.781077588704175 ], [ -106.250903765991524, 31.780890758927153 ], [ -106.250902886970195, 31.780809640699065 ], [ -106.250901867174363, 31.780715611980078 ], [ -106.249220252990526, 31.779439474058549 ], [ -106.249187587775481, 31.779469955084338 ], [ -106.249140665169989, 31.7795137393618 ], [ -106.248307916121163, 31.780290777731498 ], [ -106.249184886012998, 31.780977381197864 ], [ -106.249907886613769, 31.781543425241491 ] ] ] } },
{ "type": "Feature", "properties": { "pidn": "T28799920200790", "district": 5, "zonelabel": "R-5", "state_cd_clean": "A1", "use_desc": "REAL, RESIDENTIAL, SINGLE-FAMILY", "targetlotarea": 440075, "existing_units": 1, "footprint_sqft": 0.0, "interior_sqft": 0.0, "coverage_pct": 0.0, "in_corridor": false, "in_historic": false, "context_type": "Suburban" }, "geometry": { "type": "Polygon", "coordinates": [ [ [ -106.240542673490566, 31.784548105966174 ], [ -106.24082970655958, 31.784548544323425 ], [ -106.240830318160121, 31.783428028694157 ], [ -106.240830953613568, 31.782265130367374 ], [ -106.240830976625276, 31.782223617935713 ], [ -106.239148044652481, 31.78222824016423 ], [ -106.239148384841485, 31.782312313142086 ], [ -106.239154018240598, 31.783704693696066 ], [ -106.239157421924261, 31.784545976411206 ], [ -106.239249698226502, 31.784546005563545 ], [ -106.239427992508681, 31.78454606416846 ], [ -106.239606288899751, 31.784546122433575 ], [ -106.239790011594778, 31.784546181585366 ], [ -106.239970378297116, 31.784546240198964 ], [ -106.240277531235847, 31.784546338077256 ], [ -106.240542674464251, 31.784546422456074 ], [ -106.240542673490566, 31.784548105966174 ] ] ] } },
{ "type": "Feature", "properties": { "pidn": "H80599900300840", "district": 5, "zonelabel": "C-4", "state_cd_clean": "A1", "use_desc": "REAL, RESIDENTIAL, SINGLE-FAMILY", "targetlotarea": 333425, "existing_units": 1, "footprint_sqft": 0.0, "interior_sqft": 0.0, "coverage_pct": 0.0, "in_corridor": false, "in_historic": false, "context_type": "Suburban" }, "geometry": { "type": "Polygon", "coordinates": [ [ [ -106.24355093357795, 31.808287814436834 ], [ -106.24354201913215, 31.808238276546327 ], [ -106.243319850263759, 31.807003611423788 ], [ -106.243319568844967, 31.807002047321021 ], [ -106.243045751035623, 31.807038094198695 ], [ -106.242878339150408, 31.807060133811866 ], [ -106.242735375842997, 31.807078953329668 ], [ -106.242592412591137, 31.80709777449162 ], [ -106.242409545661801, 31.807121846473766 ], [ -106.242358766269447, 31.807128531415191 ], [ -106.242358609974517, 31.807128552058735 ], [ -106.242098782355015, 31.80716232249635 ], [ -106.241951552049798, 31.807181457697826 ], [ -106.241804322795986, 31.807200593585421 ], [ -106.24162430495403, 31.807223990504482 ], [ -106.24121671438499, 31.807276964049493 ], [ -106.240982201761554, 31.807307441689154 ], [ -106.240943918010274, 31.807312417277895 ], [ -106.240986936692366, 31.807550878273155 ], [ -106.24112933486451, 31.808340205017462 ], [ -106.241786143427817, 31.808254545083713 ], [ -106.241832412806815, 31.808511033914968 ], [ -106.24355093357795, 31.808287814436834 ] ] ] } },
{ "type": "Feature", "properties": { "pidn": "M77199901U90110", "district": 5, "zonelabel": "C-4", "state_cd_clean": "", "use_desc": "Unknown", "targetlotarea": 1, "existing_units": 0, "footprint_sqft": 0.0, "interior_sqft": 0.0, "coverage_pct": 0.0, "in_corridor": false, "in_historic": false, "context_type": "Suburban" }, "geometry": { "type": "Polygon", "coordinates": [ [ [ -106.263127242632351, 31.765937646616976 ], [ -106.263127258121457, 31.765937657652035 ], [ -106.263474826447123, 31.765613259282336 ], [ -106.263127242632351, 31.765937646616976 ] ] ] } },
{ "type": "Feature", "properties": { "pidn": "T28899900100100", "district": 5, "zonelabel": "C-2", "state_cd_clean": "XV-C", "use_desc": "COMMERCIAL public, religous, charitable, misc", "targetlotarea": 39813, "existing_units": 0, "footprint_sqft": 0.0, "interior_sqft": 0.0, "coverage_pct": 0.0, "in_corridor": false, "in_historic": false, "context_type": "Suburban" }, "geometry": { "type": "Polygon", "coordinates": [ [ [ -106.213435082604477, 31.784316098825585 ], [ -106.213939392649081, 31.784315540859247 ], [ -106.213938859392087, 31.784274246507721 ], [ -106.213937088716463, 31.784136373474244 ], [ -106.213933364412441, 31.783846408556897 ], [ -106.213932001208747, 31.783740220762873 ], [ -106.213931503133651, 31.783701440045245 ], [ -106.213930053321903, 31.783588528700935 ], [ -106.21342724417849, 31.783589084903859 ], [ -106.213428693225424, 31.783701993551936 ], [ -106.213429190007645, 31.783740671363155 ], [ -106.213430574045603, 31.783848501902131 ], [ -106.213434276618315, 31.78413692880358 ], [ -106.213436049783283, 31.784274802601523 ], [ -106.213434552729751, 31.784274804329009 ], [ -106.213435082604477, 31.784316098825585 ] ], [ [ -106.213770798786385, 31.783740365450686 ], [ -106.213770888963339, 31.783847084919987 ], [ -106.213645923662924, 31.783847605666491 ], [ -106.213645011136748, 31.78374047812358 ], [ -106.213770798786385, 31.783740365450686 ] ] ] } },
{ "type": "Feature", "properties": { "pidn": "T28799910904700", "district": 5, "zonelabel": "C-2", "state_cd_clean": "A1", "use_desc": "REAL, RESIDENTIAL, SINGLE-FAMILY", "targetlotarea": 1041133, "existing_units": 1, "footprint_sqft": 0.0, "interior_sqft": 0.0, "coverage_pct": 0.0, "in_corridor": false, "in_historic": false, "context_type": "Suburban" }, "geometry": { "type": "Polygon", "coordinates": [ [ [ -106.237166565744232, 31.790684995640618 ], [ -106.237709941412817, 31.791116479977582 ], [ -106.237743961448871, 31.791143494558572 ], [ -106.237086997213012, 31.791756305193537 ], [ -106.237122027326322, 31.791784122155004 ], [ -106.237233942009169, 31.791872991081377 ], [ -106.237546794351729, 31.792102045634909 ], [ -106.237943480005399, 31.79235446730689 ], [ -106.237963537173044, 31.792335803170726 ], [ -106.237994968351572, 31.792306555564238 ], [ -106.24142058070089, 31.789118783185376 ], [ -106.241504904739656, 31.789038863399767 ], [ -106.241721877664091, 31.788834221570998 ], [ -106.241796532826882, 31.78876721757614 ], [ -106.242240433109316, 31.788353728640832 ], [ -106.242473187796435, 31.788140820166799 ], [ -106.242623315005019, 31.788003493803966 ], [ -106.24055367327442, 31.788006023923799 ], [ -106.240037763349179, 31.78800664890079 ], [ -106.240011769089307, 31.788030900688277 ], [ -106.237166565744232, 31.790684995640618 ] ] ] } },
{ "type": "Feature", "properties": { "pidn": "T28499900300180", "district": 5, "zonelabel": "C-4", "state_cd_clean": "F1", "use_desc": "COMM,ANY COMM OTHR THAN F2-F9", "targetlotarea": 50665, "existing_units": 0, "footprint_sqft": 0.0, "interior_sqft": 0.0, "coverage_pct": 0.0, "in_corridor": false, "in_historic": false, "context_type": "Suburban" }, "geometry": { "type": "Polygon", "coordinates": [ [ [ -106.234803674604407, 31.791563735213806 ], [ -106.235078488712702, 31.791777991281943 ], [ -106.235195794328646, 31.791869447809109 ], [ -106.235196604019634, 31.791868694892493 ], [ -106.23573668175635, 31.791366920244137 ], [ -106.235755906684091, 31.791346670352162 ], [ -106.235771038745682, 31.791324028546828 ], [ -106.235781678470758, 31.791299593670821 ], [ -106.235787544403394, 31.791274008886138 ], [ -106.235788484028348, 31.79124795034053 ], [ -106.235784469319171, 31.79122210659688 ], [ -106.23577560921332, 31.79119715819866 ], [ -106.23576213512024, 31.791173765682803 ], [ -106.235744404624668, 31.791152544124262 ], [ -106.235722884111752, 31.791134055795478 ], [ -106.23568644423159, 31.791105645843775 ], [ -106.235641033739114, 31.791052141663819 ], [ -106.235648635042011, 31.791045078386478 ], [ -106.235492742233518, 31.790923538600712 ], [ -106.234803674604407, 31.791563735213806 ] ] ] } },
{ "type": "Feature", "properties": { "pidn": "X57999923901725", "district": 5, "zonelabel": "C-1", "state_cd_clean": "C10", "use_desc": "REAL, VACANT PLATTED COMMERCIAL LOT", "targetlotarea": 30194, "existing_units": 0, "footprint_sqft": 0.0, "interior_sqft": 0.0, "coverage_pct": 0.0, "in_corridor": true, "in_historic": false, "context_type": "Suburban" }, "geometry": { "type": "Polygon", "coordinates": [ [ [ -106.244200228517457, 31.798098072991916 ], [ -106.245124652783915, 31.798097688272982 ], [ -106.245148753156116, 31.798097675353379 ], [ -106.244974310764448, 31.797745188837791 ], [ -106.24496893095764, 31.797736234715003 ], [ -106.244962078197375, 31.797728046540545 ], [ -106.24495389984466, 31.797720800054815 ], [ -106.244944571608372, 31.797714650744375 ], [ -106.24493429199228, 31.797709729578582 ], [ -106.244934273818942, 31.79770969247209 ], [ -106.244923680345849, 31.797706217950225 ], [ -106.244912619462269, 31.797704050738584 ], [ -106.244901310649311, 31.797703234151825 ], [ -106.24488998125193, 31.797703784956283 ], [ -106.244880091043356, 31.79770540472855 ], [ -106.244870515265887, 31.797708065991397 ], [ -106.244669754168612, 31.797773841217882 ], [ -106.244626349293995, 31.797788062297869 ], [ -106.244380107206823, 31.797863271842822 ], [ -106.244131915610794, 31.797933655449238 ], [ -106.244200228517457, 31.798098072991916 ] ] ] } },
{ "type": "Feature", "properties": { "pidn": "X57999923901725", "district": 5, "zonelabel": "C-1", "state_cd_clean": "C10", "use_desc": "REAL, VACANT PLATTED COMMERCIAL LOT", "targetlotarea": 30194, "existing_units": 0, "footprint_sqft": 0.0, "interior_sqft": 0.0, "coverage_pct": 0.0, "in_corridor": true, "in_historic": false, "context_type": "Suburban" }, "geometry": { "type": "Polygon", "coordinates": [ [ [ -106.244200228517457, 31.798098072991916 ], [ -106.245124652783915, 31.798097688272982 ], [ -106.245148753156116, 31.798097675353379 ], [ -106.244974310764448, 31.797745188837791 ], [ -106.24496893095764, 31.797736234715003 ], [ -106.244962078197375, 31.797728046540545 ], [ -106.24495389984466, 31.797720800054815 ], [ -106.244944571608372, 31.797714650744375 ], [ -106.24493429199228, 31.797709729578582 ], [ -106.244934273818942, 31.79770969247209 ], [ -106.244923680345849, 31.797706217950225 ], [ -106.244912619462269, 31.797704050738584 ], [ -106.244901310649311, 31.797703234151825 ], [ -106.24488998125193, 31.797703784956283 ], [ -106.244880091043356, 31.79770540472855 ], [ -106.244870515265887, 31.797708065991397 ], [ -106.244669754168612, 31.797773841217882 ], [ -106.244626349293995, 31.797788062297869 ], [ -106.244380107206823, 31.797863271842822 ], [ -106.244131915610794, 31.797933655449238 ], [ -106.244200228517457, 31.798098072991916 ] ] ] } },
{ "type": "Feature", "properties": { "pidn": "X57999923300075", "district": 5, "zonelabel": "C-4", "state_cd_clean": "F1", "use_desc": "COMM,ANY COMM OTHR THAN F2-F9", "targetlotarea": 418343, "existing_units": 0, "footprint_sqft": 9018.23047, "interior_sqft": 18036.46094, "coverage_pct": 0.021557024905400592, "in_corridor": true, "in_historic": false, "context_type": "Suburban" }, "geometry": { "type": "Polygon", "coordinates": [ [ [ -106.259994063115371, 31.81059292519889 ], [ -106.25998079277791, 31.810589856413912 ], [ -106.259966973568922, 31.810588769739645 ], [ -106.258352699509445, 31.810593043870622 ], [ -106.258352243292236, 31.810677790500694 ], [ -106.258349454909492, 31.811195972322686 ], [ -106.258340730145093, 31.812817400508614 ], [ -106.260024379153265, 31.812817889686496 ], [ -106.259994063115371, 31.81059292519889 ] ] ] } },
{ "type": "Feature", "properties": { "pidn": "X57999923300075", "district": 5, "zonelabel": "C-4", "state_cd_clean": "F1", "use_desc": "COMM,ANY COMM OTHR THAN F2-F9", "targetlotarea": 418343, "existing_units": 0, "footprint_sqft": 9018.23047, "interior_sqft": 18036.46094, "coverage_pct": 0.021557024905400592, "in_corridor": true, "in_historic": false, "context_type": "Suburban" }, "geometry": { "type": "Polygon", "coordinates": [ [ [ -106.259994063115371, 31.81059292519889 ], [ -106.25998079277791, 31.810589856413912 ], [ -106.259966973568922, 31.810588769739645 ], [ -106.258352699509445, 31.810593043870622 ], [ -106.258352243292236, 31.810677790500694 ], [ -106.258349454909492, 31.811195972322686 ], [ -106.258340730145093, 31.812817400508614 ], [ -106.260024379153265, 31.812817889686496 ], [ -106.259994063115371, 31.81059292519889 ] ] ] } },
{ "type": "Feature", "properties": { "pidn": "X57999923300075", "district": 5, "zonelabel": "C-4", "state_cd_clean": "F1", "use_desc": "COMM,ANY COMM OTHR THAN F2-F9", "targetlotarea": 418343, "existing_units": 0, "footprint_sqft": 9018.23047, "interior_sqft": 18036.46094, "coverage_pct": 0.021557024905400592, "in_corridor": true, "in_historic": false, "context_type": "Suburban" }, "geometry": { "type": "Polygon", "coordinates": [ [ [ -106.259994063115371, 31.81059292519889 ], [ -106.25998079277791, 31.810589856413912 ], [ -106.259966973568922, 31.810588769739645 ], [ -106.258352699509445, 31.810593043870622 ], [ -106.258352243292236, 31.810677790500694 ], [ -106.258349454909492, 31.811195972322686 ], [ -106.258340730145093, 31.812817400508614 ], [ -106.260024379153265, 31.812817889686496 ], [ -106.259994063115371, 31.81059292519889 ] ] ] } },
{ "type": "Feature", "properties": { "pidn": "M98799900100100", "district": 5, "zonelabel": "C-2", "state_cd_clean": "F1", "use_desc": "COMM,ANY COMM OTHR THAN F2-F9", "targetlotarea": 288378, "existing_units": 0, "footprint_sqft": 0.0, "interior_sqft": 0.0, "coverage_pct": 0.0, "in_corridor": false, "in_historic": false, "context_type": "Suburban" }, "geometry": { "type": "Polygon", "coordinates": [ [ [ -106.230245671256739, 31.797899317787525 ], [ -106.230342594538527, 31.797938367432785 ], [ -106.230355248873735, 31.797943465687837 ], [ -106.230371921404057, 31.797949190158882 ], [ -106.230442134014254, 31.797973296646958 ], [ -106.230467663661187, 31.797982062487446 ], [ -106.230501927872226, 31.797991880223496 ], [ -106.230542627168262, 31.798003541343942 ], [ -106.230582530853056, 31.798014974791471 ], [ -106.230637390313078, 31.798027699292749 ], [ -106.230646403851665, 31.798029786180834 ], [ -106.230699455368622, 31.798042090445673 ], [ -106.230755373185929, 31.798052105387459 ], [ -106.230764514211486, 31.798053742146021 ], [ -106.230818038027905, 31.798063316448747 ], [ -106.230856353432472, 31.798068197279076 ], [ -106.230905692428195, 31.798074480510326 ], [ -106.230937871333921, 31.798078579143375 ], [ -106.230962780450312, 31.798080488392252 ], [ -106.231044282506829, 31.798086734537051 ], [ -106.231058546024059, 31.798087827532218 ], [ -106.231069459155165, 31.798088115948854 ], [ -106.23106979311649, 31.798088129713467 ], [ -106.231179646628632, 31.798091029866455 ], [ -106.231209814983927, 31.798091073250042 ], [ -106.233682595305496, 31.79809458656548 ], [ -106.233634109663114, 31.798046833274839 ], [ -106.232573672473919, 31.797002394762288 ], [ -106.232161933475751, 31.796596860073993 ], [ -106.231590694176717, 31.797126525375948 ], [ -106.231109801771041, 31.797572413690503 ], [ -106.230968181882986, 31.797593281491249 ], [ -106.230755873656975, 31.797426263168401 ], [ -106.230245671256739, 31.797899317787525 ] ] ] } },
{ "type": "Feature", "properties": { "pidn": "T28799920200740", "district": 5, "zonelabel": "R-5", "state_cd_clean": "A1", "use_desc": "REAL, RESIDENTIAL, SINGLE-FAMILY", "targetlotarea": 699227, "existing_units": 1, "footprint_sqft": 0.0, "interior_sqft": 0.0, "coverage_pct": 0.0, "in_corridor": false, "in_historic": false, "context_type": "Suburban" }, "geometry": { "type": "Polygon", "coordinates": [ [ [ -106.239385791343267, 31.787043262029641 ], [ -106.239803173581166, 31.786655868400576 ], [ -106.240478313254243, 31.787182212432445 ], [ -106.244368789067721, 31.783571021088783 ], [ -106.244377158938349, 31.783561751137082 ], [ -106.244383565864368, 31.783551402593044 ], [ -106.244387822306507, 31.783540274791047 ], [ -106.244389806723078, 31.783528691161766 ], [ -106.244389459677564, 31.783516987667522 ], [ -106.244386792878956, 31.78350550516668 ], [ -106.244381857013636, 31.783494531267252 ], [ -106.244374803041865, 31.783484435723718 ], [ -106.244365838701242, 31.783475515265501 ], [ -106.244363877590985, 31.783473922698398 ], [ -106.244329212883002, 31.783446764784298 ], [ -106.243824036897465, 31.783917735053361 ], [ -106.242772842711915, 31.784897730062717 ], [ -106.242301937625442, 31.7845291839669 ], [ -106.241173973076783, 31.783646383376006 ], [ -106.241176559158106, 31.783427977888028 ], [ -106.241101071333333, 31.78342798893782 ], [ -106.240830318160121, 31.783428028694157 ], [ -106.24082970655958, 31.784548544323425 ], [ -106.240542673490566, 31.784548105966174 ], [ -106.240542562534216, 31.784804594790138 ], [ -106.240542433223752, 31.785103437488651 ], [ -106.240503844318411, 31.78513957497599 ], [ -106.240237725145562, 31.785388795976182 ], [ -106.240184094277694, 31.785439020740817 ], [ -106.240006694879455, 31.785605154687836 ], [ -106.23984585733578, 31.785755776400663 ], [ -106.239699606750122, 31.785892739444211 ], [ -106.239575835116511, 31.786008648317459 ], [ -106.239451112088418, 31.786125449197289 ], [ -106.239328252120004, 31.786240504486287 ], [ -106.239202476385103, 31.786358290338686 ], [ -106.239079671722038, 31.786473292268731 ], [ -106.238893501867011, 31.786647632942866 ], [ -106.238886608748885, 31.78665408809907 ], [ -106.239385791343267, 31.787043262029641 ] ] ] } },
{ "type": "Feature", "properties": { "pidn": "T28799918300775", "district": 5, "zonelabel": "R-5", "state_cd_clean": "XV-R", "use_desc": "RESIDENTIAL, public, religous, charitable, misc", "targetlotarea": 492274, "existing_units": 0, "footprint_sqft": 0.0, "interior_sqft": 0.0, "coverage_pct": 0.0, "in_corridor": false, "in_historic": false, "context_type": "Suburban" }, "geometry": { "type": "Polygon", "coordinates": [ [ [ -106.233746156569651, 31.791441855939006 ], [ -106.233198231592667, 31.791954887572096 ], [ -106.233065191052702, 31.792079455202796 ], [ -106.232865463203368, 31.792266462041155 ], [ -106.232764017585396, 31.792361445033972 ], [ -106.232667504209715, 31.792451810542126 ], [ -106.232570990650387, 31.792542175975516 ], [ -106.232471174305502, 31.792635633491145 ], [ -106.232374707301304, 31.792725954197337 ], [ -106.232273237737061, 31.792820958603869 ], [ -106.232178327282384, 31.792909822256185 ], [ -106.232080279883405, 31.793001622348971 ], [ -106.231978690798314, 31.79309673757443 ], [ -106.231880619105709, 31.793188561172354 ], [ -106.231782429233576, 31.793280493902611 ], [ -106.231685866007012, 31.793370903272979 ], [ -106.231584419085053, 31.793465885257415 ], [ -106.23148960219919, 31.793554658287036 ], [ -106.231391410571902, 31.79364659165752 ], [ -106.231350798174873, 31.793684614961112 ], [ -106.23205990624075, 31.794239560586057 ], [ -106.232498359028043, 31.793828387846244 ], [ -106.232926669892578, 31.794156165659732 ], [ -106.233959308365328, 31.793196820892867 ], [ -106.233959337376902, 31.793196794289358 ], [ -106.234886026534014, 31.792335853248449 ], [ -106.234063617071726, 31.791690842324869 ], [ -106.233888227821396, 31.791553585079562 ], [ -106.233888402662615, 31.791553420907562 ], [ -106.233746156569651, 31.791441855939006 ] ] ] } },
{ "type": "Feature", "properties": { "pidn": "H80599901600125", "district": 5, "zonelabel": "C-1", "state_cd_clean": "F1", "use_desc": "COMM,ANY COMM OTHR THAN F2-F9", "targetlotarea": 42701, "existing_units": 0, "footprint_sqft": 0.0, "interior_sqft": 0.0, "coverage_pct": 0.0, "in_corridor": true, "in_historic": false, "context_type": "Suburban" }, "geometry": { "type": "Polygon", "coordinates": [ [ [ -106.243232235729494, 31.798144407504143 ], [ -106.24317115353216, 31.798156895781108 ], [ -106.2429105830862, 31.798204155138389 ], [ -106.242883270979846, 31.798209108283178 ], [ -106.242869957672724, 31.798212410566084 ], [ -106.242857505181533, 31.79821761551316 ], [ -106.242846283550278, 31.798224569042254 ], [ -106.242836625658597, 31.79823306366735 ], [ -106.242828819402774, 31.798242848787961 ], [ -106.242823095153568, 31.798253633065396 ], [ -106.242819623321978, 31.798265096273614 ], [ -106.242818506427298, 31.798276897788003 ], [ -106.242819778771718, 31.798288688340897 ], [ -106.242933453236986, 31.798827879225602 ], [ -106.242965399362689, 31.798993601999591 ], [ -106.243263613087166, 31.798941784551939 ], [ -106.243487379539005, 31.798897976219532 ], [ -106.243232235729494, 31.798144407504143 ] ] ] } },
{ "type": "Feature", "properties": { "pidn": "T28799913101700", "district": 5, "zonelabel": "C-3", "state_cd_clean": "A1", "use_desc": "REAL, RESIDENTIAL, SINGLE-FAMILY", "targetlotarea": 56245, "existing_units": 1, "footprint_sqft": 0.0, "interior_sqft": 0.0, "coverage_pct": 0.0, "in_corridor": false, "in_historic": false, "context_type": "Suburban" }, "geometry": { "type": "Polygon", "coordinates": [ [ [ -106.233991807594634, 31.798095022419513 ], [ -106.234001270377789, 31.798094927495914 ], [ -106.2339523417767, 31.798046855725016 ], [ -106.23383375248271, 31.797930344431148 ], [ -106.233733514724847, 31.797831861188712 ], [ -106.233635323764318, 31.797735391189772 ], [ -106.233537134057684, 31.797638921065271 ], [ -106.233438943439964, 31.797542450010162 ], [ -106.233340755130641, 31.797445978781809 ], [ -106.2332303597845, 31.797337517239256 ], [ -106.233001195964562, 31.797112362980062 ], [ -106.232917535021897, 31.797030166229462 ], [ -106.23232377959512, 31.796446791203813 ], [ -106.232161933475751, 31.796596860073993 ], [ -106.232573672473919, 31.797002394762288 ], [ -106.233634109663114, 31.798046833274839 ], [ -106.233682595305496, 31.79809458656548 ], [ -106.233991807594634, 31.798095022419513 ] ] ] } },
{ "type": "Feature", "properties": { "pidn": "T28499900300195", "district": 5, "zonelabel": "C-4", "state_cd_clean": "F1", "use_desc": "COMM,ANY COMM OTHR THAN F2-F9", "targetlotarea": 58179, "existing_units": 0, "footprint_sqft": 0.0, "interior_sqft": 0.0, "coverage_pct": 0.0, "in_corridor": false, "in_historic": false, "context_type": "Suburban" }, "geometry": { "type": "Polygon", "coordinates": [ [ [ -106.233888227821396, 31.791553585079562 ], [ -106.234063617071726, 31.791690842324869 ], [ -106.234699154421705, 31.792189291637072 ], [ -106.234699789940848, 31.792188696544645 ], [ -106.235068518839356, 31.791843442603462 ], [ -106.234256956093745, 31.791208332495945 ], [ -106.233888227821396, 31.791553585079562 ] ] ] } },
{ "type": "Feature", "properties": { "pidn": "T284999005001B0", "district": 5, "zonelabel": "C-4", "state_cd_clean": "F1", "use_desc": "COMM,ANY COMM OTHR THAN F2-F9", "targetlotarea": 311802, "existing_units": 0, "footprint_sqft": 0.0, "interior_sqft": 0.0, "coverage_pct": 0.0, "in_corridor": false, "in_historic": false, "context_type": "Suburban" }, "geometry": { "type": "Polygon", "coordinates": [ [ [ -106.241176559158106, 31.783427977888028 ], [ -106.241173973076783, 31.783646383376006 ], [ -106.242301937625442, 31.7845291839669 ], [ -106.242772842711915, 31.784897730062717 ], [ -106.243824036897465, 31.783917735053361 ], [ -106.24321113808017, 31.783438064269507 ], [ -106.242944930094893, 31.783229719933001 ], [ -106.242714481585224, 31.78344456211402 ], [ -106.241904963227782, 31.782810993366166 ], [ -106.241777061981651, 31.782868158290416 ], [ -106.241176559158106, 31.783427977888028 ] ] ] } },
{ "type": "Feature", "properties": { "pidn": "M98799900100100", "district": 5, "zonelabel": "C-3", "state_cd_clean": "F1", "use_desc": "COMM,ANY COMM OTHR THAN F2-F9", "targetlotarea": 176039, "existing_units": 0, "footprint_sqft": 0.0, "interior_sqft": 0.0, "coverage_pct": 0.0, "in_corridor": false, "in_historic": false, "context_type": "Suburban" }, "geometry": { "type": "Polygon", "coordinates": [ [ [ -106.230968181882986, 31.797593281491249 ], [ -106.231109801771041, 31.797572413690503 ], [ -106.231590694176717, 31.797126525375948 ], [ -106.232161933475751, 31.796596860073993 ], [ -106.23232377959512, 31.796446791203813 ], [ -106.232589950594715, 31.796199988011228 ], [ -106.231865120684844, 31.795629783739809 ], [ -106.231673829748942, 31.795808191551981 ], [ -106.231612993298455, 31.795864926125038 ], [ -106.23157197584095, 31.795903183635421 ], [ -106.231513257601463, 31.795957948128972 ], [ -106.231511075275378, 31.795956131488275 ], [ -106.230704634931357, 31.796703874674886 ], [ -106.230763707471468, 31.796750346293177 ], [ -106.231147769339799, 31.797052481164208 ], [ -106.23126144364511, 31.797141906606118 ], [ -106.230890301434144, 31.797486032198673 ], [ -106.230782703167179, 31.797401386843077 ], [ -106.230756994537856, 31.797425224337108 ], [ -106.230755873656975, 31.797426263168401 ], [ -106.230968181882986, 31.797593281491249 ] ] ] } },
{ "type": "Feature", "properties": { "pidn": "T28499900500150", "district": 5, "zonelabel": "C-3", "state_cd_clean": "B2", "use_desc": "REAL, COMMERCIAL, APARTMENTS", "targetlotarea": 143862, "existing_units": 12, "footprint_sqft": 0.0, "interior_sqft": 0.0, "coverage_pct": 0.0, "in_corridor": false, "in_historic": false, "context_type": "Suburban" }, "geometry": { "type": "Polygon", "coordinates": [ [ [ -106.240830318160121, 31.783428028694157 ], [ -106.241101071333333, 31.78342798893782 ], [ -106.241176559158106, 31.783427977888028 ], [ -106.241777061981651, 31.782868158290416 ], [ -106.241904963227782, 31.782810993366166 ], [ -106.242148293350411, 31.782702237505287 ], [ -106.242260427688251, 31.782720343156779 ], [ -106.242371702258254, 31.782741978429769 ], [ -106.242481963005801, 31.782767114197704 ], [ -106.242764209208659, 31.782503983748548 ], [ -106.242610227002487, 31.782454087254933 ], [ -106.242454132577549, 31.782409933904876 ], [ -106.242295971132577, 31.782371519830964 ], [ -106.242136031469187, 31.782338915901537 ], [ -106.241974606986432, 31.782312181939744 ], [ -106.241811992462061, 31.782291365966437 ], [ -106.241648485331197, 31.782276507754812 ], [ -106.241484383185792, 31.782267632621927 ], [ -106.241319987329959, 31.782264757589363 ], [ -106.240839335761748, 31.782265127291804 ], [ -106.240830953613568, 31.782265130367374 ], [ -106.240830318160121, 31.783428028694157 ] ] ] } },
{ "type": "Feature", "properties": { "pidn": "T284999005001B0", "district": 5, "zonelabel": "C-4", "state_cd_clean": "F1", "use_desc": "COMM,ANY COMM OTHR THAN F2-F9", "targetlotarea": 101152, "existing_units": 0, "footprint_sqft": 0.0, "interior_sqft": 0.0, "coverage_pct": 0.0, "in_corridor": false, "in_historic": false, "context_type": "Suburban" }, "geometry": { "type": "Polygon", "coordinates": [ [ [ -106.241904963227782, 31.782810993366166 ], [ -106.242714481585224, 31.78344456211402 ], [ -106.242944930094893, 31.783229719933001 ], [ -106.24321113808017, 31.783438064269507 ], [ -106.243709503203775, 31.782973445966171 ], [ -106.243584630015974, 31.782892543547703 ], [ -106.243456002382956, 31.782816054555084 ], [ -106.243323833246691, 31.782744104776928 ], [ -106.243188341648334, 31.782676816112499 ], [ -106.243049752167863, 31.782614297566063 ], [ -106.24290829659526, 31.782556655105488 ], [ -106.242764209208659, 31.782503983748548 ], [ -106.242481963005801, 31.782767114197704 ], [ -106.242371702258254, 31.782741978429769 ], [ -106.242260427688251, 31.782720343156779 ], [ -106.242148293350411, 31.782702237505287 ], [ -106.241904963227782, 31.782810993366166 ] ] ] } },
{ "type": "Feature", "properties": { "pidn": "T284999005001B0", "district": 5, "zonelabel": "C-4", "state_cd_clean": "F1", "use_desc": "COMM,ANY COMM OTHR THAN F2-F9", "targetlotarea": 59919, "existing_units": 0, "footprint_sqft": 0.0, "interior_sqft": 0.0, "coverage_pct": 0.0, "in_corridor": false, "in_historic": false, "context_type": "Suburban" }, "geometry": { "type": "Polygon", "coordinates": [ [ [ -106.24321113808017, 31.783438064269507 ], [ -106.243824036897465, 31.783917735053361 ], [ -106.244329212883002, 31.783446764784298 ], [ -106.244290874419903, 31.783416760859151 ], [ -106.243921507622815, 31.783127685169561 ], [ -106.243817139874224, 31.783048925750073 ], [ -106.243709503203775, 31.782973445966171 ], [ -106.24321113808017, 31.783438064269507 ] ] ] } },
{ "type": "Feature", "properties": { "pidn": "X57900022802000", "district": 5, "zonelabel": "R-MU", "state_cd_clean": "F2", "use_desc": "INDUSTRIAL,(INDUSTRIAL BLDGS)", "targetlotarea": 320109, "existing_units": 0, "footprint_sqft": 0.0, "interior_sqft": 0.0, "coverage_pct": 0.0, "in_corridor": false, "in_historic": false, "context_type": "Suburban" }, "geometry": { "type": "Polygon", "coordinates": [ [ [ -106.261666211442645, 31.822198968644766 ], [ -106.261729939697432, 31.826736939352099 ], [ -106.26218702251758, 31.826736860104234 ], [ -106.262353826345233, 31.826736830859414 ], [ -106.262289958263523, 31.822192579595285 ], [ -106.261666211442645, 31.822198968644766 ] ] ] } },
{ "type": "Feature", "properties": { "pidn": "X57900022802000", "district": 5, "zonelabel": "R-MU", "state_cd_clean": "F2", "use_desc": "INDUSTRIAL,(INDUSTRIAL BLDGS)", "targetlotarea": 320109, "existing_units": 0, "footprint_sqft": 0.0, "interior_sqft": 0.0, "coverage_pct": 0.0, "in_corridor": false, "in_historic": false, "context_type": "Suburban" }, "geometry": { "type": "Polygon", "coordinates": [ [ [ -106.261666211442645, 31.822198968644766 ], [ -106.261729939697432, 31.826736939352099 ], [ -106.26218702251758, 31.826736860104234 ], [ -106.262353826345233, 31.826736830859414 ], [ -106.262289958263523, 31.822192579595285 ], [ -106.261666211442645, 31.822198968644766 ] ] ] } },
{ "type": "Feature", "properties": { "pidn": "X57900022802000", "district": 5, "zonelabel": "R-MU", "state_cd_clean": "F2", "use_desc": "INDUSTRIAL,(INDUSTRIAL BLDGS)", "targetlotarea": 320109, "existing_units": 0, "footprint_sqft": 0.0, "interior_sqft": 0.0, "coverage_pct": 0.0, "in_corridor": false, "in_historic": false, "context_type": "Suburban" }, "geometry": { "type": "Polygon", "coordinates": [ [ [ -106.261666211442645, 31.822198968644766 ], [ -106.261729939697432, 31.826736939352099 ], [ -106.26218702251758, 31.826736860104234 ], [ -106.262353826345233, 31.826736830859414 ], [ -106.262289958263523, 31.822192579595285 ], [ -106.261666211442645, 31.822198968644766 ] ] ] } },
{ "type": "Feature", "properties": { "pidn": "X57900022802000", "district": 5, "zonelabel": "R-MU", "state_cd_clean": "F2", "use_desc": "INDUSTRIAL,(INDUSTRIAL BLDGS)", "targetlotarea": 107111, "existing_units": 0, "footprint_sqft": 0.0, "interior_sqft": 0.0, "coverage_pct": 0.0, "in_corridor": false, "in_historic": false, "context_type": "Suburban" }, "geometry": { "type": "Polygon", "coordinates": [ [ [ -106.261643075705649, 31.820551315459461 ], [ -106.261666211442645, 31.822198968644766 ], [ -106.262289958263523, 31.822192579595285 ], [ -106.262268711837962, 31.820680806377627 ], [ -106.261805949825231, 31.820685546928129 ], [ -106.261778168362866, 31.82068377322096 ], [ -106.261751161231999, 31.820677937124678 ], [ -106.261725736823081, 31.820668212252752 ], [ -106.261702656991886, 31.820654890844036 ], [ -106.26168261195572, 31.820638371358825 ], [ -106.26166620274256, 31.820619148440613 ], [ -106.261653921192575, 31.82059779756991 ], [ -106.261646134122955, 31.820574958625546 ], [ -106.261643075705649, 31.820551315459461 ] ] ] } },
{ "type": "Feature", "properties": { "pidn": "X57900022802000", "district": 5, "zonelabel": "R-MU", "state_cd_clean": "F2", "use_desc": "INDUSTRIAL,(INDUSTRIAL BLDGS)", "targetlotarea": 107111, "existing_units": 0, "footprint_sqft": 0.0, "interior_sqft": 0.0, "coverage_pct": 0.0, "in_corridor": false, "in_historic": false, "context_type": "Suburban" }, "geometry": { "type": "Polygon", "coordinates": [ [ [ -106.261643075705649, 31.820551315459461 ], [ -106.261666211442645, 31.822198968644766 ], [ -106.262289958263523, 31.822192579595285 ], [ -106.262268711837962, 31.820680806377627 ], [ -106.261805949825231, 31.820685546928129 ], [ -106.261778168362866, 31.82068377322096 ], [ -106.261751161231999, 31.820677937124678 ], [ -106.261725736823081, 31.820668212252752 ], [ -106.261702656991886, 31.820654890844036 ], [ -106.26168261195572, 31.820638371358825 ], [ -106.26166620274256, 31.820619148440613 ], [ -106.261653921192575, 31.82059779756991 ], [ -106.261646134122955, 31.820574958625546 ], [ -106.261643075705649, 31.820551315459461 ] ] ] } },
{ "type": "Feature", "properties": { "pidn": "X57900022802000", "district": 5, "zonelabel": "R-MU", "state_cd_clean": "F2", "use_desc": "INDUSTRIAL,(INDUSTRIAL BLDGS)", "targetlotarea": 107111, "existing_units": 0, "footprint_sqft": 0.0, "interior_sqft": 0.0, "coverage_pct": 0.0, "in_corridor": false, "in_historic": false, "context_type": "Suburban" }, "geometry": { "type": "Polygon", "coordinates": [ [ [ -106.261643075705649, 31.820551315459461 ], [ -106.261666211442645, 31.822198968644766 ], [ -106.262289958263523, 31.822192579595285 ], [ -106.262268711837962, 31.820680806377627 ], [ -106.261805949825231, 31.820685546928129 ], [ -106.261778168362866, 31.82068377322096 ], [ -106.261751161231999, 31.820677937124678 ], [ -106.261725736823081, 31.820668212252752 ], [ -106.261702656991886, 31.820654890844036 ], [ -106.26168261195572, 31.820638371358825 ], [ -106.26166620274256, 31.820619148440613 ], [ -106.261653921192575, 31.82059779756991 ], [ -106.261646134122955, 31.820574958625546 ], [ -106.261643075705649, 31.820551315459461 ] ] ] } },
{ "type": "Feature", "properties": { "pidn": "M63299900100300", "district": 5, "zonelabel": "C-4", "state_cd_clean": "F1", "use_desc": "COMM,ANY COMM OTHR THAN F2-F9", "targetlotarea": 57849, "existing_units": 0, "footprint_sqft": 0.0, "interior_sqft": 0.0, "coverage_pct": 0.0, "in_corridor": false, "in_historic": false, "context_type": "Suburban" }, "geometry": { "type": "Polygon", "coordinates": [ [ [ -106.24112933486451, 31.808340205017462 ], [ -106.241219855387484, 31.808841965457312 ], [ -106.241266705836168, 31.809101658520984 ], [ -106.241923506110609, 31.809016003046292 ], [ -106.241786143427817, 31.808254545083713 ], [ -106.24112933486451, 31.808340205017462 ] ] ] } },
{ "type": "Feature", "properties": { "pidn": "H80699900500275", "district": 5, "zonelabel": "C-4", "state_cd_clean": "C10", "use_desc": "REAL, VACANT PLATTED COMMERCIAL LOT", "targetlotarea": 260593, "existing_units": 0, "footprint_sqft": 0.0, "interior_sqft": 0.0, "coverage_pct": 0.0, "in_corridor": false, "in_historic": false, "context_type": "Suburban" }, "geometry": { "type": "Polygon", "coordinates": [ [ [ -106.241832412806815, 31.808511033914968 ], [ -106.241923506110609, 31.809016003046292 ], [ -106.241266705836168, 31.809101658520984 ], [ -106.241371730624621, 31.809683807072446 ], [ -106.243746944635973, 31.809377084503812 ], [ -106.24355093357795, 31.808287814436834 ], [ -106.241832412806815, 31.808511033914968 ] ] ] } },
{ "type": "Feature", "properties": { "pidn": "T28799905104400", "district": 5, "zonelabel": "R-5", "state_cd_clean": "XV-C", "use_desc": "COMMERCIAL public, religous, charitable, misc", "targetlotarea": 215260, "existing_units": 0, "footprint_sqft": 0.0, "interior_sqft": 0.0, "coverage_pct": 0.0, "in_corridor": false, "in_historic": false, "context_type": "Suburban" }, "geometry": { "type": "Polygon", "coordinates": [ [ [ -106.26588627051828, 31.792742591963531 ], [ -106.265893104854342, 31.792870061439945 ], [ -106.265899875960784, 31.792996349757082 ], [ -106.265906647197752, 31.793122639868709 ], [ -106.26591341784858, 31.793248937226434 ], [ -106.265920184716165, 31.793375139919458 ], [ -106.265926480836896, 31.793501508573964 ], [ -106.265932679235988, 31.793625907381852 ], [ -106.265938933264025, 31.793751449750957 ], [ -106.265945251743574, 31.793878259914298 ], [ -106.265951687233553, 31.79400741564811 ], [ -106.26595791643976, 31.794132441623677 ], [ -106.265964201767162, 31.794258602106201 ], [ -106.26596536349129, 31.794281926390251 ], [ -106.26675692930408, 31.794256645249074 ], [ -106.266778178533713, 31.794635568486516 ], [ -106.266801673212711, 31.794634638955017 ], [ -106.267584101826387, 31.794602277888274 ], [ -106.267552553003839, 31.793943763135712 ], [ -106.266768212139468, 31.793972242098828 ], [ -106.266765203098331, 31.793912652769535 ], [ -106.2667422782486, 31.793458674172662 ], [ -106.266718246506585, 31.793126800175244 ], [ -106.266695491385292, 31.79281255531815 ], [ -106.266692431571229, 31.79279841956949 ], [ -106.266686544745625, 31.792784952816085 ], [ -106.266678008755946, 31.792772564205709 ], [ -106.266667083945961, 31.792761629320079 ], [ -106.266654101992444, 31.792752480749527 ], [ -106.266639456737593, 31.792745396769789 ], [ -106.266480384638953, 31.792691809065605 ], [ -106.266443033569686, 31.792673753840457 ], [ -106.26640992152501, 31.792650433199533 ], [ -106.266382053988622, 31.792622555434189 ], [ -106.266360277061082, 31.792590968866847 ], [ -106.266345253402946, 31.792556632240352 ], [ -106.266337438403639, 31.792520588709504 ], [ -106.266328630766935, 31.792468021152057 ], [ -106.266166654016828, 31.792469358148999 ], [ -106.265937684007554, 31.792472987136737 ], [ -106.265924197110365, 31.792473201046185 ], [ -106.265930074146766, 31.792648105436054 ], [ -106.265898174916686, 31.792648857161325 ], [ -106.265881267109975, 31.792649255934979 ], [ -106.26588627051828, 31.792742591963531 ] ] ] } },
{ "type": "Feature", "properties": { "pidn": "T28799905102700", "district": 5, "zonelabel": "R-5", "state_cd_clean": "A1", "use_desc": "REAL, RESIDENTIAL, SINGLE-FAMILY", "targetlotarea": 93545, "existing_units": 1, "footprint_sqft": 0.0, "interior_sqft": 0.0, "coverage_pct": 0.0, "in_corridor": false, "in_historic": false, "context_type": "Suburban" }, "geometry": { "type": "Polygon", "coordinates": [ [ [ -106.26675692930408, 31.794256645249074 ], [ -106.26596536349129, 31.794281926390251 ], [ -106.265970500384185, 31.79438502569808 ], [ -106.26597686408806, 31.794512744149365 ], [ -106.265983089348907, 31.794637688997557 ], [ -106.265989395517678, 31.79476424950678 ], [ -106.26599535989078, 31.794891076670318 ], [ -106.266001264271281, 31.795016622277831 ], [ -106.266007186811365, 31.795142542763681 ], [ -106.266015689612331, 31.795323347688612 ], [ -106.26681131968968, 31.795296665676755 ], [ -106.266778178533713, 31.794635568486516 ], [ -106.26675692930408, 31.794256645249074 ] ] ] } },
{ "type": "Feature", "properties": { "pidn": "T28499900300190", "district": 5, "zonelabel": "C-4", "state_cd_clean": "F1", "use_desc": "COMM,ANY COMM OTHR THAN F2-F9", "targetlotarea": 36229, "existing_units": 0, "footprint_sqft": 0.0, "interior_sqft": 0.0, "coverage_pct": 0.0, "in_corridor": false, "in_historic": false, "context_type": "Suburban" }, "geometry": { "type": "Polygon", "coordinates": [ [ [ -106.23205990624075, 31.794239560586057 ], [ -106.232481638027082, 31.794569602392237 ], [ -106.232926669892578, 31.794156165659732 ], [ -106.232498359028043, 31.793828387846244 ], [ -106.23205990624075, 31.794239560586057 ] ] ] } },
{ "type": "Feature", "properties": { "pidn": "T28799920200110", "district": 5, "zonelabel": "C-4", "state_cd_clean": "C1", "use_desc": "REAL, VACANT PLATTED RESIDENTIAL LOT", "targetlotarea": 158979, "existing_units": 0, "footprint_sqft": 0.0, "interior_sqft": 0.0, "coverage_pct": 0.0, "in_corridor": false, "in_historic": false, "context_type": "Suburban" }, "geometry": { "type": "Polygon", "coordinates": [ [ [ -106.236398248432479, 31.789794405849406 ], [ -106.235926144964395, 31.78942633434389 ], [ -106.235894740884518, 31.789455740125984 ], [ -106.235776329753222, 31.789566617683995 ], [ -106.235652142966984, 31.78968290412087 ], [ -106.235477859230684, 31.789846098858256 ], [ -106.235128676368447, 31.790173060930588 ], [ -106.2352369278222, 31.790282257562012 ], [ -106.235349829708682, 31.790387963861541 ], [ -106.235467227057072, 31.790490034215921 ], [ -106.235588960069933, 31.790588330456021 ], [ -106.236192556878777, 31.791058917282253 ], [ -106.236203236642851, 31.791065939717985 ], [ -106.236215137613158, 31.791071345219059 ], [ -106.236227925718765, 31.791074981858849 ], [ -106.236241244662253, 31.791076748391973 ], [ -106.236256038121923, 31.79107575124759 ], [ -106.236270458899071, 31.791072757000013 ], [ -106.236284137477199, 31.791067842923269 ], [ -106.23629672734252, 31.791061133114511 ], [ -106.236307908147168, 31.791052798350567 ], [ -106.236636520138987, 31.790747827759951 ], [ -106.236640299970674, 31.790744319161231 ], [ -106.236426365412072, 31.790577529057874 ], [ -106.2367859109074, 31.790243847134029 ], [ -106.236312046785116, 31.789874407259642 ], [ -106.236398248432479, 31.789794405849406 ] ] ] } },
{ "type": "Feature", "properties": { "pidn": "T28499900500125", "district": 5, "zonelabel": "C-4", "state_cd_clean": "B2", "use_desc": "REAL, COMMERCIAL, APARTMENTS", "targetlotarea": 443767, "existing_units": 12, "footprint_sqft": 0.0, "interior_sqft": 0.0, "coverage_pct": 0.0, "in_corridor": false, "in_historic": false, "context_type": "Suburban" }, "geometry": { "type": "Polygon", "coordinates": [ [ [ -106.236398248432479, 31.789794405849406 ], [ -106.236312046785116, 31.789874407259642 ], [ -106.2367859109074, 31.790243847134029 ], [ -106.236426365412072, 31.790577529057874 ], [ -106.236640299970674, 31.790744319161231 ], [ -106.240478313254243, 31.787182212432445 ], [ -106.239803173581166, 31.786655868400576 ], [ -106.239385791343267, 31.787043262029641 ], [ -106.239421449252688, 31.787071057104885 ], [ -106.236460976202707, 31.789843311071799 ], [ -106.236398248432479, 31.789794405849406 ] ] ] } },
{ "type": "Feature", "properties": { "pidn": "T28799913200155", "district": 5, "zonelabel": "C-3", "state_cd_clean": "F1", "use_desc": "COMM,ANY COMM OTHR THAN F2-F9", "targetlotarea": 63717, "existing_units": 0, "footprint_sqft": 0.0, "interior_sqft": 0.0, "coverage_pct": 0.0, "in_corridor": false, "in_historic": false, "context_type": "Suburban" }, "geometry": { "type": "Polygon", "coordinates": [ [ [ -106.249736674463719, 31.778957592012642 ], [ -106.249252948185898, 31.779408965468658 ], [ -106.249252919238899, 31.779408992976315 ], [ -106.249220252990526, 31.779439474058549 ], [ -106.249763305249743, 31.779851589605588 ], [ -106.250272134544247, 31.779376790074362 ], [ -106.250374204066119, 31.779283943367311 ], [ -106.249837347976126, 31.778863652259243 ], [ -106.249736674463719, 31.778957592012642 ] ] ] } },
{ "type": "Feature", "properties": { "pidn": "P65199900100200", "district": 5, "zonelabel": "C-4", "state_cd_clean": "F1", "use_desc": "COMM,ANY COMM OTHR THAN F2-F9", "targetlotarea": 23048, "existing_units": 0, "footprint_sqft": 5493.41992, "interior_sqft": 5493.41992, "coverage_pct": 0.23834692467893093, "in_corridor": false, "in_historic": false, "context_type": "Suburban" }, "geometry": { "type": "Polygon", "coordinates": [ [ [ -106.266636190469399, 31.776821860521881 ], [ -106.266220849627004, 31.776821873606281 ], [ -106.266241296744596, 31.777344756307915 ], [ -106.266622132964372, 31.777305853475234 ], [ -106.266636211202183, 31.777305865310275 ], [ -106.266636190469399, 31.776821860521881 ] ] ] } },
{ "type": "Feature", "properties": { "pidn": "X57999923901725", "district": 5, "zonelabel": "C-1", "state_cd_clean": "C10", "use_desc": "REAL, VACANT PLATTED COMMERCIAL LOT", "targetlotarea": 63699, "existing_units": 0, "footprint_sqft": 0.0, "interior_sqft": 0.0, "coverage_pct": 0.0, "in_corridor": true, "in_historic": false, "context_type": "Suburban" }, "geometry": { "type": "Polygon", "coordinates": [ [ [ -106.243457368848425, 31.798098376737812 ], [ -106.243729989552264, 31.798846699725875 ], [ -106.243855105463609, 31.798819419250897 ], [ -106.244081507930261, 31.798764949556023 ], [ -106.244148026952175, 31.79874894543844 ], [ -106.244438827223888, 31.798672332900953 ], [ -106.244200228517457, 31.798098072991916 ], [ -106.244131915610794, 31.797933655449238 ], [ -106.244096493677631, 31.797943072981091 ], [ -106.244083989734619, 31.79794639733322 ], [ -106.243970875868399, 31.797976470963032 ], [ -106.243809114095583, 31.798017254478989 ], [ -106.243633620058873, 31.798059011909146 ], [ -106.243457368848425, 31.798098376737812 ] ] ] } },
{ "type": "Feature", "properties": { "pidn": "X57999923901725", "district": 5, "zonelabel": "C-1", "state_cd_clean": "C10", "use_desc": "REAL, VACANT PLATTED COMMERCIAL LOT", "targetlotarea": 63699, "existing_units": 0, "footprint_sqft": 0.0, "interior_sqft": 0.0, "coverage_pct": 0.0, "in_corridor": true, "in_historic": false, "context_type": "Suburban" }, "geometry": { "type": "Polygon", "coordinates": [ [ [ -106.243457368848425, 31.798098376737812 ], [ -106.243729989552264, 31.798846699725875 ], [ -106.243855105463609, 31.798819419250897 ], [ -106.244081507930261, 31.798764949556023 ], [ -106.244148026952175, 31.79874894543844 ], [ -106.244438827223888, 31.798672332900953 ], [ -106.244200228517457, 31.798098072991916 ], [ -106.244131915610794, 31.797933655449238 ], [ -106.244096493677631, 31.797943072981091 ], [ -106.244083989734619, 31.79794639733322 ], [ -106.243970875868399, 31.797976470963032 ], [ -106.243809114095583, 31.798017254478989 ], [ -106.243633620058873, 31.798059011909146 ], [ -106.243457368848425, 31.798098376737812 ] ] ] } },
{ "type": "Feature", "properties": { "pidn": "H80599901600125", "district": 5, "zonelabel": "C-1", "state_cd_clean": "F1", "use_desc": "COMM,ANY COMM OTHR THAN F2-F9", "targetlotarea": 21316, "existing_units": 0, "footprint_sqft": 0.0, "interior_sqft": 0.0, "coverage_pct": 0.0, "in_corridor": true, "in_historic": false, "context_type": "Suburban" }, "geometry": { "type": "Polygon", "coordinates": [ [ [ -106.243232235729494, 31.798144407504143 ], [ -106.243487379539005, 31.798897976219532 ], [ -106.243560241000836, 31.798883711912147 ], [ -106.243729989552264, 31.798846699725875 ], [ -106.243457368848425, 31.798098376737812 ], [ -106.243232235729494, 31.798144407504143 ] ] ] } },
{ "type": "Feature", "properties": { "pidn": "T28499900300180", "district": 5, "zonelabel": "C-4", "state_cd_clean": "F1", "use_desc": "COMM,ANY COMM OTHR THAN F2-F9", "targetlotarea": 15213, "existing_units": 0, "footprint_sqft": 0.0, "interior_sqft": 0.0, "coverage_pct": 0.0, "in_corridor": false, "in_historic": false, "context_type": "Suburban" }, "geometry": { "type": "Polygon", "coordinates": [ [ [ -106.235641033739114, 31.791052141663819 ], [ -106.23568644423159, 31.791105645843775 ], [ -106.235722884111752, 31.791134055795478 ], [ -106.235744404624668, 31.791152544124262 ], [ -106.23576213512024, 31.791173765682803 ], [ -106.23577560921332, 31.79119715819866 ], [ -106.235784469319171, 31.79122210659688 ], [ -106.235788484028348, 31.79124795034053 ], [ -106.235787544403394, 31.791274008886138 ], [ -106.235781678470758, 31.791299593670821 ], [ -106.235771038745682, 31.791324028546828 ], [ -106.235755906684091, 31.791346670352162 ], [ -106.23573668175635, 31.791366920244137 ], [ -106.235196604019634, 31.791868694892493 ], [ -106.235195794328646, 31.791869447809109 ], [ -106.23530032374417, 31.791950943164938 ], [ -106.235301856261216, 31.791949519843772 ], [ -106.235912565446142, 31.791382120977818 ], [ -106.235926453670729, 31.791369218167873 ], [ -106.235935901261428, 31.791356272044112 ], [ -106.235942596041127, 31.791342129497227 ], [ -106.235946339065634, 31.791327213191721 ], [ -106.235947019534777, 31.791311968887577 ], [ -106.235944615118299, 31.791296853684816 ], [ -106.23593919816085, 31.791282316776158 ], [ -106.235930930073522, 31.791268794282118 ], [ -106.235920060157596, 31.79125669033882 ], [ -106.235906332503532, 31.79124598765388 ], [ -106.235648635042011, 31.791045078386478 ], [ -106.235641033739114, 31.791052141663819 ] ] ] } },
{ "type": "Feature", "properties": { "pidn": "T28799918300950", "district": 5, "zonelabel": "R-5", "state_cd_clean": "A1", "use_desc": "REAL, RESIDENTIAL, SINGLE-FAMILY", "targetlotarea": 120529, "existing_units": 1, "footprint_sqft": 0.0, "interior_sqft": 0.0, "coverage_pct": 0.0, "in_corridor": false, "in_historic": false, "context_type": "Suburban" }, "geometry": { "type": "Polygon", "coordinates": [ [ [ -106.234699154421705, 31.792189291637072 ], [ -106.234886026534014, 31.792335853248449 ], [ -106.23530032374417, 31.791950943164938 ], [ -106.235195794328646, 31.791869447809109 ], [ -106.235018685326366, 31.791731366867328 ], [ -106.234803674604407, 31.791563735213806 ], [ -106.235492742233518, 31.790923538600712 ], [ -106.235349811652156, 31.790812103900564 ], [ -106.235224434636621, 31.790710896623953 ], [ -106.23510319811318, 31.790606074913249 ], [ -106.234986241891704, 31.790497761587698 ], [ -106.234873706172067, 31.790386085770901 ], [ -106.234736074590046, 31.790514958459145 ], [ -106.234565796842773, 31.790674400876444 ], [ -106.234465825670455, 31.790768010789563 ], [ -106.234367798722914, 31.790859798408388 ], [ -106.234269784565683, 31.790951573620671 ], [ -106.234169803768069, 31.791045190931399 ], [ -106.234150536354733, 31.791063230711444 ], [ -106.234114572690999, 31.791096905100829 ], [ -106.233966623329422, 31.791235426986532 ], [ -106.233940304183676, 31.791260069666706 ], [ -106.233875857867645, 31.791320412970048 ], [ -106.233851546242704, 31.79134317727716 ], [ -106.233746156569651, 31.791441855939006 ], [ -106.233888402662615, 31.791553420907562 ], [ -106.234256956093745, 31.791208332495945 ], [ -106.235068518839356, 31.791843442603462 ], [ -106.234721301735206, 31.792168554448729 ], [ -106.234699789940848, 31.792188696544645 ], [ -106.234699154421705, 31.792189291637072 ] ] ] } },
{ "type": "Feature", "properties": { "pidn": "X57999923901526", "district": 5, "zonelabel": "C-1", "state_cd_clean": "XV-R", "use_desc": "RESIDENTIAL, public, religous, charitable, misc", "targetlotarea": 499, "existing_units": 0, "footprint_sqft": 0.0, "interior_sqft": 0.0, "coverage_pct": 0.0, "in_corridor": true, "in_historic": false, "context_type": "Suburban" }, "geometry": { "type": "Polygon", "coordinates": [ [ [ -106.247912989715161, 31.796188405365189 ], [ -106.247910703008628, 31.796189585851856 ], [ -106.24786399473615, 31.796213871152204 ], [ -106.247849903434854, 31.796228439948255 ], [ -106.247838752204473, 31.796244761782351 ], [ -106.247830833572777, 31.796262406105768 ], [ -106.247826353577182, 31.796280911981508 ], [ -106.247825431989156, 31.796299791686206 ], [ -106.24782809200515, 31.796318551951128 ], [ -106.247834263690564, 31.796336698321564 ], [ -106.247912989715161, 31.796188405365189 ] ] ] } },
{ "type": "Feature", "properties": { "pidn": "X57999923901526", "district": 5, "zonelabel": "C-1", "state_cd_clean": "XV-R", "use_desc": "RESIDENTIAL, public, religous, charitable, misc", "targetlotarea": 499, "existing_units": 0, "footprint_sqft": 0.0, "interior_sqft": 0.0, "coverage_pct": 0.0, "in_corridor": true, "in_historic": false, "context_type": "Suburban" }, "geometry": { "type": "Polygon", "coordinates": [ [ [ -106.247912989715161, 31.796188405365189 ], [ -106.247910703008628, 31.796189585851856 ], [ -106.24786399473615, 31.796213871152204 ], [ -106.247849903434854, 31.796228439948255 ], [ -106.247838752204473, 31.796244761782351 ], [ -106.247830833572777, 31.796262406105768 ], [ -106.247826353577182, 31.796280911981508 ], [ -106.247825431989156, 31.796299791686206 ], [ -106.24782809200515, 31.796318551951128 ], [ -106.247834263690564, 31.796336698321564 ], [ -106.247912989715161, 31.796188405365189 ] ] ] } },
{ "type": "Feature", "properties": { "pidn": "X57999923901526", "district": 5, "zonelabel": "C-1", "state_cd_clean": "XV-R", "use_desc": "RESIDENTIAL, public, religous, charitable, misc", "targetlotarea": 499, "existing_units": 0, "footprint_sqft": 0.0, "interior_sqft": 0.0, "coverage_pct": 0.0, "in_corridor": true, "in_historic": false, "context_type": "Suburban" }, "geometry": { "type": "Polygon", "coordinates": [ [ [ -106.247912989715161, 31.796188405365189 ], [ -106.247910703008628, 31.796189585851856 ], [ -106.24786399473615, 31.796213871152204 ], [ -106.247849903434854, 31.796228439948255 ], [ -106.247838752204473, 31.796244761782351 ], [ -106.247830833572777, 31.796262406105768 ], [ -106.247826353577182, 31.796280911981508 ], [ -106.247825431989156, 31.796299791686206 ], [ -106.24782809200515, 31.796318551951128 ], [ -106.247834263690564, 31.796336698321564 ], [ -106.247912989715161, 31.796188405365189 ] ] ] } },
{ "type": "Feature", "properties": { "pidn": "X57999923901526", "district": 5, "zonelabel": "C-1", "state_cd_clean": "XV-R", "use_desc": "RESIDENTIAL, public, religous, charitable, misc", "targetlotarea": 499, "existing_units": 0, "footprint_sqft": 0.0, "interior_sqft": 0.0, "coverage_pct": 0.0, "in_corridor": true, "in_historic": false, "context_type": "Suburban" }, "geometry": { "type": "Polygon", "coordinates": [ [ [ -106.247912989715161, 31.796188405365189 ], [ -106.247910703008628, 31.796189585851856 ], [ -106.24786399473615, 31.796213871152204 ], [ -106.247849903434854, 31.796228439948255 ], [ -106.247838752204473, 31.796244761782351 ], [ -106.247830833572777, 31.796262406105768 ], [ -106.247826353577182, 31.796280911981508 ], [ -106.247825431989156, 31.796299791686206 ], [ -106.24782809200515, 31.796318551951128 ], [ -106.247834263690564, 31.796336698321564 ], [ -106.247912989715161, 31.796188405365189 ] ] ] } },
{ "type": "Feature", "properties": { "pidn": "X57999923901526", "district": 5, "zonelabel": "C-1", "state_cd_clean": "XV-R", "use_desc": "RESIDENTIAL, public, religous, charitable, misc", "targetlotarea": 33751, "existing_units": 0, "footprint_sqft": 0.0, "interior_sqft": 0.0, "coverage_pct": 0.0, "in_corridor": true, "in_historic": false, "context_type": "Suburban" }, "geometry": { "type": "Polygon", "coordinates": [ [ [ -106.248401694378714, 31.795954989908452 ], [ -106.248236778815325, 31.796029693000261 ], [ -106.248073850558825, 31.796107510803775 ], [ -106.247912989715161, 31.796188405365189 ], [ -106.247834263690564, 31.796336698321564 ], [ -106.247863358186748, 31.796375956971602 ], [ -106.247864008383957, 31.796376531623363 ], [ -106.248022891235109, 31.796591223749228 ], [ -106.248041498050299, 31.796616366030214 ], [ -106.24863754316506, 31.796277749289974 ], [ -106.248662800142782, 31.796263400767248 ], [ -106.248663047301093, 31.79626326038191 ], [ -106.248663384828461, 31.796263059893555 ], [ -106.248665508101624, 31.796261513823328 ], [ -106.248667294287884, 31.796259683231984 ], [ -106.248668692751735, 31.796257620997395 ], [ -106.248669661742596, 31.796255386818967 ], [ -106.248670174553183, 31.796253044227846 ], [ -106.248670216412378, 31.796250661631454 ], [ -106.248669785258897, 31.796248307762646 ], [ -106.248669560913044, 31.796248050629714 ], [ -106.248658361660603, 31.796232395217423 ], [ -106.24864918715285, 31.796219568537829 ], [ -106.248648978219563, 31.796219287222495 ], [ -106.248648871946671, 31.7962191430343 ], [ -106.248498206300638, 31.796015556159379 ], [ -106.248468712347432, 31.795992373737374 ], [ -106.248436410429008, 31.795972103349989 ], [ -106.248401694378714, 31.795954989908452 ] ] ] } },
{ "type": "Feature", "properties": { "pidn": "X57999923901526", "district": 5, "zonelabel": "C-1", "state_cd_clean": "XV-R", "use_desc": "RESIDENTIAL, public, religous, charitable, misc", "targetlotarea": 33751, "existing_units": 0, "footprint_sqft": 0.0, "interior_sqft": 0.0, "coverage_pct": 0.0, "in_corridor": true, "in_historic": false, "context_type": "Suburban" }, "geometry": { "type": "Polygon", "coordinates": [ [ [ -106.248401694378714, 31.795954989908452 ], [ -106.248236778815325, 31.796029693000261 ], [ -106.248073850558825, 31.796107510803775 ], [ -106.247912989715161, 31.796188405365189 ], [ -106.247834263690564, 31.796336698321564 ], [ -106.247863358186748, 31.796375956971602 ], [ -106.247864008383957, 31.796376531623363 ], [ -106.248022891235109, 31.796591223749228 ], [ -106.248041498050299, 31.796616366030214 ], [ -106.24863754316506, 31.796277749289974 ], [ -106.248662800142782, 31.796263400767248 ], [ -106.248663047301093, 31.79626326038191 ], [ -106.248663384828461, 31.796263059893555 ], [ -106.248665508101624, 31.796261513823328 ], [ -106.248667294287884, 31.796259683231984 ], [ -106.248668692751735, 31.796257620997395 ], [ -106.248669661742596, 31.796255386818967 ], [ -106.248670174553183, 31.796253044227846 ], [ -106.248670216412378, 31.796250661631454 ], [ -106.248669785258897, 31.796248307762646 ], [ -106.248669560913044, 31.796248050629714 ], [ -106.248658361660603, 31.796232395217423 ], [ -106.24864918715285, 31.796219568537829 ], [ -106.248648978219563, 31.796219287222495 ], [ -106.248648871946671, 31.7962191430343 ], [ -106.248498206300638, 31.796015556159379 ], [ -106.248468712347432, 31.795992373737374 ], [ -106.248436410429008, 31.795972103349989 ], [ -106.248401694378714, 31.795954989908452 ] ] ] } },
{ "type": "Feature", "properties": { "pidn": "X57999923901526", "district": 5, "zonelabel": "C-1", "state_cd_clean": "XV-R", "use_desc": "RESIDENTIAL, public, religous, charitable, misc", "targetlotarea": 33751, "existing_units": 0, "footprint_sqft": 0.0, "interior_sqft": 0.0, "coverage_pct": 0.0, "in_corridor": true, "in_historic": false, "context_type": "Suburban" }, "geometry": { "type": "Polygon", "coordinates": [ [ [ -106.248401694378714, 31.795954989908452 ], [ -106.248236778815325, 31.796029693000261 ], [ -106.248073850558825, 31.796107510803775 ], [ -106.247912989715161, 31.796188405365189 ], [ -106.247834263690564, 31.796336698321564 ], [ -106.247863358186748, 31.796375956971602 ], [ -106.247864008383957, 31.796376531623363 ], [ -106.248022891235109, 31.796591223749228 ], [ -106.248041498050299, 31.796616366030214 ], [ -106.24863754316506, 31.796277749289974 ], [ -106.248662800142782, 31.796263400767248 ], [ -106.248663047301093, 31.79626326038191 ], [ -106.248663384828461, 31.796263059893555 ], [ -106.248665508101624, 31.796261513823328 ], [ -106.248667294287884, 31.796259683231984 ], [ -106.248668692751735, 31.796257620997395 ], [ -106.248669661742596, 31.796255386818967 ], [ -106.248670174553183, 31.796253044227846 ], [ -106.248670216412378, 31.796250661631454 ], [ -106.248669785258897, 31.796248307762646 ], [ -106.248669560913044, 31.796248050629714 ], [ -106.248658361660603, 31.796232395217423 ], [ -106.24864918715285, 31.796219568537829 ], [ -106.248648978219563, 31.796219287222495 ], [ -106.248648871946671, 31.7962191430343 ], [ -106.248498206300638, 31.796015556159379 ], [ -106.248468712347432, 31.795992373737374 ], [ -106.248436410429008, 31.795972103349989 ], [ -106.248401694378714, 31.795954989908452 ] ] ] } },
{ "type": "Feature", "properties": { "pidn": "X57999923901526", "district": 5, "zonelabel": "C-1", "state_cd_clean": "XV-R", "use_desc": "RESIDENTIAL, public, religous, charitable, misc", "targetlotarea": 33751, "existing_units": 0, "footprint_sqft": 0.0, "interior_sqft": 0.0, "coverage_pct": 0.0, "in_corridor": true, "in_historic": false, "context_type": "Suburban" }, "geometry": { "type": "Polygon", "coordinates": [ [ [ -106.248401694378714, 31.795954989908452 ], [ -106.248236778815325, 31.796029693000261 ], [ -106.248073850558825, 31.796107510803775 ], [ -106.247912989715161, 31.796188405365189 ], [ -106.247834263690564, 31.796336698321564 ], [ -106.247863358186748, 31.796375956971602 ], [ -106.247864008383957, 31.796376531623363 ], [ -106.248022891235109, 31.796591223749228 ], [ -106.248041498050299, 31.796616366030214 ], [ -106.24863754316506, 31.796277749289974 ], [ -106.248662800142782, 31.796263400767248 ], [ -106.248663047301093, 31.79626326038191 ], [ -106.248663384828461, 31.796263059893555 ], [ -106.248665508101624, 31.796261513823328 ], [ -106.248667294287884, 31.796259683231984 ], [ -106.248668692751735, 31.796257620997395 ], [ -106.248669661742596, 31.796255386818967 ], [ -106.248670174553183, 31.796253044227846 ], [ -106.248670216412378, 31.796250661631454 ], [ -106.248669785258897, 31.796248307762646 ], [ -106.248669560913044, 31.796248050629714 ], [ -106.248658361660603, 31.796232395217423 ], [ -106.24864918715285, 31.796219568537829 ], [ -106.248648978219563, 31.796219287222495 ], [ -106.248648871946671, 31.7962191430343 ], [ -106.248498206300638, 31.796015556159379 ], [ -106.248468712347432, 31.795992373737374 ], [ -106.248436410429008, 31.795972103349989 ], [ -106.248401694378714, 31.795954989908452 ] ] ] } },
{ "type": "Feature", "properties": { "pidn": "T28799910300200", "district": 5, "zonelabel": "C-1", "state_cd_clean": "XV-C", "use_desc": "COMMERCIAL public, religous, charitable, misc", "targetlotarea": 50807, "existing_units": 0, "footprint_sqft": 10477.2998, "interior_sqft": 146682.1972, "coverage_pct": 0.20621764323813649, "in_corridor": true, "in_historic": false, "context_type": "Suburban" }, "geometry": { "type": "Polygon", "coordinates": [ [ [ -106.248077073242698, 31.796664437389246 ], [ -106.248295289315124, 31.796959300433432 ], [ -106.248399087603488, 31.797092382415247 ], [ -106.248508089023815, 31.797222393732028 ], [ -106.248981275895289, 31.796774560471786 ], [ -106.249097578838033, 31.796773896433251 ], [ -106.249096433135762, 31.796636507717579 ], [ -106.248918401822507, 31.796395272279582 ], [ -106.248738031853236, 31.796492184253299 ], [ -106.248697941643158, 31.796438150719801 ], [ -106.248505489302502, 31.796546016747236 ], [ -106.248437843304217, 31.796459482461845 ], [ -106.248077073242698, 31.796664437389246 ] ] ] } },
{ "type": "Feature", "properties": { "pidn": "X57999923901526", "district": 5, "zonelabel": "C-1", "state_cd_clean": "XV-R", "use_desc": "RESIDENTIAL, public, religous, charitable, misc", "targetlotarea": 0, "existing_units": 0, "footprint_sqft": 0.0, "interior_sqft": 0.0, "coverage_pct": 0.0, "in_corridor": true, "in_historic": false, "context_type": "Suburban" }, "geometry": { "type": "Polygon", "coordinates": [ [ [ -106.248492458121106, 31.795915495062712 ], [ -106.248469907893195, 31.795925238201669 ], [ -106.248492502725341, 31.795915549030177 ], [ -106.248492458121106, 31.795915495062712 ] ] ] } },
{ "type": "Feature", "properties": { "pidn": "X57999923901526", "district": 5, "zonelabel": "C-1", "state_cd_clean": "XV-R", "use_desc": "RESIDENTIAL, public, religous, charitable, misc", "targetlotarea": 0, "existing_units": 0, "footprint_sqft": 0.0, "interior_sqft": 0.0, "coverage_pct": 0.0, "in_corridor": true, "in_historic": false, "context_type": "Suburban" }, "geometry": { "type": "Polygon", "coordinates": [ [ [ -106.248492458121106, 31.795915495062712 ], [ -106.248469907893195, 31.795925238201669 ], [ -106.248492502725341, 31.795915549030177 ], [ -106.248492458121106, 31.795915495062712 ] ] ] } },
{ "type": "Feature", "properties": { "pidn": "X57999923901526", "district": 5, "zonelabel": "C-1", "state_cd_clean": "XV-R", "use_desc": "RESIDENTIAL, public, religous, charitable, misc", "targetlotarea": 0, "existing_units": 0, "footprint_sqft": 0.0, "interior_sqft": 0.0, "coverage_pct": 0.0, "in_corridor": true, "in_historic": false, "context_type": "Suburban" }, "geometry": { "type": "Polygon", "coordinates": [ [ [ -106.248492458121106, 31.795915495062712 ], [ -106.248469907893195, 31.795925238201669 ], [ -106.248492502725341, 31.795915549030177 ], [ -106.248492458121106, 31.795915495062712 ] ] ] } },
{ "type": "Feature", "properties": { "pidn": "X57999923901526", "district": 5, "zonelabel": "C-1", "state_cd_clean": "XV-R", "use_desc": "RESIDENTIAL, public, religous, charitable, misc", "targetlotarea": 0, "existing_units": 0, "footprint_sqft": 0.0, "interior_sqft": 0.0, "coverage_pct": 0.0, "in_corridor": true, "in_historic": false, "context_type": "Suburban" }, "geometry": { "type": "Polygon", "coordinates": [ [ [ -106.248492458121106, 31.795915495062712 ], [ -106.248469907893195, 31.795925238201669 ], [ -106.248492502725341, 31.795915549030177 ], [ -106.248492458121106, 31.795915495062712 ] ] ] } },
{ "type": "Feature", "properties": { "pidn": "X57999923901526", "district": 5, "zonelabel": "C-1", "state_cd_clean": "XV-R", "use_desc": "RESIDENTIAL, public, religous, charitable, misc", "targetlotarea": 24828, "existing_units": 0, "footprint_sqft": 0.0, "interior_sqft": 0.0, "coverage_pct": 0.0, "in_corridor": true, "in_historic": false, "context_type": "Suburban" }, "geometry": { "type": "Polygon", "coordinates": [ [ [ -106.248718392994888, 31.796220788352983 ], [ -106.248719528585724, 31.796221974040819 ], [ -106.248720875458588, 31.796222986654559 ], [ -106.248722398017961, 31.796223798008512 ], [ -106.248724053679808, 31.796224386556599 ], [ -106.24872580019688, 31.796224736156503 ], [ -106.248727590554694, 31.796224839010794 ], [ -106.248729375798021, 31.796224690119743 ], [ -106.248731109810507, 31.796224296095428 ], [ -106.248732744478787, 31.796223665447116 ], [ -106.248734223322003, 31.796222825127334 ], [ -106.248808104647935, 31.796180851618367 ], [ -106.249223026826783, 31.796145265243094 ], [ -106.249208242869898, 31.796093982952883 ], [ -106.249190680359291, 31.796032799344434 ], [ -106.249204809494685, 31.796021555863426 ], [ -106.249120259266377, 31.795827462494945 ], [ -106.24909706722913, 31.795774224192396 ], [ -106.249042437593843, 31.79579069839205 ], [ -106.24901805025101, 31.79575084034537 ], [ -106.248722670166273, 31.795829772682506 ], [ -106.248657006016259, 31.795847319121638 ], [ -106.248655246145063, 31.795847790185125 ], [ -106.248646777377346, 31.795851225087389 ], [ -106.248569028477888, 31.795882328850304 ], [ -106.248492458121106, 31.795915495062712 ], [ -106.24849250067254, 31.795915550026667 ], [ -106.248705094372298, 31.796202820591049 ], [ -106.248710184287788, 31.796209697874563 ], [ -106.248713133364575, 31.796213682160424 ], [ -106.248718392994888, 31.796220788352983 ] ] ] } },
{ "type": "Feature", "properties": { "pidn": "X57999923901526", "district": 5, "zonelabel": "C-1", "state_cd_clean": "XV-R", "use_desc": "RESIDENTIAL, public, religous, charitable, misc", "targetlotarea": 24828, "existing_units": 0, "footprint_sqft": 0.0, "interior_sqft": 0.0, "coverage_pct": 0.0, "in_corridor": true, "in_historic": false, "context_type": "Suburban" }, "geometry": { "type": "Polygon", "coordinates": [ [ [ -106.248718392994888, 31.796220788352983 ], [ -106.248719528585724, 31.796221974040819 ], [ -106.248720875458588, 31.796222986654559 ], [ -106.248722398017961, 31.796223798008512 ], [ -106.248724053679808, 31.796224386556599 ], [ -106.24872580019688, 31.796224736156503 ], [ -106.248727590554694, 31.796224839010794 ], [ -106.248729375798021, 31.796224690119743 ], [ -106.248731109810507, 31.796224296095428 ], [ -106.248732744478787, 31.796223665447116 ], [ -106.248734223322003, 31.796222825127334 ], [ -106.248808104647935, 31.796180851618367 ], [ -106.249223026826783, 31.796145265243094 ], [ -106.249208242869898, 31.796093982952883 ], [ -106.249190680359291, 31.796032799344434 ], [ -106.249204809494685, 31.796021555863426 ], [ -106.249120259266377, 31.795827462494945 ], [ -106.24909706722913, 31.795774224192396 ], [ -106.249042437593843, 31.79579069839205 ], [ -106.24901805025101, 31.79575084034537 ], [ -106.248722670166273, 31.795829772682506 ], [ -106.248657006016259, 31.795847319121638 ], [ -106.248655246145063, 31.795847790185125 ], [ -106.248646777377346, 31.795851225087389 ], [ -106.248569028477888, 31.795882328850304 ], [ -106.248492458121106, 31.795915495062712 ], [ -106.24849250067254, 31.795915550026667 ], [ -106.248705094372298, 31.796202820591049 ], [ -106.248710184287788, 31.796209697874563 ], [ -106.248713133364575, 31.796213682160424 ], [ -106.248718392994888, 31.796220788352983 ] ] ] } },
{ "type": "Feature", "properties": { "pidn": "X57999923901526", "district": 5, "zonelabel": "C-1", "state_cd_clean": "XV-R", "use_desc": "RESIDENTIAL, public, religous, charitable, misc", "targetlotarea": 24828, "existing_units": 0, "footprint_sqft": 0.0, "interior_sqft": 0.0, "coverage_pct": 0.0, "in_corridor": true, "in_historic": false, "context_type": "Suburban" }, "geometry": { "type": "Polygon", "coordinates": [ [ [ -106.248718392994888, 31.796220788352983 ], [ -106.248719528585724, 31.796221974040819 ], [ -106.248720875458588, 31.796222986654559 ], [ -106.248722398017961, 31.796223798008512 ], [ -106.248724053679808, 31.796224386556599 ], [ -106.24872580019688, 31.796224736156503 ], [ -106.248727590554694, 31.796224839010794 ], [ -106.248729375798021, 31.796224690119743 ], [ -106.248731109810507, 31.796224296095428 ], [ -106.248732744478787, 31.796223665447116 ], [ -106.248734223322003, 31.796222825127334 ], [ -106.248808104647935, 31.796180851618367 ], [ -106.249223026826783, 31.796145265243094 ], [ -106.249208242869898, 31.796093982952883 ], [ -106.249190680359291, 31.796032799344434 ], [ -106.249204809494685, 31.796021555863426 ], [ -106.249120259266377, 31.795827462494945 ], [ -106.24909706722913, 31.795774224192396 ], [ -106.249042437593843, 31.79579069839205 ], [ -106.24901805025101, 31.79575084034537 ], [ -106.248722670166273, 31.795829772682506 ], [ -106.248657006016259, 31.795847319121638 ], [ -106.248655246145063, 31.795847790185125 ], [ -106.248646777377346, 31.795851225087389 ], [ -106.248569028477888, 31.795882328850304 ], [ -106.248492458121106, 31.795915495062712 ], [ -106.24849250067254, 31.795915550026667 ], [ -106.248705094372298, 31.796202820591049 ], [ -106.248710184287788, 31.796209697874563 ], [ -106.248713133364575, 31.796213682160424 ], [ -106.248718392994888, 31.796220788352983 ] ] ] } },
{ "type": "Feature", "properties": { "pidn": "X57999923901526", "district": 5, "zonelabel": "C-1", "state_cd_clean": "XV-R", "use_desc": "RESIDENTIAL, public, religous, charitable, misc", "targetlotarea": 24828, "existing_units": 0, "footprint_sqft": 0.0, "interior_sqft": 0.0, "coverage_pct": 0.0, "in_corridor": true, "in_historic": false, "context_type": "Suburban" }, "geometry": { "type": "Polygon", "coordinates": [ [ [ -106.248718392994888, 31.796220788352983 ], [ -106.248719528585724, 31.796221974040819 ], [ -106.248720875458588, 31.796222986654559 ], [ -106.248722398017961, 31.796223798008512 ], [ -106.248724053679808, 31.796224386556599 ], [ -106.24872580019688, 31.796224736156503 ], [ -106.248727590554694, 31.796224839010794 ], [ -106.248729375798021, 31.796224690119743 ], [ -106.248731109810507, 31.796224296095428 ], [ -106.248732744478787, 31.796223665447116 ], [ -106.248734223322003, 31.796222825127334 ], [ -106.248808104647935, 31.796180851618367 ], [ -106.249223026826783, 31.796145265243094 ], [ -106.249208242869898, 31.796093982952883 ], [ -106.249190680359291, 31.796032799344434 ], [ -106.249204809494685, 31.796021555863426 ], [ -106.249120259266377, 31.795827462494945 ], [ -106.24909706722913, 31.795774224192396 ], [ -106.249042437593843, 31.79579069839205 ], [ -106.24901805025101, 31.79575084034537 ], [ -106.248722670166273, 31.795829772682506 ], [ -106.248657006016259, 31.795847319121638 ], [ -106.248655246145063, 31.795847790185125 ], [ -106.248646777377346, 31.795851225087389 ], [ -106.248569028477888, 31.795882328850304 ], [ -106.248492458121106, 31.795915495062712 ], [ -106.24849250067254, 31.795915550026667 ], [ -106.248705094372298, 31.796202820591049 ], [ -106.248710184287788, 31.796209697874563 ], [ -106.248713133364575, 31.796213682160424 ], [ -106.248718392994888, 31.796220788352983 ] ] ] } }
]
}
