{
"type": "FeatureCollection",
"name": "Ready_Parcels_D1",
"crs": { "type": "name", "properties": { "name": "urn:ogc:def:crs:OGC:1.3:CRS84" } },
"features": [
{ "type": "Feature", "properties": { "district": 1, "zonelabel": "C-4", "state_cd_clean": null, "use_desc": "Unknown", "targetlotarea": 17715, "existing_units": 0, "footprint_sqft": 0.0, "interior_sqft": 0.0, "coverage_pct": 0.0, "in_corridor": false, "in_historic": false, "context_type": "Suburban" }, "geometry": { "type": "Polygon", "coordinates": [ [ [ -106.598345224015773, 31.898872356470118 ], [ -106.59903328701995, 31.898870474022029 ], [ -106.599013910545125, 31.898638325192362 ], [ -106.598953741914457, 31.898642688135919 ], [ -106.598330414106556, 31.898643162048845 ], [ -106.598345224015773, 31.898872356470118 ] ] ] } },
{ "type": "Feature", "properties": { "district": 1, "zonelabel": "R-4", "state_cd_clean": null, "use_desc": "Unknown", "targetlotarea": 258939, "existing_units": 0, "footprint_sqft": 0.0, "interior_sqft": 0.0, "coverage_pct": 0.0, "in_corridor": false, "in_historic": false, "context_type": "Suburban" }, "geometry": { "type": "Polygon", "coordinates": [ [ [ -106.595140837925186, 31.899427019602655 ], [ -106.599079565934005, 31.899424893118812 ], [ -106.59903328701995, 31.898870474022029 ], [ -106.598345224015773, 31.898872356470118 ], [ -106.598330414106556, 31.898643162048845 ], [ -106.597463013378871, 31.898643818036238 ], [ -106.597457643939876, 31.898688006452883 ], [ -106.597409903400845, 31.898766736417233 ], [ -106.597339935537065, 31.898814924667107 ], [ -106.597065842094736, 31.898872811440839 ], [ -106.595908007721732, 31.898936134823639 ], [ -106.595580125720929, 31.898941628317139 ], [ -106.595324812716484, 31.898955542751342 ], [ -106.595144656122883, 31.898978676397665 ], [ -106.595141516308814, 31.899347284081401 ], [ -106.595140837925186, 31.899427019602655 ] ] ] } },
{ "type": "Feature", "properties": { "district": 1, "zonelabel": "C-3", "state_cd_clean": null, "use_desc": "Unknown", "targetlotarea": 25278, "existing_units": 0, "footprint_sqft": 0.0, "interior_sqft": 0.0, "coverage_pct": 0.0, "in_corridor": false, "in_historic": false, "context_type": "None" }, "geometry": { "type": "Polygon", "coordinates": [ [ [ -106.590097607066468, 31.908959792393144 ], [ -106.590425121514627, 31.908957439240922 ], [ -106.590427088018487, 31.908435770498603 ], [ -106.590419975131582, 31.908436103105604 ], [ -106.589963302214585, 31.90845744514332 ], [ -106.589918963318212, 31.908459518620962 ], [ -106.589883061029852, 31.908461196835347 ], [ -106.589882373807342, 31.908461228937245 ], [ -106.589889608865363, 31.908477570916371 ], [ -106.590097607066468, 31.908959792393144 ] ] ] } },
{ "type": "Feature", "properties": { "district": 1, "zonelabel": "C-3", "state_cd_clean": null, "use_desc": "Unknown", "targetlotarea": 20698, "existing_units": 0, "footprint_sqft": 0.0, "interior_sqft": 0.0, "coverage_pct": 0.0, "in_corridor": false, "in_historic": false, "context_type": "None" }, "geometry": { "type": "Polygon", "coordinates": [ [ [ -106.590611246458792, 31.908956102081287 ], [ -106.590771936939291, 31.908954946716317 ], [ -106.590781332264768, 31.908707643683488 ], [ -106.590767606253635, 31.908630768394723 ], [ -106.590768871171889, 31.908419794617817 ], [ -106.590427088018487, 31.908435770498603 ], [ -106.590425121514627, 31.908957439240922 ], [ -106.590450130392995, 31.908957258721035 ], [ -106.590611246458792, 31.908956102081287 ] ] ] } },
{ "type": "Feature", "properties": { "district": 1, "zonelabel": "C-3", "state_cd_clean": null, "use_desc": "Unknown", "targetlotarea": 9950, "existing_units": 0, "footprint_sqft": 0.0, "interior_sqft": 0.0, "coverage_pct": 0.0, "in_corridor": false, "in_historic": false, "context_type": "None" }, "geometry": { "type": "Polygon", "coordinates": [ [ [ -106.590771936939291, 31.908954946716317 ], [ -106.590933478459718, 31.90895378640387 ], [ -106.590940065974038, 31.908412558638538 ], [ -106.590768871171889, 31.908419794617817 ], [ -106.590767606253635, 31.908630768394723 ], [ -106.590781332264768, 31.908707643683488 ], [ -106.590771936939291, 31.908954946716317 ] ] ] } },
{ "type": "Feature", "properties": { "district": 1, "zonelabel": "C-3", "state_cd_clean": null, "use_desc": "Unknown", "targetlotarea": 19731, "existing_units": 0, "footprint_sqft": 0.0, "interior_sqft": 0.0, "coverage_pct": 0.0, "in_corridor": false, "in_historic": false, "context_type": "Suburban" }, "geometry": { "type": "Polygon", "coordinates": [ [ [ -106.590152603289681, 31.909488047606096 ], [ -106.590324386854249, 31.909486814389993 ], [ -106.590186311553893, 31.909165938219083 ], [ -106.590097607066468, 31.908959792393144 ], [ -106.589889608865363, 31.908477570916371 ], [ -106.589882373807342, 31.908461228937245 ], [ -106.589871529190461, 31.908461735317942 ], [ -106.589827681002006, 31.908463783390665 ], [ -106.589746753639503, 31.908467567049708 ], [ -106.589746374634942, 31.90854329252975 ], [ -106.589746493587796, 31.908544260526568 ], [ -106.590006135604568, 31.909147662078158 ], [ -106.590152603289681, 31.909488047606096 ] ] ] } },
{ "type": "Feature", "properties": { "district": 1, "zonelabel": "C-4", "state_cd_clean": null, "use_desc": "Unknown", "targetlotarea": 48621, "existing_units": 0, "footprint_sqft": 0.0, "interior_sqft": 0.0, "coverage_pct": 0.0, "in_corridor": false, "in_historic": false, "context_type": "Suburban" }, "geometry": { "type": "Polygon", "coordinates": [ [ [ -106.58338046609407, 31.912213861504394 ], [ -106.584133881522902, 31.912216628172516 ], [ -106.584134221005428, 31.911616338754012 ], [ -106.583498065441631, 31.911613588404634 ], [ -106.583381652733692, 31.9119789998676 ], [ -106.58338046609407, 31.912213861504394 ] ] ] } },
{ "type": "Feature", "properties": { "district": 1, "zonelabel": "C-4", "state_cd_clean": null, "use_desc": "Unknown", "targetlotarea": 45230, "existing_units": 0, "footprint_sqft": 0.0, "interior_sqft": 0.0, "coverage_pct": 0.0, "in_corridor": false, "in_historic": false, "context_type": "Suburban" }, "geometry": { "type": "Polygon", "coordinates": [ [ [ -106.583372407272023, 31.913809151833089 ], [ -106.584125834312118, 31.913811918596455 ], [ -106.584128516745778, 31.913280155244976 ], [ -106.583375093928012, 31.913277388496454 ], [ -106.583372407272023, 31.913809151833089 ] ] ] } },
{ "type": "Feature", "properties": { "district": 1, "zonelabel": "C-4", "state_cd_clean": null, "use_desc": "Unknown", "targetlotarea": 45230, "existing_units": 0, "footprint_sqft": 0.0, "interior_sqft": 0.0, "coverage_pct": 0.0, "in_corridor": false, "in_historic": false, "context_type": "Suburban" }, "geometry": { "type": "Polygon", "coordinates": [ [ [ -106.583369720585935, 31.91434091504652 ], [ -106.584123152904027, 31.914343681774113 ], [ -106.584124168450458, 31.914142367079709 ], [ -106.584125834312118, 31.913811918596455 ], [ -106.583372407272023, 31.913809151833089 ], [ -106.583369720585935, 31.91434091504652 ] ] ] } },
{ "type": "Feature", "properties": { "district": 1, "zonelabel": "R-3", "state_cd_clean": null, "use_desc": "Unknown", "targetlotarea": 54147, "existing_units": 0, "footprint_sqft": 0.0, "interior_sqft": 0.0, "coverage_pct": 0.0, "in_corridor": false, "in_historic": false, "context_type": "Suburban" }, "geometry": { "type": "Polygon", "coordinates": [ [ [ -106.585582654386442, 31.917819713460151 ], [ -106.586198900872503, 31.917824231295089 ], [ -106.586199418485975, 31.917659306345332 ], [ -106.585030953866706, 31.917650738052071 ], [ -106.583289998918289, 31.917637953967589 ], [ -106.583291774399839, 31.917802896923359 ], [ -106.584966395350591, 31.917815194221745 ], [ -106.585022012221089, 31.917815601950611 ], [ -106.585582654386442, 31.917819713460151 ] ] ] } },
{ "type": "Feature", "properties": { "district": 1, "zonelabel": "C-3", "state_cd_clean": null, "use_desc": "Unknown", "targetlotarea": 472896, "existing_units": 0, "footprint_sqft": 0.0, "interior_sqft": 0.0, "coverage_pct": 0.0, "in_corridor": false, "in_historic": false, "context_type": "Suburban" }, "geometry": { "type": "Polygon", "coordinates": [ [ [ -106.583302625358257, 31.921629229080466 ], [ -106.585153793170136, 31.921622818101746 ], [ -106.585094641323394, 31.920244483523515 ], [ -106.584759012948567, 31.920348091862333 ], [ -106.584746417018991, 31.919068284790068 ], [ -106.583316173361823, 31.919064991326575 ], [ -106.583302625358257, 31.921629229080466 ] ] ] } },
{ "type": "Feature", "properties": { "district": 1, "zonelabel": "C-3", "state_cd_clean": null, "use_desc": "Unknown", "targetlotarea": 283911, "existing_units": 0, "footprint_sqft": 0.0, "interior_sqft": 0.0, "coverage_pct": 0.0, "in_corridor": false, "in_historic": false, "context_type": "Suburban" }, "geometry": { "type": "Polygon", "coordinates": [ [ [ -106.585061629777201, 31.922958041903009 ], [ -106.58521012922705, 31.922958086473656 ], [ -106.585153793170136, 31.921622818101746 ], [ -106.583302625358257, 31.921629229080466 ], [ -106.583303988309567, 31.922972429733218 ], [ -106.584827168271502, 31.922959962017618 ], [ -106.585061629777201, 31.922958041903009 ] ] ] } },
{ "type": "Feature", "properties": { "district": 1, "zonelabel": "C-3", "state_cd_clean": null, "use_desc": "Unknown", "targetlotarea": 58439, "existing_units": 0, "footprint_sqft": 0.0, "interior_sqft": 0.0, "coverage_pct": 0.0, "in_corridor": false, "in_historic": false, "context_type": "Suburban" }, "geometry": { "type": "Polygon", "coordinates": [ [ [ -106.584821227672009, 31.925576247896032 ], [ -106.584934034194319, 31.925574999476563 ], [ -106.584934910574376, 31.925189017220607 ], [ -106.585012909188251, 31.924643305818467 ], [ -106.58505813894503, 31.924496591705072 ], [ -106.58505857585854, 31.924304179072397 ], [ -106.585059012770202, 31.924111766423401 ], [ -106.585059448624477, 31.923919353808834 ], [ -106.58505988553263, 31.923726941127381 ], [ -106.585060321383352, 31.923534528480332 ], [ -106.585061089676671, 31.923196220842382 ], [ -106.585061629777201, 31.922958041903009 ], [ -106.584827168271502, 31.922959962017618 ], [ -106.584824081188515, 31.924319358474229 ], [ -106.584821227672009, 31.925576247896032 ] ] ] } },
{ "type": "Feature", "properties": { "district": 1, "zonelabel": "C-3", "state_cd_clean": null, "use_desc": "Unknown", "targetlotarea": 10794, "existing_units": 0, "footprint_sqft": 0.0, "interior_sqft": 0.0, "coverage_pct": 0.0, "in_corridor": false, "in_historic": false, "context_type": "Suburban" }, "geometry": { "type": "Polygon", "coordinates": [ [ [ -106.584934034194319, 31.925574999476563 ], [ -106.585055695928517, 31.925573818349488 ], [ -106.58505602402326, 31.92542946285986 ], [ -106.585056830305419, 31.925073829404472 ], [ -106.585057266168477, 31.924881416871141 ], [ -106.585057703085525, 31.924689004270888 ], [ -106.58505813894503, 31.924496591705072 ], [ -106.585012909188251, 31.924643305818467 ], [ -106.584934910574376, 31.925189017220607 ], [ -106.584934034194319, 31.925574999476563 ] ] ] } },
{ "type": "Feature", "properties": { "district": 1, "zonelabel": "C-3", "state_cd_clean": null, "use_desc": "Unknown", "targetlotarea": 256369, "existing_units": 0, "footprint_sqft": 0.0, "interior_sqft": 0.0, "coverage_pct": 0.0, "in_corridor": false, "in_historic": false, "context_type": "Suburban" }, "geometry": { "type": "Polygon", "coordinates": [ [ [ -106.583387740695187, 31.927150945452734 ], [ -106.585060662350415, 31.927160812666845 ], [ -106.585060708019242, 31.927132461190926 ], [ -106.585061028912136, 31.92691799617079 ], [ -106.585061347613362, 31.926703578204314 ], [ -106.585061672891172, 31.926489099384487 ], [ -106.585061991530111, 31.926274680477235 ], [ -106.585062313446187, 31.926060182809991 ], [ -106.585062684870309, 31.925812446881206 ], [ -106.585062734213551, 31.925801763621209 ], [ -106.583482919976547, 31.925801778543438 ], [ -106.583464066407686, 31.92580313183338 ], [ -106.583445743524535, 31.925807152240765 ], [ -106.583428466048886, 31.925813727460607 ], [ -106.583412719551589, 31.92582267252045 ], [ -106.583398947084262, 31.925833735840776 ], [ -106.58338753587033, 31.925846606196238 ], [ -106.583378806285765, 31.92586092227657 ], [ -106.583387740695187, 31.927150945452734 ] ] ] } },
{ "type": "Feature", "properties": { "district": 1, "zonelabel": "C-3", "state_cd_clean": null, "use_desc": "Unknown", "targetlotarea": 227014, "existing_units": 0, "footprint_sqft": 0.0, "interior_sqft": 0.0, "coverage_pct": 0.0, "in_corridor": false, "in_historic": false, "context_type": "Suburban" }, "geometry": { "type": "Polygon", "coordinates": [ [ [ -106.583396093320971, 31.928356872098259 ], [ -106.585058853143238, 31.928366679508091 ], [ -106.58505907989209, 31.928215698331282 ], [ -106.585059418744535, 31.927990250888975 ], [ -106.585059741708704, 31.927775801205836 ], [ -106.5850600636157, 31.927561351553067 ], [ -106.585060385521231, 31.927346901880146 ], [ -106.585060662350415, 31.927160812666845 ], [ -106.583387740695187, 31.927150945452734 ], [ -106.583396093320971, 31.928356872098259 ] ] ] } },
{ "type": "Feature", "properties": { "district": 1, "zonelabel": "C-3", "state_cd_clean": null, "use_desc": "Unknown", "targetlotarea": 131968, "existing_units": 0, "footprint_sqft": 0.0, "interior_sqft": 0.0, "coverage_pct": 0.0, "in_corridor": false, "in_historic": false, "context_type": "Suburban" }, "geometry": { "type": "Polygon", "coordinates": [ [ [ -106.583307354248817, 31.929799428199278 ], [ -106.585016366174486, 31.929809509108104 ], [ -106.585014324193807, 31.929156991622467 ], [ -106.584929154856837, 31.929172407301305 ], [ -106.584843090008192, 31.929183640505805 ], [ -106.584756413116907, 31.929190653247371 ], [ -106.584669406609805, 31.929193423846481 ], [ -106.584566453628412, 31.929193331989147 ], [ -106.584463657503818, 31.929188504940612 ], [ -106.584361314656064, 31.929178956482254 ], [ -106.584259725622559, 31.929164714650739 ], [ -106.583320659209519, 31.928966290343638 ], [ -106.583307354248817, 31.929799428199278 ] ] ] } },
{ "type": "Feature", "properties": { "district": 1, "zonelabel": "I-MU", "state_cd_clean": null, "use_desc": "Unknown", "targetlotarea": 299237, "existing_units": 0, "footprint_sqft": 0.0, "interior_sqft": 0.0, "coverage_pct": 0.0, "in_corridor": false, "in_historic": false, "context_type": "Suburban" }, "geometry": { "type": "Polygon", "coordinates": [ [ [ -106.583299672364845, 31.931471302057158 ], [ -106.584328251163541, 31.931447800379431 ], [ -106.585019869059082, 31.930928917595921 ], [ -106.585019738381789, 31.930887248156431 ], [ -106.585018554849427, 31.930509091974123 ], [ -106.585017060615513, 31.930031499748864 ], [ -106.585016366174486, 31.929809509108104 ], [ -106.583307354248817, 31.929799428199278 ], [ -106.583299672364845, 31.931471302057158 ] ] ] } },
{ "type": "Feature", "properties": { "district": 1, "zonelabel": "C-4", "state_cd_clean": null, "use_desc": "Unknown", "targetlotarea": 5692, "existing_units": 0, "footprint_sqft": 0.0, "interior_sqft": 0.0, "coverage_pct": 0.0, "in_corridor": false, "in_historic": false, "context_type": "Urban" }, "geometry": { "type": "Polygon", "coordinates": [ [ [ -106.546637133699832, 31.809848649822971 ], [ -106.546520134197223, 31.809748402177178 ], [ -106.546209310084038, 31.810014337557533 ], [ -106.546443605371053, 31.810013515685402 ], [ -106.546637133699832, 31.809848649822971 ] ] ] } },
{ "type": "Feature", "properties": { "district": 1, "zonelabel": "C-4", "state_cd_clean": null, "use_desc": "Unknown", "targetlotarea": 431759, "existing_units": 0, "footprint_sqft": 0.0, "interior_sqft": 0.0, "coverage_pct": 0.0, "in_corridor": false, "in_historic": false, "context_type": "Suburban" }, "geometry": { "type": "Polygon", "coordinates": [ [ [ -106.546814417161045, 31.809478780923069 ], [ -106.548292700620408, 31.810187850355192 ], [ -106.548623228280761, 31.80964647720802 ], [ -106.548902068524271, 31.809136382559362 ], [ -106.548905411435499, 31.809130267600199 ], [ -106.548905426183751, 31.8091302343779 ], [ -106.54891203304328, 31.80911815546451 ], [ -106.549837661528372, 31.809193105304708 ], [ -106.550923730862962, 31.80894106878123 ], [ -106.550912874515006, 31.808900119911371 ], [ -106.551052792473584, 31.808867927969541 ], [ -106.551106386467282, 31.808855597391723 ], [ -106.550050713302056, 31.808334402413909 ], [ -106.549770053663664, 31.80820066827247 ], [ -106.549612019167398, 31.808329633155992 ], [ -106.549453985296481, 31.808458597790708 ], [ -106.54852919670536, 31.808017922767441 ], [ -106.546814417161045, 31.809478780923069 ] ] ] } },
{ "type": "Feature", "properties": { "district": 1, "zonelabel": "C-4", "state_cd_clean": null, "use_desc": "Unknown", "targetlotarea": 8998, "existing_units": 0, "footprint_sqft": 0.0, "interior_sqft": 0.0, "coverage_pct": 0.0, "in_corridor": false, "in_historic": false, "context_type": "Urban" }, "geometry": { "type": "Polygon", "coordinates": [ [ [ -106.551669935590652, 31.809153795438707 ], [ -106.553347343124969, 31.809957088470508 ], [ -106.553371382221542, 31.809921327718168 ], [ -106.55173027450688, 31.809135419147701 ], [ -106.551677026194, 31.809112332269699 ], [ -106.551669935590652, 31.809153795438707 ] ] ] } },
{ "type": "Feature", "properties": { "district": 1, "zonelabel": "C-4", "state_cd_clean": null, "use_desc": "Unknown", "targetlotarea": 167812, "existing_units": 0, "footprint_sqft": 0.0, "interior_sqft": 0.0, "coverage_pct": 0.0, "in_corridor": false, "in_historic": false, "context_type": "Urban" }, "geometry": { "type": "Polygon", "coordinates": [ [ [ -106.546814417161045, 31.809478780923069 ], [ -106.54852919670536, 31.808017922767441 ], [ -106.548705003551845, 31.807868143478331 ], [ -106.548221795677094, 31.80779073167777 ], [ -106.548033658063517, 31.807941932899887 ], [ -106.545495186590458, 31.80998196673913 ], [ -106.545617949204811, 31.810115275422419 ], [ -106.545819095767627, 31.810295717066353 ], [ -106.546707768555649, 31.809507003189875 ], [ -106.546750423766994, 31.809533296816809 ], [ -106.546814417161045, 31.809478780923069 ] ] ] } },
{ "type": "Feature", "properties": { "district": 1, "zonelabel": "C-4", "state_cd_clean": null, "use_desc": "Unknown", "targetlotarea": 104604, "existing_units": 0, "footprint_sqft": 0.0, "interior_sqft": 0.0, "coverage_pct": 0.0, "in_corridor": false, "in_historic": false, "context_type": "Suburban" }, "geometry": { "type": "Polygon", "coordinates": [ [ [ -106.549838084309286, 31.810186291820372 ], [ -106.550414129977113, 31.810448607417182 ], [ -106.550893485609876, 31.809698961016029 ], [ -106.551345175873323, 31.808968452204805 ], [ -106.5511931573662, 31.808896606143907 ], [ -106.551118816148517, 31.80886147184982 ], [ -106.551106386467282, 31.808855597391723 ], [ -106.551052792473584, 31.808867927969541 ], [ -106.54971693386419, 31.810131507359451 ], [ -106.549838084309286, 31.810186291820372 ] ] ] } },
{ "type": "Feature", "properties": { "district": 1, "zonelabel": "C-4", "state_cd_clean": null, "use_desc": "Unknown", "targetlotarea": 146484, "existing_units": 0, "footprint_sqft": 0.0, "interior_sqft": 0.0, "coverage_pct": 0.0, "in_corridor": false, "in_historic": false, "context_type": "Urban" }, "geometry": { "type": "Polygon", "coordinates": [ [ [ -106.54839884697661, 31.810546883445156 ], [ -106.548482679400607, 31.81058775973592 ], [ -106.549506836864225, 31.811050763115354 ], [ -106.549513795247549, 31.811031260543583 ], [ -106.549504333133427, 31.811025266758069 ], [ -106.549838084309286, 31.810186291820372 ], [ -106.54971693386419, 31.810131507359451 ], [ -106.549205193141489, 31.809900096665999 ], [ -106.548693451689715, 31.809668683191209 ], [ -106.548623228280761, 31.80964647720802 ], [ -106.548292700620408, 31.810187850355192 ], [ -106.548153104782088, 31.810397932615594 ], [ -106.548383720762502, 31.810540085198298 ], [ -106.54839884697661, 31.810546883445156 ] ] ] } },
{ "type": "Feature", "properties": { "district": 1, "zonelabel": "C-1", "state_cd_clean": null, "use_desc": "Unknown", "targetlotarea": 14821, "existing_units": 0, "footprint_sqft": 0.0, "interior_sqft": 0.0, "coverage_pct": 0.0, "in_corridor": false, "in_historic": false, "context_type": "Urban" }, "geometry": { "type": "Polygon", "coordinates": [ [ [ -106.558094747231706, 31.81033223683486 ], [ -106.558491339768963, 31.810736640477892 ], [ -106.558868834946651, 31.810460164666768 ], [ -106.558094747231706, 31.81033223683486 ] ] ] } },
{ "type": "Feature", "properties": { "district": 1, "zonelabel": "C-4", "state_cd_clean": null, "use_desc": "Unknown", "targetlotarea": 273586, "existing_units": 0, "footprint_sqft": 0.0, "interior_sqft": 0.0, "coverage_pct": 0.0, "in_corridor": false, "in_historic": false, "context_type": "Urban" }, "geometry": { "type": "Polygon", "coordinates": [ [ [ -106.548153104782088, 31.810397932615594 ], [ -106.546762700721771, 31.809540864480901 ], [ -106.546520134197223, 31.809748402177178 ], [ -106.546209310084038, 31.810014337557533 ], [ -106.545912843177447, 31.810267986842696 ], [ -106.54709640470233, 31.811466650410182 ], [ -106.547107303894691, 31.811473333591984 ], [ -106.54711932301862, 31.811478429540184 ], [ -106.547132145427497, 31.811481803430734 ], [ -106.547145438559895, 31.811483368169576 ], [ -106.547158852766856, 31.811483082642468 ], [ -106.547172037365598, 31.811480954561397 ], [ -106.547184647903023, 31.811477038311089 ], [ -106.547196353773089, 31.811471438198691 ], [ -106.548118404620539, 31.810806985220463 ], [ -106.54815712636703, 31.810776256526164 ], [ -106.548189913223851, 31.81074084957039 ], [ -106.548215999450363, 31.810701589485312 ], [ -106.548232723050944, 31.810674391728018 ], [ -106.548254189455164, 31.810649741415872 ], [ -106.54827987934172, 31.81062823692703 ], [ -106.548309169020953, 31.810610401232985 ], [ -106.548341346362974, 31.810596666685463 ], [ -106.548375632410767, 31.81058736585512 ], [ -106.548411192625409, 31.810582725575028 ], [ -106.54844716699391, 31.810582858276643 ], [ -106.548454827975263, 31.810583915952812 ], [ -106.548383720762502, 31.810540085198298 ], [ -106.548153104782088, 31.810397932615594 ] ] ] } },
{ "type": "Feature", "properties": { "district": 1, "zonelabel": "C-1", "state_cd_clean": null, "use_desc": "Unknown", "targetlotarea": 23604, "existing_units": 0, "footprint_sqft": 0.0, "interior_sqft": 0.0, "coverage_pct": 0.0, "in_corridor": false, "in_historic": false, "context_type": "Urban" }, "geometry": { "type": "Polygon", "coordinates": [ [ [ -106.558491339768963, 31.810736640477892 ], [ -106.558730919706306, 31.810980609560641 ], [ -106.559346352550648, 31.81053907749569 ], [ -106.558868834946651, 31.810460164666768 ], [ -106.558491339768963, 31.810736640477892 ] ] ] } },
{ "type": "Feature", "properties": { "district": 1, "zonelabel": "C-1", "state_cd_clean": null, "use_desc": "Unknown", "targetlotarea": 25789, "existing_units": 0, "footprint_sqft": 0.0, "interior_sqft": 0.0, "coverage_pct": 0.0, "in_corridor": false, "in_historic": false, "context_type": "Urban" }, "geometry": { "type": "Polygon", "coordinates": [ [ [ -106.558730919706306, 31.810980609560641 ], [ -106.558914740613147, 31.811167942799759 ], [ -106.55966927484296, 31.810634364922024 ], [ -106.559722030293429, 31.810601160014059 ], [ -106.559346352550648, 31.81053907749569 ], [ -106.558730919706306, 31.810980609560641 ] ] ] } },
{ "type": "Feature", "properties": { "district": 1, "zonelabel": "C-1", "state_cd_clean": null, "use_desc": "Unknown", "targetlotarea": 69215, "existing_units": 0, "footprint_sqft": 0.0, "interior_sqft": 0.0, "coverage_pct": 0.0, "in_corridor": false, "in_historic": false, "context_type": "Urban" }, "geometry": { "type": "Polygon", "coordinates": [ [ [ -106.559203182196512, 31.811485249317077 ], [ -106.559216629842098, 31.811490019306259 ], [ -106.559230839772653, 31.811492735804197 ], [ -106.559245385683909, 31.811493318038547 ], [ -106.559259830585034, 31.811491748074818 ], [ -106.55927374179808, 31.811488073711626 ], [ -106.559286702321074, 31.811482404323961 ], [ -106.559777828152747, 31.811189103741476 ], [ -106.559804762033636, 31.811173019345738 ], [ -106.560017695317853, 31.811020408357376 ], [ -106.560163508826463, 31.810923088097514 ], [ -106.560306761561719, 31.810823034021862 ], [ -106.560447385941842, 31.810720296342733 ], [ -106.559722030293429, 31.810601160014059 ], [ -106.55966927484296, 31.810634364922024 ], [ -106.558914740613147, 31.811167942799759 ], [ -106.559178495342522, 31.811461904558662 ], [ -106.559188105946404, 31.811472005001079 ], [ -106.559199569262816, 31.811480581496543 ], [ -106.559203182196512, 31.811485249317077 ] ] ] } },
{ "type": "Feature", "properties": { "district": 1, "zonelabel": "C-4", "state_cd_clean": null, "use_desc": "Unknown", "targetlotarea": 358908, "existing_units": 0, "footprint_sqft": 0.0, "interior_sqft": 0.0, "coverage_pct": 0.0, "in_corridor": false, "in_historic": false, "context_type": "Urban" }, "geometry": { "type": "Polygon", "coordinates": [ [ [ -106.551943359302371, 31.812045601270604 ], [ -106.55200745669832, 31.81195025433556 ], [ -106.552704872978524, 31.810912816618814 ], [ -106.553347343124969, 31.809957088470508 ], [ -106.551669935590652, 31.809153795438707 ], [ -106.551529492956504, 31.809975049688944 ], [ -106.551335000903791, 31.811303798654702 ], [ -106.551115110823602, 31.811261657701703 ], [ -106.551943359302371, 31.812045601270604 ] ] ] } },
{ "type": "Feature", "properties": { "district": 1, "zonelabel": "C-4", "state_cd_clean": null, "use_desc": "Unknown", "targetlotarea": 40779, "existing_units": 0, "footprint_sqft": 0.0, "interior_sqft": 0.0, "coverage_pct": 0.0, "in_corridor": false, "in_historic": false, "context_type": "Urban" }, "geometry": { "type": "Polygon", "coordinates": [ [ [ -106.551584389718286, 31.812066367406995 ], [ -106.550751013545764, 31.811214725066016 ], [ -106.550656141386327, 31.811872638653075 ], [ -106.550691768826866, 31.81189391311581 ], [ -106.550762461400183, 31.811929961817551 ], [ -106.55083600429063, 31.811961579233248 ], [ -106.550912018666182, 31.811988601899298 ], [ -106.550990110296098, 31.812010889670532 ], [ -106.551069875059682, 31.812028329069829 ], [ -106.551274427719804, 31.812056570851723 ], [ -106.551477567505771, 31.812091466507027 ], [ -106.551505786904428, 31.812091230962725 ], [ -106.551533538796477, 31.812086863590213 ], [ -106.551560002292376, 31.812078493038065 ], [ -106.551584389718286, 31.812066367406995 ] ] ] } },
{ "type": "Feature", "properties": { "district": 1, "zonelabel": "C-4", "state_cd_clean": null, "use_desc": "Unknown", "targetlotarea": 35498, "existing_units": 0, "footprint_sqft": 0.0, "interior_sqft": 0.0, "coverage_pct": 0.0, "in_corridor": false, "in_historic": false, "context_type": "Urban" }, "geometry": { "type": "Polygon", "coordinates": [ [ [ -106.551943359302371, 31.812045601270604 ], [ -106.551115110823602, 31.811261657701703 ], [ -106.550754218589347, 31.811192493195374 ], [ -106.550751013545764, 31.811214725066016 ], [ -106.551584389718286, 31.812066367406995 ], [ -106.551845101122595, 31.812191762040804 ], [ -106.551943359302371, 31.812045601270604 ] ] ] } },
{ "type": "Feature", "properties": { "district": 1, "zonelabel": "C-4", "state_cd_clean": null, "use_desc": "Unknown", "targetlotarea": 197483, "existing_units": 0, "footprint_sqft": 0.0, "interior_sqft": 0.0, "coverage_pct": 0.0, "in_corridor": false, "in_historic": false, "context_type": "Urban" }, "geometry": { "type": "Polygon", "coordinates": [ [ [ -106.547169800511753, 31.811802161348972 ], [ -106.54777422652532, 31.812415625785246 ], [ -106.549420429649359, 31.811241104097579 ], [ -106.54935847465886, 31.811199213186214 ], [ -106.549067783627891, 31.811052214980968 ], [ -106.548774219058572, 31.810909440720831 ], [ -106.548477866182566, 31.810770932382304 ], [ -106.548466121295945, 31.810765678937532 ], [ -106.548453536936449, 31.810762111349252 ], [ -106.548440443966854, 31.81076032311173 ], [ -106.548427185005039, 31.810760361090797 ], [ -106.548414106924255, 31.810762224075589 ], [ -106.548401551363384, 31.810765863232174 ], [ -106.548389847463085, 31.810771184256275 ], [ -106.548269576532348, 31.810896729388755 ], [ -106.54817478391216, 31.810970424620258 ], [ -106.547147689714635, 31.811719070920297 ], [ -106.547142648943833, 31.81172977512378 ], [ -106.54713984335406, 31.811741061797306 ], [ -106.547139354352169, 31.811752591036495 ], [ -106.547141198666907, 31.81176402060548 ], [ -106.547145320030751, 31.811775008140643 ], [ -106.54715159545465, 31.811785226206705 ], [ -106.547159837690771, 31.811794367598726 ], [ -106.547169800511753, 31.811802161348972 ] ] ] } },
{ "type": "Feature", "properties": { "district": 1, "zonelabel": "C-4", "state_cd_clean": null, "use_desc": "Unknown", "targetlotarea": 95710, "existing_units": 0, "footprint_sqft": 0.0, "interior_sqft": 0.0, "coverage_pct": 0.0, "in_corridor": false, "in_historic": false, "context_type": "Urban" }, "geometry": { "type": "Polygon", "coordinates": [ [ [ -106.54777422652532, 31.812415625785246 ], [ -106.548075794742545, 31.812706886759386 ], [ -106.549772366499369, 31.811496424970709 ], [ -106.549480427626847, 31.811281668515001 ], [ -106.549420429649359, 31.811241104097579 ], [ -106.54777422652532, 31.812415625785246 ] ] ] } },
{ "type": "Feature", "properties": { "district": 1, "zonelabel": "C-4", "state_cd_clean": null, "use_desc": "Unknown", "targetlotarea": 453015, "existing_units": 0, "footprint_sqft": 0.0, "interior_sqft": 0.0, "coverage_pct": 0.0, "in_corridor": false, "in_historic": false, "context_type": "Urban" }, "geometry": { "type": "Polygon", "coordinates": [ [ [ -106.55413999035774, 31.811757516989221 ], [ -106.555300338729253, 31.812532620431067 ], [ -106.555601464359626, 31.812065414931268 ], [ -106.556029589047384, 31.81142060262253 ], [ -106.555770820392141, 31.811183583915223 ], [ -106.555560500631941, 31.811038803245779 ], [ -106.555247067862922, 31.810852830972081 ], [ -106.555046603716789, 31.81074052172352 ], [ -106.554503771352458, 31.81047622084094 ], [ -106.553871062941695, 31.810172990446585 ], [ -106.553371382221542, 31.809921327718168 ], [ -106.553347343124969, 31.809957088470508 ], [ -106.552704872978524, 31.810912816618814 ], [ -106.553929476820073, 31.811668607952509 ], [ -106.554120646127032, 31.81178658957948 ], [ -106.55413999035774, 31.811757516989221 ] ] ] } },
{ "type": "Feature", "properties": { "district": 1, "zonelabel": "C-4", "state_cd_clean": null, "use_desc": "Unknown", "targetlotarea": 196552, "existing_units": 0, "footprint_sqft": 0.0, "interior_sqft": 0.0, "coverage_pct": 0.0, "in_corridor": false, "in_historic": false, "context_type": "Urban" }, "geometry": { "type": "Polygon", "coordinates": [ [ [ -106.553131656680719, 31.812538436575252 ], [ -106.553311007874939, 31.812628146254102 ], [ -106.553929476820073, 31.811668607952509 ], [ -106.552704872978524, 31.810912816618814 ], [ -106.55200745669832, 31.81195025433556 ], [ -106.552599858741203, 31.812265850228389 ], [ -106.553131656680719, 31.812538436575252 ] ] ] } },
{ "type": "Feature", "properties": { "district": 1, "zonelabel": "C-4", "state_cd_clean": null, "use_desc": "Unknown", "targetlotarea": 56143, "existing_units": 0, "footprint_sqft": 0.0, "interior_sqft": 0.0, "coverage_pct": 0.0, "in_corridor": false, "in_historic": false, "context_type": "Urban" }, "geometry": { "type": "Polygon", "coordinates": [ [ [ -106.553548011925997, 31.813010790861576 ], [ -106.553594028310314, 31.813032922017719 ], [ -106.553728459996336, 31.812836950396193 ], [ -106.553311007874939, 31.812628146254102 ], [ -106.553131656680719, 31.812538436575252 ], [ -106.552599858741203, 31.812265850228389 ], [ -106.55200745669832, 31.81195025433556 ], [ -106.551943359302371, 31.812045601270604 ], [ -106.551845101122595, 31.812191762040804 ], [ -106.553548011925997, 31.813010790861576 ] ] ] } },
{ "type": "Feature", "properties": { "district": 1, "zonelabel": "C-4", "state_cd_clean": null, "use_desc": "Unknown", "targetlotarea": 14421, "existing_units": 0, "footprint_sqft": 0.0, "interior_sqft": 0.0, "coverage_pct": 0.0, "in_corridor": false, "in_historic": false, "context_type": "Urban" }, "geometry": { "type": "Polygon", "coordinates": [ [ [ -106.549552176487339, 31.812828215874799 ], [ -106.549960118075191, 31.813222558651368 ], [ -106.550104853661182, 31.813113383186117 ], [ -106.550159566599135, 31.813103949778593 ], [ -106.549733126235921, 31.812691723927454 ], [ -106.549552176487339, 31.812828215874799 ] ] ] } },
{ "type": "Feature", "properties": { "district": 1, "zonelabel": "R-4", "state_cd_clean": null, "use_desc": "Unknown", "targetlotarea": 47133, "existing_units": 0, "footprint_sqft": 0.0, "interior_sqft": 0.0, "coverage_pct": 0.0, "in_corridor": false, "in_historic": false, "context_type": "Suburban" }, "geometry": { "type": "Polygon", "coordinates": [ [ [ -106.558131172051105, 31.812577382227207 ], [ -106.558655346959483, 31.813082952434634 ], [ -106.559134503207304, 31.812743622915793 ], [ -106.558994909775961, 31.81259496435252 ], [ -106.558804339068658, 31.812396841967569 ], [ -106.558751658293758, 31.812343185445396 ], [ -106.558664346357858, 31.812255738226991 ], [ -106.558131172051105, 31.812577382227207 ] ] ] } },
{ "type": "Feature", "properties": { "district": 1, "zonelabel": "C-4", "state_cd_clean": null, "use_desc": "Unknown", "targetlotarea": 71477, "existing_units": 0, "footprint_sqft": 0.0, "interior_sqft": 0.0, "coverage_pct": 0.0, "in_corridor": false, "in_historic": false, "context_type": "Urban" }, "geometry": { "type": "Polygon", "coordinates": [ [ [ -106.551650867750041, 31.813175386600641 ], [ -106.552222128886854, 31.813446637497719 ], [ -106.552907487726699, 31.812949790858088 ], [ -106.552040017096232, 31.812537778177472 ], [ -106.552000207153768, 31.812518869979819 ], [ -106.551591148195854, 31.813147030208125 ], [ -106.551650867750041, 31.813175386600641 ] ] ] } },
{ "type": "Feature", "properties": { "district": 1, "zonelabel": "C-4", "state_cd_clean": null, "use_desc": "Unknown", "targetlotarea": 71466, "existing_units": 0, "footprint_sqft": 0.0, "interior_sqft": 0.0, "coverage_pct": 0.0, "in_corridor": false, "in_historic": false, "context_type": "Urban" }, "geometry": { "type": "Polygon", "coordinates": [ [ [ -106.55626273756765, 31.812723430036389 ], [ -106.556748704816769, 31.8132358187429 ], [ -106.556856057141857, 31.813179800620023 ], [ -106.556960022516876, 31.813119303340923 ], [ -106.557060342943117, 31.813054473839845 ], [ -106.557156771973212, 31.812985473855019 ], [ -106.557432082778504, 31.812782043196425 ], [ -106.557016628787025, 31.812357413566069 ], [ -106.556861287092758, 31.812209069747365 ], [ -106.556234373384228, 31.812693523957446 ], [ -106.55626273756765, 31.812723430036389 ] ] ] } },
{ "type": "Feature", "properties": { "district": 1, "zonelabel": "C-4", "state_cd_clean": null, "use_desc": "Unknown", "targetlotarea": 8295, "existing_units": 0, "footprint_sqft": 0.0, "interior_sqft": 0.0, "coverage_pct": 0.0, "in_corridor": false, "in_historic": false, "context_type": "Urban" }, "geometry": { "type": "Polygon", "coordinates": [ [ [ -106.548912085116328, 31.813510230829873 ], [ -106.549206700523214, 31.813790857535775 ], [ -106.54935146208777, 31.813681665515652 ], [ -106.549059268818496, 31.813399211730356 ], [ -106.548944465446453, 31.813485806196461 ], [ -106.548912085116328, 31.813510230829873 ] ] ] } },
{ "type": "Feature", "properties": { "district": 1, "zonelabel": "C-4", "state_cd_clean": null, "use_desc": "Unknown", "targetlotarea": 33857, "existing_units": 0, "footprint_sqft": 0.0, "interior_sqft": 0.0, "coverage_pct": 0.0, "in_corridor": false, "in_historic": false, "context_type": "Urban" }, "geometry": { "type": "Polygon", "coordinates": [ [ [ -106.554659501334328, 31.813545350030878 ], [ -106.554682798051999, 31.813611393052398 ], [ -106.554917374425557, 31.813590637436544 ], [ -106.554766277197757, 31.813356043191551 ], [ -106.553728459996336, 31.812836950396193 ], [ -106.553594028310314, 31.813032922017719 ], [ -106.554659501334328, 31.813545350030878 ] ] ] } },
{ "type": "Feature", "properties": { "district": 1, "zonelabel": "C-4", "state_cd_clean": null, "use_desc": "Unknown", "targetlotarea": 23904, "existing_units": 0, "footprint_sqft": 0.0, "interior_sqft": 0.0, "coverage_pct": 0.0, "in_corridor": false, "in_historic": false, "context_type": "Urban" }, "geometry": { "type": "Polygon", "coordinates": [ [ [ -106.553919763915204, 31.813364264166974 ], [ -106.553955611508783, 31.813437962398019 ], [ -106.553985053490408, 31.813513701099563 ], [ -106.554007932109769, 31.813591075018845 ], [ -106.554024126050834, 31.813669669934388 ], [ -106.554682798051999, 31.813611393052398 ], [ -106.554659501334328, 31.813545350030878 ], [ -106.553594028310314, 31.813032922017719 ], [ -106.553548011925997, 31.813010790861576 ], [ -106.553627075859438, 31.813069704521727 ], [ -106.553701653053253, 31.813132739262507 ], [ -106.553755296232836, 31.813171456681605 ], [ -106.553804355466937, 31.813214378440122 ], [ -106.553848380802663, 31.813261111447112 ], [ -106.553886968607557, 31.813311226976385 ], [ -106.553919763915204, 31.813364264166974 ] ] ] } },
{ "type": "Feature", "properties": { "district": 1, "zonelabel": "C-4", "state_cd_clean": null, "use_desc": "Unknown", "targetlotarea": 86365, "existing_units": 0, "footprint_sqft": 0.0, "interior_sqft": 0.0, "coverage_pct": 0.0, "in_corridor": false, "in_historic": false, "context_type": "Urban" }, "geometry": { "type": "Polygon", "coordinates": [ [ [ -106.552222128886854, 31.813446637497719 ], [ -106.552897903521995, 31.813767508565391 ], [ -106.553718324585887, 31.813696724279851 ], [ -106.55373004517223, 31.813694593259832 ], [ -106.553741213986257, 31.813690887105746 ], [ -106.553751544298166, 31.813685701720953 ], [ -106.553760767675186, 31.81367917007201 ], [ -106.553768647690262, 31.813671461533175 ], [ -106.553774980563773, 31.81366277553283 ], [ -106.553779603186044, 31.813653334847217 ], [ -106.553778001621936, 31.81360221376092 ], [ -106.553769834664507, 31.813551551918785 ], [ -106.553755199643291, 31.813501962508123 ], [ -106.553734274493905, 31.813454045829694 ], [ -106.553707313008545, 31.813408381395536 ], [ -106.553674640263139, 31.8133655227277 ], [ -106.553636651967693, 31.813325987453663 ], [ -106.55359380796186, 31.813290254907578 ], [ -106.553511007259644, 31.813240856083631 ], [ -106.553425060908381, 31.813195543130739 ], [ -106.553336246139907, 31.813154462671687 ], [ -106.552907487726699, 31.812949790858088 ], [ -106.552222128886854, 31.813446637497719 ] ] ] } },
{ "type": "Feature", "properties": { "district": 1, "zonelabel": "C-4", "state_cd_clean": null, "use_desc": "Unknown", "targetlotarea": 10428, "existing_units": 0, "footprint_sqft": 0.0, "interior_sqft": 0.0, "coverage_pct": 0.0, "in_corridor": false, "in_historic": false, "context_type": "Urban" }, "geometry": { "type": "Polygon", "coordinates": [ [ [ -106.552622188582887, 31.813777138965644 ], [ -106.552634981576119, 31.813790191425777 ], [ -106.552694245143897, 31.813785078443907 ], [ -106.552640962525714, 31.813748309799266 ], [ -106.55180217926997, 31.813350036178488 ], [ -106.551729289691394, 31.813312849163296 ], [ -106.55165871317692, 31.813272540068482 ], [ -106.551590634146521, 31.813229211188521 ], [ -106.551457130160486, 31.813138741154393 ], [ -106.551368165345224, 31.813086154334183 ], [ -106.550821907264421, 31.81285119661548 ], [ -106.550802382293469, 31.812844271865576 ], [ -106.550781886080784, 31.812839846807556 ], [ -106.550760853134648, 31.812838014494499 ], [ -106.550730028455746, 31.812840644263691 ], [ -106.55069991693901, 31.812846861179693 ], [ -106.550671090552058, 31.812856547589512 ], [ -106.550625104798598, 31.812876282531953 ], [ -106.550581038755439, 31.812898985132961 ], [ -106.550539152359462, 31.812924521937173 ], [ -106.550526926265874, 31.812906553683963 ], [ -106.550404845168046, 31.812967126151047 ], [ -106.550458215937383, 31.81304555947445 ], [ -106.550580297160963, 31.812984987859735 ], [ -106.550555406083959, 31.812948407517354 ], [ -106.550631118103453, 31.812907856432457 ], [ -106.550676693408079, 31.812886684117089 ], [ -106.550692786903966, 31.812878627629356 ], [ -106.550710127503407, 31.81287274987158 ], [ -106.550728310623427, 31.812869188501548 ], [ -106.550746917478193, 31.812868025852683 ], [ -106.550765513965572, 31.812869288084226 ], [ -106.550783671874967, 31.812872945974327 ], [ -106.55080096789186, 31.812878915871252 ], [ -106.551347226139313, 31.813113874575549 ], [ -106.55143411448492, 31.813165234619252 ], [ -106.5515716168578, 31.813258414039819 ], [ -106.551639826288721, 31.813301569593182 ], [ -106.551710481379658, 31.813341753905011 ], [ -106.551783406205814, 31.813378865178183 ], [ -106.552622188582887, 31.813777138965644 ] ] ] } },
{ "type": "Feature", "properties": { "district": 1, "zonelabel": "C-3", "state_cd_clean": null, "use_desc": "Unknown", "targetlotarea": 28882, "existing_units": 0, "footprint_sqft": 0.0, "interior_sqft": 0.0, "coverage_pct": 0.0, "in_corridor": false, "in_historic": false, "context_type": "Urban" }, "geometry": { "type": "Polygon", "coordinates": [ [ [ -106.557198200291708, 31.813337736973622 ], [ -106.557545306576657, 31.813690190637846 ], [ -106.557971386394343, 31.813366733101169 ], [ -106.557880484044617, 31.813276834903206 ], [ -106.557781562377698, 31.813179290075396 ], [ -106.55768077595603, 31.813083147733 ], [ -106.557663278636952, 31.813075084623136 ], [ -106.557644496643789, 31.813069513674414 ], [ -106.557624914257715, 31.81306657702341 ], [ -106.557605032656426, 31.813066351866169 ], [ -106.557585365164186, 31.813068842555779 ], [ -106.557566417452961, 31.813073985162767 ], [ -106.557548674947768, 31.81308164898039 ], [ -106.557198200291708, 31.813337736973622 ] ] ] } },
{ "type": "Feature", "properties": { "district": 1, "zonelabel": "C-3", "state_cd_clean": null, "use_desc": "Unknown", "targetlotarea": 396, "existing_units": 0, "footprint_sqft": 0.0, "interior_sqft": 0.0, "coverage_pct": 0.0, "in_corridor": false, "in_historic": false, "context_type": "Urban" }, "geometry": { "type": "Polygon", "coordinates": [ [ [ -106.553086526083177, 31.81408442424075 ], [ -106.553087539741043, 31.814090964280659 ], [ -106.553859810117402, 31.814008720017551 ], [ -106.553849631353074, 31.814007633048906 ], [ -106.553821264634578, 31.814010132496655 ], [ -106.553086526083177, 31.81408442424075 ] ] ] } },
{ "type": "Feature", "properties": { "district": 1, "zonelabel": "C-3", "state_cd_clean": null, "use_desc": "Unknown", "targetlotarea": 20532, "existing_units": 0, "footprint_sqft": 0.0, "interior_sqft": 0.0, "coverage_pct": 0.0, "in_corridor": false, "in_historic": false, "context_type": "Urban" }, "geometry": { "type": "Polygon", "coordinates": [ [ [ -106.556880146312722, 31.813521621877491 ], [ -106.557252925942294, 31.813900145524716 ], [ -106.557545306576657, 31.813690190637846 ], [ -106.557198200291708, 31.813337736973622 ], [ -106.557080625734699, 31.813410374964985 ], [ -106.556880146312722, 31.813521621877491 ] ] ] } },
{ "type": "Feature", "properties": { "district": 1, "zonelabel": "C-4", "state_cd_clean": null, "use_desc": "Unknown", "targetlotarea": 29665, "existing_units": 0, "footprint_sqft": 0.0, "interior_sqft": 0.0, "coverage_pct": 0.0, "in_corridor": false, "in_historic": false, "context_type": "Urban" }, "geometry": { "type": "Polygon", "coordinates": [ [ [ -106.55765942654692, 31.813739698693833 ], [ -106.558038069792303, 31.814120208834495 ], [ -106.558402932077698, 31.813851211840472 ], [ -106.558407607119292, 31.813839867967051 ], [ -106.558409944370254, 31.813828008142387 ], [ -106.558409875826925, 31.813815982477994 ], [ -106.558407402383693, 31.813804143209229 ], [ -106.558402596582809, 31.813792838240968 ], [ -106.558049679636127, 31.813444100706416 ], [ -106.55765942654692, 31.813739698693833 ] ] ] } },
{ "type": "Feature", "properties": { "district": 1, "zonelabel": "C-4", "state_cd_clean": null, "use_desc": "Unknown", "targetlotarea": 249752, "existing_units": 0, "footprint_sqft": 0.0, "interior_sqft": 0.0, "coverage_pct": 0.0, "in_corridor": false, "in_historic": false, "context_type": "Urban" }, "geometry": { "type": "Polygon", "coordinates": [ [ [ -106.549206700523214, 31.813790857535775 ], [ -106.549951086738631, 31.814509617203974 ], [ -106.550625992201049, 31.814037541379886 ], [ -106.551187744632628, 31.813939937644665 ], [ -106.551432914600682, 31.813558400515479 ], [ -106.55167471090148, 31.81351638776561 ], [ -106.551923766734745, 31.813631429549346 ], [ -106.551988054908975, 31.813901202411618 ], [ -106.552618966850531, 31.813791573703494 ], [ -106.551553784648789, 31.813285797973911 ], [ -106.550901422492103, 31.81297603381514 ], [ -106.550699771685913, 31.813010804233528 ], [ -106.550448105439898, 31.813054198148311 ], [ -106.550159566599135, 31.813103949778593 ], [ -106.550104853661182, 31.813113383186117 ], [ -106.549960118075191, 31.813222558651368 ], [ -106.54935146208777, 31.813681665515652 ], [ -106.549206700523214, 31.813790857535775 ] ] ] } },
{ "type": "Feature", "properties": { "district": 1, "zonelabel": "C-3", "state_cd_clean": null, "use_desc": "Unknown", "targetlotarea": 36319, "existing_units": 0, "footprint_sqft": 0.0, "interior_sqft": 0.0, "coverage_pct": 0.0, "in_corridor": false, "in_historic": false, "context_type": "Urban" }, "geometry": { "type": "Polygon", "coordinates": [ [ [ -106.554039109860383, 31.814010021401103 ], [ -106.554087059927411, 31.814388308074221 ], [ -106.554998410276923, 31.814303451994206 ], [ -106.554762745010692, 31.813927750691818 ], [ -106.554219291014704, 31.813985799912562 ], [ -106.554039109860383, 31.814010021401103 ] ] ] } },
{ "type": "Feature", "properties": { "district": 1, "zonelabel": "C-3", "state_cd_clean": null, "use_desc": "Unknown", "targetlotarea": 19882, "existing_units": 0, "footprint_sqft": 0.0, "interior_sqft": 0.0, "coverage_pct": 0.0, "in_corridor": false, "in_historic": false, "context_type": "Urban" }, "geometry": { "type": "Polygon", "coordinates": [ [ [ -106.555834078307257, 31.81415065246394 ], [ -106.556037832523145, 31.814363656891167 ], [ -106.556070959443318, 31.814341137669107 ], [ -106.556200593260598, 31.814246631142893 ], [ -106.556374458091867, 31.814122741316275 ], [ -106.556529066428382, 31.814012570594567 ], [ -106.556323349865124, 31.813800425799894 ], [ -106.555834078307257, 31.81415065246394 ] ] ] } },
{ "type": "Feature", "properties": { "district": 1, "zonelabel": "C-3", "state_cd_clean": null, "use_desc": "Unknown", "targetlotarea": 66592, "existing_units": 0, "footprint_sqft": 0.0, "interior_sqft": 0.0, "coverage_pct": 0.0, "in_corridor": false, "in_historic": false, "context_type": "Urban" }, "geometry": { "type": "Polygon", "coordinates": [ [ [ -106.556374458091867, 31.814122741316275 ], [ -106.556757696113223, 31.814502755215962 ], [ -106.557182020052693, 31.814190737018379 ], [ -106.557091308987992, 31.814093691458282 ], [ -106.558011047652059, 31.813405925226903 ], [ -106.557971386394343, 31.813366733101169 ], [ -106.557545306576657, 31.813690190637846 ], [ -106.557252925942294, 31.813900145524716 ], [ -106.556880146312722, 31.813521621877491 ], [ -106.556693638444798, 31.813606986256509 ], [ -106.55650332835944, 31.813685994255746 ], [ -106.556274463055814, 31.813750010332271 ], [ -106.556323349865124, 31.813800425799894 ], [ -106.556529066428382, 31.814012570594567 ], [ -106.556374458091867, 31.814122741316275 ] ] ] } },
{ "type": "Feature", "properties": { "district": 1, "zonelabel": "C-3", "state_cd_clean": null, "use_desc": "Unknown", "targetlotarea": 64240, "existing_units": 0, "footprint_sqft": 0.0, "interior_sqft": 0.0, "coverage_pct": 0.0, "in_corridor": false, "in_historic": false, "context_type": "Urban" }, "geometry": { "type": "Polygon", "coordinates": [ [ [ -106.553087539741043, 31.814090964280659 ], [ -106.55319754415207, 31.814800736272879 ], [ -106.554019821965142, 31.814721188547242 ], [ -106.553982841260122, 31.814647157004256 ], [ -106.553937588710838, 31.81447897595509 ], [ -106.55391823301278, 31.81437049919122 ], [ -106.553875288735711, 31.814029076141182 ], [ -106.553875251102312, 31.814025823439785 ], [ -106.553874599923503, 31.81402261903424 ], [ -106.553873353284303, 31.814019545161358 ], [ -106.553871544032958, 31.814016683352339 ], [ -106.553869218254363, 31.814014107279466 ], [ -106.553866437496794, 31.814011884456178 ], [ -106.553863274318104, 31.814010072836911 ], [ -106.553859810117402, 31.814008720017551 ], [ -106.553087539741043, 31.814090964280659 ] ] ] } },
{ "type": "Feature", "properties": { "district": 1, "zonelabel": "C-4", "state_cd_clean": null, "use_desc": "Unknown", "targetlotarea": 73635, "existing_units": 0, "footprint_sqft": 0.0, "interior_sqft": 0.0, "coverage_pct": 0.0, "in_corridor": false, "in_historic": false, "context_type": "Urban" }, "geometry": { "type": "Polygon", "coordinates": [ [ [ -106.556757696113223, 31.814502755215962 ], [ -106.557082195245982, 31.814823572697005 ], [ -106.558038069792303, 31.814120208834495 ], [ -106.55765942654692, 31.813739698693833 ], [ -106.558049679636127, 31.813444100706416 ], [ -106.558011047652059, 31.813405925226903 ], [ -106.557091308987992, 31.814093691458282 ], [ -106.557182020052693, 31.814190737018379 ], [ -106.556757696113223, 31.814502755215962 ] ] ] } },
{ "type": "Feature", "properties": { "district": 1, "zonelabel": "C-4", "state_cd_clean": null, "use_desc": "Unknown", "targetlotarea": 7674, "existing_units": 0, "footprint_sqft": 0.0, "interior_sqft": 0.0, "coverage_pct": 0.0, "in_corridor": false, "in_historic": false, "context_type": "Suburban" }, "geometry": { "type": "Polygon", "coordinates": [ [ [ -106.559005670285927, 31.814780999133234 ], [ -106.559035411547157, 31.81480754091254 ], [ -106.559274554960382, 31.814608036249005 ], [ -106.559131161777472, 31.814452103030451 ], [ -106.559086572563118, 31.81448666200097 ], [ -106.558878871546014, 31.814667841375798 ], [ -106.559005670285927, 31.814780999133234 ] ] ] } },
{ "type": "Feature", "properties": { "district": 1, "zonelabel": "C-3", "state_cd_clean": null, "use_desc": "Unknown", "targetlotarea": 61373, "existing_units": 0, "footprint_sqft": 0.0, "interior_sqft": 0.0, "coverage_pct": 0.0, "in_corridor": false, "in_historic": false, "context_type": "Urban" }, "geometry": { "type": "Polygon", "coordinates": [ [ [ -106.555552477026566, 31.814555880980812 ], [ -106.55568660634323, 31.814804058890761 ], [ -106.55581525322377, 31.815054344199034 ], [ -106.556070959443318, 31.814341137669107 ], [ -106.556037832523145, 31.814363656891167 ], [ -106.555834078307257, 31.81415065246394 ], [ -106.556323349865124, 31.813800425799894 ], [ -106.556274463055814, 31.813750010332271 ], [ -106.556146912825085, 31.813781817604124 ], [ -106.555928712800522, 31.813823035632307 ], [ -106.555739038064559, 31.813847173287524 ], [ -106.555548675976695, 31.81386697618651 ], [ -106.555357762063977, 31.813882429718412 ], [ -106.555351702237459, 31.813894390670541 ], [ -106.555350771342162, 31.813932366439076 ], [ -106.555365221993881, 31.81404838690516 ], [ -106.555391076116408, 31.814152744637973 ], [ -106.555422808848917, 31.814255911702531 ], [ -106.55546034843664, 31.814357648545016 ], [ -106.555503604142118, 31.814457716518554 ], [ -106.555552477026566, 31.814555880980812 ] ] ] } },
{ "type": "Feature", "properties": { "district": 1, "zonelabel": "R-4", "state_cd_clean": null, "use_desc": "Unknown", "targetlotarea": 6575, "existing_units": 0, "footprint_sqft": 0.0, "interior_sqft": 0.0, "coverage_pct": 0.0, "in_corridor": false, "in_historic": false, "context_type": "Suburban" }, "geometry": { "type": "Polygon", "coordinates": [ [ [ -106.558662107457295, 31.814850152140604 ], [ -106.558815782651621, 31.814986785949756 ], [ -106.559035411547157, 31.81480754091254 ], [ -106.559005670285927, 31.814780999133234 ], [ -106.558878871546014, 31.814667841375798 ], [ -106.558662107457295, 31.814850152140604 ] ] ] } },
{ "type": "Feature", "properties": { "district": 1, "zonelabel": "C-3", "state_cd_clean": null, "use_desc": "Unknown", "targetlotarea": 9350, "existing_units": 0, "footprint_sqft": 0.0, "interior_sqft": 0.0, "coverage_pct": 0.0, "in_corridor": false, "in_historic": false, "context_type": "Urban" }, "geometry": { "type": "Polygon", "coordinates": [ [ [ -106.55581525322377, 31.815054344199034 ], [ -106.555879547420702, 31.815171794104838 ], [ -106.556200593260598, 31.814246631142893 ], [ -106.556070959443318, 31.814341137669107 ], [ -106.55581525322377, 31.815054344199034 ] ] ] } },
{ "type": "Feature", "properties": { "district": 1, "zonelabel": "C-3", "state_cd_clean": null, "use_desc": "Unknown", "targetlotarea": 31329, "existing_units": 0, "footprint_sqft": 0.0, "interior_sqft": 0.0, "coverage_pct": 0.0, "in_corridor": false, "in_historic": false, "context_type": "Urban" }, "geometry": { "type": "Polygon", "coordinates": [ [ [ -106.551311697673398, 31.815048049920961 ], [ -106.551552381545065, 31.815395709707651 ], [ -106.551844872854574, 31.815198622281141 ], [ -106.551841179741942, 31.815181363759169 ], [ -106.551852320706104, 31.81517385542605 ], [ -106.551868610476987, 31.815162478033919 ], [ -106.552061531795104, 31.815027742342522 ], [ -106.552126080856326, 31.81498266104067 ], [ -106.55181518740865, 31.814696415894449 ], [ -106.551311697673398, 31.815048049920961 ] ] ] } },
{ "type": "Feature", "properties": { "district": 1, "zonelabel": "C-4", "state_cd_clean": null, "use_desc": "Unknown", "targetlotarea": 6094, "existing_units": 0, "footprint_sqft": 0.0, "interior_sqft": 0.0, "coverage_pct": 0.0, "in_corridor": false, "in_historic": false, "context_type": "Suburban" }, "geometry": { "type": "Polygon", "coordinates": [ [ [ -106.559205423327938, 31.814876104033956 ], [ -106.559360961680127, 31.815033784792245 ], [ -106.559555575226696, 31.81488093342379 ], [ -106.559402563857802, 31.814726330495105 ], [ -106.559205423327938, 31.814876104033956 ] ] ] } },
{ "type": "Feature", "properties": { "district": 1, "zonelabel": "R-4", "state_cd_clean": null, "use_desc": "Unknown", "targetlotarea": 4986, "existing_units": 0, "footprint_sqft": 0.0, "interior_sqft": 0.0, "coverage_pct": 0.0, "in_corridor": false, "in_historic": false, "context_type": "Suburban" }, "geometry": { "type": "Polygon", "coordinates": [ [ [ -106.558501600958266, 31.814986983229666 ], [ -106.558646934343528, 31.815131022973688 ], [ -106.558815782651621, 31.814986785949756 ], [ -106.558662107457295, 31.814850152140604 ], [ -106.558501600958266, 31.814986983229666 ] ] ] } },
{ "type": "Feature", "properties": { "district": 1, "zonelabel": "C-4", "state_cd_clean": null, "use_desc": "Unknown", "targetlotarea": 4980, "existing_units": 0, "footprint_sqft": 0.0, "interior_sqft": 0.0, "coverage_pct": 0.0, "in_corridor": false, "in_historic": false, "context_type": "Suburban" }, "geometry": { "type": "Polygon", "coordinates": [ [ [ -106.559049051105319, 31.814994902841669 ], [ -106.559198436403236, 31.815157814545934 ], [ -106.559360961680127, 31.815033784792245 ], [ -106.559205423327938, 31.814876104033956 ], [ -106.559049051105319, 31.814994902841669 ] ] ] } },
{ "type": "Feature", "properties": { "district": 1, "zonelabel": "C-3", "state_cd_clean": null, "use_desc": "Unknown", "targetlotarea": 99170, "existing_units": 0, "footprint_sqft": 0.0, "interior_sqft": 0.0, "coverage_pct": 0.0, "in_corridor": false, "in_historic": false, "context_type": "Urban" }, "geometry": { "type": "Polygon", "coordinates": [ [ [ -106.552028571631993, 31.815194138621692 ], [ -106.55234086814599, 31.815520172318053 ], [ -106.552897816598744, 31.815092054604317 ], [ -106.553205980425389, 31.814855170867652 ], [ -106.55319754415207, 31.814800736272879 ], [ -106.553087539741043, 31.814090964280659 ], [ -106.553086526083177, 31.81408442424075 ], [ -106.552714231506442, 31.814122066320547 ], [ -106.552479146282366, 31.814160469596931 ], [ -106.552473237067233, 31.814161434864822 ], [ -106.552467362415143, 31.814162394867637 ], [ -106.552461554721233, 31.814163343540887 ], [ -106.552449830491497, 31.814169309919478 ], [ -106.552439372853513, 31.814176799208912 ], [ -106.552430449452345, 31.814185617964188 ], [ -106.552423292063963, 31.814195541936851 ], [ -106.552418082709607, 31.814206314028251 ], [ -106.552414954540751, 31.814217657796576 ], [ -106.552413990143236, 31.814229283860698 ], [ -106.552415212105558, 31.814240891254126 ], [ -106.55245498470272, 31.814418406175164 ], [ -106.552488490057129, 31.814596861001199 ], [ -106.552487594242805, 31.81465853421356 ], [ -106.552478316837409, 31.814719701078417 ], [ -106.552460785616674, 31.814779535314219 ], [ -106.552435237277308, 31.814837226208144 ], [ -106.552402016272964, 31.814891993124466 ], [ -106.552361572359999, 31.814943096461562 ], [ -106.552314452574549, 31.814989844358511 ], [ -106.552261295614215, 31.815031603803376 ], [ -106.552028571631993, 31.815194138621692 ] ] ] } },
{ "type": "Feature", "properties": { "district": 1, "zonelabel": "R-4", "state_cd_clean": null, "use_desc": "Unknown", "targetlotarea": 5709, "existing_units": 0, "footprint_sqft": 0.0, "interior_sqft": 0.0, "coverage_pct": 0.0, "in_corridor": false, "in_historic": false, "context_type": "Suburban" }, "geometry": { "type": "Polygon", "coordinates": [ [ [ -106.558315441337427, 31.815145678321343 ], [ -106.558456402512817, 31.815293779877262 ], [ -106.558646934343528, 31.815131022973688 ], [ -106.558501600958266, 31.814986983229666 ], [ -106.558315441337427, 31.815145678321343 ] ] ] } },
{ "type": "Feature", "properties": { "district": 1, "zonelabel": "C-4", "state_cd_clean": null, "use_desc": "Unknown", "targetlotarea": 123491, "existing_units": 0, "footprint_sqft": 0.0, "interior_sqft": 0.0, "coverage_pct": 0.0, "in_corridor": false, "in_historic": false, "context_type": "Urban" }, "geometry": { "type": "Polygon", "coordinates": [ [ [ -106.55744253582985, 31.814775735501446 ], [ -106.558043074761187, 31.815373442964358 ], [ -106.558315441337427, 31.815145678321343 ], [ -106.558501600958266, 31.814986983229666 ], [ -106.558662107457295, 31.814850152140604 ], [ -106.558878871546014, 31.814667841375798 ], [ -106.559086572563118, 31.81448666200097 ], [ -106.558943929652202, 31.814336835888643 ], [ -106.55862690965786, 31.814024031143408 ], [ -106.558592960070044, 31.813996302250608 ], [ -106.55858079800673, 31.813991219578725 ], [ -106.558567898729819, 31.81398770232239 ], [ -106.558554537047868, 31.813985827663551 ], [ -106.558540997883497, 31.813985633459509 ], [ -106.558527570359658, 31.813987124848698 ], [ -106.55851454006374, 31.813990269201206 ], [ -106.557763123152853, 31.814540840401015 ], [ -106.55744253582985, 31.814775735501446 ] ] ] } },
{ "type": "Feature", "properties": { "district": 1, "zonelabel": "C-3", "state_cd_clean": null, "use_desc": "Unknown", "targetlotarea": 133210, "existing_units": 0, "footprint_sqft": 0.0, "interior_sqft": 0.0, "coverage_pct": 0.0, "in_corridor": false, "in_historic": false, "context_type": "Urban" }, "geometry": { "type": "Polygon", "coordinates": [ [ [ -106.551206995432935, 31.814365466097637 ], [ -106.551176027455924, 31.814371792667519 ], [ -106.551102141953066, 31.814391317945599 ], [ -106.551029904925471, 31.814414917672977 ], [ -106.550962844767525, 31.814436756138246 ], [ -106.550898545180516, 31.814463981679474 ], [ -106.550837597057978, 31.814496345671159 ], [ -106.550780562624112, 31.814533549371742 ], [ -106.550727968406591, 31.814575249678896 ], [ -106.55068029598192, 31.814621063184596 ], [ -106.550637986252454, 31.814670566873712 ], [ -106.550607271514167, 31.814723899292094 ], [ -106.550583624066817, 31.814779798094648 ], [ -106.550567334489088, 31.81483758007802 ], [ -106.550558599029074, 31.814896543059358 ], [ -106.55055752511214, 31.814955969226201 ], [ -106.550564125544, 31.815015133542325 ], [ -106.550578320508194, 31.815073318105199 ], [ -106.550599936510707, 31.815129812195917 ], [ -106.550628709550409, 31.815183928387025 ], [ -106.550664290803809, 31.815235008594133 ], [ -106.550706247037581, 31.815282430378989 ], [ -106.550863646005894, 31.815517719543376 ], [ -106.551025132538641, 31.815750979598494 ], [ -106.551043600507725, 31.815738535365739 ], [ -106.551552381545065, 31.815395709707651 ], [ -106.551311697673398, 31.815048049920961 ], [ -106.55181518740865, 31.814696415894449 ], [ -106.552126080856326, 31.81498266104067 ], [ -106.552176096391378, 31.814951268699382 ], [ -106.552220952861873, 31.814914630962548 ], [ -106.552259903406551, 31.814873360717225 ], [ -106.552292297109801, 31.814828146657202 ], [ -106.55231759212073, 31.81477974362296 ], [ -106.55233536748031, 31.814728959390369 ], [ -106.552345325458361, 31.814676641912708 ], [ -106.552347301153347, 31.814623664409041 ], [ -106.55233022582027, 31.814537412886949 ], [ -106.552230218315614, 31.814551611266076 ], [ -106.551479591113704, 31.814552656739387 ], [ -106.551426327311361, 31.814334326861239 ], [ -106.551206995432935, 31.814365466097637 ] ] ] } },
{ "type": "Feature", "properties": { "district": 1, "zonelabel": "C-3", "state_cd_clean": null, "use_desc": "Unknown", "targetlotarea": 101511, "existing_units": 0, "footprint_sqft": 0.0, "interior_sqft": 0.0, "coverage_pct": 0.0, "in_corridor": false, "in_historic": false, "context_type": "Urban" }, "geometry": { "type": "Polygon", "coordinates": [ [ [ -106.556064156990459, 31.815521182650055 ], [ -106.55607216582986, 31.815530101635694 ], [ -106.556081780419348, 31.815537777712358 ], [ -106.5560927405255, 31.815544001117143 ], [ -106.556104748499493, 31.815548604523592 ], [ -106.556117478768201, 31.81555146258798 ], [ -106.556162705865773, 31.815540463265361 ], [ -106.556206495753315, 31.815525824702505 ], [ -106.556248446707542, 31.815507679922245 ], [ -106.556327092645503, 31.815449493325588 ], [ -106.556401494417045, 31.815387370813824 ], [ -106.556471382229873, 31.815321537564785 ], [ -106.55653650405246, 31.815252231456416 ], [ -106.55661242423146, 31.815179812919261 ], [ -106.556766356853771, 31.815058527015015 ], [ -106.556922965989756, 31.814939765829248 ], [ -106.557082195245982, 31.814823572697005 ], [ -106.556757696113223, 31.814502755215962 ], [ -106.556374458091867, 31.814122741316275 ], [ -106.556200593260598, 31.814246631142893 ], [ -106.555879547420702, 31.815171794104838 ], [ -106.556064156990459, 31.815521182650055 ] ] ] } },
{ "type": "Feature", "properties": { "district": 1, "zonelabel": "C-4", "state_cd_clean": null, "use_desc": "Unknown", "targetlotarea": 11419, "existing_units": 0, "footprint_sqft": 0.0, "interior_sqft": 0.0, "coverage_pct": 0.0, "in_corridor": false, "in_historic": false, "context_type": "Suburban" }, "geometry": { "type": "Polygon", "coordinates": [ [ [ -106.558679425148512, 31.815288784212949 ], [ -106.558832260612022, 31.815440823825082 ], [ -106.559076057216188, 31.815249846220919 ], [ -106.559198436403236, 31.815157814545934 ], [ -106.559049051105319, 31.814994902841669 ], [ -106.558679425148512, 31.815288784212949 ] ] ] } },
{ "type": "Feature", "properties": { "district": 1, "zonelabel": "C-4", "state_cd_clean": null, "use_desc": "Unknown", "targetlotarea": 19881, "existing_units": 0, "footprint_sqft": 0.0, "interior_sqft": 0.0, "coverage_pct": 0.0, "in_corridor": false, "in_historic": false, "context_type": "Suburban" }, "geometry": { "type": "Polygon", "coordinates": [ [ [ -106.559076057216188, 31.815249846220919 ], [ -106.559284836978563, 31.815458083715185 ], [ -106.559763308621228, 31.815090824475394 ], [ -106.559555575226696, 31.81488093342379 ], [ -106.559360961680127, 31.815033784792245 ], [ -106.559198436403236, 31.815157814545934 ], [ -106.559076057216188, 31.815249846220919 ] ] ] } },
{ "type": "Feature", "properties": { "district": 1, "zonelabel": "C-3", "state_cd_clean": null, "use_desc": "Unknown", "targetlotarea": 42393, "existing_units": 0, "footprint_sqft": 0.0, "interior_sqft": 0.0, "coverage_pct": 0.0, "in_corridor": false, "in_historic": false, "context_type": "Urban" }, "geometry": { "type": "Polygon", "coordinates": [ [ [ -106.555715279478861, 31.815664960161442 ], [ -106.555738891025669, 31.815732639131909 ], [ -106.55585737663111, 31.815649832425002 ], [ -106.555865550838149, 31.815645496981578 ], [ -106.555872807029374, 31.815640099822318 ], [ -106.555878958677553, 31.81563378084099 ], [ -106.555883846159034, 31.81562670303331 ], [ -106.555887344953348, 31.815619048491918 ], [ -106.555889364352836, 31.815611014855008 ], [ -106.555889852262823, 31.815602807850496 ], [ -106.555888795201497, 31.815594641296066 ], [ -106.555886221632264, 31.815586723390599 ], [ -106.555882197922756, 31.815579259617373 ], [ -106.555324875739103, 31.814540805414641 ], [ -106.555099966113801, 31.814078993327517 ], [ -106.555002835410235, 31.813902104778339 ], [ -106.554762745010692, 31.813927750691818 ], [ -106.554998410276923, 31.814303451994206 ], [ -106.555715279478861, 31.815664960161442 ] ] ] } },
{ "type": "Feature", "properties": { "district": 1, "zonelabel": "R-4", "state_cd_clean": null, "use_desc": "Unknown", "targetlotarea": 13546, "existing_units": 0, "footprint_sqft": 0.0, "interior_sqft": 0.0, "coverage_pct": 0.0, "in_corridor": false, "in_historic": false, "context_type": "Suburban" }, "geometry": { "type": "Polygon", "coordinates": [ [ [ -106.557867851294574, 31.815520310634628 ], [ -106.558022156625114, 31.815665745631247 ], [ -106.558032930418179, 31.815656516408467 ], [ -106.558073463752834, 31.815621796868008 ], [ -106.558147261951802, 31.815558583025219 ], [ -106.558162377576721, 31.815545635981625 ], [ -106.558265549423197, 31.815457260898935 ], [ -106.558351959049219, 31.815383244791427 ], [ -106.558456402512817, 31.815293779877262 ], [ -106.558315441337427, 31.815145678321343 ], [ -106.558043074761187, 31.815373442964358 ], [ -106.558001020133531, 31.81540869142205 ], [ -106.557867851294574, 31.815520310634628 ] ] ] } },
{ "type": "Feature", "properties": { "district": 1, "zonelabel": "C-4", "state_cd_clean": null, "use_desc": "Unknown", "targetlotarea": 10058, "existing_units": 0, "footprint_sqft": 0.0, "interior_sqft": 0.0, "coverage_pct": 0.0, "in_corridor": false, "in_historic": false, "context_type": "Suburban" }, "geometry": { "type": "Polygon", "coordinates": [ [ [ -106.558832260612022, 31.815440823825082 ], [ -106.559042429016486, 31.815641916277368 ], [ -106.559284836978563, 31.815458083715185 ], [ -106.559076057216188, 31.815249846220919 ], [ -106.558832260612022, 31.815440823825082 ] ] ] } },
{ "type": "Feature", "properties": { "district": 1, "zonelabel": "C-4", "state_cd_clean": null, "use_desc": "Unknown", "targetlotarea": 14618, "existing_units": 0, "footprint_sqft": 0.0, "interior_sqft": 0.0, "coverage_pct": 0.0, "in_corridor": false, "in_historic": false, "context_type": "Suburban" }, "geometry": { "type": "Polygon", "coordinates": [ [ [ -106.559042429016486, 31.815641916277368 ], [ -106.559151896047823, 31.815747522433149 ], [ -106.559271150330062, 31.815658399739409 ], [ -106.559856751276016, 31.815185236444464 ], [ -106.559763308621228, 31.815090824475394 ], [ -106.559284836978563, 31.815458083715185 ], [ -106.559042429016486, 31.815641916277368 ] ] ] } },
{ "type": "Feature", "properties": { "district": 1, "zonelabel": "C-3", "state_cd_clean": null, "use_desc": "Unknown", "targetlotarea": 51919, "existing_units": 0, "footprint_sqft": 0.0, "interior_sqft": 0.0, "coverage_pct": 0.0, "in_corridor": false, "in_historic": false, "context_type": "Urban" }, "geometry": { "type": "Polygon", "coordinates": [ [ [ -106.551934607863984, 31.815259763072152 ], [ -106.552708782579586, 31.816067986560309 ], [ -106.552736977432801, 31.816048249393294 ], [ -106.552893046227894, 31.815938997294801 ], [ -106.553038805159701, 31.815836962591622 ], [ -106.553037440340375, 31.815829745623432 ], [ -106.553030809097748, 31.815794714718805 ], [ -106.552897816598744, 31.815092054604317 ], [ -106.55234086814599, 31.815520172318053 ], [ -106.552028571631993, 31.815194138621692 ], [ -106.551934607863984, 31.815259763072152 ] ] ] } },
{ "type": "Feature", "properties": { "district": 1, "zonelabel": "R-4", "state_cd_clean": null, "use_desc": "Unknown", "targetlotarea": 95062, "existing_units": 0, "footprint_sqft": 0.0, "interior_sqft": 0.0, "coverage_pct": 0.0, "in_corridor": false, "in_historic": false, "context_type": "Urban" }, "geometry": { "type": "Polygon", "coordinates": [ [ [ -106.556629189997153, 31.815417590735979 ], [ -106.557368872561327, 31.815952028100948 ], [ -106.557487677018955, 31.815851117414354 ], [ -106.557867851294574, 31.815520310634628 ], [ -106.558001020133531, 31.81540869142205 ], [ -106.558043074761187, 31.815373442964358 ], [ -106.55744253582985, 31.814775735501446 ], [ -106.556805261874445, 31.815249118521795 ], [ -106.556629189997153, 31.815417590735979 ] ] ] } },
{ "type": "Feature", "properties": { "district": 1, "zonelabel": "C-4", "state_cd_clean": null, "use_desc": "Unknown", "targetlotarea": 25796, "existing_units": 0, "footprint_sqft": 0.0, "interior_sqft": 0.0, "coverage_pct": 0.0, "in_corridor": false, "in_historic": false, "context_type": "Suburban" }, "geometry": { "type": "Polygon", "coordinates": [ [ [ -106.559271150330062, 31.815658399739409 ], [ -106.559475020456574, 31.815871789274162 ], [ -106.56007603766183, 31.815406798339119 ], [ -106.559856751276016, 31.815185236444464 ], [ -106.559271150330062, 31.815658399739409 ] ] ] } },
{ "type": "Feature", "properties": { "district": 1, "zonelabel": "C-4", "state_cd_clean": null, "use_desc": "Unknown", "targetlotarea": 4798, "existing_units": 0, "footprint_sqft": 0.0, "interior_sqft": 0.0, "coverage_pct": 0.0, "in_corridor": false, "in_historic": false, "context_type": "Suburban" }, "geometry": { "type": "Polygon", "coordinates": [ [ [ -106.559151896047823, 31.815747522433149 ], [ -106.559359789294092, 31.815955320789012 ], [ -106.559475020456574, 31.815871789274162 ], [ -106.559271150330062, 31.815658399739409 ], [ -106.559151896047823, 31.815747522433149 ] ] ] } },
{ "type": "Feature", "properties": { "district": 1, "zonelabel": "C-4", "state_cd_clean": null, "use_desc": "Unknown", "targetlotarea": 20075, "existing_units": 0, "footprint_sqft": 0.0, "interior_sqft": 0.0, "coverage_pct": 0.0, "in_corridor": false, "in_historic": false, "context_type": "Suburban" }, "geometry": { "type": "Polygon", "coordinates": [ [ [ -106.559353788294032, 31.815959805407751 ], [ -106.559456950826174, 31.816058698089162 ], [ -106.559893009361744, 31.815732835204294 ], [ -106.559983759600769, 31.815824524265718 ], [ -106.560274463741465, 31.815607281913572 ], [ -106.560266469442581, 31.815599203422948 ], [ -106.560176588067506, 31.815508391607853 ], [ -106.56007603766183, 31.815406798339119 ], [ -106.559475020456574, 31.815871789274162 ], [ -106.559359789294092, 31.815955320789012 ], [ -106.559353788294032, 31.815959805407751 ] ] ] } },
{ "type": "Feature", "properties": { "district": 1, "zonelabel": "C-2", "state_cd_clean": null, "use_desc": "Unknown", "targetlotarea": 14585, "existing_units": 0, "footprint_sqft": 0.0, "interior_sqft": 0.0, "coverage_pct": 0.0, "in_corridor": false, "in_historic": false, "context_type": "Suburban" }, "geometry": { "type": "Polygon", "coordinates": [ [ [ -106.560039499764102, 31.816113337670082 ], [ -106.560066052220279, 31.816136154035338 ], [ -106.560170157063055, 31.816065091049889 ], [ -106.560164089790845, 31.816058393596265 ], [ -106.560288766966835, 31.815965914956138 ], [ -106.560486666648643, 31.815821686703689 ], [ -106.560304780829256, 31.815637913913474 ], [ -106.559922230790349, 31.815923792698698 ], [ -106.560039499764102, 31.816113337670082 ] ] ] } },
{ "type": "Feature", "properties": { "district": 1, "zonelabel": "C-4", "state_cd_clean": null, "use_desc": "Unknown", "targetlotarea": 12479, "existing_units": 0, "footprint_sqft": 0.0, "interior_sqft": 0.0, "coverage_pct": 0.0, "in_corridor": false, "in_historic": false, "context_type": "Suburban" }, "geometry": { "type": "Polygon", "coordinates": [ [ [ -106.559471614665512, 31.816072755193531 ], [ -106.559581689527235, 31.81617827503047 ], [ -106.559922230790349, 31.815923792698698 ], [ -106.560304780829256, 31.815637913913474 ], [ -106.560274463741465, 31.815607281913572 ], [ -106.559983759600769, 31.815824524265718 ], [ -106.559893009361744, 31.815732835204294 ], [ -106.559456950826174, 31.816058698089162 ], [ -106.559353788294032, 31.815959805407751 ], [ -106.559340440047393, 31.815969780263725 ], [ -106.55944559735002, 31.816070586410945 ], [ -106.559471614665512, 31.816072755193531 ] ] ] } },
{ "type": "Feature", "properties": { "district": 1, "zonelabel": "C-3", "state_cd_clean": null, "use_desc": "Unknown", "targetlotarea": 64254, "existing_units": 0, "footprint_sqft": 0.0, "interior_sqft": 0.0, "coverage_pct": 0.0, "in_corridor": false, "in_historic": false, "context_type": "Urban" }, "geometry": { "type": "Polygon", "coordinates": [ [ [ -106.551845606039038, 31.816515922252098 ], [ -106.551939239224666, 31.816606679401691 ], [ -106.552708782579586, 31.816067986560309 ], [ -106.551934607863984, 31.815259763072152 ], [ -106.551880907493597, 31.815203698468586 ], [ -106.551865654292797, 31.815210861335792 ], [ -106.551489126213568, 31.815473826624356 ], [ -106.55231406879723, 31.816273442791214 ], [ -106.551969838275355, 31.816532375514811 ], [ -106.551905998401395, 31.816470495082957 ], [ -106.551845606039038, 31.816515922252098 ] ] ] } },
{ "type": "Feature", "properties": { "district": 1, "zonelabel": "C-3", "state_cd_clean": null, "use_desc": "Unknown", "targetlotarea": 5225, "existing_units": 0, "footprint_sqft": 0.0, "interior_sqft": 0.0, "coverage_pct": 0.0, "in_corridor": false, "in_historic": false, "context_type": "Urban" }, "geometry": { "type": "Polygon", "coordinates": [ [ [ -106.551939239224666, 31.816606679401691 ], [ -106.551952151828715, 31.816619195990871 ], [ -106.552746617088545, 31.816063057659822 ], [ -106.552902487646861, 31.815953944193197 ], [ -106.553042407510262, 31.815855995841506 ], [ -106.553185597054977, 31.815755758423361 ], [ -106.554068167819807, 31.81513792488046 ], [ -106.554112978787998, 31.815084998981042 ], [ -106.553038805159701, 31.815836962591622 ], [ -106.552893046227894, 31.815938997294801 ], [ -106.552736977432801, 31.816048249393294 ], [ -106.552708782579586, 31.816067986560309 ], [ -106.551939239224666, 31.816606679401691 ] ] ] } },
{ "type": "Feature", "properties": { "district": 1, "zonelabel": "C-3", "state_cd_clean": null, "use_desc": "Unknown", "targetlotarea": 207739, "existing_units": 0, "footprint_sqft": 0.0, "interior_sqft": 0.0, "coverage_pct": 0.0, "in_corridor": false, "in_historic": false, "context_type": "Urban" }, "geometry": { "type": "Polygon", "coordinates": [ [ [ -106.553369941955751, 31.815947761993151 ], [ -106.554097992734228, 31.816706048917556 ], [ -106.55544545231524, 31.815746558721045 ], [ -106.554619179528245, 31.814881184133512 ], [ -106.554535610540029, 31.814810690506981 ], [ -106.554368417899624, 31.814927734366535 ], [ -106.554442662973997, 31.815089049182475 ], [ -106.553369941955751, 31.815947761993151 ] ] ] } },
{ "type": "Feature", "properties": { "district": 1, "zonelabel": "C-2", "state_cd_clean": null, "use_desc": "Unknown", "targetlotarea": 17190, "existing_units": 0, "footprint_sqft": 0.0, "interior_sqft": 0.0, "coverage_pct": 0.0, "in_corridor": false, "in_historic": false, "context_type": "Suburban" }, "geometry": { "type": "Polygon", "coordinates": [ [ [ -106.559276851669637, 31.816418512650788 ], [ -106.559362085703768, 31.81650216399958 ], [ -106.559510466342331, 31.816406233491001 ], [ -106.559609325321176, 31.816342318484384 ], [ -106.559791101971015, 31.81631192142417 ], [ -106.559799987773744, 31.816310435847139 ], [ -106.55980679476815, 31.816312930205559 ], [ -106.560066052220279, 31.816136154035338 ], [ -106.560039499764102, 31.816113337670082 ], [ -106.559922230790349, 31.815923792698698 ], [ -106.559581689527235, 31.81617827503047 ], [ -106.559561104005155, 31.816193659021415 ], [ -106.559467332391804, 31.816263733041698 ], [ -106.559460536735045, 31.816268811196668 ], [ -106.559466658527015, 31.81627467957415 ], [ -106.559465457229393, 31.816275588835758 ], [ -106.559457627100954, 31.816281523107101 ], [ -106.559368172649087, 31.816349311164775 ], [ -106.559276851669637, 31.816418512650788 ] ] ] } },
{ "type": "Feature", "properties": { "district": 1, "zonelabel": "C-2", "state_cd_clean": null, "use_desc": "Unknown", "targetlotarea": 18191, "existing_units": 0, "footprint_sqft": 0.0, "interior_sqft": 0.0, "coverage_pct": 0.0, "in_corridor": false, "in_historic": false, "context_type": "Suburban" }, "geometry": { "type": "Polygon", "coordinates": [ [ [ -106.560375632144968, 31.816348090325253 ], [ -106.560591538544386, 31.816562078396817 ], [ -106.56076734034076, 31.816524036908785 ], [ -106.56101200891284, 31.816352466972258 ], [ -106.561001779216539, 31.816342131616512 ], [ -106.560947526267597, 31.816287316356821 ], [ -106.56085925003093, 31.816198126327272 ], [ -106.560752257229879, 31.816090026591819 ], [ -106.560560252856163, 31.816221586494091 ], [ -106.560375632144968, 31.816348090325253 ] ] ] } },
{ "type": "Feature", "properties": { "district": 1, "zonelabel": "C-2", "state_cd_clean": null, "use_desc": "Unknown", "targetlotarea": 35168, "existing_units": 0, "footprint_sqft": 0.0, "interior_sqft": 0.0, "coverage_pct": 0.0, "in_corridor": false, "in_historic": false, "context_type": "Suburban" }, "geometry": { "type": "Polygon", "coordinates": [ [ [ -106.560366877645237, 31.816541561223559 ], [ -106.560470121781194, 31.816588364487636 ], [ -106.560582899013795, 31.816563947878475 ], [ -106.560591538544386, 31.816562078396817 ], [ -106.560375632144968, 31.816348090325253 ], [ -106.560560252856163, 31.816221586494091 ], [ -106.560752257229879, 31.816090026591819 ], [ -106.560723060444147, 31.816060527986902 ], [ -106.560702073184373, 31.816039323363018 ], [ -106.560690044375235, 31.816027169964901 ], [ -106.560656128680932, 31.815992902024949 ], [ -106.560627658321494, 31.815964139136177 ], [ -106.560486666648643, 31.815821686703689 ], [ -106.560288766966835, 31.815965914956138 ], [ -106.560164089790845, 31.816058393596265 ], [ -106.560170157063055, 31.816065091049889 ], [ -106.560066052220279, 31.816136154035338 ], [ -106.55980679476815, 31.816312930205559 ], [ -106.560097245693782, 31.816419331142399 ], [ -106.56032504969231, 31.816522599344907 ], [ -106.560346678907408, 31.816532404664251 ], [ -106.560366877645237, 31.816541561223559 ] ] ] } },
{ "type": "Feature", "properties": { "district": 1, "zonelabel": "C-4", "state_cd_clean": null, "use_desc": "Unknown", "targetlotarea": 11232, "existing_units": 0, "footprint_sqft": 0.0, "interior_sqft": 0.0, "coverage_pct": 0.0, "in_corridor": false, "in_historic": false, "context_type": "Urban" }, "geometry": { "type": "Polygon", "coordinates": [ [ [ -106.556073685592821, 31.816315367327146 ], [ -106.556102347710635, 31.816801165675631 ], [ -106.556129670853039, 31.816702330792673 ], [ -106.556148859122828, 31.816602109934625 ], [ -106.556159817533484, 31.816500989996975 ], [ -106.556162494926696, 31.816399464810875 ], [ -106.556156877053681, 31.816298026441057 ], [ -106.556142990033536, 31.816197169537023 ], [ -106.556120904157396, 31.81609738482814 ], [ -106.556098639495588, 31.816023085544966 ], [ -106.556069576565761, 31.815950519524616 ], [ -106.556033896237992, 31.81588013788221 ], [ -106.555991820971471, 31.815812380710753 ], [ -106.555989733373906, 31.815810050717673 ], [ -106.555987219961096, 31.815808050908302 ], [ -106.555984350011798, 31.815806437586136 ], [ -106.555981205864057, 31.815805256494372 ], [ -106.555977874243041, 31.815804539617357 ], [ -106.555934451538334, 31.815822037469463 ], [ -106.555893439761633, 31.815843360117501 ], [ -106.555855300216805, 31.815868266914237 ], [ -106.556073685592821, 31.816315367327146 ] ] ] } },
{ "type": "Feature", "properties": { "district": 1, "zonelabel": "R-4", "state_cd_clean": null, "use_desc": "Unknown", "targetlotarea": 89883, "existing_units": 0, "footprint_sqft": 0.0, "interior_sqft": 0.0, "coverage_pct": 0.0, "in_corridor": false, "in_historic": false, "context_type": "Urban" }, "geometry": { "type": "Polygon", "coordinates": [ [ [ -106.55619805008422, 31.815762893971623 ], [ -106.556245185671131, 31.815857999667372 ], [ -106.556284764855377, 31.815955584851675 ], [ -106.556316610867384, 31.816055212668022 ], [ -106.556340580089952, 31.816156435640572 ], [ -106.556356565635852, 31.816258801825963 ], [ -106.556364497112213, 31.816361851211582 ], [ -106.556364336875049, 31.816465123120597 ], [ -106.556356087293878, 31.8165681540581 ], [ -106.556339783724709, 31.816670483466893 ], [ -106.556315500719606, 31.816771651624077 ], [ -106.556283346172847, 31.816871207147038 ], [ -106.556331046162299, 31.816834239626683 ], [ -106.556938527311601, 31.816317557999984 ], [ -106.557297436536274, 31.816012705897183 ], [ -106.557368872561327, 31.815952028100948 ], [ -106.556629189997153, 31.815417590735979 ], [ -106.556554854902032, 31.815490050895939 ], [ -106.556498735514893, 31.815542635936882 ], [ -106.556437069767298, 31.815590478406278 ], [ -106.556370406339525, 31.815633153715471 ], [ -106.556299335067806, 31.815670284085233 ], [ -106.556224487998847, 31.815701538495965 ], [ -106.556216544104274, 31.815706998367002 ], [ -106.556209678830257, 31.815713436395892 ], [ -106.556204054558918, 31.815720699390891 ], [ -106.556199804896309, 31.815728614760886 ], [ -106.556197032799602, 31.815736994218089 ], [ -106.556195803431422, 31.815745637732643 ], [ -106.556196144573249, 31.815754339835966 ], [ -106.55619805008422, 31.815762893971623 ] ] ] } },
{ "type": "Feature", "properties": { "district": 1, "zonelabel": "C-2", "state_cd_clean": null, "use_desc": "Unknown", "targetlotarea": 12435, "existing_units": 0, "footprint_sqft": 0.0, "interior_sqft": 0.0, "coverage_pct": 0.0, "in_corridor": false, "in_historic": false, "context_type": "Suburban" }, "geometry": { "type": "Polygon", "coordinates": [ [ [ -106.560812692477995, 31.816770563383258 ], [ -106.560821589477328, 31.816778564323489 ], [ -106.561172721765175, 31.816514841754767 ], [ -106.56101200891284, 31.816352466972258 ], [ -106.56076734034076, 31.816524036908785 ], [ -106.560591538544386, 31.816562078396817 ], [ -106.560582899013795, 31.816563947878475 ], [ -106.560631179696941, 31.816607357937059 ], [ -106.560812692477995, 31.816770563383258 ] ] ] } },
{ "type": "Feature", "properties": { "district": 1, "zonelabel": "C-4", "state_cd_clean": null, "use_desc": "Unknown", "targetlotarea": 62987, "existing_units": 0, "footprint_sqft": 0.0, "interior_sqft": 0.0, "coverage_pct": 0.0, "in_corridor": false, "in_historic": false, "context_type": "Urban" }, "geometry": { "type": "Polygon", "coordinates": [ [ [ -106.555324672624664, 31.816545744667422 ], [ -106.555977383156886, 31.817210825224436 ], [ -106.556102347710635, 31.816801165675631 ], [ -106.556073685592821, 31.816315367327146 ], [ -106.555855300216805, 31.815868266914237 ], [ -106.555824802116959, 31.815890941265529 ], [ -106.555324672624664, 31.816545744667422 ] ] ] } },
{ "type": "Feature", "properties": { "district": 1, "zonelabel": "C-4", "state_cd_clean": null, "use_desc": "Unknown", "targetlotarea": 14336, "existing_units": 0, "footprint_sqft": 0.0, "interior_sqft": 0.0, "coverage_pct": 0.0, "in_corridor": false, "in_historic": false, "context_type": "Suburban" }, "geometry": { "type": "Polygon", "coordinates": [ [ [ -106.560952264894723, 31.816902596364411 ], [ -106.561097577858789, 31.817049412135624 ], [ -106.561194679647926, 31.816976378324647 ], [ -106.561202386012624, 31.816970589878746 ], [ -106.561423414200206, 31.816804583796106 ], [ -106.561444112710205, 31.816789037832397 ], [ -106.56123630957336, 31.816579086648158 ], [ -106.561075722924457, 31.816699698210648 ], [ -106.560889716004056, 31.816839400913899 ], [ -106.560952264894723, 31.816902596364411 ] ] ] } },
{ "type": "Feature", "properties": { "district": 1, "zonelabel": "C-3", "state_cd_clean": null, "use_desc": "Unknown", "targetlotarea": 220671, "existing_units": 0, "footprint_sqft": 0.0, "interior_sqft": 0.0, "coverage_pct": 0.0, "in_corridor": false, "in_historic": false, "context_type": "Urban" }, "geometry": { "type": "Polygon", "coordinates": [ [ [ -106.551952151828715, 31.816619195990871 ], [ -106.552893059115746, 31.817564022139425 ], [ -106.554097992734228, 31.816706048917556 ], [ -106.553369941955751, 31.815947761993151 ], [ -106.553185597054977, 31.815755758423361 ], [ -106.553042407510262, 31.815855995841506 ], [ -106.552902487646861, 31.815953944193197 ], [ -106.552746617088545, 31.816063057659822 ], [ -106.551952151828715, 31.816619195990871 ] ] ] } },
{ "type": "Feature", "properties": { "district": 1, "zonelabel": "C-4", "state_cd_clean": null, "use_desc": "Unknown", "targetlotarea": 15769, "existing_units": 0, "footprint_sqft": 0.0, "interior_sqft": 0.0, "coverage_pct": 0.0, "in_corridor": false, "in_historic": false, "context_type": "Suburban" }, "geometry": { "type": "Polygon", "coordinates": [ [ [ -106.561752724434271, 31.817100838583254 ], [ -106.561444112710205, 31.816789037832397 ], [ -106.561423414200206, 31.816804583796106 ], [ -106.561202386012624, 31.816970589878746 ], [ -106.561194679647926, 31.816976378324647 ], [ -106.561393967622323, 31.817192725805793 ], [ -106.56140106255458, 31.817200427248842 ], [ -106.561492811082189, 31.81730002815118 ], [ -106.561752724434271, 31.817100838583254 ] ] ] } },
{ "type": "Feature", "properties": { "district": 1, "zonelabel": "C-4", "state_cd_clean": null, "use_desc": "Unknown", "targetlotarea": 130908, "existing_units": 0, "footprint_sqft": 0.0, "interior_sqft": 0.0, "coverage_pct": 0.0, "in_corridor": false, "in_historic": false, "context_type": "Urban" }, "geometry": { "type": "Polygon", "coordinates": [ [ [ -106.555015154331585, 31.816950981665695 ], [ -106.554825551239588, 31.817198504829911 ], [ -106.55470805252169, 31.817348922091046 ], [ -106.554668858720575, 31.817429254106202 ], [ -106.554654909788454, 31.817444162839998 ], [ -106.554652488374956, 31.817448422814195 ], [ -106.554650913579536, 31.817452962076125 ], [ -106.554650227291475, 31.81745766119769 ], [ -106.554650447550316, 31.817462391954844 ], [ -106.554651569313421, 31.817467029033594 ], [ -106.554653561115117, 31.817471447479665 ], [ -106.554656370811955, 31.817475529650252 ], [ -106.554681752591776, 31.817492977954192 ], [ -106.555263032706122, 31.818085275408578 ], [ -106.555277573629439, 31.818091865143838 ], [ -106.555293095058673, 31.818096549062947 ], [ -106.555309255956615, 31.818099224237852 ], [ -106.555325703415321, 31.818099832568254 ], [ -106.55534207476515, 31.818098360681521 ], [ -106.555358012397932, 31.818094840126651 ], [ -106.555438675724886, 31.818044066726866 ], [ -106.555515348656812, 31.817988969486926 ], [ -106.555587713934017, 31.817929775851116 ], [ -106.555655470303265, 31.817866731467888 ], [ -106.555718338667958, 31.817800097185348 ], [ -106.555776057810988, 31.81773014835267 ], [ -106.555841924578161, 31.817618532986629 ], [ -106.555876433438499, 31.817533686905719 ], [ -106.555977383156886, 31.817210825224436 ], [ -106.555324672624664, 31.816545744667422 ], [ -106.555015154331585, 31.816950981665695 ] ] ] } },
{ "type": "Feature", "properties": { "district": 1, "zonelabel": "C-1", "state_cd_clean": null, "use_desc": "Unknown", "targetlotarea": 11749, "existing_units": 0, "footprint_sqft": 0.0, "interior_sqft": 0.0, "coverage_pct": 0.0, "in_corridor": false, "in_historic": false, "context_type": "Suburban" }, "geometry": { "type": "Polygon", "coordinates": [ [ [ -106.560265113457916, 31.817347170055708 ], [ -106.560459336006815, 31.817529070887421 ], [ -106.560491012860524, 31.817505280396478 ], [ -106.560592343312948, 31.81742917594984 ], [ -106.560601340189194, 31.817422418000742 ], [ -106.560715820029102, 31.817336437409541 ], [ -106.560513405148157, 31.817144702032813 ], [ -106.560432759298692, 31.817156376870933 ], [ -106.560351231526596, 31.817162028351476 ], [ -106.560283779364795, 31.817270406213687 ], [ -106.560251168784689, 31.817287850650047 ], [ -106.560223457737806, 31.817308157085048 ], [ -106.560265113457916, 31.817347170055708 ] ] ] } },
{ "type": "Feature", "properties": { "district": 1, "zonelabel": "C-4", "state_cd_clean": null, "use_desc": "Unknown", "targetlotarea": 23560, "existing_units": 0, "footprint_sqft": 0.0, "interior_sqft": 0.0, "coverage_pct": 0.0, "in_corridor": false, "in_historic": false, "context_type": "Suburban" }, "geometry": { "type": "Polygon", "coordinates": [ [ [ -106.560966091400232, 31.81742414547136 ], [ -106.561110852675739, 31.817592747580708 ], [ -106.561117034881661, 31.817588009425609 ], [ -106.561492811082189, 31.81730002815118 ], [ -106.56140106255458, 31.817200427248842 ], [ -106.561393967622323, 31.817192725805793 ], [ -106.561194679647926, 31.816976378324647 ], [ -106.561097577858789, 31.817049412135624 ], [ -106.56103958607855, 31.817093029808316 ], [ -106.560822188578342, 31.817256542711473 ], [ -106.560966091400232, 31.81742414547136 ] ] ] } },
{ "type": "Feature", "properties": { "district": 1, "zonelabel": "C-4", "state_cd_clean": null, "use_desc": "Unknown", "targetlotarea": 17896, "existing_units": 0, "footprint_sqft": 0.0, "interior_sqft": 0.0, "coverage_pct": 0.0, "in_corridor": false, "in_historic": false, "context_type": "Suburban" }, "geometry": { "type": "Polygon", "coordinates": [ [ [ -106.559867852099799, 31.817791000728192 ], [ -106.559975876383731, 31.817892172454798 ], [ -106.560049841586533, 31.817836621153614 ], [ -106.560229122976466, 31.817700068906635 ], [ -106.56023026936721, 31.817701111537204 ], [ -106.560459336006815, 31.817529070887421 ], [ -106.560265113457916, 31.817347170055708 ], [ -106.559781456707682, 31.817710085261311 ], [ -106.559867852099799, 31.817791000728192 ] ] ] } },
{ "type": "Feature", "properties": { "district": 1, "zonelabel": "C-1", "state_cd_clean": null, "use_desc": "Unknown", "targetlotarea": 23049, "existing_units": 0, "footprint_sqft": 0.0, "interior_sqft": 0.0, "coverage_pct": 0.0, "in_corridor": false, "in_historic": false, "context_type": "Suburban" }, "geometry": { "type": "Polygon", "coordinates": [ [ [ -106.560816055287816, 31.817261155667186 ], [ -106.560815995846866, 31.817261200965536 ], [ -106.560806997887497, 31.817267958079924 ], [ -106.560740668427442, 31.817317775413908 ], [ -106.560715820029102, 31.817336437409541 ], [ -106.560601340189194, 31.817422418000742 ], [ -106.560592343312948, 31.81742917594984 ], [ -106.560491012860524, 31.817505280396478 ], [ -106.560459336006815, 31.817529070887421 ], [ -106.560453657947988, 31.817533335055668 ], [ -106.560748281716002, 31.817870605908915 ], [ -106.560773711795335, 31.817851117587104 ], [ -106.561110852675739, 31.817592747580708 ], [ -106.560966091400232, 31.81742414547136 ], [ -106.560822188578342, 31.817256542711473 ], [ -106.560816055287816, 31.817261155667186 ] ] ] } },
{ "type": "Feature", "properties": { "district": 1, "zonelabel": "C-4", "state_cd_clean": null, "use_desc": "Unknown", "targetlotarea": 31954, "existing_units": 0, "footprint_sqft": 0.0, "interior_sqft": 0.0, "coverage_pct": 0.0, "in_corridor": false, "in_historic": false, "context_type": "Urban" }, "geometry": { "type": "Polygon", "coordinates": [ [ [ -106.55368911811, 31.818316318824621 ], [ -106.553940668064854, 31.818583850613091 ], [ -106.553973161119444, 31.818348464395136 ], [ -106.554402275426014, 31.817613630400562 ], [ -106.554374203344977, 31.817586385468839 ], [ -106.554351872385396, 31.817555511339673 ], [ -106.553553665948314, 31.818172260455707 ], [ -106.55368911811, 31.818316318824621 ] ] ] } },
{ "type": "Feature", "properties": { "district": 1, "zonelabel": "C-4", "state_cd_clean": null, "use_desc": "Unknown", "targetlotarea": 9288, "existing_units": 0, "footprint_sqft": 0.0, "interior_sqft": 0.0, "coverage_pct": 0.0, "in_corridor": false, "in_historic": false, "context_type": "Urban" }, "geometry": { "type": "Polygon", "coordinates": [ [ [ -106.553988905347509, 31.818635151556766 ], [ -106.554002508112646, 31.818649618558872 ], [ -106.554035289969676, 31.818385157500266 ], [ -106.554471934364514, 31.817654945803419 ], [ -106.554435132325054, 31.817636713749003 ], [ -106.554402275426014, 31.817613630400562 ], [ -106.553973161119444, 31.818348464395136 ], [ -106.553940668064854, 31.818583850613091 ], [ -106.553988905347509, 31.818635151556766 ] ] ] } },
{ "type": "Feature", "properties": { "district": 1, "zonelabel": "C-1", "state_cd_clean": null, "use_desc": "Unknown", "targetlotarea": 7028, "existing_units": 0, "footprint_sqft": 0.0, "interior_sqft": 0.0, "coverage_pct": 0.0, "in_corridor": false, "in_historic": false, "context_type": "Suburban" }, "geometry": { "type": "Polygon", "coordinates": [ [ [ -106.56071496358561, 31.818109524414108 ], [ -106.561030416592217, 31.818410079733429 ], [ -106.561128869228199, 31.818368839110345 ], [ -106.560857509894745, 31.818001242044016 ], [ -106.56071496358561, 31.818109524414108 ] ] ] } },
{ "type": "Feature", "properties": { "district": 1, "zonelabel": "R-4", "state_cd_clean": null, "use_desc": "Unknown", "targetlotarea": 6362, "existing_units": 0, "footprint_sqft": 0.0, "interior_sqft": 0.0, "coverage_pct": 0.0, "in_corridor": false, "in_historic": false, "context_type": "Suburban" }, "geometry": { "type": "Polygon", "coordinates": [ [ [ -106.560590279739145, 31.818196087124072 ], [ -106.560908720608836, 31.818459562966982 ], [ -106.560925466335277, 31.818452753970071 ], [ -106.561030416592217, 31.818410079733429 ], [ -106.56071496358561, 31.818109524414108 ], [ -106.560590279739145, 31.818196087124072 ] ] ] } },
{ "type": "Feature", "properties": { "district": 1, "zonelabel": "C-4", "state_cd_clean": null, "use_desc": "Unknown", "targetlotarea": 66103, "existing_units": 0, "footprint_sqft": 0.0, "interior_sqft": 0.0, "coverage_pct": 0.0, "in_corridor": false, "in_historic": false, "context_type": "Urban" }, "geometry": { "type": "Polygon", "coordinates": [ [ [ -106.555563698210392, 31.818269950028018 ], [ -106.555698644479222, 31.819067976783856 ], [ -106.556087776263013, 31.818996625725894 ], [ -106.556121230887953, 31.817294926891059 ], [ -106.556090546064254, 31.817387363798538 ], [ -106.55606466178196, 31.817480865550504 ], [ -106.556035462363198, 31.817567435094482 ], [ -106.555998664735498, 31.81765186675787 ], [ -106.555954482477773, 31.817733675199161 ], [ -106.555903167203439, 31.817812390419764 ], [ -106.555845016119747, 31.817887560112432 ], [ -106.555772184325249, 31.817959785166302 ], [ -106.555695679421802, 31.818029186013504 ], [ -106.55561564903968, 31.818095626421158 ], [ -106.55560533378133, 31.818116904846743 ], [ -106.555598974264242, 31.818139285827787 ], [ -106.555596722664589, 31.818162234577112 ], [ -106.55559272713036, 31.818199532116438 ], [ -106.555581618474505, 31.818235765143644 ], [ -106.555563698210392, 31.818269950028018 ] ] ] } },
{ "type": "Feature", "properties": { "district": 1, "zonelabel": "C-4", "state_cd_clean": null, "use_desc": "Unknown", "targetlotarea": 110798, "existing_units": 0, "footprint_sqft": 0.0, "interior_sqft": 0.0, "coverage_pct": 0.0, "in_corridor": false, "in_historic": false, "context_type": "Urban" }, "geometry": { "type": "Polygon", "coordinates": [ [ [ -106.554002508112646, 31.818649618558872 ], [ -106.55455890117031, 31.819241353491172 ], [ -106.554901336086218, 31.81917856748662 ], [ -106.554770803114678, 31.818331245374999 ], [ -106.555007350563969, 31.818176102596826 ], [ -106.555008238058193, 31.818134316259428 ], [ -106.555011514263498, 31.818114246055995 ], [ -106.555011383107384, 31.818093982854474 ], [ -106.555007847673963, 31.818073944723345 ], [ -106.555000981761935, 31.818054547253695 ], [ -106.554990927008078, 31.81803619195389 ], [ -106.554674026340663, 31.817702486881934 ], [ -106.554621515117063, 31.817697778127762 ], [ -106.554569920182374, 31.81768819935801 ], [ -106.554519860466854, 31.817673864608413 ], [ -106.554471934364514, 31.817654945803419 ], [ -106.554035289969676, 31.818385157500266 ], [ -106.554002508112646, 31.818649618558872 ] ] ] } },
{ "type": "Feature", "properties": { "district": 1, "zonelabel": "C-1", "state_cd_clean": null, "use_desc": "Unknown", "targetlotarea": 168628, "existing_units": 0, "footprint_sqft": 0.0, "interior_sqft": 0.0, "coverage_pct": 0.0, "in_corridor": false, "in_historic": false, "context_type": "Suburban" }, "geometry": { "type": "Polygon", "coordinates": [ [ [ -106.561228376847424, 31.818828947836256 ], [ -106.561678813268315, 31.819388352665865 ], [ -106.562863951711691, 31.818685886572393 ], [ -106.562243676591024, 31.81791556597576 ], [ -106.561456165132086, 31.818238721504748 ], [ -106.561128869228199, 31.818368839110345 ], [ -106.561030416592217, 31.818410079733429 ], [ -106.560925466335277, 31.818452753970071 ], [ -106.561228376847424, 31.818828947836256 ] ] ] } },
{ "type": "Feature", "properties": { "district": 1, "zonelabel": "R-4", "state_cd_clean": null, "use_desc": "Unknown", "targetlotarea": 124903, "existing_units": 0, "footprint_sqft": 0.0, "interior_sqft": 0.0, "coverage_pct": 0.0, "in_corridor": false, "in_historic": false, "context_type": "Suburban" }, "geometry": { "type": "Polygon", "coordinates": [ [ [ -106.559364923987587, 31.819370124281516 ], [ -106.55974471927378, 31.819713265079063 ], [ -106.5604594874154, 31.819285282467533 ], [ -106.561228376847424, 31.818828947836256 ], [ -106.560925466335277, 31.818452753970071 ], [ -106.560908720608836, 31.818459562966982 ], [ -106.56076547896555, 31.818513514912855 ], [ -106.560549862143148, 31.818600603280426 ], [ -106.560362469455441, 31.818677588992021 ], [ -106.560216038934271, 31.818740409492012 ], [ -106.560074966823763, 31.818798432676537 ], [ -106.559930725348124, 31.818856652495811 ], [ -106.559788403966735, 31.81891543967534 ], [ -106.559632597413668, 31.818978238344606 ], [ -106.559499436208256, 31.81903287087858 ], [ -106.559344097136432, 31.819097430786783 ], [ -106.55916074586564, 31.819167742128212 ], [ -106.559364923987587, 31.819370124281516 ] ] ] } },
{ "type": "Feature", "properties": { "district": 1, "zonelabel": "R-4", "state_cd_clean": null, "use_desc": "Unknown", "targetlotarea": 132422, "existing_units": 0, "footprint_sqft": 0.0, "interior_sqft": 0.0, "coverage_pct": 0.0, "in_corridor": false, "in_historic": false, "context_type": "Suburban" }, "geometry": { "type": "Polygon", "coordinates": [ [ [ -106.5604594874154, 31.819285282467533 ], [ -106.561031222289259, 31.820039887032827 ], [ -106.561693041246855, 31.819647618524957 ], [ -106.562269151388307, 31.819306144295904 ], [ -106.563009867896511, 31.818867098117952 ], [ -106.562863951711691, 31.818685886572393 ], [ -106.561678813268315, 31.819388352665865 ], [ -106.561228376847424, 31.818828947836256 ], [ -106.5604594874154, 31.819285282467533 ] ] ] } },
{ "type": "Feature", "properties": { "district": 1, "zonelabel": "R-4", "state_cd_clean": null, "use_desc": "Unknown", "targetlotarea": 230526, "existing_units": 0, "footprint_sqft": 0.0, "interior_sqft": 0.0, "coverage_pct": 0.0, "in_corridor": false, "in_historic": false, "context_type": "Urban" }, "geometry": { "type": "Polygon", "coordinates": [ [ [ -106.555156053576241, 31.819876425121684 ], [ -106.555858197924508, 31.820676794852261 ], [ -106.555875578351674, 31.820664296288562 ], [ -106.555900696401437, 31.820646234855523 ], [ -106.556057306372651, 31.82052560475217 ], [ -106.55605965051825, 31.820427189390863 ], [ -106.556087776263013, 31.818996625725894 ], [ -106.555698644479222, 31.819067976783856 ], [ -106.555563698210392, 31.818269950028018 ], [ -106.555541601832473, 31.818305447402452 ], [ -106.555507771876094, 31.818331432435812 ], [ -106.555470852034389, 31.81835414538833 ], [ -106.555431276666468, 31.818373321607247 ], [ -106.555389507103968, 31.818388736701252 ], [ -106.555339219120356, 31.818394837092722 ], [ -106.55528843489418, 31.818394031269538 ], [ -106.555238446381949, 31.818386339664219 ], [ -106.555190527466465, 31.818371958810602 ], [ -106.555145895459574, 31.818351255054193 ], [ -106.55510568818741, 31.81832475390501 ], [ -106.555070927426058, 31.818293130945662 ], [ -106.555042498442972, 31.818257190226941 ], [ -106.555021125615383, 31.818217847367414 ], [ -106.555007350563969, 31.818176102596826 ], [ -106.554770803114678, 31.818331245374999 ], [ -106.554901336086218, 31.81917856748662 ], [ -106.55455890117031, 31.819241353491172 ], [ -106.555156053576241, 31.819876425121684 ] ] ] } },
{ "type": "Feature", "properties": { "district": 1, "zonelabel": "C-4", "state_cd_clean": null, "use_desc": "Unknown", "targetlotarea": 34151, "existing_units": 0, "footprint_sqft": 0.0, "interior_sqft": 0.0, "coverage_pct": 0.0, "in_corridor": false, "in_historic": false, "context_type": "Suburban" }, "geometry": { "type": "Polygon", "coordinates": [ [ [ -106.567614552295012, 31.824746744048007 ], [ -106.567692362928668, 31.824845044831282 ], [ -106.567685910264345, 31.824746844282672 ], [ -106.564212768462724, 31.820362234083689 ], [ -106.564166091489341, 31.820364468763788 ], [ -106.564208788684539, 31.820419761962604 ], [ -106.564276049001847, 31.820506865955981 ], [ -106.564299646596623, 31.820537425878545 ], [ -106.564485780957554, 31.820778472907225 ], [ -106.564676632725366, 31.821025629415828 ], [ -106.565146126099819, 31.821630567271079 ], [ -106.565622284715261, 31.82223169684956 ], [ -106.566098449357938, 31.82283282454063 ], [ -106.566574621082566, 31.823433950293683 ], [ -106.567050797839187, 31.824035075110064 ], [ -106.567614552295012, 31.824746744048007 ] ] ] } },
{ "type": "Feature", "properties": { "district": 1, "zonelabel": "A-O", "state_cd_clean": null, "use_desc": "Unknown", "targetlotarea": 17177, "existing_units": 0, "footprint_sqft": 0.0, "interior_sqft": 0.0, "coverage_pct": 0.0, "in_corridor": true, "in_historic": false, "context_type": "Suburban" }, "geometry": { "type": "Polygon", "coordinates": [ [ [ -106.525456360252448, 31.827493635279556 ], [ -106.52573115279246, 31.827747335594491 ], [ -106.526069700821026, 31.82747060806529 ], [ -106.525815702705216, 31.827254909123191 ], [ -106.525813620769668, 31.827253257661049 ], [ -106.52581125910757, 31.827251907646378 ], [ -106.525808677140049, 31.827250894189007 ], [ -106.525805940028704, 31.827250243092926 ], [ -106.525803115511366, 31.827249971007102 ], [ -106.525800276948829, 31.827250083473928 ], [ -106.525797495122163, 31.827250578932311 ], [ -106.525686317274705, 31.827334166278071 ], [ -106.525572578701031, 31.827415204409892 ], [ -106.525456360252448, 31.827493635279556 ] ] ] } },
{ "type": "Feature", "properties": { "district": 1, "zonelabel": "C-4", "state_cd_clean": null, "use_desc": "Unknown", "targetlotarea": 113093, "existing_units": 0, "footprint_sqft": 0.0, "interior_sqft": 0.0, "coverage_pct": 0.0, "in_corridor": false, "in_historic": false, "context_type": "Suburban" }, "geometry": { "type": "Polygon", "coordinates": [ [ [ -106.566840720407953, 31.825892917164989 ], [ -106.566914274817478, 31.825997205896815 ], [ -106.568087253465251, 31.825345922709964 ], [ -106.568003612879735, 31.825238255311632 ], [ -106.567692362928668, 31.824845044831282 ], [ -106.567614552295012, 31.824746744048007 ], [ -106.56644735114638, 31.825403853705915 ], [ -106.566644652157578, 31.825639031075884 ], [ -106.566840720407953, 31.825892917164989 ] ] ] } },
{ "type": "Feature", "properties": { "district": 1, "zonelabel": "C-4", "state_cd_clean": null, "use_desc": "Unknown", "targetlotarea": 97937, "existing_units": 0, "footprint_sqft": 0.0, "interior_sqft": 0.0, "coverage_pct": 0.0, "in_corridor": false, "in_historic": false, "context_type": "Suburban" }, "geometry": { "type": "Polygon", "coordinates": [ [ [ -106.56715078842106, 31.826382320944955 ], [ -106.567176762011499, 31.826573376392002 ], [ -106.568479403982238, 31.825840040550972 ], [ -106.568003612879735, 31.825238255311632 ], [ -106.568087253465251, 31.825345922709964 ], [ -106.566914274817478, 31.825997205896815 ], [ -106.567118793541397, 31.826287177448492 ], [ -106.56715078842106, 31.826382320944955 ] ] ] } },
{ "type": "Feature", "properties": { "district": 1, "zonelabel": "R-4", "state_cd_clean": null, "use_desc": "Unknown", "targetlotarea": 130472, "existing_units": 0, "footprint_sqft": 0.0, "interior_sqft": 0.0, "coverage_pct": 0.0, "in_corridor": false, "in_historic": false, "context_type": "Suburban" }, "geometry": { "type": "Polygon", "coordinates": [ [ [ -106.567386819714102, 31.826902466023103 ], [ -106.567676001208483, 31.827165419485954 ], [ -106.568957091257815, 31.826444215556471 ], [ -106.568479403982238, 31.825840040550972 ], [ -106.567176762011499, 31.826573376392002 ], [ -106.567171143659863, 31.826629676631047 ], [ -106.567386819714102, 31.826902466023103 ] ] ] } },
{ "type": "Feature", "properties": { "district": 1, "zonelabel": "R-4", "state_cd_clean": null, "use_desc": "Unknown", "targetlotarea": 129282, "existing_units": 0, "footprint_sqft": 0.0, "interior_sqft": 0.0, "coverage_pct": 0.0, "in_corridor": false, "in_historic": false, "context_type": "Suburban" }, "geometry": { "type": "Polygon", "coordinates": [ [ [ -106.567936896423248, 31.827402039150382 ], [ -106.568092890248977, 31.827827031302089 ], [ -106.569447483130489, 31.827064446616934 ], [ -106.568957091257815, 31.826444215556471 ], [ -106.567676001208483, 31.827165419485954 ], [ -106.567855535326274, 31.827328248261647 ], [ -106.567936896423248, 31.827402039150382 ] ] ] } },
{ "type": "Feature", "properties": { "district": 1, "zonelabel": "A-O", "state_cd_clean": null, "use_desc": "Unknown", "targetlotarea": 95139, "existing_units": 0, "footprint_sqft": 0.0, "interior_sqft": 0.0, "coverage_pct": 0.0, "in_corridor": true, "in_historic": false, "context_type": "Suburban" }, "geometry": { "type": "Polygon", "coordinates": [ [ [ -106.524735095138013, 31.831032597933671 ], [ -106.525905116012382, 31.831034923851593 ], [ -106.525912262794719, 31.830960670388787 ], [ -106.5259256570437, 31.83088704914821 ], [ -106.525945230615207, 31.830814442737044 ], [ -106.525958962510188, 31.830739657383987 ], [ -106.525983907515837, 31.830666695148683 ], [ -106.526006133409027, 31.830501002092348 ], [ -106.526024280508295, 31.830426983079882 ], [ -106.526026018122309, 31.830415886101374 ], [ -106.526025536456132, 31.83040469779818 ], [ -106.526022849051543, 31.830393739085313 ], [ -106.52601803261588, 31.830383326066013 ], [ -106.526011225085327, 31.830373756575046 ], [ -106.526002622166871, 31.830365305826831 ], [ -106.525992472472893, 31.83035821671147 ], [ -106.525922762389186, 31.830340985048014 ], [ -106.525851737802299, 31.830328251778131 ], [ -106.52577979693433, 31.830320088279702 ], [ -106.525707342689202, 31.830316540417549 ], [ -106.525634780485049, 31.830317627743181 ], [ -106.525508432805225, 31.830312775909885 ], [ -106.525381982902474, 31.83031498144204 ], [ -106.525094054153413, 31.830336528508468 ], [ -106.524806741058597, 31.830363409181111 ], [ -106.524735095138013, 31.831032597933671 ] ] ] } },
{ "type": "Feature", "properties": { "district": 1, "zonelabel": "R-4", "state_cd_clean": null, "use_desc": "Unknown", "targetlotarea": 256005, "existing_units": 0, "footprint_sqft": 0.0, "interior_sqft": 0.0, "coverage_pct": 0.0, "in_corridor": false, "in_historic": false, "context_type": "Suburban" }, "geometry": { "type": "Polygon", "coordinates": [ [ [ -106.568283934413245, 31.828724397233938 ], [ -106.568537511869494, 31.829045111814434 ], [ -106.570202667698979, 31.828108434443315 ], [ -106.570210362780031, 31.828103031747926 ], [ -106.570216922512955, 31.828096629330727 ], [ -106.570222169821704, 31.828089398266869 ], [ -106.57022596514669, 31.828081533125623 ], [ -106.570228205970878, 31.828073244766774 ], [ -106.570228832851924, 31.828064755535141 ], [ -106.570227827953076, 31.828056293008132 ], [ -106.570225219902269, 31.828048083439871 ], [ -106.569447483130489, 31.827064446616934 ], [ -106.568092890248977, 31.827827031302089 ], [ -106.568413050843873, 31.828599354541844 ], [ -106.568283934413245, 31.828724397233938 ] ] ] } },
{ "type": "Feature", "properties": { "district": 1, "zonelabel": "A-O", "state_cd_clean": null, "use_desc": "Unknown", "targetlotarea": 175534, "existing_units": 0, "footprint_sqft": 0.0, "interior_sqft": 0.0, "coverage_pct": 0.0, "in_corridor": true, "in_historic": false, "context_type": "Suburban" }, "geometry": { "type": "Polygon", "coordinates": [ [ [ -106.524476224985335, 31.831242111661098 ], [ -106.524749177941274, 31.83130283339089 ], [ -106.52473199368805, 31.831050197259625 ], [ -106.524735095138013, 31.831032597933671 ], [ -106.524806741058597, 31.830363409181111 ], [ -106.524914357649422, 31.830273481627277 ], [ -106.525040857322367, 31.830210971900627 ], [ -106.524604586838763, 31.829627644522212 ], [ -106.523098680957716, 31.830915861611235 ], [ -106.523473219093802, 31.831000313377434 ], [ -106.523486899422494, 31.83100218467774 ], [ -106.523551871959128, 31.831017943922575 ], [ -106.523800087024625, 31.831080441095786 ], [ -106.524049474257751, 31.831134921672025 ], [ -106.524303379554482, 31.831200347515786 ], [ -106.524476224985335, 31.831242111661098 ] ] ] } },
{ "type": "Feature", "properties": { "district": 1, "zonelabel": "C-4", "state_cd_clean": null, "use_desc": "Unknown", "targetlotarea": 22110, "existing_units": 0, "footprint_sqft": 0.0, "interior_sqft": 0.0, "coverage_pct": 0.0, "in_corridor": false, "in_historic": false, "context_type": "Suburban" }, "geometry": { "type": "Polygon", "coordinates": [ [ [ -106.567859440923897, 31.829135491676332 ], [ -106.56801871461964, 31.82933693476614 ], [ -106.568537511869494, 31.829045111814434 ], [ -106.568283934413245, 31.828724397233938 ], [ -106.567967424171911, 31.829030916519066 ], [ -106.567859440923897, 31.829135491676332 ] ] ] } },
{ "type": "Feature", "properties": { "district": 1, "zonelabel": "A-O", "state_cd_clean": null, "use_desc": "Unknown", "targetlotarea": 87190, "existing_units": 0, "footprint_sqft": 0.0, "interior_sqft": 0.0, "coverage_pct": 0.0, "in_corridor": true, "in_historic": false, "context_type": "Suburban" }, "geometry": { "type": "Polygon", "coordinates": [ [ [ -106.525869444851267, 31.831735389701148 ], [ -106.525879996596473, 31.831735669023438 ], [ -106.525887151311778, 31.831732985595071 ], [ -106.525890879445754, 31.831726951519297 ], [ -106.525892043860296, 31.831709714388751 ], [ -106.52588844916626, 31.831484706405572 ], [ -106.525892807024263, 31.831259707557653 ], [ -106.525905116012382, 31.831034923851593 ], [ -106.524735095138013, 31.831032597933671 ], [ -106.52473199368805, 31.831050197259625 ], [ -106.524749177941274, 31.83130283339089 ], [ -106.524728854276674, 31.831631590615267 ], [ -106.524822178979235, 31.831644498544431 ], [ -106.524994567608132, 31.83167404285356 ], [ -106.525168166857824, 31.831697866841907 ], [ -106.525342716346188, 31.831715936823805 ], [ -106.525517954988018, 31.831728224567971 ], [ -106.525693618125274, 31.83173471195007 ], [ -106.525869444851267, 31.831735389701148 ] ] ] } },
{ "type": "Feature", "properties": { "district": 1, "zonelabel": "R-4", "state_cd_clean": null, "use_desc": "Unknown", "targetlotarea": 19311, "existing_units": 0, "footprint_sqft": 0.0, "interior_sqft": 0.0, "coverage_pct": 0.0, "in_corridor": false, "in_historic": false, "context_type": "Suburban" }, "geometry": { "type": "Polygon", "coordinates": [ [ [ -106.566844347855053, 31.830141288849124 ], [ -106.566858802322884, 31.830154701253534 ], [ -106.567555409451586, 31.82960749825239 ], [ -106.567785153176359, 31.829468312073985 ], [ -106.56801871461964, 31.82933693476614 ], [ -106.567859440923897, 31.829135491676332 ], [ -106.567106184195907, 31.829864960152598 ], [ -106.566844347855053, 31.830141288849124 ] ] ] } },
{ "type": "Feature", "properties": { "district": 1, "zonelabel": "C-4", "state_cd_clean": null, "use_desc": "Unknown", "targetlotarea": 41950, "existing_units": 0, "footprint_sqft": 0.0, "interior_sqft": 0.0, "coverage_pct": 0.0, "in_corridor": false, "in_historic": false, "context_type": "Suburban" }, "geometry": { "type": "Polygon", "coordinates": [ [ [ -106.571896713539701, 31.831034572340879 ], [ -106.572260027707884, 31.831491517182361 ], [ -106.572817768197226, 31.831192368509534 ], [ -106.572442161277635, 31.830716486374548 ], [ -106.571896713539701, 31.831034572340879 ] ] ] } },
{ "type": "Feature", "properties": { "district": 1, "zonelabel": "C-4", "state_cd_clean": null, "use_desc": "Unknown", "targetlotarea": 82012, "existing_units": 0, "footprint_sqft": 0.0, "interior_sqft": 0.0, "coverage_pct": 0.0, "in_corridor": false, "in_historic": false, "context_type": "Suburban" }, "geometry": { "type": "Polygon", "coordinates": [ [ [ -106.570139556491753, 31.831821509342554 ], [ -106.570226559859918, 31.831913508707622 ], [ -106.570890865446927, 31.831535452212503 ], [ -106.570300245534312, 31.830787187575748 ], [ -106.569633216626613, 31.831168432995046 ], [ -106.569801181004308, 31.831379148945185 ], [ -106.569962904053909, 31.831593393858199 ], [ -106.570139556491753, 31.831821509342554 ] ] ] } },
{ "type": "Feature", "properties": { "district": 1, "zonelabel": "A-O", "state_cd_clean": null, "use_desc": "Unknown", "targetlotarea": 167519, "existing_units": 0, "footprint_sqft": 0.0, "interior_sqft": 0.0, "coverage_pct": 0.0, "in_corridor": false, "in_historic": false, "context_type": "Suburban" }, "geometry": { "type": "Polygon", "coordinates": [ [ [ -106.525825225722897, 31.83407547074188 ], [ -106.52583767079868, 31.834074554424362 ], [ -106.525849755142829, 31.834071855982707 ], [ -106.525861131399765, 31.834067451556699 ], [ -106.525871471503308, 31.834061469660501 ], [ -106.525880478745947, 31.834054081576156 ], [ -106.525887894048722, 31.834045500151777 ], [ -106.525893502874325, 31.834035972246706 ], [ -106.525897145363146, 31.834025771926534 ], [ -106.525898714749488, 31.834015192409005 ], [ -106.525901872908335, 31.832802027217586 ], [ -106.524705903616521, 31.832822739952622 ], [ -106.524706680634111, 31.832850890871395 ], [ -106.524712296848563, 31.833058961289719 ], [ -106.524715846925659, 31.833278966217641 ], [ -106.524712122647998, 31.833521466740581 ], [ -106.524712140865162, 31.833856526378394 ], [ -106.524710541523262, 31.834044917474575 ], [ -106.525825225722897, 31.83407547074188 ] ] ] } },
{ "type": "Feature", "properties": { "district": 1, "zonelabel": "C-4", "state_cd_clean": null, "use_desc": "Unknown", "targetlotarea": 40821, "existing_units": 0, "footprint_sqft": 0.0, "interior_sqft": 0.0, "coverage_pct": 0.0, "in_corridor": false, "in_historic": false, "context_type": "Suburban" }, "geometry": { "type": "Polygon", "coordinates": [ [ [ -106.57254364057782, 31.83184821765656 ], [ -106.572621699481061, 31.831946391826879 ], [ -106.573177605006265, 31.831648226655602 ], [ -106.573100283014909, 31.831550274898319 ], [ -106.573002552560851, 31.831426466865281 ], [ -106.572910421190869, 31.83130974936374 ], [ -106.572818347579187, 31.831193102199059 ], [ -106.572817768197226, 31.831192368509534 ], [ -106.572260027707884, 31.831491517182361 ], [ -106.572263998946724, 31.831496511644168 ], [ -106.572357579002954, 31.831614207926823 ], [ -106.57245058137795, 31.831731176698138 ], [ -106.57254364057782, 31.83184821765656 ] ] ] } },
{ "type": "Feature", "properties": { "district": 1, "zonelabel": "C-4", "state_cd_clean": null, "use_desc": "Unknown", "targetlotarea": 65152, "existing_units": 0, "footprint_sqft": 0.0, "interior_sqft": 0.0, "coverage_pct": 0.0, "in_corridor": false, "in_historic": false, "context_type": "Suburban" }, "geometry": { "type": "Polygon", "coordinates": [ [ [ -106.573758698064893, 31.83264431754586 ], [ -106.573839219629193, 31.832658010490753 ], [ -106.573918206921604, 31.832677137897075 ], [ -106.573995157924912, 31.83270157931269 ], [ -106.573617628517837, 31.832205629506586 ], [ -106.573177605006265, 31.831648226655602 ], [ -106.572621699481061, 31.831946391826879 ], [ -106.572715956222993, 31.832064936131651 ], [ -106.572775154783201, 31.832126750494332 ], [ -106.572866334512611, 31.832205405344478 ], [ -106.572961317595386, 31.832280707312741 ], [ -106.573059935530026, 31.832352523557336 ], [ -106.573162013721884, 31.832420725141951 ], [ -106.573267369610448, 31.832485190738236 ], [ -106.573385675638747, 31.832534561313931 ], [ -106.573507306242561, 31.832577643668575 ], [ -106.573631803115688, 31.832614274592334 ], [ -106.573758698064893, 31.83264431754586 ] ] ] } },
{ "type": "Feature", "properties": { "district": 1, "zonelabel": "C-4", "state_cd_clean": null, "use_desc": "Unknown", "targetlotarea": 49931, "existing_units": 0, "footprint_sqft": 0.0, "interior_sqft": 0.0, "coverage_pct": 0.0, "in_corridor": false, "in_historic": false, "context_type": "Suburban" }, "geometry": { "type": "Polygon", "coordinates": [ [ [ -106.573093775708116, 31.832660016299734 ], [ -106.573677092113471, 31.833421270752019 ], [ -106.574205213603875, 31.83311858582837 ], [ -106.57421605906508, 31.83310107789594 ], [ -106.574223621905958, 31.833082355272623 ], [ -106.574227721844522, 31.833062861982487 ], [ -106.574228261411974, 31.833043062467354 ], [ -106.574225229223586, 31.833023426977558 ], [ -106.574193558049899, 31.832976227216424 ], [ -106.574158308930905, 31.83293091431878 ], [ -106.574119635533833, 31.832887685054953 ], [ -106.573999608508046, 31.8328374979614 ], [ -106.573876404261611, 31.832793277485532 ], [ -106.573750428197542, 31.832755171287932 ], [ -106.57362209589661, 31.832723304863865 ], [ -106.573491833117856, 31.832697781543441 ], [ -106.573360067657262, 31.832678687398118 ], [ -106.573227236375985, 31.832666085484632 ], [ -106.573093775708116, 31.832660016299734 ] ] ] } },
{ "type": "Feature", "properties": { "district": 1, "zonelabel": "C-4", "state_cd_clean": null, "use_desc": "Unknown", "targetlotarea": 107274, "existing_units": 0, "footprint_sqft": 0.0, "interior_sqft": 0.0, "coverage_pct": 0.0, "in_corridor": false, "in_historic": false, "context_type": "Suburban" }, "geometry": { "type": "Polygon", "coordinates": [ [ [ -106.572940563149061, 31.833760932682004 ], [ -106.572948901256765, 31.833769581108925 ], [ -106.572958830201841, 31.833776903142404 ], [ -106.572970066281755, 31.833782687465881 ], [ -106.572982285333325, 31.83378676715612 ], [ -106.57299513691801, 31.833789026229937 ], [ -106.573008250650261, 31.833789399340617 ], [ -106.573021249091454, 31.833787874772931 ], [ -106.573033758474679, 31.833784496638906 ], [ -106.573045420247936, 31.833779363421357 ], [ -106.573677092113471, 31.833421270752019 ], [ -106.573093775708116, 31.832660016299734 ], [ -106.572101531445611, 31.832728812472656 ], [ -106.572902205696849, 31.833721425695106 ], [ -106.572940563149061, 31.833760932682004 ] ] ] } },
{ "type": "Feature", "properties": { "district": 1, "zonelabel": "C-3", "state_cd_clean": null, "use_desc": "Unknown", "targetlotarea": 32520, "existing_units": 0, "footprint_sqft": 0.0, "interior_sqft": 0.0, "coverage_pct": 0.0, "in_corridor": false, "in_historic": false, "context_type": "Suburban" }, "geometry": { "type": "Polygon", "coordinates": [ [ [ -106.573979797179348, 31.833815912919249 ], [ -106.574047596901664, 31.833900878165668 ], [ -106.574678189172431, 31.833556763526456 ], [ -106.574515134776547, 31.833349824862406 ], [ -106.574504095147844, 31.833331603959277 ], [ -106.574489737630643, 31.833315154491451 ], [ -106.574472442249146, 31.833300913488383 ], [ -106.574452668618022, 31.833289257256716 ], [ -106.574430940820463, 31.833280496686132 ], [ -106.574407835854316, 31.833274862447361 ], [ -106.574383965701927, 31.833272505852339 ], [ -106.574359963962934, 31.833273488655543 ], [ -106.57433646792424, 31.833277783914191 ], [ -106.574314099693908, 31.833285278698778 ], [ -106.574293453485396, 31.833295773799932 ], [ -106.574275075992887, 31.833308990992151 ], [ -106.574259456258858, 31.833324579842152 ], [ -106.574252165061964, 31.833323338755626 ], [ -106.573797523830237, 31.833587492687993 ], [ -106.573880366686737, 31.833691309917409 ], [ -106.573895050455135, 31.833709712046542 ], [ -106.573953462422608, 31.833782911498446 ], [ -106.573979797179348, 31.833815912919249 ] ] ] } },
{ "type": "Feature", "properties": { "district": 1, "zonelabel": "C-3", "state_cd_clean": null, "use_desc": "Unknown", "targetlotarea": 12106, "existing_units": 0, "footprint_sqft": 0.0, "interior_sqft": 0.0, "coverage_pct": 0.0, "in_corridor": false, "in_historic": false, "context_type": "Suburban" }, "geometry": { "type": "Polygon", "coordinates": [ [ [ -106.574075753685378, 31.833936163315023 ], [ -106.574146952878252, 31.834025387068966 ], [ -106.574767081354508, 31.83366957857913 ], [ -106.574678189172431, 31.833556763526456 ], [ -106.574047596901664, 31.833900878165668 ], [ -106.574075753685378, 31.833936163315023 ] ] ] } },
{ "type": "Feature", "properties": { "district": 1, "zonelabel": "C-3", "state_cd_clean": null, "use_desc": "Unknown", "targetlotarea": 23173, "existing_units": 0, "footprint_sqft": 0.0, "interior_sqft": 0.0, "coverage_pct": 0.0, "in_corridor": false, "in_historic": false, "context_type": "Suburban" }, "geometry": { "type": "Polygon", "coordinates": [ [ [ -106.574257888725413, 31.834164406454583 ], [ -106.574328238416882, 31.83425256523644 ], [ -106.574946766950916, 31.833897625752257 ], [ -106.574767081354508, 31.83366957857913 ], [ -106.574146952878252, 31.834025387068966 ], [ -106.574168648839205, 31.834052576067918 ], [ -106.574226959704433, 31.834125647472785 ], [ -106.574257888725413, 31.834164406454583 ] ] ] } },
{ "type": "Feature", "properties": { "district": 1, "zonelabel": "A-2", "state_cd_clean": null, "use_desc": "Unknown", "targetlotarea": 168392, "existing_units": 0, "footprint_sqft": 0.0, "interior_sqft": 0.0, "coverage_pct": 0.0, "in_corridor": false, "in_historic": false, "context_type": "Suburban" }, "geometry": { "type": "Polygon", "coordinates": [ [ [ -106.524455090925215, 31.835431298278426 ], [ -106.524445985693433, 31.835470667902587 ], [ -106.52442804091973, 31.8355482582161 ], [ -106.524393172740375, 31.835699019401975 ], [ -106.524316578474213, 31.836179270382843 ], [ -106.524260574357953, 31.836447727108947 ], [ -106.524230471292, 31.836630723562177 ], [ -106.524199650212594, 31.836830330640773 ], [ -106.524188686509319, 31.836935490335385 ], [ -106.52455374565713, 31.836791177580359 ], [ -106.524860501437914, 31.836679045034806 ], [ -106.525546210070516, 31.836412768932963 ], [ -106.525573479024089, 31.836268349347634 ], [ -106.525630392669555, 31.835926563058322 ], [ -106.525693558044722, 31.835587291105924 ], [ -106.525664059031286, 31.835583472689716 ], [ -106.524931010971713, 31.835488588104813 ], [ -106.524678550471322, 31.835455908627956 ], [ -106.524656758961669, 31.835453088209054 ], [ -106.524533655292061, 31.835437153256848 ], [ -106.524456059678485, 31.835427108977356 ], [ -106.524455090925215, 31.835431298278426 ] ] ] } },
{ "type": "Feature", "properties": { "district": 1, "zonelabel": "C-4", "state_cd_clean": null, "use_desc": "Unknown", "targetlotarea": 26834, "existing_units": 0, "footprint_sqft": 0.0, "interior_sqft": 0.0, "coverage_pct": 0.0, "in_corridor": false, "in_historic": false, "context_type": "Suburban" }, "geometry": { "type": "Polygon", "coordinates": [ [ [ -106.57335038575097, 31.834355372237443 ], [ -106.573524847224348, 31.834575532218373 ], [ -106.574257888725413, 31.834164406454583 ], [ -106.574226959704433, 31.834125647472785 ], [ -106.574168648839205, 31.834052576067918 ], [ -106.574146952878252, 31.834025387068966 ], [ -106.574075753685378, 31.833936163315023 ], [ -106.57335038575097, 31.834355372237443 ] ] ] } },
{ "type": "Feature", "properties": { "district": 1, "zonelabel": "A-O", "state_cd_clean": null, "use_desc": "Unknown", "targetlotarea": 18885, "existing_units": 0, "footprint_sqft": 0.0, "interior_sqft": 0.0, "coverage_pct": 0.0, "in_corridor": false, "in_historic": false, "context_type": "Suburban" }, "geometry": { "type": "Polygon", "coordinates": [ [ [ -106.524956521832095, 31.836741009729511 ], [ -106.52510805971346, 31.837003226070529 ], [ -106.525252470442965, 31.836985956906645 ], [ -106.525397639823339, 31.836974200180183 ], [ -106.525414695503187, 31.836968051546332 ], [ -106.525430517487763, 31.836959844368227 ], [ -106.525444766985473, 31.836949753734618 ], [ -106.525457140724527, 31.836937996401165 ], [ -106.525467371596832, 31.836924824436544 ], [ -106.525484609809325, 31.836790657075404 ], [ -106.525505638224189, 31.83665688297204 ], [ -106.52553044301159, 31.836523582268136 ], [ -106.525125401549914, 31.836674517400652 ], [ -106.524973623612823, 31.836734530175072 ], [ -106.524956521832095, 31.836741009729511 ] ] ] } },
{ "type": "Feature", "properties": { "district": 1, "zonelabel": "A-O", "state_cd_clean": null, "use_desc": "Unknown", "targetlotarea": 17995, "existing_units": 0, "footprint_sqft": 0.0, "interior_sqft": 0.0, "coverage_pct": 0.0, "in_corridor": false, "in_historic": false, "context_type": "Suburban" }, "geometry": { "type": "Polygon", "coordinates": [ [ [ -106.524414616901012, 31.836956063657507 ], [ -106.524547578739174, 31.837186139309317 ], [ -106.524655120843462, 31.837140099804241 ], [ -106.524765215621699, 31.83709869171075 ], [ -106.524877590439843, 31.837062017412851 ], [ -106.524991966745219, 31.837030169641242 ], [ -106.52510805971346, 31.837003226070529 ], [ -106.524956521832095, 31.836741009729511 ], [ -106.524863380124742, 31.836779228875223 ], [ -106.524768931877318, 31.836815036082236 ], [ -106.524648094987228, 31.836856931635854 ], [ -106.524529890368157, 31.836903981392922 ], [ -106.524414616901012, 31.836956063657507 ] ] ] } },
{ "type": "Feature", "properties": { "district": 1, "zonelabel": "C-3", "state_cd_clean": null, "use_desc": "Unknown", "targetlotarea": 40178, "existing_units": 0, "footprint_sqft": 0.0, "interior_sqft": 0.0, "coverage_pct": 0.0, "in_corridor": false, "in_historic": false, "context_type": "Suburban" }, "geometry": { "type": "Polygon", "coordinates": [ [ [ -106.57472153343906, 31.834494704134784 ], [ -106.57513012977094, 31.835014432253878 ], [ -106.575600602584984, 31.834744722875765 ], [ -106.575190773794731, 31.834223428403902 ], [ -106.574755127980765, 31.834473732461039 ], [ -106.57472153343906, 31.834494704134784 ] ] ] } },
{ "type": "Feature", "properties": { "district": 1, "zonelabel": "A-O", "state_cd_clean": null, "use_desc": "Unknown", "targetlotarea": 16483, "existing_units": 0, "footprint_sqft": 0.0, "interior_sqft": 0.0, "coverage_pct": 0.0, "in_corridor": false, "in_historic": false, "context_type": "Suburban" }, "geometry": { "type": "Polygon", "coordinates": [ [ [ -106.52401902322363, 31.837277155856231 ], [ -106.523965106916279, 31.837324527630717 ], [ -106.523916290163882, 31.837375770276349 ], [ -106.523872951162986, 31.837430485543674 ], [ -106.523835427146096, 31.837488247324043 ], [ -106.52380401157032, 31.837548607202407 ], [ -106.523992040726938, 31.837464497434759 ], [ -106.52417766725253, 31.837376586040701 ], [ -106.524360786363104, 31.837284921369022 ], [ -106.524453318762241, 31.837234339872076 ], [ -106.524547578739174, 31.837186139309317 ], [ -106.524414616901012, 31.836956063657507 ], [ -106.524372468013155, 31.836978293922119 ], [ -106.524285838091657, 31.837031572683767 ], [ -106.524213534660234, 31.837088375576961 ], [ -106.524144838899446, 31.837148352499163 ], [ -106.524079941054254, 31.837211338145497 ], [ -106.52401902322363, 31.837277155856231 ] ] ] } },
{ "type": "Feature", "properties": { "district": 1, "zonelabel": "C-3", "state_cd_clean": null, "use_desc": "Unknown", "targetlotarea": 12639, "existing_units": 0, "footprint_sqft": 0.0, "interior_sqft": 0.0, "coverage_pct": 0.0, "in_corridor": false, "in_historic": false, "context_type": "Suburban" }, "geometry": { "type": "Polygon", "coordinates": [ [ [ -106.57513012977094, 31.835014432253878 ], [ -106.575231939092944, 31.835170913477906 ], [ -106.575730073942424, 31.834883989451161 ], [ -106.575609955446637, 31.834739361426333 ], [ -106.575200118711848, 31.834218059232853 ], [ -106.575190773794731, 31.834223428403902 ], [ -106.575600602584984, 31.834744722875765 ], [ -106.57513012977094, 31.835014432253878 ] ] ] } },
{ "type": "Feature", "properties": { "district": 1, "zonelabel": "A-O", "state_cd_clean": null, "use_desc": "Unknown", "targetlotarea": 22237, "existing_units": 0, "footprint_sqft": 0.0, "interior_sqft": 0.0, "coverage_pct": 0.0, "in_corridor": false, "in_historic": false, "context_type": "Suburban" }, "geometry": { "type": "Polygon", "coordinates": [ [ [ -106.524548959101537, 31.837575152682948 ], [ -106.525599220119418, 31.837569616893379 ], [ -106.525556444682366, 31.837476025130272 ], [ -106.525507199994465, 31.837285363118166 ], [ -106.525197407106702, 31.837310926519251 ], [ -106.525055000780455, 31.837343140328962 ], [ -106.524856906206296, 31.837409351944363 ], [ -106.524670922538562, 31.837497522486807 ], [ -106.524548959101537, 31.837575152682948 ] ] ] } },
{ "type": "Feature", "properties": { "district": 1, "zonelabel": "C-3", "state_cd_clean": null, "use_desc": "Unknown", "targetlotarea": 19292, "existing_units": 0, "footprint_sqft": 0.0, "interior_sqft": 0.0, "coverage_pct": 0.0, "in_corridor": false, "in_historic": false, "context_type": "Suburban" }, "geometry": { "type": "Polygon", "coordinates": [ [ [ -106.575266330853452, 31.835540875159957 ], [ -106.575411952305572, 31.835710069072626 ], [ -106.576074972023875, 31.835334287908193 ], [ -106.575936395048913, 31.835153749503682 ], [ -106.575266330853452, 31.835540875159957 ] ] ] } },
{ "type": "Feature", "properties": { "district": 1, "zonelabel": "A-O", "state_cd_clean": null, "use_desc": "Unknown", "targetlotarea": 3184, "existing_units": 0, "footprint_sqft": 0.0, "interior_sqft": 0.0, "coverage_pct": 0.0, "in_corridor": false, "in_historic": false, "context_type": "Suburban" }, "geometry": { "type": "Polygon", "coordinates": [ [ [ -106.523516390078242, 31.838242587592603 ], [ -106.523611639262242, 31.838256337296567 ], [ -106.523682165420468, 31.837946504491821 ], [ -106.523576283502976, 31.837979463651269 ], [ -106.523516390078242, 31.838242587592603 ] ] ] } },
{ "type": "Feature", "properties": { "district": 1, "zonelabel": "A-O", "state_cd_clean": null, "use_desc": "Unknown", "targetlotarea": 5760, "existing_units": 0, "footprint_sqft": 0.0, "interior_sqft": 0.0, "coverage_pct": 0.0, "in_corridor": false, "in_historic": false, "context_type": "Suburban" }, "geometry": { "type": "Polygon", "coordinates": [ [ [ -106.522533091041495, 31.838366895853401 ], [ -106.522760479414913, 31.838405506736095 ], [ -106.522810732017049, 31.838189822515108 ], [ -106.522583344198409, 31.838151212617117 ], [ -106.522567964386113, 31.838217224594285 ], [ -106.522533091041495, 31.838366895853401 ] ] ] } },
{ "type": "Feature", "properties": { "district": 1, "zonelabel": "A-O", "state_cd_clean": null, "use_desc": "Unknown", "targetlotarea": 6336, "existing_units": 0, "footprint_sqft": 0.0, "interior_sqft": 0.0, "coverage_pct": 0.0, "in_corridor": false, "in_historic": false, "context_type": "Suburban" }, "geometry": { "type": "Polygon", "coordinates": [ [ [ -106.523219542706428, 31.83839238345443 ], [ -106.523447128405437, 31.838430136521065 ], [ -106.523501179288957, 31.838192679095762 ], [ -106.523273595192336, 31.838154926069581 ], [ -106.523219542706428, 31.83839238345443 ] ] ] } },
{ "type": "Feature", "properties": { "district": 1, "zonelabel": "A-O", "state_cd_clean": null, "use_desc": "Unknown", "targetlotarea": 54289, "existing_units": 0, "footprint_sqft": 0.0, "interior_sqft": 0.0, "coverage_pct": 0.0, "in_corridor": false, "in_historic": false, "context_type": "Suburban" }, "geometry": { "type": "Polygon", "coordinates": [ [ [ -106.524500372970834, 31.837606077646388 ], [ -106.524435532098025, 31.837632404929352 ], [ -106.524179677316098, 31.837765105999583 ], [ -106.523907487998216, 31.837871518270312 ], [ -106.523877187435517, 31.837885795369637 ], [ -106.523682165420468, 31.837946504491821 ], [ -106.523611639262242, 31.838256337296567 ], [ -106.523675138010816, 31.838265503460388 ], [ -106.52439721562331, 31.838397387446477 ], [ -106.524416749862326, 31.838402510196666 ], [ -106.52441542949903, 31.838426085565338 ], [ -106.524469538277899, 31.838435482961 ], [ -106.524497432302283, 31.838440328238885 ], [ -106.52449829939043, 31.838423896574721 ], [ -106.524542874052401, 31.837579026203844 ], [ -106.524500372970834, 31.837606077646388 ] ] ] } },
{ "type": "Feature", "properties": { "district": 1, "zonelabel": "A-O", "state_cd_clean": null, "use_desc": "Unknown", "targetlotarea": 5760, "existing_units": 0, "footprint_sqft": 0.0, "interior_sqft": 0.0, "coverage_pct": 0.0, "in_corridor": false, "in_historic": false, "context_type": "Suburban" }, "geometry": { "type": "Polygon", "coordinates": [ [ [ -106.522496549074688, 31.838456562109599 ], [ -106.52253756101112, 31.838673665216138 ], [ -106.522766447499279, 31.838642155898231 ], [ -106.522725436166709, 31.838425053711195 ], [ -106.522669435578479, 31.838432762815394 ], [ -106.522496549074688, 31.838456562109599 ] ] ] } },
{ "type": "Feature", "properties": { "district": 1, "zonelabel": "C-4", "state_cd_clean": null, "use_desc": "Unknown", "targetlotarea": 52154, "existing_units": 0, "footprint_sqft": 0.0, "interior_sqft": 0.0, "coverage_pct": 0.0, "in_corridor": false, "in_historic": false, "context_type": "Suburban" }, "geometry": { "type": "Polygon", "coordinates": [ [ [ -106.571738458758247, 31.835944757706006 ], [ -106.571913058352294, 31.836349745715143 ], [ -106.572295241553022, 31.83622862397063 ], [ -106.572925919684863, 31.836028746521499 ], [ -106.572873729675933, 31.835899064656552 ], [ -106.572836472132252, 31.835805011201728 ], [ -106.57279719106343, 31.835711560565553 ], [ -106.572763534245439, 31.835633191499387 ], [ -106.572430918829681, 31.835734288971281 ], [ -106.571738458758247, 31.835944757706006 ] ] ] } },
{ "type": "Feature", "properties": { "district": 1, "zonelabel": "A-O", "state_cd_clean": null, "use_desc": "Unknown", "targetlotarea": 5760, "existing_units": 0, "footprint_sqft": 0.0, "interior_sqft": 0.0, "coverage_pct": 0.0, "in_corridor": false, "in_historic": false, "context_type": "Suburban" }, "geometry": { "type": "Polygon", "coordinates": [ [ [ -106.523227818758045, 31.838651381367075 ], [ -106.523390618978894, 31.838678388140192 ], [ -106.523439757724233, 31.838462517243791 ], [ -106.523212170895789, 31.838424764214956 ], [ -106.523189568650352, 31.838524062216479 ], [ -106.523163032648668, 31.8386406340782 ], [ -106.523227818758045, 31.838651381367075 ] ] ] } },
{ "type": "Feature", "properties": { "district": 1, "zonelabel": "C-4", "state_cd_clean": null, "use_desc": "Unknown", "targetlotarea": 42856, "existing_units": 0, "footprint_sqft": 0.0, "interior_sqft": 0.0, "coverage_pct": 0.0, "in_corridor": false, "in_historic": false, "context_type": "Suburban" }, "geometry": { "type": "Polygon", "coordinates": [ [ [ -106.572992818571691, 31.836187003880745 ], [ -106.573103206930497, 31.83646639143905 ], [ -106.573631402198842, 31.836160266908106 ], [ -106.574260719801146, 31.835795530576135 ], [ -106.574083369308909, 31.835565404155684 ], [ -106.572992818571691, 31.836187003880745 ] ] ] } },
{ "type": "Feature", "properties": { "district": 1, "zonelabel": "A-O", "state_cd_clean": null, "use_desc": "Unknown", "targetlotarea": 5616, "existing_units": 0, "footprint_sqft": 0.0, "interior_sqft": 0.0, "coverage_pct": 0.0, "in_corridor": false, "in_historic": false, "context_type": "Suburban" }, "geometry": { "type": "Polygon", "coordinates": [ [ [ -106.522542686754605, 31.838700803590037 ], [ -106.522582672963296, 31.838912479926847 ], [ -106.522811560012073, 31.838880970532777 ], [ -106.522804981181082, 31.838846141420795 ], [ -106.522771573365276, 31.838669295163886 ], [ -106.522640113927508, 31.838687391748135 ], [ -106.522542686754605, 31.838700803590037 ] ] ] } },
{ "type": "Feature", "properties": { "district": 1, "zonelabel": "C-4", "state_cd_clean": null, "use_desc": "Unknown", "targetlotarea": 2256, "existing_units": 0, "footprint_sqft": 0.0, "interior_sqft": 0.0, "coverage_pct": 0.0, "in_corridor": false, "in_historic": false, "context_type": "Suburban" }, "geometry": { "type": "Polygon", "coordinates": [ [ [ -106.570778425710316, 31.836244076639669 ], [ -106.570940349140841, 31.836629627674963 ], [ -106.570987223840902, 31.836615071657423 ], [ -106.570823200534903, 31.83623017319324 ], [ -106.570778425710316, 31.836244076639669 ] ] ] } },
{ "type": "Feature", "properties": { "district": 1, "zonelabel": "A-O", "state_cd_clean": null, "use_desc": "Unknown", "targetlotarea": 157435, "existing_units": 0, "footprint_sqft": 0.0, "interior_sqft": 0.0, "coverage_pct": 0.0, "in_corridor": false, "in_historic": false, "context_type": "Suburban" }, "geometry": { "type": "Polygon", "coordinates": [ [ [ -106.524542874052401, 31.837579026203844 ], [ -106.52449829939043, 31.838423896574721 ], [ -106.524497432302283, 31.838440328238885 ], [ -106.524685513469151, 31.838472994840551 ], [ -106.525393318603363, 31.838595928099242 ], [ -106.525674862674336, 31.838790522222478 ], [ -106.526160607525568, 31.838297403199839 ], [ -106.526165403469022, 31.838290687873648 ], [ -106.526168926433101, 31.838283419797943 ], [ -106.526171090544722, 31.838275774676326 ], [ -106.526171845327127, 31.838267935560918 ], [ -106.526171172476765, 31.838260092102477 ], [ -106.526169087326323, 31.838252430545122 ], [ -106.52616564113049, 31.838245136327249 ], [ -106.526160915145297, 31.838238384427267 ], [ -106.525982442981658, 31.838100988530158 ], [ -106.525803040198952, 31.837912370713358 ], [ -106.525659896121198, 31.83770237125248 ], [ -106.525599220119418, 31.837569616893379 ], [ -106.524548959101537, 31.837575152682948 ], [ -106.524542874052401, 31.837579026203844 ] ] ] } },
{ "type": "Feature", "properties": { "district": 1, "zonelabel": "A-O", "state_cd_clean": null, "use_desc": "Unknown", "targetlotarea": 5760, "existing_units": 0, "footprint_sqft": 0.0, "interior_sqft": 0.0, "coverage_pct": 0.0, "in_corridor": false, "in_historic": false, "context_type": "Suburban" }, "geometry": { "type": "Polygon", "coordinates": [ [ [ -106.523205509620951, 31.8388997056249 ], [ -106.523335337901727, 31.838921243066054 ], [ -106.523384476898414, 31.838705372212132 ], [ -106.523156890564692, 31.83866761904034 ], [ -106.523107751011452, 31.8388834889113 ], [ -106.523205509620951, 31.8388997056249 ] ] ] } },
{ "type": "Feature", "properties": { "district": 1, "zonelabel": "A-O", "state_cd_clean": null, "use_desc": "Unknown", "targetlotarea": 43076, "existing_units": 0, "footprint_sqft": 0.0, "interior_sqft": 0.0, "coverage_pct": 0.0, "in_corridor": false, "in_historic": false, "context_type": "Suburban" }, "geometry": { "type": "Polygon", "coordinates": [ [ [ -106.524416749862326, 31.838402510196666 ], [ -106.52439721562331, 31.838397387446477 ], [ -106.523675138010816, 31.838265503460388 ], [ -106.523585836219837, 31.838722605603515 ], [ -106.523677736042259, 31.838747171123352 ], [ -106.524384244259849, 31.838872081033692 ], [ -106.524469538277899, 31.838435482961 ], [ -106.52441542949903, 31.838426085565338 ], [ -106.524416749862326, 31.838402510196666 ] ] ] } },
{ "type": "Feature", "properties": { "district": 1, "zonelabel": "C-4", "state_cd_clean": null, "use_desc": "Unknown", "targetlotarea": 54157, "existing_units": 0, "footprint_sqft": 0.0, "interior_sqft": 0.0, "coverage_pct": 0.0, "in_corridor": false, "in_historic": false, "context_type": "Suburban" }, "geometry": { "type": "Polygon", "coordinates": [ [ [ -106.573631402198842, 31.836160266908106 ], [ -106.573439461667007, 31.836271509629821 ], [ -106.573630781644766, 31.836520823868771 ], [ -106.573612505790138, 31.836530835737005 ], [ -106.57369961359673, 31.836656167876132 ], [ -106.573853646592852, 31.836611032817249 ], [ -106.574192587902573, 31.836418369649834 ], [ -106.574528316338828, 31.836221649395391 ], [ -106.574535237127293, 31.836207478469376 ], [ -106.574539569406625, 31.836192577154105 ], [ -106.574541212922526, 31.836177287179002 ], [ -106.574540130599459, 31.836161961696241 ], [ -106.574536345542086, 31.836146951875904 ], [ -106.574464602464076, 31.836059542883202 ], [ -106.574367488755499, 31.835931216038016 ], [ -106.574260719801146, 31.835795530576135 ], [ -106.573631402198842, 31.836160266908106 ] ] ] } },
{ "type": "Feature", "properties": { "district": 1, "zonelabel": "C-4", "state_cd_clean": null, "use_desc": "Unknown", "targetlotarea": 115541, "existing_units": 0, "footprint_sqft": 0.0, "interior_sqft": 0.0, "coverage_pct": 0.0, "in_corridor": false, "in_historic": false, "context_type": "Suburban" }, "geometry": { "type": "Polygon", "coordinates": [ [ [ -106.569959151008533, 31.83635978324228 ], [ -106.570140379440716, 31.836878034224004 ], [ -106.570940349140841, 31.836629627674963 ], [ -106.570778425710316, 31.836244076639669 ], [ -106.570823200534903, 31.83623017319324 ], [ -106.570771228278204, 31.836104581061971 ], [ -106.570725640135336, 31.836118907357651 ], [ -106.570451466691551, 31.835470896520111 ], [ -106.569681156927018, 31.835710093373947 ], [ -106.569959151008533, 31.83635978324228 ] ] ] } },
{ "type": "Feature", "properties": { "district": 1, "zonelabel": "A-O", "state_cd_clean": null, "use_desc": "Unknown", "targetlotarea": 57284, "existing_units": 0, "footprint_sqft": 0.0, "interior_sqft": 0.0, "coverage_pct": 0.0, "in_corridor": false, "in_historic": false, "context_type": "Suburban" }, "geometry": { "type": "Polygon", "coordinates": [ [ [ -106.524469538277899, 31.838435482961 ], [ -106.524384244259849, 31.838872081033692 ], [ -106.525427029064716, 31.839056540850308 ], [ -106.525665369076776, 31.838800159910694 ], [ -106.525674862674336, 31.838790522222478 ], [ -106.525393318603363, 31.838595928099242 ], [ -106.52500495917522, 31.838528476953613 ], [ -106.524685513469151, 31.838472994840551 ], [ -106.524469538277899, 31.838435482961 ] ] ] } },
{ "type": "Feature", "properties": { "district": 1, "zonelabel": "C-4", "state_cd_clean": null, "use_desc": "Unknown", "targetlotarea": 20261, "existing_units": 0, "footprint_sqft": 0.0, "interior_sqft": 0.0, "coverage_pct": 0.0, "in_corridor": false, "in_historic": false, "context_type": "Suburban" }, "geometry": { "type": "Polygon", "coordinates": [ [ [ -106.573439461667007, 31.836271509629821 ], [ -106.573103206930497, 31.83646639143905 ], [ -106.573140357174623, 31.836576950998726 ], [ -106.573183655941804, 31.83668586812361 ], [ -106.573233002227113, 31.836792893830115 ], [ -106.57369961359673, 31.836656167876132 ], [ -106.573612505790138, 31.836530835737005 ], [ -106.573630781644766, 31.836520823868771 ], [ -106.573439461667007, 31.836271509629821 ] ] ] } },
{ "type": "Feature", "properties": { "district": 1, "zonelabel": "A-O", "state_cd_clean": null, "use_desc": "Unknown", "targetlotarea": 5760, "existing_units": 0, "footprint_sqft": 0.0, "interior_sqft": 0.0, "coverage_pct": 0.0, "in_corridor": false, "in_historic": false, "context_type": "Suburban" }, "geometry": { "type": "Polygon", "coordinates": [ [ [ -106.523036183009182, 31.83918194998537 ], [ -106.523054612776789, 31.839200047379485 ], [ -106.523249021097541, 31.839055765354718 ], [ -106.523096907750656, 31.838906402441623 ], [ -106.522902499504553, 31.839050684248427 ], [ -106.522930927357592, 31.839078597019313 ], [ -106.523012359631309, 31.839158557661779 ], [ -106.523036183009182, 31.83918194998537 ] ] ] } },
{ "type": "Feature", "properties": { "district": 1, "zonelabel": "A-O", "state_cd_clean": null, "use_desc": "Unknown", "targetlotarea": 4340, "existing_units": 0, "footprint_sqft": 0.0, "interior_sqft": 0.0, "coverage_pct": 0.0, "in_corridor": false, "in_historic": false, "context_type": "Suburban" }, "geometry": { "type": "Polygon", "coordinates": [ [ [ -106.522635564205586, 31.839284391911207 ], [ -106.522860842392674, 31.839290837082835 ], [ -106.522867529053684, 31.839120503683723 ], [ -106.522642251270227, 31.839114058523172 ], [ -106.522635564205586, 31.839284391911207 ] ] ] } },
{ "type": "Feature", "properties": { "district": 1, "zonelabel": "A-O", "state_cd_clean": null, "use_desc": "Unknown", "targetlotarea": 76435, "existing_units": 0, "footprint_sqft": 0.0, "interior_sqft": 0.0, "coverage_pct": 0.0, "in_corridor": false, "in_historic": false, "context_type": "Suburban" }, "geometry": { "type": "Polygon", "coordinates": [ [ [ -106.522588952824961, 31.839332713645224 ], [ -106.522939668714884, 31.839351467439684 ], [ -106.522960985123291, 31.839311689934124 ], [ -106.522988494755907, 31.839274786553304 ], [ -106.523021677052199, 31.839241454967819 ], [ -106.52305990449581, 31.839212326576771 ], [ -106.523102452281876, 31.83918795249998 ], [ -106.523148516715821, 31.839168793670726 ], [ -106.523197225350032, 31.839155214031543 ], [ -106.523232485048965, 31.83914071666884 ], [ -106.523264384647348, 31.839121360602721 ], [ -106.523292013162646, 31.839097697684277 ], [ -106.523314582991702, 31.839070403063307 ], [ -106.523331449773195, 31.839040255275187 ], [ -106.523342133187143, 31.839008114476623 ], [ -106.523516390078242, 31.838242587592603 ], [ -106.523576283502976, 31.837979463651269 ], [ -106.523437663168963, 31.838022615514408 ], [ -106.522978696501013, 31.838099999648584 ], [ -106.522511241465651, 31.838116099018432 ], [ -106.52249229608303, 31.838201072668653 ], [ -106.522478891436521, 31.838261194553446 ], [ -106.522446890842986, 31.838404722569745 ], [ -106.522432381142806, 31.838469801638858 ], [ -106.52242972001585, 31.838481737275242 ], [ -106.522499831606794, 31.838718956958999 ], [ -106.52254364300579, 31.838867194005893 ], [ -106.522558030380097, 31.83891587266265 ], [ -106.522583645228735, 31.839002534866065 ], [ -106.522602024956029, 31.839064725124203 ], [ -106.522600868825535, 31.839088440770954 ], [ -106.522593510736627, 31.839239278662546 ], [ -106.52259010078977, 31.839309197104864 ], [ -106.522589837436882, 31.839314583069754 ], [ -106.522589515448601, 31.839321194825146 ], [ -106.522589442617104, 31.83932268955634 ], [ -106.522589094690602, 31.839329795720289 ], [ -106.522588952824961, 31.839332713645224 ] ], [ [ -106.523447128405437, 31.838430136521065 ], [ -106.523219542706428, 31.83839238345443 ], [ -106.523273595192336, 31.838154926069581 ], [ -106.523501179288957, 31.838192679095762 ], [ -106.523447128405437, 31.838430136521065 ] ], [ [ -106.522810732017049, 31.838189822515108 ], [ -106.522760479414913, 31.838405506736095 ], [ -106.522533091041495, 31.838366895853401 ], [ -106.522567964386113, 31.838217224594285 ], [ -106.522583344198409, 31.838151212617117 ], [ -106.522810732017049, 31.838189822515108 ] ], [ [ -106.523227818758045, 31.838651381367075 ], [ -106.523163032648668, 31.8386406340782 ], [ -106.523189568650352, 31.838524062216479 ], [ -106.523212170895789, 31.838424764214956 ], [ -106.523439757724233, 31.838462517243791 ], [ -106.523390618978894, 31.838678388140192 ], [ -106.523227818758045, 31.838651381367075 ] ], [ [ -106.523012359631309, 31.839158557661779 ], [ -106.522930927357592, 31.839078597019313 ], [ -106.522902499504553, 31.839050684248427 ], [ -106.523096907750656, 31.838906402441623 ], [ -106.523249021097541, 31.839055765354718 ], [ -106.523054612776789, 31.839200047379485 ], [ -106.523036183009182, 31.83918194998537 ], [ -106.523012359631309, 31.839158557661779 ] ], [ [ -106.523335337901727, 31.838921243066054 ], [ -106.523205509620951, 31.8388997056249 ], [ -106.523107751011452, 31.8388834889113 ], [ -106.523156890564692, 31.83866761904034 ], [ -106.523384476898414, 31.838705372212132 ], [ -106.523335337901727, 31.838921243066054 ] ], [ [ -106.522766447499279, 31.838642155898231 ], [ -106.52253756101112, 31.838673665216138 ], [ -106.522496549074688, 31.838456562109599 ], [ -106.522669435578479, 31.838432762815394 ], [ -106.522725436166709, 31.838425053711195 ], [ -106.522766447499279, 31.838642155898231 ] ], [ [ -106.522811560012073, 31.838880970532777 ], [ -106.522582672963296, 31.838912479926847 ], [ -106.522542686754605, 31.838700803590037 ], [ -106.522640113927508, 31.838687391748135 ], [ -106.522771573365276, 31.838669295163886 ], [ -106.522804981181082, 31.838846141420795 ], [ -106.522811560012073, 31.838880970532777 ] ], [ [ -106.522867529053684, 31.839120503683723 ], [ -106.522860842392674, 31.839290837082835 ], [ -106.522635564205586, 31.839284391911207 ], [ -106.522642251270227, 31.839114058523172 ], [ -106.522867529053684, 31.839120503683723 ] ] ] } },
{ "type": "Feature", "properties": { "district": 1, "zonelabel": "C-4", "state_cd_clean": null, "use_desc": "Unknown", "targetlotarea": 60926, "existing_units": 0, "footprint_sqft": 0.0, "interior_sqft": 0.0, "coverage_pct": 0.0, "in_corridor": false, "in_historic": false, "context_type": "Suburban" }, "geometry": { "type": "Polygon", "coordinates": [ [ [ -106.572556584430586, 31.836872638812718 ], [ -106.572602062119458, 31.836984706154155 ], [ -106.573233002227113, 31.836792893830115 ], [ -106.573183655941804, 31.83668586812361 ], [ -106.573140357174623, 31.836576950998726 ], [ -106.573103206930497, 31.83646639143905 ], [ -106.572992818571691, 31.836187003880745 ], [ -106.572925919684863, 31.836028746521499 ], [ -106.572295241553022, 31.83622862397063 ], [ -106.572354359812422, 31.836374306070734 ], [ -106.572407779673938, 31.836505947066598 ], [ -106.572465508042242, 31.836648203671889 ], [ -106.572514296523636, 31.836768431520539 ], [ -106.572556584430586, 31.836872638812718 ] ] ] } },
{ "type": "Feature", "properties": { "district": 1, "zonelabel": "A-O", "state_cd_clean": null, "use_desc": "Unknown", "targetlotarea": 27115, "existing_units": 0, "footprint_sqft": 0.0, "interior_sqft": 0.0, "coverage_pct": 0.0, "in_corridor": false, "in_historic": false, "context_type": "Suburban" }, "geometry": { "type": "Polygon", "coordinates": [ [ [ -106.523236928510414, 31.839233350647099 ], [ -106.523457872228789, 31.8393775860375 ], [ -106.523585836219837, 31.838722605603515 ], [ -106.523675138010816, 31.838265503460388 ], [ -106.523611639262242, 31.838256337296567 ], [ -106.523516390078242, 31.838242587592603 ], [ -106.523342133187143, 31.839008114476623 ], [ -106.523331449773195, 31.839040255275187 ], [ -106.523314582991702, 31.839070403063307 ], [ -106.523292013162646, 31.839097697684277 ], [ -106.523264384647348, 31.839121360602721 ], [ -106.523232485048965, 31.83914071666884 ], [ -106.523197225350032, 31.839155214031543 ], [ -106.523148516715821, 31.839168793670726 ], [ -106.523102452281876, 31.83918795249998 ], [ -106.52305990449581, 31.839212326576771 ], [ -106.523021677052199, 31.839241454967819 ], [ -106.522988494755907, 31.839274786553304 ], [ -106.522960985123291, 31.839311689934124 ], [ -106.522939668714884, 31.839351467439684 ], [ -106.52301683894818, 31.839355984301339 ], [ -106.523039590358039, 31.839366011596688 ], [ -106.523085680982319, 31.839326447092095 ], [ -106.52318982919077, 31.839345475331903 ], [ -106.523236928510414, 31.839233350647099 ] ] ] } },
{ "type": "Feature", "properties": { "district": 1, "zonelabel": "C-4", "state_cd_clean": null, "use_desc": "Unknown", "targetlotarea": 35908, "existing_units": 0, "footprint_sqft": 0.0, "interior_sqft": 0.0, "coverage_pct": 0.0, "in_corridor": false, "in_historic": false, "context_type": "Suburban" }, "geometry": { "type": "Polygon", "coordinates": [ [ [ -106.571155016950513, 31.837003567664933 ], [ -106.571327023887946, 31.837388912336174 ], [ -106.5720472341755, 31.837165266413766 ], [ -106.571883611278196, 31.83677731853901 ], [ -106.571155016950513, 31.837003567664933 ] ] ] } },
{ "type": "Feature", "properties": { "district": 1, "zonelabel": "C-4", "state_cd_clean": null, "use_desc": "Unknown", "targetlotarea": 79299, "existing_units": 0, "footprint_sqft": 0.0, "interior_sqft": 0.0, "coverage_pct": 0.0, "in_corridor": false, "in_historic": false, "context_type": "Suburban" }, "geometry": { "type": "Polygon", "coordinates": [ [ [ -106.570140379440716, 31.836878034224004 ], [ -106.570393096263572, 31.83759483893046 ], [ -106.570390739015423, 31.837567965663755 ], [ -106.570393753751645, 31.837541141212448 ], [ -106.570402053904871, 31.837515141119724 ], [ -106.570415398012926, 31.837490718541932 ], [ -106.570433399900779, 31.837468582081982 ], [ -106.570455537689597, 31.837449371873365 ], [ -106.570481170780923, 31.837433644313645 ], [ -106.570509556722001, 31.837421854998066 ], [ -106.570539873641138, 31.837414345902186 ], [ -106.570571242741593, 31.837411333464775 ], [ -106.570602755666073, 31.837412906373817 ], [ -106.570633500450782, 31.837419017999739 ], [ -106.570662586139917, 31.837429490635657 ], [ -106.57068916974616, 31.837444023238213 ], [ -106.570712481742447, 31.837462192915712 ], [ -106.570727676173433, 31.837480058746035 ], [ -106.570746036401871, 31.837495606828092 ], [ -106.570767086146446, 31.837508432733973 ], [ -106.570790276566726, 31.837518203258181 ], [ -106.570815005841155, 31.837524664512433 ], [ -106.570840630188897, 31.837527648624004 ], [ -106.571026413018245, 31.837482259354918 ], [ -106.571327023887946, 31.837388912336174 ], [ -106.571155016950513, 31.837003567664933 ], [ -106.570987223840902, 31.836615071657423 ], [ -106.570940349140841, 31.836629627674963 ], [ -106.570140379440716, 31.836878034224004 ] ] ] } },
{ "type": "Feature", "properties": { "district": 1, "zonelabel": "C-4", "state_cd_clean": null, "use_desc": "Unknown", "targetlotarea": 43547, "existing_units": 0, "footprint_sqft": 0.0, "interior_sqft": 0.0, "coverage_pct": 0.0, "in_corridor": false, "in_historic": false, "context_type": "Suburban" }, "geometry": { "type": "Polygon", "coordinates": [ [ [ -106.572341993669141, 31.83726170899299 ], [ -106.572560805634268, 31.83776761636123 ], [ -106.573190738198335, 31.837579114576254 ], [ -106.572966107233611, 31.837045140430252 ], [ -106.572365908382352, 31.837208693112526 ], [ -106.572359158445025, 31.837211470831917 ], [ -106.572353045831875, 31.837215170959453 ], [ -106.572347741466501, 31.837219689555827 ], [ -106.572343394692297, 31.837224900230808 ], [ -106.572340126007646, 31.837230656298214 ], [ -106.572338027480157, 31.837236797078901 ], [ -106.572337158705665, 31.837243150804007 ], [ -106.572337542884654, 31.837249539319796 ], [ -106.572339169287559, 31.837255783388837 ], [ -106.572341993669141, 31.83726170899299 ] ] ] } },
{ "type": "Feature", "properties": { "district": 1, "zonelabel": "C-4", "state_cd_clean": null, "use_desc": "Unknown", "targetlotarea": 34176, "existing_units": 0, "footprint_sqft": 0.0, "interior_sqft": 0.0, "coverage_pct": 0.0, "in_corridor": false, "in_historic": false, "context_type": "Suburban" }, "geometry": { "type": "Polygon", "coordinates": [ [ [ -106.571430581584877, 31.837506068753278 ], [ -106.5716117218021, 31.837934082343793 ], [ -106.572228531781704, 31.837745828547408 ], [ -106.572082729969679, 31.837368295147442 ], [ -106.572076763335986, 31.837358254874502 ], [ -106.572068888668468, 31.837349223775195 ], [ -106.572059332695105, 31.837341463771789 ], [ -106.572048373745702, 31.837335200892248 ], [ -106.572036328443446, 31.837330615971958 ], [ -106.572023547308035, 31.837327842155062 ], [ -106.572010399574694, 31.837326959298679 ], [ -106.571997266806306, 31.837327993376014 ], [ -106.571984530117845, 31.837330915282362 ], [ -106.571430581584877, 31.837506068753278 ] ] ] } },
{ "type": "Feature", "properties": { "district": 1, "zonelabel": "A-O", "state_cd_clean": null, "use_desc": "Unknown", "targetlotarea": 203413, "existing_units": 0, "footprint_sqft": 0.0, "interior_sqft": 0.0, "coverage_pct": 0.0, "in_corridor": false, "in_historic": false, "context_type": "Suburban" }, "geometry": { "type": "Polygon", "coordinates": [ [ [ -106.523039590358039, 31.839366011596688 ], [ -106.524319630227012, 31.840239998931057 ], [ -106.52441450828168, 31.840133436350655 ], [ -106.525427029064716, 31.839056540850308 ], [ -106.524384244259849, 31.838872081033692 ], [ -106.523677736042259, 31.838747171123352 ], [ -106.523585836219837, 31.838722605603515 ], [ -106.523457872228789, 31.8393775860375 ], [ -106.523236928510414, 31.839233350647099 ], [ -106.52318982919077, 31.839345475331903 ], [ -106.523085680982319, 31.839326447092095 ], [ -106.523039590358039, 31.839366011596688 ] ] ] } },
{ "type": "Feature", "properties": { "district": 1, "zonelabel": "C-4", "state_cd_clean": null, "use_desc": "Unknown", "targetlotarea": 57533, "existing_units": 0, "footprint_sqft": 0.0, "interior_sqft": 0.0, "coverage_pct": 0.0, "in_corridor": false, "in_historic": false, "context_type": "Suburban" }, "geometry": { "type": "Polygon", "coordinates": [ [ [ -106.573928450255039, 31.836738809118945 ], [ -106.574027148568675, 31.837871387223423 ], [ -106.574616377941936, 31.837675558615405 ], [ -106.574176285579654, 31.836593949619044 ], [ -106.573928450255039, 31.836738809118945 ] ] ] } },
{ "type": "Feature", "properties": { "district": 1, "zonelabel": "C-4", "state_cd_clean": null, "use_desc": "Unknown", "targetlotarea": 69022, "existing_units": 0, "footprint_sqft": 0.0, "interior_sqft": 0.0, "coverage_pct": 0.0, "in_corridor": false, "in_historic": false, "context_type": "Suburban" }, "geometry": { "type": "Polygon", "coordinates": [ [ [ -106.573247474172504, 31.836959794736149 ], [ -106.573659660177057, 31.837991694583447 ], [ -106.574027148568675, 31.837871387223423 ], [ -106.573928450255039, 31.836738809118945 ], [ -106.573247474172504, 31.836959794736149 ] ] ] } },
{ "type": "Feature", "properties": { "district": 1, "zonelabel": "C-4", "state_cd_clean": null, "use_desc": "Unknown", "targetlotarea": 3298, "existing_units": 0, "footprint_sqft": 0.0, "interior_sqft": 0.0, "coverage_pct": 0.0, "in_corridor": false, "in_historic": false, "context_type": "Suburban" }, "geometry": { "type": "Polygon", "coordinates": [ [ [ -106.573659660177057, 31.837991694583447 ], [ -106.573690328500433, 31.838061250709732 ], [ -106.573755845704, 31.838042198649795 ], [ -106.574025067355024, 31.837957872654105 ], [ -106.574027148568675, 31.837871387223423 ], [ -106.573659660177057, 31.837991694583447 ] ] ] } },
{ "type": "Feature", "properties": { "district": 1, "zonelabel": "C-4", "state_cd_clean": null, "use_desc": "Unknown", "targetlotarea": 38208, "existing_units": 0, "footprint_sqft": 0.0, "interior_sqft": 0.0, "coverage_pct": 0.0, "in_corridor": false, "in_historic": false, "context_type": "Suburban" }, "geometry": { "type": "Polygon", "coordinates": [ [ [ -106.573190738198335, 31.837579114576254 ], [ -106.573414283771939, 31.838141524886435 ], [ -106.573690328500433, 31.838061250709732 ], [ -106.573659660177057, 31.837991694583447 ], [ -106.573247474172504, 31.836959794736149 ], [ -106.572966107233611, 31.837045140430252 ], [ -106.573190738198335, 31.837579114576254 ] ] ] } },
{ "type": "Feature", "properties": { "district": 1, "zonelabel": "C-4", "state_cd_clean": null, "use_desc": "Unknown", "targetlotarea": 44325, "existing_units": 0, "footprint_sqft": 0.0, "interior_sqft": 0.0, "coverage_pct": 0.0, "in_corridor": false, "in_historic": false, "context_type": "Suburban" }, "geometry": { "type": "Polygon", "coordinates": [ [ [ -106.572560805634268, 31.83776761636123 ], [ -106.572789199959018, 31.838322588813451 ], [ -106.573414283771939, 31.838141524886435 ], [ -106.573190738198335, 31.837579114576254 ], [ -106.572560805634268, 31.83776761636123 ] ] ] } },
{ "type": "Feature", "properties": { "district": 1, "zonelabel": "C-4", "state_cd_clean": null, "use_desc": "Unknown", "targetlotarea": 26496, "existing_units": 0, "footprint_sqft": 0.0, "interior_sqft": 0.0, "coverage_pct": 0.0, "in_corridor": false, "in_historic": false, "context_type": "Suburban" }, "geometry": { "type": "Polygon", "coordinates": [ [ [ -106.570600531493071, 31.838171430666453 ], [ -106.570739914459168, 31.838557238012068 ], [ -106.570971117672968, 31.837643785043849 ], [ -106.570438419997515, 31.837720821069695 ], [ -106.570498401450735, 31.837887547593084 ], [ -106.570498414484987, 31.837887584905992 ], [ -106.570600531493071, 31.838171430666453 ] ] ] } },
{ "type": "Feature", "properties": { "district": 1, "zonelabel": "C-4", "state_cd_clean": null, "use_desc": "Unknown", "targetlotarea": 70696, "existing_units": 0, "footprint_sqft": 0.0, "interior_sqft": 0.0, "coverage_pct": 0.0, "in_corridor": false, "in_historic": false, "context_type": "Suburban" }, "geometry": { "type": "Polygon", "coordinates": [ [ [ -106.571843708441477, 31.838606493933209 ], [ -106.572727937873907, 31.838775226832041 ], [ -106.572563430789756, 31.838457240154394 ], [ -106.572228531781704, 31.837745828547408 ], [ -106.5716117218021, 31.837934082343793 ], [ -106.571675460745865, 31.838084687359071 ], [ -106.571721832171875, 31.838185750864639 ], [ -106.571761943110133, 31.838288748407361 ], [ -106.571795684937584, 31.838393396149808 ], [ -106.571822964792233, 31.838499408595144 ], [ -106.571843708441477, 31.838606493933209 ] ] ] } },
{ "type": "Feature", "properties": { "district": 1, "zonelabel": "C-4", "state_cd_clean": null, "use_desc": "Unknown", "targetlotarea": 65663, "existing_units": 0, "footprint_sqft": 0.0, "interior_sqft": 0.0, "coverage_pct": 0.0, "in_corridor": false, "in_historic": false, "context_type": "Suburban" }, "geometry": { "type": "Polygon", "coordinates": [ [ [ -106.573177049504736, 31.838844301522201 ], [ -106.573188095355917, 31.838843806363943 ], [ -106.573198993632786, 31.838842193701733 ], [ -106.573209590170052, 31.838839484474505 ], [ -106.573988855398682, 31.838600895356887 ], [ -106.573755845704, 31.838042198649795 ], [ -106.573690328500433, 31.838061250709732 ], [ -106.573414283771939, 31.838141524886435 ], [ -106.572789199959018, 31.838322588813451 ], [ -106.572818363317367, 31.838393451119575 ], [ -106.573097016011076, 31.838804196293257 ], [ -106.573104178782103, 31.838813404177223 ], [ -106.573112772642375, 31.838821670898977 ], [ -106.573122630467495, 31.838828836460188 ], [ -106.573132920877143, 31.838834471009577 ], [ -106.573143996810074, 31.838838889130869 ], [ -106.573155660727636, 31.838842015384991 ], [ -106.5731677078373, 31.838843792746175 ], [ -106.573177049504736, 31.838844301522201 ] ] ] } },
{ "type": "Feature", "properties": { "district": 1, "zonelabel": "C-4", "state_cd_clean": null, "use_desc": "Unknown", "targetlotarea": 113771, "existing_units": 0, "footprint_sqft": 0.0, "interior_sqft": 0.0, "coverage_pct": 0.0, "in_corridor": false, "in_historic": false, "context_type": "Suburban" }, "geometry": { "type": "Polygon", "coordinates": [ [ [ -106.570828492409206, 31.838802415530498 ], [ -106.57174629659518, 31.838992390981797 ], [ -106.571757373478079, 31.83893659963476 ], [ -106.571764693063173, 31.838880358767785 ], [ -106.571768231455636, 31.838823851988362 ], [ -106.571760428460124, 31.838719662024133 ], [ -106.571746341322694, 31.838615953872264 ], [ -106.57172600728768, 31.838513003955303 ], [ -106.571699480416143, 31.838411086985811 ], [ -106.571666832462611, 31.838310473214332 ], [ -106.571628147719295, 31.838211430483327 ], [ -106.571583532449907, 31.83811422287171 ], [ -106.57133800367663, 31.837534068975994 ], [ -106.571115031627329, 31.837598714633899 ], [ -106.570971117672968, 31.837643785043849 ], [ -106.570739914459168, 31.838557238012068 ], [ -106.570828492409206, 31.838802415530498 ] ] ] } },
{ "type": "Feature", "properties": { "district": 1, "zonelabel": "C-4", "state_cd_clean": null, "use_desc": "Unknown", "targetlotarea": 20514, "existing_units": 0, "footprint_sqft": 0.0, "interior_sqft": 0.0, "coverage_pct": 0.0, "in_corridor": false, "in_historic": false, "context_type": "Suburban" }, "geometry": { "type": "Polygon", "coordinates": [ [ [ -106.573282146382155, 31.839124086063741 ], [ -106.573963195515802, 31.839243306298187 ], [ -106.573788768458542, 31.838812655949546 ], [ -106.573295764047032, 31.838958171052354 ], [ -106.573281067783952, 31.838965118060294 ], [ -106.573267979787602, 31.838974107055808 ], [ -106.573256883711522, 31.838984873958001 ], [ -106.573248108966908, 31.838997102186401 ], [ -106.573241912269779, 31.839010431675003 ], [ -106.573238476182595, 31.839024468877906 ], [ -106.57323790156434, 31.839038800680548 ], [ -106.573258249690966, 31.839082113746926 ], [ -106.573282146382155, 31.839124086063741 ] ] ] } },
{ "type": "Feature", "properties": { "district": 1, "zonelabel": "C-4", "state_cd_clean": null, "use_desc": "Unknown", "targetlotarea": 24425, "existing_units": 0, "footprint_sqft": 0.0, "interior_sqft": 0.0, "coverage_pct": 0.0, "in_corridor": false, "in_historic": false, "context_type": "Suburban" }, "geometry": { "type": "Polygon", "coordinates": [ [ [ -106.573963195515802, 31.839243306298187 ], [ -106.574191829364651, 31.839283328764498 ], [ -106.574363071569081, 31.838661467094941 ], [ -106.574345900000893, 31.838658483064766 ], [ -106.57432839160262, 31.838657825759626 ], [ -106.5743109792121, 31.838659512365005 ], [ -106.574294089707337, 31.838663501639441 ], [ -106.573788768458542, 31.838812655949546 ], [ -106.573963195515802, 31.839243306298187 ] ] ] } },
{ "type": "Feature", "properties": { "district": 1, "zonelabel": "C-3", "state_cd_clean": null, "use_desc": "Unknown", "targetlotarea": 36780, "existing_units": 0, "footprint_sqft": 0.0, "interior_sqft": 0.0, "coverage_pct": 0.0, "in_corridor": false, "in_historic": false, "context_type": "Suburban" }, "geometry": { "type": "Polygon", "coordinates": [ [ [ -106.577616977976092, 31.838713647374384 ], [ -106.577831063846872, 31.839114271079946 ], [ -106.578601509522372, 31.83888384612419 ], [ -106.578549308429501, 31.838774085839027 ], [ -106.578493060401485, 31.83866579150385 ], [ -106.578432823429424, 31.838559072338203 ], [ -106.577616977976092, 31.838713647374384 ] ] ] } },
{ "type": "Feature", "properties": { "district": 1, "zonelabel": "C-3", "state_cd_clean": null, "use_desc": "Unknown", "targetlotarea": 21231, "existing_units": 0, "footprint_sqft": 0.0, "interior_sqft": 0.0, "coverage_pct": 0.0, "in_corridor": false, "in_historic": false, "context_type": "Suburban" }, "geometry": { "type": "Polygon", "coordinates": [ [ [ -106.577210503783235, 31.838790658401315 ], [ -106.577445117506699, 31.839229699843976 ], [ -106.577831063846872, 31.839114271079946 ], [ -106.577616977976092, 31.838713647374384 ], [ -106.577210503783235, 31.838790658401315 ] ] ] } },
{ "type": "Feature", "properties": { "district": 1, "zonelabel": "S-D", "state_cd_clean": null, "use_desc": "Unknown", "targetlotarea": 309501, "existing_units": 0, "footprint_sqft": 0.0, "interior_sqft": 0.0, "coverage_pct": 0.0, "in_corridor": false, "in_historic": false, "context_type": "Suburban" }, "geometry": { "type": "Polygon", "coordinates": [ [ [ -106.522736461609696, 31.841851747837769 ], [ -106.522796148862525, 31.841894202593508 ], [ -106.524319630227012, 31.840239998931057 ], [ -106.523039590358039, 31.839366011596688 ], [ -106.52301683894818, 31.839355984301339 ], [ -106.523027456777939, 31.839363020687692 ], [ -106.522895582173604, 31.839894145297386 ], [ -106.522894976516938, 31.839893749566514 ], [ -106.522888730144999, 31.839916543849956 ], [ -106.522694652257329, 31.840226331175401 ], [ -106.522512747054549, 31.840497202686976 ], [ -106.522294550280776, 31.840793282873211 ], [ -106.522184086292967, 31.840942204704355 ], [ -106.521984520049173, 31.841086525838961 ], [ -106.521820771759991, 31.841209054713659 ], [ -106.521885759040359, 31.841250013225043 ], [ -106.522736461609696, 31.841851747837769 ] ] ] } },
{ "type": "Feature", "properties": { "district": 1, "zonelabel": "C-4", "state_cd_clean": null, "use_desc": "Unknown", "targetlotarea": 19020, "existing_units": 0, "footprint_sqft": 0.0, "interior_sqft": 0.0, "coverage_pct": 0.0, "in_corridor": false, "in_historic": false, "context_type": "Suburban" }, "geometry": { "type": "Polygon", "coordinates": [ [ [ -106.573981057956473, 31.839394536164168 ], [ -106.574290285715051, 31.83945411392104 ], [ -106.574330624248617, 31.839307625234799 ], [ -106.574191829364651, 31.839283328764498 ], [ -106.573963195515802, 31.839243306298187 ], [ -106.573282146382155, 31.839124086063741 ], [ -106.573485290417565, 31.839455558290549 ], [ -106.573716398904821, 31.839341044540202 ], [ -106.573849052107306, 31.839366623225278 ], [ -106.573981057956473, 31.839394536164168 ] ] ] } },
{ "type": "Feature", "properties": { "district": 1, "zonelabel": "C-3", "state_cd_clean": null, "use_desc": "Unknown", "targetlotarea": 25352, "existing_units": 0, "footprint_sqft": 0.0, "interior_sqft": 0.0, "coverage_pct": 0.0, "in_corridor": false, "in_historic": false, "context_type": "Suburban" }, "geometry": { "type": "Polygon", "coordinates": [ [ [ -106.576746118799875, 31.838842979755384 ], [ -106.577033762197672, 31.839352724176059 ], [ -106.577445117506699, 31.839229699843976 ], [ -106.577210503783235, 31.838790658401315 ], [ -106.576861883587355, 31.838856706876761 ], [ -106.576746118799875, 31.838842979755384 ] ] ] } },
{ "type": "Feature", "properties": { "district": 1, "zonelabel": "C-3", "state_cd_clean": null, "use_desc": "Unknown", "targetlotarea": 83894, "existing_units": 0, "footprint_sqft": 0.0, "interior_sqft": 0.0, "coverage_pct": 0.0, "in_corridor": false, "in_historic": false, "context_type": "Suburban" }, "geometry": { "type": "Polygon", "coordinates": [ [ [ -106.571774191957928, 31.839514112067796 ], [ -106.572312504363353, 31.839618369994422 ], [ -106.572409127826958, 31.839232046045993 ], [ -106.572714199674422, 31.839289387821282 ], [ -106.572728292203948, 31.839233041742883 ], [ -106.57293939714404, 31.839085144772117 ], [ -106.572727937873907, 31.838775226832041 ], [ -106.571843708441477, 31.838606493933209 ], [ -106.571857086373782, 31.838681942810933 ], [ -106.571864249105289, 31.83875800479154 ], [ -106.571865161676598, 31.838834309401815 ], [ -106.571859819420609, 31.838910480199363 ], [ -106.571848248732934, 31.838986146478781 ], [ -106.571790613359099, 31.839209119598429 ], [ -106.571728495918322, 31.839431213590828 ], [ -106.571725263624757, 31.839442126485206 ], [ -106.57172426537312, 31.839453350532203 ], [ -106.571725530180899, 31.839464554646494 ], [ -106.571729021609229, 31.839475409975975 ], [ -106.571734635949227, 31.839485594505437 ], [ -106.571742207566146, 31.839494809962677 ], [ -106.571751514350936, 31.83950278426698 ], [ -106.571762281595213, 31.839509282182661 ], [ -106.571774191957928, 31.839514112067796 ] ] ] } },
{ "type": "Feature", "properties": { "district": 1, "zonelabel": "C-3", "state_cd_clean": null, "use_desc": "Unknown", "targetlotarea": 14412, "existing_units": 0, "footprint_sqft": 0.0, "interior_sqft": 0.0, "coverage_pct": 0.0, "in_corridor": false, "in_historic": false, "context_type": "Suburban" }, "geometry": { "type": "Polygon", "coordinates": [ [ [ -106.572309134770038, 31.839631843944829 ], [ -106.572613543230972, 31.839689087728168 ], [ -106.572714199674422, 31.839289387821282 ], [ -106.572409127826958, 31.839232046045993 ], [ -106.572312504363353, 31.839618369994422 ], [ -106.572309134770038, 31.839631843944829 ] ] ] } },
{ "type": "Feature", "properties": { "district": 1, "zonelabel": "C-3", "state_cd_clean": null, "use_desc": "Unknown", "targetlotarea": 15415, "existing_units": 0, "footprint_sqft": 0.0, "interior_sqft": 0.0, "coverage_pct": 0.0, "in_corridor": false, "in_historic": false, "context_type": "Suburban" }, "geometry": { "type": "Polygon", "coordinates": [ [ [ -106.578357774283262, 31.839160981007439 ], [ -106.578582048978319, 31.839532387883359 ], [ -106.578863950072972, 31.839408468122414 ], [ -106.578708917017721, 31.839055277398074 ], [ -106.578357774283262, 31.839160981007439 ] ] ] } },
{ "type": "Feature", "properties": { "district": 1, "zonelabel": "C-3", "state_cd_clean": null, "use_desc": "Unknown", "targetlotarea": 44576, "existing_units": 0, "footprint_sqft": 0.0, "interior_sqft": 0.0, "coverage_pct": 0.0, "in_corridor": false, "in_historic": false, "context_type": "Suburban" }, "geometry": { "type": "Polygon", "coordinates": [ [ [ -106.573512695753152, 31.83986445135751 ], [ -106.574143753268416, 31.839986230808666 ], [ -106.574146108939104, 31.839977678577512 ], [ -106.574151064253471, 31.839959682628859 ], [ -106.574290285715051, 31.83945411392104 ], [ -106.573981057956473, 31.839394536164168 ], [ -106.573849052107306, 31.839366623225278 ], [ -106.573716398904821, 31.839341044540202 ], [ -106.573485290417565, 31.839455558290549 ], [ -106.573484901723759, 31.839669956506878 ], [ -106.57346835326166, 31.839806289745173 ], [ -106.573466423846725, 31.839813312156959 ], [ -106.573465842275766, 31.83982050842204 ], [ -106.573466623712875, 31.839827690835708 ], [ -106.573468746345014, 31.839834672562482 ], [ -106.573472156952192, 31.839841271885511 ], [ -106.573476767043672, 31.839847317811394 ], [ -106.573482454030994, 31.839852651820628 ], [ -106.573489072368432, 31.839857136366064 ], [ -106.573496449274558, 31.839860654175077 ], [ -106.573504392530324, 31.839863114198383 ], [ -106.573512695753152, 31.83986445135751 ] ] ] } },
{ "type": "Feature", "properties": { "district": 1, "zonelabel": "C-3", "state_cd_clean": null, "use_desc": "Unknown", "targetlotarea": 43204, "existing_units": 0, "footprint_sqft": 0.0, "interior_sqft": 0.0, "coverage_pct": 0.0, "in_corridor": false, "in_historic": false, "context_type": "Suburban" }, "geometry": { "type": "Polygon", "coordinates": [ [ [ -106.577576470981498, 31.839396169680779 ], [ -106.577852399773079, 31.83985312598838 ], [ -106.578582048978319, 31.839532387883359 ], [ -106.578357774283262, 31.839160981007439 ], [ -106.577576470981498, 31.839396169680779 ] ] ] } },
{ "type": "Feature", "properties": { "district": 1, "zonelabel": "C-3", "state_cd_clean": null, "use_desc": "Unknown", "targetlotarea": 20981, "existing_units": 0, "footprint_sqft": 0.0, "interior_sqft": 0.0, "coverage_pct": 0.0, "in_corridor": false, "in_historic": false, "context_type": "Suburban" }, "geometry": { "type": "Polygon", "coordinates": [ [ [ -106.577245679126534, 31.839495173506716 ], [ -106.577543500302227, 31.839988910417336 ], [ -106.577852399773079, 31.83985312598838 ], [ -106.577576470981498, 31.839396169680779 ], [ -106.577245679126534, 31.839495173506716 ] ] ] } },
{ "type": "Feature", "properties": { "district": 1, "zonelabel": "C-3", "state_cd_clean": null, "use_desc": "Unknown", "targetlotarea": 22494, "existing_units": 0, "footprint_sqft": 0.0, "interior_sqft": 0.0, "coverage_pct": 0.0, "in_corridor": false, "in_historic": false, "context_type": "Suburban" }, "geometry": { "type": "Polygon", "coordinates": [ [ [ -106.574793507305515, 31.840093403641468 ], [ -106.575201284432254, 31.840169447743474 ], [ -106.575325071539652, 31.839702977195124 ], [ -106.574922457938783, 31.839625117890851 ], [ -106.574793507305515, 31.840093403641468 ] ] ] } },
{ "type": "Feature", "properties": { "district": 1, "zonelabel": "C-3", "state_cd_clean": null, "use_desc": "Unknown", "targetlotarea": 898, "existing_units": 0, "footprint_sqft": 0.0, "interior_sqft": 0.0, "coverage_pct": 0.0, "in_corridor": false, "in_historic": false, "context_type": "Suburban" }, "geometry": { "type": "Polygon", "coordinates": [ [ [ -106.574789042964369, 31.840110754625382 ], [ -106.575196171135929, 31.840189317481251 ], [ -106.575201284432254, 31.840169447743474 ], [ -106.574793507305515, 31.840093403641468 ], [ -106.574789042964369, 31.840110754625382 ] ] ] } },
{ "type": "Feature", "properties": { "district": 1, "zonelabel": "C-4", "state_cd_clean": null, "use_desc": "Unknown", "targetlotarea": 140288, "existing_units": 0, "footprint_sqft": 0.0, "interior_sqft": 0.0, "coverage_pct": 0.0, "in_corridor": false, "in_historic": false, "context_type": "Suburban" }, "geometry": { "type": "Polygon", "coordinates": [ [ [ -106.575196171135929, 31.840189317481251 ], [ -106.575247646495242, 31.840199249400722 ], [ -106.575252826923901, 31.840179113588402 ], [ -106.575336960847252, 31.840194890856569 ], [ -106.575616339026695, 31.839142080506296 ], [ -106.574534096344934, 31.838932790424032 ], [ -106.574537653229598, 31.838919386001084 ], [ -106.574545837355274, 31.838888549617693 ], [ -106.574550815957807, 31.83886978383546 ], [ -106.574558364779392, 31.838841337265556 ], [ -106.574616932430999, 31.838620637478009 ], [ -106.5745956466384, 31.838640196873531 ], [ -106.574571003180253, 31.838656632038091 ], [ -106.574543621411209, 31.838669530285841 ], [ -106.574514192944278, 31.838678563987781 ], [ -106.574483459452338, 31.838683506992023 ], [ -106.574452197841609, 31.83868423443149 ], [ -106.574421196168913, 31.838680726588482 ], [ -106.574391234892062, 31.838673073406653 ], [ -106.574363071569081, 31.838661467094941 ], [ -106.574191829364651, 31.839283328764498 ], [ -106.574330624248617, 31.839307625234799 ], [ -106.574290285715051, 31.83945411392104 ], [ -106.574151064253471, 31.839959682628859 ], [ -106.574146108939104, 31.839977678577512 ], [ -106.574143753268416, 31.839986230808666 ], [ -106.574789042964369, 31.840110754625382 ], [ -106.574793507305515, 31.840093403641468 ], [ -106.574922457938783, 31.839625117890851 ], [ -106.575325071539652, 31.839702977195124 ], [ -106.575201284432254, 31.840169447743474 ], [ -106.575196171135929, 31.840189317481251 ] ] ] } },
{ "type": "Feature", "properties": { "district": 1, "zonelabel": "C-3", "state_cd_clean": null, "use_desc": "Unknown", "targetlotarea": 156280, "existing_units": 0, "footprint_sqft": 0.0, "interior_sqft": 0.0, "coverage_pct": 0.0, "in_corridor": false, "in_historic": false, "context_type": "Suburban" }, "geometry": { "type": "Polygon", "coordinates": [ [ [ -106.575336960847252, 31.840194890856569 ], [ -106.575693143226417, 31.840261683847739 ], [ -106.575826729622094, 31.839758281194023 ], [ -106.576364137015233, 31.839862203838614 ], [ -106.576407437755435, 31.839792894545923 ], [ -106.576456965902025, 31.839726694629221 ], [ -106.576512416956504, 31.839664009803656 ], [ -106.576573449078893, 31.839605224993125 ], [ -106.576639688302748, 31.839550703177199 ], [ -106.576710727006216, 31.839500778238691 ], [ -106.576786129363782, 31.839455757411965 ], [ -106.576865431049939, 31.839415916780993 ], [ -106.576948144572086, 31.839381501927182 ], [ -106.577033762197672, 31.839352724176059 ], [ -106.576746118799875, 31.838842979755384 ], [ -106.57572775706592, 31.838722215236341 ], [ -106.575723181829176, 31.838739453262125 ], [ -106.575633060186433, 31.839079075484079 ], [ -106.575628078622472, 31.839097841457775 ], [ -106.575619896821223, 31.839128676004382 ], [ -106.575616339026695, 31.839142080506296 ], [ -106.575336960847252, 31.840194890856569 ] ] ] } },
{ "type": "Feature", "properties": { "district": 1, "zonelabel": "C-3", "state_cd_clean": null, "use_desc": "Unknown", "targetlotarea": 30534, "existing_units": 0, "footprint_sqft": 0.0, "interior_sqft": 0.0, "coverage_pct": 0.0, "in_corridor": false, "in_historic": false, "context_type": "Suburban" }, "geometry": { "type": "Polygon", "coordinates": [ [ [ -106.575693143226417, 31.840261683847739 ], [ -106.57612921997557, 31.840343458752837 ], [ -106.576151161922894, 31.840338772606163 ], [ -106.576171907076414, 31.84033107903662 ], [ -106.576190894588933, 31.840320586499878 ], [ -106.576207609847117, 31.840307578916214 ], [ -106.576221600874717, 31.840292407657724 ], [ -106.576239768001557, 31.840253274553003 ], [ -106.576250729665503, 31.84021223423391 ], [ -106.57626241796379, 31.840139965343205 ], [ -106.5762796910156, 31.840068516157906 ], [ -106.576302473207235, 31.839998201028418 ], [ -106.576330663195876, 31.839929329215618 ], [ -106.576364137015233, 31.839862203838614 ], [ -106.575826729622094, 31.839758281194023 ], [ -106.575693143226417, 31.840261683847739 ] ] ] } },
{ "type": "Feature", "properties": { "district": 1, "zonelabel": "C-3", "state_cd_clean": null, "use_desc": "Unknown", "targetlotarea": 65319, "existing_units": 0, "footprint_sqft": 0.0, "interior_sqft": 0.0, "coverage_pct": 0.0, "in_corridor": false, "in_historic": false, "context_type": "Suburban" }, "geometry": { "type": "Polygon", "coordinates": [ [ [ -106.572326711520134, 31.84048637300641 ], [ -106.573113359312842, 31.841015164049821 ], [ -106.573164855352047, 31.840825245541662 ], [ -106.57335309370869, 31.840131007638547 ], [ -106.572767832274707, 31.840008169248076 ], [ -106.572675312590988, 31.840108467365049 ], [ -106.572326711520134, 31.84048637300641 ] ] ] } },
{ "type": "Feature", "properties": { "district": 1, "zonelabel": "C-3", "state_cd_clean": null, "use_desc": "Unknown", "targetlotarea": 21897, "existing_units": 0, "footprint_sqft": 0.0, "interior_sqft": 0.0, "coverage_pct": 0.0, "in_corridor": false, "in_historic": false, "context_type": "Suburban" }, "geometry": { "type": "Polygon", "coordinates": [ [ [ -106.574557870245727, 31.840872694556118 ], [ -106.574963103602883, 31.840944140072814 ], [ -106.575072522921232, 31.8404918773352 ], [ -106.574670422565248, 31.840407488035606 ], [ -106.574557870245727, 31.840872694556118 ] ] ] } },
{ "type": "Feature", "properties": { "district": 1, "zonelabel": "C-3", "state_cd_clean": null, "use_desc": "Unknown", "targetlotarea": 3427, "existing_units": 0, "footprint_sqft": 0.0, "interior_sqft": 0.0, "coverage_pct": 0.0, "in_corridor": false, "in_historic": false, "context_type": "Suburban" }, "geometry": { "type": "Polygon", "coordinates": [ [ [ -106.578935265043057, 31.840914378826586 ], [ -106.579048861436775, 31.840940142256205 ], [ -106.579113952966125, 31.840688055372745 ], [ -106.579003490200549, 31.84065803627033 ], [ -106.578935265043057, 31.840914378826586 ] ] ] } },
{ "type": "Feature", "properties": { "district": 1, "zonelabel": "C-3", "state_cd_clean": null, "use_desc": "Unknown", "targetlotarea": 26627, "existing_units": 0, "footprint_sqft": 0.0, "interior_sqft": 0.0, "coverage_pct": 0.0, "in_corridor": false, "in_historic": false, "context_type": "Suburban" }, "geometry": { "type": "Polygon", "coordinates": [ [ [ -106.575578912149652, 31.841072542488281 ], [ -106.576164786471367, 31.841153444487677 ], [ -106.57616774025395, 31.84072172601369 ], [ -106.575707745862346, 31.840625190521713 ], [ -106.575578912149652, 31.841072542488281 ] ] ] } },
{ "type": "Feature", "properties": { "district": 1, "zonelabel": "C-3", "state_cd_clean": null, "use_desc": "Unknown", "targetlotarea": 634, "existing_units": 0, "footprint_sqft": 0.0, "interior_sqft": 0.0, "coverage_pct": 0.0, "in_corridor": false, "in_historic": false, "context_type": "Suburban" }, "geometry": { "type": "Polygon", "coordinates": [ [ [ -106.579380241345916, 31.841015637892738 ], [ -106.579565879918178, 31.841057930973811 ], [ -106.57950949711821, 31.840935511759351 ], [ -106.579515721205851, 31.840966978648229 ], [ -106.579504158560283, 31.840986755184748 ], [ -106.579486995729539, 31.84099898708568 ], [ -106.579467638354245, 31.841008535867779 ], [ -106.579446654315589, 31.841015123171072 ], [ -106.57942466137041, 31.841018553150725 ], [ -106.579402303779844, 31.841018727147961 ], [ -106.579380241345916, 31.841015637892738 ] ] ] } },
{ "type": "Feature", "properties": { "district": 1, "zonelabel": "C-3", "state_cd_clean": null, "use_desc": "Unknown", "targetlotarea": 18668, "existing_units": 0, "footprint_sqft": 0.0, "interior_sqft": 0.0, "coverage_pct": 0.0, "in_corridor": false, "in_historic": false, "context_type": "Suburban" }, "geometry": { "type": "Polygon", "coordinates": [ [ [ -106.576365877271755, 31.841172707291985 ], [ -106.576702298214045, 31.841238954122893 ], [ -106.576823562483597, 31.840847375325009 ], [ -106.576366290919239, 31.840755704816139 ], [ -106.576365877271755, 31.841172707291985 ] ] ] } },
{ "type": "Feature", "properties": { "district": 1, "zonelabel": "C-3", "state_cd_clean": null, "use_desc": "Unknown", "targetlotarea": 22695, "existing_units": 0, "footprint_sqft": 0.0, "interior_sqft": 0.0, "coverage_pct": 0.0, "in_corridor": false, "in_historic": false, "context_type": "Suburban" }, "geometry": { "type": "Polygon", "coordinates": [ [ [ -106.577021521965605, 31.841303596935322 ], [ -106.577190448680639, 31.841337804886564 ], [ -106.57729939024621, 31.840942015715019 ], [ -106.576823562483597, 31.840847375325009 ], [ -106.576702298214045, 31.841238954122893 ], [ -106.577021521965605, 31.841303596935322 ] ] ] } },
{ "type": "Feature", "properties": { "district": 1, "zonelabel": "C-3", "state_cd_clean": null, "use_desc": "Unknown", "targetlotarea": 91200, "existing_units": 0, "footprint_sqft": 0.0, "interior_sqft": 0.0, "coverage_pct": 0.0, "in_corridor": false, "in_historic": false, "context_type": "Suburban" }, "geometry": { "type": "Polygon", "coordinates": [ [ [ -106.572325025169434, 31.841112879506159 ], [ -106.572505354530193, 31.841640659212946 ], [ -106.573012190001307, 31.841388279919048 ], [ -106.573113359312842, 31.841015164049821 ], [ -106.572326711520134, 31.84048637300641 ], [ -106.571649365293879, 31.841220650111357 ], [ -106.571699543850571, 31.8413612715261 ], [ -106.572325025169434, 31.841112879506159 ] ] ] } },
{ "type": "Feature", "properties": { "district": 1, "zonelabel": "C-3", "state_cd_clean": null, "use_desc": "Unknown", "targetlotarea": 23080, "existing_units": 0, "footprint_sqft": 0.0, "interior_sqft": 0.0, "coverage_pct": 0.0, "in_corridor": false, "in_historic": false, "context_type": "Suburban" }, "geometry": { "type": "Polygon", "coordinates": [ [ [ -106.577190448680639, 31.841337804886564 ], [ -106.577679884731438, 31.84143720010384 ], [ -106.577764798813106, 31.841121292562054 ], [ -106.577769312231894, 31.841108343479181 ], [ -106.57777113972034, 31.841094922559247 ], [ -106.577770224385517, 31.841081435392578 ], [ -106.577766594833264, 31.841068284371456 ], [ -106.577760360770796, 31.8410558661908 ], [ -106.577751707602246, 31.841044554042476 ], [ -106.577740896771459, 31.841034686759318 ], [ -106.577728252512145, 31.841026560417834 ], [ -106.577714154985216, 31.841020420538257 ], [ -106.57729939024621, 31.840942015715019 ], [ -106.577190448680639, 31.841337804886564 ] ] ] } },
{ "type": "Feature", "properties": { "district": 1, "zonelabel": "C-3", "state_cd_clean": null, "use_desc": "Unknown", "targetlotarea": 48082, "existing_units": 0, "footprint_sqft": 0.0, "interior_sqft": 0.0, "coverage_pct": 0.0, "in_corridor": false, "in_historic": false, "context_type": "Suburban" }, "geometry": { "type": "Polygon", "coordinates": [ [ [ -106.573126615132296, 31.84156897979366 ], [ -106.573244754025694, 31.841708664556329 ], [ -106.573291426391549, 31.841510321203423 ], [ -106.573563853897554, 31.841567499035065 ], [ -106.573669988867692, 31.84119899430781 ], [ -106.573694379222218, 31.841204113687215 ], [ -106.573771430603045, 31.840936590773207 ], [ -106.573164855352047, 31.840825245541662 ], [ -106.573113359312842, 31.841015164049821 ], [ -106.573012190001307, 31.841388279919048 ], [ -106.572972721764344, 31.841556006440101 ], [ -106.573126615132296, 31.84156897979366 ] ] ] } },
{ "type": "Feature", "properties": { "district": 1, "zonelabel": "C-3", "state_cd_clean": null, "use_desc": "Unknown", "targetlotarea": 9945, "existing_units": 0, "footprint_sqft": 0.0, "interior_sqft": 0.0, "coverage_pct": 0.0, "in_corridor": false, "in_historic": false, "context_type": "Suburban" }, "geometry": { "type": "Polygon", "coordinates": [ [ [ -106.578248029436679, 31.841411330676987 ], [ -106.578574855869562, 31.841469016540586 ], [ -106.578575637815561, 31.84116081187074 ], [ -106.578330213589851, 31.84111867840911 ], [ -106.578248029436679, 31.841411330676987 ] ] ] } },
{ "type": "Feature", "properties": { "district": 1, "zonelabel": "C-3", "state_cd_clean": null, "use_desc": "Unknown", "targetlotarea": 17164, "existing_units": 0, "footprint_sqft": 0.0, "interior_sqft": 0.0, "coverage_pct": 0.0, "in_corridor": false, "in_historic": false, "context_type": "Suburban" }, "geometry": { "type": "Polygon", "coordinates": [ [ [ -106.57786872830431, 31.841473690062902 ], [ -106.578212054631052, 31.841539433830928 ], [ -106.578248029436679, 31.841411330676987 ], [ -106.578330213589851, 31.84111867840911 ], [ -106.578081790443576, 31.841068501966141 ], [ -106.578064162394043, 31.841067240266192 ], [ -106.578046526734099, 31.8410684186778 ], [ -106.578029343761145, 31.841072005183882 ], [ -106.578013061303523, 31.841077906942903 ], [ -106.57799810417265, 31.841085970795106 ], [ -106.577984863615001, 31.841095983767961 ], [ -106.577973684488853, 31.841107687241042 ], [ -106.577964858757653, 31.841120774547623 ], [ -106.577958616826535, 31.841134904036565 ], [ -106.577955121687594, 31.841149706578985 ], [ -106.57786872830431, 31.841473690062902 ] ] ] } },
{ "type": "Feature", "properties": { "district": 1, "zonelabel": "A-2", "state_cd_clean": null, "use_desc": "Unknown", "targetlotarea": 321700, "existing_units": 0, "footprint_sqft": 0.0, "interior_sqft": 0.0, "coverage_pct": 0.0, "in_corridor": false, "in_historic": false, "context_type": "Suburban" }, "geometry": { "type": "Polygon", "coordinates": [ [ [ -106.531648343017679, 31.843501529677134 ], [ -106.531817217030536, 31.84376846395261 ], [ -106.531922274199871, 31.843723291297223 ], [ -106.532029709142378, 31.843682396954478 ], [ -106.532139283492597, 31.843645873562188 ], [ -106.532250753843186, 31.843613801353527 ], [ -106.532363871980195, 31.843586251758754 ], [ -106.532518324103805, 31.84355667595737 ], [ -106.532673913621096, 31.843531827634209 ], [ -106.532830444708196, 31.843511737790152 ], [ -106.532987715973462, 31.84349643317568 ], [ -106.533244273866231, 31.843490424707621 ], [ -106.533500913014009, 31.843488006817811 ], [ -106.533757563648678, 31.843489180120315 ], [ -106.534208707336646, 31.843486876022073 ], [ -106.534421966323961, 31.843489368774694 ], [ -106.534635224433259, 31.843486781311746 ], [ -106.53484831460969, 31.843479116170283 ], [ -106.534978223809574, 31.843460357854418 ], [ -106.535106727423312, 31.843435525132172 ], [ -106.535233435675025, 31.843404693480664 ], [ -106.535357963073324, 31.843367955336223 ], [ -106.535373023031667, 31.843362395502435 ], [ -106.535386896331872, 31.843354918587089 ], [ -106.535399252852201, 31.843345702904198 ], [ -106.535409794950965, 31.843334970383214 ], [ -106.535418269594672, 31.84332297786187 ], [ -106.535424475447996, 31.843310012232198 ], [ -106.535428263575156, 31.843296384987408 ], [ -106.535429542007478, 31.8432824211651 ], [ -106.535375392675348, 31.843213410681336 ], [ -106.535316531887801, 31.84314727027316 ], [ -106.535253167645365, 31.84308423571089 ], [ -106.535185524995981, 31.843024528403806 ], [ -106.535113842109936, 31.842968360103296 ], [ -106.535027320477766, 31.842911859024564 ], [ -106.534944420405907, 31.842851529889618 ], [ -106.534865376244028, 31.842787542192706 ], [ -106.534790407046884, 31.842720074285655 ], [ -106.534320766096897, 31.842695761147688 ], [ -106.534005372122522, 31.842705595881679 ], [ -106.533731885128617, 31.842721366245712 ], [ -106.533442726035659, 31.842724411299319 ], [ -106.533150430108108, 31.842725521292024 ], [ -106.532893186381116, 31.842723319231663 ], [ -106.532618989240078, 31.842723237331242 ], [ -106.532426308044137, 31.842726143309815 ], [ -106.532070505178041, 31.842732190816971 ], [ -106.531825444496533, 31.842739018066212 ], [ -106.531654011214286, 31.842739099259685 ], [ -106.531648343017679, 31.843501529677134 ] ] ] } },
{ "type": "Feature", "properties": { "district": 1, "zonelabel": "C-3", "state_cd_clean": null, "use_desc": "Unknown", "targetlotarea": 42609, "existing_units": 0, "footprint_sqft": 0.0, "interior_sqft": 0.0, "coverage_pct": 0.0, "in_corridor": false, "in_historic": false, "context_type": "Suburban" }, "geometry": { "type": "Polygon", "coordinates": [ [ [ -106.571699543850571, 31.8413612715261 ], [ -106.571887308365902, 31.841887466227949 ], [ -106.572376338645114, 31.841704902360064 ], [ -106.572505354530193, 31.841640659212946 ], [ -106.572325025169434, 31.841112879506159 ], [ -106.571699543850571, 31.8413612715261 ] ] ] } },
{ "type": "Feature", "properties": { "district": 1, "zonelabel": "C-1", "state_cd_clean": null, "use_desc": "Unknown", "targetlotarea": 22301, "existing_units": 0, "footprint_sqft": 0.0, "interior_sqft": 0.0, "coverage_pct": 0.0, "in_corridor": false, "in_historic": false, "context_type": "Suburban" }, "geometry": { "type": "Polygon", "coordinates": [ [ [ -106.578415138182109, 31.841743082136109 ], [ -106.578576059879154, 31.841738580393095 ], [ -106.578574855869562, 31.841469016540586 ], [ -106.578248029436679, 31.841411330676987 ], [ -106.578212054631052, 31.841539433830928 ], [ -106.57786872830431, 31.841473690062902 ], [ -106.577851689006494, 31.841541346233374 ], [ -106.577840912795423, 31.841609934030433 ], [ -106.577836467173668, 31.841679032001526 ], [ -106.577838378151, 31.84174821526393 ], [ -106.578380676299673, 31.841743674047652 ], [ -106.578415138182109, 31.841743082136109 ] ] ] } },
{ "type": "Feature", "properties": { "district": 1, "zonelabel": "C-3", "state_cd_clean": null, "use_desc": "Unknown", "targetlotarea": 174520, "existing_units": 0, "footprint_sqft": 0.0, "interior_sqft": 0.0, "coverage_pct": 0.0, "in_corridor": false, "in_historic": false, "context_type": "Suburban" }, "geometry": { "type": "Polygon", "coordinates": [ [ [ -106.573304011323401, 31.841839012717223 ], [ -106.574396959539214, 31.842063905444881 ], [ -106.574556120395798, 31.841406067208126 ], [ -106.574638671415769, 31.841423053562977 ], [ -106.574747441450143, 31.840973483465383 ], [ -106.574542238733102, 31.840937303707548 ], [ -106.574557870245727, 31.840872694556118 ], [ -106.574670422565248, 31.840407488035606 ], [ -106.573966375487117, 31.84025972455683 ], [ -106.573806242684512, 31.840815722246624 ], [ -106.573771430603045, 31.840936590773207 ], [ -106.573694379222218, 31.841204113687215 ], [ -106.573669988867692, 31.84119899430781 ], [ -106.573563853897554, 31.841567499035065 ], [ -106.573291426391549, 31.841510321203423 ], [ -106.573244754025694, 31.841708664556329 ], [ -106.573315109232112, 31.841791850144492 ], [ -106.573304011323401, 31.841839012717223 ] ] ] } },
{ "type": "Feature", "properties": { "district": 1, "zonelabel": "A-O", "state_cd_clean": null, "use_desc": "Unknown", "targetlotarea": 16047, "existing_units": 0, "footprint_sqft": 0.0, "interior_sqft": 0.0, "coverage_pct": 0.0, "in_corridor": false, "in_historic": false, "context_type": "Suburban" }, "geometry": { "type": "Polygon", "coordinates": [ [ [ -106.533700962111212, 31.843976740546314 ], [ -106.533908221255032, 31.844029090586115 ], [ -106.533909972642761, 31.843732090986034 ], [ -106.533314232531936, 31.843731547080925 ], [ -106.533400294040732, 31.843984157855886 ], [ -106.533700962111212, 31.843976740546314 ] ] ] } },
{ "type": "Feature", "properties": { "district": 1, "zonelabel": "C-3", "state_cd_clean": null, "use_desc": "Unknown", "targetlotarea": 36256, "existing_units": 0, "footprint_sqft": 0.0, "interior_sqft": 0.0, "coverage_pct": 0.0, "in_corridor": false, "in_historic": false, "context_type": "Suburban" }, "geometry": { "type": "Polygon", "coordinates": [ [ [ -106.578576169709649, 31.841879821310624 ], [ -106.578576179096444, 31.841905824371644 ], [ -106.57913590203411, 31.841613391902129 ], [ -106.579272793472683, 31.841363257154956 ], [ -106.579075972402777, 31.841274524366909 ], [ -106.578575637815561, 31.84116081187074 ], [ -106.578574855869562, 31.841469016540586 ], [ -106.578576059879154, 31.841738580393095 ], [ -106.578576169709649, 31.841879821310624 ] ] ] } },
{ "type": "Feature", "properties": { "district": 1, "zonelabel": "C-3", "state_cd_clean": null, "use_desc": "Unknown", "targetlotarea": 48878, "existing_units": 0, "footprint_sqft": 0.0, "interior_sqft": 0.0, "coverage_pct": 0.0, "in_corridor": false, "in_historic": false, "context_type": "Suburban" }, "geometry": { "type": "Polygon", "coordinates": [ [ [ -106.574411487790499, 31.842066895182928 ], [ -106.574746452460175, 31.842135817469281 ], [ -106.575140721587729, 31.840506190433643 ], [ -106.575072522921232, 31.8404918773352 ], [ -106.574963103602883, 31.840944140072814 ], [ -106.574557870245727, 31.840872694556118 ], [ -106.574542238733102, 31.840937303707548 ], [ -106.574747441450143, 31.840973483465383 ], [ -106.574638671415769, 31.841423053562977 ], [ -106.574556120395798, 31.841406067208126 ], [ -106.574396959539214, 31.842063905444881 ], [ -106.574411487790499, 31.842066895182928 ] ] ] } },
{ "type": "Feature", "properties": { "district": 1, "zonelabel": "C-1", "state_cd_clean": null, "use_desc": "Unknown", "targetlotarea": 16723, "existing_units": 0, "footprint_sqft": 0.0, "interior_sqft": 0.0, "coverage_pct": 0.0, "in_corridor": false, "in_historic": false, "context_type": "Suburban" }, "geometry": { "type": "Polygon", "coordinates": [ [ [ -106.577840598428381, 31.842020935967845 ], [ -106.578383810813207, 31.842016387089604 ], [ -106.578380676299673, 31.841743674047652 ], [ -106.577838378151, 31.84174821526393 ], [ -106.577840598428381, 31.842020935967845 ] ] ] } },
{ "type": "Feature", "properties": { "district": 1, "zonelabel": "C-3", "state_cd_clean": null, "use_desc": "Unknown", "targetlotarea": 29389, "existing_units": 0, "footprint_sqft": 0.0, "interior_sqft": 0.0, "coverage_pct": 0.0, "in_corridor": false, "in_historic": false, "context_type": "Suburban" }, "geometry": { "type": "Polygon", "coordinates": [ [ [ -106.571965123274566, 31.84209514900083 ], [ -106.572052319078182, 31.842336636067799 ], [ -106.572548578111153, 31.842206061801097 ], [ -106.572376338645114, 31.841704902360064 ], [ -106.571887308365902, 31.841887466227949 ], [ -106.571965123274566, 31.84209514900083 ] ] ] } },
{ "type": "Feature", "properties": { "district": 1, "zonelabel": "C-3", "state_cd_clean": null, "use_desc": "Unknown", "targetlotarea": 21201, "existing_units": 0, "footprint_sqft": 0.0, "interior_sqft": 0.0, "coverage_pct": 0.0, "in_corridor": false, "in_historic": false, "context_type": "Suburban" }, "geometry": { "type": "Polygon", "coordinates": [ [ [ -106.573265960748742, 31.842000714267588 ], [ -106.574372415589366, 31.842228385060476 ], [ -106.574411487790499, 31.842066895182928 ], [ -106.574396959539214, 31.842063905444881 ], [ -106.573304011323401, 31.841839012717223 ], [ -106.573265960748742, 31.842000714267588 ] ] ] } },
{ "type": "Feature", "properties": { "district": 1, "zonelabel": "A-O", "state_cd_clean": null, "use_desc": "Unknown", "targetlotarea": 19336, "existing_units": 0, "footprint_sqft": 0.0, "interior_sqft": 0.0, "coverage_pct": 0.0, "in_corridor": false, "in_historic": false, "context_type": "Suburban" }, "geometry": { "type": "Polygon", "coordinates": [ [ [ -106.533908221255032, 31.844029090586115 ], [ -106.534387682418725, 31.84415019302277 ], [ -106.53438656502513, 31.843731165639539 ], [ -106.533909972642761, 31.843732090986034 ], [ -106.533908221255032, 31.844029090586115 ] ] ] } },
{ "type": "Feature", "properties": { "district": 1, "zonelabel": "A-O", "state_cd_clean": null, "use_desc": "Unknown", "targetlotarea": 12868, "existing_units": 0, "footprint_sqft": 0.0, "interior_sqft": 0.0, "coverage_pct": 0.0, "in_corridor": false, "in_historic": false, "context_type": "Suburban" }, "geometry": { "type": "Polygon", "coordinates": [ [ [ -106.534492524954715, 31.844176674689056 ], [ -106.534643702040114, 31.844199970886287 ], [ -106.534640970436769, 31.843732119010451 ], [ -106.53438656502513, 31.843731165639539 ], [ -106.534387682418725, 31.84415019302277 ], [ -106.534492524954715, 31.844176674689056 ] ] ] } },
{ "type": "Feature", "properties": { "district": 1, "zonelabel": "A-O", "state_cd_clean": null, "use_desc": "Unknown", "targetlotarea": 14160, "existing_units": 0, "footprint_sqft": 0.0, "interior_sqft": 0.0, "coverage_pct": 0.0, "in_corridor": false, "in_historic": false, "context_type": "Suburban" }, "geometry": { "type": "Polygon", "coordinates": [ [ [ -106.534643702040114, 31.844199970886287 ], [ -106.534828562976003, 31.844228457510354 ], [ -106.53483341295879, 31.844146096175798 ], [ -106.534897315572792, 31.844147001063394 ], [ -106.534922801641841, 31.843714260288284 ], [ -106.534830926296536, 31.843724233576733 ], [ -106.534667779570199, 31.843732005327826 ], [ -106.534640970436769, 31.843732119010451 ], [ -106.534643702040114, 31.844199970886287 ] ] ] } },
{ "type": "Feature", "properties": { "district": 1, "zonelabel": "A-O", "state_cd_clean": null, "use_desc": "Unknown", "targetlotarea": 627, "existing_units": 0, "footprint_sqft": 0.0, "interior_sqft": 0.0, "coverage_pct": 0.0, "in_corridor": false, "in_historic": false, "context_type": "Suburban" }, "geometry": { "type": "Polygon", "coordinates": [ [ [ -106.534828562976003, 31.844228457510354 ], [ -106.534891943498778, 31.844238224724183 ], [ -106.534897315572792, 31.844147001063394 ], [ -106.53483341295879, 31.844146096175798 ], [ -106.534828562976003, 31.844228457510354 ] ] ] } },
{ "type": "Feature", "properties": { "district": 1, "zonelabel": "A-O", "state_cd_clean": null, "use_desc": "Unknown", "targetlotarea": 47276, "existing_units": 0, "footprint_sqft": 0.0, "interior_sqft": 0.0, "coverage_pct": 0.0, "in_corridor": false, "in_historic": false, "context_type": "Suburban" }, "geometry": { "type": "Polygon", "coordinates": [ [ [ -106.534891943498778, 31.844238224724183 ], [ -106.535360464971561, 31.844309546133026 ], [ -106.535400705455984, 31.844140098608989 ], [ -106.535703723234377, 31.843938529154102 ], [ -106.535615461071785, 31.84361531125948 ], [ -106.535613275083108, 31.843605182421243 ], [ -106.535609206335124, 31.843595485617751 ], [ -106.53560336138834, 31.843586475006379 ], [ -106.535595891102147, 31.843578386375352 ], [ -106.535586993387426, 31.843571430689718 ], [ -106.535576898143916, 31.843565790292963 ], [ -106.535565869895095, 31.843561610651737 ], [ -106.535554197357342, 31.84355900265998 ], [ -106.535542185467179, 31.843558033985648 ], [ -106.53553014700141, 31.843558730373712 ], [ -106.53551839706752, 31.843561072295266 ], [ -106.535404634032744, 31.843605223818617 ], [ -106.535287661527406, 31.843642771785643 ], [ -106.535168005025213, 31.843673547537861 ], [ -106.535046202552621, 31.843697412531277 ], [ -106.534922801641841, 31.843714260288284 ], [ -106.534897315572792, 31.844147001063394 ], [ -106.534891943498778, 31.844238224724183 ] ] ] } },
{ "type": "Feature", "properties": { "district": 1, "zonelabel": "A-O", "state_cd_clean": null, "use_desc": "Unknown", "targetlotarea": 13986, "existing_units": 0, "footprint_sqft": 0.0, "interior_sqft": 0.0, "coverage_pct": 0.0, "in_corridor": false, "in_historic": false, "context_type": "Suburban" }, "geometry": { "type": "Polygon", "coordinates": [ [ [ -106.535360464971561, 31.844309546133026 ], [ -106.535828179216196, 31.844399403025431 ], [ -106.535703723234377, 31.843938529154102 ], [ -106.535400705455984, 31.844140098608989 ], [ -106.535360464971561, 31.844309546133026 ] ] ] } },
{ "type": "Feature", "properties": { "district": 1, "zonelabel": "C-3", "state_cd_clean": null, "use_desc": "Unknown", "targetlotarea": 79816, "existing_units": 0, "footprint_sqft": 0.0, "interior_sqft": 0.0, "coverage_pct": 0.0, "in_corridor": false, "in_historic": false, "context_type": "Suburban" }, "geometry": { "type": "Polygon", "coordinates": [ [ [ -106.57857704465323, 31.842305528538027 ], [ -106.578577278466653, 31.842373128425294 ], [ -106.57988913760741, 31.842017756320505 ], [ -106.579831872520955, 31.841879013113843 ], [ -106.579728751539292, 31.841727812762485 ], [ -106.579678222703521, 31.841663981076323 ], [ -106.579622259415686, 31.841603541794292 ], [ -106.579561173881075, 31.841546833110598 ], [ -106.579495305299858, 31.841494169342084 ], [ -106.579425021099766, 31.841445843579152 ], [ -106.579350713593513, 31.841402125136298 ], [ -106.579272793472683, 31.841363257154956 ], [ -106.57913590203411, 31.841613391902129 ], [ -106.578576179096444, 31.841905824371644 ], [ -106.578575222827808, 31.842014783660396 ], [ -106.578573894384462, 31.842166017855607 ], [ -106.57857704465323, 31.842305528538027 ] ] ] } },
{ "type": "Feature", "properties": { "district": 1, "zonelabel": "C-3", "state_cd_clean": null, "use_desc": "Unknown", "targetlotarea": 51455, "existing_units": 0, "footprint_sqft": 0.0, "interior_sqft": 0.0, "coverage_pct": 0.0, "in_corridor": false, "in_historic": false, "context_type": "Suburban" }, "geometry": { "type": "Polygon", "coordinates": [ [ [ -106.57857750950123, 31.842439994983994 ], [ -106.578572115451138, 31.842705710263086 ], [ -106.580012083847521, 31.842315634944065 ], [ -106.57988913760741, 31.842017756320505 ], [ -106.578577278466653, 31.842373128425294 ], [ -106.57857750950123, 31.842439994983994 ] ] ] } },
{ "type": "Feature", "properties": { "district": 1, "zonelabel": "S-D", "state_cd_clean": null, "use_desc": "Unknown", "targetlotarea": 70192, "existing_units": 0, "footprint_sqft": 0.0, "interior_sqft": 0.0, "coverage_pct": 0.0, "in_corridor": false, "in_historic": false, "context_type": "Suburban" }, "geometry": { "type": "Polygon", "coordinates": [ [ [ -106.531569368699763, 31.844328483870047 ], [ -106.532218174342688, 31.845025064960591 ], [ -106.532495295601976, 31.844827157316633 ], [ -106.532542987118148, 31.844882522941866 ], [ -106.532776362071615, 31.844692158863644 ], [ -106.532797316663178, 31.844674866279842 ], [ -106.532546607705655, 31.844425686934873 ], [ -106.532124805010596, 31.844006453783322 ], [ -106.532005396084983, 31.844059724762793 ], [ -106.531889773556784, 31.844118767782486 ], [ -106.531778317235151, 31.844183387729398 ], [ -106.531671398253806, 31.844253370033378 ], [ -106.531569368699763, 31.844328483870047 ] ] ] } },
{ "type": "Feature", "properties": { "district": 1, "zonelabel": "C-3", "state_cd_clean": null, "use_desc": "Unknown", "targetlotarea": 53799, "existing_units": 0, "footprint_sqft": 0.0, "interior_sqft": 0.0, "coverage_pct": 0.0, "in_corridor": false, "in_historic": false, "context_type": "Suburban" }, "geometry": { "type": "Polygon", "coordinates": [ [ [ -106.57857624221225, 31.842989049625924 ], [ -106.578577405951506, 31.843034707673599 ], [ -106.580122023828949, 31.842592654047991 ], [ -106.580012083847521, 31.842315634944065 ], [ -106.578572115451138, 31.842705710263086 ], [ -106.57857624221225, 31.842989049625924 ] ] ] } },
{ "type": "Feature", "properties": { "district": 1, "zonelabel": "C-3", "state_cd_clean": null, "use_desc": "Unknown", "targetlotarea": 120927, "existing_units": 0, "footprint_sqft": 0.0, "interior_sqft": 0.0, "coverage_pct": 0.0, "in_corridor": false, "in_historic": false, "context_type": "Suburban" }, "geometry": { "type": "Polygon", "coordinates": [ [ [ -106.572752707649514, 31.843407902352244 ], [ -106.57285963233322, 31.84340117146597 ], [ -106.57296684726056, 31.843401523595066 ], [ -106.573073707987362, 31.843408958014766 ], [ -106.573179574610023, 31.843423430427634 ], [ -106.57328381170548, 31.843444852062891 ], [ -106.573470285949853, 31.842674172378192 ], [ -106.572651561804619, 31.842505701513712 ], [ -106.572548578111153, 31.842206061801097 ], [ -106.572052319078182, 31.842336636067799 ], [ -106.572445141457678, 31.843379958357694 ], [ -106.572460949677946, 31.843411335547479 ], [ -106.572482284369357, 31.843440230332835 ], [ -106.572501500984984, 31.84344987310763 ], [ -106.57255347482527, 31.843446769711239 ], [ -106.572604776249136, 31.843439009632768 ], [ -106.572654834213054, 31.84342667895444 ], [ -106.572752707649514, 31.843407902352244 ] ] ] } },
{ "type": "Feature", "properties": { "district": 1, "zonelabel": "C-3", "state_cd_clean": null, "use_desc": "Unknown", "targetlotarea": 55080, "existing_units": 0, "footprint_sqft": 0.0, "interior_sqft": 0.0, "coverage_pct": 0.0, "in_corridor": false, "in_historic": false, "context_type": "Suburban" }, "geometry": { "type": "Polygon", "coordinates": [ [ [ -106.578577800409661, 31.843280740118416 ], [ -106.578576649219315, 31.843340064673392 ], [ -106.580228655605168, 31.842867279150258 ], [ -106.580122023828949, 31.842592654047991 ], [ -106.578577405951506, 31.843034707673599 ], [ -106.578577800409661, 31.843280740118416 ] ] ] } },
{ "type": "Feature", "properties": { "district": 1, "zonelabel": "C-3", "state_cd_clean": null, "use_desc": "Unknown", "targetlotarea": 603088, "existing_units": 0, "footprint_sqft": 0.0, "interior_sqft": 0.0, "coverage_pct": 0.0, "in_corridor": false, "in_historic": false, "context_type": "Suburban" }, "geometry": { "type": "Polygon", "coordinates": [ [ [ -106.57611287777803, 31.844135587651049 ], [ -106.576119200726581, 31.844136316877723 ], [ -106.576125578564103, 31.844136127551913 ], [ -106.576131826455878, 31.844135024924288 ], [ -106.576137768669867, 31.844133040003932 ], [ -106.576143235470923, 31.844130230610581 ], [ -106.576148070149657, 31.844126675617993 ], [ -106.576152135528986, 31.84412247735159 ], [ -106.576155314604264, 31.844117755234947 ], [ -106.576157517808625, 31.844112643634784 ], [ -106.576158682775969, 31.844107288259309 ], [ -106.576158775099501, 31.844101841605223 ], [ -106.576157792373138, 31.844096460054434 ], [ -106.576156393904313, 31.842380059051258 ], [ -106.576164786471367, 31.841153444487677 ], [ -106.575578912149652, 31.841072542488281 ], [ -106.575707745862346, 31.840625190521713 ], [ -106.575140721587729, 31.840506190433643 ], [ -106.574746452460175, 31.842135817469281 ], [ -106.574411487790499, 31.842066895182928 ], [ -106.574372415589366, 31.842228385060476 ], [ -106.5742356279804, 31.842793744246837 ], [ -106.574117366141508, 31.84277289547628 ], [ -106.573891581058575, 31.843706063678535 ], [ -106.574005169740616, 31.843732311577373 ], [ -106.576079712498071, 31.84413365711751 ], [ -106.57611287777803, 31.844135587651049 ] ] ] } },
{ "type": "Feature", "properties": { "district": 1, "zonelabel": "C-2", "state_cd_clean": null, "use_desc": "Unknown", "targetlotarea": 19489, "existing_units": 0, "footprint_sqft": 0.0, "interior_sqft": 0.0, "coverage_pct": 0.0, "in_corridor": false, "in_historic": false, "context_type": "Suburban" }, "geometry": { "type": "Polygon", "coordinates": [ [ [ -106.577645218864788, 31.844119517614345 ], [ -106.578000965067105, 31.844120519604481 ], [ -106.578001094833368, 31.844086967553547 ], [ -106.578043266625855, 31.844087087162649 ], [ -106.577780594101441, 31.843484402474132 ], [ -106.577757006377468, 31.843486650374587 ], [ -106.57773329101785, 31.843485834161072 ], [ -106.577709991182317, 31.84348197474997 ], [ -106.577687639530424, 31.84347515859751 ], [ -106.57766674902426, 31.84346554265721 ], [ -106.577647796572151, 31.843453347034995 ], [ -106.577645218864788, 31.844119517614345 ] ] ] } },
{ "type": "Feature", "properties": { "district": 1, "zonelabel": "R-3", "state_cd_clean": null, "use_desc": "Unknown", "targetlotarea": 151555, "existing_units": 0, "footprint_sqft": 0.0, "interior_sqft": 0.0, "coverage_pct": 0.0, "in_corridor": false, "in_historic": false, "context_type": "Suburban" }, "geometry": { "type": "Polygon", "coordinates": [ [ [ -106.573030401204093, 31.844567399039658 ], [ -106.574640344222715, 31.844534245991877 ], [ -106.574648253215457, 31.844033987190716 ], [ -106.573849934735577, 31.843874949768502 ], [ -106.57364823836366, 31.843798913166562 ], [ -106.573584281243896, 31.843751615199732 ], [ -106.573515899266994, 31.843709067353206 ], [ -106.573443575535066, 31.843671568028036 ], [ -106.573367819554903, 31.843639382745554 ], [ -106.573289166823301, 31.843612737844531 ], [ -106.573208171562186, 31.843591822636327 ], [ -106.57312540536806, 31.843576784953285 ], [ -106.573041452815261, 31.843567728649681 ], [ -106.572956906597156, 31.843564720158117 ], [ -106.572872362655431, 31.843567778786433 ], [ -106.572788417490528, 31.843576884073464 ], [ -106.572775512412889, 31.843579768014475 ], [ -106.572763353262133, 31.843584452555938 ], [ -106.57275228154873, 31.843590804807633 ], [ -106.57274260827792, 31.843598646371191 ], [ -106.572734606802683, 31.843607757295906 ], [ -106.572728499406949, 31.843617881238007 ], [ -106.572724460007649, 31.843628734363936 ], [ -106.572722600737649, 31.843640010509748 ], [ -106.572722974884769, 31.843651393685828 ], [ -106.57272557085858, 31.843662562882621 ], [ -106.573030401204093, 31.844567399039658 ] ] ] } },
{ "type": "Feature", "properties": { "district": 1, "zonelabel": "C-3", "state_cd_clean": null, "use_desc": "Unknown", "targetlotarea": 24944, "existing_units": 0, "footprint_sqft": 0.0, "interior_sqft": 0.0, "coverage_pct": 0.0, "in_corridor": false, "in_historic": false, "context_type": "Suburban" }, "geometry": { "type": "Polygon", "coordinates": [ [ [ -106.575035207528956, 31.84454209281726 ], [ -106.575123250662358, 31.844543842086804 ], [ -106.575129791396307, 31.844129913183043 ], [ -106.574648253215457, 31.844033987190716 ], [ -106.574640344222715, 31.844534245991877 ], [ -106.574716134696374, 31.844535753762202 ], [ -106.574777503359869, 31.84453697288096 ], [ -106.574955621814155, 31.844540511571015 ], [ -106.575005859838313, 31.84454151001438 ], [ -106.575035207528956, 31.84454209281726 ] ] ] } },
{ "type": "Feature", "properties": { "district": 1, "zonelabel": "C-3", "state_cd_clean": null, "use_desc": "Unknown", "targetlotarea": 10867, "existing_units": 0, "footprint_sqft": 0.0, "interior_sqft": 0.0, "coverage_pct": 0.0, "in_corridor": false, "in_historic": false, "context_type": "Suburban" }, "geometry": { "type": "Polygon", "coordinates": [ [ [ -106.575194869299565, 31.844546708506062 ], [ -106.57536908485973, 31.844544741336172 ], [ -106.575374869069961, 31.844178733895344 ], [ -106.575129791396307, 31.844129913183043 ], [ -106.575123250662358, 31.844543842086804 ], [ -106.575170996419999, 31.844545753037341 ], [ -106.575194869299565, 31.844546708506062 ] ] ] } },
{ "type": "Feature", "properties": { "district": 1, "zonelabel": "C-3", "state_cd_clean": null, "use_desc": "Unknown", "targetlotarea": 10672, "existing_units": 0, "footprint_sqft": 0.0, "interior_sqft": 0.0, "coverage_pct": 0.0, "in_corridor": false, "in_historic": false, "context_type": "Suburban" }, "geometry": { "type": "Polygon", "coordinates": [ [ [ -106.575379956929964, 31.8445446183764 ], [ -106.575649928129152, 31.844541336493723 ], [ -106.575652077813999, 31.844405212127384 ], [ -106.575654774011667, 31.844234491450184 ], [ -106.575374869069961, 31.844178733895344 ], [ -106.57536908485973, 31.844544741336172 ], [ -106.575379956929964, 31.8445446183764 ] ] ] } },
{ "type": "Feature", "properties": { "district": 1, "zonelabel": "C-3", "state_cd_clean": null, "use_desc": "Unknown", "targetlotarea": 8713, "existing_units": 0, "footprint_sqft": 0.0, "interior_sqft": 0.0, "coverage_pct": 0.0, "in_corridor": false, "in_historic": false, "context_type": "Suburban" }, "geometry": { "type": "Polygon", "coordinates": [ [ [ -106.575716649585075, 31.844540858680833 ], [ -106.575926853374398, 31.844539802629182 ], [ -106.575930806431145, 31.844289477551396 ], [ -106.575654774011667, 31.844234491450184 ], [ -106.575652077813999, 31.844405212127384 ], [ -106.575649928129152, 31.844541336493723 ], [ -106.575716649585075, 31.844540858680833 ] ] ] } },
{ "type": "Feature", "properties": { "district": 1, "zonelabel": "A-O", "state_cd_clean": null, "use_desc": "Unknown", "targetlotarea": 7085, "existing_units": 0, "footprint_sqft": 0.0, "interior_sqft": 0.0, "coverage_pct": 0.0, "in_corridor": false, "in_historic": false, "context_type": "Suburban" }, "geometry": { "type": "Polygon", "coordinates": [ [ [ -106.576185816454768, 31.844538499069316 ], [ -106.576218117106876, 31.844538335706225 ], [ -106.576219879855444, 31.844385427142935 ], [ -106.576221998852475, 31.844380724247401 ], [ -106.576224972676485, 31.844376372379106 ], [ -106.576228723932459, 31.844372481835798 ], [ -106.576233155586522, 31.844369153921122 ], [ -106.576238153715352, 31.844366474489672 ], [ -106.576243590552366, 31.844364511994389 ], [ -106.575930806431145, 31.844289477551396 ], [ -106.575926853374398, 31.844539802629182 ], [ -106.576185816454768, 31.844538499069316 ] ] ] } },
{ "type": "Feature", "properties": { "district": 1, "zonelabel": "C-2", "state_cd_clean": null, "use_desc": "Unknown", "targetlotarea": 156045, "existing_units": 0, "footprint_sqft": 0.0, "interior_sqft": 0.0, "coverage_pct": 0.0, "in_corridor": false, "in_historic": false, "context_type": "Suburban" }, "geometry": { "type": "Polygon", "coordinates": [ [ [ -106.577571428759271, 31.844482433023071 ], [ -106.577643774479171, 31.844493111776366 ], [ -106.577645218864788, 31.844119517614345 ], [ -106.577647796572151, 31.843453347034995 ], [ -106.577628805047723, 31.843436908794892 ], [ -106.5776133416785, 31.843417966352341 ], [ -106.577601852962374, 31.84339706554821 ], [ -106.577594669459813, 31.843374807464464 ], [ -106.577591997343532, 31.843351832570239 ], [ -106.577592796167934, 31.843336045652457 ], [ -106.577596621656795, 31.843320585065346 ], [ -106.577603367051154, 31.843305870532664 ], [ -106.577612852263542, 31.843292300907024 ], [ -106.577624818010861, 31.84328024541853 ], [ -106.577638940748244, 31.84327002940924 ], [ -106.577002307859601, 31.843272713615281 ], [ -106.576990891393933, 31.843272762564283 ], [ -106.576353607597468, 31.843270280989678 ], [ -106.57635017209995, 31.844155530880506 ], [ -106.576352599858367, 31.844167353028663 ], [ -106.576357256156072, 31.844178677185774 ], [ -106.576364016356081, 31.844189201312428 ], [ -106.57637269781678, 31.844198642409566 ], [ -106.57638306904154, 31.844206746919337 ], [ -106.576394850093749, 31.84421329702813 ], [ -106.577048982160562, 31.844348585699603 ], [ -106.577571428759271, 31.844482433023071 ] ] ] } },
{ "type": "Feature", "properties": { "district": 1, "zonelabel": "C-2", "state_cd_clean": null, "use_desc": "Unknown", "targetlotarea": 23710, "existing_units": 0, "footprint_sqft": 0.0, "interior_sqft": 0.0, "coverage_pct": 0.0, "in_corridor": false, "in_historic": false, "context_type": "Suburban" }, "geometry": { "type": "Polygon", "coordinates": [ [ [ -106.577643774479171, 31.844493111776366 ], [ -106.578054630223875, 31.844553753781071 ], [ -106.578248827158774, 31.844558724303621 ], [ -106.578057908493051, 31.844120680341952 ], [ -106.578043266625855, 31.844087087162649 ], [ -106.578001094833368, 31.844086967553547 ], [ -106.578000965067105, 31.844120519604481 ], [ -106.577645218864788, 31.844119517614345 ], [ -106.577643774479171, 31.844493111776366 ] ] ] } },
{ "type": "Feature", "properties": { "district": 1, "zonelabel": "C-1", "state_cd_clean": null, "use_desc": "Unknown", "targetlotarea": 43011, "existing_units": 0, "footprint_sqft": 0.0, "interior_sqft": 0.0, "coverage_pct": 0.0, "in_corridor": false, "in_historic": false, "context_type": "Suburban" }, "geometry": { "type": "Polygon", "coordinates": [ [ [ -106.579978709029206, 31.844473437004403 ], [ -106.580156950810661, 31.844905968064936 ], [ -106.580953441286695, 31.844666801931229 ], [ -106.580807185468544, 31.844283716740616 ], [ -106.580802454370016, 31.844277884613177 ], [ -106.580796707562271, 31.84427276152508 ], [ -106.58079008673235, 31.844268474361431 ], [ -106.580782758752122, 31.844265130733255 ], [ -106.580774904774003, 31.844262814080874 ], [ -106.58076672116735, 31.844261581822852 ], [ -106.580758412015939, 31.844261463909099 ], [ -106.580750185017237, 31.844262464824542 ], [ -106.580742245911651, 31.844264559340012 ], [ -106.579978709029206, 31.844473437004403 ] ] ] } },
{ "type": "Feature", "properties": { "district": 1, "zonelabel": "C-1", "state_cd_clean": null, "use_desc": "Unknown", "targetlotarea": 251888, "existing_units": 0, "footprint_sqft": 0.0, "interior_sqft": 0.0, "coverage_pct": 0.0, "in_corridor": false, "in_historic": false, "context_type": "Suburban" }, "geometry": { "type": "Polygon", "coordinates": [ [ [ -106.57932466190735, 31.845334113695888 ], [ -106.579467341335317, 31.845333196216448 ], [ -106.579192680533637, 31.844615763611372 ], [ -106.578879490905365, 31.844685360882476 ], [ -106.578479164463843, 31.844732656278158 ], [ -106.57835259889201, 31.84473972963583 ], [ -106.578055193656795, 31.844734751152892 ], [ -106.577796986192098, 31.844716006494959 ], [ -106.577385163072904, 31.844633634817491 ], [ -106.576970902399324, 31.844514218071375 ], [ -106.576243590552366, 31.844364511994389 ], [ -106.576238153715352, 31.844366474489672 ], [ -106.576233155586522, 31.844369153921122 ], [ -106.576228723932459, 31.844372481835798 ], [ -106.576224972676485, 31.844376372379106 ], [ -106.576221998852475, 31.844380724247401 ], [ -106.576219879855444, 31.844385427142935 ], [ -106.576218117106876, 31.844538335706225 ], [ -106.576237050835317, 31.84453894342484 ], [ -106.576236482263283, 31.84465849732462 ], [ -106.576239181430651, 31.845079618695038 ], [ -106.576238348620336, 31.845282849163983 ], [ -106.576237491544532, 31.845334123950657 ], [ -106.576461767550413, 31.845331327325376 ], [ -106.576659430362454, 31.845336121428726 ], [ -106.576864237703774, 31.845334398704662 ], [ -106.57706052885068, 31.845336278084645 ], [ -106.577257434619042, 31.845340485235912 ], [ -106.577458988663679, 31.845336697366552 ], [ -106.577649904112874, 31.845339940213211 ], [ -106.57785686035939, 31.845342278756121 ], [ -106.578066420748797, 31.84534220496116 ], [ -106.578258604985848, 31.845339837238829 ], [ -106.578432834316118, 31.845340689920043 ], [ -106.578572153188915, 31.845338089243729 ], [ -106.578776074802363, 31.845336443942173 ], [ -106.579133831466933, 31.84533607027964 ], [ -106.57932466190735, 31.845334113695888 ] ] ] } },
{ "type": "Feature", "properties": { "district": 1, "zonelabel": "C-1", "state_cd_clean": null, "use_desc": "Unknown", "targetlotarea": 76540, "existing_units": 0, "footprint_sqft": 0.0, "interior_sqft": 0.0, "coverage_pct": 0.0, "in_corridor": false, "in_historic": false, "context_type": "Suburban" }, "geometry": { "type": "Polygon", "coordinates": [ [ [ -106.580236097658585, 31.845330119546901 ], [ -106.580331098724102, 31.845328564194119 ], [ -106.580156950810661, 31.844905968064936 ], [ -106.579978709029206, 31.844473437004403 ], [ -106.579299717096703, 31.844585273203506 ], [ -106.57922297318737, 31.844604741824568 ], [ -106.579192680533637, 31.844615763611372 ], [ -106.579467341335317, 31.845333196216448 ], [ -106.579596796506308, 31.845332502103524 ], [ -106.579857616895012, 31.845334086655363 ], [ -106.580052324578517, 31.845333126254296 ], [ -106.580236097658585, 31.845330119546901 ] ] ] } },
{ "type": "Feature", "properties": { "district": 1, "zonelabel": "C-1", "state_cd_clean": null, "use_desc": "Unknown", "targetlotarea": 54214, "existing_units": 0, "footprint_sqft": 0.0, "interior_sqft": 0.0, "coverage_pct": 0.0, "in_corridor": false, "in_historic": false, "context_type": "Suburban" }, "geometry": { "type": "Polygon", "coordinates": [ [ [ -106.580557568547732, 31.845327741806525 ], [ -106.581208151164944, 31.845333952445372 ], [ -106.580953441286695, 31.844666801931229 ], [ -106.580156950810661, 31.844905968064936 ], [ -106.580331098724102, 31.845328564194119 ], [ -106.580419068373644, 31.845327124888115 ], [ -106.580557568547732, 31.845327741806525 ] ] ] } },
{ "type": "Feature", "properties": { "district": 1, "zonelabel": "A-2", "state_cd_clean": null, "use_desc": "Unknown", "targetlotarea": 9229, "existing_units": 0, "footprint_sqft": 0.0, "interior_sqft": 0.0, "coverage_pct": 0.0, "in_corridor": false, "in_historic": false, "context_type": "Suburban" }, "geometry": { "type": "Polygon", "coordinates": [ [ [ -106.5789367521011, 31.845609741517631 ], [ -106.579036159950476, 31.845614537996749 ], [ -106.579135703335055, 31.8456163624463 ], [ -106.579133831466933, 31.84533607027964 ], [ -106.578776074802363, 31.845336443942173 ], [ -106.578873984240417, 31.845554964926105 ], [ -106.578879452917818, 31.845567419771125 ], [ -106.578887260464228, 31.845578930491644 ], [ -106.578897193316038, 31.845589178541179 ], [ -106.578908976811348, 31.845597881725464 ], [ -106.578922285098798, 31.845604800050069 ], [ -106.5789367521011, 31.845609741517631 ] ] ] } },
{ "type": "Feature", "properties": { "district": 1, "zonelabel": "A-2", "state_cd_clean": null, "use_desc": "Unknown", "targetlotarea": 6171, "existing_units": 0, "footprint_sqft": 0.0, "interior_sqft": 0.0, "coverage_pct": 0.0, "in_corridor": false, "in_historic": false, "context_type": "Suburban" }, "geometry": { "type": "Polygon", "coordinates": [ [ [ -106.579135703335055, 31.8456163624463 ], [ -106.57933549490356, 31.845613004922587 ], [ -106.57932466190735, 31.845334113695888 ], [ -106.579133831466933, 31.84533607027964 ], [ -106.579135703335055, 31.8456163624463 ] ] ] } },
{ "type": "Feature", "properties": { "district": 1, "zonelabel": "C-1", "state_cd_clean": null, "use_desc": "Unknown", "targetlotarea": 6175, "existing_units": 0, "footprint_sqft": 0.0, "interior_sqft": 0.0, "coverage_pct": 0.0, "in_corridor": false, "in_historic": false, "context_type": "Suburban" }, "geometry": { "type": "Polygon", "coordinates": [ [ [ -106.57933549490356, 31.845613004922587 ], [ -106.579581631642881, 31.845617998068818 ], [ -106.579467341335317, 31.845333196216448 ], [ -106.57932466190735, 31.845334113695888 ], [ -106.57933549490356, 31.845613004922587 ] ] ] } },
{ "type": "Feature", "properties": { "district": 1, "zonelabel": "C-1", "state_cd_clean": null, "use_desc": "Unknown", "targetlotarea": 4081, "existing_units": 0, "footprint_sqft": 0.0, "interior_sqft": 0.0, "coverage_pct": 0.0, "in_corridor": false, "in_historic": false, "context_type": "Suburban" }, "geometry": { "type": "Polygon", "coordinates": [ [ [ -106.579581631642881, 31.845617998068818 ], [ -106.579705432407948, 31.845614896054645 ], [ -106.579596796506308, 31.845332502103524 ], [ -106.579467341335317, 31.845333196216448 ], [ -106.579581631642881, 31.845617998068818 ] ] ] } },
{ "type": "Feature", "properties": { "district": 1, "zonelabel": "C-1", "state_cd_clean": null, "use_desc": "Unknown", "targetlotarea": 6686, "existing_units": 0, "footprint_sqft": 0.0, "interior_sqft": 0.0, "coverage_pct": 0.0, "in_corridor": false, "in_historic": false, "context_type": "Suburban" }, "geometry": { "type": "Polygon", "coordinates": [ [ [ -106.579705432407948, 31.845614896054645 ], [ -106.579866968753734, 31.845611769944359 ], [ -106.579857616895012, 31.845334086655363 ], [ -106.579596796506308, 31.845332502103524 ], [ -106.579705432407948, 31.845614896054645 ] ] ] } },
{ "type": "Feature", "properties": { "district": 1, "zonelabel": "A-2", "state_cd_clean": null, "use_desc": "Unknown", "targetlotarea": 5917, "existing_units": 0, "footprint_sqft": 0.0, "interior_sqft": 0.0, "coverage_pct": 0.0, "in_corridor": false, "in_historic": false, "context_type": "Suburban" }, "geometry": { "type": "Polygon", "coordinates": [ [ [ -106.579866968753734, 31.845611769944359 ], [ -106.580049507443093, 31.84561073950653 ], [ -106.580052324578517, 31.845333126254296 ], [ -106.579857616895012, 31.845334086655363 ], [ -106.579866968753734, 31.845611769944359 ] ] ] } },
{ "type": "Feature", "properties": { "district": 1, "zonelabel": "A-2", "state_cd_clean": null, "use_desc": "Unknown", "targetlotarea": 5957, "existing_units": 0, "footprint_sqft": 0.0, "interior_sqft": 0.0, "coverage_pct": 0.0, "in_corridor": false, "in_historic": false, "context_type": "Suburban" }, "geometry": { "type": "Polygon", "coordinates": [ [ [ -106.580049507443093, 31.84561073950653 ], [ -106.580242437523239, 31.845612407769302 ], [ -106.580236097658585, 31.845330119546901 ], [ -106.580052324578517, 31.845333126254296 ], [ -106.580049507443093, 31.84561073950653 ] ] ] } },
{ "type": "Feature", "properties": { "district": 1, "zonelabel": "C-1", "state_cd_clean": null, "use_desc": "Unknown", "targetlotarea": 5944, "existing_units": 0, "footprint_sqft": 0.0, "interior_sqft": 0.0, "coverage_pct": 0.0, "in_corridor": false, "in_historic": false, "context_type": "Suburban" }, "geometry": { "type": "Polygon", "coordinates": [ [ [ -106.580242437523239, 31.845612407769302 ], [ -106.58042920434103, 31.845614021937113 ], [ -106.580419068373644, 31.845327124888115 ], [ -106.580331098724102, 31.845328564194119 ], [ -106.580236097658585, 31.845330119546901 ], [ -106.580242437523239, 31.845612407769302 ] ] ] } },
{ "type": "Feature", "properties": { "district": 1, "zonelabel": "C-1", "state_cd_clean": null, "use_desc": "Unknown", "targetlotarea": 19175, "existing_units": 0, "footprint_sqft": 0.0, "interior_sqft": 0.0, "coverage_pct": 0.0, "in_corridor": false, "in_historic": false, "context_type": "Suburban" }, "geometry": { "type": "Polygon", "coordinates": [ [ [ -106.580557568547732, 31.845327741806525 ], [ -106.580670316191984, 31.845610455352379 ], [ -106.58129996690873, 31.845577278336982 ], [ -106.581208151164944, 31.845333952445372 ], [ -106.580557568547732, 31.845327741806525 ] ] ] } },
{ "type": "Feature", "properties": { "district": 1, "zonelabel": "C-1", "state_cd_clean": null, "use_desc": "Unknown", "targetlotarea": 6117, "existing_units": 0, "footprint_sqft": 0.0, "interior_sqft": 0.0, "coverage_pct": 0.0, "in_corridor": false, "in_historic": false, "context_type": "Suburban" }, "geometry": { "type": "Polygon", "coordinates": [ [ [ -106.58042920434103, 31.845614021937113 ], [ -106.580670316191984, 31.845610455352379 ], [ -106.580557568547732, 31.845327741806525 ], [ -106.580419068373644, 31.845327124888115 ], [ -106.58042920434103, 31.845614021937113 ] ] ] } },
{ "type": "Feature", "properties": { "district": 1, "zonelabel": "A-2", "state_cd_clean": null, "use_desc": "Unknown", "targetlotarea": 6342, "existing_units": 0, "footprint_sqft": 0.0, "interior_sqft": 0.0, "coverage_pct": 0.0, "in_corridor": false, "in_historic": false, "context_type": "Suburban" }, "geometry": { "type": "Polygon", "coordinates": [ [ [ -106.579098248778237, 31.8460604379916 ], [ -106.579247173114879, 31.846054401321052 ], [ -106.579253312927676, 31.845781990674705 ], [ -106.579112644140409, 31.845780331933184 ], [ -106.579096310557318, 31.845781000852458 ], [ -106.579080349682087, 31.845784035630633 ], [ -106.579065227593475, 31.845789347064621 ], [ -106.579051386995587, 31.845796780230504 ], [ -106.579039232568789, 31.845806116993163 ], [ -106.579029119959074, 31.845817085566924 ], [ -106.579021343356899, 31.845829364724644 ], [ -106.579016133044092, 31.845842594754636 ], [ -106.579013638231885, 31.84585639002654 ], [ -106.579013933864275, 31.845870345890958 ], [ -106.579054250051556, 31.845965987022687 ], [ -106.579098248778237, 31.8460604379916 ] ] ] } },
{ "type": "Feature", "properties": { "district": 1, "zonelabel": "A-2", "state_cd_clean": null, "use_desc": "Unknown", "targetlotarea": 6454, "existing_units": 0, "footprint_sqft": 0.0, "interior_sqft": 0.0, "coverage_pct": 0.0, "in_corridor": false, "in_historic": false, "context_type": "Suburban" }, "geometry": { "type": "Polygon", "coordinates": [ [ [ -106.579394351507304, 31.846054279790778 ], [ -106.579454148710383, 31.846053117955577 ], [ -106.579463710241868, 31.845778620025435 ], [ -106.579253312927676, 31.845781990674705 ], [ -106.579247173114879, 31.846054401321052 ], [ -106.579394351507304, 31.846054279790778 ] ] ] } },
{ "type": "Feature", "properties": { "district": 1, "zonelabel": "A-2", "state_cd_clean": null, "use_desc": "Unknown", "targetlotarea": 6442, "existing_units": 0, "footprint_sqft": 0.0, "interior_sqft": 0.0, "coverage_pct": 0.0, "in_corridor": false, "in_historic": false, "context_type": "Suburban" }, "geometry": { "type": "Polygon", "coordinates": [ [ [ -106.579454148710383, 31.846053117955577 ], [ -106.579708448046063, 31.846052335759889 ], [ -106.579628936718862, 31.845782612022347 ], [ -106.579463710241868, 31.845778620025435 ], [ -106.579454148710383, 31.846053117955577 ] ] ] } },
{ "type": "Feature", "properties": { "district": 1, "zonelabel": "A-2", "state_cd_clean": null, "use_desc": "Unknown", "targetlotarea": 6105, "existing_units": 0, "footprint_sqft": 0.0, "interior_sqft": 0.0, "coverage_pct": 0.0, "in_corridor": false, "in_historic": false, "context_type": "Suburban" }, "geometry": { "type": "Polygon", "coordinates": [ [ [ -106.579098248778237, 31.8460604379916 ], [ -106.579178869240366, 31.846274305340312 ], [ -106.57945432894202, 31.84619442756722 ], [ -106.579394351507304, 31.846054279790778 ], [ -106.579247173114879, 31.846054401321052 ], [ -106.579098248778237, 31.8460604379916 ] ] ] } },
{ "type": "Feature", "properties": { "district": 1, "zonelabel": "A-2", "state_cd_clean": null, "use_desc": "Unknown", "targetlotarea": 5071, "existing_units": 0, "footprint_sqft": 0.0, "interior_sqft": 0.0, "coverage_pct": 0.0, "in_corridor": false, "in_historic": false, "context_type": "Suburban" }, "geometry": { "type": "Polygon", "coordinates": [ [ [ -106.579178869240366, 31.846274305340312 ], [ -106.579236797881833, 31.846420480585721 ], [ -106.579514536247274, 31.846338208097919 ], [ -106.57945432894202, 31.84619442756722 ], [ -106.579178869240366, 31.846274305340312 ] ] ] } },
{ "type": "Feature", "properties": { "district": 1, "zonelabel": "C-1", "state_cd_clean": null, "use_desc": "Unknown", "targetlotarea": 41624, "existing_units": 0, "footprint_sqft": 0.0, "interior_sqft": 0.0, "coverage_pct": 0.0, "in_corridor": false, "in_historic": false, "context_type": "Suburban" }, "geometry": { "type": "Polygon", "coordinates": [ [ [ -106.580722029388397, 31.845759643587829 ], [ -106.580967292885219, 31.846383173232468 ], [ -106.58154584132491, 31.846217356503374 ], [ -106.581340835490721, 31.845696180625414 ], [ -106.580722029388397, 31.845759643587829 ] ] ] } },
{ "type": "Feature", "properties": { "district": 1, "zonelabel": "C-1", "state_cd_clean": null, "use_desc": "Unknown", "targetlotarea": 9065, "existing_units": 0, "footprint_sqft": 0.0, "interior_sqft": 0.0, "coverage_pct": 0.0, "in_corridor": false, "in_historic": false, "context_type": "Suburban" }, "geometry": { "type": "Polygon", "coordinates": [ [ [ -106.580628889441698, 31.845849474628643 ], [ -106.580850011730988, 31.846416785989117 ], [ -106.580967292885219, 31.846383173232468 ], [ -106.580722029388397, 31.845759643587829 ], [ -106.580708177328816, 31.84575885135547 ], [ -106.58069436266014, 31.845760024661505 ], [ -106.580680965177123, 31.845763129924258 ], [ -106.580668352914827, 31.845768083542968 ], [ -106.580656873413076, 31.845774747800977 ], [ -106.580646842647198, 31.845782939526011 ], [ -106.580638535771371, 31.845792434147512 ], [ -106.580632181085917, 31.845802970502739 ], [ -106.580627954182731, 31.845814258343552 ], [ -106.580625970039961, 31.845825986845455 ], [ -106.580626284729135, 31.845837834461456 ], [ -106.580628889441698, 31.845849474628643 ] ] ] } },
{ "type": "Feature", "properties": { "district": 1, "zonelabel": "A-2", "state_cd_clean": null, "use_desc": "Unknown", "targetlotarea": 5951, "existing_units": 0, "footprint_sqft": 0.0, "interior_sqft": 0.0, "coverage_pct": 0.0, "in_corridor": false, "in_historic": false, "context_type": "Suburban" }, "geometry": { "type": "Polygon", "coordinates": [ [ [ -106.579236797881833, 31.846420480585721 ], [ -106.579304586147927, 31.846589302074459 ], [ -106.579586726648415, 31.846503793185967 ], [ -106.579514536247274, 31.846338208097919 ], [ -106.579236797881833, 31.846420480585721 ] ] ] } },
{ "type": "Feature", "properties": { "district": 1, "zonelabel": "A-2", "state_cd_clean": null, "use_desc": "Unknown", "targetlotarea": 5573, "existing_units": 0, "footprint_sqft": 0.0, "interior_sqft": 0.0, "coverage_pct": 0.0, "in_corridor": false, "in_historic": false, "context_type": "Suburban" }, "geometry": { "type": "Polygon", "coordinates": [ [ [ -106.579304586147927, 31.846589302074459 ], [ -106.579369810021504, 31.846744149156379 ], [ -106.57965283905196, 31.846658275050075 ], [ -106.579586726648415, 31.846503793185967 ], [ -106.579304586147927, 31.846589302074459 ] ] ] } },
{ "type": "Feature", "properties": { "district": 1, "zonelabel": "A-2", "state_cd_clean": null, "use_desc": "Unknown", "targetlotarea": 5648, "existing_units": 0, "footprint_sqft": 0.0, "interior_sqft": 0.0, "coverage_pct": 0.0, "in_corridor": false, "in_historic": false, "context_type": "Suburban" }, "geometry": { "type": "Polygon", "coordinates": [ [ [ -106.579369810021504, 31.846744149156379 ], [ -106.579435041548223, 31.846901760762258 ], [ -106.579719014019915, 31.846812900209667 ], [ -106.57965283905196, 31.846658275050075 ], [ -106.579369810021504, 31.846744149156379 ] ] ] } },
{ "type": "Feature", "properties": { "district": 1, "zonelabel": "A-2", "state_cd_clean": null, "use_desc": "Unknown", "targetlotarea": 5966, "existing_units": 0, "footprint_sqft": 0.0, "interior_sqft": 0.0, "coverage_pct": 0.0, "in_corridor": false, "in_historic": false, "context_type": "Suburban" }, "geometry": { "type": "Polygon", "coordinates": [ [ [ -106.579435041548223, 31.846901760762258 ], [ -106.579502694379983, 31.847065220484925 ], [ -106.579789223898501, 31.846976954320379 ], [ -106.579719014019915, 31.846812900209667 ], [ -106.579435041548223, 31.846901760762258 ] ] ] } },
{ "type": "Feature", "properties": { "district": 1, "zonelabel": "A-2", "state_cd_clean": null, "use_desc": "Unknown", "targetlotarea": 5522, "existing_units": 0, "footprint_sqft": 0.0, "interior_sqft": 0.0, "coverage_pct": 0.0, "in_corridor": false, "in_historic": false, "context_type": "Suburban" }, "geometry": { "type": "Polygon", "coordinates": [ [ [ -106.579502694379983, 31.847065220484925 ], [ -106.579566535043995, 31.847218930672692 ], [ -106.579852398697298, 31.847124274962589 ], [ -106.579789223898501, 31.846976954320379 ], [ -106.579502694379983, 31.847065220484925 ] ] ] } },
{ "type": "Feature", "properties": { "district": 1, "zonelabel": "A-2", "state_cd_clean": null, "use_desc": "Unknown", "targetlotarea": 5585, "existing_units": 0, "footprint_sqft": 0.0, "interior_sqft": 0.0, "coverage_pct": 0.0, "in_corridor": false, "in_historic": false, "context_type": "Suburban" }, "geometry": { "type": "Polygon", "coordinates": [ [ [ -106.579566535043995, 31.847218930672692 ], [ -106.579627757356107, 31.847367393781425 ], [ -106.57991826466251, 31.847278472244234 ], [ -106.579852398697298, 31.847124274962589 ], [ -106.579566535043995, 31.847218930672692 ] ] ] } },
{ "type": "Feature", "properties": { "district": 1, "zonelabel": "A-2", "state_cd_clean": null, "use_desc": "Unknown", "targetlotarea": 5814, "existing_units": 0, "footprint_sqft": 0.0, "interior_sqft": 0.0, "coverage_pct": 0.0, "in_corridor": false, "in_historic": false, "context_type": "Suburban" }, "geometry": { "type": "Polygon", "coordinates": [ [ [ -106.579627757356107, 31.847367393781425 ], [ -106.579692846239269, 31.847524658019026 ], [ -106.57998484455041, 31.847434042538833 ], [ -106.57991826466251, 31.847278472244234 ], [ -106.579627757356107, 31.847367393781425 ] ] ] } },
{ "type": "Feature", "properties": { "district": 1, "zonelabel": "A-2", "state_cd_clean": null, "use_desc": "Unknown", "targetlotarea": 6243, "existing_units": 0, "footprint_sqft": 0.0, "interior_sqft": 0.0, "coverage_pct": 0.0, "in_corridor": false, "in_historic": false, "context_type": "Suburban" }, "geometry": { "type": "Polygon", "coordinates": [ [ [ -106.579692846239269, 31.847524658019026 ], [ -106.579762640598105, 31.847693289978341 ], [ -106.580055444314695, 31.847599005463156 ], [ -106.57998484455041, 31.847434042538833 ], [ -106.579692846239269, 31.847524658019026 ] ] ] } },
{ "type": "Feature", "properties": { "district": 1, "zonelabel": "A-2", "state_cd_clean": null, "use_desc": "Unknown", "targetlotarea": 207326, "existing_units": 0, "footprint_sqft": 0.0, "interior_sqft": 0.0, "coverage_pct": 0.0, "in_corridor": false, "in_historic": false, "context_type": "Suburban" }, "geometry": { "type": "Polygon", "coordinates": [ [ [ -106.580117019402294, 31.847744052417557 ], [ -106.58014860934577, 31.84781734219931 ], [ -106.580404507213515, 31.847740464376482 ], [ -106.580334980284036, 31.847571846070167 ], [ -106.581018530118044, 31.847377443382065 ], [ -106.580417046857164, 31.845832285696794 ], [ -106.580412693232162, 31.845823027384327 ], [ -106.580406705753305, 31.845814459896118 ], [ -106.580399229396264, 31.845806792157877 ], [ -106.580390445747483, 31.845800210562992 ], [ -106.58038056966187, 31.845794876423572 ], [ -106.580369841344705, 31.845790918220178 ], [ -106.58035852225126, 31.845788433605975 ], [ -106.580346888282932, 31.845787482506598 ], [ -106.579628936718862, 31.845782612022347 ], [ -106.579708448046063, 31.846052335759889 ], [ -106.579454148710383, 31.846053117955577 ], [ -106.579394351507304, 31.846054279790778 ], [ -106.57945432894202, 31.84619442756722 ], [ -106.579514536247274, 31.846338208097919 ], [ -106.579586726648415, 31.846503793185967 ], [ -106.57965283905196, 31.846658275050075 ], [ -106.579719014019915, 31.846812900209667 ], [ -106.579789223898501, 31.846976954320379 ], [ -106.579852398697298, 31.847124274962589 ], [ -106.57991826466251, 31.847278472244234 ], [ -106.57998484455041, 31.847434042538833 ], [ -106.580055444314695, 31.847599005463156 ], [ -106.580117019402294, 31.847744052417557 ] ] ] } },
{ "type": "Feature", "properties": { "district": 1, "zonelabel": "A-2", "state_cd_clean": null, "use_desc": "Unknown", "targetlotarea": 5417, "existing_units": 0, "footprint_sqft": 0.0, "interior_sqft": 0.0, "coverage_pct": 0.0, "in_corridor": false, "in_historic": false, "context_type": "Suburban" }, "geometry": { "type": "Polygon", "coordinates": [ [ [ -106.579762640598105, 31.847693289978341 ], [ -106.57982030327554, 31.847835929662303 ], [ -106.580117019402294, 31.847744052417557 ], [ -106.580055444314695, 31.847599005463156 ], [ -106.579762640598105, 31.847693289978341 ] ] ] } },
{ "type": "Feature", "properties": { "district": 1, "zonelabel": "A-2", "state_cd_clean": null, "use_desc": "Unknown", "targetlotarea": 6447, "existing_units": 0, "footprint_sqft": 0.0, "interior_sqft": 0.0, "coverage_pct": 0.0, "in_corridor": false, "in_historic": false, "context_type": "Suburban" }, "geometry": { "type": "Polygon", "coordinates": [ [ [ -106.57982030327554, 31.847835929662303 ], [ -106.579894104406463, 31.848010923460066 ], [ -106.580187716008922, 31.847908068508829 ], [ -106.58014860934577, 31.84781734219931 ], [ -106.580117019402294, 31.847744052417557 ], [ -106.57982030327554, 31.847835929662303 ] ] ] } },
{ "type": "Feature", "properties": { "district": 1, "zonelabel": "C-1", "state_cd_clean": null, "use_desc": "Unknown", "targetlotarea": 139533, "existing_units": 0, "footprint_sqft": 0.0, "interior_sqft": 0.0, "coverage_pct": 0.0, "in_corridor": false, "in_historic": false, "context_type": "Suburban" }, "geometry": { "type": "Polygon", "coordinates": [ [ [ -106.581447775203671, 31.847950369638184 ], [ -106.581452279795201, 31.847959892557743 ], [ -106.581458508373117, 31.847968678765206 ], [ -106.581466302171123, 31.847976502835113 ], [ -106.581475460655383, 31.847983163928539 ], [ -106.581485748150413, 31.847988489991437 ], [ -106.581496899587833, 31.847992344704874 ], [ -106.581508630119075, 31.847994628830243 ], [ -106.581520637462447, 31.847995283710034 ], [ -106.581532612570555, 31.8479942925619 ], [ -106.581544249183807, 31.847991680924125 ], [ -106.582169952461555, 31.847803957946322 ], [ -106.58154584132491, 31.846217356503374 ], [ -106.580967292885219, 31.846383173232468 ], [ -106.580850011730988, 31.846416785989117 ], [ -106.581447775203671, 31.847950369638184 ] ] ] } },
{ "type": "Feature", "properties": { "district": 1, "zonelabel": "A-2", "state_cd_clean": null, "use_desc": "Unknown", "targetlotarea": 5473, "existing_units": 0, "footprint_sqft": 0.0, "interior_sqft": 0.0, "coverage_pct": 0.0, "in_corridor": false, "in_historic": false, "context_type": "Suburban" }, "geometry": { "type": "Polygon", "coordinates": [ [ [ -106.579894104406463, 31.848010923460066 ], [ -106.579951236861774, 31.848148542836444 ], [ -106.580122275389229, 31.848096734861027 ], [ -106.58025143124749, 31.848056554446647 ], [ -106.580187716008922, 31.847908068508829 ], [ -106.579894104406463, 31.848010923460066 ] ] ] } },
{ "type": "Feature", "properties": { "district": 1, "zonelabel": "A-2", "state_cd_clean": null, "use_desc": "Unknown", "targetlotarea": 66542, "existing_units": 0, "footprint_sqft": 0.0, "interior_sqft": 0.0, "coverage_pct": 0.0, "in_corridor": false, "in_historic": false, "context_type": "Suburban" }, "geometry": { "type": "Polygon", "coordinates": [ [ [ -106.580501799836753, 31.847976420822842 ], [ -106.580620431907846, 31.848263984278063 ], [ -106.581215209613703, 31.848092144703148 ], [ -106.581227198236761, 31.848087727716646 ], [ -106.581238149985353, 31.848081658720812 ], [ -106.581247756663572, 31.848074110579969 ], [ -106.581255747556128, 31.848065295007114 ], [ -106.581261894702266, 31.848055462310757 ], [ -106.581266025838687, 31.8480448890313 ], [ -106.5812680252169, 31.848033874288234 ], [ -106.581267835119746, 31.848022730675048 ], [ -106.581265460246271, 31.84801177049939 ], [ -106.581018530118044, 31.847377443382065 ], [ -106.580334980284036, 31.847571846070167 ], [ -106.580404507213515, 31.847740464376482 ], [ -106.58014860934577, 31.84781734219931 ], [ -106.580187716008922, 31.847908068508829 ], [ -106.58025143124749, 31.848056554446647 ], [ -106.580307550447202, 31.848039696427769 ], [ -106.580501799836753, 31.847976420822842 ] ] ] } },
{ "type": "Feature", "properties": { "district": 1, "zonelabel": "A-2", "state_cd_clean": null, "use_desc": "Unknown", "targetlotarea": 6819, "existing_units": 0, "footprint_sqft": 0.0, "interior_sqft": 0.0, "coverage_pct": 0.0, "in_corridor": false, "in_historic": false, "context_type": "Suburban" }, "geometry": { "type": "Polygon", "coordinates": [ [ [ -106.580307550447202, 31.848039696427769 ], [ -106.580438334200821, 31.848316761675189 ], [ -106.580620431907846, 31.848263984278063 ], [ -106.580501799836753, 31.847976420822842 ], [ -106.580307550447202, 31.848039696427769 ] ] ] } },
{ "type": "Feature", "properties": { "district": 1, "zonelabel": "A-2", "state_cd_clean": null, "use_desc": "Unknown", "targetlotarea": 6660, "existing_units": 0, "footprint_sqft": 0.0, "interior_sqft": 0.0, "coverage_pct": 0.0, "in_corridor": false, "in_historic": false, "context_type": "Suburban" }, "geometry": { "type": "Polygon", "coordinates": [ [ [ -106.580122275389229, 31.848096734861027 ], [ -106.580253645248533, 31.848374978012981 ], [ -106.580438334200821, 31.848316761675189 ], [ -106.580307550447202, 31.848039696427769 ], [ -106.58025143124749, 31.848056554446647 ], [ -106.580122275389229, 31.848096734861027 ] ] ] } },
{ "type": "Feature", "properties": { "district": 1, "zonelabel": "A-2", "state_cd_clean": null, "use_desc": "Unknown", "targetlotarea": 6222, "existing_units": 0, "footprint_sqft": 0.0, "interior_sqft": 0.0, "coverage_pct": 0.0, "in_corridor": false, "in_historic": false, "context_type": "Suburban" }, "geometry": { "type": "Polygon", "coordinates": [ [ [ -106.58004372853533, 31.848367834164339 ], [ -106.580048223914233, 31.848377042324287 ], [ -106.580054343511193, 31.848385541160752 ], [ -106.58006193719207, 31.848393123801312 ], [ -106.580070821375116, 31.848399605753823 ], [ -106.580080779208927, 31.848404827607759 ], [ -106.580091567494591, 31.848408663734492 ], [ -106.580102923951642, 31.84841102013263 ], [ -106.580114571733787, 31.848411838727216 ], [ -106.580184708034125, 31.848395056098195 ], [ -106.580253645248533, 31.848374978012981 ], [ -106.580122275389229, 31.848096734861027 ], [ -106.579951236861774, 31.848148542836444 ], [ -106.58004372853533, 31.848367834164339 ] ] ] } },
{ "type": "Feature", "properties": { "district": 1, "zonelabel": "C-4", "state_cd_clean": null, "use_desc": "Unknown", "targetlotarea": 28521, "existing_units": 0, "footprint_sqft": 0.0, "interior_sqft": 0.0, "coverage_pct": 0.0, "in_corridor": false, "in_historic": false, "context_type": "Suburban" }, "geometry": { "type": "Polygon", "coordinates": [ [ [ -106.581753420373047, 31.848090198197699 ], [ -106.58194895436273, 31.848593787679103 ], [ -106.582397689339984, 31.848458255466966 ], [ -106.582202154245081, 31.847954665679406 ], [ -106.581753420373047, 31.848090198197699 ] ] ] } },
{ "type": "Feature", "properties": { "district": 1, "zonelabel": "A-2", "state_cd_clean": null, "use_desc": "Unknown", "targetlotarea": 6221, "existing_units": 0, "footprint_sqft": 0.0, "interior_sqft": 0.0, "coverage_pct": 0.0, "in_corridor": false, "in_historic": false, "context_type": "Suburban" }, "geometry": { "type": "Polygon", "coordinates": [ [ [ -106.580493695734503, 31.848471775270923 ], [ -106.580601552530254, 31.848743689872876 ], [ -106.580780006292855, 31.84869354496875 ], [ -106.580675748787741, 31.848416468076813 ], [ -106.580493695734503, 31.848471775270923 ] ] ] } },
{ "type": "Feature", "properties": { "district": 1, "zonelabel": "A-2", "state_cd_clean": null, "use_desc": "Unknown", "targetlotarea": 6289, "existing_units": 0, "footprint_sqft": 0.0, "interior_sqft": 0.0, "coverage_pct": 0.0, "in_corridor": false, "in_historic": false, "context_type": "Suburban" }, "geometry": { "type": "Polygon", "coordinates": [ [ [ -106.580306894872521, 31.848528056126366 ], [ -106.580421657811087, 31.848796911571092 ], [ -106.580601552530254, 31.848743689872876 ], [ -106.580493695734503, 31.848471775270923 ], [ -106.580306894872521, 31.848528056126366 ] ] ] } },
{ "type": "Feature", "properties": { "district": 1, "zonelabel": "A-2", "state_cd_clean": null, "use_desc": "Unknown", "targetlotarea": 6120, "existing_units": 0, "footprint_sqft": 0.0, "interior_sqft": 0.0, "coverage_pct": 0.0, "in_corridor": false, "in_historic": false, "context_type": "Suburban" }, "geometry": { "type": "Polygon", "coordinates": [ [ [ -106.580149755290563, 31.848628211754878 ], [ -106.580190308178885, 31.848741374635335 ], [ -106.580233421008998, 31.848853846506781 ], [ -106.580421657811087, 31.848796911571092 ], [ -106.580306894872521, 31.848528056126366 ], [ -106.580202680953704, 31.848560559658711 ], [ -106.580191049762306, 31.848565022623188 ], [ -106.580180400357037, 31.848571008367525 ], [ -106.580171002155467, 31.848578365763288 ], [ -106.580163096708148, 31.848586906178607 ], [ -106.580156884518729, 31.848596412239718 ], [ -106.580152524166948, 31.848606640583071 ], [ -106.580150127686494, 31.848617332012982 ], [ -106.580149755290563, 31.848628211754878 ] ] ] } },
{ "type": "Feature", "properties": { "district": 1, "zonelabel": "A-2", "state_cd_clean": null, "use_desc": "Unknown", "targetlotarea": 14472, "existing_units": 0, "footprint_sqft": 0.0, "interior_sqft": 0.0, "coverage_pct": 0.0, "in_corridor": false, "in_historic": false, "context_type": "Suburban" }, "geometry": { "type": "Polygon", "coordinates": [ [ [ -106.58028706587919, 31.848983437677028 ], [ -106.580894538872499, 31.848981934481444 ], [ -106.580889875495927, 31.848970193498605 ], [ -106.580780006292855, 31.84869354496875 ], [ -106.580601552530254, 31.848743689872876 ], [ -106.580421657811087, 31.848796911571092 ], [ -106.580233421008998, 31.848853846506781 ], [ -106.58028706587919, 31.848983437677028 ] ] ] } },
{ "type": "Feature", "properties": { "district": 1, "zonelabel": "C-1", "state_cd_clean": null, "use_desc": "Unknown", "targetlotarea": 90114, "existing_units": 0, "footprint_sqft": 0.0, "interior_sqft": 0.0, "coverage_pct": 0.0, "in_corridor": false, "in_historic": false, "context_type": "Suburban" }, "geometry": { "type": "Polygon", "coordinates": [ [ [ -106.581029787939897, 31.848981598852571 ], [ -106.582098504318751, 31.848978947129346 ], [ -106.58194895436273, 31.848593787679103 ], [ -106.581753420373047, 31.848090198197699 ], [ -106.580795239953275, 31.848379594432735 ], [ -106.58099799823178, 31.8489000069229 ], [ -106.581024446624227, 31.848967887848438 ], [ -106.581029787939897, 31.848981598852571 ] ] ] } },
{ "type": "Feature", "properties": { "district": 1, "zonelabel": "C-1", "state_cd_clean": null, "use_desc": "Unknown", "targetlotarea": 14630, "existing_units": 0, "footprint_sqft": 0.0, "interior_sqft": 0.0, "coverage_pct": 0.0, "in_corridor": false, "in_historic": false, "context_type": "Suburban" }, "geometry": { "type": "Polygon", "coordinates": [ [ [ -106.582098504318751, 31.848978947129346 ], [ -106.582197604939296, 31.848978700483094 ], [ -106.582120700129295, 31.84879318369391 ], [ -106.582485013236564, 31.848683149799367 ], [ -106.582397689339984, 31.848458255466966 ], [ -106.58194895436273, 31.848593787679103 ], [ -106.582098504318751, 31.848978947129346 ] ] ] } },
{ "type": "Feature", "properties": { "district": 1, "zonelabel": "C-1", "state_cd_clean": null, "use_desc": "Unknown", "targetlotarea": 10860, "existing_units": 0, "footprint_sqft": 0.0, "interior_sqft": 0.0, "coverage_pct": 0.0, "in_corridor": false, "in_historic": false, "context_type": "Suburban" }, "geometry": { "type": "Polygon", "coordinates": [ [ [ -106.582197604939296, 31.848978700483094 ], [ -106.58254517079763, 31.848977835338921 ], [ -106.582555953076294, 31.848969707676602 ], [ -106.582564976225228, 31.848960145145877 ], [ -106.582571984231166, 31.848949421986052 ], [ -106.582576773970473, 31.848937844222107 ], [ -106.582579209561885, 31.8489257426527 ], [ -106.582577807733927, 31.848922133612987 ], [ -106.582576384235509, 31.848918468707073 ], [ -106.582574946523167, 31.848914764739408 ], [ -106.582573501295116, 31.848911043066895 ], [ -106.582485013236564, 31.848683149799367 ], [ -106.582120700129295, 31.84879318369391 ], [ -106.582197604939296, 31.848978700483094 ] ] ] } },
{ "type": "Feature", "properties": { "district": 1, "zonelabel": "C-4", "state_cd_clean": null, "use_desc": "Unknown", "targetlotarea": 10005, "existing_units": 0, "footprint_sqft": 0.0, "interior_sqft": 0.0, "coverage_pct": 0.0, "in_corridor": false, "in_historic": false, "context_type": "Suburban" }, "geometry": { "type": "Polygon", "coordinates": [ [ [ -106.580921485941602, 31.849049787879057 ], [ -106.581056225163735, 31.849049454112563 ], [ -106.581029787939897, 31.848981598852571 ], [ -106.581024446624227, 31.848967887848438 ], [ -106.58099799823178, 31.8489000069229 ], [ -106.580795239953275, 31.848379594432735 ], [ -106.580675748787741, 31.848416468076813 ], [ -106.580780006292855, 31.84869354496875 ], [ -106.580889875495927, 31.848970193498605 ], [ -106.580894538872499, 31.848981934481444 ], [ -106.580921485941602, 31.849049787879057 ] ] ] } },
{ "type": "Feature", "properties": { "district": 1, "zonelabel": "C-3", "state_cd_clean": null, "use_desc": "Unknown", "targetlotarea": 32551, "existing_units": 0, "footprint_sqft": 0.0, "interior_sqft": 0.0, "coverage_pct": 0.0, "in_corridor": false, "in_historic": false, "context_type": "Suburban" }, "geometry": { "type": "Polygon", "coordinates": [ [ [ -106.582069332934452, 31.849611149321575 ], [ -106.582235874348271, 31.849565731119583 ], [ -106.582378362635211, 31.849526363002639 ], [ -106.582744170651836, 31.849415899084878 ], [ -106.582690829061477, 31.849283449804918 ], [ -106.58264841253019, 31.849178687165146 ], [ -106.58264387840498, 31.849169393326228 ], [ -106.58263769136309, 31.849160822866292 ], [ -106.582630005007232, 31.84915318700439 ], [ -106.582621008674906, 31.849146677178776 ], [ -106.582610925612158, 31.84914145339193 ], [ -106.582600007758273, 31.84913764536417 ], [ -106.582588524900459, 31.849135348537967 ], [ -106.582576761212451, 31.849134619727685 ], [ -106.582217002649926, 31.849129023719851 ], [ -106.582052371088139, 31.849126300563309 ], [ -106.581882785126069, 31.849130311346453 ], [ -106.582069332934452, 31.849611149321575 ] ] ] } },
{ "type": "Feature", "properties": { "district": 1, "zonelabel": "C-3", "state_cd_clean": null, "use_desc": "Unknown", "targetlotarea": 9405, "existing_units": 0, "footprint_sqft": 0.0, "interior_sqft": 0.0, "coverage_pct": 0.0, "in_corridor": false, "in_historic": false, "context_type": "Suburban" }, "geometry": { "type": "Polygon", "coordinates": [ [ [ -106.581715970387165, 31.849133032710863 ], [ -106.581923151747475, 31.849656164565154 ], [ -106.582069332934452, 31.849611149321575 ], [ -106.581882785126069, 31.849130311346453 ], [ -106.581715970387165, 31.849133032710863 ] ] ] } },
{ "type": "Feature", "properties": { "district": 1, "zonelabel": "C-1", "state_cd_clean": null, "use_desc": "Unknown", "targetlotarea": 579, "existing_units": 0, "footprint_sqft": 0.0, "interior_sqft": 0.0, "coverage_pct": 0.0, "in_corridor": false, "in_historic": false, "context_type": "Suburban" }, "geometry": { "type": "Polygon", "coordinates": [ [ [ -106.540882925198659, 31.851702565117709 ], [ -106.540912093314262, 31.851774972149308 ], [ -106.54097508289469, 31.851762264228146 ], [ -106.540943668193847, 31.851684280140123 ], [ -106.540882925198659, 31.851702565117709 ] ] ] } },
{ "type": "Feature", "properties": { "district": 1, "zonelabel": "C-3", "state_cd_clean": null, "use_desc": "Unknown", "targetlotarea": 33249, "existing_units": 0, "footprint_sqft": 0.0, "interior_sqft": 0.0, "coverage_pct": 0.0, "in_corridor": false, "in_historic": false, "context_type": "Suburban" }, "geometry": { "type": "Polygon", "coordinates": [ [ [ -106.582106444128968, 31.849828323668127 ], [ -106.582156665316276, 31.849949268856751 ], [ -106.582525156980296, 31.849840253971216 ], [ -106.582876105799954, 31.849743466809812 ], [ -106.582744170651836, 31.849415899084878 ], [ -106.582378362635211, 31.849526363002639 ], [ -106.582235874348271, 31.849565731119583 ], [ -106.582069332934452, 31.849611149321575 ], [ -106.581923151747475, 31.849656164565154 ], [ -106.581870486371145, 31.849671647981264 ], [ -106.581956523115807, 31.84987575313496 ], [ -106.582106444128968, 31.849828323668127 ] ] ] } },
{ "type": "Feature", "properties": { "district": 1, "zonelabel": "R-4", "state_cd_clean": null, "use_desc": "Unknown", "targetlotarea": 4838, "existing_units": 0, "footprint_sqft": 0.0, "interior_sqft": 0.0, "coverage_pct": 0.0, "in_corridor": false, "in_historic": false, "context_type": "Suburban" }, "geometry": { "type": "Polygon", "coordinates": [ [ [ -106.581745466471219, 31.849709657739659 ], [ -106.581857297361651, 31.850005147624451 ], [ -106.581988610413731, 31.849964029254004 ], [ -106.581956523115807, 31.84987575313496 ], [ -106.581870486371145, 31.849671647981264 ], [ -106.581769404320553, 31.849701023399152 ], [ -106.581745466471219, 31.849709657739659 ] ] ] } },
{ "type": "Feature", "properties": { "district": 1, "zonelabel": "C-1", "state_cd_clean": null, "use_desc": "Unknown", "targetlotarea": 16754, "existing_units": 0, "footprint_sqft": 0.0, "interior_sqft": 0.0, "coverage_pct": 0.0, "in_corridor": false, "in_historic": false, "context_type": "Suburban" }, "geometry": { "type": "Polygon", "coordinates": [ [ [ -106.540912093314262, 31.851774972149308 ], [ -106.54099596650066, 31.851983177524637 ], [ -106.541475053139365, 31.851851083972559 ], [ -106.541443534862282, 31.851754046235424 ], [ -106.541407402611043, 31.851658186855172 ], [ -106.541366717702729, 31.85156366639432 ], [ -106.5412438805063, 31.851597534488615 ], [ -106.541100581204702, 31.851637046148387 ], [ -106.540990940624283, 31.851670049915171 ], [ -106.540943668193847, 31.851684280140123 ], [ -106.54097508289469, 31.851762264228146 ], [ -106.540912093314262, 31.851774972149308 ] ] ] } },
{ "type": "Feature", "properties": { "district": 1, "zonelabel": "C-3", "state_cd_clean": null, "use_desc": "Unknown", "targetlotarea": 8550, "existing_units": 0, "footprint_sqft": 0.0, "interior_sqft": 0.0, "coverage_pct": 0.0, "in_corridor": false, "in_historic": false, "context_type": "Suburban" }, "geometry": { "type": "Polygon", "coordinates": [ [ [ -106.582525156980296, 31.849840253971216 ], [ -106.582603851222899, 31.850038385571661 ], [ -106.58294662876871, 31.849939716047796 ], [ -106.582876105799954, 31.849743466809812 ], [ -106.582525156980296, 31.849840253971216 ] ] ] } },
{ "type": "Feature", "properties": { "district": 1, "zonelabel": "C-3", "state_cd_clean": null, "use_desc": "Unknown", "targetlotarea": 5733, "existing_units": 0, "footprint_sqft": 0.0, "interior_sqft": 0.0, "coverage_pct": 0.0, "in_corridor": false, "in_historic": false, "context_type": "Suburban" }, "geometry": { "type": "Polygon", "coordinates": [ [ [ -106.582603851222899, 31.850038385571661 ], [ -106.58265543630074, 31.850171009503725 ], [ -106.583001547242119, 31.850071079662516 ], [ -106.58294662876871, 31.849939716047796 ], [ -106.582603851222899, 31.850038385571661 ] ] ] } },
{ "type": "Feature", "properties": { "district": 1, "zonelabel": "C-3", "state_cd_clean": null, "use_desc": "Unknown", "targetlotarea": 15299, "existing_units": 0, "footprint_sqft": 0.0, "interior_sqft": 0.0, "coverage_pct": 0.0, "in_corridor": false, "in_historic": false, "context_type": "Suburban" }, "geometry": { "type": "Polygon", "coordinates": [ [ [ -106.582156665316276, 31.849949268856751 ], [ -106.582287310584704, 31.850277163614557 ], [ -106.58265543630074, 31.850171009503725 ], [ -106.582603851222899, 31.850038385571661 ], [ -106.582525156980296, 31.849840253971216 ], [ -106.582156665316276, 31.849949268856751 ] ] ] } },
{ "type": "Feature", "properties": { "district": 1, "zonelabel": "C-1", "state_cd_clean": null, "use_desc": "Unknown", "targetlotarea": 18666, "existing_units": 0, "footprint_sqft": 0.0, "interior_sqft": 0.0, "coverage_pct": 0.0, "in_corridor": false, "in_historic": false, "context_type": "Suburban" }, "geometry": { "type": "Polygon", "coordinates": [ [ [ -106.541111525406762, 31.852270037739242 ], [ -106.541469162488383, 31.852259212665434 ], [ -106.541479536811835, 31.852257083988498 ], [ -106.541489378985474, 31.852253567091225 ], [ -106.541498436846325, 31.852248754387556 ], [ -106.541506477114481, 31.852242768101782 ], [ -106.5415132939507, 31.852235761667 ], [ -106.541518711885615, 31.852227915972197 ], [ -106.541522591736694, 31.852219432757611 ], [ -106.541525851460705, 31.852144967405351 ], [ -106.541522693754473, 31.852070498245055 ], [ -106.54151313442793, 31.851996428278312 ], [ -106.541497225158921, 31.851923158795298 ], [ -106.541475053139365, 31.851851083972559 ], [ -106.54099596650066, 31.851983177524637 ], [ -106.541111525406762, 31.852270037739242 ] ] ] } },
{ "type": "Feature", "properties": { "district": 1, "zonelabel": "C-3", "state_cd_clean": null, "use_desc": "Unknown", "targetlotarea": 8903, "existing_units": 0, "footprint_sqft": 0.0, "interior_sqft": 0.0, "coverage_pct": 0.0, "in_corridor": false, "in_historic": false, "context_type": "Suburban" }, "geometry": { "type": "Polygon", "coordinates": [ [ [ -106.581988610413731, 31.849964029254004 ], [ -106.582125099544882, 31.850323966434882 ], [ -106.582287310584704, 31.850277163614557 ], [ -106.582156665316276, 31.849949268856751 ], [ -106.582106444128968, 31.849828323668127 ], [ -106.581956523115807, 31.84987575313496 ], [ -106.581988610413731, 31.849964029254004 ] ] ] } },
{ "type": "Feature", "properties": { "district": 1, "zonelabel": "R-4", "state_cd_clean": null, "use_desc": "Unknown", "targetlotarea": 6001, "existing_units": 0, "footprint_sqft": 0.0, "interior_sqft": 0.0, "coverage_pct": 0.0, "in_corridor": false, "in_historic": false, "context_type": "Suburban" }, "geometry": { "type": "Polygon", "coordinates": [ [ [ -106.581857297361651, 31.850005147624451 ], [ -106.581990369297955, 31.850362840800223 ], [ -106.582125099544882, 31.850323966434882 ], [ -106.581988610413731, 31.849964029254004 ], [ -106.581857297361651, 31.850005147624451 ] ] ] } },
{ "type": "Feature", "properties": { "district": 1, "zonelabel": "R-4", "state_cd_clean": null, "use_desc": "Unknown", "targetlotarea": 13901, "existing_units": 0, "footprint_sqft": 0.0, "interior_sqft": 0.0, "coverage_pct": 0.0, "in_corridor": false, "in_historic": false, "context_type": "Suburban" }, "geometry": { "type": "Polygon", "coordinates": [ [ [ -106.581567258595896, 31.849759606001864 ], [ -106.581829425960052, 31.850409277084484 ], [ -106.581990369297955, 31.850362840800223 ], [ -106.581857297361651, 31.850005147624451 ], [ -106.581745466471219, 31.849709657739659 ], [ -106.5816121824802, 31.84974663592396 ], [ -106.581567258595896, 31.849759606001864 ] ] ] } },
{ "type": "Feature", "properties": { "district": 1, "zonelabel": "C-1", "state_cd_clean": null, "use_desc": "Unknown", "targetlotarea": 103262, "existing_units": 0, "footprint_sqft": 0.0, "interior_sqft": 0.0, "coverage_pct": 0.0, "in_corridor": false, "in_historic": false, "context_type": "Suburban" }, "geometry": { "type": "Polygon", "coordinates": [ [ [ -106.539206177379938, 31.852247270502989 ], [ -106.539281629649551, 31.852638610113299 ], [ -106.540408026723284, 31.852393912115687 ], [ -106.540528060597396, 31.852368157889735 ], [ -106.540648643795379, 31.852344346455091 ], [ -106.540762110582591, 31.85231659458297 ], [ -106.540877377424721, 31.852294907046605 ], [ -106.540993999058429, 31.852279368300568 ], [ -106.541111525406762, 31.852270037739242 ], [ -106.54099596650066, 31.851983177524637 ], [ -106.540912093314262, 31.851774972149308 ], [ -106.540882925198659, 31.851702565117709 ], [ -106.540831965448049, 31.851717905076285 ], [ -106.540585233023194, 31.851788373206471 ], [ -106.54036226122318, 31.851854884476744 ], [ -106.540247745431373, 31.851887880656619 ], [ -106.54013713488456, 31.851919751168985 ], [ -106.540035579026608, 31.851950415830505 ], [ -106.539903282255835, 31.851990362658025 ], [ -106.539802951248944, 31.852027004286601 ], [ -106.53966971213265, 31.852075663419367 ], [ -106.539419035170056, 31.852168032421289 ], [ -106.539300956249051, 31.852211987855139 ], [ -106.539206177379938, 31.852247270502989 ] ] ] } },
{ "type": "Feature", "properties": { "district": 1, "zonelabel": "C-1", "state_cd_clean": null, "use_desc": "Unknown", "targetlotarea": 13407, "existing_units": 0, "footprint_sqft": 0.0, "interior_sqft": 0.0, "coverage_pct": 0.0, "in_corridor": false, "in_historic": false, "context_type": "Suburban" }, "geometry": { "type": "Polygon", "coordinates": [ [ [ -106.538957935431313, 31.852470280273906 ], [ -106.538890117715766, 31.852723659910353 ], [ -106.539281629649551, 31.852638610113299 ], [ -106.539206177379938, 31.852247270502989 ], [ -106.539100806166928, 31.852288548851391 ], [ -106.538967928147414, 31.85234060250896 ], [ -106.538957935431313, 31.852470280273906 ] ] ] } },
{ "type": "Feature", "properties": { "district": 1, "zonelabel": "C-1", "state_cd_clean": null, "use_desc": "Unknown", "targetlotarea": 38903, "existing_units": 0, "footprint_sqft": 0.0, "interior_sqft": 0.0, "coverage_pct": 0.0, "in_corridor": false, "in_historic": false, "context_type": "Suburban" }, "geometry": { "type": "Polygon", "coordinates": [ [ [ -106.540883920750659, 31.853011540080963 ], [ -106.541614657348205, 31.852977474065465 ], [ -106.541616002116342, 31.852873671994171 ], [ -106.541612369407346, 31.852769910358134 ], [ -106.541603764282655, 31.852666363244552 ], [ -106.541590201180341, 31.852563202486653 ], [ -106.54158733862316, 31.8525527094789 ], [ -106.541582593009352, 31.852542727180811 ], [ -106.541576080767697, 31.852533498435474 ], [ -106.541567961691939, 31.852525249566103 ], [ -106.54155843313535, 31.852518182523589 ], [ -106.541547730889107, 31.852512472134499 ], [ -106.541536115815404, 31.852508255899945 ], [ -106.541523871973368, 31.852505637697789 ], [ -106.541428384967546, 31.852506375528385 ], [ -106.540855055357824, 31.852560440782625 ], [ -106.540883920750659, 31.853011540080963 ] ] ] } },
{ "type": "Feature", "properties": { "district": 1, "zonelabel": "P-R 2", "state_cd_clean": null, "use_desc": "Unknown", "targetlotarea": 167826, "existing_units": 0, "footprint_sqft": 0.0, "interior_sqft": 0.0, "coverage_pct": 0.0, "in_corridor": false, "in_historic": false, "context_type": "Suburban" }, "geometry": { "type": "Polygon", "coordinates": [ [ [ -106.540631286020187, 31.853358292495773 ], [ -106.540705138560725, 31.854512495064718 ], [ -106.54074541838213, 31.854509584679338 ], [ -106.540998234660236, 31.854491316496073 ], [ -106.541251051954987, 31.854473048672357 ], [ -106.541631547394957, 31.854445553408119 ], [ -106.541614657348205, 31.852977474065465 ], [ -106.540883920750659, 31.853011540080963 ], [ -106.540855055357824, 31.852560440782625 ], [ -106.540666585511403, 31.852598888154489 ], [ -106.540714915651847, 31.853354216754585 ], [ -106.540631286020187, 31.853358292495773 ] ] ] } },
{ "type": "Feature", "properties": { "district": 1, "zonelabel": "C-4", "state_cd_clean": null, "use_desc": "Unknown", "targetlotarea": 56751, "existing_units": 0, "footprint_sqft": 0.0, "interior_sqft": 0.0, "coverage_pct": 0.0, "in_corridor": false, "in_historic": false, "context_type": "Suburban" }, "geometry": { "type": "Polygon", "coordinates": [ [ [ -106.58141639898146, 31.851877018093177 ], [ -106.581688464951426, 31.852571685762555 ], [ -106.582333393351021, 31.852387550255941 ], [ -106.582064457386153, 31.851685264276231 ], [ -106.58141639898146, 31.851877018093177 ] ] ] } },
{ "type": "Feature", "properties": { "district": 1, "zonelabel": "P-R 2", "state_cd_clean": null, "use_desc": "Unknown", "targetlotarea": 324950, "existing_units": 0, "footprint_sqft": 0.0, "interior_sqft": 0.0, "coverage_pct": 0.0, "in_corridor": false, "in_historic": false, "context_type": "Suburban" }, "geometry": { "type": "Polygon", "coordinates": [ [ [ -106.53969831502576, 31.854577459981286 ], [ -106.539702914785678, 31.85458490753199 ], [ -106.540239784420194, 31.854546118724109 ], [ -106.540492600892875, 31.854527851521944 ], [ -106.540705138560725, 31.854512495064718 ], [ -106.540631286020187, 31.853358292495773 ], [ -106.540714915651847, 31.853354216754585 ], [ -106.540666585511403, 31.852598888154489 ], [ -106.539086524925281, 31.852935427482361 ], [ -106.538983810149148, 31.852959447049177 ], [ -106.538823508524075, 31.852988949978695 ], [ -106.53878343601373, 31.853152210884112 ], [ -106.538736687598742, 31.853314173124382 ], [ -106.538683321205028, 31.853474638827411 ], [ -106.538623402144765, 31.853633409768324 ], [ -106.53855700452479, 31.85379029272169 ], [ -106.539112459703716, 31.853708325892288 ], [ -106.539584256820717, 31.854429295085282 ], [ -106.539681575121193, 31.854578637321321 ], [ -106.53969831502576, 31.854577459981286 ] ] ] } },
{ "type": "Feature", "properties": { "district": 1, "zonelabel": "A-2", "state_cd_clean": null, "use_desc": "Unknown", "targetlotarea": 21963, "existing_units": 0, "footprint_sqft": 0.0, "interior_sqft": 0.0, "coverage_pct": 0.0, "in_corridor": false, "in_historic": false, "context_type": "Suburban" }, "geometry": { "type": "Polygon", "coordinates": [ [ [ -106.579272063114132, 31.852324155572795 ], [ -106.579503806891907, 31.852876780701141 ], [ -106.579810342862004, 31.852785996658827 ], [ -106.57959350905972, 31.852231324312925 ], [ -106.579272063114132, 31.852324155572795 ] ] ] } },
{ "type": "Feature", "properties": { "district": 1, "zonelabel": "C-3", "state_cd_clean": null, "use_desc": "Unknown", "targetlotarea": 17281, "existing_units": 0, "footprint_sqft": 0.0, "interior_sqft": 0.0, "coverage_pct": 0.0, "in_corridor": false, "in_historic": false, "context_type": "Suburban" }, "geometry": { "type": "Polygon", "coordinates": [ [ [ -106.583378148345233, 31.852460895231175 ], [ -106.583476456703053, 31.852727061409439 ], [ -106.583996709179416, 31.852580656543761 ], [ -106.583892345023088, 31.852312946869375 ], [ -106.583378148345233, 31.852460895231175 ] ] ] } },
{ "type": "Feature", "properties": { "district": 1, "zonelabel": "A-2", "state_cd_clean": null, "use_desc": "Unknown", "targetlotarea": 11895, "existing_units": 0, "footprint_sqft": 0.0, "interior_sqft": 0.0, "coverage_pct": 0.0, "in_corridor": false, "in_historic": false, "context_type": "Suburban" }, "geometry": { "type": "Polygon", "coordinates": [ [ [ -106.579107517023459, 31.852372436645904 ], [ -106.579329645764801, 31.852928889792082 ], [ -106.579503806891907, 31.852876780701141 ], [ -106.579272063114132, 31.852324155572795 ], [ -106.579107517023459, 31.852372436645904 ] ] ] } },
{ "type": "Feature", "properties": { "district": 1, "zonelabel": "A-2", "state_cd_clean": null, "use_desc": "Unknown", "targetlotarea": 11798, "existing_units": 0, "footprint_sqft": 0.0, "interior_sqft": 0.0, "coverage_pct": 0.0, "in_corridor": false, "in_historic": false, "context_type": "Suburban" }, "geometry": { "type": "Polygon", "coordinates": [ [ [ -106.578942302869521, 31.852418883390261 ], [ -106.579158339470666, 31.852978633311032 ], [ -106.579329645764801, 31.852928889792082 ], [ -106.579107517023459, 31.852372436645904 ], [ -106.578942302869521, 31.852418883390261 ] ] ] } },
{ "type": "Feature", "properties": { "district": 1, "zonelabel": "C-4", "state_cd_clean": null, "use_desc": "Unknown", "targetlotarea": 23232, "existing_units": 0, "footprint_sqft": 0.0, "interior_sqft": 0.0, "coverage_pct": 0.0, "in_corridor": false, "in_historic": false, "context_type": "Suburban" }, "geometry": { "type": "Polygon", "coordinates": [ [ [ -106.581688464951426, 31.852571685762555 ], [ -106.581800878700378, 31.852858705530455 ], [ -106.582444952854758, 31.852674812908905 ], [ -106.582333393351021, 31.852387550255941 ], [ -106.581688464951426, 31.852571685762555 ] ] ] } },
{ "type": "Feature", "properties": { "district": 1, "zonelabel": "C-4", "state_cd_clean": null, "use_desc": "Unknown", "targetlotarea": 321504, "existing_units": 0, "footprint_sqft": 0.0, "interior_sqft": 0.0, "coverage_pct": 0.0, "in_corridor": false, "in_historic": false, "context_type": "Suburban" }, "geometry": { "type": "Polygon", "coordinates": [ [ [ -106.583160572168566, 31.852648474851403 ], [ -106.583218611780779, 31.852799649038374 ], [ -106.583476456703053, 31.852727061409439 ], [ -106.583378148345233, 31.852460895231175 ], [ -106.583892345023088, 31.852312946869375 ], [ -106.58375578742546, 31.851982100109399 ], [ -106.583656323176371, 31.851734398290102 ], [ -106.583451521188636, 31.851216066747828 ], [ -106.583313296578169, 31.850861334766627 ], [ -106.583285168139199, 31.850793333477963 ], [ -106.582846684935873, 31.850913300376003 ], [ -106.582656083073616, 31.850409113304956 ], [ -106.581938075618396, 31.850616927986028 ], [ -106.582028832341635, 31.850872391610576 ], [ -106.582142899942539, 31.851188931252853 ], [ -106.581906054957898, 31.851253564167134 ], [ -106.582064457386153, 31.851685264276231 ], [ -106.582333393351021, 31.852387550255941 ], [ -106.582444952854758, 31.852674812908905 ], [ -106.582451486889056, 31.852691634385284 ], [ -106.582451688392183, 31.852692154935045 ], [ -106.583102259587278, 31.852508236132682 ], [ -106.583126084825452, 31.852567908061992 ], [ -106.583160572168566, 31.852648474851403 ] ] ] } },
{ "type": "Feature", "properties": { "district": 1, "zonelabel": "C-4", "state_cd_clean": null, "use_desc": "Unknown", "targetlotarea": 1322, "existing_units": 0, "footprint_sqft": 0.0, "interior_sqft": 0.0, "coverage_pct": 0.0, "in_corridor": false, "in_historic": false, "context_type": "Suburban" }, "geometry": { "type": "Polygon", "coordinates": [ [ [ -106.581800878700378, 31.852858705530455 ], [ -106.581807093986257, 31.852874577634964 ], [ -106.582431049845439, 31.852697437017977 ], [ -106.582451486889056, 31.852691634385284 ], [ -106.582444952854758, 31.852674812908905 ], [ -106.581800878700378, 31.852858705530455 ] ] ] } },
{ "type": "Feature", "properties": { "district": 1, "zonelabel": "A-2", "state_cd_clean": null, "use_desc": "Unknown", "targetlotarea": 29979, "existing_units": 0, "footprint_sqft": 0.0, "interior_sqft": 0.0, "coverage_pct": 0.0, "in_corridor": false, "in_historic": false, "context_type": "Suburban" }, "geometry": { "type": "Polygon", "coordinates": [ [ [ -106.578520426333483, 31.85253747924455 ], [ -106.578728713154248, 31.853103241519243 ], [ -106.579158339470666, 31.852978633311032 ], [ -106.578942302869521, 31.852418883390261 ], [ -106.578520426333483, 31.85253747924455 ] ] ] } },
{ "type": "Feature", "properties": { "district": 1, "zonelabel": "C-3", "state_cd_clean": null, "use_desc": "Unknown", "targetlotarea": 23897, "existing_units": 0, "footprint_sqft": 0.0, "interior_sqft": 0.0, "coverage_pct": 0.0, "in_corridor": false, "in_historic": false, "context_type": "Suburban" }, "geometry": { "type": "Polygon", "coordinates": [ [ [ -106.582512419175742, 31.852848534038877 ], [ -106.582564980028067, 31.85298386787354 ], [ -106.582868300384774, 31.852898455404198 ], [ -106.583218611780779, 31.852799649038374 ], [ -106.583160572168566, 31.852648474851403 ], [ -106.583126084825452, 31.852567908061992 ], [ -106.583102259587278, 31.852508236132682 ], [ -106.582451688392183, 31.852692154935045 ], [ -106.582459140200612, 31.852711341389949 ], [ -106.582474927301874, 31.852751992402201 ], [ -106.58248897977019, 31.85278817598045 ], [ -106.582506900497748, 31.852834322163751 ], [ -106.582512419175742, 31.852848534038877 ] ] ] } },
{ "type": "Feature", "properties": { "district": 1, "zonelabel": "A-2", "state_cd_clean": null, "use_desc": "Unknown", "targetlotarea": 31491, "existing_units": 0, "footprint_sqft": 0.0, "interior_sqft": 0.0, "coverage_pct": 0.0, "in_corridor": false, "in_historic": false, "context_type": "Suburban" }, "geometry": { "type": "Polygon", "coordinates": [ [ [ -106.578180165269274, 31.85263306917069 ], [ -106.578177278589607, 31.853259789174494 ], [ -106.578728713154248, 31.853103241519243 ], [ -106.578520426333483, 31.85253747924455 ], [ -106.578180165269274, 31.85263306917069 ] ] ] } },
{ "type": "Feature", "properties": { "district": 1, "zonelabel": "C-4", "state_cd_clean": null, "use_desc": "Unknown", "targetlotarea": 23479, "existing_units": 0, "footprint_sqft": 0.0, "interior_sqft": 0.0, "coverage_pct": 0.0, "in_corridor": false, "in_historic": false, "context_type": "Suburban" }, "geometry": { "type": "Polygon", "coordinates": [ [ [ -106.581807093986257, 31.852874577634964 ], [ -106.581867152602896, 31.85301895312417 ], [ -106.581922068550426, 31.853164811988137 ], [ -106.582275152267229, 31.85306553918883 ], [ -106.582475816359874, 31.853009006978549 ], [ -106.582564980028067, 31.85298386787354 ], [ -106.582512419175742, 31.852848534038877 ], [ -106.582506900497748, 31.852834322163751 ], [ -106.58248897977019, 31.85278817598045 ], [ -106.582474927301874, 31.852751992402201 ], [ -106.582459140200612, 31.852711341389949 ], [ -106.582451688392183, 31.852692154935045 ], [ -106.582451486889056, 31.852691634385284 ], [ -106.582431049845439, 31.852697437017977 ], [ -106.581807093986257, 31.852874577634964 ] ] ] } },
{ "type": "Feature", "properties": { "district": 1, "zonelabel": "C-3", "state_cd_clean": null, "use_desc": "Unknown", "targetlotarea": 8212, "existing_units": 0, "footprint_sqft": 0.0, "interior_sqft": 0.0, "coverage_pct": 0.0, "in_corridor": false, "in_historic": false, "context_type": "Suburban" }, "geometry": { "type": "Polygon", "coordinates": [ [ [ -106.582475816359874, 31.853009006978549 ], [ -106.582545618893747, 31.853176484523836 ], [ -106.582832943872276, 31.85309399244596 ], [ -106.582933139894223, 31.853067887234722 ], [ -106.582868300384774, 31.852898455404198 ], [ -106.582564980028067, 31.85298386787354 ], [ -106.582475816359874, 31.853009006978549 ] ] ] } },
{ "type": "Feature", "properties": { "district": 1, "zonelabel": "C-3", "state_cd_clean": null, "use_desc": "Unknown", "targetlotarea": 4304, "existing_units": 0, "footprint_sqft": 0.0, "interior_sqft": 0.0, "coverage_pct": 0.0, "in_corridor": false, "in_historic": false, "context_type": "Suburban" }, "geometry": { "type": "Polygon", "coordinates": [ [ [ -106.582275152267229, 31.85306553918883 ], [ -106.582338034883392, 31.853234212493923 ], [ -106.582545618893747, 31.853176484523836 ], [ -106.582475816359874, 31.853009006978549 ], [ -106.582275152267229, 31.85306553918883 ] ] ] } },
{ "type": "Feature", "properties": { "district": 1, "zonelabel": "C-3", "state_cd_clean": null, "use_desc": "Unknown", "targetlotarea": 37886, "existing_units": 0, "footprint_sqft": 0.0, "interior_sqft": 0.0, "coverage_pct": 0.0, "in_corridor": false, "in_historic": false, "context_type": "Suburban" }, "geometry": { "type": "Polygon", "coordinates": [ [ [ -106.583419715725512, 31.852930111697695 ], [ -106.583517615763256, 31.853194312027259 ], [ -106.584166960255246, 31.853015984880859 ], [ -106.583996709179416, 31.852580656543761 ], [ -106.583476456703053, 31.852727061409439 ], [ -106.583218611780779, 31.852799649038374 ], [ -106.583281501825454, 31.85296738402382 ], [ -106.583419715725512, 31.852930111697695 ] ] ] } },
{ "type": "Feature", "properties": { "district": 1, "zonelabel": "C-3", "state_cd_clean": null, "use_desc": "Unknown", "targetlotarea": 8197, "existing_units": 0, "footprint_sqft": 0.0, "interior_sqft": 0.0, "coverage_pct": 0.0, "in_corridor": false, "in_historic": false, "context_type": "Suburban" }, "geometry": { "type": "Polygon", "coordinates": [ [ [ -106.583171303410779, 31.852998680247264 ], [ -106.583269510494091, 31.853263711450705 ], [ -106.583517615763256, 31.853194312027259 ], [ -106.583419715725512, 31.852930111697695 ], [ -106.583281501825454, 31.85296738402382 ], [ -106.583171303410779, 31.852998680247264 ] ] ] } },
{ "type": "Feature", "properties": { "district": 1, "zonelabel": "C-3", "state_cd_clean": null, "use_desc": "Unknown", "targetlotarea": 7413, "existing_units": 0, "footprint_sqft": 0.0, "interior_sqft": 0.0, "coverage_pct": 0.0, "in_corridor": false, "in_historic": false, "context_type": "Suburban" }, "geometry": { "type": "Polygon", "coordinates": [ [ [ -106.581922068550426, 31.853164811988137 ], [ -106.581981925869627, 31.853332165519745 ], [ -106.582338034883392, 31.853234212493923 ], [ -106.582275152267229, 31.85306553918883 ], [ -106.581922068550426, 31.853164811988137 ] ] ] } },
{ "type": "Feature", "properties": { "district": 1, "zonelabel": "C-3", "state_cd_clean": null, "use_desc": "Unknown", "targetlotarea": 1591, "existing_units": 0, "footprint_sqft": 0.0, "interior_sqft": 0.0, "coverage_pct": 0.0, "in_corridor": false, "in_historic": false, "context_type": "Suburban" }, "geometry": { "type": "Polygon", "coordinates": [ [ [ -106.581845402816953, 31.853188521603169 ], [ -106.581904421425946, 31.853352607629322 ], [ -106.581981925869627, 31.853332165519745 ], [ -106.581922068550426, 31.853164811988137 ], [ -106.581845402816953, 31.853188521603169 ] ] ] } },
{ "type": "Feature", "properties": { "district": 1, "zonelabel": "C-3", "state_cd_clean": null, "use_desc": "Unknown", "targetlotarea": 8473, "existing_units": 0, "footprint_sqft": 0.0, "interior_sqft": 0.0, "coverage_pct": 0.0, "in_corridor": false, "in_historic": false, "context_type": "Suburban" }, "geometry": { "type": "Polygon", "coordinates": [ [ [ -106.582832943872276, 31.85309399244596 ], [ -106.582933382013579, 31.853355249465679 ], [ -106.58319396168045, 31.853284967350586 ], [ -106.58309085609794, 31.853021527062474 ], [ -106.582933139894223, 31.853067887234722 ], [ -106.582832943872276, 31.85309399244596 ] ] ] } },
{ "type": "Feature", "properties": { "district": 1, "zonelabel": "C-3", "state_cd_clean": null, "use_desc": "Unknown", "targetlotarea": 1215, "existing_units": 0, "footprint_sqft": 0.0, "interior_sqft": 0.0, "coverage_pct": 0.0, "in_corridor": false, "in_historic": false, "context_type": "Suburban" }, "geometry": { "type": "Polygon", "coordinates": [ [ [ -106.581904421425946, 31.853352607629322 ], [ -106.581953238345832, 31.853480918640962 ], [ -106.582028143496743, 31.853460665394532 ], [ -106.581981925869627, 31.853332165519745 ], [ -106.581904421425946, 31.853352607629322 ] ] ] } },
{ "type": "Feature", "properties": { "district": 1, "zonelabel": "C-2", "state_cd_clean": null, "use_desc": "Unknown", "targetlotarea": 34531, "existing_units": 0, "footprint_sqft": 0.0, "interior_sqft": 0.0, "coverage_pct": 0.0, "in_corridor": false, "in_historic": false, "context_type": "Suburban" }, "geometry": { "type": "Polygon", "coordinates": [ [ [ -106.581977071336055, 31.853544410303698 ], [ -106.582020056505328, 31.853658926380216 ], [ -106.582320499779442, 31.85357487826192 ], [ -106.582368571610729, 31.853560638679184 ], [ -106.58244051069056, 31.853539329819984 ], [ -106.582863087889805, 31.8534377703836 ], [ -106.582955382450635, 31.853412473515625 ], [ -106.582933382013579, 31.853355249465679 ], [ -106.582832943872276, 31.85309399244596 ], [ -106.582545618893747, 31.853176484523836 ], [ -106.582338034883392, 31.853234212493923 ], [ -106.581981925869627, 31.853332165519745 ], [ -106.582028143496743, 31.853460665394532 ], [ -106.581953238345832, 31.853480918640962 ], [ -106.581977071336055, 31.853544410303698 ] ] ] } },
{ "type": "Feature", "properties": { "district": 1, "zonelabel": "C-4", "state_cd_clean": null, "use_desc": "Unknown", "targetlotarea": 24024, "existing_units": 0, "footprint_sqft": 0.0, "interior_sqft": 0.0, "coverage_pct": 0.0, "in_corridor": false, "in_historic": false, "context_type": "Suburban" }, "geometry": { "type": "Polygon", "coordinates": [ [ [ -106.583504642153144, 31.853325130966351 ], [ -106.583616259994386, 31.853595317145416 ], [ -106.584316929638391, 31.853401996075018 ], [ -106.584210043024143, 31.853127849998909 ], [ -106.583504642153144, 31.853325130966351 ] ] ] } },
{ "type": "Feature", "properties": { "district": 1, "zonelabel": "A-2", "state_cd_clean": null, "use_desc": "Unknown", "targetlotarea": 207738, "existing_units": 0, "footprint_sqft": 0.0, "interior_sqft": 0.0, "coverage_pct": 0.0, "in_corridor": false, "in_historic": false, "context_type": "Suburban" }, "geometry": { "type": "Polygon", "coordinates": [ [ [ -106.578177278589607, 31.853259789174494 ], [ -106.578180527516608, 31.853947792531219 ], [ -106.579645349439232, 31.853534667388168 ], [ -106.579675867670773, 31.853528330057276 ], [ -106.579707166090373, 31.853526094080891 ], [ -106.579738494707897, 31.853528012603633 ], [ -106.579769098124743, 31.853534040573649 ], [ -106.579798243898082, 31.853544031575183 ], [ -106.579825230518011, 31.853557746478419 ], [ -106.579849410793912, 31.85357485502707 ], [ -106.579870203233881, 31.853594947938205 ], [ -106.579930826365413, 31.853719250751269 ], [ -106.579986885800395, 31.853845103924456 ], [ -106.58066640324121, 31.85365366508514 ], [ -106.58028926843852, 31.852651607889062 ], [ -106.580285900892648, 31.852652505639398 ], [ -106.580125997962568, 31.85269512478763 ], [ -106.579810342862004, 31.852785996658827 ], [ -106.579503806891907, 31.852876780701141 ], [ -106.579329645764801, 31.852928889792082 ], [ -106.579158339470666, 31.852978633311032 ], [ -106.578728713154248, 31.853103241519243 ], [ -106.578177278589607, 31.853259789174494 ] ] ] } },
{ "type": "Feature", "properties": { "district": 1, "zonelabel": "C-3", "state_cd_clean": null, "use_desc": "Unknown", "targetlotarea": 5024, "existing_units": 0, "footprint_sqft": 0.0, "interior_sqft": 0.0, "coverage_pct": 0.0, "in_corridor": false, "in_historic": false, "context_type": "Suburban" }, "geometry": { "type": "Polygon", "coordinates": [ [ [ -106.582020056505328, 31.853658926380216 ], [ -106.582069386507612, 31.853791968454964 ], [ -106.582372966803149, 31.853708063239111 ], [ -106.582320499779442, 31.85357487826192 ], [ -106.582020056505328, 31.853658926380216 ] ] ] } },
{ "type": "Feature", "properties": { "district": 1, "zonelabel": "C-3", "state_cd_clean": null, "use_desc": "Unknown", "targetlotarea": 35938, "existing_units": 0, "footprint_sqft": 0.0, "interior_sqft": 0.0, "coverage_pct": 0.0, "in_corridor": false, "in_historic": false, "context_type": "Suburban" }, "geometry": { "type": "Polygon", "coordinates": [ [ [ -106.575730477859807, 31.853579818333777 ], [ -106.575809258458065, 31.85412798796872 ], [ -106.576355764965086, 31.854066678665504 ], [ -106.576263926344026, 31.853470306338519 ], [ -106.575731034237236, 31.853572755180885 ], [ -106.575730477859807, 31.853579818333777 ] ] ] } },
{ "type": "Feature", "properties": { "district": 1, "zonelabel": "A-2", "state_cd_clean": null, "use_desc": "Unknown", "targetlotarea": 41732, "existing_units": 0, "footprint_sqft": 0.0, "interior_sqft": 0.0, "coverage_pct": 0.0, "in_corridor": false, "in_historic": false, "context_type": "Suburban" }, "geometry": { "type": "Polygon", "coordinates": [ [ [ -106.579251206319242, 31.854320210523458 ], [ -106.579257256065063, 31.854333172194739 ], [ -106.579265850912151, 31.854345039847498 ], [ -106.579276729066649, 31.854355453892673 ], [ -106.57928956066138, 31.854364097750658 ], [ -106.579303955851913, 31.854370708302575 ], [ -106.579319477132628, 31.85437508613844 ], [ -106.579335653170077, 31.854377096700372 ], [ -106.579351992114425, 31.854376679579993 ], [ -106.57936799847937, 31.854373847708612 ], [ -106.579834436064957, 31.85424953012204 ], [ -106.579849621672594, 31.854243797417599 ], [ -106.579863482319666, 31.854235992042415 ], [ -106.579875630051163, 31.854226329523513 ], [ -106.579885729176581, 31.854215079786773 ], [ -106.579893498544877, 31.854202553498428 ], [ -106.579898723089727, 31.854189100607702 ], [ -106.579901256981941, 31.854175093936909 ], [ -106.579901030598634, 31.85416092252375 ], [ -106.579898048697444, 31.854146979966668 ], [ -106.57974329325998, 31.853765762987695 ], [ -106.57973742629288, 31.853753954173168 ], [ -106.579729420897294, 31.853743098837398 ], [ -106.579719483889335, 31.853733477007747 ], [ -106.579707869710532, 31.853725336618844 ], [ -106.579694879016841, 31.853718888160287 ], [ -106.57968084759564, 31.853714297079264 ], [ -106.579666135638391, 31.853711681585324 ], [ -106.57965112228807, 31.853711110202092 ], [ -106.579636824391159, 31.853712451946667 ], [ -106.579622920622185, 31.853715600293519 ], [ -106.579173003088556, 31.853844482049688 ], [ -106.579157641023556, 31.853850363149636 ], [ -106.579143658030247, 31.853858367620461 ], [ -106.57913145512471, 31.853868269375418 ], [ -106.579121380763894, 31.853879783426688 ], [ -106.579113722299525, 31.853892580747864 ], [ -106.579108699186961, 31.853906297632314 ], [ -106.579106453727036, 31.853920539750188 ], [ -106.579107052311542, 31.853934901057443 ], [ -106.579110475347875, 31.853948971505393 ], [ -106.579251206319242, 31.854320210523458 ] ] ] } },
{ "type": "Feature", "properties": { "district": 1, "zonelabel": "C-3", "state_cd_clean": null, "use_desc": "Unknown", "targetlotarea": 44369, "existing_units": 0, "footprint_sqft": 0.0, "interior_sqft": 0.0, "coverage_pct": 0.0, "in_corridor": false, "in_historic": false, "context_type": "Suburban" }, "geometry": { "type": "Polygon", "coordinates": [ [ [ -106.575809258458065, 31.85412798796872 ], [ -106.575917318325111, 31.85487987628877 ], [ -106.576456316282389, 31.854719623981044 ], [ -106.576355764965086, 31.854066678665504 ], [ -106.575809258458065, 31.85412798796872 ] ] ] } },
{ "type": "Feature", "properties": { "district": 1, "zonelabel": "C-4", "state_cd_clean": null, "use_desc": "Unknown", "targetlotarea": 11615, "existing_units": 0, "footprint_sqft": 0.0, "interior_sqft": 0.0, "coverage_pct": 0.0, "in_corridor": false, "in_historic": false, "context_type": "Suburban" }, "geometry": { "type": "Polygon", "coordinates": [ [ [ -106.584494017306824, 31.854824792806241 ], [ -106.58459948918042, 31.855101212309144 ], [ -106.584938023702662, 31.855008019186858 ], [ -106.584831994107802, 31.854733989649617 ], [ -106.584494017306824, 31.854824792806241 ] ] ] } },
{ "type": "Feature", "properties": { "district": 1, "zonelabel": "A-2", "state_cd_clean": null, "use_desc": "Unknown", "targetlotarea": 342163, "existing_units": 0, "footprint_sqft": 0.0, "interior_sqft": 0.0, "coverage_pct": 0.0, "in_corridor": false, "in_historic": false, "context_type": "Suburban" }, "geometry": { "type": "Polygon", "coordinates": [ [ [ -106.578171826842834, 31.854123225005932 ], [ -106.578181313979357, 31.855624049737365 ], [ -106.581149925933204, 31.854793378964043 ], [ -106.580942925816814, 31.854288768604327 ], [ -106.580758192957276, 31.853800592125829 ], [ -106.580044192903543, 31.85400739753744 ], [ -106.580104741761929, 31.854159841666736 ], [ -106.580105560246409, 31.854199440687697 ], [ -106.580098614710892, 31.854238599282034 ], [ -106.580084099355702, 31.854276216977734 ], [ -106.580062422753727, 31.854311234502465 ], [ -106.580034195335543, 31.854342668708959 ], [ -106.58000020965514, 31.854369634297615 ], [ -106.579315425347886, 31.854564819436401 ], [ -106.579266441316747, 31.854557233396044 ], [ -106.57921957136287, 31.854542907775524 ], [ -106.579176080318462, 31.854522230825761 ], [ -106.579137138249266, 31.854495758837317 ], [ -106.579103795359899, 31.854464204697905 ], [ -106.578924796576956, 31.853993072152971 ], [ -106.578918998970821, 31.853981334951172 ], [ -106.578911095436098, 31.853970530686166 ], [ -106.578901283932325, 31.853960933488576 ], [ -106.578889814205411, 31.853952784293508 ], [ -106.578876976123539, 31.853946290496854 ], [ -106.578863093750499, 31.853941616303722 ], [ -106.578848518837972, 31.853938880330745 ], [ -106.578833619920559, 31.853938150709517 ], [ -106.578818773935424, 31.853939446392395 ], [ -106.578804356550123, 31.853942734905953 ], [ -106.578171826842834, 31.854123225005932 ] ] ] } },
{ "type": "Feature", "properties": { "district": 1, "zonelabel": "R-3", "state_cd_clean": null, "use_desc": "Unknown", "targetlotarea": 186316, "existing_units": 0, "footprint_sqft": 0.0, "interior_sqft": 0.0, "coverage_pct": 0.0, "in_corridor": false, "in_historic": false, "context_type": "Suburban" }, "geometry": { "type": "Polygon", "coordinates": [ [ [ -106.577127713898832, 31.85507777493979 ], [ -106.577420860800686, 31.855673403915564 ], [ -106.577991766177661, 31.855587484474672 ], [ -106.577991761942855, 31.854263098933476 ], [ -106.576456316282389, 31.854719623981044 ], [ -106.575917318325111, 31.85487987628877 ], [ -106.575994195612211, 31.855414788355461 ], [ -106.577127713898832, 31.85507777493979 ] ] ] } },
{ "type": "Feature", "properties": { "district": 1, "zonelabel": "C-4", "state_cd_clean": null, "use_desc": "Unknown", "targetlotarea": 64393, "existing_units": 0, "footprint_sqft": 0.0, "interior_sqft": 0.0, "coverage_pct": 0.0, "in_corridor": false, "in_historic": false, "context_type": "Suburban" }, "geometry": { "type": "Polygon", "coordinates": [ [ [ -106.583304664604796, 31.855005151393229 ], [ -106.58346215097113, 31.855422740320854 ], [ -106.58459948918042, 31.855101212309144 ], [ -106.584494017306824, 31.854824792806241 ], [ -106.584831994107802, 31.854733989649617 ], [ -106.58477995824552, 31.854599363973705 ], [ -106.583304664604796, 31.855005151393229 ] ] ] } },
{ "type": "Feature", "properties": { "district": 1, "zonelabel": "C-4", "state_cd_clean": null, "use_desc": "Unknown", "targetlotarea": 39614, "existing_units": 0, "footprint_sqft": 0.0, "interior_sqft": 0.0, "coverage_pct": 0.0, "in_corridor": false, "in_historic": false, "context_type": "Suburban" }, "geometry": { "type": "Polygon", "coordinates": [ [ [ -106.584805666798545, 31.855230047411958 ], [ -106.584381318290227, 31.855350783102057 ], [ -106.584579023456357, 31.855856988531727 ], [ -106.585201454290626, 31.855682088386917 ], [ -106.585044738972655, 31.855277927493312 ], [ -106.585004262781212, 31.855173542160301 ], [ -106.584805666798545, 31.855230047411958 ] ] ] } },
{ "type": "Feature", "properties": { "district": 1, "zonelabel": "C-4", "state_cd_clean": null, "use_desc": "Unknown", "targetlotarea": 7120, "existing_units": 0, "footprint_sqft": 0.0, "interior_sqft": 0.0, "coverage_pct": 0.0, "in_corridor": false, "in_historic": false, "context_type": "Suburban" }, "geometry": { "type": "Polygon", "coordinates": [ [ [ -106.584579023456357, 31.855856988531727 ], [ -106.584614670701953, 31.855948259948914 ], [ -106.585236870431842, 31.855773425863212 ], [ -106.585201454290626, 31.855682088386917 ], [ -106.584579023456357, 31.855856988531727 ] ] ] } },
{ "type": "Feature", "properties": { "district": 1, "zonelabel": "A-2", "state_cd_clean": null, "use_desc": "Unknown", "targetlotarea": 5457, "existing_units": 0, "footprint_sqft": 0.0, "interior_sqft": 0.0, "coverage_pct": 0.0, "in_corridor": false, "in_historic": false, "context_type": "Suburban" }, "geometry": { "type": "Polygon", "coordinates": [ [ [ -106.578340617417993, 31.856110875353831 ], [ -106.578437053264452, 31.856365495606269 ], [ -106.578611462569839, 31.856311781931478 ], [ -106.578539345299191, 31.856120811288399 ], [ -106.578534367993441, 31.856110700359697 ], [ -106.578527446721864, 31.856101459489956 ], [ -106.578518782493774, 31.856093360857571 ], [ -106.578508628923629, 31.85608663979324 ], [ -106.578497281503701, 31.856081492584931 ], [ -106.578485073964899, 31.856078069426111 ], [ -106.578472361159783, 31.856076471623858 ], [ -106.578405489631663, 31.856090883379405 ], [ -106.578340617417993, 31.856110875353831 ] ] ] } },
{ "type": "Feature", "properties": { "district": 1, "zonelabel": "C-3", "state_cd_clean": null, "use_desc": "Unknown", "targetlotarea": 6490, "existing_units": 0, "footprint_sqft": 0.0, "interior_sqft": 0.0, "coverage_pct": 0.0, "in_corridor": false, "in_historic": false, "context_type": "Suburban" }, "geometry": { "type": "Polygon", "coordinates": [ [ [ -106.578185782254693, 31.856207046549489 ], [ -106.578182688414415, 31.856443398364686 ], [ -106.578319287294278, 31.856401764309421 ], [ -106.578437053264452, 31.856365495606269 ], [ -106.578340617417993, 31.856110875353831 ], [ -106.578237190798319, 31.856142901834023 ], [ -106.578225248304818, 31.856148551033414 ], [ -106.578214469621116, 31.856155706164735 ], [ -106.578205114267533, 31.856164193998271 ], [ -106.578197404993972, 31.856173813260153 ], [ -106.578191527602243, 31.856184331930972 ], [ -106.578187622162503, 31.856195498506338 ], [ -106.578185782254693, 31.856207046549489 ] ] ] } },
{ "type": "Feature", "properties": { "district": 1, "zonelabel": "C-4", "state_cd_clean": null, "use_desc": "Unknown", "targetlotarea": 62890, "existing_units": 0, "footprint_sqft": 0.0, "interior_sqft": 0.0, "coverage_pct": 0.0, "in_corridor": false, "in_historic": false, "context_type": "Suburban" }, "geometry": { "type": "Polygon", "coordinates": [ [ [ -106.583552679777128, 31.855586541439109 ], [ -106.5837611751964, 31.856188081603008 ], [ -106.584324690609549, 31.856029742158455 ], [ -106.584614670701953, 31.855948259948914 ], [ -106.584579023456357, 31.855856988531727 ], [ -106.584381318290227, 31.855350783102057 ], [ -106.583552679777128, 31.855586541439109 ] ] ] } },
{ "type": "Feature", "properties": { "district": 1, "zonelabel": "C-3", "state_cd_clean": null, "use_desc": "Unknown", "targetlotarea": 195966, "existing_units": 0, "footprint_sqft": 0.0, "interior_sqft": 0.0, "coverage_pct": 0.0, "in_corridor": false, "in_historic": false, "context_type": "Suburban" }, "geometry": { "type": "Polygon", "coordinates": [ [ [ -106.576174088438762, 31.856666454254103 ], [ -106.576271767776888, 31.856662183418457 ], [ -106.576368859855592, 31.856652110063607 ], [ -106.576464892630312, 31.856636282116508 ], [ -106.576559399178265, 31.856614777067723 ], [ -106.576651918694509, 31.856587701020427 ], [ -106.576742000356504, 31.856555183085366 ], [ -106.576829206027526, 31.856517384283869 ], [ -106.576910920960202, 31.85647439026587 ], [ -106.576988762432975, 31.856426445048495 ], [ -106.577062319580918, 31.856373802288246 ], [ -106.577131204360626, 31.856316740742837 ], [ -106.577195052308966, 31.856255559717955 ], [ -106.577253527118444, 31.856190584267452 ], [ -106.577306320044556, 31.856122156189031 ], [ -106.577373434720116, 31.856050541890262 ], [ -106.577446803070131, 31.855983545034618 ], [ -106.57752599189449, 31.855921562148293 ], [ -106.577610531226938, 31.855864961713284 ], [ -106.577699920309328, 31.855814078461634 ], [ -106.577793629701375, 31.855769213274471 ], [ -106.577891104445214, 31.855730633030323 ], [ -106.577991766874348, 31.855698565051362 ], [ -106.577991766177661, 31.855587484474672 ], [ -106.577420860800686, 31.855673403915564 ], [ -106.577127713898832, 31.85507777493979 ], [ -106.575994195612211, 31.855414788355461 ], [ -106.576174088438762, 31.856666454254103 ] ] ] } },
{ "type": "Feature", "properties": { "district": 1, "zonelabel": "A-2", "state_cd_clean": null, "use_desc": "Unknown", "targetlotarea": 6181, "existing_units": 0, "footprint_sqft": 0.0, "interior_sqft": 0.0, "coverage_pct": 0.0, "in_corridor": false, "in_historic": false, "context_type": "Suburban" }, "geometry": { "type": "Polygon", "coordinates": [ [ [ -106.578319287294278, 31.856401764309421 ], [ -106.578549481856314, 31.856592681406791 ], [ -106.578570222879819, 31.856577303743983 ], [ -106.578593591251177, 31.856564973240094 ], [ -106.578609167554063, 31.856561743897981 ], [ -106.578623897506816, 31.856556349364496 ], [ -106.578637372929691, 31.856548939290317 ], [ -106.578649216986108, 31.856539721438615 ], [ -106.578659101464936, 31.856528950920179 ], [ -106.578666749826951, 31.856516928240435 ], [ -106.57867195126299, 31.856503987785992 ], [ -106.578674559045965, 31.856490488871003 ], [ -106.578645014596361, 31.856400619718698 ], [ -106.578611462569839, 31.856311781931478 ], [ -106.578437053264452, 31.856365495606269 ], [ -106.578319287294278, 31.856401764309421 ] ] ] } },
{ "type": "Feature", "properties": { "district": 1, "zonelabel": "C-3", "state_cd_clean": null, "use_desc": "Unknown", "targetlotarea": 8827, "existing_units": 0, "footprint_sqft": 0.0, "interior_sqft": 0.0, "coverage_pct": 0.0, "in_corridor": false, "in_historic": false, "context_type": "Suburban" }, "geometry": { "type": "Polygon", "coordinates": [ [ [ -106.578179448401315, 31.856690967654952 ], [ -106.57850182982267, 31.856688883768488 ], [ -106.578504274001943, 31.856667611934927 ], [ -106.578510441933233, 31.856646895844062 ], [ -106.578520193360418, 31.856627209213897 ], [ -106.578533306888374, 31.85660899894275 ], [ -106.578549481856314, 31.856592681406791 ], [ -106.578319287294278, 31.856401764309421 ], [ -106.578182688414415, 31.856443398364686 ], [ -106.578179448401315, 31.856690967654952 ] ] ] } },
{ "type": "Feature", "properties": { "district": 1, "zonelabel": "M-2", "state_cd_clean": null, "use_desc": "Unknown", "targetlotarea": 44590, "existing_units": 0, "footprint_sqft": 0.0, "interior_sqft": 0.0, "coverage_pct": 0.0, "in_corridor": false, "in_historic": false, "context_type": "Suburban" }, "geometry": { "type": "Polygon", "coordinates": [ [ [ -106.584327022710283, 31.856035789611457 ], [ -106.584475421679812, 31.85642051546548 ], [ -106.585390303423253, 31.856161033571983 ], [ -106.585236870431842, 31.855773425863212 ], [ -106.584614670701953, 31.855948259948914 ], [ -106.584324690609549, 31.856029742158455 ], [ -106.584327022710283, 31.856035789611457 ] ] ] } },
{ "type": "Feature", "properties": { "district": 1, "zonelabel": "C-3", "state_cd_clean": null, "use_desc": "Unknown", "targetlotarea": 8358, "existing_units": 0, "footprint_sqft": 0.0, "interior_sqft": 0.0, "coverage_pct": 0.0, "in_corridor": false, "in_historic": false, "context_type": "Suburban" }, "geometry": { "type": "Polygon", "coordinates": [ [ [ -106.578179448401315, 31.856690967654952 ], [ -106.578176828789381, 31.857030801506028 ], [ -106.578536382227071, 31.856774157154682 ], [ -106.578523917405803, 31.856759129375785 ], [ -106.578514061279165, 31.856742750727474 ], [ -106.578507010092437, 31.856725349620341 ], [ -106.57850290524371, 31.856707273354264 ], [ -106.57850182982267, 31.856688883768488 ], [ -106.578179448401315, 31.856690967654952 ] ] ] } },
{ "type": "Feature", "properties": { "district": 1, "zonelabel": "P-R 1", "state_cd_clean": null, "use_desc": "Unknown", "targetlotarea": 197068, "existing_units": 0, "footprint_sqft": 0.0, "interior_sqft": 0.0, "coverage_pct": 0.0, "in_corridor": false, "in_historic": false, "context_type": "Suburban" }, "geometry": { "type": "Polygon", "coordinates": [ [ [ -106.541909654457399, 31.85878138874293 ], [ -106.542061105624811, 31.858781352260905 ], [ -106.542091827568441, 31.858535636785987 ], [ -106.54238024722936, 31.858614615572275 ], [ -106.542417851792891, 31.858442942921148 ], [ -106.542420805389995, 31.858429458307739 ], [ -106.54247814832209, 31.858302628445998 ], [ -106.542546153789743, 31.858152216447099 ], [ -106.542610508486405, 31.858009880159852 ], [ -106.542664244370641, 31.857894998810771 ], [ -106.542711388779352, 31.857794210011974 ], [ -106.54275224073271, 31.857706875365594 ], [ -106.542799926978063, 31.857604925287081 ], [ -106.542715106860328, 31.857582048056543 ], [ -106.542682632616575, 31.857500815361014 ], [ -106.542624274537161, 31.85735484159051 ], [ -106.542566196540065, 31.857209570716897 ], [ -106.542504492855386, 31.857055228822588 ], [ -106.542749422082551, 31.85674104737264 ], [ -106.542680165648008, 31.856629030020123 ], [ -106.542633845099772, 31.856651578557358 ], [ -106.542589938349138, 31.856677406391473 ], [ -106.542548762298281, 31.856706326793553 ], [ -106.542510363986267, 31.856748789978774 ], [ -106.542477756383661, 31.856794644207302 ], [ -106.542451345405851, 31.856843316431139 ], [ -106.542431461759008, 31.856894200155065 ], [ -106.542418352735083, 31.856946659440851 ], [ -106.542412182859778, 31.857000038811901 ], [ -106.542413028210461, 31.857053673459781 ], [ -106.541650630163772, 31.857056977062786 ], [ -106.541663761700704, 31.857134229436774 ], [ -106.541745611937117, 31.857413691648155 ], [ -106.541630866781077, 31.857729499202115 ], [ -106.54132473339908, 31.858781530774316 ], [ -106.541386054470294, 31.858781516389499 ], [ -106.541711644537699, 31.858781437535885 ], [ -106.541909654457399, 31.85878138874293 ] ] ] } },
{ "type": "Feature", "properties": { "district": 1, "zonelabel": "C-3", "state_cd_clean": null, "use_desc": "Unknown", "targetlotarea": 9733, "existing_units": 0, "footprint_sqft": 0.0, "interior_sqft": 0.0, "coverage_pct": 0.0, "in_corridor": false, "in_historic": false, "context_type": "Suburban" }, "geometry": { "type": "Polygon", "coordinates": [ [ [ -106.578231128574004, 31.857093675124169 ], [ -106.57840128949816, 31.857092107241929 ], [ -106.57857136322329, 31.857087221994853 ], [ -106.578631088667706, 31.856819369205677 ], [ -106.578609425460371, 31.856815310274925 ], [ -106.578588691772524, 31.856808588173102 ], [ -106.578569335277592, 31.856799347628957 ], [ -106.578551772272959, 31.856787787266136 ], [ -106.578536382227071, 31.856774157154682 ], [ -106.578176828789381, 31.857030801506028 ], [ -106.578177789712797, 31.857041955966903 ], [ -106.578180976271028, 31.857052804958169 ], [ -106.578186294268207, 31.857063026917135 ], [ -106.578193586221559, 31.857072319575476 ], [ -106.578202636173657, 31.857080408760947 ], [ -106.578211347639225, 31.857085993153913 ], [ -106.578220911713089, 31.857090446404566 ], [ -106.578231128574004, 31.857093675124169 ] ] ] } },
{ "type": "Feature", "properties": { "district": 1, "zonelabel": "A-2", "state_cd_clean": null, "use_desc": "Unknown", "targetlotarea": 7071, "existing_units": 0, "footprint_sqft": 0.0, "interior_sqft": 0.0, "coverage_pct": 0.0, "in_corridor": false, "in_historic": false, "context_type": "Suburban" }, "geometry": { "type": "Polygon", "coordinates": [ [ [ -106.57857136322329, 31.857087221994853 ], [ -106.578684575495728, 31.857082526767375 ], [ -106.578797146008398, 31.857071235833111 ], [ -106.578809906231299, 31.85706861757836 ], [ -106.578822032824661, 31.857064332471499 ], [ -106.578833227941004, 31.857058486030464 ], [ -106.578843217382314, 31.857051221479459 ], [ -106.578851757807172, 31.857042716693304 ], [ -106.578858639539888, 31.85703317864326 ], [ -106.578863694891837, 31.857022841191089 ], [ -106.578866799797069, 31.857011957784504 ], [ -106.578867877557627, 31.857000794051185 ], [ -106.578843029000183, 31.85692547719416 ], [ -106.578815074928315, 31.856850956945028 ], [ -106.578810351378792, 31.856841277360122 ], [ -106.578803847430365, 31.856832380503537 ], [ -106.578795737458194, 31.856824503700128 ], [ -106.578786236317072, 31.856817856137937 ], [ -106.578775595879861, 31.85681261451839 ], [ -106.57876409829268, 31.856808917056394 ], [ -106.578752050700018, 31.856806863733873 ], [ -106.578739771932675, 31.856806507002151 ], [ -106.578704402676181, 31.856815276209652 ], [ -106.578667919001916, 31.856819593350096 ], [ -106.578631088667706, 31.856819369205677 ], [ -106.57857136322329, 31.857087221994853 ] ] ] } },
{ "type": "Feature", "properties": { "district": 1, "zonelabel": "C-3", "state_cd_clean": null, "use_desc": "Unknown", "targetlotarea": 6442, "existing_units": 0, "footprint_sqft": 0.0, "interior_sqft": 0.0, "coverage_pct": 0.0, "in_corridor": false, "in_historic": false, "context_type": "Suburban" }, "geometry": { "type": "Polygon", "coordinates": [ [ [ -106.57817510364147, 31.857411946819482 ], [ -106.578556493804385, 31.857400679926833 ], [ -106.57855490999566, 31.857315166524309 ], [ -106.578554153579205, 31.85730470770978 ], [ -106.578551414134211, 31.857294493957369 ], [ -106.578546762434982, 31.857284796466189 ], [ -106.578540324577091, 31.857275874749263 ], [ -106.578532270715897, 31.857267966334007 ], [ -106.578522816820922, 31.8572612812589 ], [ -106.578512213947889, 31.857255999877935 ], [ -106.57850074529884, 31.857252260356073 ], [ -106.578337635517244, 31.857253584989834 ], [ -106.578174609224405, 31.85725823486845 ], [ -106.57817510364147, 31.857411946819482 ] ] ] } },
{ "type": "Feature", "properties": { "district": 1, "zonelabel": "C-3", "state_cd_clean": null, "use_desc": "Unknown", "targetlotarea": 5958, "existing_units": 0, "footprint_sqft": 0.0, "interior_sqft": 0.0, "coverage_pct": 0.0, "in_corridor": false, "in_historic": false, "context_type": "Suburban" }, "geometry": { "type": "Polygon", "coordinates": [ [ [ -106.578172259959373, 31.857550724322873 ], [ -106.578556290203991, 31.857537770882839 ], [ -106.578556493804385, 31.857400679926833 ], [ -106.57817510364147, 31.857411946819482 ], [ -106.578174598548131, 31.857450486480406 ], [ -106.578172259959373, 31.857550724322873 ] ] ] } },
{ "type": "Feature", "properties": { "district": 1, "zonelabel": "C-3", "state_cd_clean": null, "use_desc": "Unknown", "targetlotarea": 162644, "existing_units": 0, "footprint_sqft": 0.0, "interior_sqft": 0.0, "coverage_pct": 0.0, "in_corridor": false, "in_historic": false, "context_type": "Suburban" }, "geometry": { "type": "Polygon", "coordinates": [ [ [ -106.576186096592522, 31.856750006282088 ], [ -106.576311174388621, 31.85768421105746 ], [ -106.576431893082315, 31.857671976910531 ], [ -106.576551444110251, 31.857653162322041 ], [ -106.576669336213399, 31.857627845046881 ], [ -106.576785084132482, 31.857596129652112 ], [ -106.577750411673165, 31.857327545633879 ], [ -106.577808444116982, 31.857311881730194 ], [ -106.577867682289863, 31.85729995189855 ], [ -106.577927797315837, 31.857291824300734 ], [ -106.57794041173868, 31.857293018603201 ], [ -106.577953080573621, 31.857292354978167 ], [ -106.577965429358684, 31.857289852288858 ], [ -106.577977094692471, 31.857285584870819 ], [ -106.577987733432849, 31.857279677574574 ], [ -106.577997033246817, 31.857272305259269 ], [ -106.578004718406973, 31.857263684385568 ], [ -106.578010563269132, 31.85725406875579 ], [ -106.578014396018091, 31.857243742108256 ], [ -106.578016104345295, 31.857233007908903 ], [ -106.577995756633726, 31.856524725254712 ], [ -106.577127440683128, 31.856719600769026 ], [ -106.576186096592522, 31.856750006282088 ] ] ] } },
{ "type": "Feature", "properties": { "district": 1, "zonelabel": "A-2", "state_cd_clean": null, "use_desc": "Unknown", "targetlotarea": 7498, "existing_units": 0, "footprint_sqft": 0.0, "interior_sqft": 0.0, "coverage_pct": 0.0, "in_corridor": false, "in_historic": false, "context_type": "Suburban" }, "geometry": { "type": "Polygon", "coordinates": [ [ [ -106.578172259959373, 31.857550724322873 ], [ -106.578173719213709, 31.85777676086817 ], [ -106.578554721177653, 31.857658850923759 ], [ -106.578556290203991, 31.857537770882839 ], [ -106.578172259959373, 31.857550724322873 ] ] ] } },
{ "type": "Feature", "properties": { "district": 1, "zonelabel": "C-4", "state_cd_clean": null, "use_desc": "Unknown", "targetlotarea": 157020, "existing_units": 0, "footprint_sqft": 0.0, "interior_sqft": 0.0, "coverage_pct": 0.0, "in_corridor": false, "in_historic": false, "context_type": "Suburban" }, "geometry": { "type": "Polygon", "coordinates": [ [ [ -106.584475421679812, 31.85642051546548 ], [ -106.58503072649178, 31.857860128010596 ], [ -106.585329863476161, 31.85772331111307 ], [ -106.585890912831175, 31.857449856734334 ], [ -106.585390303423253, 31.856161033571983 ], [ -106.584475421679812, 31.85642051546548 ] ] ] } },
{ "type": "Feature", "properties": { "district": 1, "zonelabel": "A-2", "state_cd_clean": null, "use_desc": "Unknown", "targetlotarea": 284048, "existing_units": 0, "footprint_sqft": 0.0, "interior_sqft": 0.0, "coverage_pct": 0.0, "in_corridor": false, "in_historic": false, "context_type": "Suburban" }, "geometry": { "type": "Polygon", "coordinates": [ [ [ -106.584767910874334, 31.857848796869185 ], [ -106.584531740131254, 31.858109764652813 ], [ -106.584991102361357, 31.857878250677647 ], [ -106.58503072649178, 31.857860128010596 ], [ -106.584475421679812, 31.85642051546548 ], [ -106.584327022710283, 31.856035789611457 ], [ -106.584324690609549, 31.856029742158455 ], [ -106.5837611751964, 31.856188081603008 ], [ -106.583693480724961, 31.856207004104732 ], [ -106.583243264415856, 31.8563317822498 ], [ -106.582957789352136, 31.856413406345602 ], [ -106.58280654911178, 31.856456674899889 ], [ -106.582659639515626, 31.85649846811507 ], [ -106.582504507949608, 31.85654331592859 ], [ -106.58227638993111, 31.856605306917384 ], [ -106.581909785281454, 31.85671066012749 ], [ -106.581882561516764, 31.856719066386738 ], [ -106.5818735128274, 31.856721860002711 ], [ -106.581811132521878, 31.856739031530992 ], [ -106.582118522567242, 31.857521795784638 ], [ -106.582410057085156, 31.857433101162577 ], [ -106.583153533581068, 31.857225570087184 ], [ -106.583122532474491, 31.857180540576135 ], [ -106.583996744649809, 31.856938252278969 ], [ -106.584055299951515, 31.856973847361569 ], [ -106.584484788290652, 31.857234924722622 ], [ -106.584767910874334, 31.857848796869185 ] ] ] } },
{ "type": "Feature", "properties": { "district": 1, "zonelabel": "A-2", "state_cd_clean": null, "use_desc": "Unknown", "targetlotarea": 36702, "existing_units": 0, "footprint_sqft": 0.0, "interior_sqft": 0.0, "coverage_pct": 0.0, "in_corridor": false, "in_historic": false, "context_type": "Suburban" }, "geometry": { "type": "Polygon", "coordinates": [ [ [ -106.578173719213709, 31.85777676086817 ], [ -106.578177386369745, 31.858623857431809 ], [ -106.578556361943185, 31.858520414095441 ], [ -106.578554721177653, 31.857658850923759 ], [ -106.578173719213709, 31.85777676086817 ] ] ] } },
{ "type": "Feature", "properties": { "district": 1, "zonelabel": "A-2", "state_cd_clean": null, "use_desc": "Unknown", "targetlotarea": 923, "existing_units": 0, "footprint_sqft": 0.0, "interior_sqft": 0.0, "coverage_pct": 0.0, "in_corridor": false, "in_historic": false, "context_type": "Suburban" }, "geometry": { "type": "Polygon", "coordinates": [ [ [ -106.57816408094375, 31.857777337867891 ], [ -106.578167750828484, 31.85862529691909 ], [ -106.578177386369745, 31.858623857431809 ], [ -106.578173719213709, 31.85777676086817 ], [ -106.57816408094375, 31.857777337867891 ] ] ] } },
{ "type": "Feature", "properties": { "district": 1, "zonelabel": "C-4", "state_cd_clean": null, "use_desc": "Unknown", "targetlotarea": 41204, "existing_units": 0, "footprint_sqft": 0.0, "interior_sqft": 0.0, "coverage_pct": 0.0, "in_corridor": false, "in_historic": false, "context_type": "Suburban" }, "geometry": { "type": "Polygon", "coordinates": [ [ [ -106.585329863476161, 31.85772331111307 ], [ -106.58552474361835, 31.85827636531366 ], [ -106.586036145531196, 31.858029275566516 ], [ -106.586046543333453, 31.85802297811156 ], [ -106.586055631841091, 31.85801534616931 ], [ -106.58606317952038, 31.858006576030181 ], [ -106.586068992607068, 31.857996891075757 ], [ -106.586072922313377, 31.857986538722201 ], [ -106.586074868691497, 31.857975784815828 ], [ -106.586074780976389, 31.857964902776622 ], [ -106.586072662801243, 31.857954172445002 ], [ -106.585890912831175, 31.857449856734334 ], [ -106.585329863476161, 31.85772331111307 ] ] ] } },
{ "type": "Feature", "properties": { "district": 1, "zonelabel": "A-2", "state_cd_clean": null, "use_desc": "Unknown", "targetlotarea": 395917, "existing_units": 0, "footprint_sqft": 0.0, "interior_sqft": 0.0, "coverage_pct": 0.0, "in_corridor": false, "in_historic": false, "context_type": "Suburban" }, "geometry": { "type": "Polygon", "coordinates": [ [ [ -106.57909572646281, 31.858808306190291 ], [ -106.579161614443734, 31.858905488882563 ], [ -106.579352249022648, 31.858814248406365 ], [ -106.579463776178656, 31.858761275971336 ], [ -106.579564809007053, 31.858713288912437 ], [ -106.579765924129234, 31.858617252655019 ], [ -106.579973503020497, 31.858516345339755 ], [ -106.580117511025833, 31.858447404093873 ], [ -106.580258974197136, 31.858379613601247 ], [ -106.580397975418165, 31.858312207533441 ], [ -106.58054023421785, 31.858244499576188 ], [ -106.580671036864118, 31.858181217082564 ], [ -106.580801981839556, 31.858117350427975 ], [ -106.580908441298419, 31.858066371271843 ], [ -106.581014787796519, 31.858015446219174 ], [ -106.58115028466446, 31.857950156703964 ], [ -106.581288318022189, 31.857883627971049 ], [ -106.581436929470527, 31.857812926881916 ], [ -106.581554044630053, 31.857758719669413 ], [ -106.581661345526356, 31.857709054379026 ], [ -106.581912348285826, 31.857624360997203 ], [ -106.581833794746871, 31.857460406035436 ], [ -106.581829586888901, 31.857450880645068 ], [ -106.58182352090661, 31.857442114656774 ], [ -106.581815780170501, 31.857434369348301 ], [ -106.581806594741266, 31.857427875755203 ], [ -106.581796236675231, 31.857422827670025 ], [ -106.5817712399123, 31.857412607236483 ], [ -106.581748675153776, 31.857398868362502 ], [ -106.581729217120071, 31.857382021271849 ], [ -106.581713443950548, 31.857362568440923 ], [ -106.581701826700296, 31.857341089746903 ], [ -106.581694712388369, 31.857318226118757 ], [ -106.581692313079628, 31.857294658382781 ], [ -106.581694698368793, 31.857271089557564 ], [ -106.581701800227847, 31.857248222039789 ], [ -106.581713404376075, 31.857226739049494 ], [ -106.581729165558485, 31.857207279508838 ], [ -106.581748614041217, 31.857190424181315 ], [ -106.581771170190933, 31.857176676003718 ], [ -106.581796161400945, 31.857166443918501 ], [ -106.581822841661236, 31.857160034708286 ], [ -106.581850415928656, 31.857157637374414 ], [ -106.581878062518356, 31.857159325675291 ], [ -106.581904957770476, 31.857165047006976 ], [ -106.58193029786095, 31.857174632195022 ], [ -106.581953328400104, 31.857187794977783 ], [ -106.581973362083261, 31.857204142901281 ], [ -106.581989801734878, 31.85722318976223 ], [ -106.582002157900334, 31.857244365602668 ], [ -106.582010061993145, 31.857267039564189 ], [ -106.582013277972436, 31.857290536489145 ], [ -106.58200898460295, 31.857325429987302 ], [ -106.582000843915225, 31.857359820739731 ], [ -106.58207913441116, 31.857534285163428 ], [ -106.582118522567242, 31.857521795784638 ], [ -106.581811132521878, 31.856739031530992 ], [ -106.581480297462022, 31.85683329176285 ], [ -106.581280234193642, 31.856889210491417 ], [ -106.581125750075074, 31.856931598434308 ], [ -106.580975971149627, 31.856975256223578 ], [ -106.580773394368279, 31.857031665095406 ], [ -106.580366632262937, 31.857147033094549 ], [ -106.5803355028998, 31.857156818727628 ], [ -106.580006477346657, 31.857248497019711 ], [ -106.579762153823538, 31.857316102465322 ], [ -106.579606278481748, 31.85735737560745 ], [ -106.579451533417966, 31.857401430602366 ], [ -106.579309365287997, 31.857441226525061 ], [ -106.579155118129975, 31.857484087532352 ], [ -106.578960997493979, 31.857539998396302 ], [ -106.578742111721127, 31.857602062170187 ], [ -106.578750480954767, 31.85848080625809 ], [ -106.579104313924475, 31.858389740744048 ], [ -106.579097320918507, 31.858630393910087 ], [ -106.57909572646281, 31.858808306190291 ] ] ] } },
{ "type": "Feature", "properties": { "district": 1, "zonelabel": "C-3", "state_cd_clean": null, "use_desc": "Unknown", "targetlotarea": 54485, "existing_units": 0, "footprint_sqft": 0.0, "interior_sqft": 0.0, "coverage_pct": 0.0, "in_corridor": false, "in_historic": false, "context_type": "Suburban" }, "geometry": { "type": "Polygon", "coordinates": [ [ [ -106.558899353493729, 31.860152499442837 ], [ -106.558988201901926, 31.860151865170288 ], [ -106.558981220670418, 31.859603909085784 ], [ -106.558164298687316, 31.859608521638165 ], [ -106.558128772869452, 31.859610220069392 ], [ -106.558122476183129, 31.859613225463313 ], [ -106.558116852373374, 31.859617082076351 ], [ -106.558112058409037, 31.859621682142269 ], [ -106.558108226748104, 31.859626899195021 ], [ -106.558105464224155, 31.859632587218609 ], [ -106.558103848239426, 31.85963858715191 ], [ -106.558103422958595, 31.859644733393527 ], [ -106.558104200422989, 31.859650854651651 ], [ -106.558106159908846, 31.859656780297524 ], [ -106.558104020393273, 31.860158180123531 ], [ -106.558899353493729, 31.860152499442837 ] ] ] } },
{ "type": "Feature", "properties": { "district": 1, "zonelabel": "R-2A", "state_cd_clean": null, "use_desc": "Unknown", "targetlotarea": 10436, "existing_units": 0, "footprint_sqft": 0.0, "interior_sqft": 0.0, "coverage_pct": 0.0, "in_corridor": false, "in_historic": false, "context_type": "Suburban" }, "geometry": { "type": "Polygon", "coordinates": [ [ [ -106.591661633737203, 31.858751500007649 ], [ -106.591983313582929, 31.858747887575294 ], [ -106.591976289589851, 31.858461710611103 ], [ -106.591976246216319, 31.858461710889504 ], [ -106.591827679660184, 31.858462464332973 ], [ -106.591669712868509, 31.858463264780635 ], [ -106.591664482187326, 31.858463291287901 ], [ -106.591654634503627, 31.858463341902389 ], [ -106.591661633737203, 31.858751500007649 ] ] ] } },
{ "type": "Feature", "properties": { "district": 1, "zonelabel": "C-3", "state_cd_clean": null, "use_desc": "Unknown", "targetlotarea": 42929, "existing_units": 0, "footprint_sqft": 0.0, "interior_sqft": 0.0, "coverage_pct": 0.0, "in_corridor": false, "in_historic": false, "context_type": "Suburban" }, "geometry": { "type": "Polygon", "coordinates": [ [ [ -106.55945165196691, 31.860066105206016 ], [ -106.560015584306086, 31.860344273693538 ], [ -106.560128954651603, 31.859944059291593 ], [ -106.560257402693139, 31.85960251210609 ], [ -106.559916374017277, 31.859598623404217 ], [ -106.5595753220951, 31.859600553728832 ], [ -106.559578520419763, 31.859851562362536 ], [ -106.55945165196691, 31.860066105206016 ] ] ] } },
{ "type": "Feature", "properties": { "district": 1, "zonelabel": "C-3", "state_cd_clean": null, "use_desc": "Unknown", "targetlotarea": 32812, "existing_units": 0, "footprint_sqft": 0.0, "interior_sqft": 0.0, "coverage_pct": 0.0, "in_corridor": false, "in_historic": false, "context_type": "Suburban" }, "geometry": { "type": "Polygon", "coordinates": [ [ [ -106.558102363244586, 31.860546507507522 ], [ -106.558854037989619, 31.86054113954556 ], [ -106.558849335808617, 31.860471391523717 ], [ -106.558832277859466, 31.860218328697229 ], [ -106.558885906020578, 31.86021561821746 ], [ -106.558899353493729, 31.860152499442837 ], [ -106.558104020393273, 31.860158180123531 ], [ -106.558102363244586, 31.860546507507522 ] ] ] } },
{ "type": "Feature", "properties": { "district": 1, "zonelabel": "R-3", "state_cd_clean": null, "use_desc": "Unknown", "targetlotarea": 3934, "existing_units": 0, "footprint_sqft": 0.0, "interior_sqft": 0.0, "coverage_pct": 0.0, "in_corridor": false, "in_historic": false, "context_type": "Suburban" }, "geometry": { "type": "Polygon", "coordinates": [ [ [ -106.592377467919889, 31.859000627629548 ], [ -106.592708522124127, 31.85900052186026 ], [ -106.592705438411642, 31.858887472449339 ], [ -106.592406008648936, 31.858887717288116 ], [ -106.592408761670342, 31.858909563455232 ], [ -106.592408161345105, 31.858931530178225 ], [ -106.592377467919889, 31.859000627629548 ] ] ] } },
{ "type": "Feature", "properties": { "district": 1, "zonelabel": "A-2", "state_cd_clean": null, "use_desc": "Unknown", "targetlotarea": 7947, "existing_units": 0, "footprint_sqft": 0.0, "interior_sqft": 0.0, "coverage_pct": 0.0, "in_corridor": false, "in_historic": false, "context_type": "Suburban" }, "geometry": { "type": "Polygon", "coordinates": [ [ [ -106.591536669021437, 31.859102789108825 ], [ -106.591877596828425, 31.859102042876664 ], [ -106.591882819321384, 31.858891535448265 ], [ -106.591598862723941, 31.858893593640961 ], [ -106.591541902710617, 31.858929506082863 ], [ -106.591536669021437, 31.859102789108825 ] ] ] } },
{ "type": "Feature", "properties": { "district": 1, "zonelabel": "A-2", "state_cd_clean": null, "use_desc": "Unknown", "targetlotarea": 7508, "existing_units": 0, "footprint_sqft": 0.0, "interior_sqft": 0.0, "coverage_pct": 0.0, "in_corridor": false, "in_historic": false, "context_type": "Suburban" }, "geometry": { "type": "Polygon", "coordinates": [ [ [ -106.591877596828425, 31.859102042876664 ], [ -106.592209117158816, 31.859102100255296 ], [ -106.592207769802499, 31.858966679968759 ], [ -106.592145759532613, 31.858893104597936 ], [ -106.591882819321384, 31.858891535448265 ], [ -106.591877596828425, 31.859102042876664 ] ] ] } },
{ "type": "Feature", "properties": { "district": 1, "zonelabel": "R-4", "state_cd_clean": null, "use_desc": "Unknown", "targetlotarea": 146595, "existing_units": 0, "footprint_sqft": 0.0, "interior_sqft": 0.0, "coverage_pct": 0.0, "in_corridor": false, "in_historic": false, "context_type": "Suburban" }, "geometry": { "type": "Polygon", "coordinates": [ [ [ -106.583960493157065, 31.858397663271631 ], [ -106.584448337152764, 31.859484082892028 ], [ -106.585044347482707, 31.85929350257604 ], [ -106.584784692016711, 31.858633763464777 ], [ -106.585191936375594, 31.858434954038401 ], [ -106.58552474361835, 31.85827636531366 ], [ -106.585329863476161, 31.85772331111307 ], [ -106.58503072649178, 31.857860128010596 ], [ -106.584991102361357, 31.857878250677647 ], [ -106.584531740131254, 31.858109764652813 ], [ -106.583960493157065, 31.858397663271631 ] ] ] } },
{ "type": "Feature", "properties": { "district": 1, "zonelabel": "R-3", "state_cd_clean": null, "use_desc": "Unknown", "targetlotarea": 3631, "existing_units": 0, "footprint_sqft": 0.0, "interior_sqft": 0.0, "coverage_pct": 0.0, "in_corridor": false, "in_historic": false, "context_type": "Suburban" }, "geometry": { "type": "Polygon", "coordinates": [ [ [ -106.592373680873209, 31.859096812555894 ], [ -106.592711147861081, 31.859096705633945 ], [ -106.592708522124127, 31.85900052186026 ], [ -106.592377467919889, 31.859000627629548 ], [ -106.592373680873209, 31.859096812555894 ] ] ] } },
{ "type": "Feature", "properties": { "district": 1, "zonelabel": "R-3", "state_cd_clean": null, "use_desc": "Unknown", "targetlotarea": 7756, "existing_units": 0, "footprint_sqft": 0.0, "interior_sqft": 0.0, "coverage_pct": 0.0, "in_corridor": false, "in_historic": false, "context_type": "Suburban" }, "geometry": { "type": "Polygon", "coordinates": [ [ [ -106.592711147861081, 31.859096705633945 ], [ -106.593049817903108, 31.859100297627712 ], [ -106.593051205959938, 31.859058069572839 ], [ -106.59304682633902, 31.859015990546297 ], [ -106.593036738004074, 31.858974633100107 ], [ -106.593021776568293, 31.858954530982722 ], [ -106.593010355857672, 31.858932801651623 ], [ -106.593002711086214, 31.858909898083169 ], [ -106.592999001581489, 31.858886294064181 ], [ -106.592705438411642, 31.858887472449339 ], [ -106.592708522124127, 31.85900052186026 ], [ -106.592711147861081, 31.859096705633945 ] ] ] } },
{ "type": "Feature", "properties": { "district": 1, "zonelabel": "A-2", "state_cd_clean": null, "use_desc": "Unknown", "targetlotarea": 2979, "existing_units": 0, "footprint_sqft": 0.0, "interior_sqft": 0.0, "coverage_pct": 0.0, "in_corridor": false, "in_historic": false, "context_type": "Suburban" }, "geometry": { "type": "Polygon", "coordinates": [ [ [ -106.590975125802416, 31.859209915584582 ], [ -106.591370897031098, 31.859203564872232 ], [ -106.591371199559163, 31.859137191202752 ], [ -106.591371154075318, 31.85913719158237 ], [ -106.591173182965392, 31.85914009570644 ], [ -106.590975404328915, 31.859142997504854 ], [ -106.590975125802416, 31.859209915584582 ] ] ] } },
{ "type": "Feature", "properties": { "district": 1, "zonelabel": "C-3", "state_cd_clean": null, "use_desc": "Unknown", "targetlotarea": 92275, "existing_units": 0, "footprint_sqft": 0.0, "interior_sqft": 0.0, "coverage_pct": 0.0, "in_corridor": false, "in_historic": false, "context_type": "Suburban" }, "geometry": { "type": "Polygon", "coordinates": [ [ [ -106.559089807625796, 31.860576544177789 ], [ -106.559899268776107, 31.86075488705562 ], [ -106.55996502007163, 31.860522777022211 ], [ -106.559983670026782, 31.860456938901127 ], [ -106.5599879735868, 31.86044174258268 ], [ -106.560015549207904, 31.860344400022022 ], [ -106.560015584306086, 31.860344273693538 ], [ -106.55945165196691, 31.860066105206016 ], [ -106.559578520419763, 31.859851562362536 ], [ -106.5595753220951, 31.859600553728832 ], [ -106.55954973783534, 31.8596006977527 ], [ -106.559511350456503, 31.859600915659549 ], [ -106.559499890763391, 31.8596009795009 ], [ -106.559495247499257, 31.859601006431728 ], [ -106.559446884643862, 31.859601278607972 ], [ -106.5593887042196, 31.859601608335534 ], [ -106.559007897785477, 31.859603758984946 ], [ -106.558981220670418, 31.859603909085784 ], [ -106.558988201901926, 31.860151865170288 ], [ -106.558899353493729, 31.860152499442837 ], [ -106.558885906020578, 31.86021561821746 ], [ -106.558832277859466, 31.860218328697229 ], [ -106.558849335808617, 31.860471391523717 ], [ -106.559008826010626, 31.860495347257693 ], [ -106.559089807625796, 31.860576544177789 ] ] ] } },
{ "type": "Feature", "properties": { "district": 1, "zonelabel": "R-3", "state_cd_clean": null, "use_desc": "Unknown", "targetlotarea": 4435, "existing_units": 0, "footprint_sqft": 0.0, "interior_sqft": 0.0, "coverage_pct": 0.0, "in_corridor": false, "in_historic": false, "context_type": "Suburban" }, "geometry": { "type": "Polygon", "coordinates": [ [ [ -106.592376120195155, 31.859214151868901 ], [ -106.592707839823973, 31.859214046666771 ], [ -106.592711147861081, 31.859096705633945 ], [ -106.592373680873209, 31.859096812555894 ], [ -106.592376120195155, 31.859214151868901 ] ] ] } },
{ "type": "Feature", "properties": { "district": 1, "zonelabel": "A-2", "state_cd_clean": null, "use_desc": "Unknown", "targetlotarea": 3467, "existing_units": 0, "footprint_sqft": 0.0, "interior_sqft": 0.0, "coverage_pct": 0.0, "in_corridor": false, "in_historic": false, "context_type": "Suburban" }, "geometry": { "type": "Polygon", "coordinates": [ [ [ -106.590974943603342, 31.859283891741587 ], [ -106.591371228950948, 31.859284606142467 ], [ -106.591370897031098, 31.859203564872232 ], [ -106.590975125802416, 31.859209915584582 ], [ -106.590975057383858, 31.859237815624674 ], [ -106.590974943812213, 31.859283862826757 ], [ -106.590974943603342, 31.859283891741587 ] ] ] } },
{ "type": "Feature", "properties": { "district": 1, "zonelabel": "A-2", "state_cd_clean": null, "use_desc": "Unknown", "targetlotarea": 8079, "existing_units": 0, "footprint_sqft": 0.0, "interior_sqft": 0.0, "coverage_pct": 0.0, "in_corridor": false, "in_historic": false, "context_type": "Suburban" }, "geometry": { "type": "Polygon", "coordinates": [ [ [ -106.591878945566776, 31.859310785564439 ], [ -106.591878989059538, 31.859310787086965 ], [ -106.591878990204336, 31.859310756320532 ], [ -106.59187913921707, 31.859308347347952 ], [ -106.591879222055198, 31.859306988452676 ], [ -106.591877596828425, 31.859102042876664 ], [ -106.591536669021437, 31.859102789108825 ], [ -106.591537577064315, 31.859313188778092 ], [ -106.591789596821258, 31.859311414869506 ], [ -106.591878945566776, 31.859310785564439 ] ] ] } },
{ "type": "Feature", "properties": { "district": 1, "zonelabel": "A-2", "state_cd_clean": null, "use_desc": "Unknown", "targetlotarea": 7728, "existing_units": 0, "footprint_sqft": 0.0, "interior_sqft": 0.0, "coverage_pct": 0.0, "in_corridor": false, "in_historic": false, "context_type": "Suburban" }, "geometry": { "type": "Polygon", "coordinates": [ [ [ -106.591879222055198, 31.859306988452676 ], [ -106.592211612917481, 31.859309385049315 ], [ -106.592209117158816, 31.859102100255296 ], [ -106.591877596828425, 31.859102042876664 ], [ -106.591879222055198, 31.859306988452676 ] ] ] } },
{ "type": "Feature", "properties": { "district": 1, "zonelabel": "A-2", "state_cd_clean": null, "use_desc": "Unknown", "targetlotarea": 3097, "existing_units": 0, "footprint_sqft": 0.0, "interior_sqft": 0.0, "coverage_pct": 0.0, "in_corridor": false, "in_historic": false, "context_type": "Suburban" }, "geometry": { "type": "Polygon", "coordinates": [ [ [ -106.590974771371378, 31.859353030378738 ], [ -106.591371511089292, 31.859353745536929 ], [ -106.591371228950948, 31.859284606142467 ], [ -106.590974943603342, 31.859283891741587 ], [ -106.590974942933528, 31.859283929711346 ], [ -106.590974937375449, 31.859285930733019 ], [ -106.590974935090884, 31.859286794373915 ], [ -106.590974779416271, 31.859349864012625 ], [ -106.590974771371378, 31.859353030378738 ] ] ] } },
{ "type": "Feature", "properties": { "district": 1, "zonelabel": "R-3", "state_cd_clean": null, "use_desc": "Unknown", "targetlotarea": 3342, "existing_units": 0, "footprint_sqft": 0.0, "interior_sqft": 0.0, "coverage_pct": 0.0, "in_corridor": false, "in_historic": false, "context_type": "Suburban" }, "geometry": { "type": "Polygon", "coordinates": [ [ [ -106.592378027287381, 31.859305898052874 ], [ -106.592705364079066, 31.859301871979763 ], [ -106.592707839823973, 31.859214046666771 ], [ -106.592376120195155, 31.859214151868901 ], [ -106.592378027287381, 31.859305898052874 ] ] ] } },
{ "type": "Feature", "properties": { "district": 1, "zonelabel": "A-2", "state_cd_clean": null, "use_desc": "Unknown", "targetlotarea": 3617, "existing_units": 0, "footprint_sqft": 0.0, "interior_sqft": 0.0, "coverage_pct": 0.0, "in_corridor": false, "in_historic": false, "context_type": "Suburban" }, "geometry": { "type": "Polygon", "coordinates": [ [ [ -106.59097456931292, 31.859434645580336 ], [ -106.591371838081571, 31.859433461030829 ], [ -106.591371511089292, 31.859353745536929 ], [ -106.590974771371378, 31.859353030378738 ], [ -106.590974697902382, 31.859382842893378 ], [ -106.590974647486291, 31.85940305971106 ], [ -106.590974569923333, 31.859434606710192 ], [ -106.59097456931292, 31.859434645580336 ] ] ] } },
{ "type": "Feature", "properties": { "district": 1, "zonelabel": "A-2", "state_cd_clean": null, "use_desc": "Unknown", "targetlotarea": 3473, "existing_units": 0, "footprint_sqft": 0.0, "interior_sqft": 0.0, "coverage_pct": 0.0, "in_corridor": false, "in_historic": false, "context_type": "Suburban" }, "geometry": { "type": "Polygon", "coordinates": [ [ [ -106.590974326816195, 31.859511028243315 ], [ -106.591372295323026, 31.85951173405406 ], [ -106.591371838081571, 31.859433461030829 ], [ -106.59097456931292, 31.859434645580336 ], [ -106.590974326816195, 31.859511028243315 ] ] ] } },
{ "type": "Feature", "properties": { "district": 1, "zonelabel": "R-4", "state_cd_clean": null, "use_desc": "Unknown", "targetlotarea": 27189, "existing_units": 0, "footprint_sqft": 0.0, "interior_sqft": 0.0, "coverage_pct": 0.0, "in_corridor": false, "in_historic": false, "context_type": "Suburban" }, "geometry": { "type": "Polygon", "coordinates": [ [ [ -106.584448337152764, 31.859484082892028 ], [ -106.584612514023604, 31.859839768457157 ], [ -106.585185646781312, 31.859666236899347 ], [ -106.585044347482707, 31.85929350257604 ], [ -106.584448337152764, 31.859484082892028 ] ] ] } },
{ "type": "Feature", "properties": { "district": 1, "zonelabel": "A-2", "state_cd_clean": null, "use_desc": "Unknown", "targetlotarea": 459024, "existing_units": 0, "footprint_sqft": 0.0, "interior_sqft": 0.0, "coverage_pct": 0.0, "in_corridor": false, "in_historic": false, "context_type": "Suburban" }, "geometry": { "type": "Polygon", "coordinates": [ [ [ -106.576880707170332, 31.860213896426913 ], [ -106.578182284940198, 31.860166516660239 ], [ -106.578181947290844, 31.860018674034887 ], [ -106.57818173514265, 31.859818731139985 ], [ -106.578180574674576, 31.85965172174453 ], [ -106.578180471971109, 31.85949881583381 ], [ -106.578179788530448, 31.859347328801846 ], [ -106.578179182737372, 31.859197696061308 ], [ -106.578178818253747, 31.859047822307147 ], [ -106.578178312907241, 31.858898396998594 ], [ -106.578177622269735, 31.858746446896838 ], [ -106.578177386369745, 31.858623857431809 ], [ -106.578167750828484, 31.85862529691909 ], [ -106.57816408094375, 31.857777337867891 ], [ -106.578173719213709, 31.85777676086817 ], [ -106.578172259959373, 31.857550724322873 ], [ -106.578174598548131, 31.857450486480406 ], [ -106.578007624692617, 31.857477949675239 ], [ -106.577949400391915, 31.857480493836736 ], [ -106.577891629152404, 31.857487186639734 ], [ -106.577834716295655, 31.857497979740128 ], [ -106.577779061204495, 31.857512798884638 ], [ -106.576837673461242, 31.857800871111078 ], [ -106.576716301022572, 31.857833979913938 ], [ -106.576592830923843, 31.85786085094502 ], [ -106.576467703535201, 31.857881389015642 ], [ -106.576341362701726, 31.857895519547462 ], [ -106.576450224043938, 31.858554850911087 ], [ -106.57660930641066, 31.859208092229345 ], [ -106.576880707170332, 31.860213896426913 ] ] ] } },
{ "type": "Feature", "properties": { "district": 1, "zonelabel": "A-2", "state_cd_clean": null, "use_desc": "Unknown", "targetlotarea": 7939, "existing_units": 0, "footprint_sqft": 0.0, "interior_sqft": 0.0, "coverage_pct": 0.0, "in_corridor": false, "in_historic": false, "context_type": "Suburban" }, "geometry": { "type": "Polygon", "coordinates": [ [ [ -106.591535962411569, 31.859515270381682 ], [ -106.591885645164652, 31.859515516112449 ], [ -106.591878989059538, 31.859310787086965 ], [ -106.591878945566776, 31.859310785564439 ], [ -106.591789596821258, 31.859311414869506 ], [ -106.591537577064315, 31.859313188778092 ], [ -106.591535962411569, 31.859515270381682 ] ] ] } },
{ "type": "Feature", "properties": { "district": 1, "zonelabel": "A-2", "state_cd_clean": null, "use_desc": "Unknown", "targetlotarea": 7726, "existing_units": 0, "footprint_sqft": 0.0, "interior_sqft": 0.0, "coverage_pct": 0.0, "in_corridor": false, "in_historic": false, "context_type": "Suburban" }, "geometry": { "type": "Polygon", "coordinates": [ [ [ -106.591885645164652, 31.859515516112449 ], [ -106.592207828527449, 31.859518659938544 ], [ -106.592211612917481, 31.859309385049315 ], [ -106.591879222055198, 31.859306988452676 ], [ -106.59187913921707, 31.859308347347952 ], [ -106.591878990204336, 31.859310756320532 ], [ -106.591878989059538, 31.859310787086965 ], [ -106.591885645164652, 31.859515516112449 ] ] ] } },
{ "type": "Feature", "properties": { "district": 1, "zonelabel": "A-2", "state_cd_clean": null, "use_desc": "Unknown", "targetlotarea": 7680, "existing_units": 0, "footprint_sqft": 0.0, "interior_sqft": 0.0, "coverage_pct": 0.0, "in_corridor": false, "in_historic": false, "context_type": "Suburban" }, "geometry": { "type": "Polygon", "coordinates": [ [ [ -106.592373854861734, 31.859510185664256 ], [ -106.592707277241274, 31.859509212808881 ], [ -106.592705364079066, 31.859301871979763 ], [ -106.592378027287381, 31.859305898052874 ], [ -106.592373854861734, 31.859510185664256 ] ] ] } },
{ "type": "Feature", "properties": { "district": 1, "zonelabel": "A-2", "state_cd_clean": null, "use_desc": "Unknown", "targetlotarea": 2968, "existing_units": 0, "footprint_sqft": 0.0, "interior_sqft": 0.0, "coverage_pct": 0.0, "in_corridor": false, "in_historic": false, "context_type": "Suburban" }, "geometry": { "type": "Polygon", "coordinates": [ [ [ -106.590974074765739, 31.859577000214475 ], [ -106.591372793984178, 31.859577706991221 ], [ -106.591372295323026, 31.85951173405406 ], [ -106.590974326816195, 31.859511028243315 ], [ -106.590974135999673, 31.859560732900292 ], [ -106.590974089012462, 31.859573157900837 ], [ -106.590974074380554, 31.859576962295456 ], [ -106.590974074765739, 31.859577000214475 ] ] ] } },
{ "type": "Feature", "properties": { "district": 1, "zonelabel": "S-D", "state_cd_clean": null, "use_desc": "Unknown", "targetlotarea": 14083, "existing_units": 0, "footprint_sqft": 0.0, "interior_sqft": 0.0, "coverage_pct": 0.0, "in_corridor": false, "in_historic": false, "context_type": "Suburban" }, "geometry": { "type": "Polygon", "coordinates": [ [ [ -106.589115783377167, 31.859729677428199 ], [ -106.589202256084945, 31.859729292941676 ], [ -106.58918860889176, 31.859458296144325 ], [ -106.589052761158115, 31.859460363732587 ], [ -106.588734323269819, 31.859464684713203 ], [ -106.588745453790338, 31.859741864277531 ], [ -106.588841241755446, 31.859739789585358 ], [ -106.589115783377167, 31.859729677428199 ] ] ] } },
{ "type": "Feature", "properties": { "district": 1, "zonelabel": "S-D", "state_cd_clean": null, "use_desc": "Unknown", "targetlotarea": 30525, "existing_units": 0, "footprint_sqft": 0.0, "interior_sqft": 0.0, "coverage_pct": 0.0, "in_corridor": false, "in_historic": false, "context_type": "Suburban" }, "geometry": { "type": "Polygon", "coordinates": [ [ [ -106.589202256084945, 31.859729292941676 ], [ -106.589445965561964, 31.859728178533238 ], [ -106.589446269948269, 31.859177079789895 ], [ -106.589100968989825, 31.859178849937791 ], [ -106.588727928276057, 31.85917428942571 ], [ -106.588734323269819, 31.859464684713203 ], [ -106.589052761158115, 31.859460363732587 ], [ -106.58918860889176, 31.859458296144325 ], [ -106.589202256084945, 31.859729292941676 ] ] ] } },
{ "type": "Feature", "properties": { "district": 1, "zonelabel": "A-2", "state_cd_clean": null, "use_desc": "Unknown", "targetlotarea": 2850, "existing_units": 0, "footprint_sqft": 0.0, "interior_sqft": 0.0, "coverage_pct": 0.0, "in_corridor": false, "in_historic": false, "context_type": "Suburban" }, "geometry": { "type": "Polygon", "coordinates": [ [ [ -106.590973832827714, 31.859640222128519 ], [ -106.591373272151969, 31.859640931341762 ], [ -106.591372793984178, 31.859577706991221 ], [ -106.590974074765739, 31.859577000214475 ], [ -106.590974074095982, 31.859577038184224 ], [ -106.590973914152897, 31.85961896596422 ], [ -106.59097387211618, 31.859629829867188 ], [ -106.590973832827714, 31.859640222128519 ] ] ] } },
{ "type": "Feature", "properties": { "district": 1, "zonelabel": "A-2", "state_cd_clean": null, "use_desc": "Unknown", "targetlotarea": 4002, "existing_units": 0, "footprint_sqft": 0.0, "interior_sqft": 0.0, "coverage_pct": 0.0, "in_corridor": false, "in_historic": false, "context_type": "Suburban" }, "geometry": { "type": "Polygon", "coordinates": [ [ [ -106.591883815531446, 31.859624418949281 ], [ -106.592208845528916, 31.859628706803242 ], [ -106.592207828527449, 31.859518659938544 ], [ -106.591885645164652, 31.859515516112449 ], [ -106.591883815531446, 31.859624418949281 ] ] ] } },
{ "type": "Feature", "properties": { "district": 1, "zonelabel": "A-2", "state_cd_clean": null, "use_desc": "Unknown", "targetlotarea": 3888, "existing_units": 0, "footprint_sqft": 0.0, "interior_sqft": 0.0, "coverage_pct": 0.0, "in_corridor": false, "in_historic": false, "context_type": "Suburban" }, "geometry": { "type": "Polygon", "coordinates": [ [ [ -106.590973485884021, 31.859730933940142 ], [ -106.591295285225939, 31.859728554208704 ], [ -106.591308548815164, 31.85972716338296 ], [ -106.591321383524246, 31.859723988425547 ], [ -106.591333463531853, 31.859719111839109 ], [ -106.591344479464809, 31.859712656886511 ], [ -106.591354153287313, 31.859704788681732 ], [ -106.591362235715494, 31.859695707087877 ], [ -106.591368522919439, 31.859685643204475 ], [ -106.591372854056488, 31.85967485406654 ], [ -106.591375119176661, 31.859663614134995 ], [ -106.591375259921023, 31.859652209843336 ], [ -106.591373272151969, 31.859640931341762 ], [ -106.590973832827714, 31.859640222128519 ], [ -106.590973821484539, 31.859643370587243 ], [ -106.590973718970901, 31.85967003206423 ], [ -106.590973567846532, 31.859709735555658 ], [ -106.590973485884021, 31.859730933940142 ] ] ] } },
{ "type": "Feature", "properties": { "district": 1, "zonelabel": "A-2", "state_cd_clean": null, "use_desc": "Unknown", "targetlotarea": 8870, "existing_units": 0, "footprint_sqft": 0.0, "interior_sqft": 0.0, "coverage_pct": 0.0, "in_corridor": false, "in_historic": false, "context_type": "Suburban" }, "geometry": { "type": "Polygon", "coordinates": [ [ [ -106.59158697059334, 31.859740519002109 ], [ -106.591734389843936, 31.859742653748523 ], [ -106.591881830246038, 31.859742606804886 ], [ -106.591883815531446, 31.859624418949281 ], [ -106.591885645164652, 31.859515516112449 ], [ -106.591535962411569, 31.859515270381682 ], [ -106.591531236930763, 31.859676640026198 ], [ -106.591531958904767, 31.859687340751261 ], [ -106.591534747269833, 31.85969779221087 ], [ -106.591539526741954, 31.859707703555827 ], [ -106.591546164025928, 31.859716802983989 ], [ -106.591554476314897, 31.859724838235167 ], [ -106.591564232999005, 31.859731586445292 ], [ -106.591575165694763, 31.859736861793316 ], [ -106.59158697059334, 31.859740519002109 ] ] ] } },
{ "type": "Feature", "properties": { "district": 1, "zonelabel": "C-4", "state_cd_clean": null, "use_desc": "Unknown", "targetlotarea": 188169, "existing_units": 0, "footprint_sqft": 0.0, "interior_sqft": 0.0, "coverage_pct": 0.0, "in_corridor": false, "in_historic": false, "context_type": "Suburban" }, "geometry": { "type": "Polygon", "coordinates": [ [ [ -106.585277802898375, 31.85855208449183 ], [ -106.585861604961508, 31.860071153483759 ], [ -106.586353185441652, 31.859922497065444 ], [ -106.586805706879488, 31.859785249627549 ], [ -106.586329875181036, 31.858560950508547 ], [ -106.586189421438988, 31.858206688194137 ], [ -106.586184547327662, 31.858196744188074 ], [ -106.586177788627282, 31.858187639502646 ], [ -106.586169334873588, 31.858179632404084 ], [ -106.58615942744774, 31.858172948860666 ], [ -106.586148345564595, 31.858167778699471 ], [ -106.586136404742675, 31.858164268453521 ], [ -106.586123943847753, 31.858162517467587 ], [ -106.586111315478959, 31.858162576553752 ], [ -106.586098877172944, 31.858164442993896 ], [ -106.585686516523197, 31.858355450239504 ], [ -106.585277802898375, 31.85855208449183 ] ] ] } },
{ "type": "Feature", "properties": { "district": 1, "zonelabel": "R-3", "state_cd_clean": null, "use_desc": "Unknown", "targetlotarea": 8732, "existing_units": 0, "footprint_sqft": 0.0, "interior_sqft": 0.0, "coverage_pct": 0.0, "in_corridor": false, "in_historic": false, "context_type": "Suburban" }, "geometry": { "type": "Polygon", "coordinates": [ [ [ -106.59243005304242, 31.859741591492782 ], [ -106.592571429806995, 31.859743350957675 ], [ -106.592712819501045, 31.859742868620621 ], [ -106.592707277241274, 31.859509212808881 ], [ -106.592373854861734, 31.859510185664256 ], [ -106.592374318871379, 31.859677713777852 ], [ -106.592375040940397, 31.859688414498191 ], [ -106.592377829338901, 31.859698865039391 ], [ -106.592382608958516, 31.859708777253807 ], [ -106.592389246323364, 31.859717876639014 ], [ -106.59239755862437, 31.859725910936028 ], [ -106.592407315368476, 31.859732659082979 ], [ -106.592418248170645, 31.859737935260743 ], [ -106.59243005304242, 31.859741591492782 ] ] ] } },
{ "type": "Feature", "properties": { "district": 1, "zonelabel": "C-1", "state_cd_clean": null, "use_desc": "Unknown", "targetlotarea": 37509, "existing_units": 0, "footprint_sqft": 0.0, "interior_sqft": 0.0, "coverage_pct": 0.0, "in_corridor": false, "in_historic": false, "context_type": "Suburban" }, "geometry": { "type": "Polygon", "coordinates": [ [ [ -106.547730088196104, 31.861568590545687 ], [ -106.548193384765213, 31.86194403643637 ], [ -106.548237740958953, 31.861904168655865 ], [ -106.54861475936562, 31.86156529496445 ], [ -106.548188261036472, 31.861219671003365 ], [ -106.548172036787648, 31.861216589404588 ], [ -106.548155438355565, 31.861215840706315 ], [ -106.548138923178485, 31.861217444624298 ], [ -106.548122946674425, 31.861221357743023 ], [ -106.5481079483488, 31.861227471469352 ], [ -106.548094341597974, 31.861235617938114 ], [ -106.547977094197918, 31.86134989645296 ], [ -106.547855635090329, 31.861460924524366 ], [ -106.547730088196104, 31.861568590545687 ] ] ] } },
{ "type": "Feature", "properties": { "district": 1, "zonelabel": "C-4", "state_cd_clean": null, "use_desc": "Unknown", "targetlotarea": 59095, "existing_units": 0, "footprint_sqft": 0.0, "interior_sqft": 0.0, "coverage_pct": 0.0, "in_corridor": false, "in_historic": false, "context_type": "Suburban" }, "geometry": { "type": "Polygon", "coordinates": [ [ [ -106.585007017684646, 31.85876014844095 ], [ -106.585547030890865, 31.860165288506142 ], [ -106.585861604961508, 31.860071153483759 ], [ -106.585277802898375, 31.85855208449183 ], [ -106.585051332599292, 31.85866103894833 ], [ -106.585037658973548, 31.858669309185238 ], [ -106.585025805218621, 31.858679418718829 ], [ -106.585016103847749, 31.858691081505153 ], [ -106.58500883265269, 31.858703968061064 ], [ -106.585004197184077, 31.858717712627758 ], [ -106.585002326366805, 31.858731926930865 ], [ -106.585003276080087, 31.858746206331183 ], [ -106.585007017684646, 31.85876014844095 ] ] ] } },
{ "type": "Feature", "properties": { "district": 1, "zonelabel": "C-4", "state_cd_clean": null, "use_desc": "Unknown", "targetlotarea": 20928, "existing_units": 0, "footprint_sqft": 0.0, "interior_sqft": 0.0, "coverage_pct": 0.0, "in_corridor": false, "in_historic": false, "context_type": "Suburban" }, "geometry": { "type": "Polygon", "coordinates": [ [ [ -106.586353185441652, 31.859922497065444 ], [ -106.58649582747195, 31.86028733159241 ], [ -106.586876664900643, 31.860181624811883 ], [ -106.586888237590841, 31.860176883217491 ], [ -106.586898767891554, 31.860170618185776 ], [ -106.586907983909867, 31.860162991815795 ], [ -106.586915645727785, 31.860154201705296 ], [ -106.586921555655536, 31.860144475941485 ], [ -106.586925560980902, 31.8601340666463 ], [ -106.586927556778093, 31.860123244421821 ], [ -106.586927490588863, 31.860112289092491 ], [ -106.586925366286579, 31.860101484100021 ], [ -106.586805706879488, 31.859785249627549 ], [ -106.586353185441652, 31.859922497065444 ] ] ] } },
{ "type": "Feature", "properties": { "district": 1, "zonelabel": "C-3", "state_cd_clean": null, "use_desc": "Unknown", "targetlotarea": 179255, "existing_units": 0, "footprint_sqft": 0.0, "interior_sqft": 0.0, "coverage_pct": 0.0, "in_corridor": false, "in_historic": false, "context_type": "Suburban" }, "geometry": { "type": "Polygon", "coordinates": [ [ [ -106.559360133994829, 31.861609009891037 ], [ -106.559642716303628, 31.861660546615067 ], [ -106.55979447449792, 31.86112482732883 ], [ -106.559821712498959, 31.861028671626531 ], [ -106.559899268776107, 31.86075488705562 ], [ -106.559089807625796, 31.860576544177789 ], [ -106.559008826010626, 31.860495347257693 ], [ -106.558849335808617, 31.860471391523717 ], [ -106.558854037989619, 31.86054113954556 ], [ -106.558102363244586, 31.860546507507522 ], [ -106.558100885100387, 31.860892766890554 ], [ -106.558098843700321, 31.861370926318422 ], [ -106.558098814953809, 31.861377857498923 ], [ -106.558098810568438, 31.861378967814375 ], [ -106.55832834673889, 31.861420832130804 ], [ -106.558744689246765, 31.861496766084876 ], [ -106.558766547761394, 31.861500753043856 ], [ -106.558773559704591, 31.861502031912643 ], [ -106.559360133994829, 31.861609009891037 ] ] ] } },
{ "type": "Feature", "properties": { "district": 1, "zonelabel": "C-4", "state_cd_clean": null, "use_desc": "Unknown", "targetlotarea": 38266, "existing_units": 0, "footprint_sqft": 0.0, "interior_sqft": 0.0, "coverage_pct": 0.0, "in_corridor": false, "in_historic": false, "context_type": "Suburban" }, "geometry": { "type": "Polygon", "coordinates": [ [ [ -106.585681113344378, 31.860506267462529 ], [ -106.58568564515123, 31.860515641694658 ], [ -106.585691857184884, 31.860524286692808 ], [ -106.585699591241664, 31.860531986042201 ], [ -106.585708654493587, 31.860538543959333 ], [ -106.58571881820933, 31.860543797999402 ], [ -106.585729826952644, 31.860547614098053 ], [ -106.585741403574247, 31.860549898074421 ], [ -106.585753258410023, 31.860550590673178 ], [ -106.585765091984996, 31.860549676466981 ], [ -106.585937564089122, 31.86047956697583 ], [ -106.586108584342625, 31.860406911990545 ], [ -106.58649582747195, 31.86028733159241 ], [ -106.586353185441652, 31.859922497065444 ], [ -106.585861604961508, 31.860071153483759 ], [ -106.585547030890865, 31.860165288506142 ], [ -106.585681113344378, 31.860506267462529 ] ] ] } },
{ "type": "Feature", "properties": { "district": 1, "zonelabel": "C-1", "state_cd_clean": null, "use_desc": "Unknown", "targetlotarea": 35052, "existing_units": 0, "footprint_sqft": 0.0, "interior_sqft": 0.0, "coverage_pct": 0.0, "in_corridor": false, "in_historic": false, "context_type": "Suburban" }, "geometry": { "type": "Polygon", "coordinates": [ [ [ -106.548237740958953, 31.861904168655865 ], [ -106.548756499009016, 31.862324553417888 ], [ -106.548833362603659, 31.862217843731703 ], [ -106.54891599120819, 31.862114320061668 ], [ -106.549004202793924, 31.862014208770713 ], [ -106.549015695536539, 31.862002308034743 ], [ -106.549024827973554, 31.861988999792977 ], [ -106.549031366145059, 31.861974622192889 ], [ -106.54903514456656, 31.86195954082363 ], [ -106.549036067689727, 31.861944138710477 ], [ -106.549034111422188, 31.861928807209885 ], [ -106.549029326639513, 31.861913935002644 ], [ -106.54902183343745, 31.861899901142046 ], [ -106.549011823411973, 31.861887061396679 ], [ -106.54861475936562, 31.86156529496445 ], [ -106.548237740958953, 31.861904168655865 ] ] ] } },
{ "type": "Feature", "properties": { "district": 1, "zonelabel": "C-3", "state_cd_clean": null, "use_desc": "Unknown", "targetlotarea": 2100, "existing_units": 0, "footprint_sqft": 0.0, "interior_sqft": 0.0, "coverage_pct": 0.0, "in_corridor": false, "in_historic": false, "context_type": "Suburban" }, "geometry": { "type": "Polygon", "coordinates": [ [ [ -106.558765083203497, 31.861844506119425 ], [ -106.558934175433095, 31.861843816365781 ], [ -106.558934643595023, 31.861733863670988 ], [ -106.558765551561251, 31.861734553425269 ], [ -106.558765083203497, 31.861844506119425 ] ] ] } },
{ "type": "Feature", "properties": { "district": 1, "zonelabel": "R-3", "state_cd_clean": null, "use_desc": "Unknown", "targetlotarea": 15018, "existing_units": 0, "footprint_sqft": 0.0, "interior_sqft": 0.0, "coverage_pct": 0.0, "in_corridor": false, "in_historic": false, "context_type": "Suburban" }, "geometry": { "type": "Polygon", "coordinates": [ [ [ -106.546501209561214, 31.862418551965249 ], [ -106.546975508836738, 31.862455604045763 ], [ -106.546845941818532, 31.862084243140465 ], [ -106.546760364889451, 31.862104882593766 ], [ -106.546673338725526, 31.8621204931794 ], [ -106.546585267170741, 31.862131003235863 ], [ -106.546496560820074, 31.862136363361763 ], [ -106.54649853476802, 31.862329839172229 ], [ -106.546501209561214, 31.862418551965249 ] ] ] } },
{ "type": "Feature", "properties": { "district": 1, "zonelabel": "R-3", "state_cd_clean": null, "use_desc": "Unknown", "targetlotarea": 61867, "existing_units": 0, "footprint_sqft": 0.0, "interior_sqft": 0.0, "coverage_pct": 0.0, "in_corridor": false, "in_historic": false, "context_type": "Suburban" }, "geometry": { "type": "Polygon", "coordinates": [ [ [ -106.546975508836738, 31.862455604045763 ], [ -106.547706492152741, 31.86255817422909 ], [ -106.547847798842298, 31.861824656201694 ], [ -106.547601279303066, 31.861688857151005 ], [ -106.547527198780941, 31.861750686942727 ], [ -106.547452629173819, 31.861809301860674 ], [ -106.547374115828418, 31.861864036684576 ], [ -106.547291935096212, 31.861914699374932 ], [ -106.547206376876559, 31.861961110794915 ], [ -106.547087923124238, 31.862005702085721 ], [ -106.546967729769747, 31.862046762358652 ], [ -106.546845941818532, 31.862084243140465 ], [ -106.546975508836738, 31.862455604045763 ] ] ] } },
{ "type": "Feature", "properties": { "district": 1, "zonelabel": "R-4", "state_cd_clean": null, "use_desc": "Unknown", "targetlotarea": 62456, "existing_units": 0, "footprint_sqft": 0.0, "interior_sqft": 0.0, "coverage_pct": 0.0, "in_corridor": false, "in_historic": false, "context_type": "Suburban" }, "geometry": { "type": "Polygon", "coordinates": [ [ [ -106.585154730837971, 31.860559165240165 ], [ -106.585288202123465, 31.860830551450107 ], [ -106.585384598063683, 31.860756462991876 ], [ -106.585484962390538, 31.860686319078045 ], [ -106.585500151631408, 31.860679538696797 ], [ -106.585513787444015, 31.860670674989692 ], [ -106.585525482124496, 31.860659979618315 ], [ -106.585534902290661, 31.860647757638802 ], [ -106.585541779893759, 31.860634357940238 ], [ -106.585545918831897, 31.860620161184478 ], [ -106.58554719980944, 31.860605573249895 ], [ -106.585432548268102, 31.860290830680807 ], [ -106.585312020393559, 31.85997769256204 ], [ -106.585185646781312, 31.859666236899347 ], [ -106.584612514023604, 31.859839768457157 ], [ -106.584933422702022, 31.860536752344711 ], [ -106.585094148100211, 31.860479174552491 ], [ -106.585123464547337, 31.860517883029736 ], [ -106.585154730837971, 31.860559165240165 ] ] ] } },
{ "type": "Feature", "properties": { "district": 1, "zonelabel": "C-3", "state_cd_clean": null, "use_desc": "Unknown", "targetlotarea": 53913, "existing_units": 0, "footprint_sqft": 0.0, "interior_sqft": 0.0, "coverage_pct": 0.0, "in_corridor": false, "in_historic": false, "context_type": "Suburban" }, "geometry": { "type": "Polygon", "coordinates": [ [ [ -106.558095494642302, 31.862155502061128 ], [ -106.558763769296178, 31.862152777331954 ], [ -106.558765083203497, 31.861844506119425 ], [ -106.558765551561251, 31.861734553425269 ], [ -106.558766547761394, 31.861500753043856 ], [ -106.558744689246765, 31.861496766084876 ], [ -106.55832834673889, 31.861420832130804 ], [ -106.558098810568438, 31.861378967814375 ], [ -106.558098578045048, 31.861433378631137 ], [ -106.558097980746297, 31.86157335457861 ], [ -106.55809567892814, 31.862112321078072 ], [ -106.558095651724869, 31.862118743647702 ], [ -106.558095494642302, 31.862155502061128 ] ] ] } },
{ "type": "Feature", "properties": { "district": 1, "zonelabel": "C-1", "state_cd_clean": null, "use_desc": "Unknown", "targetlotarea": 72419, "existing_units": 0, "footprint_sqft": 0.0, "interior_sqft": 0.0, "coverage_pct": 0.0, "in_corridor": false, "in_historic": false, "context_type": "Suburban" }, "geometry": { "type": "Polygon", "coordinates": [ [ [ -106.547706492152741, 31.86255817422909 ], [ -106.548560676195322, 31.862678026376468 ], [ -106.548601664277825, 31.862586583548364 ], [ -106.548648046110131, 31.862497036595343 ], [ -106.548699702498766, 31.862409617917997 ], [ -106.548756499009016, 31.862324553417888 ], [ -106.548237740958953, 31.861904168655865 ], [ -106.548193384765213, 31.86194403643637 ], [ -106.547730088196104, 31.861568590545687 ], [ -106.547622452274524, 31.861666996821171 ], [ -106.547601279303066, 31.861688857151005 ], [ -106.547847798842298, 31.861824656201694 ], [ -106.547706492152741, 31.86255817422909 ] ] ] } },
{ "type": "Feature", "properties": { "district": 1, "zonelabel": "A-O", "state_cd_clean": null, "use_desc": "Unknown", "targetlotarea": 127699, "existing_units": 0, "footprint_sqft": 0.0, "interior_sqft": 0.0, "coverage_pct": 0.0, "in_corridor": false, "in_historic": false, "context_type": "Suburban" }, "geometry": { "type": "Polygon", "coordinates": [ [ [ -106.589835028292796, 31.86077511624617 ], [ -106.591289394211699, 31.860795925751027 ], [ -106.591289862605009, 31.860042039032233 ], [ -106.589882670066459, 31.860038049483723 ], [ -106.589867286002075, 31.86003777976639 ], [ -106.589852066100192, 31.860039709761544 ], [ -106.589837438606835, 31.860043785469866 ], [ -106.589823815068868, 31.860049892272166 ], [ -106.589811580957758, 31.860057857186035 ], [ -106.589801080260571, 31.86006745592972 ], [ -106.589792608510407, 31.860078419579242 ], [ -106.589786404465173, 31.860090436775323 ], [ -106.589782642796067, 31.860103171236346 ], [ -106.589756882455305, 31.860712812114556 ], [ -106.589755674533905, 31.860721839668265 ], [ -106.589756269872652, 31.860730912451345 ], [ -106.589758651186926, 31.860739768441608 ], [ -106.589762750967026, 31.860748154353146 ], [ -106.589768450660372, 31.860755829288422 ], [ -106.589775587536522, 31.86076257253848 ], [ -106.58978395516209, 31.860768190785642 ], [ -106.589793314248027, 31.86077252209931 ], [ -106.589803396289923, 31.860775442986817 ], [ -106.589813910952955, 31.860776868038936 ], [ -106.589824557216559, 31.860776758426805 ], [ -106.589835028292796, 31.86077511624617 ] ] ] } },
{ "type": "Feature", "properties": { "district": 1, "zonelabel": "A-O", "state_cd_clean": null, "use_desc": "Unknown", "targetlotarea": 92910, "existing_units": 0, "footprint_sqft": 0.0, "interior_sqft": 0.0, "coverage_pct": 0.0, "in_corridor": false, "in_historic": false, "context_type": "Suburban" }, "geometry": { "type": "Polygon", "coordinates": [ [ [ -106.591289394211699, 31.860795925751027 ], [ -106.592302008636665, 31.860810406077064 ], [ -106.592316181520388, 31.860808085332639 ], [ -106.592329703934382, 31.860803782454685 ], [ -106.592342197510845, 31.860797617702076 ], [ -106.592353314878153, 31.860789764040096 ], [ -106.592362744460672, 31.860780439683829 ], [ -106.592370223079513, 31.860769906588878 ], [ -106.592375542446334, 31.860758456590229 ], [ -106.592378553383313, 31.860746411198985 ], [ -106.592371634050508, 31.860104827542614 ], [ -106.59236797775192, 31.860092564299109 ], [ -106.59236190092308, 31.860081021705287 ], [ -106.592353585110317, 31.860070545117608 ], [ -106.59234327859312, 31.860061448683059 ], [ -106.592331289281503, 31.860054003937897 ], [ -106.592317975800739, 31.860048433010132 ], [ -106.592303737639611, 31.860044903673661 ], [ -106.591289862605009, 31.860042039032233 ], [ -106.591289394211699, 31.860795925751027 ] ] ] } },
{ "type": "Feature", "properties": { "district": 1, "zonelabel": "A-O", "state_cd_clean": null, "use_desc": "Unknown", "targetlotarea": 37938, "existing_units": 0, "footprint_sqft": 0.0, "interior_sqft": 0.0, "coverage_pct": 0.0, "in_corridor": false, "in_historic": false, "context_type": "Suburban" }, "geometry": { "type": "Polygon", "coordinates": [ [ [ -106.592588088676877, 31.860793094814831 ], [ -106.593023951213624, 31.860796636870798 ], [ -106.593030892255115, 31.860062229074749 ], [ -106.592659048277724, 31.860059864034859 ], [ -106.592645460316902, 31.860060958960222 ], [ -106.592632296221822, 31.860064034262887 ], [ -106.592619949972203, 31.860068997837924 ], [ -106.592608788594035, 31.860075701969418 ], [ -106.592599145948242, 31.860083945436457 ], [ -106.592591311719886, 31.860093483074706 ], [ -106.592585516826603, 31.860104029187688 ], [ -106.592581937415076, 31.860115270000684 ], [ -106.592553374104767, 31.860728497550745 ], [ -106.592553654945121, 31.860740819178456 ], [ -106.592556292964986, 31.860752935356285 ], [ -106.592561215893383, 31.860764520766182 ], [ -106.592568292036404, 31.860775263785886 ], [ -106.592577330811594, 31.860784874592767 ], [ -106.592588088676877, 31.860793094814831 ] ] ] } },
{ "type": "Feature", "properties": { "district": 1, "zonelabel": "A-O", "state_cd_clean": null, "use_desc": "Unknown", "targetlotarea": 54220, "existing_units": 0, "footprint_sqft": 0.0, "interior_sqft": 0.0, "coverage_pct": 0.0, "in_corridor": false, "in_historic": false, "context_type": "Suburban" }, "geometry": { "type": "Polygon", "coordinates": [ [ [ -106.593023951213624, 31.860796636870798 ], [ -106.593685769287092, 31.860802014400882 ], [ -106.593680481881734, 31.860432989554731 ], [ -106.593675227560624, 31.860066325129605 ], [ -106.593030892255115, 31.860062229074749 ], [ -106.593023951213624, 31.860796636870798 ] ] ] } },
{ "type": "Feature", "properties": { "district": 1, "zonelabel": "C-3", "state_cd_clean": null, "use_desc": "Unknown", "targetlotarea": 40348, "existing_units": 0, "footprint_sqft": 0.0, "interior_sqft": 0.0, "coverage_pct": 0.0, "in_corridor": false, "in_historic": false, "context_type": "Suburban" }, "geometry": { "type": "Polygon", "coordinates": [ [ [ -106.586402738228088, 31.860653010176677 ], [ -106.58663214783256, 31.861166729757585 ], [ -106.586820935474861, 31.861110315917376 ], [ -106.587180660984245, 31.861002819539269 ], [ -106.587180706692848, 31.861002806504544 ], [ -106.587180747185613, 31.861002794623651 ], [ -106.587189944108871, 31.861000045926286 ], [ -106.587240119908515, 31.860985051517375 ], [ -106.587172292363121, 31.860806924948573 ], [ -106.587052323586249, 31.860538285475155 ], [ -106.587043826025194, 31.860526761380303 ], [ -106.587033344487452, 31.860516495991344 ], [ -106.58702113016794, 31.860507735578928 ], [ -106.58700747643465, 31.860500691870321 ], [ -106.586992711904642, 31.860495533349308 ], [ -106.586977190830297, 31.860492383911399 ], [ -106.586961285476818, 31.860491319616887 ], [ -106.586945378440163, 31.86049236454355 ], [ -106.586929851339193, 31.860495495845917 ], [ -106.586402738228088, 31.860653010176677 ] ] ] } },
{ "type": "Feature", "properties": { "district": 1, "zonelabel": "A-O", "state_cd_clean": null, "use_desc": "Unknown", "targetlotarea": 30306, "existing_units": 0, "footprint_sqft": 0.0, "interior_sqft": 0.0, "coverage_pct": 0.0, "in_corridor": false, "in_historic": false, "context_type": "Suburban" }, "geometry": { "type": "Polygon", "coordinates": [ [ [ -106.593685769287092, 31.860802014400882 ], [ -106.5943692944943, 31.860807564178234 ], [ -106.594380106593263, 31.860803393219289 ], [ -106.594389995898737, 31.860797797003091 ], [ -106.59439870745355, 31.860790921474816 ], [ -106.594406016926257, 31.860782943624841 ], [ -106.59441173260214, 31.860774069586654 ], [ -106.594415709856335, 31.860764529424163 ], [ -106.59441784522474, 31.860754567481056 ], [ -106.59441116628193, 31.86044147527053 ], [ -106.594279450426924, 31.860439945105313 ], [ -106.594169707206021, 31.860438670711343 ], [ -106.594149624210445, 31.86043843775667 ], [ -106.594043040522351, 31.860437200114674 ], [ -106.594042997088479, 31.860437199493319 ], [ -106.594042951544552, 31.860437198973433 ], [ -106.593973140328842, 31.860436388958526 ], [ -106.593943409230931, 31.860436042694495 ], [ -106.593897547028206, 31.860435510972131 ], [ -106.593803107805982, 31.86043441361776 ], [ -106.593803062262069, 31.860434413097803 ], [ -106.59380301783257, 31.860434413427537 ], [ -106.593749587719017, 31.860433792091417 ], [ -106.593680481881734, 31.860432989554731 ], [ -106.593685769287092, 31.860802014400882 ] ] ] } },
{ "type": "Feature", "properties": { "district": 1, "zonelabel": "R-4", "state_cd_clean": null, "use_desc": "Unknown", "targetlotarea": 20510, "existing_units": 0, "footprint_sqft": 0.0, "interior_sqft": 0.0, "coverage_pct": 0.0, "in_corridor": false, "in_historic": false, "context_type": "Suburban" }, "geometry": { "type": "Polygon", "coordinates": [ [ [ -106.584862595267566, 31.861259166413852 ], [ -106.584865810680313, 31.861265782956131 ], [ -106.584920771924132, 31.861193566870991 ], [ -106.584955962823869, 31.861152370828901 ], [ -106.584981483146549, 31.861124208126231 ], [ -106.585002922505709, 31.861098037969626 ], [ -106.585032522810266, 31.861067884556313 ], [ -106.585056179640105, 31.861043403622592 ], [ -106.58508088620782, 31.86101887228071 ], [ -106.585110368465038, 31.860986928809918 ], [ -106.585133093503487, 31.860964288304068 ], [ -106.585154945779919, 31.860944383256541 ], [ -106.585169981913936, 31.860932887060304 ], [ -106.585200271132052, 31.860904516099776 ], [ -106.585227563664503, 31.860882351781719 ], [ -106.585254158493271, 31.860858835339059 ], [ -106.585281214405384, 31.860835714965376 ], [ -106.585288202123465, 31.860830551450107 ], [ -106.585154730837971, 31.860559165240165 ], [ -106.585123464547337, 31.860517883029736 ], [ -106.585094148100211, 31.860479174552491 ], [ -106.584933422702022, 31.860536752344711 ], [ -106.584932465200765, 31.860586305750473 ], [ -106.584941309863581, 31.86093158761896 ], [ -106.58474388760844, 31.861004894368016 ], [ -106.584868249593299, 31.861252912563785 ], [ -106.584862595267566, 31.861259166413852 ] ] ] } },
{ "type": "Feature", "properties": { "district": 1, "zonelabel": "C-3", "state_cd_clean": null, "use_desc": "Unknown", "targetlotarea": 34559, "existing_units": 0, "footprint_sqft": 0.0, "interior_sqft": 0.0, "coverage_pct": 0.0, "in_corridor": false, "in_historic": false, "context_type": "Suburban" }, "geometry": { "type": "Polygon", "coordinates": [ [ [ -106.585881287538641, 31.860850974395952 ], [ -106.586094090914472, 31.861327513231593 ], [ -106.58663214783256, 31.861166729757585 ], [ -106.586402738228088, 31.860653010176677 ], [ -106.58626850113626, 31.860694748642413 ], [ -106.586136661348448, 31.860741723726427 ], [ -106.586007498062898, 31.860793836216349 ], [ -106.585881287538641, 31.860850974395952 ] ] ] } },
{ "type": "Feature", "properties": { "district": 1, "zonelabel": "C-3", "state_cd_clean": null, "use_desc": "Unknown", "targetlotarea": 42389, "existing_units": 0, "footprint_sqft": 0.0, "interior_sqft": 0.0, "coverage_pct": 0.0, "in_corridor": false, "in_historic": false, "context_type": "Suburban" }, "geometry": { "type": "Polygon", "coordinates": [ [ [ -106.558093099151506, 31.862717084185828 ], [ -106.558761420078952, 31.862714359252603 ], [ -106.558763769296178, 31.862152777331954 ], [ -106.558095494642302, 31.862155502061128 ], [ -106.55809532480616, 31.862195468556763 ], [ -106.558094663961313, 31.862350279010357 ], [ -106.558094560071623, 31.862374770426143 ], [ -106.558093099151506, 31.862717084185828 ] ] ] } },
{ "type": "Feature", "properties": { "district": 1, "zonelabel": "A-O", "state_cd_clean": null, "use_desc": "Unknown", "targetlotarea": 65573, "existing_units": 0, "footprint_sqft": 0.0, "interior_sqft": 0.0, "coverage_pct": 0.0, "in_corridor": false, "in_historic": false, "context_type": "Suburban" }, "geometry": { "type": "Polygon", "coordinates": [ [ [ -106.595740253569929, 31.860971320199887 ], [ -106.596077398892362, 31.860972867930776 ], [ -106.596084367253056, 31.860601626458969 ], [ -106.595959016354314, 31.860546969090787 ], [ -106.595868558039399, 31.860507526427035 ], [ -106.595783561554072, 31.86047046489438 ], [ -106.595646325605998, 31.860440844135841 ], [ -106.595532496247813, 31.860437698913401 ], [ -106.595440823285898, 31.860437768611483 ], [ -106.595363062068031, 31.860437975795492 ], [ -106.595227306433102, 31.860438338135108 ], [ -106.595109535487211, 31.860438651066271 ], [ -106.595021599935635, 31.860438885780017 ], [ -106.594901869218134, 31.860439203347855 ], [ -106.594798172097782, 31.860439479598227 ], [ -106.594758885143619, 31.860439584028065 ], [ -106.594712621678809, 31.860439707795461 ], [ -106.594712577189924, 31.860439707225076 ], [ -106.594590601073534, 31.860440031319715 ], [ -106.594586627515426, 31.86074181192329 ], [ -106.594583645908884, 31.860751988896428 ], [ -106.594582780966604, 31.860762453395079 ], [ -106.594584057189863, 31.860772887190908 ], [ -106.594587437770087, 31.860782973197573 ], [ -106.594592817857432, 31.86079240572991 ], [ -106.594600035527151, 31.860800896299708 ], [ -106.594608871734778, 31.860808188973817 ], [ -106.594619056765353, 31.86081406187008 ], [ -106.594630282432945, 31.860818335604094 ], [ -106.595419565306102, 31.860800174865805 ], [ -106.595457789573416, 31.860790465326076 ], [ -106.595497385693008, 31.860786401213844 ], [ -106.595537217419576, 31.86078810130897 ], [ -106.595576140495808, 31.860795514962359 ], [ -106.595613039175959, 31.860808430274652 ], [ -106.595646853952729, 31.860826477279264 ], [ -106.595676613801359, 31.860849135423827 ], [ -106.595701465274402, 31.860875757462221 ], [ -106.595720693082413, 31.860905576593638 ], [ -106.595733747613878, 31.860937738560235 ], [ -106.595740253569929, 31.860971320199887 ] ] ] } },
{ "type": "Feature", "properties": { "district": 1, "zonelabel": "C-2", "state_cd_clean": null, "use_desc": "Unknown", "targetlotarea": 218875, "existing_units": 0, "footprint_sqft": 0.0, "interior_sqft": 0.0, "coverage_pct": 0.0, "in_corridor": false, "in_historic": false, "context_type": "Suburban" }, "geometry": { "type": "Polygon", "coordinates": [ [ [ -106.587997785944367, 31.861274674893522 ], [ -106.588033397495721, 31.861369399448606 ], [ -106.588210320282016, 31.861324038732416 ], [ -106.588492934994335, 31.861255396592398 ], [ -106.588869704658919, 31.861207336759335 ], [ -106.58920012187086, 31.861160578852576 ], [ -106.589526483283151, 31.861159404479224 ], [ -106.589512930014905, 31.860143087495437 ], [ -106.589510088915063, 31.860125463831448 ], [ -106.589504124587805, 31.86010841748535 ], [ -106.589495175713054, 31.860092350073312 ], [ -106.589483453514433, 31.860077639853611 ], [ -106.589469233720862, 31.860064632176776 ], [ -106.589452850816016, 31.860053632536047 ], [ -106.589434690237567, 31.860044900619226 ], [ -106.589415178288178, 31.860038641760799 ], [ -106.589128068621662, 31.86003098847344 ], [ -106.588981079796071, 31.860036730115187 ], [ -106.588834662296321, 31.860049176241951 ], [ -106.588689235036341, 31.86006829227567 ], [ -106.588020114511721, 31.860197469584044 ], [ -106.587632319542209, 31.860299182772778 ], [ -106.587664929268968, 31.860375778406258 ], [ -106.587929713025119, 31.861085165659095 ], [ -106.587997785944367, 31.861274674893522 ] ] ] } },
{ "type": "Feature", "properties": { "district": 1, "zonelabel": "R-3", "state_cd_clean": null, "use_desc": "Unknown", "targetlotarea": 55028, "existing_units": 0, "footprint_sqft": 0.0, "interior_sqft": 0.0, "coverage_pct": 0.0, "in_corridor": false, "in_historic": false, "context_type": "Suburban" }, "geometry": { "type": "Polygon", "coordinates": [ [ [ -106.560744237045256, 31.862461243627074 ], [ -106.561131705490425, 31.862837388530629 ], [ -106.561142543753178, 31.861677876771136 ], [ -106.561142842222552, 31.861645981006049 ], [ -106.560659757917975, 31.861642712800496 ], [ -106.560571426644699, 31.861860707479011 ], [ -106.560632217555877, 31.862203302577779 ], [ -106.560744237045256, 31.862461243627074 ] ] ] } },
{ "type": "Feature", "properties": { "district": 1, "zonelabel": "R-3", "state_cd_clean": null, "use_desc": "Unknown", "targetlotarea": 224868, "existing_units": 0, "footprint_sqft": 0.0, "interior_sqft": 0.0, "coverage_pct": 0.0, "in_corridor": false, "in_historic": false, "context_type": "Suburban" }, "geometry": { "type": "Polygon", "coordinates": [ [ [ -106.548121214837707, 31.863547199688231 ], [ -106.548369795627011, 31.863552605120461 ], [ -106.548375372714148, 31.863424993628122 ], [ -106.54838825986586, 31.863297768458047 ], [ -106.54840842828753, 31.863171233571357 ], [ -106.548435828024893, 31.863045693034692 ], [ -106.548470393999708, 31.862921446216284 ], [ -106.548512043198954, 31.862798793339174 ], [ -106.548560676195322, 31.862678026376468 ], [ -106.547706492152741, 31.86255817422909 ], [ -106.546975508836738, 31.862455604045763 ], [ -106.546501209561214, 31.862418551965249 ], [ -106.546498969136536, 31.862492447475887 ], [ -106.546497746434767, 31.862657871697756 ], [ -106.546494242188999, 31.862822654172572 ], [ -106.546495357518666, 31.862991246520789 ], [ -106.546496340210751, 31.863151529834898 ], [ -106.546499928218324, 31.863559142304656 ], [ -106.546635379367302, 31.863558037959283 ], [ -106.546797231064829, 31.863557700569949 ], [ -106.546988900659628, 31.863558014833561 ], [ -106.547214619198499, 31.863556197205249 ], [ -106.547435738490123, 31.863554741393681 ], [ -106.547718739204214, 31.863556167788996 ], [ -106.548121214837707, 31.863547199688231 ] ] ] } },
{ "type": "Feature", "properties": { "district": 1, "zonelabel": "C-4", "state_cd_clean": null, "use_desc": "Unknown", "targetlotarea": 46600, "existing_units": 0, "footprint_sqft": 0.0, "interior_sqft": 0.0, "coverage_pct": 0.0, "in_corridor": false, "in_historic": false, "context_type": "Suburban" }, "geometry": { "type": "Polygon", "coordinates": [ [ [ -106.583927052793598, 31.861663692552348 ], [ -106.584284211210871, 31.861898896003105 ], [ -106.584862595267566, 31.861259166413852 ], [ -106.584868249593299, 31.861252912563785 ], [ -106.58474388760844, 31.861004894368016 ], [ -106.584739175435303, 31.860995496250471 ], [ -106.584135202204905, 31.86121608587893 ], [ -106.584158415870661, 31.861467239764629 ], [ -106.584143272431831, 31.861480097696457 ], [ -106.583927052793598, 31.861663692552348 ] ] ] } },
{ "type": "Feature", "properties": { "district": 1, "zonelabel": "C-1", "state_cd_clean": null, "use_desc": "Unknown", "targetlotarea": 142763, "existing_units": 0, "footprint_sqft": 0.0, "interior_sqft": 0.0, "coverage_pct": 0.0, "in_corridor": false, "in_historic": false, "context_type": "Suburban" }, "geometry": { "type": "Polygon", "coordinates": [ [ [ -106.558769395338146, 31.863484755095399 ], [ -106.559230330899439, 31.863482873557146 ], [ -106.559284671234806, 31.862803702465499 ], [ -106.559642716303628, 31.861660546615067 ], [ -106.559360133994829, 31.861609009891037 ], [ -106.558773559704591, 31.861502031912643 ], [ -106.558766547761394, 31.861500753043856 ], [ -106.558765551561251, 31.861734553425269 ], [ -106.558934643595023, 31.861733863670988 ], [ -106.558934175433095, 31.861843816365781 ], [ -106.558765083203497, 31.861844506119425 ], [ -106.558763769296178, 31.862152777331954 ], [ -106.558761420078952, 31.862714359252603 ], [ -106.558093099151506, 31.862717084185828 ], [ -106.558092687828676, 31.862813340663767 ], [ -106.558722880214077, 31.862810771322824 ], [ -106.558743306684676, 31.863106747461767 ], [ -106.558769395338146, 31.863484755095399 ] ] ] } },
{ "type": "Feature", "properties": { "district": 1, "zonelabel": "C-4", "state_cd_clean": null, "use_desc": "Unknown", "targetlotarea": 43896, "existing_units": 0, "footprint_sqft": 0.0, "interior_sqft": 0.0, "coverage_pct": 0.0, "in_corridor": false, "in_historic": false, "context_type": "Suburban" }, "geometry": { "type": "Polygon", "coordinates": [ [ [ -106.583244730225516, 31.861908861977877 ], [ -106.583873340173, 31.86232283158909 ], [ -106.583997063623883, 31.862216494538327 ], [ -106.584284211210871, 31.861898896003105 ], [ -106.583927052793598, 31.861663692552348 ], [ -106.58386968516028, 31.861712403136938 ], [ -106.583839314413297, 31.861710207356918 ], [ -106.583468851576455, 31.861683418996087 ], [ -106.583465042302109, 31.861683142987857 ], [ -106.583375916243853, 31.861763770162508 ], [ -106.583362928569443, 31.861775520077895 ], [ -106.583265356196918, 31.86186378689386 ], [ -106.58325441554814, 31.861887696824859 ], [ -106.583244730225516, 31.861908861977877 ] ] ] } },
{ "type": "Feature", "properties": { "district": 1, "zonelabel": "C-3", "state_cd_clean": null, "use_desc": "Unknown", "targetlotarea": 7259, "existing_units": 0, "footprint_sqft": 0.0, "interior_sqft": 0.0, "coverage_pct": 0.0, "in_corridor": false, "in_historic": false, "context_type": "Suburban" }, "geometry": { "type": "Polygon", "coordinates": [ [ [ -106.587189944108871, 31.861000045926286 ], [ -106.587628374508668, 31.862151425022326 ], [ -106.587677426968085, 31.862133479248676 ], [ -106.587240119908515, 31.860985051517375 ], [ -106.587189944108871, 31.861000045926286 ] ] ] } },
{ "type": "Feature", "properties": { "district": 1, "zonelabel": "C-1", "state_cd_clean": null, "use_desc": "Unknown", "targetlotarea": 11031, "existing_units": 0, "footprint_sqft": 0.0, "interior_sqft": 0.0, "coverage_pct": 0.0, "in_corridor": false, "in_historic": false, "context_type": "Suburban" }, "geometry": { "type": "Polygon", "coordinates": [ [ [ -106.559129023391023, 31.863568554673012 ], [ -106.559223600351245, 31.863566961818989 ], [ -106.559224827673859, 31.863551623604238 ], [ -106.559230330899439, 31.863482873557146 ], [ -106.558769395338146, 31.863484755095399 ], [ -106.558102227536438, 31.863487474362206 ], [ -106.558103968811068, 31.863569925469822 ], [ -106.558535917564697, 31.863574812859525 ], [ -106.558925996500307, 31.863572518187691 ], [ -106.559129023391023, 31.863568554673012 ] ] ] } },
{ "type": "Feature", "properties": { "district": 1, "zonelabel": "C-1", "state_cd_clean": null, "use_desc": "Unknown", "targetlotarea": 1825, "existing_units": 0, "footprint_sqft": 0.0, "interior_sqft": 0.0, "coverage_pct": 0.0, "in_corridor": false, "in_historic": false, "context_type": "Suburban" }, "geometry": { "type": "Polygon", "coordinates": [ [ [ -106.559223600351245, 31.863566961818989 ], [ -106.559417633747572, 31.863564668048333 ], [ -106.559424241565182, 31.863482082337182 ], [ -106.559230330899439, 31.863482873557146 ], [ -106.559224827673859, 31.863551623604238 ], [ -106.559223600351245, 31.863566961818989 ] ] ] } },
{ "type": "Feature", "properties": { "district": 1, "zonelabel": "R-5", "state_cd_clean": null, "use_desc": "Unknown", "targetlotarea": 219970, "existing_units": 0, "footprint_sqft": 0.0, "interior_sqft": 0.0, "coverage_pct": 0.0, "in_corridor": false, "in_historic": false, "context_type": "Suburban" }, "geometry": { "type": "Polygon", "coordinates": [ [ [ -106.559458051458719, 31.863564479619253 ], [ -106.559837112212946, 31.863568834068712 ], [ -106.560102335032468, 31.863430063224747 ], [ -106.559877295729081, 31.863160970549217 ], [ -106.561130278945072, 31.862990101413843 ], [ -106.561131705490425, 31.862837388530629 ], [ -106.560744237045256, 31.862461243627074 ], [ -106.560632217555877, 31.862203302577779 ], [ -106.560571426644699, 31.861860707479011 ], [ -106.560659757917975, 31.861642712800496 ], [ -106.560581550699879, 31.861642183453313 ], [ -106.560024006447492, 31.861638409324712 ], [ -106.559867509496371, 31.861637350154083 ], [ -106.559826417392784, 31.861637071496293 ], [ -106.55947645518124, 31.862829493649826 ], [ -106.559424241565182, 31.863482082337182 ], [ -106.559417633747572, 31.863564668048333 ], [ -106.559458051458719, 31.863564479619253 ] ] ] } },
{ "type": "Feature", "properties": { "district": 1, "zonelabel": "R-3", "state_cd_clean": null, "use_desc": "Unknown", "targetlotarea": 66241, "existing_units": 0, "footprint_sqft": 0.0, "interior_sqft": 0.0, "coverage_pct": 0.0, "in_corridor": false, "in_historic": false, "context_type": "Suburban" }, "geometry": { "type": "Polygon", "coordinates": [ [ [ -106.560173091754166, 31.863573994828432 ], [ -106.561125762527354, 31.86358862605773 ], [ -106.561130278945072, 31.862990101413843 ], [ -106.559877295729081, 31.863160970549217 ], [ -106.560102335032468, 31.863430063224747 ], [ -106.559837112212946, 31.863568834068712 ], [ -106.559873244778103, 31.8635693905727 ], [ -106.559962903708396, 31.863570767429266 ], [ -106.560039854616591, 31.863571949839102 ], [ -106.560122929057115, 31.863573225059035 ], [ -106.560126908323426, 31.863573285870618 ], [ -106.560173091754166, 31.863573994828432 ] ] ] } },
{ "type": "Feature", "properties": { "district": 1, "zonelabel": "R-4", "state_cd_clean": null, "use_desc": "Unknown", "targetlotarea": 43895, "existing_units": 0, "footprint_sqft": 0.0, "interior_sqft": 0.0, "coverage_pct": 0.0, "in_corridor": false, "in_historic": false, "context_type": "Suburban" }, "geometry": { "type": "Polygon", "coordinates": [ [ [ -106.583354343150347, 31.86270048022471 ], [ -106.583361721751771, 31.86270533972295 ], [ -106.583369902373505, 31.86270915177013 ], [ -106.583378680897923, 31.862711822287729 ], [ -106.58338784238623, 31.862713285718282 ], [ -106.583397158968637, 31.862713505126202 ], [ -106.583406400691189, 31.862712476194087 ], [ -106.583415339439583, 31.862710222517336 ], [ -106.58342375357465, 31.862706801705098 ], [ -106.583431435897964, 31.862702297771417 ], [ -106.583438195821486, 31.862696821934392 ], [ -106.583873340173, 31.86232283158909 ], [ -106.583244730225516, 31.861908861977877 ], [ -106.58319072691917, 31.862026876772447 ], [ -106.583113454111995, 31.862195740719169 ], [ -106.583034922995893, 31.862367356737678 ], [ -106.582953618754033, 31.862545029433267 ], [ -106.582964169706841, 31.862548546176789 ], [ -106.583214885373238, 31.86263211065328 ], [ -106.583263823562575, 31.862651121260264 ], [ -106.583310446604855, 31.862673978904095 ], [ -106.583354343150347, 31.86270048022471 ] ] ] } },
{ "type": "Feature", "properties": { "district": 1, "zonelabel": "C-3", "state_cd_clean": null, "use_desc": "Unknown", "targetlotarea": 266552, "existing_units": 0, "footprint_sqft": 0.0, "interior_sqft": 0.0, "coverage_pct": 0.0, "in_corridor": false, "in_historic": false, "context_type": "Suburban" }, "geometry": { "type": "Polygon", "coordinates": [ [ [ -106.585374654637306, 31.86120180551881 ], [ -106.586170620355659, 31.862684740135638 ], [ -106.587236194124557, 31.862294905851694 ], [ -106.587628374508668, 31.862151425022326 ], [ -106.587189944108871, 31.861000045926286 ], [ -106.587180747185613, 31.861002794623651 ], [ -106.587180706692848, 31.861002806504544 ], [ -106.587180660984245, 31.861002819539269 ], [ -106.586820935474861, 31.861110315917376 ], [ -106.58663214783256, 31.861166729757585 ], [ -106.586094090914472, 31.861327513231593 ], [ -106.585881287538641, 31.860850974395952 ], [ -106.585785769442623, 31.860902975816721 ], [ -106.585694035711157, 31.860959725496816 ], [ -106.585532422778073, 31.86107891815216 ], [ -106.585374654637306, 31.86120180551881 ] ] ] } },
{ "type": "Feature", "properties": { "district": 1, "zonelabel": "R-4", "state_cd_clean": null, "use_desc": "Unknown", "targetlotarea": 69305, "existing_units": 0, "footprint_sqft": 0.0, "interior_sqft": 0.0, "coverage_pct": 0.0, "in_corridor": false, "in_historic": false, "context_type": "Suburban" }, "geometry": { "type": "Polygon", "coordinates": [ [ [ -106.578250511219068, 31.8633183980923 ], [ -106.578366538065623, 31.863312839582978 ], [ -106.578367120452285, 31.863224154096994 ], [ -106.578368633189228, 31.862993980346001 ], [ -106.578350804927865, 31.862833158575704 ], [ -106.578183852938707, 31.862844557619166 ], [ -106.578182447558646, 31.862614519294105 ], [ -106.578184043095064, 31.862438027279726 ], [ -106.578182657295855, 31.862279812253227 ], [ -106.577445424738414, 31.862306649065914 ], [ -106.577625553247316, 31.862974159150415 ], [ -106.577777312970895, 31.863057751736761 ], [ -106.578181312513465, 31.863280283124251 ], [ -106.578250511219068, 31.8633183980923 ] ] ] } },
{ "type": "Feature", "properties": { "district": 1, "zonelabel": "C-4", "state_cd_clean": null, "use_desc": "Unknown", "targetlotarea": 47044, "existing_units": 0, "footprint_sqft": 0.0, "interior_sqft": 0.0, "coverage_pct": 0.0, "in_corridor": false, "in_historic": false, "context_type": "Suburban" }, "geometry": { "type": "Polygon", "coordinates": [ [ [ -106.587236194124557, 31.862294905851694 ], [ -106.587271752121154, 31.86302753118586 ], [ -106.587937184954086, 31.862807989280657 ], [ -106.587919998243848, 31.862770490815311 ], [ -106.587677426968085, 31.862133479248676 ], [ -106.587628374508668, 31.862151425022326 ], [ -106.587236194124557, 31.862294905851694 ] ] ] } },
{ "type": "Feature", "properties": { "district": 1, "zonelabel": "R-4", "state_cd_clean": null, "use_desc": "Unknown", "targetlotarea": 19246, "existing_units": 0, "footprint_sqft": 0.0, "interior_sqft": 0.0, "coverage_pct": 0.0, "in_corridor": false, "in_historic": false, "context_type": "Suburban" }, "geometry": { "type": "Polygon", "coordinates": [ [ [ -106.582425343578961, 31.863206661256257 ], [ -106.582344928642698, 31.863288713061181 ], [ -106.58246063313625, 31.863254908472488 ], [ -106.582574844258346, 31.863217587662323 ], [ -106.582687414850909, 31.863176798344018 ], [ -106.58280885720454, 31.863109064910635 ], [ -106.582866909557779, 31.863077807525546 ], [ -106.582923758635644, 31.863044978366975 ], [ -106.583183330447085, 31.862900202025266 ], [ -106.583191621548735, 31.862894705097009 ], [ -106.583198756875632, 31.862888131847086 ], [ -106.583204545832075, 31.862880657625936 ], [ -106.583208835177487, 31.862872478572623 ], [ -106.58321151025973, 31.862863814265598 ], [ -106.583212501569307, 31.862854894762378 ], [ -106.583211781218395, 31.862845955348508 ], [ -106.583209369211545, 31.862837235333757 ], [ -106.583205329390722, 31.8628289646973 ], [ -106.583199769434785, 31.862821364088177 ], [ -106.583192836046251, 31.86281463602322 ], [ -106.583184714476346, 31.862808957683956 ], [ -106.583039300374097, 31.862759367381191 ], [ -106.582892946755891, 31.8627118354059 ], [ -106.582691660370273, 31.862924586769765 ], [ -106.582561573222748, 31.863064453738669 ], [ -106.582425343578961, 31.863206661256257 ] ] ] } },
{ "type": "Feature", "properties": { "district": 1, "zonelabel": "C-3", "state_cd_clean": null, "use_desc": "Unknown", "targetlotarea": 43948, "existing_units": 0, "footprint_sqft": 0.0, "interior_sqft": 0.0, "coverage_pct": 0.0, "in_corridor": false, "in_historic": false, "context_type": "Suburban" }, "geometry": { "type": "Polygon", "coordinates": [ [ [ -106.584034285320897, 31.862631530125949 ], [ -106.584515864957211, 31.863318287457464 ], [ -106.584553765344126, 31.863303715502255 ], [ -106.584600544929771, 31.863285729225378 ], [ -106.584714219021066, 31.863242021772326 ], [ -106.584874672489505, 31.863180327843313 ], [ -106.584350517497541, 31.862282575617193 ], [ -106.584289589461875, 31.862354427477424 ], [ -106.584226527266637, 31.862424924782406 ], [ -106.584128868676586, 31.862527185321838 ], [ -106.584034285320897, 31.862631530125949 ] ] ] } },
{ "type": "Feature", "properties": { "district": 1, "zonelabel": "C-1", "state_cd_clean": null, "use_desc": "Unknown", "targetlotarea": 0, "existing_units": 0, "footprint_sqft": 0.0, "interior_sqft": 0.0, "coverage_pct": 0.0, "in_corridor": false, "in_historic": false, "context_type": "Suburban" }, "geometry": { "type": "Polygon", "coordinates": [ [ [ -106.574341727027331, 31.864112649984722 ], [ -106.574341822279493, 31.864112649935564 ], [ -106.574341751907525, 31.864106980799487 ], [ -106.574341727027331, 31.864112649984722 ] ] ] } },
{ "type": "Feature", "properties": { "district": 1, "zonelabel": "C-4", "state_cd_clean": null, "use_desc": "Unknown", "targetlotarea": 60662, "existing_units": 0, "footprint_sqft": 0.0, "interior_sqft": 0.0, "coverage_pct": 0.0, "in_corridor": false, "in_historic": false, "context_type": "Suburban" }, "geometry": { "type": "Polygon", "coordinates": [ [ [ -106.58775863068152, 31.863558644981204 ], [ -106.588236649700804, 31.863554400450081 ], [ -106.588236693834844, 31.863554395620142 ], [ -106.587997447246224, 31.862939469839084 ], [ -106.587937184954086, 31.862807989280657 ], [ -106.587271752121154, 31.86302753118586 ], [ -106.587271752386116, 31.863027567303988 ], [ -106.587271753422982, 31.863027615127614 ], [ -106.587271754861774, 31.863027652995953 ], [ -106.587271756359939, 31.863027691764689 ], [ -106.58727175885376, 31.863027729582367 ], [ -106.587271760351896, 31.863027768351092 ], [ -106.587271761790674, 31.863027806219385 ], [ -106.587271763288868, 31.863027844988132 ], [ -106.587271765782688, 31.863027882805813 ], [ -106.587271767280853, 31.86302792157451 ], [ -106.587271768719603, 31.863027959442856 ], [ -106.587271771272796, 31.863027998160916 ], [ -106.587271772711588, 31.863028036029249 ], [ -106.587271773154697, 31.863028074848614 ], [ -106.587271774593489, 31.863028112716965 ], [ -106.587271775036584, 31.863028151536398 ], [ -106.587271775420348, 31.863028189455417 ], [ -106.587271776918513, 31.863028228224113 ], [ -106.587271777361622, 31.863028267043521 ], [ -106.587271777745329, 31.863028304962548 ], [ -106.58727177924348, 31.863028343731283 ], [ -106.587271779627201, 31.863028381650267 ], [ -106.587271781125381, 31.863028420419003 ], [ -106.587271783601466, 31.863028714766809 ], [ -106.587291470812019, 31.863562792530516 ], [ -106.58775863068152, 31.863558644981204 ] ] ] } },
{ "type": "Feature", "properties": { "district": 1, "zonelabel": "C-1", "state_cd_clean": null, "use_desc": "Unknown", "targetlotarea": 3740, "existing_units": 0, "footprint_sqft": 0.0, "interior_sqft": 0.0, "coverage_pct": 0.0, "in_corridor": false, "in_historic": false, "context_type": "Suburban" }, "geometry": { "type": "Polygon", "coordinates": [ [ [ -106.575635921340037, 31.864074046294974 ], [ -106.575760318208964, 31.864182465003964 ], [ -106.575936423242965, 31.864069715635537 ], [ -106.575801602586267, 31.863961463518788 ], [ -106.575635921340037, 31.864074046294974 ] ] ] } },
{ "type": "Feature", "properties": { "district": 1, "zonelabel": "C-1", "state_cd_clean": null, "use_desc": "Unknown", "targetlotarea": 79042, "existing_units": 0, "footprint_sqft": 0.0, "interior_sqft": 0.0, "coverage_pct": 0.0, "in_corridor": false, "in_historic": false, "context_type": "Suburban" }, "geometry": { "type": "Polygon", "coordinates": [ [ [ -106.574770822935378, 31.864213082131013 ], [ -106.575819394664023, 31.864233951603854 ], [ -106.575760318208964, 31.864182465003964 ], [ -106.575635921340037, 31.864074046294974 ], [ -106.575470179862691, 31.863929593747663 ], [ -106.575966434138508, 31.863945379277862 ], [ -106.575976669446817, 31.863718515495915 ], [ -106.574365206619106, 31.863715561743827 ], [ -106.574354393295536, 31.863716321209136 ], [ -106.574343882351357, 31.863718619797659 ], [ -106.574333972096753, 31.86372239082171 ], [ -106.574324944459732, 31.863727527731989 ], [ -106.574317055490766, 31.863733884572724 ], [ -106.574310528332774, 31.863741281737951 ], [ -106.574305548123675, 31.863749508925764 ], [ -106.574302257195058, 31.863758332594713 ], [ -106.574316091747477, 31.863898744269356 ], [ -106.574333360554206, 31.864038878422122 ], [ -106.574336273088008, 31.864062518197752 ], [ -106.574551589890447, 31.86406321849627 ], [ -106.574550991798802, 31.864195271211891 ], [ -106.574771624152262, 31.864194732718627 ], [ -106.574770822935378, 31.864213082131013 ] ] ] } },
{ "type": "Feature", "properties": { "district": 1, "zonelabel": "C-1", "state_cd_clean": null, "use_desc": "Unknown", "targetlotarea": 20218, "existing_units": 0, "footprint_sqft": 0.0, "interior_sqft": 0.0, "coverage_pct": 0.0, "in_corridor": false, "in_historic": false, "context_type": "Suburban" }, "geometry": { "type": "Polygon", "coordinates": [ [ [ -106.575819394664023, 31.864233951603854 ], [ -106.576087410747149, 31.864239284867363 ], [ -106.576328898205347, 31.864029670966836 ], [ -106.576044842151106, 31.863718639714158 ], [ -106.575976669446817, 31.863718515495915 ], [ -106.575966434138508, 31.863945379277862 ], [ -106.575470179862691, 31.863929593747663 ], [ -106.575635921340037, 31.864074046294974 ], [ -106.575801602586267, 31.863961463518788 ], [ -106.575936423242965, 31.864069715635537 ], [ -106.575760318208964, 31.864182465003964 ], [ -106.575819394664023, 31.864233951603854 ] ] ] } },
{ "type": "Feature", "properties": { "district": 1, "zonelabel": "A-O", "state_cd_clean": null, "use_desc": "Unknown", "targetlotarea": 30770, "existing_units": 0, "footprint_sqft": 0.0, "interior_sqft": 0.0, "coverage_pct": 0.0, "in_corridor": false, "in_historic": false, "context_type": "Suburban" }, "geometry": { "type": "Polygon", "coordinates": [ [ [ -106.573762174300342, 31.864431189974809 ], [ -106.574163041057886, 31.86441248684952 ], [ -106.574158937697405, 31.86428742135675 ], [ -106.574107196792767, 31.863783707537156 ], [ -106.574103767316686, 31.863772669606192 ], [ -106.574098147994846, 31.863762306592907 ], [ -106.574090507630146, 31.863752931969099 ], [ -106.574081077665795, 31.863744830009527 ], [ -106.574070144147868, 31.863738246241315 ], [ -106.574058039865776, 31.863733380594415 ], [ -106.574045129048415, 31.863730380005986 ], [ -106.574031805076174, 31.863729335819968 ], [ -106.573702574419244, 31.863741868583155 ], [ -106.573710919099767, 31.863814223088127 ], [ -106.573755142947164, 31.864182273574158 ], [ -106.573761810848865, 31.864407458739976 ], [ -106.573762174300342, 31.864431189974809 ] ] ] } },
{ "type": "Feature", "properties": { "district": 1, "zonelabel": "C-4", "state_cd_clean": null, "use_desc": "Unknown", "targetlotarea": 21353, "existing_units": 0, "footprint_sqft": 0.0, "interior_sqft": 0.0, "coverage_pct": 0.0, "in_corridor": false, "in_historic": false, "context_type": "Suburban" }, "geometry": { "type": "Polygon", "coordinates": [ [ [ -106.586165630628898, 31.863829214271874 ], [ -106.586192552308304, 31.86389978660759 ], [ -106.58636411999251, 31.863854525997812 ], [ -106.586533613145292, 31.863803889150546 ], [ -106.58644181743756, 31.863599852331209 ], [ -106.586408348867863, 31.86350180529227 ], [ -106.586402515097376, 31.863493555859261 ], [ -106.586395337876169, 31.863486119755702 ], [ -106.586386967276326, 31.863479654169655 ], [ -106.586377583833908, 31.863474296760941 ], [ -106.586367386706016, 31.863470162616604 ], [ -106.586356592318765, 31.863467339799499 ], [ -106.586146730391846, 31.863530625124667 ], [ -106.58593509068028, 31.863589440269294 ], [ -106.585850000844985, 31.86361518580788 ], [ -106.585850019045367, 31.863615221064773 ], [ -106.585983211699258, 31.863889027114144 ], [ -106.585983228844654, 31.863889062421681 ], [ -106.586165630628898, 31.863829214271874 ] ] ] } },
{ "type": "Feature", "properties": { "district": 1, "zonelabel": "C-1", "state_cd_clean": null, "use_desc": "Unknown", "targetlotarea": 20675, "existing_units": 0, "footprint_sqft": 0.0, "interior_sqft": 0.0, "coverage_pct": 0.0, "in_corridor": false, "in_historic": false, "context_type": "Suburban" }, "geometry": { "type": "Polygon", "coordinates": [ [ [ -106.576328898205347, 31.864029670966836 ], [ -106.576742864421249, 31.864482944413655 ], [ -106.576607403213671, 31.863909885537502 ], [ -106.576596201984302, 31.863880106269331 ], [ -106.576579729491655, 31.863852168593372 ], [ -106.576558383594289, 31.863826746236921 ], [ -106.576532678928643, 31.863804454035254 ], [ -106.576503237282807, 31.863785830327533 ], [ -106.576441594840162, 31.863761670743145 ], [ -106.576377492010408, 31.863742741588094 ], [ -106.576311535538736, 31.863729224228713 ], [ -106.576244350768775, 31.863721244944436 ], [ -106.576176575668285, 31.863718880634369 ], [ -106.576044842151106, 31.863718639714158 ], [ -106.576328898205347, 31.864029670966836 ] ] ] } },
{ "type": "Feature", "properties": { "district": 1, "zonelabel": "A-O", "state_cd_clean": null, "use_desc": "Unknown", "targetlotarea": 15739, "existing_units": 0, "footprint_sqft": 0.0, "interior_sqft": 0.0, "coverage_pct": 0.0, "in_corridor": false, "in_historic": false, "context_type": "Suburban" }, "geometry": { "type": "Polygon", "coordinates": [ [ [ -106.573762979130464, 31.864769762086311 ], [ -106.574113934227256, 31.864765630864053 ], [ -106.57412424581635, 31.864764241508123 ], [ -106.574134153937607, 31.864761433490486 ], [ -106.574143390470368, 31.864757281987231 ], [ -106.574151709888369, 31.864751899931989 ], [ -106.574158886616502, 31.864745430013205 ], [ -106.574164729979231, 31.864738046667625 ], [ -106.574169081557528, 31.864729948077219 ], [ -106.574171825502489, 31.864721352062048 ], [ -106.574172887005957, 31.86471248892736 ], [ -106.574163041057886, 31.86441248684952 ], [ -106.573762174300342, 31.864431189974809 ], [ -106.573764385912142, 31.864575591082858 ], [ -106.573762979130464, 31.864769762086311 ] ] ] } },
{ "type": "Feature", "properties": { "district": 1, "zonelabel": "C-4", "state_cd_clean": null, "use_desc": "Unknown", "targetlotarea": 28775, "existing_units": 0, "footprint_sqft": 0.0, "interior_sqft": 0.0, "coverage_pct": 0.0, "in_corridor": false, "in_historic": false, "context_type": "Suburban" }, "geometry": { "type": "Polygon", "coordinates": [ [ [ -106.585983228844654, 31.863889062421681 ], [ -106.586213577547255, 31.8643625868127 ], [ -106.586292651189524, 31.864341644534221 ], [ -106.586730101957855, 31.864204059210227 ], [ -106.586533613145292, 31.863803889150546 ], [ -106.58636411999251, 31.863854525997812 ], [ -106.586192552308304, 31.86389978660759 ], [ -106.586165630628898, 31.863829214271874 ], [ -106.585983228844654, 31.863889062421681 ] ] ] } },
{ "type": "Feature", "properties": { "district": 1, "zonelabel": "C-1", "state_cd_clean": null, "use_desc": "Unknown", "targetlotarea": 37444, "existing_units": 0, "footprint_sqft": 0.0, "interior_sqft": 0.0, "coverage_pct": 0.0, "in_corridor": false, "in_historic": false, "context_type": "Suburban" }, "geometry": { "type": "Polygon", "coordinates": [ [ [ -106.576120494936063, 31.865099114906997 ], [ -106.576888274564126, 31.8650980816386 ], [ -106.576753845827426, 31.864529398575215 ], [ -106.576622122350358, 31.864552077191036 ], [ -106.576646854876984, 31.864656705387599 ], [ -106.576122488287368, 31.864657410641797 ], [ -106.576120494936063, 31.865099114906997 ] ] ] } },
{ "type": "Feature", "properties": { "district": 1, "zonelabel": "C-1", "state_cd_clean": null, "use_desc": "Unknown", "targetlotarea": 10938, "existing_units": 0, "footprint_sqft": 0.0, "interior_sqft": 0.0, "coverage_pct": 0.0, "in_corridor": false, "in_historic": false, "context_type": "Suburban" }, "geometry": { "type": "Polygon", "coordinates": [ [ [ -106.57551863675566, 31.865499245474634 ], [ -106.575522548303454, 31.865499240418671 ], [ -106.575522017703207, 31.865210613708108 ], [ -106.575183828534023, 31.86521106558757 ], [ -106.57518425728793, 31.865444723482302 ], [ -106.575185065580698, 31.865453321761766 ], [ -106.575187439981121, 31.865461705864647 ], [ -106.575191322427173, 31.865469669016552 ], [ -106.575196616529638, 31.86547701711952 ], [ -106.575203192729589, 31.865483566698227 ], [ -106.575210889186764, 31.865489158406351 ], [ -106.575219514767284, 31.865493654173729 ], [ -106.575228858894988, 31.86549694215374 ], [ -106.57523868979672, 31.8654989422268 ], [ -106.57524876716343, 31.86549960539358 ], [ -106.57551863675566, 31.865499245474634 ] ] ] } },
{ "type": "Feature", "properties": { "district": 1, "zonelabel": "C-1", "state_cd_clean": null, "use_desc": "Unknown", "targetlotarea": 251703, "existing_units": 0, "footprint_sqft": 0.0, "interior_sqft": 0.0, "coverage_pct": 0.0, "in_corridor": false, "in_historic": false, "context_type": "Suburban" }, "geometry": { "type": "Polygon", "coordinates": [ [ [ -106.575522548303454, 31.865499240418671 ], [ -106.576118693426437, 31.865498440391324 ], [ -106.576120494936063, 31.865099114906997 ], [ -106.576122488287368, 31.864657410641797 ], [ -106.576646854876984, 31.864656705387599 ], [ -106.576622122350358, 31.864552077191036 ], [ -106.576753845827426, 31.864529398575215 ], [ -106.576742864421249, 31.864482944413655 ], [ -106.576328898205347, 31.864029670966836 ], [ -106.576087410747149, 31.864239284867363 ], [ -106.575819394664023, 31.864233951603854 ], [ -106.574770822935378, 31.864213082131013 ], [ -106.574771624152262, 31.864194732718627 ], [ -106.574550991798802, 31.864195271211891 ], [ -106.574551589890447, 31.86406321849627 ], [ -106.574336273088008, 31.864062518197752 ], [ -106.574341751907525, 31.864106980799487 ], [ -106.574341822279493, 31.864112649935564 ], [ -106.574348783427482, 31.864677989116029 ], [ -106.574336965628405, 31.865163591937723 ], [ -106.574336754913602, 31.865210263822487 ], [ -106.57455597024277, 31.865211590320552 ], [ -106.574753639315631, 31.865211480609098 ], [ -106.574987019371477, 31.865211328030473 ], [ -106.575183828534023, 31.86521106558757 ], [ -106.575522017703207, 31.865210613708108 ], [ -106.575522548303454, 31.865499240418671 ] ] ] } },
{ "type": "Feature", "properties": { "district": 1, "zonelabel": "C-1", "state_cd_clean": null, "use_desc": "Unknown", "targetlotarea": 36797, "existing_units": 0, "footprint_sqft": 0.0, "interior_sqft": 0.0, "coverage_pct": 0.0, "in_corridor": false, "in_historic": false, "context_type": "Suburban" }, "geometry": { "type": "Polygon", "coordinates": [ [ [ -106.576118693426437, 31.865498440391324 ], [ -106.576982640211739, 31.865497278093709 ], [ -106.576888274564126, 31.8650980816386 ], [ -106.576120494936063, 31.865099114906997 ], [ -106.576118693426437, 31.865498440391324 ] ] ] } },
{ "type": "Feature", "properties": { "district": 1, "zonelabel": "C-3", "state_cd_clean": null, "use_desc": "Unknown", "targetlotarea": 379276, "existing_units": 0, "footprint_sqft": 0.0, "interior_sqft": 0.0, "coverage_pct": 0.0, "in_corridor": false, "in_historic": false, "context_type": "Suburban" }, "geometry": { "type": "Polygon", "coordinates": [ [ [ -106.575857039113743, 31.867690623175935 ], [ -106.575946348566859, 31.86811761454808 ], [ -106.576033103940077, 31.868102217869101 ], [ -106.576242392552672, 31.868040740417143 ], [ -106.57644883529386, 31.867972614634024 ], [ -106.576652140976776, 31.867897935786171 ], [ -106.576852026514544, 31.867816809592522 ], [ -106.577473363629721, 31.867574482282876 ], [ -106.576982640211739, 31.865497278093709 ], [ -106.576118693426437, 31.865498440391324 ], [ -106.575522548303454, 31.865499240418671 ], [ -106.57551863675566, 31.865499245474634 ], [ -106.57551884985898, 31.865608290146866 ], [ -106.575857051051699, 31.865607837792812 ], [ -106.575857039113743, 31.867690623175935 ] ] ] } },
{ "type": "Feature", "properties": { "district": 1, "zonelabel": "C-3", "state_cd_clean": null, "use_desc": "Unknown", "targetlotarea": 112980, "existing_units": 0, "footprint_sqft": 0.0, "interior_sqft": 0.0, "coverage_pct": 0.0, "in_corridor": false, "in_historic": false, "context_type": "Suburban" }, "geometry": { "type": "Polygon", "coordinates": [ [ [ -106.576121019345962, 31.868241593273812 ], [ -106.57625975844698, 31.868790981726796 ], [ -106.577704913734692, 31.868525186843875 ], [ -106.577506553923257, 31.867728752845618 ], [ -106.576398735450482, 31.86816383159811 ], [ -106.576255128630521, 31.868206504919954 ], [ -106.576121019345962, 31.868241593273812 ] ] ] } },
{ "type": "Feature", "properties": { "district": 1, "zonelabel": "C-3", "state_cd_clean": null, "use_desc": "Unknown", "targetlotarea": 141577, "existing_units": 0, "footprint_sqft": 0.0, "interior_sqft": 0.0, "coverage_pct": 0.0, "in_corridor": false, "in_historic": false, "context_type": "Suburban" }, "geometry": { "type": "Polygon", "coordinates": [ [ [ -106.576437043888149, 31.869493093997484 ], [ -106.576470919090497, 31.86962725224047 ], [ -106.577862648848622, 31.869371283590318 ], [ -106.577820097655106, 31.868987653271418 ], [ -106.577704913734692, 31.868525186843875 ], [ -106.57625975844698, 31.868790981726796 ], [ -106.576272497393845, 31.868841427126597 ], [ -106.576291399083786, 31.868916285873269 ], [ -106.576345581486052, 31.869130869180783 ], [ -106.576376068836339, 31.869251610199349 ], [ -106.576406556323477, 31.869372352105085 ], [ -106.576437043888149, 31.869493093997484 ] ] ] } },
{ "type": "Feature", "properties": { "district": 1, "zonelabel": "C-3", "state_cd_clean": null, "use_desc": "Unknown", "targetlotarea": 42171, "existing_units": 0, "footprint_sqft": 0.0, "interior_sqft": 0.0, "coverage_pct": 0.0, "in_corridor": false, "in_historic": false, "context_type": "Suburban" }, "geometry": { "type": "Polygon", "coordinates": [ [ [ -106.589318301093002, 31.869045037839115 ], [ -106.589617437517703, 31.869820851735472 ], [ -106.59006610653779, 31.869697089472279 ], [ -106.589844713537971, 31.869122908749894 ], [ -106.58975834186495, 31.869084701565662 ], [ -106.58970090593499, 31.868935738742007 ], [ -106.589318301093002, 31.869045037839115 ] ] ] } },
{ "type": "Feature", "properties": { "district": 1, "zonelabel": "R-3", "state_cd_clean": null, "use_desc": "Unknown", "targetlotarea": 23767, "existing_units": 0, "footprint_sqft": 0.0, "interior_sqft": 0.0, "coverage_pct": 0.0, "in_corridor": false, "in_historic": false, "context_type": "Suburban" }, "geometry": { "type": "Polygon", "coordinates": [ [ [ -106.589073942304395, 31.869114844164386 ], [ -106.589371590665195, 31.869888666031819 ], [ -106.589617437517703, 31.869820851735472 ], [ -106.589318301093002, 31.869045037839115 ], [ -106.589300067761329, 31.869050246817078 ], [ -106.589226854865984, 31.869071161169092 ], [ -106.589073942304395, 31.869114844164386 ] ] ] } },
{ "type": "Feature", "properties": { "district": 1, "zonelabel": "C-3", "state_cd_clean": null, "use_desc": "Unknown", "targetlotarea": 508781, "existing_units": 0, "footprint_sqft": 0.0, "interior_sqft": 0.0, "coverage_pct": 0.0, "in_corridor": false, "in_historic": false, "context_type": "Suburban" }, "geometry": { "type": "Polygon", "coordinates": [ [ [ -106.574588248830253, 31.870827485081357 ], [ -106.576771532107784, 31.870817773404376 ], [ -106.576692032265669, 31.870502931467843 ], [ -106.576639653774947, 31.870295498819683 ], [ -106.576601000147861, 31.870142416915954 ], [ -106.576570512166114, 31.870021675094989 ], [ -106.576540024261917, 31.869900933260677 ], [ -106.576506148923542, 31.869766775951604 ], [ -106.576470919090497, 31.86962725224047 ], [ -106.576437043888149, 31.869493093997484 ], [ -106.576406556323477, 31.869372352105085 ], [ -106.576376068836339, 31.869251610199349 ], [ -106.576345581486052, 31.869130869180783 ], [ -106.576291399083786, 31.868916285873269 ], [ -106.576272497393845, 31.868841427126597 ], [ -106.575921338016073, 31.868705727075781 ], [ -106.575793851467836, 31.868706354144546 ], [ -106.575799852966711, 31.868659034346546 ], [ -106.575754750149969, 31.868309476992195 ], [ -106.575608999703263, 31.868326505680866 ], [ -106.575462538472124, 31.868338284178556 ], [ -106.575315625623219, 31.868344793737762 ], [ -106.57516852278934, 31.868346020913641 ], [ -106.575020006695127, 31.868340120261287 ], [ -106.574871810370041, 31.868329927156278 ], [ -106.574724105010688, 31.868315453266717 ], [ -106.574577058007918, 31.8682967167668 ], [ -106.574574018426119, 31.868469897174442 ], [ -106.574573693141573, 31.868488435101408 ], [ -106.574574163968549, 31.868601926648733 ], [ -106.574574369756121, 31.868651757095119 ], [ -106.574574469809903, 31.868675728543 ], [ -106.574575024641973, 31.868865875174592 ], [ -106.574575026227521, 31.868866044008968 ], [ -106.574575082222495, 31.868874469682154 ], [ -106.574575968030246, 31.869006022860315 ], [ -106.574576298043397, 31.869054958532374 ], [ -106.574576355115411, 31.869063497061308 ], [ -106.574576799818047, 31.869129534151558 ], [ -106.574577546723845, 31.86924051400808 ], [ -106.574577612890366, 31.869250300411181 ], [ -106.574577631608022, 31.869253045436356 ], [ -106.574578463400158, 31.869376556714712 ], [ -106.57457890681647, 31.869442429464048 ], [ -106.574578913577966, 31.86944352931534 ], [ -106.574579295194511, 31.869500067986699 ], [ -106.574580126931721, 31.869623578351721 ], [ -106.574580153876681, 31.869627670651724 ], [ -106.574580200688544, 31.869634557600929 ], [ -106.574580495597516, 31.869678472796227 ], [ -106.57458075518133, 31.869716897840345 ], [ -106.574581280930545, 31.869795005857501 ], [ -106.574581327397112, 31.869801984052433 ], [ -106.574582159139595, 31.869925494401727 ], [ -106.574582290646404, 31.86994497420574 ], [ -106.574582493580678, 31.869975124452665 ], [ -106.574582510144992, 31.869977643764312 ], [ -106.574582990943526, 31.870049005645026 ], [ -106.574583387436732, 31.87010790923647 ], [ -106.574583596294929, 31.870138969687122 ], [ -106.574583619198847, 31.870142325116845 ], [ -106.574583822749645, 31.870172516881858 ], [ -106.574584654557924, 31.870296028112314 ], [ -106.574584716680221, 31.870305318813234 ], [ -106.574584728256525, 31.870307006457988 ], [ -106.574585668801376, 31.870446660110904 ], [ -106.574586631754457, 31.870589709855469 ], [ -106.574586653002143, 31.870592879291703 ], [ -106.574588248830253, 31.870827485081357 ] ] ] } },
{ "type": "Feature", "properties": { "district": 1, "zonelabel": "R-3", "state_cd_clean": null, "use_desc": "Unknown", "targetlotarea": 83782, "existing_units": 0, "footprint_sqft": 0.0, "interior_sqft": 0.0, "coverage_pct": 0.0, "in_corridor": false, "in_historic": false, "context_type": "Suburban" }, "geometry": { "type": "Polygon", "coordinates": [ [ [ -106.589960701421759, 31.871387264658892 ], [ -106.590079613114312, 31.871713567155297 ], [ -106.59115570106367, 31.87140999198829 ], [ -106.591022707436622, 31.871070621011192 ], [ -106.590916522065982, 31.870786466643686 ], [ -106.589839274682376, 31.871088494427553 ], [ -106.589960701421759, 31.871387264658892 ] ] ] } },
{ "type": "Feature", "properties": { "district": 1, "zonelabel": "R-3", "state_cd_clean": null, "use_desc": "Unknown", "targetlotarea": 15063, "existing_units": 0, "footprint_sqft": 0.0, "interior_sqft": 0.0, "coverage_pct": 0.0, "in_corridor": false, "in_historic": false, "context_type": "Suburban" }, "geometry": { "type": "Polygon", "coordinates": [ [ [ -106.582358864696687, 31.874669925662602 ], [ -106.582351111610635, 31.875233212639532 ], [ -106.582557696455765, 31.875097337953328 ], [ -106.582615177283287, 31.875000710400279 ], [ -106.582620856754787, 31.874587962573191 ], [ -106.582358864696687, 31.874669925662602 ] ] ] } },
{ "type": "Feature", "properties": { "district": 1, "zonelabel": "R-3", "state_cd_clean": null, "use_desc": "Unknown", "targetlotarea": 143563, "existing_units": 0, "footprint_sqft": 0.0, "interior_sqft": 0.0, "coverage_pct": 0.0, "in_corridor": false, "in_historic": false, "context_type": "Suburban" }, "geometry": { "type": "Polygon", "coordinates": [ [ [ -106.582789995403175, 31.875176317081021 ], [ -106.582893399166451, 31.875233414464933 ], [ -106.582972963498435, 31.875194603594917 ], [ -106.58314715127193, 31.875109638035845 ], [ -106.583324429793748, 31.875023165376863 ], [ -106.583508642585528, 31.874933307509362 ], [ -106.583597208939906, 31.874956691208261 ], [ -106.583945948229129, 31.875048763623909 ], [ -106.583945983821735, 31.875048773657941 ], [ -106.583946027974505, 31.875048785087646 ], [ -106.583946072127233, 31.87504879651739 ], [ -106.584086920661122, 31.875085982481803 ], [ -106.58414492722261, 31.875101296 ], [ -106.584137964916536, 31.874016755927663 ], [ -106.582517787799887, 31.874498298855372 ], [ -106.582518697083472, 31.874588391184272 ], [ -106.582621268333085, 31.874558116993107 ], [ -106.582620856754787, 31.874587962573191 ], [ -106.582615177283287, 31.875000710400279 ], [ -106.582613305059411, 31.875136790460054 ], [ -106.5826131568449, 31.875147599722862 ], [ -106.582611851102442, 31.87514845816024 ], [ -106.582609517554744, 31.875167193668261 ], [ -106.582663534429656, 31.875106488989687 ], [ -106.582789995403175, 31.875176317081021 ] ] ] } },
{ "type": "Feature", "properties": { "district": 1, "zonelabel": "C-4", "state_cd_clean": null, "use_desc": "Unknown", "targetlotarea": 24871, "existing_units": 0, "footprint_sqft": 0.0, "interior_sqft": 0.0, "coverage_pct": 0.0, "in_corridor": false, "in_historic": false, "context_type": "Suburban" }, "geometry": { "type": "Polygon", "coordinates": [ [ [ -106.59214587222985, 31.875343491762958 ], [ -106.592365523591695, 31.875705689744951 ], [ -106.592418453221711, 31.875788997925493 ], [ -106.592453540120246, 31.875849274907402 ], [ -106.592768655020592, 31.875753348571894 ], [ -106.592719996410551, 31.875624340239323 ], [ -106.592590952048553, 31.875282209479209 ], [ -106.592122953669772, 31.875278085524872 ], [ -106.592117051162973, 31.875278034998907 ], [ -106.59214587222985, 31.875343491762958 ] ] ] } },
{ "type": "Feature", "properties": { "district": 1, "zonelabel": "C-4", "state_cd_clean": null, "use_desc": "Unknown", "targetlotarea": 16623, "existing_units": 0, "footprint_sqft": 0.0, "interior_sqft": 0.0, "coverage_pct": 0.0, "in_corridor": false, "in_historic": false, "context_type": "Suburban" }, "geometry": { "type": "Polygon", "coordinates": [ [ [ -106.59237862040969, 31.875872081132485 ], [ -106.592529344370277, 31.876214383098198 ], [ -106.592899163799757, 31.876099363273678 ], [ -106.592862109256032, 31.876001122613637 ], [ -106.592768655020592, 31.875753348571894 ], [ -106.59237862040969, 31.875872081132485 ] ] ] } },
{ "type": "Feature", "properties": { "district": 1, "zonelabel": "C-4", "state_cd_clean": null, "use_desc": "Unknown", "targetlotarea": 26042, "existing_units": 0, "footprint_sqft": 0.0, "interior_sqft": 0.0, "coverage_pct": 0.0, "in_corridor": false, "in_historic": false, "context_type": "Suburban" }, "geometry": { "type": "Polygon", "coordinates": [ [ [ -106.592529344370277, 31.876214383098198 ], [ -106.592570037666007, 31.876306798986271 ], [ -106.59263725886666, 31.876285643535173 ], [ -106.592885660544198, 31.876877154720162 ], [ -106.593162396277691, 31.876797256413255 ], [ -106.593124635470915, 31.876697144784448 ], [ -106.592899163799757, 31.876099363273678 ], [ -106.592529344370277, 31.876214383098198 ] ] ] } },
{ "type": "Feature", "properties": { "district": 1, "zonelabel": "C-3", "state_cd_clean": null, "use_desc": "Unknown", "targetlotarea": 143874, "existing_units": 0, "footprint_sqft": 0.0, "interior_sqft": 0.0, "coverage_pct": 0.0, "in_corridor": false, "in_historic": false, "context_type": "Suburban" }, "geometry": { "type": "Polygon", "coordinates": [ [ [ -106.548123806379394, 31.879439145544207 ], [ -106.548137529090909, 31.879439059730196 ], [ -106.548124269327147, 31.878174089979527 ], [ -106.547942922726904, 31.878175473741972 ], [ -106.547777672611986, 31.878176734066386 ], [ -106.54761242149641, 31.878177995132127 ], [ -106.54744717137271, 31.878179255037601 ], [ -106.547281920248352, 31.878180515684377 ], [ -106.547116669119674, 31.878181776121743 ], [ -106.547129892601873, 31.879445379544421 ], [ -106.548123806379394, 31.879439145544207 ] ] ] } },
{ "type": "Feature", "properties": { "district": 1, "zonelabel": "C-4", "state_cd_clean": null, "use_desc": "Unknown", "targetlotarea": 2665, "existing_units": 0, "footprint_sqft": 0.0, "interior_sqft": 0.0, "coverage_pct": 0.0, "in_corridor": false, "in_historic": false, "context_type": "Suburban" }, "geometry": { "type": "Polygon", "coordinates": [ [ [ -106.570184252511908, 31.878472448695444 ], [ -106.570332862958907, 31.878665608272019 ], [ -106.570339309275084, 31.878356338184016 ], [ -106.570184252511908, 31.878472448695444 ] ] ] } },
{ "type": "Feature", "properties": { "district": 1, "zonelabel": "C-4", "state_cd_clean": null, "use_desc": "Unknown", "targetlotarea": 18064, "existing_units": 0, "footprint_sqft": 0.0, "interior_sqft": 0.0, "coverage_pct": 0.0, "in_corridor": false, "in_historic": false, "context_type": "Suburban" }, "geometry": { "type": "Polygon", "coordinates": [ [ [ -106.593789356122514, 31.876269760100943 ], [ -106.594338130400615, 31.877680761607476 ], [ -106.594350778974103, 31.876995035949431 ], [ -106.59425796344, 31.876918980802603 ], [ -106.594170984239099, 31.876838058198889 ], [ -106.594090191012, 31.876752593679331 ], [ -106.594015908144712, 31.876662931161157 ], [ -106.593948435705343, 31.876569431085922 ], [ -106.593888043112855, 31.876472470723524 ], [ -106.593834975052502, 31.876372437564982 ], [ -106.593789444505802, 31.876269735980081 ], [ -106.593789356122514, 31.876269760100943 ] ] ] } },
{ "type": "Feature", "properties": { "district": 1, "zonelabel": "C-4", "state_cd_clean": null, "use_desc": "Unknown", "targetlotarea": 20433, "existing_units": 0, "footprint_sqft": 0.0, "interior_sqft": 0.0, "coverage_pct": 0.0, "in_corridor": false, "in_historic": false, "context_type": "Suburban" }, "geometry": { "type": "Polygon", "coordinates": [ [ [ -106.596202878541931, 31.877480339621687 ], [ -106.596298599147332, 31.877761894153664 ], [ -106.596417869966302, 31.877709055219583 ], [ -106.596539767605137, 31.877660777808728 ], [ -106.596664052860731, 31.877617158326803 ], [ -106.596790481537866, 31.877578281677746 ], [ -106.596918804627109, 31.877544223965216 ], [ -106.597048770415299, 31.877515052391328 ], [ -106.597199057969064, 31.877488616565739 ], [ -106.597350583763657, 31.87746796245716 ], [ -106.597503043542574, 31.877453130892864 ], [ -106.598232325247267, 31.877454991030824 ], [ -106.598228412503673, 31.877443642678163 ], [ -106.596187703036392, 31.87743842783761 ], [ -106.596188763843784, 31.877441475039891 ], [ -106.596202878541931, 31.877480339621687 ] ] ] } },
{ "type": "Feature", "properties": { "district": 1, "zonelabel": "C-4", "state_cd_clean": null, "use_desc": "Unknown", "targetlotarea": 86951, "existing_units": 0, "footprint_sqft": 0.0, "interior_sqft": 0.0, "coverage_pct": 0.0, "in_corridor": false, "in_historic": false, "context_type": "Suburban" }, "geometry": { "type": "Polygon", "coordinates": [ [ [ -106.592248268405783, 31.877544526407846 ], [ -106.592287373775392, 31.877631772478875 ], [ -106.592411906091542, 31.877920638520362 ], [ -106.592512216494541, 31.878153318289126 ], [ -106.592521969794603, 31.87817594157962 ], [ -106.59252231501344, 31.878175847306228 ], [ -106.592530264186891, 31.878173673158472 ], [ -106.593052703004744, 31.878030774834095 ], [ -106.593585075078479, 31.877881721584693 ], [ -106.593551001840041, 31.877794267370014 ], [ -106.593522017538177, 31.877719982968536 ], [ -106.593481099795255, 31.877615115741367 ], [ -106.593477334726131, 31.877605466450884 ], [ -106.593330326211344, 31.877228696094239 ], [ -106.592248268405783, 31.877544526407846 ] ] ] } },
{ "type": "Feature", "properties": { "district": 1, "zonelabel": "C-2", "state_cd_clean": null, "use_desc": "Unknown", "targetlotarea": 129324, "existing_units": 0, "footprint_sqft": 0.0, "interior_sqft": 0.0, "coverage_pct": 0.0, "in_corridor": false, "in_historic": false, "context_type": "Suburban" }, "geometry": { "type": "Polygon", "coordinates": [ [ [ -106.581570193819829, 31.878698958733381 ], [ -106.582457505976365, 31.878700062826649 ], [ -106.582419599813591, 31.878544930626173 ], [ -106.582386725702065, 31.878410383505098 ], [ -106.58235384951395, 31.878275835568864 ], [ -106.582320975588843, 31.878141288415872 ], [ -106.582288099646505, 31.878006741348102 ], [ -106.582255222742134, 31.877872194315 ], [ -106.582222350092465, 31.877737646162981 ], [ -106.582189473433829, 31.877603099998364 ], [ -106.582151561315484, 31.877447928231916 ], [ -106.582023117802024, 31.877441365278962 ], [ -106.581896090149812, 31.87742393574198 ], [ -106.581803174430021, 31.877411602291119 ], [ -106.58170941892557, 31.877405447650879 ], [ -106.581615385040635, 31.87740550991764 ], [ -106.581521641124823, 31.877411788015799 ], [ -106.581428747819103, 31.877424244207372 ], [ -106.581337264388083, 31.877442803788082 ], [ -106.581247741274382, 31.877467354541459 ], [ -106.581435724864832, 31.878193654597606 ], [ -106.581570193819829, 31.878698958733381 ] ] ] } },
{ "type": "Feature", "properties": { "district": 1, "zonelabel": "C-1", "state_cd_clean": null, "use_desc": "Unknown", "targetlotarea": 4582, "existing_units": 0, "footprint_sqft": 0.0, "interior_sqft": 0.0, "coverage_pct": 0.0, "in_corridor": false, "in_historic": false, "context_type": "Suburban" }, "geometry": { "type": "Polygon", "coordinates": [ [ [ -106.568972938922258, 31.87936657812503 ], [ -106.569408299225685, 31.879409357238615 ], [ -106.569292512480132, 31.879268351652954 ], [ -106.569282550652403, 31.879257313934183 ], [ -106.569270496013843, 31.879247917383704 ], [ -106.569256716511291, 31.879240445167326 ], [ -106.569241626193488, 31.879235124950931 ], [ -106.569225684441292, 31.879232117195457 ], [ -106.569209372515843, 31.879231512666575 ], [ -106.56919318599418, 31.879233330087565 ], [ -106.569177612432156, 31.879237514498701 ], [ -106.569163125151462, 31.879243939361498 ], [ -106.568972938922258, 31.87936657812503 ] ] ] } },
{ "type": "Feature", "properties": { "district": 1, "zonelabel": "C-4", "state_cd_clean": null, "use_desc": "Unknown", "targetlotarea": 50571, "existing_units": 0, "footprint_sqft": 0.0, "interior_sqft": 0.0, "coverage_pct": 0.0, "in_corridor": false, "in_historic": false, "context_type": "Suburban" }, "geometry": { "type": "Polygon", "coordinates": [ [ [ -106.573746894234631, 31.8791982690027 ], [ -106.573769141582957, 31.879254236575708 ], [ -106.574848475555569, 31.87891391245001 ], [ -106.574769280198794, 31.87873160204737 ], [ -106.574695275906009, 31.878547709598955 ], [ -106.573621173841218, 31.878881985765283 ], [ -106.573746894234631, 31.8791982690027 ] ] ] } },
{ "type": "Feature", "properties": { "district": 1, "zonelabel": "C-1", "state_cd_clean": null, "use_desc": "Unknown", "targetlotarea": 9452, "existing_units": 0, "footprint_sqft": 0.0, "interior_sqft": 0.0, "coverage_pct": 0.0, "in_corridor": false, "in_historic": false, "context_type": "Suburban" }, "geometry": { "type": "Polygon", "coordinates": [ [ [ -106.568856858143775, 31.879521624373368 ], [ -106.569504242078096, 31.879526196979057 ], [ -106.569408299225685, 31.879409357238615 ], [ -106.568972938922258, 31.87936657812503 ], [ -106.568882062943644, 31.8794251771909 ], [ -106.56882752865387, 31.879460343516818 ], [ -106.568724681608487, 31.879520574255221 ], [ -106.568856858143775, 31.879521624373368 ] ] ] } },
{ "type": "Feature", "properties": { "district": 1, "zonelabel": "C-4", "state_cd_clean": null, "use_desc": "Unknown", "targetlotarea": 531091, "existing_units": 0, "footprint_sqft": 0.0, "interior_sqft": 0.0, "coverage_pct": 0.0, "in_corridor": false, "in_historic": false, "context_type": "Suburban" }, "geometry": { "type": "Polygon", "coordinates": [ [ [ -106.572177255898652, 31.876987316793421 ], [ -106.573184476431365, 31.879361040922735 ], [ -106.573746894234631, 31.8791982690027 ], [ -106.573621173841218, 31.878881985765283 ], [ -106.574695275906009, 31.878547709598955 ], [ -106.574579695775839, 31.878224761901208 ], [ -106.57451274120865, 31.878018966141454 ], [ -106.57441889870141, 31.87764931669064 ], [ -106.574331960422484, 31.877278440239046 ], [ -106.574100385653026, 31.876292477092466 ], [ -106.574099919200307, 31.876279889018932 ], [ -106.574097116495693, 31.876267524908464 ], [ -106.57409204781618, 31.876255696631208 ], [ -106.574084843111081, 31.876244705971505 ], [ -106.574075682611976, 31.876234830625698 ], [ -106.574064800934892, 31.876226322198995 ], [ -106.574052474821471, 31.876219396857341 ], [ -106.57403901533749, 31.876214229378217 ], [ -106.574024764648087, 31.87621095240214 ], [ -106.57401008592862, 31.876209647883496 ], [ -106.573995349706294, 31.876210348648513 ], [ -106.573628521553985, 31.876290586333177 ], [ -106.573273831427244, 31.876403790253562 ], [ -106.572905740661682, 31.876549844591381 ], [ -106.572562472387716, 31.876734749194107 ], [ -106.572177255898652, 31.876987316793421 ] ] ] } },
{ "type": "Feature", "properties": { "district": 1, "zonelabel": "C-4", "state_cd_clean": null, "use_desc": "Unknown", "targetlotarea": 58283, "existing_units": 0, "footprint_sqft": 0.0, "interior_sqft": 0.0, "coverage_pct": 0.0, "in_corridor": false, "in_historic": false, "context_type": "Suburban" }, "geometry": { "type": "Polygon", "coordinates": [ [ [ -106.570024413496753, 31.879529868243715 ], [ -106.570314982258893, 31.87952347330187 ], [ -106.570332862958907, 31.878665608272019 ], [ -106.570184252511908, 31.878472448695444 ], [ -106.569618208807185, 31.878893748573894 ], [ -106.569604657160724, 31.878904177991874 ], [ -106.569593352358012, 31.878916402979698 ], [ -106.569584616612588, 31.878930075709313 ], [ -106.569578698417601, 31.878944805816925 ], [ -106.56957576616611, 31.878960176063313 ], [ -106.569575903229918, 31.878975747989333 ], [ -106.569579105859603, 31.878991078274915 ], [ -106.569585282958116, 31.879005731395747 ], [ -106.569594258901873, 31.87901929032677 ], [ -106.569605777535074, 31.87903136899719 ], [ -106.569946608945799, 31.879420826091941 ], [ -106.570024413496753, 31.879529868243715 ] ] ] } },
{ "type": "Feature", "properties": { "district": 1, "zonelabel": "C-4", "state_cd_clean": null, "use_desc": "Unknown", "targetlotarea": 32275, "existing_units": 0, "footprint_sqft": 0.0, "interior_sqft": 0.0, "coverage_pct": 0.0, "in_corridor": false, "in_historic": false, "context_type": "Suburban" }, "geometry": { "type": "Polygon", "coordinates": [ [ [ -106.570314982258893, 31.87952347330187 ], [ -106.570981598615717, 31.879508798519971 ], [ -106.570332862958907, 31.878665608272019 ], [ -106.570314982258893, 31.87952347330187 ] ] ] } },
{ "type": "Feature", "properties": { "district": 1, "zonelabel": "C-4", "state_cd_clean": null, "use_desc": "Unknown", "targetlotarea": 61298, "existing_units": 0, "footprint_sqft": 0.0, "interior_sqft": 0.0, "coverage_pct": 0.0, "in_corridor": false, "in_historic": false, "context_type": "Suburban" }, "geometry": { "type": "Polygon", "coordinates": [ [ [ -106.570981598615717, 31.879508798519971 ], [ -106.571323578170137, 31.879501270308783 ], [ -106.571021235718561, 31.878947061320041 ], [ -106.570676369583921, 31.878314900273896 ], [ -106.570594659881962, 31.878165121560098 ], [ -106.570339309275084, 31.878356338184016 ], [ -106.570332862958907, 31.878665608272019 ], [ -106.570981598615717, 31.879508798519971 ] ] ] } },
{ "type": "Feature", "properties": { "district": 1, "zonelabel": "C-4", "state_cd_clean": null, "use_desc": "Unknown", "targetlotarea": 3959, "existing_units": 0, "footprint_sqft": 0.0, "interior_sqft": 0.0, "coverage_pct": 0.0, "in_corridor": false, "in_historic": false, "context_type": "Suburban" }, "geometry": { "type": "Polygon", "coordinates": [ [ [ -106.573184476431365, 31.879361040922735 ], [ -106.573208062472617, 31.879416621064891 ], [ -106.573769141582957, 31.879254236575708 ], [ -106.573746894234631, 31.8791982690027 ], [ -106.573184476431365, 31.879361040922735 ] ] ] } },
{ "type": "Feature", "properties": { "district": 1, "zonelabel": "C-2", "state_cd_clean": null, "use_desc": "Unknown", "targetlotarea": 245896, "existing_units": 0, "footprint_sqft": 0.0, "interior_sqft": 0.0, "coverage_pct": 0.0, "in_corridor": false, "in_historic": false, "context_type": "Suburban" }, "geometry": { "type": "Polygon", "coordinates": [ [ [ -106.550039961817376, 31.879387317225955 ], [ -106.550843315761924, 31.880525931234011 ], [ -106.551068267640787, 31.880415119710584 ], [ -106.551305255396514, 31.88032439765059 ], [ -106.552311517175866, 31.879990578881785 ], [ -106.552637421923052, 31.879905961256618 ], [ -106.552973169724709, 31.879856784117081 ], [ -106.553313488163468, 31.879843820395664 ], [ -106.553315069356643, 31.879683652807469 ], [ -106.553316466498103, 31.87954209372894 ], [ -106.553317760760024, 31.879410907966186 ], [ -106.553140169453584, 31.879409631941087 ], [ -106.552964156139367, 31.879408367024396 ], [ -106.55278814282984, 31.879407101870029 ], [ -106.552612129525002, 31.879405836478032 ], [ -106.552436118335379, 31.87940457074761 ], [ -106.552195678709509, 31.879402841559557 ], [ -106.552019667530971, 31.879401575266893 ], [ -106.551843654246639, 31.879400308837337 ], [ -106.551667640966997, 31.879399042170157 ], [ -106.551491627692045, 31.879397775265339 ], [ -106.55131561442181, 31.879396508122863 ], [ -106.551139601156251, 31.879395240742795 ], [ -106.550963590005878, 31.879393973024275 ], [ -106.550787578860252, 31.879392705068163 ], [ -106.550611565608818, 31.879391436975109 ], [ -106.550435552362075, 31.879390168644445 ], [ -106.550259541230488, 31.879388899975375 ], [ -106.550083527993181, 31.879387631169468 ], [ -106.550039961817376, 31.879387317225955 ] ] ] } },
{ "type": "Feature", "properties": { "district": 1, "zonelabel": "C-4", "state_cd_clean": null, "use_desc": "Unknown", "targetlotarea": 436557, "existing_units": 0, "footprint_sqft": 0.0, "interior_sqft": 0.0, "coverage_pct": 0.0, "in_corridor": false, "in_historic": false, "context_type": "Suburban" }, "geometry": { "type": "Polygon", "coordinates": [ [ [ -106.571323578170137, 31.879501270308783 ], [ -106.573226200077116, 31.879459364094714 ], [ -106.573208062472617, 31.879416621064891 ], [ -106.573184476431365, 31.879361040922735 ], [ -106.572177255898652, 31.876987316793421 ], [ -106.572098584444561, 31.877038897049953 ], [ -106.570594659881962, 31.878165121560098 ], [ -106.570676369583921, 31.878314900273896 ], [ -106.571021235718561, 31.878947061320041 ], [ -106.571323578170137, 31.879501270308783 ] ] ] } },
{ "type": "Feature", "properties": { "district": 1, "zonelabel": "C-3", "state_cd_clean": null, "use_desc": "Unknown", "targetlotarea": 9644, "existing_units": 0, "footprint_sqft": 0.0, "interior_sqft": 0.0, "coverage_pct": 0.0, "in_corridor": false, "in_historic": false, "context_type": "Suburban" }, "geometry": { "type": "Polygon", "coordinates": [ [ [ -106.567569404345136, 31.879497886781376 ], [ -106.567534657439083, 31.87976912258538 ], [ -106.567808978039949, 31.879661978680794 ], [ -106.568180566303496, 31.879516843700035 ], [ -106.568197516806293, 31.879510223344798 ], [ -106.567801523739533, 31.879502446420364 ], [ -106.567569404345136, 31.879497886781376 ] ] ] } },
{ "type": "Feature", "properties": { "district": 1, "zonelabel": "C-4", "state_cd_clean": null, "use_desc": "Unknown", "targetlotarea": 175131, "existing_units": 0, "footprint_sqft": 0.0, "interior_sqft": 0.0, "coverage_pct": 0.0, "in_corridor": false, "in_historic": false, "context_type": "Suburban" }, "geometry": { "type": "Polygon", "coordinates": [ [ [ -106.594628772164711, 31.878428039315455 ], [ -106.594657859374024, 31.87850282348051 ], [ -106.59544817723922, 31.878181713842697 ], [ -106.595472253318221, 31.878173557589648 ], [ -106.595634119209905, 31.878097281762503 ], [ -106.59584448909456, 31.877992491939988 ], [ -106.596186308607884, 31.877816884885913 ], [ -106.596298599147332, 31.877761894153664 ], [ -106.596202878541931, 31.877480339621687 ], [ -106.596188763843784, 31.877441475039891 ], [ -106.595703025749074, 31.877440229041589 ], [ -106.59558266128073, 31.877436869655615 ], [ -106.595462743795309, 31.877427423204878 ], [ -106.595343692633065, 31.877411923723749 ], [ -106.595225929496806, 31.877390425006439 ], [ -106.595109868018568, 31.877363002915125 ], [ -106.594995917860928, 31.877329753375907 ], [ -106.594878882956422, 31.877288661733079 ], [ -106.594765076338533, 31.877241424283209 ], [ -106.594654943097808, 31.877188224677468 ], [ -106.594548909758998, 31.877129270042563 ], [ -106.594447390612316, 31.877064790675888 ], [ -106.594350778974103, 31.876995035949431 ], [ -106.594338130400615, 31.877680761607476 ], [ -106.594627245682943, 31.878424111223357 ], [ -106.59462623968912, 31.878429027310506 ], [ -106.594628772164711, 31.878428039315455 ] ] ] } },
{ "type": "Feature", "properties": { "district": 1, "zonelabel": "C-3", "state_cd_clean": null, "use_desc": "Unknown", "targetlotarea": 222325, "existing_units": 0, "footprint_sqft": 0.0, "interior_sqft": 0.0, "coverage_pct": 0.0, "in_corridor": false, "in_historic": false, "context_type": "Suburban" }, "geometry": { "type": "Polygon", "coordinates": [ [ [ -106.57539393177727, 31.879457685173172 ], [ -106.576631750875364, 31.879446812405984 ], [ -106.576349728627306, 31.878086040426837 ], [ -106.576316089916133, 31.87790194609493 ], [ -106.57487363994845, 31.878156422633491 ], [ -106.575077776791105, 31.878702405071191 ], [ -106.57539393177727, 31.879457685173172 ] ] ] } },
{ "type": "Feature", "properties": { "district": 1, "zonelabel": "C-3", "state_cd_clean": null, "use_desc": "Unknown", "targetlotarea": 170861, "existing_units": 0, "footprint_sqft": 0.0, "interior_sqft": 0.0, "coverage_pct": 0.0, "in_corridor": false, "in_historic": false, "context_type": "Suburban" }, "geometry": { "type": "Polygon", "coordinates": [ [ [ -106.576660417344911, 31.879446755983924 ], [ -106.577560059330921, 31.87944500203761 ], [ -106.577553137886113, 31.878129096531673 ], [ -106.577526484835772, 31.878130417845842 ], [ -106.577499946908873, 31.878127925482584 ], [ -106.57747426764827, 31.878121690376144 ], [ -106.577450167809758, 31.878111887525602 ], [ -106.577428321731603, 31.878098790805119 ], [ -106.577409343260953, 31.878082768219048 ], [ -106.577393762585757, 31.878064267656939 ], [ -106.577382018314935, 31.87804380914389 ], [ -106.577374438175838, 31.878021964990836 ], [ -106.577371235078118, 31.877999348240696 ], [ -106.577372498363815, 31.877976592312898 ], [ -106.57737819379588, 31.877954334744999 ], [ -106.576349728627306, 31.878086040426837 ], [ -106.576631750875364, 31.879446812405984 ], [ -106.576660417344911, 31.879446755983924 ] ] ] } },
{ "type": "Feature", "properties": { "district": 1, "zonelabel": "C-3", "state_cd_clean": null, "use_desc": "Unknown", "targetlotarea": 203933, "existing_units": 0, "footprint_sqft": 0.0, "interior_sqft": 0.0, "coverage_pct": 0.0, "in_corridor": false, "in_historic": false, "context_type": "Suburban" }, "geometry": { "type": "Polygon", "coordinates": [ [ [ -106.577560059330921, 31.87944500203761 ], [ -106.578834688532538, 31.879442496948108 ], [ -106.578829587846329, 31.878142867747655 ], [ -106.578823222831033, 31.878044623450048 ], [ -106.577690940997556, 31.87799458356643 ], [ -106.577687752028041, 31.87800870361497 ], [ -106.577683008967085, 31.87803071410648 ], [ -106.577674074819967, 31.878051755831549 ], [ -106.577661195204783, 31.878071250666938 ], [ -106.577644723527612, 31.878088665903395 ], [ -106.57762510996838, 31.878103523806811 ], [ -106.577602892991976, 31.878115417380847 ], [ -106.577578680947084, 31.87812402028187 ], [ -106.577553137886113, 31.878129096531673 ], [ -106.577560059330921, 31.87944500203761 ] ] ] } },
{ "type": "Feature", "properties": { "district": 1, "zonelabel": "C-3", "state_cd_clean": null, "use_desc": "Unknown", "targetlotarea": 745181, "existing_units": 0, "footprint_sqft": 0.0, "interior_sqft": 0.0, "coverage_pct": 0.0, "in_corridor": false, "in_historic": false, "context_type": "Suburban" }, "geometry": { "type": "Polygon", "coordinates": [ [ [ -106.578834688532538, 31.879442496948108 ], [ -106.580302653565568, 31.879438858362313 ], [ -106.580066608597406, 31.878139311720997 ], [ -106.579538103542916, 31.875744872683434 ], [ -106.579533242137231, 31.875731412380521 ], [ -106.579525740718211, 31.875718867253482 ], [ -106.579515821755365, 31.87570760961507 ], [ -106.579503780501156, 31.87569797576948 ], [ -106.57948997677434, 31.87569025376088 ], [ -106.579474822581702, 31.87568467222475 ], [ -106.57945876933708, 31.875681399194391 ], [ -106.579442294428503, 31.875680531002814 ], [ -106.579425891839975, 31.875682094539318 ], [ -106.579410047467221, 31.875686042110459 ], [ -106.578804177292653, 31.875873706207422 ], [ -106.578666959559143, 31.875922181186265 ], [ -106.578527285310102, 31.875965246751981 ], [ -106.578385448205111, 31.876002812941131 ], [ -106.578241743612963, 31.876034799645591 ], [ -106.578096475239235, 31.876061140810947 ], [ -106.577949945332563, 31.876081780389619 ], [ -106.577802462367544, 31.876096676489379 ], [ -106.577654335471834, 31.876105797123586 ], [ -106.577639050455986, 31.876109576741808 ], [ -106.577624712087712, 31.876115467054802 ], [ -106.577611718304055, 31.876123306266553 ], [ -106.57760042842591, 31.876132876623728 ], [ -106.577591155191271, 31.876143912024308 ], [ -106.577584155851113, 31.876156107476501 ], [ -106.577579625138867, 31.876169124855821 ], [ -106.577577687480968, 31.876182603214211 ], [ -106.577537281618206, 31.876987233864934 ], [ -106.577535078620201, 31.877160710754794 ], [ -106.577540456772411, 31.877334137560194 ], [ -106.577553408667313, 31.877507272563271 ], [ -106.577573917459574, 31.87767987540046 ], [ -106.577601952526109, 31.877851705464472 ], [ -106.577607319119323, 31.877864223882103 ], [ -106.577614981510152, 31.877875839155251 ], [ -106.577624740792345, 31.877886247388844 ], [ -106.577642000734443, 31.877897086328581 ], [ -106.577657140304595, 31.877910029467657 ], [ -106.57766981063655, 31.877924778296048 ], [ -106.577679718350424, 31.877940992803044 ], [ -106.577686637812903, 31.877958300825014 ], [ -106.577690407212501, 31.877976302749914 ], [ -106.577690940997556, 31.87799458356643 ], [ -106.578823222831033, 31.878044623450048 ], [ -106.578829587846329, 31.878142867747655 ], [ -106.578834688532538, 31.879442496948108 ] ] ] } },
{ "type": "Feature", "properties": { "district": 1, "zonelabel": "C-3", "state_cd_clean": null, "use_desc": "Unknown", "targetlotarea": 60633, "existing_units": 0, "footprint_sqft": 0.0, "interior_sqft": 0.0, "coverage_pct": 0.0, "in_corridor": false, "in_historic": false, "context_type": "Suburban" }, "geometry": { "type": "Polygon", "coordinates": [ [ [ -106.581818862797377, 31.879448746178458 ], [ -106.58265097536956, 31.879449846684423 ], [ -106.582594479998662, 31.879230898577607 ], [ -106.582541438934314, 31.879025345380271 ], [ -106.58249431583512, 31.878842718445537 ], [ -106.581607808121205, 31.878840300534698 ], [ -106.581769784744822, 31.879448960206247 ], [ -106.581818862797377, 31.879448746178458 ] ] ] } },
{ "type": "Feature", "properties": { "district": 1, "zonelabel": "C-4", "state_cd_clean": null, "use_desc": "Unknown", "targetlotarea": 39899, "existing_units": 0, "footprint_sqft": 0.0, "interior_sqft": 0.0, "coverage_pct": 0.0, "in_corridor": false, "in_historic": false, "context_type": "Suburban" }, "geometry": { "type": "Polygon", "coordinates": [ [ [ -106.570355206662342, 31.880011149743051 ], [ -106.570377569782551, 31.880056272246573 ], [ -106.571330913677869, 31.879514717119793 ], [ -106.571323578170137, 31.879501270308783 ], [ -106.570981598615717, 31.879508798519971 ], [ -106.570314982258893, 31.87952347330187 ], [ -106.570024413496753, 31.879529868243715 ], [ -106.570355206662342, 31.880011149743051 ] ] ] } },
{ "type": "Feature", "properties": { "district": 1, "zonelabel": "C-3", "state_cd_clean": null, "use_desc": "Unknown", "targetlotarea": 349783, "existing_units": 0, "footprint_sqft": 0.0, "interior_sqft": 0.0, "coverage_pct": 0.0, "in_corridor": false, "in_historic": false, "context_type": "Suburban" }, "geometry": { "type": "Polygon", "coordinates": [ [ [ -106.549301792315561, 31.881352336381497 ], [ -106.549310564550126, 31.881360101116897 ], [ -106.54932065316882, 31.881366598992738 ], [ -106.549331808465084, 31.881371670309822 ], [ -106.549343756475253, 31.881375189043787 ], [ -106.549356202616849, 31.881377069897415 ], [ -106.549368841067988, 31.881377266046357 ], [ -106.549381359165508, 31.881375771639103 ], [ -106.54939344924928, 31.881372624844566 ], [ -106.549404812588207, 31.881367903148607 ], [ -106.549415170929109, 31.881361721899264 ], [ -106.550843315761924, 31.880525931234011 ], [ -106.550039961817376, 31.879387317225955 ], [ -106.549907514760548, 31.879386362125842 ], [ -106.549731501532634, 31.879385092844657 ], [ -106.549555488309437, 31.879383823325824 ], [ -106.549379241054694, 31.879382552094498 ], [ -106.549203228896133, 31.879381282049657 ], [ -106.549027215687062, 31.879380011817567 ], [ -106.548851202482709, 31.87937874134786 ], [ -106.548674954132579, 31.879377468314317 ], [ -106.548482189928848, 31.879376076379394 ], [ -106.548473061984922, 31.879376010695061 ], [ -106.548552520745972, 31.880004973707315 ], [ -106.548683527320406, 31.880423316683729 ], [ -106.54888292002363, 31.880821514031773 ], [ -106.549146648197549, 31.881191471513723 ], [ -106.549301792315561, 31.881352336381497 ] ] ] } },
{ "type": "Feature", "properties": { "district": 1, "zonelabel": "C-3", "state_cd_clean": null, "use_desc": "Unknown", "targetlotarea": 9579, "existing_units": 0, "footprint_sqft": 0.0, "interior_sqft": 0.0, "coverage_pct": 0.0, "in_corridor": false, "in_historic": false, "context_type": "Suburban" }, "geometry": { "type": "Polygon", "coordinates": [ [ [ -106.550249766276195, 31.881517554808802 ], [ -106.550332982000995, 31.881452637519324 ], [ -106.55037362400337, 31.88149529527513 ], [ -106.550524004584858, 31.881377981582826 ], [ -106.550527700542105, 31.881375099011997 ], [ -106.55040606458391, 31.881260525236073 ], [ -106.550309279771582, 31.881169359592352 ], [ -106.550064480784769, 31.881323078339051 ], [ -106.550249766276195, 31.881517554808802 ] ] ] } },
{ "type": "Feature", "properties": { "district": 1, "zonelabel": "C-4", "state_cd_clean": null, "use_desc": "Unknown", "targetlotarea": 46560, "existing_units": 0, "footprint_sqft": 0.0, "interior_sqft": 0.0, "coverage_pct": 0.0, "in_corridor": false, "in_historic": false, "context_type": "Suburban" }, "geometry": { "type": "Polygon", "coordinates": [ [ [ -106.586839492455638, 31.879725587064808 ], [ -106.588362982172228, 31.879732713576868 ], [ -106.588355589343792, 31.879461666954196 ], [ -106.588293452079469, 31.879461407788835 ], [ -106.58826238183488, 31.879461277820951 ], [ -106.587736596947252, 31.879459082500237 ], [ -106.587714121513201, 31.879458988553196 ], [ -106.587712458047321, 31.879458981728412 ], [ -106.587477859513584, 31.879458001741806 ], [ -106.586832191149085, 31.879455300331831 ], [ -106.586839492455638, 31.879725587064808 ] ] ] } },
{ "type": "Feature", "properties": { "district": 1, "zonelabel": "C-4", "state_cd_clean": null, "use_desc": "Unknown", "targetlotarea": 2, "existing_units": 0, "footprint_sqft": 0.0, "interior_sqft": 0.0, "coverage_pct": 0.0, "in_corridor": false, "in_historic": false, "context_type": "Suburban" }, "geometry": { "type": "Polygon", "coordinates": [ [ [ -106.585288963816623, 31.880246584405015 ], [ -106.585290313615275, 31.88030417498517 ], [ -106.585289785005529, 31.880254912825961 ], [ -106.585288963816623, 31.880246584405015 ] ] ] } },
{ "type": "Feature", "properties": { "district": 1, "zonelabel": "C-4", "state_cd_clean": null, "use_desc": "Unknown", "targetlotarea": 172232, "existing_units": 0, "footprint_sqft": 0.0, "interior_sqft": 0.0, "coverage_pct": 0.0, "in_corridor": false, "in_historic": false, "context_type": "Suburban" }, "geometry": { "type": "Polygon", "coordinates": [ [ [ -106.586699301244636, 31.880238938633529 ], [ -106.586853336760583, 31.880238080012326 ], [ -106.586839492455638, 31.879725587064808 ], [ -106.586832191149085, 31.879455300331831 ], [ -106.586695316863612, 31.87945512358441 ], [ -106.586695271310603, 31.879455123062005 ], [ -106.586695225816982, 31.87945512343995 ], [ -106.586605314809773, 31.879455007496514 ], [ -106.586446470214113, 31.879454803321281 ], [ -106.586426202115362, 31.879454776592453 ], [ -106.586247090477173, 31.879454545391706 ], [ -106.586118880336528, 31.879454380184722 ], [ -106.586067978780406, 31.879454313044477 ], [ -106.586067933286785, 31.879454313422176 ], [ -106.585863848911629, 31.879454049553562 ], [ -106.58585085492696, 31.879454032995309 ], [ -106.585838839061864, 31.879454016445006 ], [ -106.58556298698899, 31.879453658735788 ], [ -106.585385163784949, 31.879453428626498 ], [ -106.585318941369451, 31.879453342483757 ], [ -106.585207341577629, 31.879453197323546 ], [ -106.585029518315977, 31.87945296582874 ], [ -106.584920585198276, 31.879452822479905 ], [ -106.584908015785928, 31.879452807124917 ], [ -106.584904409060258, 31.88023888458228 ], [ -106.585288099522231, 31.880237810937391 ], [ -106.585288963816623, 31.880246584405015 ], [ -106.585976850103151, 31.880242962708781 ], [ -106.586424205512799, 31.880240471177601 ], [ -106.586699301244636, 31.880238938633529 ] ] ] } },
{ "type": "Feature", "properties": { "district": 1, "zonelabel": "C-3", "state_cd_clean": null, "use_desc": "Unknown", "targetlotarea": 17203, "existing_units": 0, "footprint_sqft": 0.0, "interior_sqft": 0.0, "coverage_pct": 0.0, "in_corridor": false, "in_historic": false, "context_type": "Suburban" }, "geometry": { "type": "Polygon", "coordinates": [ [ [ -106.549814725757685, 31.881961365496796 ], [ -106.549897092375161, 31.882037166296193 ], [ -106.549982922153617, 31.88211011547881 ], [ -106.550072079552777, 31.88218009937593 ], [ -106.550216760376955, 31.882034778426913 ], [ -106.550176331131738, 31.881999307547989 ], [ -106.550220664427727, 31.88195954119178 ], [ -106.55043096274278, 31.881852563897997 ], [ -106.550520122353532, 31.881783010007776 ], [ -106.550410388056463, 31.881667831937818 ], [ -106.550321228532525, 31.881737386656802 ], [ -106.550262296343078, 31.881675531816612 ], [ -106.549814725757685, 31.881961365496796 ] ] ] } },
{ "type": "Feature", "properties": { "district": 1, "zonelabel": "G-MU", "state_cd_clean": null, "use_desc": "Unknown", "targetlotarea": 829194, "existing_units": 0, "footprint_sqft": 0.0, "interior_sqft": 0.0, "coverage_pct": 0.0, "in_corridor": false, "in_historic": false, "context_type": "Suburban" }, "geometry": { "type": "Polygon", "coordinates": [ [ [ -106.620776416493911, 31.875740537676574 ], [ -106.620780954871776, 31.878945361743881 ], [ -106.621368676053706, 31.878776215888205 ], [ -106.625318807150975, 31.878563376042329 ], [ -106.625232178568453, 31.87844555318194 ], [ -106.624990917812141, 31.87822920889786 ], [ -106.624828652524258, 31.878117113039998 ], [ -106.622782240758454, 31.876916391642283 ], [ -106.622562407340681, 31.876784247513896 ], [ -106.622433297207053, 31.876706638299336 ], [ -106.620776416493911, 31.875740537676574 ] ] ] } },
{ "type": "Feature", "properties": { "district": 1, "zonelabel": "C-3", "state_cd_clean": null, "use_desc": "Unknown", "targetlotarea": 20350, "existing_units": 0, "footprint_sqft": 0.0, "interior_sqft": 0.0, "coverage_pct": 0.0, "in_corridor": false, "in_historic": false, "context_type": "Suburban" }, "geometry": { "type": "Polygon", "coordinates": [ [ [ -106.550220664427727, 31.88195954119178 ], [ -106.550176331131738, 31.881999307547989 ], [ -106.550216760376955, 31.882034778426913 ], [ -106.550072079552777, 31.88218009937593 ], [ -106.55015114089619, 31.882237708322069 ], [ -106.550232458684846, 31.88229298390803 ], [ -106.550291292217864, 31.882330644558937 ], [ -106.550291481054231, 31.882330763805871 ], [ -106.550300392332915, 31.882336303465458 ], [ -106.550304801425455, 31.88233882351085 ], [ -106.550342175524349, 31.882361438845873 ], [ -106.550343211122566, 31.882360781524358 ], [ -106.550664555211668, 31.882156772665287 ], [ -106.550544700618801, 31.882045426171192 ], [ -106.550685173162648, 31.881956245512658 ], [ -106.550574990627709, 31.881840598505445 ], [ -106.55048583106209, 31.88191015333188 ], [ -106.55043096274278, 31.881852563897997 ], [ -106.550220664427727, 31.88195954119178 ] ] ] } },
{ "type": "Feature", "properties": { "district": 1, "zonelabel": "C-4", "state_cd_clean": null, "use_desc": "Unknown", "targetlotarea": 32960, "existing_units": 0, "footprint_sqft": 0.0, "interior_sqft": 0.0, "coverage_pct": 0.0, "in_corridor": false, "in_historic": false, "context_type": "Suburban" }, "geometry": { "type": "Polygon", "coordinates": [ [ [ -106.593243318795743, 31.879998758230876 ], [ -106.593381595905427, 31.880307496662734 ], [ -106.594066565836371, 31.879994934457933 ], [ -106.593855060409808, 31.87964952146465 ], [ -106.593311694371337, 31.879888005196246 ], [ -106.593243318795743, 31.879998758230876 ] ] ] } },
{ "type": "Feature", "properties": { "district": 1, "zonelabel": "C-3", "state_cd_clean": null, "use_desc": "Unknown", "targetlotarea": 64433, "existing_units": 0, "footprint_sqft": 0.0, "interior_sqft": 0.0, "coverage_pct": 0.0, "in_corridor": false, "in_historic": false, "context_type": "Suburban" }, "geometry": { "type": "Polygon", "coordinates": [ [ [ -106.550685173162648, 31.881956245512658 ], [ -106.550544700618801, 31.882045426171192 ], [ -106.550664555211668, 31.882156772665287 ], [ -106.550343211122566, 31.882360781524358 ], [ -106.550342175524349, 31.882361438845873 ], [ -106.550358325603696, 31.88237121151078 ], [ -106.55035823915189, 31.882371265316287 ], [ -106.550359720082284, 31.882372136709385 ], [ -106.550364280334534, 31.882374814831422 ], [ -106.550383114894586, 31.882385780797133 ], [ -106.551091716248692, 31.881941407250331 ], [ -106.551114051545056, 31.881927400068456 ], [ -106.550527700542105, 31.881375099011997 ], [ -106.550524004584858, 31.881377981582826 ], [ -106.55037362400337, 31.88149529527513 ], [ -106.550332982000995, 31.881452637519324 ], [ -106.550249766276195, 31.881517554808802 ], [ -106.550064480784769, 31.881323078339051 ], [ -106.549600256787954, 31.881614580245547 ], [ -106.549590686604446, 31.88162164249168 ], [ -106.549582528234694, 31.881629894670802 ], [ -106.549575984380965, 31.881639134716202 ], [ -106.549571215815348, 31.881649134561897 ], [ -106.549568339800601, 31.881659648347085 ], [ -106.549567426105014, 31.881670416219539 ], [ -106.549568498647815, 31.881681173289213 ], [ -106.549571530577182, 31.881691655282932 ], [ -106.549576446675687, 31.881701602945661 ], [ -106.549583127175438, 31.881710771794264 ], [ -106.549637070334683, 31.881774490899371 ], [ -106.54972336485811, 31.881869681308665 ], [ -106.549814725757685, 31.881961365496796 ], [ -106.550262296343078, 31.881675531816612 ], [ -106.550321228532525, 31.881737386656802 ], [ -106.550410388056463, 31.881667831937818 ], [ -106.550520122353532, 31.881783010007776 ], [ -106.55043096274278, 31.881852563897997 ], [ -106.55048583106209, 31.88191015333188 ], [ -106.550574990627709, 31.881840598505445 ], [ -106.550685173162648, 31.881956245512658 ] ] ] } },
{ "type": "Feature", "properties": { "district": 1, "zonelabel": "C-4", "state_cd_clean": null, "use_desc": "Unknown", "targetlotarea": 160128, "existing_units": 0, "footprint_sqft": 0.0, "interior_sqft": 0.0, "coverage_pct": 0.0, "in_corridor": false, "in_historic": false, "context_type": "Suburban" }, "geometry": { "type": "Polygon", "coordinates": [ [ [ -106.595225777416786, 31.880183162511326 ], [ -106.596260841042621, 31.880176454698635 ], [ -106.596256484853342, 31.879773186250848 ], [ -106.596255635972483, 31.879694608276033 ], [ -106.596245660042513, 31.879520077686728 ], [ -106.596221772289383, 31.879374763063215 ], [ -106.596191021671189, 31.87923039088793 ], [ -106.596153460791925, 31.879087196188049 ], [ -106.596109149640952, 31.878945413634344 ], [ -106.596103850756634, 31.878932308192088 ], [ -106.596096053419018, 31.878920144876655 ], [ -106.596085979381655, 31.87890926800867 ], [ -106.596073911450929, 31.878899984648253 ], [ -106.596060193069761, 31.878892558292474 ], [ -106.596045209546034, 31.878887197132116 ], [ -106.596029384828071, 31.878884053303725 ], [ -106.596013167310574, 31.878883216346093 ], [ -106.595908259502295, 31.878903757782929 ], [ -106.595803920617215, 31.87892631045483 ], [ -106.594849143265449, 31.879184472339549 ], [ -106.595225777416786, 31.880183162511326 ] ] ] } },
{ "type": "Feature", "properties": { "district": 1, "zonelabel": "C-4", "state_cd_clean": null, "use_desc": "Unknown", "targetlotarea": 167343, "existing_units": 0, "footprint_sqft": 0.0, "interior_sqft": 0.0, "coverage_pct": 0.0, "in_corridor": false, "in_historic": false, "context_type": "Suburban" }, "geometry": { "type": "Polygon", "coordinates": [ [ [ -106.597143695737628, 31.880168645684059 ], [ -106.597465674767165, 31.880161803138822 ], [ -106.597445356052987, 31.878654506637346 ], [ -106.597209239650951, 31.878670455132131 ], [ -106.596929943563055, 31.878709197420214 ], [ -106.596651911030236, 31.878754074762924 ], [ -106.596375328461107, 31.878805057425343 ], [ -106.596361529152205, 31.878812384492001 ], [ -106.59634936391862, 31.878821581324477 ], [ -106.596339176531671, 31.878832387507625 ], [ -106.596331255964643, 31.878844498291464 ], [ -106.596325826138397, 31.878857569601013 ], [ -106.59632303948608, 31.87887123279766 ], [ -106.596322975258971, 31.87888510108365 ], [ -106.596325635082763, 31.878898782361716 ], [ -106.596394002342024, 31.87912907556893 ], [ -106.59642600622513, 31.87925579716153 ], [ -106.596450769913972, 31.87938369434 ], [ -106.596468233238895, 31.879512465598612 ], [ -106.59647835713362, 31.879641808415666 ], [ -106.596481116130263, 31.879771417807547 ], [ -106.596485261693175, 31.880092361577546 ], [ -106.596486922107971, 31.880106665391789 ], [ -106.596491466283226, 31.880120507147662 ], [ -106.596498756284873, 31.880133465328729 ], [ -106.596508571365831, 31.880145146789211 ], [ -106.596520612959935, 31.880155198256769 ], [ -106.596534516824761, 31.880163313877723 ], [ -106.596549860265014, 31.880169248418891 ], [ -106.596566177143956, 31.880172820158784 ], [ -106.596582973370289, 31.880173920982138 ], [ -106.597143695737628, 31.880168645684059 ] ] ] } },
{ "type": "Feature", "properties": { "district": 1, "zonelabel": "C-4", "state_cd_clean": null, "use_desc": "Unknown", "targetlotarea": 172076, "existing_units": 0, "footprint_sqft": 0.0, "interior_sqft": 0.0, "coverage_pct": 0.0, "in_corridor": false, "in_historic": false, "context_type": "Suburban" }, "geometry": { "type": "Polygon", "coordinates": [ [ [ -106.597465674767165, 31.880161803138822 ], [ -106.598301644316862, 31.880144033744475 ], [ -106.59847913752057, 31.880015052010616 ], [ -106.598460708292322, 31.878648984303101 ], [ -106.598308492396256, 31.878637911087381 ], [ -106.597758019947221, 31.878633388769913 ], [ -106.597445356052987, 31.878654506637346 ], [ -106.597465674767165, 31.880161803138822 ] ] ] } },
{ "type": "Feature", "properties": { "district": 1, "zonelabel": "C-3", "state_cd_clean": null, "use_desc": "Unknown", "targetlotarea": 13964, "existing_units": 0, "footprint_sqft": 0.0, "interior_sqft": 0.0, "coverage_pct": 0.0, "in_corridor": false, "in_historic": false, "context_type": "Suburban" }, "geometry": { "type": "Polygon", "coordinates": [ [ [ -106.550365644643279, 31.882396736563773 ], [ -106.550427528269353, 31.882431122705555 ], [ -106.550516751866681, 31.882477082184202 ], [ -106.550877102038271, 31.882250882239145 ], [ -106.551203137928681, 31.882046219840866 ], [ -106.551091716248692, 31.881941407250331 ], [ -106.550383114894586, 31.882385780797133 ], [ -106.550365644643279, 31.882396736563773 ] ] ] } },
{ "type": "Feature", "properties": { "district": 1, "zonelabel": "C-4", "state_cd_clean": null, "use_desc": "Unknown", "targetlotarea": 24828, "existing_units": 0, "footprint_sqft": 0.0, "interior_sqft": 0.0, "coverage_pct": 0.0, "in_corridor": false, "in_historic": false, "context_type": "Suburban" }, "geometry": { "type": "Polygon", "coordinates": [ [ [ -106.592509730310397, 31.880169147889031 ], [ -106.59268441821979, 31.880541818084023 ], [ -106.593186685763925, 31.880319915919653 ], [ -106.593063711223834, 31.880046649281979 ], [ -106.592911743264125, 31.879994835737328 ], [ -106.592509730310397, 31.880169147889031 ] ] ] } },
{ "type": "Feature", "properties": { "district": 1, "zonelabel": "R-3", "state_cd_clean": null, "use_desc": "Unknown", "targetlotarea": 45533, "existing_units": 0, "footprint_sqft": 0.0, "interior_sqft": 0.0, "coverage_pct": 0.0, "in_corridor": false, "in_historic": false, "context_type": "Suburban" }, "geometry": { "type": "Polygon", "coordinates": [ [ [ -106.589717862930897, 31.879448113777276 ], [ -106.589725849709282, 31.880763423826803 ], [ -106.59003622189185, 31.880629222281762 ], [ -106.590053731437777, 31.87944688453064 ], [ -106.589928541033061, 31.879447343058956 ], [ -106.589810547146129, 31.879447774588105 ], [ -106.589717862930897, 31.879448113777276 ] ] ] } },
{ "type": "Feature", "properties": { "district": 1, "zonelabel": "C-4", "state_cd_clean": null, "use_desc": "Unknown", "targetlotarea": 58165, "existing_units": 0, "footprint_sqft": 0.0, "interior_sqft": 0.0, "coverage_pct": 0.0, "in_corridor": false, "in_historic": false, "context_type": "Suburban" }, "geometry": { "type": "Polygon", "coordinates": [ [ [ -106.585298074974418, 31.88102816718613 ], [ -106.585946929513554, 31.88100390309614 ], [ -106.585976850103151, 31.880242962708781 ], [ -106.585288963816623, 31.880246584405015 ], [ -106.585289785005529, 31.880254912825961 ], [ -106.585290313615275, 31.88030417498517 ], [ -106.585298074974418, 31.88102816718613 ] ] ] } },
{ "type": "Feature", "properties": { "district": 1, "zonelabel": "C-4", "state_cd_clean": null, "use_desc": "Unknown", "targetlotarea": 52187, "existing_units": 0, "footprint_sqft": 0.0, "interior_sqft": 0.0, "coverage_pct": 0.0, "in_corridor": false, "in_historic": false, "context_type": "Suburban" }, "geometry": { "type": "Polygon", "coordinates": [ [ [ -106.589392251682966, 31.879449305565924 ], [ -106.589384960189207, 31.880907291319865 ], [ -106.589725849709282, 31.880763423826803 ], [ -106.589717862930897, 31.879448113777276 ], [ -106.589695516628566, 31.879448196428196 ], [ -106.589417580350371, 31.879449212478665 ], [ -106.589417535911977, 31.879449212806904 ], [ -106.589392251682966, 31.879449305565924 ] ] ] } },
{ "type": "Feature", "properties": { "district": 1, "zonelabel": "C-3", "state_cd_clean": null, "use_desc": "Unknown", "targetlotarea": 554650, "existing_units": 0, "footprint_sqft": 0.0, "interior_sqft": 0.0, "coverage_pct": 0.0, "in_corridor": false, "in_historic": false, "context_type": "Suburban" }, "geometry": { "type": "Polygon", "coordinates": [ [ [ -106.577774296326282, 31.880488220561695 ], [ -106.579637815614504, 31.881473733068528 ], [ -106.580331017910865, 31.880519358680939 ], [ -106.580316991744752, 31.880454509748997 ], [ -106.579938427862658, 31.880234605301663 ], [ -106.579543304404339, 31.88001680559189 ], [ -106.579690265683539, 31.879915353363732 ], [ -106.579840136640897, 31.879817050166707 ], [ -106.579879950156467, 31.879802244641077 ], [ -106.579922050010879, 31.87979314102742 ], [ -106.579965321438067, 31.879789978866516 ], [ -106.580361225278935, 31.879711526689434 ], [ -106.580302653565568, 31.879438858362313 ], [ -106.578834688532538, 31.879442496948108 ], [ -106.577560059330921, 31.87944500203761 ], [ -106.576660417344911, 31.879446755983924 ], [ -106.577221478227798, 31.881248221701551 ], [ -106.577774296326282, 31.880488220561695 ] ] ] } },
{ "type": "Feature", "properties": { "district": 1, "zonelabel": "C-3", "state_cd_clean": null, "use_desc": "Unknown", "targetlotarea": 54734, "existing_units": 0, "footprint_sqft": 0.0, "interior_sqft": 0.0, "coverage_pct": 0.0, "in_corridor": false, "in_historic": false, "context_type": "Suburban" }, "geometry": { "type": "Polygon", "coordinates": [ [ [ -106.589070900656509, 31.879454002516745 ], [ -106.589069781356741, 31.88104329016836 ], [ -106.589384960189207, 31.880907291319865 ], [ -106.589392251682966, 31.879449305565924 ], [ -106.589255720767284, 31.879450950450003 ], [ -106.589091844980629, 31.87945365672293 ], [ -106.589070900656509, 31.879454002516745 ] ] ] } },
{ "type": "Feature", "properties": { "district": 1, "zonelabel": "C-4", "state_cd_clean": null, "use_desc": "Unknown", "targetlotarea": 92872, "existing_units": 0, "footprint_sqft": 0.0, "interior_sqft": 0.0, "coverage_pct": 0.0, "in_corridor": false, "in_historic": false, "context_type": "Suburban" }, "geometry": { "type": "Polygon", "coordinates": [ [ [ -106.593381595905427, 31.880307496662734 ], [ -106.593676566342808, 31.881027801067649 ], [ -106.594309029634289, 31.8807893911039 ], [ -106.594306741270941, 31.88045309679897 ], [ -106.594307407242709, 31.880269438387611 ], [ -106.594307405681974, 31.880269398718792 ], [ -106.594307735248847, 31.88017911290671 ], [ -106.594307734683881, 31.880179072286822 ], [ -106.594308733051776, 31.879904385408125 ], [ -106.594308788377305, 31.879891163408494 ], [ -106.594308787812352, 31.879891122788536 ], [ -106.594308805819281, 31.879886922625865 ], [ -106.594308804199059, 31.879886882056692 ], [ -106.594308854406606, 31.879875554457794 ], [ -106.594307293053362, 31.879784013667809 ], [ -106.594313520667086, 31.879668857300988 ], [ -106.594318163436526, 31.879583052972343 ], [ -106.594126183685887, 31.879530522385409 ], [ -106.593855060409808, 31.87964952146465 ], [ -106.594066565836371, 31.879994934457933 ], [ -106.593381595905427, 31.880307496662734 ] ] ] } },
{ "type": "Feature", "properties": { "district": 1, "zonelabel": "C-4", "state_cd_clean": null, "use_desc": "Unknown", "targetlotarea": 44529, "existing_units": 0, "footprint_sqft": 0.0, "interior_sqft": 0.0, "coverage_pct": 0.0, "in_corridor": false, "in_historic": false, "context_type": "Suburban" }, "geometry": { "type": "Polygon", "coordinates": [ [ [ -106.585304747444241, 31.88165060055891 ], [ -106.58592241125352, 31.881627503539601 ], [ -106.585946929513554, 31.88100390309614 ], [ -106.585298074974418, 31.88102816718613 ], [ -106.585304747444241, 31.88165060055891 ] ] ] } },
{ "type": "Feature", "properties": { "district": 1, "zonelabel": "C-1", "state_cd_clean": null, "use_desc": "Unknown", "targetlotarea": 35565, "existing_units": 0, "footprint_sqft": 0.0, "interior_sqft": 0.0, "coverage_pct": 0.0, "in_corridor": false, "in_historic": false, "context_type": "Suburban" }, "geometry": { "type": "Polygon", "coordinates": [ [ [ -106.610929243164293, 31.88051071099008 ], [ -106.611701165415184, 31.880502645309299 ], [ -106.611701169779337, 31.880454541103081 ], [ -106.611780862838415, 31.880453707927568 ], [ -106.611780875157095, 31.88029918559781 ], [ -106.611780878844144, 31.880255180487925 ], [ -106.611454987438904, 31.880104440089323 ], [ -106.610916410019215, 31.880110067156117 ], [ -106.610929243164293, 31.88051071099008 ] ] ] } },
{ "type": "Feature", "properties": { "district": 1, "zonelabel": "C-4", "state_cd_clean": null, "use_desc": "Unknown", "targetlotarea": 69363, "existing_units": 0, "footprint_sqft": 0.0, "interior_sqft": 0.0, "coverage_pct": 0.0, "in_corridor": false, "in_historic": false, "context_type": "Suburban" }, "geometry": { "type": "Polygon", "coordinates": [ [ [ -106.59488981574836, 31.881439551990582 ], [ -106.595000664749818, 31.881439232792147 ], [ -106.594628767657937, 31.880481074632879 ], [ -106.594616181282817, 31.88044864722238 ], [ -106.594313520667086, 31.879668857300988 ], [ -106.594307293053362, 31.879784013667809 ], [ -106.594308854406606, 31.879875554457794 ], [ -106.594308804199059, 31.879886882056692 ], [ -106.594308805819281, 31.879886922625865 ], [ -106.594308787812352, 31.879891122788536 ], [ -106.594308788377305, 31.879891163408494 ], [ -106.594308733051776, 31.879904385408125 ], [ -106.594307734683881, 31.880179072286822 ], [ -106.594307735248847, 31.88017911290671 ], [ -106.594307405681974, 31.880269398718792 ], [ -106.594307407242709, 31.880269438387611 ], [ -106.594306741270941, 31.88045309679897 ], [ -106.594309029634289, 31.8807893911039 ], [ -106.594313228439972, 31.881433217806656 ], [ -106.59488981574836, 31.881439551990582 ] ] ] } },
{ "type": "Feature", "properties": { "district": 1, "zonelabel": "C-4", "state_cd_clean": null, "use_desc": "Unknown", "targetlotarea": 33702, "existing_units": 0, "footprint_sqft": 0.0, "interior_sqft": 0.0, "coverage_pct": 0.0, "in_corridor": false, "in_historic": false, "context_type": "Suburban" }, "geometry": { "type": "Polygon", "coordinates": [ [ [ -106.595000664749818, 31.881439232792147 ], [ -106.595084850590979, 31.881438989634074 ], [ -106.595168994772436, 31.881436688972187 ], [ -106.594961249950757, 31.880932856784121 ], [ -106.59475919303074, 31.880443628534959 ], [ -106.594332565695581, 31.879316722687484 ], [ -106.594327443050048, 31.879411467170495 ], [ -106.594318163436526, 31.879583052972343 ], [ -106.594313520667086, 31.879668857300988 ], [ -106.594616181282817, 31.88044864722238 ], [ -106.594628767657937, 31.880481074632879 ], [ -106.595000664749818, 31.881439232792147 ] ] ] } },
{ "type": "Feature", "properties": { "district": 1, "zonelabel": "C-4", "state_cd_clean": null, "use_desc": "Unknown", "targetlotarea": 679748, "existing_units": 0, "footprint_sqft": 0.0, "interior_sqft": 0.0, "coverage_pct": 0.0, "in_corridor": false, "in_historic": false, "context_type": "Suburban" }, "geometry": { "type": "Polygon", "coordinates": [ [ [ -106.571454041337574, 31.882584613287012 ], [ -106.571480253638256, 31.882678184419042 ], [ -106.57443468400389, 31.882282387539881 ], [ -106.574547516579599, 31.882267270315225 ], [ -106.574652169545061, 31.882253249528965 ], [ -106.57427735031132, 31.881936472031754 ], [ -106.573304691145822, 31.881114416046408 ], [ -106.571982723668171, 31.880709487067058 ], [ -106.571330913677869, 31.879514717119793 ], [ -106.570377569782551, 31.880056272246573 ], [ -106.57064866345786, 31.88060331412305 ], [ -106.570872308672719, 31.881217271452389 ], [ -106.571028176628531, 31.881182613494111 ], [ -106.571140515268112, 31.881583637403526 ], [ -106.570984646694825, 31.881618295490171 ], [ -106.571266995242141, 31.882626202591183 ], [ -106.571454041337574, 31.882584613287012 ] ] ] } },
{ "type": "Feature", "properties": { "district": 1, "zonelabel": "C-4", "state_cd_clean": null, "use_desc": "Unknown", "targetlotarea": 336168, "existing_units": 0, "footprint_sqft": 0.0, "interior_sqft": 0.0, "coverage_pct": 0.0, "in_corridor": false, "in_historic": false, "context_type": "Suburban" }, "geometry": { "type": "Polygon", "coordinates": [ [ [ -106.586853336760583, 31.880238080012326 ], [ -106.586901495220275, 31.882020844974011 ], [ -106.587017115381258, 31.881978598860996 ], [ -106.587200883248002, 31.881903136959632 ], [ -106.587381616580842, 31.881822518340979 ], [ -106.587559117856912, 31.881736830182501 ], [ -106.587733192141428, 31.881646166764408 ], [ -106.588406255534935, 31.881319172785648 ], [ -106.588362982172228, 31.879732713576868 ], [ -106.586839492455638, 31.879725587064808 ], [ -106.586853336760583, 31.880238080012326 ] ] ] } },
{ "type": "Feature", "properties": { "district": 1, "zonelabel": "C-4", "state_cd_clean": null, "use_desc": "Unknown", "targetlotarea": 20666, "existing_units": 0, "footprint_sqft": 0.0, "interior_sqft": 0.0, "coverage_pct": 0.0, "in_corridor": false, "in_historic": false, "context_type": "Suburban" }, "geometry": { "type": "Polygon", "coordinates": [ [ [ -106.594310712676247, 31.881681060967118 ], [ -106.595102876191248, 31.881688217237791 ], [ -106.595101791299157, 31.881685574950609 ], [ -106.595050390860223, 31.881560363905294 ], [ -106.595000664749818, 31.881439232792147 ], [ -106.59488981574836, 31.881439551990582 ], [ -106.594313228439972, 31.881433217806656 ], [ -106.594310712676247, 31.881681060967118 ] ] ] } },
{ "type": "Feature", "properties": { "district": 1, "zonelabel": "C-4", "state_cd_clean": null, "use_desc": "Unknown", "targetlotarea": 91290, "existing_units": 0, "footprint_sqft": 0.0, "interior_sqft": 0.0, "coverage_pct": 0.0, "in_corridor": false, "in_historic": false, "context_type": "Suburban" }, "geometry": { "type": "Polygon", "coordinates": [ [ [ -106.593239887939859, 31.881816800551263 ], [ -106.593749847362488, 31.881810462102269 ], [ -106.593677011622134, 31.881452856708247 ], [ -106.593186685763925, 31.880319915919653 ], [ -106.59268441821979, 31.880541818084023 ], [ -106.592721859134301, 31.880621689321483 ], [ -106.593239887939859, 31.881816800551263 ] ] ] } },
{ "type": "Feature", "properties": { "district": 1, "zonelabel": "C-4", "state_cd_clean": null, "use_desc": "Unknown", "targetlotarea": 203782, "existing_units": 0, "footprint_sqft": 0.0, "interior_sqft": 0.0, "coverage_pct": 0.0, "in_corridor": false, "in_historic": false, "context_type": "Suburban" }, "geometry": { "type": "Polygon", "coordinates": [ [ [ -106.58592241125352, 31.881627503539601 ], [ -106.585896641023709, 31.882282867571533 ], [ -106.586124026844786, 31.882230362484773 ], [ -106.586321076806271, 31.882185492748754 ], [ -106.586516456277607, 31.882135585017178 ], [ -106.586709987334629, 31.882080686679398 ], [ -106.586901495220275, 31.882020844974011 ], [ -106.586853336760583, 31.880238080012326 ], [ -106.586699301244636, 31.880238938633529 ], [ -106.586424205512799, 31.880240471177601 ], [ -106.585976850103151, 31.880242962708781 ], [ -106.585946929513554, 31.88100390309614 ], [ -106.58592241125352, 31.881627503539601 ] ] ] } },
{ "type": "Feature", "properties": { "district": 1, "zonelabel": "C-4", "state_cd_clean": null, "use_desc": "Unknown", "targetlotarea": 9029, "existing_units": 0, "footprint_sqft": 0.0, "interior_sqft": 0.0, "coverage_pct": 0.0, "in_corridor": false, "in_historic": false, "context_type": "Suburban" }, "geometry": { "type": "Polygon", "coordinates": [ [ [ -106.593266319552967, 31.881977440787246 ], [ -106.593749739173816, 31.881971432342315 ], [ -106.593749847362488, 31.881810462102269 ], [ -106.593239887939859, 31.881816800551263 ], [ -106.593266319552967, 31.881977440787246 ] ] ] } },
{ "type": "Feature", "properties": { "district": 1, "zonelabel": "C-4", "state_cd_clean": null, "use_desc": "Unknown", "targetlotarea": 47702, "existing_units": 0, "footprint_sqft": 0.0, "interior_sqft": 0.0, "coverage_pct": 0.0, "in_corridor": false, "in_historic": false, "context_type": "Suburban" }, "geometry": { "type": "Polygon", "coordinates": [ [ [ -106.585345878473333, 31.882362329200937 ], [ -106.585346829383155, 31.882397541551519 ], [ -106.585622642943932, 31.882343372836345 ], [ -106.585896641023709, 31.882282867571533 ], [ -106.58592241125352, 31.881627503539601 ], [ -106.585304747444241, 31.88165060055891 ], [ -106.585312438059546, 31.882368731762263 ], [ -106.585345878473333, 31.882362329200937 ] ] ] } },
{ "type": "Feature", "properties": { "district": 1, "zonelabel": "C-4", "state_cd_clean": null, "use_desc": "Unknown", "targetlotarea": 21548, "existing_units": 0, "footprint_sqft": 0.0, "interior_sqft": 0.0, "coverage_pct": 0.0, "in_corridor": false, "in_historic": false, "context_type": "Suburban" }, "geometry": { "type": "Polygon", "coordinates": [ [ [ -106.594307745889964, 31.881973183209521 ], [ -106.594551212156162, 31.881965347966151 ], [ -106.595156582884044, 31.88181904590305 ], [ -106.595102876191248, 31.881688217237791 ], [ -106.594310712676247, 31.881681060967118 ], [ -106.594307745889964, 31.881973183209521 ] ] ] } },
{ "type": "Feature", "properties": { "district": 1, "zonelabel": "C-4", "state_cd_clean": null, "use_desc": "Unknown", "targetlotarea": 488465, "existing_units": 0, "footprint_sqft": 0.0, "interior_sqft": 0.0, "coverage_pct": 0.0, "in_corridor": false, "in_historic": false, "context_type": "Suburban" }, "geometry": { "type": "Polygon", "coordinates": [ [ [ -106.583456526474492, 31.87965445113478 ], [ -106.584168023922544, 31.882564629010641 ], [ -106.585312438059546, 31.882368731762263 ], [ -106.585304747444241, 31.88165060055891 ], [ -106.585298074974418, 31.88102816718613 ], [ -106.585290313615275, 31.88030417498517 ], [ -106.585288963816623, 31.880246584405015 ], [ -106.585288099522231, 31.880237810937391 ], [ -106.584904409060258, 31.88023888458228 ], [ -106.584908015785928, 31.879452807124917 ], [ -106.58485169505515, 31.879452734091348 ], [ -106.584673872791086, 31.87945250116038 ], [ -106.584496049591394, 31.8794522698383 ], [ -106.584318227329106, 31.879452036422233 ], [ -106.584140461676014, 31.879454299379066 ], [ -106.583962580815339, 31.879451570764513 ], [ -106.583784757678458, 31.879451339372672 ], [ -106.583606935478983, 31.879451105886783 ], [ -106.583429112225147, 31.879450872208988 ], [ -106.583423820032849, 31.879450866054452 ], [ -106.583251289968118, 31.87945063733757 ], [ -106.583242139991356, 31.879450625726427 ], [ -106.583296972808213, 31.879673281809517 ], [ -106.583456526474492, 31.87965445113478 ] ] ] } },
{ "type": "Feature", "properties": { "district": 1, "zonelabel": "C-4", "state_cd_clean": null, "use_desc": "Unknown", "targetlotarea": 458211, "existing_units": 0, "footprint_sqft": 0.0, "interior_sqft": 0.0, "coverage_pct": 0.0, "in_corridor": false, "in_historic": false, "context_type": "Suburban" }, "geometry": { "type": "Polygon", "coordinates": [ [ [ -106.583977893023487, 31.882520640822602 ], [ -106.583999326026614, 31.882596989273914 ], [ -106.58408404078375, 31.882582198896941 ], [ -106.584168023922544, 31.882564629010641 ], [ -106.583456526474492, 31.87965445113478 ], [ -106.583296972808213, 31.879673281809517 ], [ -106.583242139991356, 31.879450625726427 ], [ -106.583073466716044, 31.879450403174669 ], [ -106.582773745098592, 31.879450009006927 ], [ -106.58265097536956, 31.879449846684423 ], [ -106.581818862797377, 31.879448746178458 ], [ -106.582263461967941, 31.881112749097117 ], [ -106.582328771865008, 31.881331863169009 ], [ -106.58254667874273, 31.882136701168996 ], [ -106.582567446458114, 31.882132607355189 ], [ -106.583228743661408, 31.882002249094398 ], [ -106.583806683396077, 31.881888320598105 ], [ -106.583977893023487, 31.882520640822602 ] ] ] } },
{ "type": "Feature", "properties": { "district": 1, "zonelabel": "C-4", "state_cd_clean": null, "use_desc": "Unknown", "targetlotarea": 43248, "existing_units": 0, "footprint_sqft": 0.0, "interior_sqft": 0.0, "coverage_pct": 0.0, "in_corridor": false, "in_historic": false, "context_type": "Suburban" }, "geometry": { "type": "Polygon", "coordinates": [ [ [ -106.583228743661408, 31.882002249094398 ], [ -106.583398192025882, 31.882628076836404 ], [ -106.583977893023487, 31.882520640822602 ], [ -106.583806683396077, 31.881888320598105 ], [ -106.583228743661408, 31.882002249094398 ] ] ] } },
{ "type": "Feature", "properties": { "district": 1, "zonelabel": "C-4", "state_cd_clean": null, "use_desc": "Unknown", "targetlotarea": 5062, "existing_units": 0, "footprint_sqft": 0.0, "interior_sqft": 0.0, "coverage_pct": 0.0, "in_corridor": false, "in_historic": false, "context_type": "Suburban" }, "geometry": { "type": "Polygon", "coordinates": [ [ [ -106.583398192025882, 31.882628076836404 ], [ -106.583417333476902, 31.882698767998502 ], [ -106.583999326026614, 31.882596989273914 ], [ -106.583977893023487, 31.882520640822602 ], [ -106.583398192025882, 31.882628076836404 ] ] ] } },
{ "type": "Feature", "properties": { "district": 1, "zonelabel": "C-1", "state_cd_clean": null, "use_desc": "Unknown", "targetlotarea": 617571, "existing_units": 0, "footprint_sqft": 0.0, "interior_sqft": 0.0, "coverage_pct": 0.0, "in_corridor": false, "in_historic": false, "context_type": "Suburban" }, "geometry": { "type": "Polygon", "coordinates": [ [ [ -106.569578228174521, 31.881664940170797 ], [ -106.570051087468471, 31.883385755563108 ], [ -106.570062189215392, 31.88338117101593 ], [ -106.570095732534099, 31.883367319254692 ], [ -106.570107757717395, 31.883362353567335 ], [ -106.570186113040663, 31.883329996939672 ], [ -106.570934811522847, 31.883020822348243 ], [ -106.570940449467031, 31.88301969332424 ], [ -106.570853732565567, 31.882710140884893 ], [ -106.570449061784316, 31.881265544040254 ], [ -106.570161780365723, 31.880540049117883 ], [ -106.570088769655825, 31.880385147609221 ], [ -106.570008420892819, 31.88023291342445 ], [ -106.56992086717915, 31.880083599412888 ], [ -106.569826255154751, 31.879937455064713 ], [ -106.569724741534912, 31.879794722160806 ], [ -106.569504242078096, 31.879526196979057 ], [ -106.568856858143775, 31.879521624373368 ], [ -106.568724681608487, 31.879520574255221 ], [ -106.568529750997484, 31.879634731158891 ], [ -106.567728319307477, 31.879958454512007 ], [ -106.566876470858745, 31.880168489400745 ], [ -106.566208342223177, 31.880237500089951 ], [ -106.566544245922941, 31.880295789414387 ], [ -106.567499878653962, 31.88052387847755 ], [ -106.567570691609404, 31.880538735368813 ], [ -106.568024959701503, 31.880609774928356 ], [ -106.568097358400863, 31.880623405779417 ], [ -106.568168423611112, 31.880641436063083 ], [ -106.568391517441555, 31.880715832222318 ], [ -106.568613331868846, 31.880792965619058 ], [ -106.568778945855215, 31.880874414447447 ], [ -106.568940309050319, 31.880961853771975 ], [ -106.569016608108356, 31.88100758339403 ], [ -106.569088268811512, 31.88105848400928 ], [ -106.569154812484086, 31.881114214532559 ], [ -106.569215792142515, 31.881174400747479 ], [ -106.569270799181908, 31.88123864040551 ], [ -106.569319465486942, 31.881306503124669 ], [ -106.569361465838526, 31.881377534790335 ], [ -106.56939651797326, 31.881451258455346 ], [ -106.569424387278858, 31.881527181341198 ], [ -106.569404984834733, 31.881531596971346 ], [ -106.569478657059364, 31.881684923434289 ], [ -106.569578228174521, 31.881664940170797 ] ] ] } },
{ "type": "Feature", "properties": { "district": 1, "zonelabel": "C-4", "state_cd_clean": null, "use_desc": "Unknown", "targetlotarea": 54678, "existing_units": 0, "footprint_sqft": 0.0, "interior_sqft": 0.0, "coverage_pct": 0.0, "in_corridor": false, "in_historic": false, "context_type": "Suburban" }, "geometry": { "type": "Polygon", "coordinates": [ [ [ -106.58278450384212, 31.882734154926521 ], [ -106.582888661151856, 31.882791220882584 ], [ -106.583417333476902, 31.882698767998502 ], [ -106.583398192025882, 31.882628076836404 ], [ -106.583228743661408, 31.882002249094398 ], [ -106.582567446458114, 31.882132607355189 ], [ -106.58254667874273, 31.882136701168996 ], [ -106.582695319331833, 31.882685292847246 ], [ -106.582739380552795, 31.882709432782484 ], [ -106.58278450384212, 31.882734154926521 ] ] ] } },
{ "type": "Feature", "properties": { "district": 1, "zonelabel": "C-4", "state_cd_clean": null, "use_desc": "Unknown", "targetlotarea": 30605, "existing_units": 0, "footprint_sqft": 0.0, "interior_sqft": 0.0, "coverage_pct": 0.0, "in_corridor": false, "in_historic": false, "context_type": "Suburban" }, "geometry": { "type": "Polygon", "coordinates": [ [ [ -106.594305499515684, 31.882194453669243 ], [ -106.59528156683767, 31.882203270095289 ], [ -106.595300750656278, 31.882170230176513 ], [ -106.595211206623702, 31.881952104882743 ], [ -106.595207245390355, 31.881942456042488 ], [ -106.595162279892136, 31.881832921683468 ], [ -106.595157552782538, 31.881821405576147 ], [ -106.595156582884044, 31.88181904590305 ], [ -106.594551212156162, 31.881965347966151 ], [ -106.594307745889964, 31.881973183209521 ], [ -106.594305499515684, 31.882194453669243 ] ] ] } },
{ "type": "Feature", "properties": { "district": 1, "zonelabel": "C-4", "state_cd_clean": null, "use_desc": "Unknown", "targetlotarea": 1148, "existing_units": 0, "footprint_sqft": 0.0, "interior_sqft": 0.0, "coverage_pct": 0.0, "in_corridor": false, "in_historic": false, "context_type": "Suburban" }, "geometry": { "type": "Polygon", "coordinates": [ [ [ -106.582721222540712, 31.882779335936956 ], [ -106.582728852023024, 31.882787512889973 ], [ -106.582737799814481, 31.882794651059513 ], [ -106.582747873667202, 31.882800596179827 ], [ -106.582758857727725, 31.882805221312694 ], [ -106.582770516817433, 31.88280842754514 ], [ -106.582829981401972, 31.882801786703197 ], [ -106.582888661151856, 31.882791220882584 ], [ -106.58278450384212, 31.882734154926521 ], [ -106.582739380552795, 31.882709432782484 ], [ -106.582695319331833, 31.882685292847246 ], [ -106.582721222540712, 31.882779335936956 ] ] ] } },
{ "type": "Feature", "properties": { "district": 1, "zonelabel": "C-4", "state_cd_clean": null, "use_desc": "Unknown", "targetlotarea": 14938, "existing_units": 0, "footprint_sqft": 0.0, "interior_sqft": 0.0, "coverage_pct": 0.0, "in_corridor": false, "in_historic": false, "context_type": "Suburban" }, "geometry": { "type": "Polygon", "coordinates": [ [ [ -106.595292991813153, 31.88220337381912 ], [ -106.595486910702576, 31.882205124572192 ], [ -106.595331165074967, 31.881819939017859 ], [ -106.595168994772436, 31.881436688972187 ], [ -106.595084850590979, 31.881438989634074 ], [ -106.595000664749818, 31.881439232792147 ], [ -106.595050390860223, 31.881560363905294 ], [ -106.595101791299157, 31.881685574950609 ], [ -106.595102876191248, 31.881688217237791 ], [ -106.595156582884044, 31.88181904590305 ], [ -106.595157552782538, 31.881821405576147 ], [ -106.595162279892136, 31.881832921683468 ], [ -106.595207245390355, 31.881942456042488 ], [ -106.595211206623702, 31.881952104882743 ], [ -106.595300750656278, 31.882170230176513 ], [ -106.595305507883992, 31.882181817091837 ], [ -106.595292991813153, 31.88220337381912 ] ] ] } },
{ "type": "Feature", "properties": { "district": 1, "zonelabel": "R-3A", "state_cd_clean": null, "use_desc": "Unknown", "targetlotarea": 104285, "existing_units": 0, "footprint_sqft": 0.0, "interior_sqft": 0.0, "coverage_pct": 0.0, "in_corridor": false, "in_historic": false, "context_type": "Suburban" }, "geometry": { "type": "Polygon", "coordinates": [ [ [ -106.611027266587669, 31.881608870609025 ], [ -106.611780769066812, 31.881610789686576 ], [ -106.611780793781833, 31.881310954970616 ], [ -106.611780803831678, 31.881183336893592 ], [ -106.611780813941124, 31.881055719709998 ], [ -106.611780823990927, 31.880928101619009 ], [ -106.611780834040701, 31.880800483521149 ], [ -106.61178084889211, 31.880621315190375 ], [ -106.611780862838415, 31.880453707927568 ], [ -106.611701169779337, 31.880454541103081 ], [ -106.611701165415184, 31.880502645309299 ], [ -106.610929243164293, 31.88051071099008 ], [ -106.610962704850223, 31.881555396091692 ], [ -106.610963953028346, 31.881564767028625 ], [ -106.610967060111207, 31.881573818024865 ], [ -106.610971935463425, 31.881582283369685 ], [ -106.61097843335628, 31.88158991265399 ], [ -106.610986365350371, 31.88159648191586 ], [ -106.610995495257825, 31.881601797496373 ], [ -106.611005556562617, 31.881605703329814 ], [ -106.611016251603857, 31.881608084595793 ], [ -106.611027266587669, 31.881608870609025 ] ] ] } },
{ "type": "Feature", "properties": { "district": 1, "zonelabel": "R-5", "state_cd_clean": null, "use_desc": "Unknown", "targetlotarea": 26607, "existing_units": 0, "footprint_sqft": 0.0, "interior_sqft": 0.0, "coverage_pct": 0.0, "in_corridor": false, "in_historic": false, "context_type": "Suburban" }, "geometry": { "type": "Polygon", "coordinates": [ [ [ -106.593740120220659, 31.88250914752172 ], [ -106.593749377059851, 31.882509072882566 ], [ -106.593749739173816, 31.881971432342315 ], [ -106.593266319552967, 31.881977440787246 ], [ -106.593354215576099, 31.882511624737642 ], [ -106.593360001682328, 31.882511604949634 ], [ -106.593740120220659, 31.88250914752172 ] ] ] } },
{ "type": "Feature", "properties": { "district": 1, "zonelabel": "C-4", "state_cd_clean": null, "use_desc": "Unknown", "targetlotarea": 9319, "existing_units": 0, "footprint_sqft": 0.0, "interior_sqft": 0.0, "coverage_pct": 0.0, "in_corridor": false, "in_historic": false, "context_type": "Suburban" }, "geometry": { "type": "Polygon", "coordinates": [ [ [ -106.593945311727452, 31.882493103595383 ], [ -106.594123985401012, 31.882492472090227 ], [ -106.594103160423586, 31.882222631967974 ], [ -106.593934985624387, 31.881799713256598 ], [ -106.593935860418341, 31.881884852983802 ], [ -106.593930115133787, 31.881969854798268 ], [ -106.593945311727452, 31.882493103595383 ] ] ] } },
{ "type": "Feature", "properties": { "district": 1, "zonelabel": "R-5", "state_cd_clean": null, "use_desc": "Unknown", "targetlotarea": 70442, "existing_units": 0, "footprint_sqft": 0.0, "interior_sqft": 0.0, "coverage_pct": 0.0, "in_corridor": false, "in_historic": false, "context_type": "Suburban" }, "geometry": { "type": "Polygon", "coordinates": [ [ [ -106.594123985401012, 31.882492472090227 ], [ -106.594302459311308, 31.882493865134283 ], [ -106.594302667853512, 31.882473392478371 ], [ -106.594303090552529, 31.882431794736853 ], [ -106.594303583205189, 31.882383192401939 ], [ -106.59430388512817, 31.882353456759741 ], [ -106.594305499515684, 31.882194453669243 ], [ -106.594307745889964, 31.881973183209521 ], [ -106.594310712676247, 31.881681060967118 ], [ -106.594313228439972, 31.881433217806656 ], [ -106.594309029634289, 31.8807893911039 ], [ -106.593676566342808, 31.881027801067649 ], [ -106.593800141401516, 31.881329564400811 ], [ -106.593840964400258, 31.881420300768841 ], [ -106.593874982910265, 31.881513058759484 ], [ -106.5939020600877, 31.881607465582636 ], [ -106.593922087459916, 31.881703145277044 ], [ -106.593934985624387, 31.881799713256598 ], [ -106.594103160423586, 31.882222631967974 ], [ -106.594123985401012, 31.882492472090227 ] ] ] } },
{ "type": "Feature", "properties": { "district": 1, "zonelabel": "C-3", "state_cd_clean": null, "use_desc": "Unknown", "targetlotarea": 5170, "existing_units": 0, "footprint_sqft": 0.0, "interior_sqft": 0.0, "coverage_pct": 0.0, "in_corridor": false, "in_historic": false, "context_type": "Suburban" }, "geometry": { "type": "Polygon", "coordinates": [ [ [ -106.595279722636448, 31.882485544323167 ], [ -106.595603246556479, 31.882488721092614 ], [ -106.595548676612268, 31.88234517363567 ], [ -106.595225983093627, 31.882345186011438 ], [ -106.595279722636448, 31.882485544323167 ] ] ] } },
{ "type": "Feature", "properties": { "district": 1, "zonelabel": "C-3", "state_cd_clean": null, "use_desc": "Unknown", "targetlotarea": 4477, "existing_units": 0, "footprint_sqft": 0.0, "interior_sqft": 0.0, "coverage_pct": 0.0, "in_corridor": false, "in_historic": false, "context_type": "Suburban" }, "geometry": { "type": "Polygon", "coordinates": [ [ [ -106.595327058284724, 31.882608711510294 ], [ -106.595651056752686, 31.882612014403083 ], [ -106.595624916398464, 31.882548813217891 ], [ -106.595603246556479, 31.882488721092614 ], [ -106.595279722636448, 31.882485544323167 ], [ -106.595327058284724, 31.882608711510294 ] ] ] } },
{ "type": "Feature", "properties": { "district": 1, "zonelabel": "C-3", "state_cd_clean": null, "use_desc": "Unknown", "targetlotarea": 2554, "existing_units": 0, "footprint_sqft": 0.0, "interior_sqft": 0.0, "coverage_pct": 0.0, "in_corridor": false, "in_historic": false, "context_type": "Suburban" }, "geometry": { "type": "Polygon", "coordinates": [ [ [ -106.595355056451425, 31.882681564261485 ], [ -106.595677350246973, 31.88267920066567 ], [ -106.595651056752686, 31.882612014403083 ], [ -106.595327058284724, 31.882608711510294 ], [ -106.595355056451425, 31.882681564261485 ] ] ] } },
{ "type": "Feature", "properties": { "district": 1, "zonelabel": "C-3", "state_cd_clean": null, "use_desc": "Unknown", "targetlotarea": 6567, "existing_units": 0, "footprint_sqft": 0.0, "interior_sqft": 0.0, "coverage_pct": 0.0, "in_corridor": false, "in_historic": false, "context_type": "Suburban" }, "geometry": { "type": "Polygon", "coordinates": [ [ [ -106.554931480420436, 31.884686059941565 ], [ -106.555464729198789, 31.884685935883059 ], [ -106.555273765851283, 31.884467856523045 ], [ -106.555141987242266, 31.884551863897517 ], [ -106.554931480420436, 31.884686059941565 ] ] ] } },
{ "type": "Feature", "properties": { "district": 1, "zonelabel": "C-3", "state_cd_clean": null, "use_desc": "Unknown", "targetlotarea": 4494, "existing_units": 0, "footprint_sqft": 0.0, "interior_sqft": 0.0, "coverage_pct": 0.0, "in_corridor": false, "in_historic": false, "context_type": "Suburban" }, "geometry": { "type": "Polygon", "coordinates": [ [ [ -106.595401021999933, 31.882801166160341 ], [ -106.595727636825188, 31.882805156033825 ], [ -106.595677350246973, 31.88267920066567 ], [ -106.595355056451425, 31.882681564261485 ], [ -106.595401021999933, 31.882801166160341 ] ] ] } },
{ "type": "Feature", "properties": { "district": 1, "zonelabel": "C-4", "state_cd_clean": null, "use_desc": "Unknown", "targetlotarea": 79741, "existing_units": 0, "footprint_sqft": 0.0, "interior_sqft": 0.0, "coverage_pct": 0.0, "in_corridor": false, "in_historic": false, "context_type": "Suburban" }, "geometry": { "type": "Polygon", "coordinates": [ [ [ -106.5875098320288, 31.883394715982476 ], [ -106.587600040855946, 31.883394699754746 ], [ -106.587597500191791, 31.882259958226843 ], [ -106.587469050005538, 31.882304520915262 ], [ -106.586939653825866, 31.882462660111063 ], [ -106.586778216451364, 31.8824994301741 ], [ -106.586797265122442, 31.882541646394902 ], [ -106.586934476762551, 31.882845733847859 ], [ -106.586962964334376, 31.883381460420594 ], [ -106.586975025950139, 31.883381537019513 ], [ -106.586975032437621, 31.883394812884738 ], [ -106.587074643713791, 31.883394794458344 ], [ -106.5875098320288, 31.883394715982476 ] ] ] } },
{ "type": "Feature", "properties": { "district": 1, "zonelabel": "C-4", "state_cd_clean": null, "use_desc": "Unknown", "targetlotarea": 126725, "existing_units": 0, "footprint_sqft": 0.0, "interior_sqft": 0.0, "coverage_pct": 0.0, "in_corridor": false, "in_historic": false, "context_type": "Suburban" }, "geometry": { "type": "Polygon", "coordinates": [ [ [ -106.588063447187935, 31.883394612900979 ], [ -106.588153303480695, 31.883394596059247 ], [ -106.588549519397375, 31.882834001299141 ], [ -106.58854766876081, 31.882011549742472 ], [ -106.588388973502106, 31.881963674339914 ], [ -106.588122026736286, 31.882077986226403 ], [ -106.587597500191791, 31.882259958226843 ], [ -106.587600040855946, 31.883394699754746 ], [ -106.588056439249144, 31.88339461435357 ], [ -106.588063447187935, 31.883394612900979 ] ] ] } },
{ "type": "Feature", "properties": { "district": 1, "zonelabel": "C-4", "state_cd_clean": null, "use_desc": "Unknown", "targetlotarea": 12574, "existing_units": 0, "footprint_sqft": 0.0, "interior_sqft": 0.0, "coverage_pct": 0.0, "in_corridor": false, "in_historic": false, "context_type": "Suburban" }, "geometry": { "type": "Polygon", "coordinates": [ [ [ -106.588377905018874, 31.883394553308285 ], [ -106.588533728137264, 31.883394523905935 ], [ -106.588533786020477, 31.883391469897024 ], [ -106.588550775461641, 31.88339157793779 ], [ -106.588549519397375, 31.882834001299141 ], [ -106.588153303480695, 31.883394596059247 ], [ -106.588342726608886, 31.883394560088135 ], [ -106.588377905018874, 31.883394553308285 ] ] ] } },
{ "type": "Feature", "properties": { "district": 1, "zonelabel": "C-3", "state_cd_clean": null, "use_desc": "Unknown", "targetlotarea": 9524, "existing_units": 0, "footprint_sqft": 0.0, "interior_sqft": 0.0, "coverage_pct": 0.0, "in_corridor": false, "in_historic": false, "context_type": "Suburban" }, "geometry": { "type": "Polygon", "coordinates": [ [ [ -106.595502159673657, 31.883064324497571 ], [ -106.595826172134693, 31.883060859070333 ], [ -106.595805266639189, 31.883005739751919 ], [ -106.595778013370307, 31.882938465983532 ], [ -106.595753057063746, 31.882870547023739 ], [ -106.595727636825188, 31.882805156033825 ], [ -106.595401021999933, 31.882801166160341 ], [ -106.595428866829295, 31.882873618894166 ], [ -106.595453982502846, 31.882938969476523 ], [ -106.595478672712019, 31.88300321503943 ], [ -106.595502159673657, 31.883064324497571 ] ] ] } },
{ "type": "Feature", "properties": { "district": 1, "zonelabel": "R-5", "state_cd_clean": null, "use_desc": "Unknown", "targetlotarea": 87724, "existing_units": 0, "footprint_sqft": 0.0, "interior_sqft": 0.0, "coverage_pct": 0.0, "in_corridor": false, "in_historic": false, "context_type": "Suburban" }, "geometry": { "type": "Polygon", "coordinates": [ [ [ -106.589890076497355, 31.883364036395694 ], [ -106.59002093454086, 31.883364587607186 ], [ -106.590021465287592, 31.883242957269125 ], [ -106.590020199153074, 31.883048374283202 ], [ -106.590012079734493, 31.882872852448177 ], [ -106.590007846052572, 31.882759794441132 ], [ -106.588733546343391, 31.882754418598648 ], [ -106.588732324032051, 31.883359151870387 ], [ -106.58898076769816, 31.883360200294483 ], [ -106.589226409557241, 31.883361237404802 ], [ -106.589472051362279, 31.883362273151807 ], [ -106.589890076497355, 31.883364036395694 ] ] ] } },
{ "type": "Feature", "properties": { "district": 1, "zonelabel": "C-3", "state_cd_clean": null, "use_desc": "Unknown", "targetlotarea": 4949, "existing_units": 0, "footprint_sqft": 0.0, "interior_sqft": 0.0, "coverage_pct": 0.0, "in_corridor": false, "in_historic": false, "context_type": "Suburban" }, "geometry": { "type": "Polygon", "coordinates": [ [ [ -106.595554997815668, 31.883201809381607 ], [ -106.59587735652552, 31.883192563867006 ], [ -106.595826172134693, 31.883060859070333 ], [ -106.595502159673657, 31.883064324497571 ], [ -106.595554997815668, 31.883201809381607 ] ] ] } },
{ "type": "Feature", "properties": { "district": 1, "zonelabel": "C-4", "state_cd_clean": null, "use_desc": "Unknown", "targetlotarea": 60068, "existing_units": 0, "footprint_sqft": 0.0, "interior_sqft": 0.0, "coverage_pct": 0.0, "in_corridor": false, "in_historic": false, "context_type": "Suburban" }, "geometry": { "type": "Polygon", "coordinates": [ [ [ -106.583686006736954, 31.883085617392666 ], [ -106.583915288146983, 31.883916579801042 ], [ -106.584419728125397, 31.88382719745778 ], [ -106.584419450911312, 31.883825738445015 ], [ -106.584512854706389, 31.883808104627224 ], [ -106.58432279849076, 31.883027245787545 ], [ -106.584319579971265, 31.883018103884595 ], [ -106.584314554673199, 31.88300957620806 ], [ -106.584307874009127, 31.883001920146341 ], [ -106.584299739615503, 31.88299536809577 ], [ -106.584290397364086, 31.882990116908594 ], [ -106.584280130911594, 31.882986326396423 ], [ -106.584269249498192, 31.882984110882973 ], [ -106.584258083548235, 31.882983536705602 ], [ -106.584160662267223, 31.883001848260413 ], [ -106.584062764764653, 31.883018203547802 ], [ -106.583691960006277, 31.883084552163968 ], [ -106.583686006736954, 31.883085617392666 ] ] ] } },
{ "type": "Feature", "properties": { "district": 1, "zonelabel": "C-3", "state_cd_clean": null, "use_desc": "Unknown", "targetlotarea": 7027, "existing_units": 0, "footprint_sqft": 0.0, "interior_sqft": 0.0, "coverage_pct": 0.0, "in_corridor": false, "in_historic": false, "context_type": "Suburban" }, "geometry": { "type": "Polygon", "coordinates": [ [ [ -106.595625824008678, 31.883388675398127 ], [ -106.595952669598688, 31.883386366961119 ], [ -106.595926011392251, 31.883317110840245 ], [ -106.59587735652552, 31.883192563867006 ], [ -106.595554997815668, 31.883201809381607 ], [ -106.595625824008678, 31.883388675398127 ] ] ] } },
{ "type": "Feature", "properties": { "district": 1, "zonelabel": "C-4", "state_cd_clean": null, "use_desc": "Unknown", "targetlotarea": 79486, "existing_units": 0, "footprint_sqft": 0.0, "interior_sqft": 0.0, "coverage_pct": 0.0, "in_corridor": false, "in_historic": false, "context_type": "Suburban" }, "geometry": { "type": "Polygon", "coordinates": [ [ [ -106.582883332110043, 31.883320191331297 ], [ -106.583088312568606, 31.884063108411006 ], [ -106.583915288146983, 31.883916579801042 ], [ -106.583686006736954, 31.883085617392666 ], [ -106.583691960006277, 31.883084552163968 ], [ -106.583685094270706, 31.883082310079324 ], [ -106.583282013258327, 31.883152386993967 ], [ -106.582883332110043, 31.883320191331297 ] ] ] } },
{ "type": "Feature", "properties": { "district": 1, "zonelabel": "C-4", "state_cd_clean": null, "use_desc": "Unknown", "targetlotarea": 74057, "existing_units": 0, "footprint_sqft": 0.0, "interior_sqft": 0.0, "coverage_pct": 0.0, "in_corridor": false, "in_historic": false, "context_type": "Suburban" }, "geometry": { "type": "Polygon", "coordinates": [ [ [ -106.585366878371985, 31.884023641180267 ], [ -106.585373108359775, 31.884049232342178 ], [ -106.585739528467116, 31.883985522985835 ], [ -106.585833417654072, 31.883969198133094 ], [ -106.58575074318037, 31.883403218769967 ], [ -106.585685845707701, 31.882958941557909 ], [ -106.585683243111575, 31.882734901722795 ], [ -106.585078778677385, 31.882840000504782 ], [ -106.585366878371985, 31.884023641180267 ] ] ] } },
{ "type": "Feature", "properties": { "district": 1, "zonelabel": "C-4", "state_cd_clean": null, "use_desc": "Unknown", "targetlotarea": 89623, "existing_units": 0, "footprint_sqft": 0.0, "interior_sqft": 0.0, "coverage_pct": 0.0, "in_corridor": false, "in_historic": false, "context_type": "Suburban" }, "geometry": { "type": "Polygon", "coordinates": [ [ [ -106.584461572192666, 31.883003538538503 ], [ -106.584742856846759, 31.884158811515459 ], [ -106.585373108359775, 31.884049232342178 ], [ -106.585366878371985, 31.884023641180267 ], [ -106.585078778677385, 31.882840000504782 ], [ -106.585029633021961, 31.882848545203657 ], [ -106.584511713548366, 31.882938593483161 ], [ -106.584501988579461, 31.882940976996238 ], [ -106.584492821734557, 31.882944632611736 ], [ -106.584484439948639, 31.882949469949946 ], [ -106.58447705119481, 31.882955367927234 ], [ -106.584470837513038, 31.882962181413333 ], [ -106.584465953018238, 31.882969743133525 ], [ -106.584462517568625, 31.882977863972474 ], [ -106.584460618533541, 31.882986343728664 ], [ -106.584460300359083, 31.882994973421464 ], [ -106.584461572192666, 31.883003538538503 ] ] ] } },
{ "type": "Feature", "properties": { "district": 1, "zonelabel": "C-3", "state_cd_clean": null, "use_desc": "Unknown", "targetlotarea": 5175, "existing_units": 0, "footprint_sqft": 0.0, "interior_sqft": 0.0, "coverage_pct": 0.0, "in_corridor": false, "in_historic": false, "context_type": "Suburban" }, "geometry": { "type": "Polygon", "coordinates": [ [ [ -106.595996589289314, 31.883682677659806 ], [ -106.596068451069613, 31.883683452028169 ], [ -106.596015595404339, 31.883540861095796 ], [ -106.595692077719661, 31.883536728317164 ], [ -106.595748620827564, 31.883680388556492 ], [ -106.595996589289314, 31.883682677659806 ] ] ] } },
{ "type": "Feature", "properties": { "district": 1, "zonelabel": "C-3", "state_cd_clean": null, "use_desc": "Unknown", "targetlotarea": 6520, "existing_units": 0, "footprint_sqft": 0.0, "interior_sqft": 0.0, "coverage_pct": 0.0, "in_corridor": false, "in_historic": false, "context_type": "Suburban" }, "geometry": { "type": "Polygon", "coordinates": [ [ [ -106.595844807185102, 31.883920099210449 ], [ -106.596083470873822, 31.883915463130254 ], [ -106.595996589289314, 31.883682677659806 ], [ -106.595748620827564, 31.883680388556492 ], [ -106.595795601649257, 31.883800569264277 ], [ -106.595844807185102, 31.883920099210449 ] ] ] } },
{ "type": "Feature", "properties": { "district": 1, "zonelabel": "C-3", "state_cd_clean": null, "use_desc": "Unknown", "targetlotarea": 1884, "existing_units": 0, "footprint_sqft": 0.0, "interior_sqft": 0.0, "coverage_pct": 0.0, "in_corridor": false, "in_historic": false, "context_type": "Suburban" }, "geometry": { "type": "Polygon", "coordinates": [ [ [ -106.596083470873822, 31.883915463130254 ], [ -106.596155505089556, 31.88391668170442 ], [ -106.596092704173159, 31.883748330918955 ], [ -106.596068451069613, 31.883683452028169 ], [ -106.595996589289314, 31.883682677659806 ], [ -106.596083470873822, 31.883915463130254 ] ] ] } },
{ "type": "Feature", "properties": { "district": 1, "zonelabel": "C-4", "state_cd_clean": null, "use_desc": "Unknown", "targetlotarea": 84441, "existing_units": 0, "footprint_sqft": 0.0, "interior_sqft": 0.0, "coverage_pct": 0.0, "in_corridor": false, "in_historic": false, "context_type": "Suburban" }, "geometry": { "type": "Polygon", "coordinates": [ [ [ -106.583199333173283, 31.884457466119898 ], [ -106.583335719972894, 31.884579873506148 ], [ -106.58432907958408, 31.884403862819525 ], [ -106.584295559890236, 31.884366618718584 ], [ -106.584535415338436, 31.884209466881849 ], [ -106.5846002054369, 31.884167017232809 ], [ -106.584512854706389, 31.883808104627224 ], [ -106.584419450911312, 31.883825738445015 ], [ -106.584419728125397, 31.88382719745778 ], [ -106.583915288146983, 31.883916579801042 ], [ -106.583088312568606, 31.884063108411006 ], [ -106.583199333173283, 31.884457466119898 ] ] ] } },
{ "type": "Feature", "properties": { "district": 1, "zonelabel": "C-4", "state_cd_clean": null, "use_desc": "Unknown", "targetlotarea": 165730, "existing_units": 0, "footprint_sqft": 0.0, "interior_sqft": 0.0, "coverage_pct": 0.0, "in_corridor": false, "in_historic": false, "context_type": "Suburban" }, "geometry": { "type": "Polygon", "coordinates": [ [ [ -106.58697068006785, 31.883829889334589 ], [ -106.586973955870221, 31.88442439220379 ], [ -106.586974101342065, 31.884285208526407 ], [ -106.586974309235131, 31.884086605144851 ], [ -106.586974510062632, 31.883894651915053 ], [ -106.586974725792061, 31.883687949458501 ], [ -106.586975032437621, 31.883394812884738 ], [ -106.586975025950139, 31.883381537019513 ], [ -106.586962964334376, 31.883381460420594 ], [ -106.586934476762551, 31.882845733847859 ], [ -106.586797265122442, 31.882541646394902 ], [ -106.585723923574889, 31.882728645574389 ], [ -106.585733217075372, 31.882727216656416 ], [ -106.585734063584667, 31.882956217524924 ], [ -106.58587929374967, 31.883950443373372 ], [ -106.586017549709524, 31.883935740529068 ], [ -106.586970659455616, 31.883834375933372 ], [ -106.58697068006785, 31.883829889334589 ] ] ] } },
{ "type": "Feature", "properties": { "district": 1, "zonelabel": "C-3", "state_cd_clean": null, "use_desc": "Unknown", "targetlotarea": 5435, "existing_units": 0, "footprint_sqft": 0.0, "interior_sqft": 0.0, "coverage_pct": 0.0, "in_corridor": false, "in_historic": false, "context_type": "Suburban" }, "geometry": { "type": "Polygon", "coordinates": [ [ [ -106.595901446262303, 31.884067833925613 ], [ -106.596215309215651, 31.884075095193843 ], [ -106.596155505089556, 31.88391668170442 ], [ -106.596083470873822, 31.883915463130254 ], [ -106.595844807185102, 31.883920099210449 ], [ -106.595872012473848, 31.883995456798626 ], [ -106.595901446262303, 31.884067833925613 ] ] ] } },
{ "type": "Feature", "properties": { "district": 1, "zonelabel": "C-3", "state_cd_clean": null, "use_desc": "Unknown", "targetlotarea": 4575, "existing_units": 0, "footprint_sqft": 0.0, "interior_sqft": 0.0, "coverage_pct": 0.0, "in_corridor": false, "in_historic": false, "context_type": "Suburban" }, "geometry": { "type": "Polygon", "coordinates": [ [ [ -106.596195520614984, 31.884204886247161 ], [ -106.596264540251639, 31.884205947142544 ], [ -106.596240444546524, 31.88413736454293 ], [ -106.596215309215651, 31.884075095193843 ], [ -106.595901446262303, 31.884067833925613 ], [ -106.595951723455656, 31.884196500340909 ], [ -106.596195520614984, 31.884204886247161 ] ] ] } },
{ "type": "Feature", "properties": { "district": 1, "zonelabel": "C-3", "state_cd_clean": null, "use_desc": "Unknown", "targetlotarea": 940, "existing_units": 0, "footprint_sqft": 0.0, "interior_sqft": 0.0, "coverage_pct": 0.0, "in_corridor": false, "in_historic": false, "context_type": "Suburban" }, "geometry": { "type": "Polygon", "coordinates": [ [ [ -106.596236138487683, 31.88432358703059 ], [ -106.596308166489706, 31.884324786865353 ], [ -106.596264540251639, 31.884205947142544 ], [ -106.596195520614984, 31.884204886247161 ], [ -106.596236138487683, 31.88432358703059 ] ] ] } },
{ "type": "Feature", "properties": { "district": 1, "zonelabel": "C-3", "state_cd_clean": null, "use_desc": "Unknown", "targetlotarea": 6427, "existing_units": 0, "footprint_sqft": 0.0, "interior_sqft": 0.0, "coverage_pct": 0.0, "in_corridor": false, "in_historic": false, "context_type": "Suburban" }, "geometry": { "type": "Polygon", "coordinates": [ [ [ -106.596099695772992, 31.884568913612675 ], [ -106.596331127496882, 31.884567819782784 ], [ -106.596236138487683, 31.88432358703059 ], [ -106.596002832507551, 31.884323798931081 ], [ -106.59608011819202, 31.884519401210206 ], [ -106.596099695772992, 31.884568913612675 ] ] ] } },
{ "type": "Feature", "properties": { "district": 1, "zonelabel": "C-3", "state_cd_clean": null, "use_desc": "Unknown", "targetlotarea": 1947, "existing_units": 0, "footprint_sqft": 0.0, "interior_sqft": 0.0, "coverage_pct": 0.0, "in_corridor": false, "in_historic": false, "context_type": "Suburban" }, "geometry": { "type": "Polygon", "coordinates": [ [ [ -106.596331127496882, 31.884567819782784 ], [ -106.596400342618367, 31.884567492831209 ], [ -106.596385428579282, 31.884525984067274 ], [ -106.596363942735891, 31.884470518797468 ], [ -106.596308166489706, 31.884324786865353 ], [ -106.596236138487683, 31.88432358703059 ], [ -106.596331127496882, 31.884567819782784 ] ] ] } },
{ "type": "Feature", "properties": { "district": 1, "zonelabel": "C-3", "state_cd_clean": null, "use_desc": "Unknown", "targetlotarea": 12771, "existing_units": 0, "footprint_sqft": 0.0, "interior_sqft": 0.0, "coverage_pct": 0.0, "in_corridor": false, "in_historic": false, "context_type": "Suburban" }, "geometry": { "type": "Polygon", "coordinates": [ [ [ -106.596291295791332, 31.885083661247602 ], [ -106.596609432168762, 31.88508729193542 ], [ -106.596579682545055, 31.885012406416738 ], [ -106.596527574775749, 31.884866769141116 ], [ -106.596470169666588, 31.884722588842692 ], [ -106.596161496763713, 31.884731926260553 ], [ -106.596192273797783, 31.884822164077384 ], [ -106.596217235585272, 31.884889544325194 ], [ -106.596256893682622, 31.884985873033152 ], [ -106.596291295791332, 31.885083661247602 ] ] ] } },
{ "type": "Feature", "properties": { "district": 1, "zonelabel": "C-4", "state_cd_clean": null, "use_desc": "Unknown", "targetlotarea": 119407, "existing_units": 0, "footprint_sqft": 0.0, "interior_sqft": 0.0, "coverage_pct": 0.0, "in_corridor": false, "in_historic": false, "context_type": "Suburban" }, "geometry": { "type": "Polygon", "coordinates": [ [ [ -106.586123888900445, 31.885765778753964 ], [ -106.586138199894478, 31.885765815196912 ], [ -106.58588847106472, 31.884029652549511 ], [ -106.585749351757045, 31.884053836701728 ], [ -106.585739528467116, 31.883985522985835 ], [ -106.585373108359775, 31.884049232342178 ], [ -106.584742856846759, 31.884158811515459 ], [ -106.584750811175581, 31.884188465002573 ], [ -106.584763810164006, 31.884216790622116 ], [ -106.584781568429733, 31.884243168884161 ], [ -106.58481332729707, 31.88431478163395 ], [ -106.584851472213657, 31.884384088016521 ], [ -106.584895775838817, 31.884450674406153 ], [ -106.584945973729774, 31.884514142506223 ], [ -106.58500176569332, 31.884574113801101 ], [ -106.585062818951613, 31.884630229404117 ], [ -106.585128768498265, 31.8846821554604 ], [ -106.585489925958598, 31.884941369485453 ], [ -106.585563555226798, 31.884998496186796 ], [ -106.585631803609942, 31.885060295412906 ], [ -106.585694263738347, 31.885126401035176 ], [ -106.585750565562307, 31.885196418938577 ], [ -106.585800372428409, 31.885269931726214 ], [ -106.585843388763408, 31.885346502866458 ], [ -106.585882166953965, 31.885437434298467 ], [ -106.585914051646583, 31.885530296343759 ], [ -106.585938912815806, 31.885624706845569 ], [ -106.585956648808704, 31.885720280477504 ], [ -106.585959561343685, 31.885729482194495 ], [ -106.585964296391666, 31.885738114975837 ], [ -106.585970709800307, 31.885745919279422 ], [ -106.585978608128414, 31.885752658704391 ], [ -106.585987754694585, 31.885758131443364 ], [ -106.58599787280184, 31.885762171030567 ], [ -106.586060816319872, 31.885765621040633 ], [ -106.586123888900445, 31.885765778753964 ] ] ] } },
{ "type": "Feature", "properties": { "district": 1, "zonelabel": "C-4", "state_cd_clean": null, "use_desc": "Unknown", "targetlotarea": 25995, "existing_units": 0, "footprint_sqft": 0.0, "interior_sqft": 0.0, "coverage_pct": 0.0, "in_corridor": false, "in_historic": false, "context_type": "Suburban" }, "geometry": { "type": "Polygon", "coordinates": [ [ [ -106.586280397554361, 31.885766183596363 ], [ -106.586969579941652, 31.885766160901216 ], [ -106.586969522280768, 31.885495444818943 ], [ -106.586969510952045, 31.885442434642517 ], [ -106.586963735459136, 31.885444062340724 ], [ -106.58623342667498, 31.885442148511821 ], [ -106.586280397554361, 31.885766183596363 ] ] ] } },
{ "type": "Feature", "properties": { "district": 1, "zonelabel": "C-3", "state_cd_clean": null, "use_desc": "Unknown", "targetlotarea": 11676, "existing_units": 0, "footprint_sqft": 0.0, "interior_sqft": 0.0, "coverage_pct": 0.0, "in_corridor": false, "in_historic": false, "context_type": "Suburban" }, "geometry": { "type": "Polygon", "coordinates": [ [ [ -106.596411990404235, 31.885413311846911 ], [ -106.596727109992301, 31.885414911403416 ], [ -106.5967050792663, 31.885348287229935 ], [ -106.596679920402195, 31.885282930831345 ], [ -106.596656193796633, 31.885214175199934 ], [ -106.596609432168762, 31.88508729193542 ], [ -106.596291295791332, 31.885083661247602 ], [ -106.596354975173327, 31.88524759874392 ], [ -106.596411990404235, 31.885413311846911 ] ] ] } },
{ "type": "Feature", "properties": { "district": 1, "zonelabel": "R-5", "state_cd_clean": null, "use_desc": "Unknown", "targetlotarea": 17020, "existing_units": 0, "footprint_sqft": 0.0, "interior_sqft": 0.0, "coverage_pct": 0.0, "in_corridor": false, "in_historic": false, "context_type": "Suburban" }, "geometry": { "type": "Polygon", "coordinates": [ [ [ -106.596073764422982, 31.885832179015683 ], [ -106.596434984514602, 31.885832149650348 ], [ -106.596418502560439, 31.885692257426044 ], [ -106.596397024791372, 31.885552860159418 ], [ -106.596370572457261, 31.885414086897725 ], [ -106.596003006651813, 31.885413768239708 ], [ -106.596022389737186, 31.885469485506231 ], [ -106.596046154564164, 31.885609634553084 ], [ -106.596066222875535, 31.885750203418592 ], [ -106.596073764422982, 31.885832179015683 ] ] ] } },
{ "type": "Feature", "properties": { "district": 1, "zonelabel": "C-3", "state_cd_clean": null, "use_desc": "Unknown", "targetlotarea": 14921, "existing_units": 0, "footprint_sqft": 0.0, "interior_sqft": 0.0, "coverage_pct": 0.0, "in_corridor": false, "in_historic": false, "context_type": "Suburban" }, "geometry": { "type": "Polygon", "coordinates": [ [ [ -106.596469749755016, 31.885832859728545 ], [ -106.596788190103538, 31.885820588809707 ], [ -106.596782152177866, 31.885726544612773 ], [ -106.596769809029709, 31.885632949972106 ], [ -106.596751200074706, 31.88554011281218 ], [ -106.596727109992301, 31.885414911403416 ], [ -106.596411990404235, 31.885413311846911 ], [ -106.59642361952109, 31.885474643610014 ], [ -106.596441800829922, 31.88561147876062 ], [ -106.59646244576372, 31.885748059035389 ], [ -106.596469749755016, 31.885832859728545 ] ] ] } },
{ "type": "Feature", "properties": { "district": 1, "zonelabel": "R-3A", "state_cd_clean": null, "use_desc": "Unknown", "targetlotarea": 58276, "existing_units": 0, "footprint_sqft": 0.0, "interior_sqft": 0.0, "coverage_pct": 0.0, "in_corridor": false, "in_historic": false, "context_type": "Suburban" }, "geometry": { "type": "Polygon", "coordinates": [ [ [ -106.583566706330117, 31.88658337203702 ], [ -106.584400774978462, 31.886585434544514 ], [ -106.584404539661847, 31.886023035664127 ], [ -106.583569476187208, 31.885909467445938 ], [ -106.583566706330117, 31.88658337203702 ] ] ] } },
{ "type": "Feature", "properties": { "district": 1, "zonelabel": "C-4", "state_cd_clean": null, "use_desc": "Unknown", "targetlotarea": 51104, "existing_units": 0, "footprint_sqft": 0.0, "interior_sqft": 0.0, "coverage_pct": 0.0, "in_corridor": false, "in_historic": false, "context_type": "Suburban" }, "geometry": { "type": "Polygon", "coordinates": [ [ [ -106.573502011953551, 31.887331042772406 ], [ -106.573614808789799, 31.887726000512526 ], [ -106.574469738318328, 31.887548254667625 ], [ -106.574322600148719, 31.887033082859293 ], [ -106.5736085768512, 31.887181533363293 ], [ -106.573612398065777, 31.88720285410778 ], [ -106.573611822712451, 31.887224416215087 ], [ -106.573606867039715, 31.887245565852023 ], [ -106.573597681392883, 31.887265659921887 ], [ -106.573584547415493, 31.887284087876829 ], [ -106.573567861294563, 31.887300290585816 ], [ -106.573548131483648, 31.887313773993039 ], [ -106.573525956789609, 31.887324130039126 ], [ -106.573502011953551, 31.887331042772406 ] ] ] } },
{ "type": "Feature", "properties": { "district": 1, "zonelabel": "C-4", "state_cd_clean": null, "use_desc": "Unknown", "targetlotarea": 16791, "existing_units": 0, "footprint_sqft": 0.0, "interior_sqft": 0.0, "coverage_pct": 0.0, "in_corridor": false, "in_historic": false, "context_type": "Suburban" }, "geometry": { "type": "Polygon", "coordinates": [ [ [ -106.583575447247355, 31.887091336918232 ], [ -106.583992655743131, 31.887092126613947 ], [ -106.583994117332679, 31.886736158811853 ], [ -106.583576913928198, 31.886734507240121 ], [ -106.583575447247355, 31.887091336918232 ] ] ] } },
{ "type": "Feature", "properties": { "district": 1, "zonelabel": "C-3", "state_cd_clean": null, "use_desc": "Unknown", "targetlotarea": 1010748, "existing_units": 0, "footprint_sqft": 0.0, "interior_sqft": 0.0, "coverage_pct": 0.0, "in_corridor": false, "in_historic": false, "context_type": "Suburban" }, "geometry": { "type": "Polygon", "coordinates": [ [ [ -106.560750312103309, 31.888417085736929 ], [ -106.560766417643208, 31.888420070488216 ], [ -106.560782879875035, 31.888420733088122 ], [ -106.560799242516353, 31.888419057416503 ], [ -106.560815053247126, 31.888415087681707 ], [ -106.560829872625959, 31.888408935220319 ], [ -106.560843290502433, 31.888400770486385 ], [ -106.560854934223386, 31.888390819045984 ], [ -106.560864482116045, 31.888379357319401 ], [ -106.560871668172993, 31.888366703324685 ], [ -106.560876294125151, 31.888353207067635 ], [ -106.560959212276856, 31.888112507653005 ], [ -106.560982754604709, 31.888050181331323 ], [ -106.561012293218155, 31.887989742410792 ], [ -106.561047622666308, 31.887931608980157 ], [ -106.561088498502613, 31.887876185636948 ], [ -106.561395379983068, 31.887478477005988 ], [ -106.561434496124306, 31.887423442969833 ], [ -106.561467976023351, 31.88736576635895 ], [ -106.56149557725405, 31.887305866136831 ], [ -106.56151709768146, 31.887244178307995 ], [ -106.56159309043808, 31.88687364369623 ], [ -106.561661886637637, 31.886502087386045 ], [ -106.56171646139218, 31.886215842112534 ], [ -106.560854952468887, 31.886123680426408 ], [ -106.560964972632945, 31.885126599962479 ], [ -106.560463932446268, 31.885096352956342 ], [ -106.559962380581226, 31.885073073600985 ], [ -106.559460451661124, 31.885056766288635 ], [ -106.558664089413654, 31.885016449060849 ], [ -106.558153695603522, 31.885250527635062 ], [ -106.558031951239386, 31.887019145140364 ], [ -106.558198618088468, 31.887152735881831 ], [ -106.558370296345686, 31.887281623945519 ], [ -106.558546803413208, 31.887405672616623 ], [ -106.558727952763874, 31.887524749884602 ], [ -106.558913553004459, 31.887638730294608 ], [ -106.559103405528262, 31.887747491446923 ], [ -106.55929731014686, 31.887850919147059 ], [ -106.559495060573084, 31.887948903105912 ], [ -106.559696445653913, 31.88804133959032 ], [ -106.559901254588127, 31.888128130270733 ], [ -106.560109267487434, 31.888209183575555 ], [ -106.560320264756569, 31.888284412436477 ], [ -106.560534021994158, 31.888353737242113 ], [ -106.560750312103309, 31.888417085736929 ] ] ] } },
{ "type": "Feature", "properties": { "district": 1, "zonelabel": "C-4", "state_cd_clean": null, "use_desc": "Unknown", "targetlotarea": 227790, "existing_units": 0, "footprint_sqft": 0.0, "interior_sqft": 0.0, "coverage_pct": 0.0, "in_corridor": false, "in_historic": false, "context_type": "Suburban" }, "geometry": { "type": "Polygon", "coordinates": [ [ [ -106.574926161696496, 31.88758727273035 ], [ -106.575145759201405, 31.888390925702854 ], [ -106.576243175052355, 31.888165348296585 ], [ -106.575760041786467, 31.886437221665744 ], [ -106.574679858265512, 31.886668728449447 ], [ -106.574672124884827, 31.886637786726318 ], [ -106.574508422211565, 31.886673502381647 ], [ -106.574526674892653, 31.886744049161123 ], [ -106.574676413078578, 31.886713511747551 ], [ -106.574891959479174, 31.887451604976803 ], [ -106.574809327267715, 31.887469181502532 ], [ -106.574848756883213, 31.887603464272178 ], [ -106.574926161696496, 31.88758727273035 ] ] ] } },
{ "type": "Feature", "properties": { "district": 1, "zonelabel": "R-3A", "state_cd_clean": null, "use_desc": "Unknown", "targetlotarea": 153188, "existing_units": 0, "footprint_sqft": 0.0, "interior_sqft": 0.0, "coverage_pct": 0.0, "in_corridor": false, "in_historic": false, "context_type": "Suburban" }, "geometry": { "type": "Polygon", "coordinates": [ [ [ -106.583569506300535, 31.888536689531566 ], [ -106.58440580788691, 31.888538269916172 ], [ -106.584405808485457, 31.888537781223238 ], [ -106.584405812604587, 31.88853686421567 ], [ -106.584406013593551, 31.888477723489636 ], [ -106.584406786243392, 31.888250448500628 ], [ -106.584407215721086, 31.888124186303497 ], [ -106.584407718887078, 31.887976112223811 ], [ -106.58440822205155, 31.887828038134717 ], [ -106.584408725273761, 31.887679964936662 ], [ -106.584409228435035, 31.887531890828804 ], [ -106.584409732709403, 31.887383817561368 ], [ -106.584410236922878, 31.887235743384121 ], [ -106.584410740138807, 31.88708767014856 ], [ -106.5844112432938, 31.886939596003252 ], [ -106.584411929633475, 31.886737811438675 ], [ -106.583994117332679, 31.886736158811853 ], [ -106.583992655743131, 31.887092126613947 ], [ -106.583575447247355, 31.887091336918232 ], [ -106.583569506300535, 31.888536689531566 ] ] ] } },
{ "type": "Feature", "properties": { "district": 1, "zonelabel": "C-4", "state_cd_clean": null, "use_desc": "Unknown", "targetlotarea": 118118, "existing_units": 0, "footprint_sqft": 0.0, "interior_sqft": 0.0, "coverage_pct": 0.0, "in_corridor": false, "in_historic": false, "context_type": "Suburban" }, "geometry": { "type": "Polygon", "coordinates": [ [ [ -106.575125567807177, 31.889266557426691 ], [ -106.57514367247154, 31.889333522542881 ], [ -106.576489113872313, 31.889045024009445 ], [ -106.576243175052355, 31.888165348296585 ], [ -106.575145759201405, 31.888390925702854 ], [ -106.575370677590442, 31.889214026842193 ], [ -106.575125567807177, 31.889266557426691 ] ] ] } },
{ "type": "Feature", "properties": { "district": 1, "zonelabel": "C-4", "state_cd_clean": null, "use_desc": "Unknown", "targetlotarea": 375384, "existing_units": 0, "footprint_sqft": 0.0, "interior_sqft": 0.0, "coverage_pct": 0.0, "in_corridor": false, "in_historic": false, "context_type": "Suburban" }, "geometry": { "type": "Polygon", "coordinates": [ [ [ -106.572760173687897, 31.887903678607163 ], [ -106.572761717044528, 31.887909016980689 ], [ -106.573235387252694, 31.889554004831098 ], [ -106.573240402504098, 31.889566797630312 ], [ -106.573247794462475, 31.889578721442557 ], [ -106.573257366369674, 31.889589456908688 ], [ -106.573268861216519, 31.889598718267198 ], [ -106.573281972533238, 31.889606256449564 ], [ -106.573296348266595, 31.889611869734122 ], [ -106.573311603858969, 31.889615409441955 ], [ -106.573327332742764, 31.889616778531355 ], [ -106.573343112328246, 31.889615942149486 ], [ -106.575030440037025, 31.889407741003641 ], [ -106.575017674448688, 31.889360525337722 ], [ -106.574769009509779, 31.888440720072722 ], [ -106.574526011281279, 31.887541856546534 ], [ -106.574471175705398, 31.887553268415299 ], [ -106.574469738318328, 31.887548254667625 ], [ -106.572760173687897, 31.887903678607163 ] ] ] } },
{ "type": "Feature", "properties": { "district": 1, "zonelabel": "C-4", "state_cd_clean": null, "use_desc": "Unknown", "targetlotarea": 471249, "existing_units": 0, "footprint_sqft": 0.0, "interior_sqft": 0.0, "coverage_pct": 0.0, "in_corridor": false, "in_historic": false, "context_type": "Suburban" }, "geometry": { "type": "Polygon", "coordinates": [ [ [ -106.578674854167346, 31.891848895471046 ], [ -106.579784329690668, 31.891845974564305 ], [ -106.579275829353975, 31.88911428636969 ], [ -106.577796861022478, 31.889285902244993 ], [ -106.577751578649, 31.889293430476808 ], [ -106.577734860634962, 31.889298920809001 ], [ -106.577719449075204, 31.889306710521861 ], [ -106.577705773170592, 31.889316581225025 ], [ -106.57769421605424, 31.889328258025312 ], [ -106.577685099257678, 31.889341414787353 ], [ -106.577678679082638, 31.889355683340259 ], [ -106.577675134648246, 31.88937066488964 ], [ -106.577674565377407, 31.889385940073971 ], [ -106.577676985613266, 31.889401083674528 ], [ -106.577756230865859, 31.889634546678945 ], [ -106.577827670465837, 31.889869836302559 ], [ -106.577891249453955, 31.890106761892941 ], [ -106.578226503727635, 31.891852566158036 ], [ -106.578674854167346, 31.891848895471046 ] ] ] } },
{ "type": "Feature", "properties": { "district": 1, "zonelabel": "C-4", "state_cd_clean": null, "use_desc": "Unknown", "targetlotarea": 393492, "existing_units": 0, "footprint_sqft": 0.0, "interior_sqft": 0.0, "coverage_pct": 0.0, "in_corridor": false, "in_historic": false, "context_type": "Suburban" }, "geometry": { "type": "Polygon", "coordinates": [ [ [ -106.579784329690668, 31.891845974564305 ], [ -106.580982910424595, 31.89184280858596 ], [ -106.580537981350886, 31.88896781524781 ], [ -106.579275829353975, 31.88911428636969 ], [ -106.579784329690668, 31.891845974564305 ] ] ] } },
{ "type": "Feature", "properties": { "district": 1, "zonelabel": "C-4", "state_cd_clean": null, "use_desc": "Unknown", "targetlotarea": 473138, "existing_units": 0, "footprint_sqft": 0.0, "interior_sqft": 0.0, "coverage_pct": 0.0, "in_corridor": false, "in_historic": false, "context_type": "Suburban" }, "geometry": { "type": "Polygon", "coordinates": [ [ [ -106.580982910424595, 31.89184280858596 ], [ -106.581052367685459, 31.891845295688114 ], [ -106.581121826060539, 31.891842819295892 ], [ -106.581190797542675, 31.891835396495299 ], [ -106.581258800660805, 31.891823079286471 ], [ -106.581325358309925, 31.891805953785113 ], [ -106.58139512889629, 31.891779475339494 ], [ -106.581461104397775, 31.891746673640835 ], [ -106.581522502583113, 31.891707936683297 ], [ -106.58157859059456, 31.891663726870608 ], [ -106.581628703232369, 31.891614569299438 ], [ -106.581825665057551, 31.891399211788809 ], [ -106.581874647842412, 31.891370198589538 ], [ -106.58192645523566, 31.891345008843654 ], [ -106.581980678956725, 31.8913238409807 ], [ -106.582036889593525, 31.891306861927188 ], [ -106.582317187831293, 31.891245292130797 ], [ -106.582314964395565, 31.891053262961815 ], [ -106.582309333245149, 31.890861285268315 ], [ -106.582300438690567, 31.890384607768841 ], [ -106.582240843553322, 31.889163293809908 ], [ -106.582222564797902, 31.88886501474952 ], [ -106.582217886750357, 31.888849646218748 ], [ -106.582210303765876, 31.888835145992072 ], [ -106.582200024009182, 31.888821909645575 ], [ -106.582187329670319, 31.888810299395825 ], [ -106.582172565580308, 31.888800632000752 ], [ -106.582156136685143, 31.88879317255806 ], [ -106.58213849156293, 31.888788125360428 ], [ -106.582120112451449, 31.888785627147687 ], [ -106.582101503579935, 31.888785746763674 ], [ -106.582083170821463, 31.888788481616032 ], [ -106.580537981350886, 31.88896781524781 ], [ -106.580982910424595, 31.89184280858596 ] ] ] } },
{ "type": "Feature", "properties": { "district": 1, "zonelabel": "R-3A", "state_cd_clean": null, "use_desc": "Unknown", "targetlotarea": 140806, "existing_units": 0, "footprint_sqft": 0.0, "interior_sqft": 0.0, "coverage_pct": 0.0, "in_corridor": false, "in_historic": false, "context_type": "Suburban" }, "geometry": { "type": "Polygon", "coordinates": [ [ [ -106.583378230720797, 31.893888042355456 ], [ -106.584344656258793, 31.893888324923193 ], [ -106.584344913763559, 31.893737165730382 ], [ -106.584345146690595, 31.893599748083549 ], [ -106.584345379557533, 31.893462329528155 ], [ -106.584345613479201, 31.893324910914057 ], [ -106.584345847459574, 31.893187493192229 ], [ -106.584346080383909, 31.893050075512985 ], [ -106.584346360290596, 31.892885173906688 ], [ -106.584346594209421, 31.892747755258551 ], [ -106.584346849192343, 31.89259797087329 ], [ -106.583380436675043, 31.89259768652084 ], [ -106.583378230720797, 31.893888042355456 ] ] ] } },
{ "type": "Feature", "properties": { "district": 1, "zonelabel": "C-4", "state_cd_clean": null, "use_desc": "Unknown", "targetlotarea": 593082, "existing_units": 0, "footprint_sqft": 0.0, "interior_sqft": 0.0, "coverage_pct": 0.0, "in_corridor": false, "in_historic": false, "context_type": "Suburban" }, "geometry": { "type": "Polygon", "coordinates": [ [ [ -106.578368726012798, 31.894707379951289 ], [ -106.580323343244388, 31.894701727467499 ], [ -106.580323662449288, 31.892043985117152 ], [ -106.578709308657437, 31.892048811536167 ], [ -106.5784050153149, 31.892051579185363 ], [ -106.578318380449815, 31.892050505007546 ], [ -106.578300475211165, 31.892042768108691 ], [ -106.578284256284135, 31.892032681373863 ], [ -106.578270143156487, 31.89202050560371 ], [ -106.578258502761329, 31.892006555604354 ], [ -106.578249636337958, 31.891991193591341 ], [ -106.578279398169116, 31.892145902700406 ], [ -106.57830188726021, 31.892301503355647 ], [ -106.578323216440708, 31.892511499537072 ], [ -106.578339992921528, 31.892721796182492 ], [ -106.578352210872353, 31.892932321311246 ], [ -106.57837114182152, 31.894489770037289 ], [ -106.578368726012798, 31.894707379951289 ] ] ] } },
{ "type": "Feature", "properties": { "district": 1, "zonelabel": "C-4", "state_cd_clean": null, "use_desc": "Unknown", "targetlotarea": 643223, "existing_units": 0, "footprint_sqft": 0.0, "interior_sqft": 0.0, "coverage_pct": 0.0, "in_corridor": false, "in_historic": false, "context_type": "Suburban" }, "geometry": { "type": "Polygon", "coordinates": [ [ [ -106.580323343244388, 31.894701727467499 ], [ -106.582326732301283, 31.894695904332142 ], [ -106.582328545292754, 31.892226043094713 ], [ -106.582318989971853, 31.891400988937704 ], [ -106.582148051172794, 31.891424444308917 ], [ -106.582084609350929, 31.891444873926943 ], [ -106.582024397231521, 31.89147148221711 ], [ -106.58196823556402, 31.891503903731376 ], [ -106.581916893502282, 31.891541696914739 ], [ -106.581787063492499, 31.89167597132462 ], [ -106.581662191564021, 31.891813627085622 ], [ -106.581617667680788, 31.891858205304771 ], [ -106.581568135252027, 31.891898754974861 ], [ -106.581514090351817, 31.891934867505057 ], [ -106.581456077642443, 31.891966180750146 ], [ -106.581394680757384, 31.891992377665478 ], [ -106.581330517736106, 31.892013197365571 ], [ -106.581264232106022, 31.89202842832562 ], [ -106.581196492479478, 31.892037918337319 ], [ -106.581127978655203, 31.89204157246542 ], [ -106.580323662449288, 31.892043985117152 ], [ -106.580323343244388, 31.894701727467499 ] ] ] } },
{ "type": "Feature", "properties": { "district": 1, "zonelabel": "A-O", "state_cd_clean": null, "use_desc": "Unknown", "targetlotarea": 98169, "existing_units": 0, "footprint_sqft": 0.0, "interior_sqft": 0.0, "coverage_pct": 0.0, "in_corridor": false, "in_historic": false, "context_type": "Suburban" }, "geometry": { "type": "Polygon", "coordinates": [ [ [ -106.583550678306068, 31.894930618185626 ], [ -106.584342884673276, 31.894930899659087 ], [ -106.584344412093216, 31.894031240325713 ], [ -106.583377987210667, 31.894030957654877 ], [ -106.583376448763119, 31.894930556548296 ], [ -106.583550678306068, 31.894930618185626 ] ] ] } },
{ "type": "Feature", "properties": { "district": 1, "zonelabel": "R-3", "state_cd_clean": null, "use_desc": "Unknown", "targetlotarea": 208767, "existing_units": 0, "footprint_sqft": 0.0, "interior_sqft": 0.0, "coverage_pct": 0.0, "in_corridor": false, "in_historic": false, "context_type": "Suburban" }, "geometry": { "type": "Polygon", "coordinates": [ [ [ -106.598521846234803, 31.896013579227432 ], [ -106.598449445502396, 31.895786120408584 ], [ -106.598437138797593, 31.895708534800143 ], [ -106.59595628738893, 31.895720397192321 ], [ -106.595559787293766, 31.896390791788235 ], [ -106.598612304485044, 31.896375706973547 ], [ -106.598521846234803, 31.896013579227432 ] ] ] } },
{ "type": "Feature", "properties": { "district": 1, "zonelabel": "C-2", "state_cd_clean": null, "use_desc": "Unknown", "targetlotarea": 27904, "existing_units": 0, "footprint_sqft": 0.0, "interior_sqft": 0.0, "coverage_pct": 0.0, "in_corridor": false, "in_historic": false, "context_type": "Suburban" }, "geometry": { "type": "Polygon", "coordinates": [ [ [ -106.598612304485044, 31.896375706973547 ], [ -106.595559787293766, 31.896390791788235 ], [ -106.595512302859035, 31.896471080480467 ], [ -106.598522395586969, 31.896456250855845 ], [ -106.598632288299143, 31.896455708045615 ], [ -106.598612304485044, 31.896375706973547 ] ] ] } },
{ "type": "Feature", "properties": { "district": 1, "zonelabel": "C-2", "state_cd_clean": null, "use_desc": "Unknown", "targetlotarea": 4823, "existing_units": 0, "footprint_sqft": 0.0, "interior_sqft": 0.0, "coverage_pct": 0.0, "in_corridor": false, "in_historic": false, "context_type": "Suburban" }, "geometry": { "type": "Polygon", "coordinates": [ [ [ -106.598687497473364, 31.896676723297567 ], [ -106.598422406750998, 31.896678032464973 ], [ -106.5984308239196, 31.896833420818297 ], [ -106.598723960678441, 31.896826790057574 ], [ -106.598687497473364, 31.896676723297567 ] ] ] } },
{ "type": "Feature", "properties": { "district": 1, "zonelabel": "C-4", "state_cd_clean": null, "use_desc": "Unknown", "targetlotarea": 1331936, "existing_units": 0, "footprint_sqft": 0.0, "interior_sqft": 0.0, "coverage_pct": 0.0, "in_corridor": false, "in_historic": false, "context_type": "Suburban" }, "geometry": { "type": "Polygon", "coordinates": [ [ [ -106.580962375044052, 31.897698546657359 ], [ -106.581960810188406, 31.897680665525257 ], [ -106.582328135240274, 31.897350312006509 ], [ -106.5823287205572, 31.895120320141 ], [ -106.582326732301283, 31.894695904332142 ], [ -106.580323343244388, 31.894701727467499 ], [ -106.578368726012798, 31.894707379951289 ], [ -106.578364659313578, 31.895073672632897 ], [ -106.578367547314599, 31.897606415384068 ], [ -106.57836965149491, 31.89762238159641 ], [ -106.578374860249937, 31.89763782140226 ], [ -106.578383028359866, 31.897652298265747 ], [ -106.578393922434586, 31.897665403362581 ], [ -106.578407237456958, 31.897676765626262 ], [ -106.578422595502133, 31.897686064454849 ], [ -106.578439562102858, 31.897693037055987 ], [ -106.578457658452734, 31.897697486894366 ], [ -106.578476372197741, 31.897699286787425 ], [ -106.580962375044052, 31.897698546657359 ] ] ] } },
{ "type": "Feature", "properties": { "district": 1, "zonelabel": "C-2", "state_cd_clean": null, "use_desc": "Unknown", "targetlotarea": 171851, "existing_units": 0, "footprint_sqft": 0.0, "interior_sqft": 0.0, "coverage_pct": 0.0, "in_corridor": false, "in_historic": false, "context_type": "Suburban" }, "geometry": { "type": "Polygon", "coordinates": [ [ [ -106.598632288299143, 31.896455708045615 ], [ -106.598522395586969, 31.896456250855845 ], [ -106.595512302859035, 31.896471080480467 ], [ -106.5950973685988, 31.897172635852382 ], [ -106.595119894091496, 31.897172541152575 ], [ -106.595348087118154, 31.897171561986095 ], [ -106.595492311484563, 31.897170943045111 ], [ -106.595670281223065, 31.897170182007908 ], [ -106.595712711131583, 31.89716999919095 ], [ -106.595718503110746, 31.897169974542681 ], [ -106.595831380821295, 31.897169490242767 ], [ -106.595983135217978, 31.897168839319193 ], [ -106.595992479421298, 31.897168799229764 ], [ -106.596153576963474, 31.89716810806847 ], [ -106.596308071692675, 31.897167444239027 ], [ -106.596314677669625, 31.897167416555867 ], [ -106.596475775147638, 31.897166724096174 ], [ -106.596636874793646, 31.897166032236228 ], [ -106.596797973322396, 31.897165339327646 ], [ -106.596948615305706, 31.897164692898425 ], [ -106.596916952093423, 31.896685456213021 ], [ -106.598412673490472, 31.896678080604932 ], [ -106.598687497473364, 31.896676723297567 ], [ -106.598632288299143, 31.896455708045615 ] ] ] } },
{ "type": "Feature", "properties": { "district": 1, "zonelabel": "C-3", "state_cd_clean": null, "use_desc": "Unknown", "targetlotarea": 81783, "existing_units": 0, "footprint_sqft": 0.0, "interior_sqft": 0.0, "coverage_pct": 0.0, "in_corridor": false, "in_historic": false, "context_type": "Suburban" }, "geometry": { "type": "Polygon", "coordinates": [ [ [ -106.596948615305706, 31.897164692898425 ], [ -106.597200722421263, 31.897163608309576 ], [ -106.59843643275137, 31.897158289099394 ], [ -106.598468601945939, 31.897156741800348 ], [ -106.5984308239196, 31.896833420818297 ], [ -106.598422406750998, 31.896678032464973 ], [ -106.598412673490472, 31.896678080604932 ], [ -106.596916952093423, 31.896685456213021 ], [ -106.596948615305706, 31.897164692898425 ] ] ] } },
{ "type": "Feature", "properties": { "district": 1, "zonelabel": "C-3", "state_cd_clean": null, "use_desc": "Unknown", "targetlotarea": 17975, "existing_units": 0, "footprint_sqft": 0.0, "interior_sqft": 0.0, "coverage_pct": 0.0, "in_corridor": false, "in_historic": false, "context_type": "Suburban" }, "geometry": { "type": "Polygon", "coordinates": [ [ [ -106.598494958660922, 31.897382310773949 ], [ -106.598779755727676, 31.89737586702768 ], [ -106.598761857918817, 31.897210678168161 ], [ -106.598759028896751, 31.897156898405875 ], [ -106.598723960678441, 31.896826790057574 ], [ -106.5984308239196, 31.896833420818297 ], [ -106.598468601945939, 31.897156741800348 ], [ -106.598494958660922, 31.897382310773949 ] ] ] } },
{ "type": "Feature", "properties": { "district": 1, "zonelabel": "R-4", "state_cd_clean": null, "use_desc": "Unknown", "targetlotarea": 17261, "existing_units": 0, "footprint_sqft": 0.0, "interior_sqft": 0.0, "coverage_pct": 0.0, "in_corridor": false, "in_historic": false, "context_type": "Suburban" }, "geometry": { "type": "Polygon", "coordinates": [ [ [ -106.597217353366759, 31.898644003080463 ], [ -106.597438991726946, 31.898643836939552 ], [ -106.597424262336304, 31.897954152327312 ], [ -106.597365737165546, 31.89795415405397 ], [ -106.597267411346181, 31.897954156632064 ], [ -106.597262287882231, 31.897954156424593 ], [ -106.597255586890768, 31.897954157108018 ], [ -106.597202622444598, 31.897954158716779 ], [ -106.597217353366759, 31.898644003080463 ] ] ] } },
{ "type": "Feature", "properties": { "district": 1, "zonelabel": "R-4", "state_cd_clean": null, "use_desc": "Unknown", "targetlotarea": 114623, "existing_units": 0, "footprint_sqft": 0.0, "interior_sqft": 0.0, "coverage_pct": 0.0, "in_corridor": false, "in_historic": false, "context_type": "Suburban" }, "geometry": { "type": "Polygon", "coordinates": [ [ [ -106.597438991726946, 31.898643836939552 ], [ -106.598953746076702, 31.898642687032417 ], [ -106.598945904432327, 31.898591355993176 ], [ -106.598941134938769, 31.898476835687052 ], [ -106.598903402476225, 31.898302228806564 ], [ -106.598871545301719, 31.898126772049007 ], [ -106.598845589851265, 31.897950609570721 ], [ -106.598523529849956, 31.897950621471043 ], [ -106.598524065825103, 31.897954117516878 ], [ -106.597424262336304, 31.897954152327312 ], [ -106.597438991726946, 31.898643836939552 ] ] ] } },
{ "type": "Feature", "properties": { "district": 1, "zonelabel": "C-4", "state_cd_clean": null, "use_desc": "Unknown", "targetlotarea": 116415, "existing_units": 0, "footprint_sqft": 0.0, "interior_sqft": 0.0, "coverage_pct": 0.0, "in_corridor": false, "in_historic": false, "context_type": "Suburban" }, "geometry": { "type": "Polygon", "coordinates": [ [ [ -106.581109409068191, 31.903871810749845 ], [ -106.582291192012562, 31.903858549742981 ], [ -106.582281892009746, 31.903012665606099 ], [ -106.582280872512456, 31.902998500901159 ], [ -106.582277111889141, 31.902984676343223 ], [ -106.582270714825171, 31.902971575309618 ], [ -106.582261858822037, 31.902959561425966 ], [ -106.582250789262517, 31.902948967963642 ], [ -106.582237813421415, 31.902940087288368 ], [ -106.582223289553937, 31.902933165964111 ], [ -106.582207621084407, 31.902928396902549 ], [ -106.582191242232085, 31.902925910116824 ], [ -106.582174606638119, 31.902925776880569 ], [ -106.581187792432274, 31.902992246540535 ], [ -106.581109409068191, 31.903871810749845 ] ] ] } },
{ "type": "Feature", "properties": { "district": 1, "zonelabel": "C-4", "state_cd_clean": null, "use_desc": "Unknown", "targetlotarea": 109057, "existing_units": 0, "footprint_sqft": 0.0, "interior_sqft": 0.0, "coverage_pct": 0.0, "in_corridor": false, "in_historic": false, "context_type": "Suburban" }, "geometry": { "type": "Polygon", "coordinates": [ [ [ -106.58371938950593, 31.905898875941634 ], [ -106.583919045046287, 31.906520976840426 ], [ -106.585333025511034, 31.906262068871868 ], [ -106.585071487771415, 31.90558310336964 ], [ -106.58371938950593, 31.905898875941634 ] ] ] } },
{ "type": "Feature", "properties": { "district": 1, "zonelabel": "C-4", "state_cd_clean": null, "use_desc": "Unknown", "targetlotarea": 34831, "existing_units": 0, "footprint_sqft": 0.0, "interior_sqft": 0.0, "coverage_pct": 0.0, "in_corridor": false, "in_historic": false, "context_type": "Suburban" }, "geometry": { "type": "Polygon", "coordinates": [ [ [ -106.588476465821856, 31.90799792671978 ], [ -106.588654019127844, 31.90802402833981 ], [ -106.58879434726785, 31.907500147334101 ], [ -106.588284946153237, 31.907430434772834 ], [ -106.58800442728932, 31.907876523127886 ], [ -106.588476465821856, 31.90799792671978 ] ] ] } },
{ "type": "Feature", "properties": { "district": 1, "zonelabel": "C-4", "state_cd_clean": null, "use_desc": "Unknown", "targetlotarea": 265756, "existing_units": 0, "footprint_sqft": 0.0, "interior_sqft": 0.0, "coverage_pct": 0.0, "in_corridor": false, "in_historic": false, "context_type": "Suburban" }, "geometry": { "type": "Polygon", "coordinates": [ [ [ -106.574877037934769, 31.909396908768933 ], [ -106.5748771596773, 31.909397149522984 ], [ -106.574880277869781, 31.908355759360365 ], [ -106.574846387674953, 31.908318040273368 ], [ -106.574397269276588, 31.908275433907654 ], [ -106.572712737692257, 31.908115614722501 ], [ -106.572708704247006, 31.909274972938011 ], [ -106.572935365799808, 31.909276430003249 ], [ -106.573341129056899, 31.909240535907458 ], [ -106.574091666948476, 31.909284471330366 ], [ -106.574244676730942, 31.90936350719895 ], [ -106.574533589714648, 31.909395287445186 ], [ -106.574877037934769, 31.909396908768933 ] ] ] } },
{ "type": "Feature", "properties": { "district": 1, "zonelabel": "C-4", "state_cd_clean": null, "use_desc": "Unknown", "targetlotarea": 13530, "existing_units": 0, "footprint_sqft": 0.0, "interior_sqft": 0.0, "coverage_pct": 0.0, "in_corridor": false, "in_historic": false, "context_type": "Suburban" }, "geometry": { "type": "Polygon", "coordinates": [ [ [ -106.584922719403096, 31.909109976854349 ], [ -106.585228348415356, 31.909109696867159 ], [ -106.585229274560746, 31.908716636003241 ], [ -106.584924373434831, 31.908717866572584 ], [ -106.584922719403096, 31.909109976854349 ] ] ] } },
{ "type": "Feature", "properties": { "district": 1, "zonelabel": "C-4", "state_cd_clean": null, "use_desc": "Unknown", "targetlotarea": 101139, "existing_units": 0, "footprint_sqft": 0.0, "interior_sqft": 0.0, "coverage_pct": 0.0, "in_corridor": false, "in_historic": false, "context_type": "Suburban" }, "geometry": { "type": "Polygon", "coordinates": [ [ [ -106.584296229130345, 31.909108479946124 ], [ -106.583922168988707, 31.910282327662468 ], [ -106.585227087477804, 31.909645017140445 ], [ -106.585228348415356, 31.909109696867159 ], [ -106.584922719403096, 31.909109976854349 ], [ -106.584296229130345, 31.909108479946124 ] ] ] } },
{ "type": "Feature", "properties": { "district": 1, "zonelabel": "C-4", "state_cd_clean": null, "use_desc": "Unknown", "targetlotarea": 797389, "existing_units": 0, "footprint_sqft": 0.0, "interior_sqft": 0.0, "coverage_pct": 0.0, "in_corridor": false, "in_historic": false, "context_type": "Suburban" }, "geometry": { "type": "Polygon", "coordinates": [ [ [ -106.579388206201116, 31.911625428270447 ], [ -106.581320325855884, 31.911562478234384 ], [ -106.581950825379948, 31.911531523852602 ], [ -106.581790679745836, 31.910478020509508 ], [ -106.581328006378754, 31.909087640791984 ], [ -106.58069184788549, 31.909130491899379 ], [ -106.580676371642909, 31.90887332420289 ], [ -106.580642237629078, 31.908426310702765 ], [ -106.579100677547913, 31.90842669738571 ], [ -106.579108859594939, 31.908532923930444 ], [ -106.579127049543715, 31.908769117221809 ], [ -106.579388206201116, 31.911625428270447 ] ] ] } },
{ "type": "Feature", "properties": { "district": 1, "zonelabel": "R-3", "state_cd_clean": null, "use_desc": "Unknown", "targetlotarea": 5229298, "existing_units": 0, "footprint_sqft": 0.0, "interior_sqft": 0.0, "coverage_pct": 0.0, "in_corridor": false, "in_historic": false, "context_type": "Suburban" }, "geometry": { "type": "Polygon", "coordinates": [ [ [ -106.571846993381442, 31.936596928428795 ], [ -106.582292943221887, 31.936854224211249 ], [ -106.582301065534509, 31.935239241075507 ], [ -106.582020875080687, 31.935025370986928 ], [ -106.580813976666334, 31.935082338549503 ], [ -106.580733823456256, 31.933847293754866 ], [ -106.581940705209576, 31.933790327853927 ], [ -106.582244128368529, 31.933500230897071 ], [ -106.582295251376237, 31.933408354674054 ], [ -106.582279758107902, 31.932104794452254 ], [ -106.580754107986621, 31.932084019522812 ], [ -106.577480572918574, 31.932093371019317 ], [ -106.571880317457371, 31.932098551726114 ], [ -106.571878740802205, 31.933059506253958 ], [ -106.571861241867865, 31.934909223187748 ], [ -106.571846993381442, 31.936596928428795 ] ] ] } },
{ "type": "Feature", "properties": { "district": 1, "zonelabel": "R-3", "state_cd_clean": null, "use_desc": "Unknown", "targetlotarea": 9312674, "existing_units": 0, "footprint_sqft": 0.0, "interior_sqft": 0.0, "coverage_pct": 0.0, "in_corridor": false, "in_historic": false, "context_type": "Suburban" }, "geometry": { "type": "Polygon", "coordinates": [ [ [ -106.571800415284869, 31.948256489959135 ], [ -106.574469893663647, 31.948284943082005 ], [ -106.574529735849467, 31.947915545432746 ], [ -106.574573246466798, 31.947687966021938 ], [ -106.57462503175573, 31.947461648634327 ], [ -106.574685042652689, 31.947236814189736 ], [ -106.574753220176831, 31.947013677759085 ], [ -106.574829498076198, 31.946792456566826 ], [ -106.574913802412425, 31.946573363687925 ], [ -106.575006053851354, 31.946356610648557 ], [ -106.575106160211675, 31.946142406879183 ], [ -106.575214027084527, 31.945930960109632 ], [ -106.575329549207822, 31.945722474072554 ], [ -106.575452613753129, 31.945517150152426 ], [ -106.575583104549608, 31.945315187183603 ], [ -106.575720892461845, 31.945116780104485 ], [ -106.575865847065117, 31.94492212030195 ], [ -106.576017826026373, 31.944731395216802 ], [ -106.576176683789413, 31.944544791540562 ], [ -106.57634226576144, 31.944362487365307 ], [ -106.57651441301131, 31.944184659184369 ], [ -106.576692958923985, 31.944011479343022 ], [ -106.576877730197069, 31.943843115087841 ], [ -106.577068548952781, 31.943679728465366 ], [ -106.577265230744914, 31.943521478224419 ], [ -106.57746758543648, 31.943368517064169 ], [ -106.577675417259343, 31.943220992535114 ], [ -106.577888525869852, 31.943079046988004 ], [ -106.578106704237058, 31.942942817675689 ], [ -106.578329743922311, 31.942812436499931 ], [ -106.578557426572388, 31.942688029516027 ], [ -106.57878953342265, 31.942569716477603 ], [ -106.579025841132733, 31.942457611939286 ], [ -106.579266120670908, 31.94235182440724 ], [ -106.579510139366661, 31.942252455337535 ], [ -106.579757661088379, 31.942159601837574 ], [ -106.580008448117823, 31.942073352963252 ], [ -106.580262258100618, 31.941993791671603 ], [ -106.580518844105526, 31.941920995721656 ], [ -106.580777959666491, 31.941855033819301 ], [ -106.581039353918158, 31.941795972173708 ], [ -106.581302775285053, 31.94174386619099 ], [ -106.581567967614006, 31.941698766079412 ], [ -106.581834675453266, 31.941660716596193 ], [ -106.582099383135471, 31.941630295477211 ], [ -106.582363272579357, 31.941595082525179 ], [ -106.582292943221887, 31.936854224211249 ], [ -106.571846993381442, 31.936596928428795 ], [ -106.571805412280256, 31.941032594027423 ], [ -106.571780200132039, 31.942644604538575 ], [ -106.571800415284869, 31.948256489959135 ] ] ] } },
{ "type": "Feature", "properties": { "district": 1, "zonelabel": "C-3", "state_cd_clean": null, "use_desc": "Unknown", "targetlotarea": 14052, "existing_units": 0, "footprint_sqft": 0.0, "interior_sqft": 0.0, "coverage_pct": 0.0, "in_corridor": false, "in_historic": false, "context_type": "Suburban" }, "geometry": { "type": "Polygon", "coordinates": [ [ [ -106.589538481229837, 31.909107775199683 ], [ -106.589743536960995, 31.909109430418582 ], [ -106.589746243367372, 31.908569379437893 ], [ -106.589746371126594, 31.908543977366026 ], [ -106.589746374634942, 31.90854329252975 ], [ -106.589746753639503, 31.908467567049708 ], [ -106.589560688584484, 31.908476261678263 ], [ -106.589538481229837, 31.909107775199683 ] ] ] } },
{ "type": "Feature", "properties": { "district": 1, "zonelabel": "C-4", "state_cd_clean": null, "use_desc": "Unknown", "targetlotarea": 42629, "existing_units": 0, "footprint_sqft": 0.0, "interior_sqft": 0.0, "coverage_pct": 0.0, "in_corridor": false, "in_historic": false, "context_type": "Suburban" }, "geometry": { "type": "Polygon", "coordinates": [ [ [ -106.586869301476597, 31.909448961896963 ], [ -106.586924460521217, 31.910025923074709 ], [ -106.587087425293831, 31.910007454373012 ], [ -106.587251234516302, 31.909995606423884 ], [ -106.587415518312099, 31.909990406015144 ], [ -106.58757990679149, 31.909991863678442 ], [ -106.587582672935142, 31.909450653605354 ], [ -106.586869301476597, 31.909448961896963 ] ] ] } },
{ "type": "Feature", "properties": { "district": 1, "zonelabel": "C-4", "state_cd_clean": null, "use_desc": "Unknown", "targetlotarea": 42353, "existing_units": 0, "footprint_sqft": 0.0, "interior_sqft": 0.0, "coverage_pct": 0.0, "in_corridor": false, "in_historic": false, "context_type": "Suburban" }, "geometry": { "type": "Polygon", "coordinates": [ [ [ -106.58757990679149, 31.909991863678442 ], [ -106.588088991017102, 31.909993717913363 ], [ -106.588108499736833, 31.909992648475221 ], [ -106.588127655007369, 31.909989319803163 ], [ -106.58814609873447, 31.909983793349884 ], [ -106.588163486112819, 31.909976171479737 ], [ -106.588330246046411, 31.909600598866859 ], [ -106.58838732256234, 31.909452556301769 ], [ -106.587582672935142, 31.909450653605354 ], [ -106.58757990679149, 31.909991863678442 ] ] ] } },
{ "type": "Feature", "properties": { "district": 1, "zonelabel": "C-4", "state_cd_clean": null, "use_desc": "Unknown", "targetlotarea": 49221, "existing_units": 0, "footprint_sqft": 0.0, "interior_sqft": 0.0, "coverage_pct": 0.0, "in_corridor": false, "in_historic": false, "context_type": "Suburban" }, "geometry": { "type": "Polygon", "coordinates": [ [ [ -106.586099534513835, 31.909447132397339 ], [ -106.586349143923954, 31.91015154190513 ], [ -106.586490277651322, 31.910111696753294 ], [ -106.586633411223417, 31.910077432396822 ], [ -106.586778241294283, 31.910048821199993 ], [ -106.586924460521217, 31.910025923074709 ], [ -106.586869301476597, 31.909448961896963 ], [ -106.586099534513835, 31.909447132397339 ] ] ] } },
{ "type": "Feature", "properties": { "district": 1, "zonelabel": "C-4", "state_cd_clean": null, "use_desc": "Unknown", "targetlotarea": 50391, "existing_units": 0, "footprint_sqft": 0.0, "interior_sqft": 0.0, "coverage_pct": 0.0, "in_corridor": false, "in_historic": false, "context_type": "Suburban" }, "geometry": { "type": "Polygon", "coordinates": [ [ [ -106.585457761062443, 31.909833273115897 ], [ -106.585822727383189, 31.910358835406399 ], [ -106.585950102673038, 31.910299495103281 ], [ -106.586080473175713, 31.910245094415977 ], [ -106.58621357615057, 31.910195743498875 ], [ -106.586349143923954, 31.91015154190513 ], [ -106.586099534513835, 31.909447132397339 ], [ -106.585457761062443, 31.909833273115897 ] ] ] } },
{ "type": "Feature", "properties": { "district": 1, "zonelabel": "C-4", "state_cd_clean": null, "use_desc": "Unknown", "targetlotarea": 135238, "existing_units": 0, "footprint_sqft": 0.0, "interior_sqft": 0.0, "coverage_pct": 0.0, "in_corridor": false, "in_historic": false, "context_type": "Suburban" }, "geometry": { "type": "Polygon", "coordinates": [ [ [ -106.584480628249295, 31.911227990228376 ], [ -106.584691596369325, 31.911085326449932 ], [ -106.585247357991179, 31.910709496257777 ], [ -106.585384020297909, 31.910613528368629 ], [ -106.585525666735919, 31.910522971869742 ], [ -106.585672003716638, 31.910438015164111 ], [ -106.585822727383189, 31.910358835406399 ], [ -106.585457761062443, 31.909833273115897 ], [ -106.585418255913623, 31.909857043128397 ], [ -106.585323124030069, 31.909910400572187 ], [ -106.584863804176095, 31.910137754181989 ], [ -106.584257076529852, 31.910433904701826 ], [ -106.583804576036599, 31.910651454670269 ], [ -106.583925881184712, 31.910771149531936 ], [ -106.584020385403107, 31.910842317665669 ], [ -106.584136056021677, 31.910777887372809 ], [ -106.584480628249295, 31.911227990228376 ] ] ] } },
{ "type": "Feature", "properties": { "district": 1, "zonelabel": "C-4", "state_cd_clean": null, "use_desc": "Unknown", "targetlotarea": 55049, "existing_units": 0, "footprint_sqft": 0.0, "interior_sqft": 0.0, "coverage_pct": 0.0, "in_corridor": false, "in_historic": false, "context_type": "Suburban" }, "geometry": { "type": "Polygon", "coordinates": [ [ [ -106.583377780553917, 31.912745625036692 ], [ -106.583377197798967, 31.91286107222389 ], [ -106.584130617311175, 31.912863838960764 ], [ -106.584131199149411, 31.912748391770343 ], [ -106.584133881522902, 31.912216628172516 ], [ -106.58338046609407, 31.912213861504394 ], [ -106.583377780553917, 31.912745625036692 ] ] ] } },
{ "type": "Feature", "properties": { "district": 1, "zonelabel": "C-4", "state_cd_clean": null, "use_desc": "Unknown", "targetlotarea": 35410, "existing_units": 0, "footprint_sqft": 0.0, "interior_sqft": 0.0, "coverage_pct": 0.0, "in_corridor": false, "in_historic": false, "context_type": "Suburban" }, "geometry": { "type": "Polygon", "coordinates": [ [ [ -106.583377197798967, 31.91286107222389 ], [ -106.583375093928012, 31.913277388496454 ], [ -106.584128516745778, 31.913280155244976 ], [ -106.584130617311175, 31.912863838960764 ], [ -106.583377197798967, 31.91286107222389 ] ] ] } },
{ "type": "Feature", "properties": { "district": 1, "zonelabel": "C-4", "state_cd_clean": null, "use_desc": "Unknown", "targetlotarea": 1637083, "existing_units": 0, "footprint_sqft": 0.0, "interior_sqft": 0.0, "coverage_pct": 0.0, "in_corridor": false, "in_historic": false, "context_type": "Suburban" }, "geometry": { "type": "Polygon", "coordinates": [ [ [ -106.584128516745778, 31.913280155244976 ], [ -106.584125834312118, 31.913811918596455 ], [ -106.584124168450458, 31.914142367079709 ], [ -106.587021964756161, 31.914152175397138 ], [ -106.587026838961293, 31.913168070122492 ], [ -106.587037243204634, 31.913084883334459 ], [ -106.587052419454764, 31.913002232527425 ], [ -106.587091737957181, 31.912837877960055 ], [ -106.587127728592378, 31.912672969542069 ], [ -106.588373127065211, 31.912676806167983 ], [ -106.588384508529742, 31.91040015751495 ], [ -106.58838910514018, 31.91030230224402 ], [ -106.58840189041581, 31.91020497782246 ], [ -106.588422801891056, 31.910108682229431 ], [ -106.588451730181077, 31.910013908469608 ], [ -106.588488528304481, 31.909921141415658 ], [ -106.588542647656666, 31.909806770505163 ], [ -106.588590937130235, 31.90969051529143 ], [ -106.588633307321444, 31.909572593242483 ], [ -106.588669680557913, 31.909453223069072 ], [ -106.588772856397412, 31.909453467061351 ], [ -106.58877653582168, 31.90938427358132 ], [ -106.588779947372188, 31.90932000666837 ], [ -106.588776196847689, 31.908590857075982 ], [ -106.588776073169839, 31.90859086030504 ], [ -106.58838402065372, 31.908600405370144 ], [ -106.58838732256234, 31.909452556301769 ], [ -106.588330246046411, 31.909600598866859 ], [ -106.588163486112819, 31.909976171479737 ], [ -106.58814609873447, 31.909983793349884 ], [ -106.588127655007369, 31.909989319803163 ], [ -106.588108499736833, 31.909992648475221 ], [ -106.588088991017102, 31.909993717913363 ], [ -106.58757990679149, 31.909991863678442 ], [ -106.587415518312099, 31.909990406015144 ], [ -106.587251234516302, 31.909995606423884 ], [ -106.587087425293831, 31.910007454373012 ], [ -106.586924460521217, 31.910025923074709 ], [ -106.586778241294283, 31.910048821199993 ], [ -106.586633411223417, 31.910077432396822 ], [ -106.586490277651322, 31.910111696753294 ], [ -106.586349143923954, 31.91015154190513 ], [ -106.58621357615057, 31.910195743498875 ], [ -106.586080473175713, 31.910245094415977 ], [ -106.585950102673038, 31.910299495103281 ], [ -106.585822727383189, 31.910358835406399 ], [ -106.585672003716638, 31.910438015164111 ], [ -106.585525666735919, 31.910522971869742 ], [ -106.585384020297909, 31.910613528368629 ], [ -106.585247357991179, 31.910709496257777 ], [ -106.584691596369325, 31.911085326449932 ], [ -106.584480628249295, 31.911227990228376 ], [ -106.584344062421565, 31.911320341227643 ], [ -106.584292550646495, 31.911351277981641 ], [ -106.584237255299456, 31.911377028229584 ], [ -106.584178891420194, 31.911397258681969 ], [ -106.583567697795644, 31.911395014562494 ], [ -106.583498065441631, 31.911613588404634 ], [ -106.584134221005428, 31.911616338754012 ], [ -106.584133881522902, 31.912216628172516 ], [ -106.584131199149411, 31.912748391770343 ], [ -106.584128516745778, 31.913280155244976 ] ], [ [ -106.587008961371808, 31.910911427963342 ], [ -106.587007772631083, 31.911191800696169 ], [ -106.586627319761334, 31.911190626040586 ], [ -106.586628708728469, 31.91091025368981 ], [ -106.587008961371808, 31.910911427963342 ] ] ] } },
{ "type": "Feature", "properties": { "district": 1, "zonelabel": "C-4", "state_cd_clean": null, "use_desc": "Unknown", "targetlotarea": 51857, "existing_units": 0, "footprint_sqft": 0.0, "interior_sqft": 0.0, "coverage_pct": 0.0, "in_corridor": false, "in_historic": false, "context_type": "Suburban" }, "geometry": { "type": "Polygon", "coordinates": [ [ [ -106.583369720585935, 31.91434091504652 ], [ -106.583367031794452, 31.914873160571855 ], [ -106.584345634795767, 31.914876085665057 ], [ -106.584346097672324, 31.914733195383363 ], [ -106.584296099646465, 31.914696647059984 ], [ -106.584251425581385, 31.914655385731084 ], [ -106.584212681061288, 31.914609971265314 ], [ -106.584180395002448, 31.914561021404872 ], [ -106.584155002987657, 31.914509199918985 ], [ -106.584136852188621, 31.914455210947981 ], [ -106.584126186812114, 31.914399787055999 ], [ -106.584123152904027, 31.914343681774113 ], [ -106.583369720585935, 31.91434091504652 ] ] ] } },
{ "type": "Feature", "properties": { "district": 1, "zonelabel": "C-4", "state_cd_clean": null, "use_desc": "Unknown", "targetlotarea": 1436455, "existing_units": 0, "footprint_sqft": 0.0, "interior_sqft": 0.0, "coverage_pct": 0.0, "in_corridor": false, "in_historic": false, "context_type": "Suburban" }, "geometry": { "type": "Polygon", "coordinates": [ [ [ -106.588362072425397, 31.914888016072698 ], [ -106.588361837223857, 31.914935079595974 ], [ -106.591438014147656, 31.914911434854904 ], [ -106.591459717845623, 31.914726653283989 ], [ -106.59148426800725, 31.914559354735619 ], [ -106.591501141585425, 31.914391365403336 ], [ -106.591510312223974, 31.914222943082159 ], [ -106.591511767171269, 31.914054343106031 ], [ -106.591505503414282, 31.91388582395242 ], [ -106.591491530428769, 31.913717640788143 ], [ -106.591469869539623, 31.913550051822401 ], [ -106.591440554560123, 31.913383311953414 ], [ -106.591403628802894, 31.913217675621901 ], [ -106.591359150298388, 31.913053395656984 ], [ -106.591307186397685, 31.912890721729092 ], [ -106.591247816002166, 31.912729902049399 ], [ -106.591181129503923, 31.912571182469375 ], [ -106.591107228666573, 31.912414804680171 ], [ -106.591026227799375, 31.912261007962922 ], [ -106.590938248182141, 31.912110024939967 ], [ -106.59084342481431, 31.911962087573887 ], [ -106.590754562855579, 31.911834318915407 ], [ -106.590658661691961, 31.911710308928139 ], [ -106.590555938988274, 31.911590338894769 ], [ -106.590446629815148, 31.91147468113202 ], [ -106.590330982486066, 31.911363600094202 ], [ -106.590257519194907, 31.911364127815627 ], [ -106.590108960504267, 31.911365194678719 ], [ -106.590105742916279, 31.911365218238195 ], [ -106.590029815570531, 31.911365763008003 ], [ -106.589733312084121, 31.911178019611214 ], [ -106.589734188891356, 31.911002875264511 ], [ -106.589734521786411, 31.910935322922956 ], [ -106.589734902031637, 31.910855749597676 ], [ -106.589735927604153, 31.910643168104919 ], [ -106.589737668620529, 31.910282485262421 ], [ -106.589739460130517, 31.909922760098045 ], [ -106.589741267694308, 31.909562091107215 ], [ -106.589743536960995, 31.909109430418582 ], [ -106.589538481229837, 31.909107775199683 ], [ -106.589533321958555, 31.909326094992551 ], [ -106.589524421336733, 31.909326022933325 ], [ -106.589524003894269, 31.909455236479374 ], [ -106.588772856397412, 31.909453467061351 ], [ -106.588669680557913, 31.909453223069072 ], [ -106.588633307321444, 31.909572593242483 ], [ -106.588590937130235, 31.90969051529143 ], [ -106.588542647656666, 31.909806770505163 ], [ -106.588488528304481, 31.909921141415658 ], [ -106.588451730181077, 31.910013908469608 ], [ -106.588422801891056, 31.910108682229431 ], [ -106.58840189041581, 31.91020497782246 ], [ -106.58838910514018, 31.91030230224402 ], [ -106.588384508529742, 31.91040015751495 ], [ -106.588373127065211, 31.912676806167983 ], [ -106.588362072425397, 31.914888016072698 ] ] ] } },
{ "type": "Feature", "properties": { "district": 1, "zonelabel": "C-3", "state_cd_clean": null, "use_desc": "Unknown", "targetlotarea": 50068, "existing_units": 0, "footprint_sqft": 0.0, "interior_sqft": 0.0, "coverage_pct": 0.0, "in_corridor": false, "in_historic": false, "context_type": "Suburban" }, "geometry": { "type": "Polygon", "coordinates": [ [ [ -106.568493472020947, 31.878626620948584 ], [ -106.568380742580501, 31.878739454317881 ], [ -106.568374412094229, 31.878870570758984 ], [ -106.56812186214637, 31.878861957376877 ], [ -106.567812076826925, 31.878851485047363 ], [ -106.567799849272532, 31.879104765622799 ], [ -106.568109634215745, 31.879115284103868 ], [ -106.568108071418962, 31.879147637721641 ], [ -106.568360624915172, 31.879156213059129 ], [ -106.568352262712537, 31.879329406528544 ], [ -106.568412421538625, 31.879394682495448 ], [ -106.56886149595303, 31.879143184025661 ], [ -106.568975606828445, 31.879063704642505 ], [ -106.568985498948607, 31.87905631474894 ], [ -106.568993738633111, 31.879047572312537 ], [ -106.569000076661212, 31.879037743985354 ], [ -106.56900432075723, 31.879027125306852 ], [ -106.569006341862575, 31.879016039500229 ], [ -106.569006078523572, 31.879004823713462 ], [ -106.569003539227921, 31.878993816261868 ], [ -106.568998800994507, 31.878983351275803 ], [ -106.568992007488632, 31.878973746145697 ], [ -106.568829471961038, 31.878854263133164 ], [ -106.568663253883443, 31.878738526826631 ], [ -106.568493472020947, 31.878626620948584 ] ] ] } },
{ "type": "Feature", "properties": { "district": 1, "zonelabel": "R-3A", "state_cd_clean": null, "use_desc": "Unknown", "targetlotarea": 212794, "existing_units": 0, "footprint_sqft": 0.0, "interior_sqft": 0.0, "coverage_pct": 0.0, "in_corridor": false, "in_historic": false, "context_type": "Suburban" }, "geometry": { "type": "Polygon", "coordinates": [ [ [ -106.567841642768656, 31.886324665406185 ], [ -106.567644896018592, 31.886295667918155 ], [ -106.567449379043666, 31.886261140263784 ], [ -106.567155719011637, 31.886213212255353 ], [ -106.566862928295564, 31.886161562135431 ], [ -106.56657107107597, 31.886106199485123 ], [ -106.566528099847019, 31.886266647921175 ], [ -106.566492281323576, 31.886400391646045 ], [ -106.566456462699236, 31.886534135353383 ], [ -106.566420643973899, 31.886667879043316 ], [ -106.566384825147651, 31.88680162271573 ], [ -106.56634900510592, 31.886935365520731 ], [ -106.566309604163465, 31.887082483430916 ], [ -106.566227001377328, 31.887390906909811 ], [ -106.566213667390031, 31.887440695540082 ], [ -106.566209385965053, 31.887456682973188 ], [ -106.566194164029511, 31.887513519707088 ], [ -106.566197853319238, 31.887514242793664 ], [ -106.566282124898166, 31.887530763416496 ], [ -106.56637872886219, 31.887549701627929 ], [ -106.566582737753123, 31.887589694809005 ], [ -106.566833824200216, 31.887638917590031 ], [ -106.567036484260043, 31.887678644946153 ], [ -106.567239143493381, 31.887718372937545 ], [ -106.567441802896383, 31.887758100613212 ], [ -106.567456952718061, 31.887761070674422 ], [ -106.567841642768656, 31.886324665406185 ] ] ] } },
{ "type": "Feature", "properties": { "district": 1, "zonelabel": "C-3", "state_cd_clean": null, "use_desc": "Unknown", "targetlotarea": 1055635, "existing_units": 0, "footprint_sqft": 0.0, "interior_sqft": 0.0, "coverage_pct": 0.0, "in_corridor": false, "in_historic": false, "context_type": "Suburban" }, "geometry": { "type": "Polygon", "coordinates": [ [ [ -106.590620444325594, 31.903716295892025 ], [ -106.590871730859362, 31.903719386269039 ], [ -106.59086743043261, 31.903623601805524 ], [ -106.59093173257321, 31.903623292231742 ], [ -106.590929995552557, 31.903561176414918 ], [ -106.594254018001806, 31.903545113976485 ], [ -106.594248783043156, 31.902925885625876 ], [ -106.59424368469233, 31.902322832452452 ], [ -106.594257351965027, 31.901618955796501 ], [ -106.594257580896652, 31.901526103167427 ], [ -106.59426220204341, 31.900832992552601 ], [ -106.594261183107093, 31.900129224262578 ], [ -106.594261916669524, 31.900042297098921 ], [ -106.594268273579914, 31.899204138190587 ], [ -106.5942866606443, 31.898646170586542 ], [ -106.594286083112962, 31.898513404434045 ], [ -106.594291211879209, 31.898380709943812 ], [ -106.594297504105413, 31.898184399700344 ], [ -106.590789128276342, 31.903502387491471 ], [ -106.590620444325594, 31.903716295892025 ] ] ] } },
{ "type": "Feature", "properties": { "district": 1, "zonelabel": "C-4", "state_cd_clean": null, "use_desc": "Unknown", "targetlotarea": 637960, "existing_units": 0, "footprint_sqft": 0.0, "interior_sqft": 0.0, "coverage_pct": 0.0, "in_corridor": false, "in_historic": false, "context_type": "Suburban" }, "geometry": { "type": "Polygon", "coordinates": [ [ [ -106.576311783962865, 31.906001596241062 ], [ -106.577180142878845, 31.906066738019856 ], [ -106.577230175053472, 31.906072249714338 ], [ -106.577279024240482, 31.906082998236041 ], [ -106.577325939465112, 31.906098819060272 ], [ -106.577370200479265, 31.906119467607557 ], [ -106.577411126798339, 31.906144627843027 ], [ -106.57744809154164, 31.906173913418932 ], [ -106.577560946651957, 31.906275139956069 ], [ -106.577677969722131, 31.906372862523142 ], [ -106.577724123284469, 31.906399492796602 ], [ -106.577773616236314, 31.9064213284007 ], [ -106.577825766976702, 31.906438068704542 ], [ -106.577879857185451, 31.90644948258204 ], [ -106.577935141679319, 31.906455413359055 ], [ -106.578189788714667, 31.906469863087196 ], [ -106.578508184206243, 31.903186956220562 ], [ -106.57674030588467, 31.903200821913902 ], [ -106.576724808311511, 31.903202469747679 ], [ -106.576709831096508, 31.903206246895252 ], [ -106.576695774213078, 31.903212052894045 ], [ -106.576683012907495, 31.903219733368463 ], [ -106.576671887322036, 31.903229083236866 ], [ -106.576662694465881, 31.903239853419162 ], [ -106.576655678016252, 31.903251756744972 ], [ -106.576644773252838, 31.903308590810067 ], [ -106.576639314351837, 31.903365992146416 ], [ -106.57657245051702, 31.903879951199908 ], [ -106.576311783962865, 31.906001596241062 ] ] ] } },
{ "type": "Feature", "properties": { "district": 1, "zonelabel": "C-4", "state_cd_clean": null, "use_desc": "Unknown", "targetlotarea": 3567, "existing_units": 0, "footprint_sqft": 0.0, "interior_sqft": 0.0, "coverage_pct": 0.0, "in_corridor": false, "in_historic": false, "context_type": "Suburban" }, "geometry": { "type": "Polygon", "coordinates": [ [ [ -106.575460254516827, 31.907588807202309 ], [ -106.57546046517345, 31.907589063567031 ], [ -106.575481597398365, 31.907591028095343 ], [ -106.575622845274168, 31.907604162105795 ], [ -106.575642821142964, 31.90759091439028 ], [ -106.575787110297412, 31.907495227103944 ], [ -106.575808505089086, 31.907376148048762 ], [ -106.575811985673539, 31.907356773655692 ], [ -106.575460254516827, 31.907588807202309 ] ] ] } },
{ "type": "Feature", "properties": { "district": 1, "zonelabel": "C-4", "state_cd_clean": null, "use_desc": "Unknown", "targetlotarea": 2782, "existing_units": 0, "footprint_sqft": 0.0, "interior_sqft": 0.0, "coverage_pct": 0.0, "in_corridor": false, "in_historic": false, "context_type": "Suburban" }, "geometry": { "type": "Polygon", "coordinates": [ [ [ -106.5753894705866, 31.907651583934367 ], [ -106.575528583475204, 31.907664519567859 ], [ -106.57557075664792, 31.90766575948437 ], [ -106.575612566922146, 31.907660893647698 ], [ -106.575652810086225, 31.907650062860082 ], [ -106.57569032286969, 31.907633579387184 ], [ -106.575724025747391, 31.907611917680963 ], [ -106.575752944513553, 31.907585704313014 ], [ -106.575776245744265, 31.907555693693556 ], [ -106.575783777590459, 31.907513776064395 ], [ -106.575787110297412, 31.907495227103944 ], [ -106.575642821142964, 31.90759091439028 ], [ -106.575622845274168, 31.907604162105795 ], [ -106.575481597398365, 31.907591028095343 ], [ -106.57546046517345, 31.907589063567031 ], [ -106.575460254516827, 31.907588807202309 ], [ -106.575368104991099, 31.907649597152464 ], [ -106.5753894705866, 31.907651583934367 ] ] ] } },
{ "type": "Feature", "properties": { "district": 1, "zonelabel": "C-4", "state_cd_clean": null, "use_desc": "Unknown", "targetlotarea": 97987, "existing_units": 0, "footprint_sqft": 0.0, "interior_sqft": 0.0, "coverage_pct": 0.0, "in_corridor": false, "in_historic": false, "context_type": "Suburban" }, "geometry": { "type": "Polygon", "coordinates": [ [ [ -106.584138204134504, 31.907370752324422 ], [ -106.584218217701277, 31.907634677080953 ], [ -106.58507098065958, 31.907629301256339 ], [ -106.58507805955719, 31.908238955002926 ], [ -106.585843974453951, 31.908095065999188 ], [ -106.58584395142347, 31.908091907521886 ], [ -106.585843947978773, 31.908091502126108 ], [ -106.58584394706088, 31.908091456104252 ], [ -106.585843904015434, 31.908085521984571 ], [ -106.585838438668489, 31.90734407801358 ], [ -106.584138204134504, 31.907370752324422 ] ] ] } },
{ "type": "Feature", "properties": { "district": 1, "zonelabel": "C-4", "state_cd_clean": null, "use_desc": "Unknown", "targetlotarea": 208997, "existing_units": 0, "footprint_sqft": 0.0, "interior_sqft": 0.0, "coverage_pct": 0.0, "in_corridor": false, "in_historic": false, "context_type": "Suburban" }, "geometry": { "type": "Polygon", "coordinates": [ [ [ -106.586038899349631, 31.909112638615902 ], [ -106.586494648833181, 31.909113720317144 ], [ -106.586099534513835, 31.909447132397339 ], [ -106.586869301476597, 31.909448961896963 ], [ -106.587582672935142, 31.909450653605354 ], [ -106.58838732256234, 31.909452556301769 ], [ -106.588387399782661, 31.909247268988924 ], [ -106.58838402065372, 31.908600405370144 ], [ -106.588383728836362, 31.908544633447882 ], [ -106.58671783196408, 31.908539550950845 ], [ -106.586038899349631, 31.909112638615902 ] ] ] } },
{ "type": "Feature", "properties": { "district": 1, "zonelabel": "C-4", "state_cd_clean": null, "use_desc": "Unknown", "targetlotarea": 126942, "existing_units": 0, "footprint_sqft": 0.0, "interior_sqft": 0.0, "coverage_pct": 0.0, "in_corridor": false, "in_historic": false, "context_type": "Suburban" }, "geometry": { "type": "Polygon", "coordinates": [ [ [ -106.572707234875168, 31.909697488562955 ], [ -106.57362921031752, 31.909699819148162 ], [ -106.573704376407164, 31.909703405722816 ], [ -106.573778677254097, 31.909713745736912 ], [ -106.573851282557229, 31.909730724510887 ], [ -106.573921377090301, 31.909754150772144 ], [ -106.573988179120164, 31.909783762998117 ], [ -106.574522784142388, 31.910052291369819 ], [ -106.574577333357837, 31.910075203812358 ], [ -106.574634303639357, 31.91009332954669 ], [ -106.574693119599146, 31.91010648567902 ], [ -106.574753185767491, 31.910114538150488 ], [ -106.574813896508658, 31.910117407585318 ], [ -106.574874638772712, 31.91011506283607 ], [ -106.5748771596773, 31.909397149522984 ], [ -106.574877037934769, 31.909396908768933 ], [ -106.574533589714648, 31.909395287445186 ], [ -106.574244676730942, 31.90936350719895 ], [ -106.574091666948476, 31.909284471330366 ], [ -106.573341129056899, 31.909240535907458 ], [ -106.572935365799808, 31.909276430003249 ], [ -106.572708704247006, 31.909274972938011 ], [ -106.572707234875168, 31.909697488562955 ] ] ] } },
{ "type": "Feature", "properties": { "district": 1, "zonelabel": "C-4", "state_cd_clean": null, "use_desc": "Unknown", "targetlotarea": 94099, "existing_units": 0, "footprint_sqft": 0.0, "interior_sqft": 0.0, "coverage_pct": 0.0, "in_corridor": false, "in_historic": false, "context_type": "Suburban" }, "geometry": { "type": "Polygon", "coordinates": [ [ [ -106.585229274560746, 31.908716636003241 ], [ -106.585228348415356, 31.909109696867159 ], [ -106.585227087477804, 31.909645017140445 ], [ -106.585656614564769, 31.909435234865878 ], [ -106.586038899349631, 31.909112638615902 ], [ -106.58671783196408, 31.908539550950845 ], [ -106.585967885457862, 31.908537256448813 ], [ -106.585309366675745, 31.908714682790485 ], [ -106.585229274560746, 31.908716636003241 ] ] ] } },
{ "type": "Feature", "properties": { "district": 1, "zonelabel": "C-3", "state_cd_clean": null, "use_desc": "Unknown", "targetlotarea": 84261, "existing_units": 0, "footprint_sqft": 0.0, "interior_sqft": 0.0, "coverage_pct": 0.0, "in_corridor": false, "in_historic": false, "context_type": "Suburban" }, "geometry": { "type": "Polygon", "coordinates": [ [ [ -106.588778407415305, 31.909315027805892 ], [ -106.58877653582168, 31.90938427358132 ], [ -106.588772856397412, 31.909453467061351 ], [ -106.589524003894269, 31.909455236479374 ], [ -106.589524421336733, 31.909326022933325 ], [ -106.589524437841348, 31.9093210587531 ], [ -106.589528764674156, 31.909321093034976 ], [ -106.589560688584484, 31.908476261678263 ], [ -106.588775719714732, 31.908481078475578 ], [ -106.588775864982054, 31.908526234261927 ], [ -106.588776073169839, 31.90859086030504 ], [ -106.588778407415305, 31.909315027805892 ] ] ] } },
{ "type": "Feature", "properties": { "district": 1, "zonelabel": "C-4", "state_cd_clean": null, "use_desc": "Unknown", "targetlotarea": 466101, "existing_units": 0, "footprint_sqft": 0.0, "interior_sqft": 0.0, "coverage_pct": 0.0, "in_corridor": false, "in_historic": false, "context_type": "Suburban" }, "geometry": { "type": "Polygon", "coordinates": [ [ [ -106.574001582326034, 31.911602951744861 ], [ -106.574187831124974, 31.911603420783099 ], [ -106.574273054684099, 31.911603635813307 ], [ -106.574346519041001, 31.911603820688022 ], [ -106.574432408762533, 31.911604037121247 ], [ -106.574869407660202, 31.911605136974412 ], [ -106.574874638772712, 31.91011506283607 ], [ -106.574813896508658, 31.910117407585318 ], [ -106.574753185767491, 31.910114538150488 ], [ -106.574693119599146, 31.91010648567902 ], [ -106.574634303639357, 31.91009332954669 ], [ -106.574577333357837, 31.910075203812358 ], [ -106.574522784142388, 31.910052291369819 ], [ -106.573988179120164, 31.909783762998117 ], [ -106.573921377090301, 31.909754150772144 ], [ -106.573851282557229, 31.909730724510887 ], [ -106.573778677254097, 31.909713745736912 ], [ -106.573704376407164, 31.909703405722816 ], [ -106.57362921031752, 31.909699819148162 ], [ -106.572707234875168, 31.909697488562955 ], [ -106.572705299770092, 31.910253996046219 ], [ -106.572701536882207, 31.910346519742124 ], [ -106.572690905643455, 31.910438653399428 ], [ -106.572673449469207, 31.910530027314607 ], [ -106.572649238342834, 31.910620273220641 ], [ -106.5726183701682, 31.910709028738289 ], [ -106.572580968599382, 31.910795936576921 ], [ -106.572537183278328, 31.910880648136466 ], [ -106.572487191827548, 31.910962821605306 ], [ -106.572436952795655, 31.911047364378934 ], [ -106.572394012656119, 31.911134784875628 ], [ -106.572358596485955, 31.911224625216835 ], [ -106.57233089147114, 31.911316414885928 ], [ -106.572311040750066, 31.911409673732337 ], [ -106.57229914875046, 31.911503912619423 ], [ -106.572295278377482, 31.911598638978155 ], [ -106.572472213444755, 31.911599086811375 ], [ -106.572633060874296, 31.911599494671421 ], [ -106.572793911471948, 31.911599902181401 ], [ -106.572954759900554, 31.911600308693707 ], [ -106.573115610441761, 31.911600714906541 ], [ -106.573276458932384, 31.911601121922448 ], [ -106.573469479597122, 31.911601609057954 ], [ -106.573758326461544, 31.911602338124766 ], [ -106.574001582326034, 31.911602951744861 ] ] ] } },
{ "type": "Feature", "properties": { "district": 1, "zonelabel": "A-2", "state_cd_clean": null, "use_desc": "Unknown", "targetlotarea": 167662, "existing_units": 0, "footprint_sqft": 0.0, "interior_sqft": 0.0, "coverage_pct": 0.0, "in_corridor": false, "in_historic": false, "context_type": "Suburban" }, "geometry": { "type": "Polygon", "coordinates": [ [ [ -106.566137505667172, 31.879108044555402 ], [ -106.567603027904724, 31.879293580038581 ], [ -106.567631990630119, 31.879117595803674 ], [ -106.567349026145806, 31.879082373584286 ], [ -106.567493138719243, 31.878155902335102 ], [ -106.567589025055767, 31.878090970058885 ], [ -106.567418074984488, 31.87799943214333 ], [ -106.567068085124532, 31.877826060912398 ], [ -106.566771439522597, 31.877690545381697 ], [ -106.566685423048042, 31.877848344518583 ], [ -106.566603373703259, 31.877998864932092 ], [ -106.566520231229219, 31.87815139133707 ], [ -106.566437760911143, 31.878302681454056 ], [ -106.566355242136382, 31.878454059625248 ], [ -106.566297554811257, 31.878613026206942 ], [ -106.566191339979866, 31.878905719229525 ], [ -106.566141994984505, 31.879041695076737 ], [ -106.566137505667172, 31.879108044555402 ] ] ] } },
{ "type": "Feature", "properties": { "district": 1, "zonelabel": "C-3", "state_cd_clean": null, "use_desc": "Unknown", "targetlotarea": 158348, "existing_units": 0, "footprint_sqft": 0.0, "interior_sqft": 0.0, "coverage_pct": 0.0, "in_corridor": false, "in_historic": false, "context_type": "Suburban" }, "geometry": { "type": "Polygon", "coordinates": [ [ [ -106.567456952718061, 31.887761070674422 ], [ -106.567644462409817, 31.887797827072799 ], [ -106.567847123207443, 31.8878375540666 ], [ -106.568049782004877, 31.887877279945307 ], [ -106.568252442027273, 31.887917005457865 ], [ -106.568316304012498, 31.887929524900091 ], [ -106.568433047759513, 31.888003600405227 ], [ -106.568511169423701, 31.888053169636962 ], [ -106.568696232851309, 31.888170594770738 ], [ -106.568714550810597, 31.888182217033684 ], [ -106.568724348466901, 31.888120077402956 ], [ -106.568727947624112, 31.888057454110243 ], [ -106.568725320559395, 31.88799479469132 ], [ -106.568716486399211, 31.887932550761047 ], [ -106.568701509352806, 31.887871167258854 ], [ -106.568680495782758, 31.887811086201864 ], [ -106.568532322148783, 31.887446658812276 ], [ -106.568505467278726, 31.887369692830816 ], [ -106.568486748438957, 31.887290992398533 ], [ -106.568476314762037, 31.887211183559501 ], [ -106.568474249071556, 31.887130898240567 ], [ -106.568492041988534, 31.886459870489979 ], [ -106.568487601958282, 31.886443384584556 ], [ -106.568479990111229, 31.886427765903559 ], [ -106.56846942167256, 31.886413453963716 ], [ -106.568456194278966, 31.886400853625474 ], [ -106.568440681695236, 31.886390320038728 ], [ -106.568423322669148, 31.886382150144044 ], [ -106.568404604568627, 31.886376575326469 ], [ -106.568216347143533, 31.886364279012252 ], [ -106.568028632455338, 31.886346969580007 ], [ -106.567841642768656, 31.886324665406185 ], [ -106.567456952718061, 31.887761070674422 ] ] ] } },
{ "type": "Feature", "properties": { "district": 1, "zonelabel": "C-4", "state_cd_clean": null, "use_desc": "Unknown", "targetlotarea": 2744, "existing_units": 0, "footprint_sqft": 0.0, "interior_sqft": 0.0, "coverage_pct": 0.0, "in_corridor": false, "in_historic": false, "context_type": "Suburban" }, "geometry": { "type": "Polygon", "coordinates": [ [ [ -106.567365285323916, 31.905514487052191 ], [ -106.567662985234662, 31.905536409826766 ], [ -106.567663375168763, 31.905536075932346 ], [ -106.567575614131954, 31.905500490618593 ], [ -106.567469281042889, 31.905451189438793 ], [ -106.567337852869315, 31.905386263427118 ], [ -106.567328545528554, 31.90538247892621 ], [ -106.567318650138006, 31.905380008789013 ], [ -106.56730841966116, 31.905378915879293 ], [ -106.567298116481226, 31.905379229190043 ], [ -106.567288002605537, 31.905380939795972 ], [ -106.567278338906078, 31.905384005405892 ], [ -106.567269371042315, 31.905388345617347 ], [ -106.567261329994352, 31.905393850019809 ], [ -106.567254420392757, 31.905400377850256 ], [ -106.567248819759257, 31.905407762545451 ], [ -106.567237910054274, 31.905425113913228 ], [ -106.567379993553104, 31.905489913086466 ], [ -106.567365285323916, 31.905514487052191 ] ] ] } },
{ "type": "Feature", "properties": { "district": 1, "zonelabel": "C-3", "state_cd_clean": null, "use_desc": "Unknown", "targetlotarea": 54623, "existing_units": 0, "footprint_sqft": 0.0, "interior_sqft": 0.0, "coverage_pct": 0.0, "in_corridor": false, "in_historic": false, "context_type": "Suburban" }, "geometry": { "type": "Polygon", "coordinates": [ [ [ -106.560057230373417, 31.860850607329319 ], [ -106.559826417392784, 31.861637071496293 ], [ -106.559867509496371, 31.861637350154083 ], [ -106.560024006447492, 31.861638409324712 ], [ -106.560581550699879, 31.861642183453313 ], [ -106.56061907031507, 31.861642437628007 ], [ -106.56071549244264, 31.861393850885747 ], [ -106.560375365417954, 31.861290879252824 ], [ -106.560613145839994, 31.860854371379034 ], [ -106.560057230373417, 31.860850607329319 ] ] ] } },
{ "type": "Feature", "properties": { "district": 1, "zonelabel": "C-4", "state_cd_clean": null, "use_desc": "Unknown", "targetlotarea": 69504, "existing_units": 0, "footprint_sqft": 0.0, "interior_sqft": 0.0, "coverage_pct": 0.0, "in_corridor": false, "in_historic": false, "context_type": "Suburban" }, "geometry": { "type": "Polygon", "coordinates": [ [ [ -106.575700684173185, 31.882612365690449 ], [ -106.575615791908149, 31.882124137532244 ], [ -106.574652169485788, 31.882253248628537 ], [ -106.574547516579599, 31.882267270315225 ], [ -106.57443468400389, 31.882282387539881 ], [ -106.57415440569153, 31.882319938400681 ], [ -106.574698167181893, 31.882746689509442 ], [ -106.575700684173185, 31.882612365690449 ] ] ] } },
{ "type": "Feature", "properties": { "district": 1, "zonelabel": "C-4", "state_cd_clean": null, "use_desc": "Unknown", "targetlotarea": 244519, "existing_units": 0, "footprint_sqft": 0.0, "interior_sqft": 0.0, "coverage_pct": 0.0, "in_corridor": false, "in_historic": false, "context_type": "Suburban" }, "geometry": { "type": "Polygon", "coordinates": [ [ [ -106.572743057850388, 31.882509018585594 ], [ -106.572750077857762, 31.882556707591014 ], [ -106.575122636263799, 31.884002111216756 ], [ -106.575594846028849, 31.883948574134813 ], [ -106.57575814640343, 31.883930058804538 ], [ -106.575754635919139, 31.883909298558649 ], [ -106.575748153013379, 31.883870966071257 ], [ -106.5757679163018, 31.883852828874275 ], [ -106.575767665057441, 31.883851344216744 ], [ -106.575854214080877, 31.883773632571248 ], [ -106.575269604875359, 31.883195153282571 ], [ -106.57415440569153, 31.882319938400681 ], [ -106.572743057850388, 31.882509018585594 ] ] ] } },
{ "type": "Feature", "properties": { "district": 1, "zonelabel": "C-4", "state_cd_clean": null, "use_desc": "Unknown", "targetlotarea": 21050, "existing_units": 0, "footprint_sqft": 0.0, "interior_sqft": 0.0, "coverage_pct": 0.0, "in_corridor": false, "in_historic": false, "context_type": "Suburban" }, "geometry": { "type": "Polygon", "coordinates": [ [ [ -106.575269604875359, 31.883195153282571 ], [ -106.575854214080877, 31.883773632571248 ], [ -106.575894070708799, 31.883768726048999 ], [ -106.575901592589929, 31.883767800067854 ], [ -106.575789897752571, 31.883125440304838 ], [ -106.575269604875359, 31.883195153282571 ] ] ] } },
{ "type": "Feature", "properties": { "district": 1, "zonelabel": "C-4", "state_cd_clean": null, "use_desc": "Unknown", "targetlotarea": 45143, "existing_units": 0, "footprint_sqft": 0.0, "interior_sqft": 0.0, "coverage_pct": 0.0, "in_corridor": false, "in_historic": false, "context_type": "Suburban" }, "geometry": { "type": "Polygon", "coordinates": [ [ [ -106.574698167181893, 31.882746689509442 ], [ -106.575269604875359, 31.883195153282571 ], [ -106.575789897752571, 31.883125440304838 ], [ -106.575700684173185, 31.882612365690449 ], [ -106.574698167181893, 31.882746689509442 ] ] ] } },
{ "type": "Feature", "properties": { "district": 1, "zonelabel": "R-3A", "state_cd_clean": null, "use_desc": "Unknown", "targetlotarea": 2098, "existing_units": 0, "footprint_sqft": 0.0, "interior_sqft": 0.0, "coverage_pct": 0.0, "in_corridor": false, "in_historic": false, "context_type": "Suburban" }, "geometry": { "type": "Polygon", "coordinates": [ [ [ -106.611841245805877, 31.878888407675358 ], [ -106.611849505856, 31.878888423147163 ], [ -106.611905586834084, 31.878888529482282 ], [ -106.611906339220013, 31.878599993642904 ], [ -106.611841911502722, 31.878599870605537 ], [ -106.611841245805877, 31.878888407675358 ] ] ] } },
{ "type": "Feature", "properties": { "district": 1, "zonelabel": "R-3A", "state_cd_clean": null, "use_desc": "Unknown", "targetlotarea": 84439, "existing_units": 0, "footprint_sqft": 0.0, "interior_sqft": 0.0, "coverage_pct": 0.0, "in_corridor": false, "in_historic": false, "context_type": "Suburban" }, "geometry": { "type": "Polygon", "coordinates": [ [ [ -106.611841911502722, 31.878599870605537 ], [ -106.611530305131353, 31.878599245800896 ], [ -106.610938017460668, 31.878598055962499 ], [ -106.610927264150405, 31.878599010604347 ], [ -106.610916808244895, 31.878601355504749 ], [ -106.610906894975273, 31.878605037291742 ], [ -106.610897757810591, 31.878609968836081 ], [ -106.61088961131, 31.878616033208367 ], [ -106.610882647259643, 31.878623089285576 ], [ -106.610877028281692, 31.878630971155353 ], [ -106.610872887077264, 31.878639492669009 ], [ -106.610876164970165, 31.878764075396052 ], [ -106.610893456697369, 31.879415709386663 ], [ -106.61150724405698, 31.879403949885628 ], [ -106.611528229322843, 31.879393796147681 ], [ -106.611825541478382, 31.87924993552571 ], [ -106.611840412609652, 31.879249650337261 ], [ -106.611841911502722, 31.878599870605537 ] ] ] } },
{ "type": "Feature", "properties": { "district": 1, "zonelabel": "C-4", "state_cd_clean": null, "use_desc": "Unknown", "targetlotarea": 26838, "existing_units": 0, "footprint_sqft": 0.0, "interior_sqft": 0.0, "coverage_pct": 0.0, "in_corridor": false, "in_historic": false, "context_type": "Urban" }, "geometry": { "type": "Polygon", "coordinates": [ [ [ -106.555022135482076, 31.812964257395187 ], [ -106.554852944846587, 31.813226757339795 ], [ -106.554766277197757, 31.813356043191551 ], [ -106.554917374425557, 31.813590637436544 ], [ -106.555310074380913, 31.813555890179334 ], [ -106.555293713814493, 31.81347322143251 ], [ -106.555395453652253, 31.813295021194325 ], [ -106.555022135482076, 31.812964257395187 ] ] ] } },
{ "type": "Feature", "properties": { "district": 1, "zonelabel": "C-3", "state_cd_clean": null, "use_desc": "Unknown", "targetlotarea": 55529, "existing_units": 0, "footprint_sqft": 0.0, "interior_sqft": 0.0, "coverage_pct": 0.0, "in_corridor": false, "in_historic": false, "context_type": "Suburban" }, "geometry": { "type": "Polygon", "coordinates": [ [ [ -106.568154198034534, 31.877911380116434 ], [ -106.568317491388157, 31.878006848835618 ], [ -106.5684928719119, 31.878116344327722 ], [ -106.56866419301312, 31.878230422891143 ], [ -106.568705408044579, 31.878259663407874 ], [ -106.569184728249255, 31.877646894209203 ], [ -106.568614939106681, 31.877322366676694 ], [ -106.568154198034534, 31.877911380116434 ] ] ] } },
{ "type": "Feature", "properties": { "district": 1, "zonelabel": "R-5", "state_cd_clean": null, "use_desc": "Unknown", "targetlotarea": 336277, "existing_units": 0, "footprint_sqft": 0.0, "interior_sqft": 0.0, "coverage_pct": 0.0, "in_corridor": false, "in_historic": false, "context_type": "Suburban" }, "geometry": { "type": "Polygon", "coordinates": [ [ [ -106.568705408044579, 31.878259663407874 ], [ -106.568831292882251, 31.878348973962591 ], [ -106.568994009470003, 31.878471883377262 ], [ -106.569152187992657, 31.878599034816496 ], [ -106.569305675300072, 31.878730304657264 ], [ -106.569313669940485, 31.878735880632302 ], [ -106.56932253108323, 31.878740403466104 ], [ -106.569332070300234, 31.87874377650018 ], [ -106.569342083759921, 31.878745926394945 ], [ -106.56935235785879, 31.878746808279843 ], [ -106.569362672268824, 31.8787464038009 ], [ -106.569367387375095, 31.878745796844782 ], [ -106.569376747435697, 31.878743725486416 ], [ -106.569385687735718, 31.878740583091915 ], [ -106.569394041698899, 31.878736428220368 ], [ -106.569401652493767, 31.878731338835792 ], [ -106.570694756878083, 31.877770787129645 ], [ -106.570524506360002, 31.877603136352828 ], [ -106.570470437776947, 31.87754989457838 ], [ -106.570349366783645, 31.877430669401583 ], [ -106.570323208573953, 31.877404910235924 ], [ -106.57021545979876, 31.877298803538583 ], [ -106.570093127276877, 31.877185703942114 ], [ -106.570029186745387, 31.877121300802578 ], [ -106.569902855427927, 31.876994052408389 ], [ -106.569887363200607, 31.876978448050899 ], [ -106.569759128873216, 31.876615166148603 ], [ -106.569736511208973, 31.876620669828839 ], [ -106.569572082031456, 31.876663366447822 ], [ -106.569406309144895, 31.876706412626252 ], [ -106.569241986935651, 31.876749082012591 ], [ -106.569087126030922, 31.876789292909464 ], [ -106.568920412876835, 31.876832582186847 ], [ -106.568760108612196, 31.876882401141557 ], [ -106.568758286985172, 31.876882966186574 ], [ -106.568756693655729, 31.876883461588573 ], [ -106.568737693855169, 31.876889366334549 ], [ -106.568598768841468, 31.876932540447353 ], [ -106.568444584480048, 31.876980456370553 ], [ -106.568293846463249, 31.877036661596986 ], [ -106.568136077655225, 31.877095992506742 ], [ -106.568035288471563, 31.877179133029987 ], [ -106.56793598299916, 31.877261047165284 ], [ -106.567931785264363, 31.877268877948392 ], [ -106.567899461641673, 31.877329168790027 ], [ -106.567864867332077, 31.877393692601547 ], [ -106.567792092655424, 31.877529427961967 ], [ -106.567709607818472, 31.877678108423869 ], [ -106.567861930244192, 31.87775359171334 ], [ -106.567955234335997, 31.877802018739747 ], [ -106.568138222272097, 31.877902039320695 ], [ -106.568154198034534, 31.877911380116434 ], [ -106.568614939106681, 31.877322366676694 ], [ -106.569184728249255, 31.877646894209203 ], [ -106.568705408044579, 31.878259663407874 ] ] ] } },
{ "type": "Feature", "properties": { "district": 1, "zonelabel": "C-4", "state_cd_clean": null, "use_desc": "Unknown", "targetlotarea": 1888, "existing_units": 0, "footprint_sqft": 0.0, "interior_sqft": 0.0, "coverage_pct": 0.0, "in_corridor": false, "in_historic": false, "context_type": "Suburban" }, "geometry": { "type": "Polygon", "coordinates": [ [ [ -106.57575814640343, 31.883930058804538 ], [ -106.575802450083188, 31.883925035810343 ], [ -106.575813068930856, 31.88392377983779 ], [ -106.575823510245399, 31.883921708601701 ], [ -106.575825569214473, 31.883921193509536 ], [ -106.575831668114617, 31.883919444222439 ], [ -106.575831676177287, 31.883919486289148 ], [ -106.575848602387879, 31.88391297451907 ], [ -106.575864131124717, 31.883904290551499 ], [ -106.575877882448495, 31.883893644992316 ], [ -106.575889519022624, 31.883881300601089 ], [ -106.575898756832444, 31.883867558228051 ], [ -106.575905369228508, 31.883852753910809 ], [ -106.575909193838925, 31.88383725131672 ], [ -106.575910138130553, 31.883821429733842 ], [ -106.575908178875309, 31.883805675967253 ], [ -106.575901592589929, 31.883767800067854 ], [ -106.575894070708799, 31.883768726048999 ], [ -106.575854214080877, 31.883773632571248 ], [ -106.575767665057441, 31.883851344216744 ], [ -106.5757679163018, 31.883852828874275 ], [ -106.575748153013379, 31.883870966071257 ], [ -106.575754635919139, 31.883909298558649 ], [ -106.57575814640343, 31.883930058804538 ] ] ] } },
{ "type": "Feature", "properties": { "district": 1, "zonelabel": "C-3", "state_cd_clean": null, "use_desc": "Unknown", "targetlotarea": 67653, "existing_units": 0, "footprint_sqft": 0.0, "interior_sqft": 0.0, "coverage_pct": 0.0, "in_corridor": false, "in_historic": false, "context_type": "Suburban" }, "geometry": { "type": "Polygon", "coordinates": [ [ [ -106.584879641619807, 31.861709607991408 ], [ -106.584458565071515, 31.862145284955975 ], [ -106.584350517497541, 31.862282575617193 ], [ -106.584670464060906, 31.862830569839367 ], [ -106.585362276443007, 31.862536242160836 ], [ -106.584879641619807, 31.861709607991408 ] ] ] } },
{ "type": "Feature", "properties": { "district": 1, "zonelabel": "C-4", "state_cd_clean": null, "use_desc": "Unknown", "targetlotarea": 34371, "existing_units": 0, "footprint_sqft": 0.0, "interior_sqft": 0.0, "coverage_pct": 0.0, "in_corridor": false, "in_historic": false, "context_type": "Urban" }, "geometry": { "type": "Polygon", "coordinates": [ [ [ -106.55593752152879, 31.812948336035081 ], [ -106.55587838273604, 31.812989234179163 ], [ -106.555903748051861, 31.813015979538122 ], [ -106.556284196905793, 31.813417113883556 ], [ -106.556381515667383, 31.813389749159253 ], [ -106.556476913216031, 31.813357833389674 ], [ -106.556570099710072, 31.813321463540102 ], [ -106.556660789358574, 31.813280749932069 ], [ -106.556748704816769, 31.8132358187429 ], [ -106.55626273756765, 31.812723430036389 ], [ -106.55593752152879, 31.812948336035081 ] ] ] } },
{ "type": "Feature", "properties": { "district": 1, "zonelabel": "C-4", "state_cd_clean": null, "use_desc": "Unknown", "targetlotarea": 118901, "existing_units": 0, "footprint_sqft": 0.0, "interior_sqft": 0.0, "coverage_pct": 0.0, "in_corridor": false, "in_historic": false, "context_type": "Urban" }, "geometry": { "type": "Polygon", "coordinates": [ [ [ -106.555022135482076, 31.812964257395187 ], [ -106.555395453652253, 31.813295021194325 ], [ -106.555293713814493, 31.81347322143251 ], [ -106.555310074380913, 31.813555890179334 ], [ -106.555643706482414, 31.813526368675475 ], [ -106.555758135123952, 31.813513028986439 ], [ -106.555885972053858, 31.813493146974057 ], [ -106.556020224033233, 31.813473820719647 ], [ -106.556153089632673, 31.813448452662154 ], [ -106.556284196905793, 31.813417113883556 ], [ -106.556127396214919, 31.813251788746204 ], [ -106.555903748051861, 31.813015979538122 ], [ -106.55587838273604, 31.812989234179163 ], [ -106.55593752152879, 31.812948336035081 ], [ -106.55626273756765, 31.812723430036389 ], [ -106.555932559390754, 31.812384751697643 ], [ -106.555601464359626, 31.812065414931268 ], [ -106.555300338729253, 31.812532620431067 ], [ -106.555022135482076, 31.812964257395187 ] ] ] } },
{ "type": "Feature", "properties": { "district": 1, "zonelabel": "C-3", "state_cd_clean": null, "use_desc": "Unknown", "targetlotarea": 148465, "existing_units": 0, "footprint_sqft": 0.0, "interior_sqft": 0.0, "coverage_pct": 0.0, "in_corridor": false, "in_historic": false, "context_type": "Suburban" }, "geometry": { "type": "Polygon", "coordinates": [ [ [ -106.584670464060906, 31.862830569839367 ], [ -106.584874672489505, 31.863180327843313 ], [ -106.586025618090488, 31.862737787431243 ], [ -106.586170620355659, 31.862684740135638 ], [ -106.585374654637306, 31.86120180551881 ], [ -106.585370434894344, 31.861205080166272 ], [ -106.585354316921752, 31.861218468294805 ], [ -106.584879641619807, 31.861709607991408 ], [ -106.585362276443007, 31.862536242160836 ], [ -106.584670464060906, 31.862830569839367 ] ] ] } },
{ "type": "Feature", "properties": { "district": 1, "zonelabel": "C-4", "state_cd_clean": null, "use_desc": "Unknown", "targetlotarea": 263496, "existing_units": 0, "footprint_sqft": 0.0, "interior_sqft": 0.0, "coverage_pct": 0.0, "in_corridor": false, "in_historic": false, "context_type": "Suburban" }, "geometry": { "type": "Polygon", "coordinates": [ [ [ -106.5603167988114, 31.904167083619512 ], [ -106.559866897214278, 31.905667043984252 ], [ -106.559845992673203, 31.905736736613981 ], [ -106.560083030980692, 31.905778840676348 ], [ -106.560832102970508, 31.905911890429916 ], [ -106.56106525414684, 31.905883095103082 ], [ -106.561223245624447, 31.905911156874652 ], [ -106.561285695543745, 31.905992446614935 ], [ -106.561296220553643, 31.905994316253818 ], [ -106.561750373742854, 31.90448010865919 ], [ -106.561750411084418, 31.904479984032591 ], [ -106.5603167988114, 31.904167083619512 ] ] ] } },
{ "type": "Feature", "properties": { "district": 1, "zonelabel": "C-4", "state_cd_clean": null, "use_desc": "Unknown", "targetlotarea": 57947, "existing_units": 0, "footprint_sqft": 0.0, "interior_sqft": 0.0, "coverage_pct": 0.0, "in_corridor": false, "in_historic": false, "context_type": "Suburban" }, "geometry": { "type": "Polygon", "coordinates": [ [ [ -106.561296220553643, 31.905994316253818 ], [ -106.561473283396438, 31.906025763596453 ], [ -106.561473353071307, 31.906025776523716 ], [ -106.561473681369762, 31.906024681451573 ], [ -106.561969089085878, 31.904372911826272 ], [ -106.562274474549355, 31.903354673539805 ], [ -106.562297451692729, 31.903278061730838 ], [ -106.562122356522039, 31.903239827665828 ], [ -106.56206972478509, 31.903415318441617 ], [ -106.561750373742854, 31.90448010865919 ], [ -106.561296220553643, 31.905994316253818 ] ] ] } },
{ "type": "Feature", "properties": { "district": 1, "zonelabel": "C-4", "state_cd_clean": null, "use_desc": "Unknown", "targetlotarea": 113812, "existing_units": 0, "footprint_sqft": 0.0, "interior_sqft": 0.0, "coverage_pct": 0.0, "in_corridor": false, "in_historic": false, "context_type": "Suburban" }, "geometry": { "type": "Polygon", "coordinates": [ [ [ -106.5603167988114, 31.904167083619512 ], [ -106.561750411084418, 31.904479984032591 ], [ -106.56206972478509, 31.903415318441617 ], [ -106.560393360669551, 31.903911822471606 ], [ -106.5603167988114, 31.904167083619512 ] ] ] } },
{ "type": "Feature", "properties": { "district": 1, "zonelabel": "C-3", "state_cd_clean": null, "use_desc": "Unknown", "targetlotarea": 28130, "existing_units": 0, "footprint_sqft": 0.0, "interior_sqft": 0.0, "coverage_pct": 0.0, "in_corridor": false, "in_historic": false, "context_type": "Suburban" }, "geometry": { "type": "Polygon", "coordinates": [ [ [ -106.572621664719946, 31.839656838176854 ], [ -106.573180100344302, 31.839772035048433 ], [ -106.573184158429655, 31.83976594124108 ], [ -106.573187175980266, 31.839759423092065 ], [ -106.573189095772605, 31.839752607996274 ], [ -106.573189879047732, 31.839745630593018 ], [ -106.573189510489129, 31.839738628011023 ], [ -106.573189047145092, 31.839735878975297 ], [ -106.573124684396475, 31.83935414124036 ], [ -106.57293939714404, 31.839085144772117 ], [ -106.572728292203948, 31.839233041742883 ], [ -106.572714199674422, 31.839289387821282 ], [ -106.572621664719946, 31.839656838176854 ] ] ] } },
{ "type": "Feature", "properties": { "district": 1, "zonelabel": "C-3", "state_cd_clean": null, "use_desc": "Unknown", "targetlotarea": 2075, "existing_units": 0, "footprint_sqft": 0.0, "interior_sqft": 0.0, "coverage_pct": 0.0, "in_corridor": false, "in_historic": false, "context_type": "Suburban" }, "geometry": { "type": "Polygon", "coordinates": [ [ [ -106.572621664719946, 31.839656838176854 ], [ -106.572613543230972, 31.839689087728168 ], [ -106.57311475041773, 31.839792250271152 ], [ -106.573120637099947, 31.839793462114791 ], [ -106.573130342599356, 31.839794304832264 ], [ -106.573140077430182, 31.839793759616853 ], [ -106.573149569513987, 31.839791840413699 ], [ -106.573158557935173, 31.839788602183564 ], [ -106.573166789302945, 31.839784133850987 ], [ -106.573174037910775, 31.839778559144435 ], [ -106.573180100344302, 31.839772035048433 ], [ -106.572621664719946, 31.839656838176854 ] ] ] } },
{ "type": "Feature", "properties": { "district": 1, "zonelabel": "C-3", "state_cd_clean": null, "use_desc": "Unknown", "targetlotarea": 67493, "existing_units": 0, "footprint_sqft": 0.0, "interior_sqft": 0.0, "coverage_pct": 0.0, "in_corridor": false, "in_historic": false, "context_type": "Urban" }, "geometry": { "type": "Polygon", "coordinates": [ [ [ -106.551207027452321, 31.815896947617254 ], [ -106.551845606039038, 31.816515922252098 ], [ -106.551905998401395, 31.816470495082957 ], [ -106.551969838275355, 31.816532375514811 ], [ -106.55231406879723, 31.816273442791214 ], [ -106.551489126213568, 31.815473826624356 ], [ -106.551865654292797, 31.815210861335792 ], [ -106.551880907493597, 31.815203698468586 ], [ -106.551852320706104, 31.81517385542605 ], [ -106.551841179741942, 31.815181363759169 ], [ -106.551844872854574, 31.815198622281141 ], [ -106.551552381545065, 31.815395709707651 ], [ -106.55108049801089, 31.815713674019467 ], [ -106.551207027452321, 31.815896947617254 ] ] ] } },
{ "type": "Feature", "properties": { "district": 1, "zonelabel": "C-1", "state_cd_clean": null, "use_desc": "Unknown", "targetlotarea": 45546, "existing_units": 0, "footprint_sqft": 0.0, "interior_sqft": 0.0, "coverage_pct": 0.0, "in_corridor": false, "in_historic": false, "context_type": "Suburban" }, "geometry": { "type": "Polygon", "coordinates": [ [ [ -106.570193952889497, 31.883665161406931 ], [ -106.570296649692011, 31.883855258241017 ], [ -106.570966045651289, 31.883548888761979 ], [ -106.571076353840255, 31.883520538189902 ], [ -106.570950281327839, 31.883075428500621 ], [ -106.570171871069192, 31.883396874119992 ], [ -106.570162695797535, 31.883401713271422 ], [ -106.57015446706184, 31.883407665068969 ], [ -106.570147369805255, 31.883414596006848 ], [ -106.570143306126354, 31.883420491060818 ], [ -106.570141891670588, 31.883422548670556 ], [ -106.570138989599826, 31.883429060119834 ], [ -106.570138052944557, 31.883431171625336 ], [ -106.570136519041824, 31.883437786464441 ], [ -106.57013595934913, 31.883440221348824 ], [ -106.570135747688141, 31.883446820740776 ], [ -106.570135672332782, 31.883449441083364 ], [ -106.570136743663582, 31.883455895032327 ], [ -106.57013719817337, 31.883458572197021 ], [ -106.570137254157743, 31.88345882784736 ], [ -106.570193952889497, 31.883665161406931 ] ] ] } },
{ "type": "Feature", "properties": { "district": 1, "zonelabel": "C-4", "state_cd_clean": null, "use_desc": "Unknown", "targetlotarea": 1905967, "existing_units": 0, "footprint_sqft": 0.0, "interior_sqft": 0.0, "coverage_pct": 0.0, "in_corridor": false, "in_historic": false, "context_type": "Suburban" }, "geometry": { "type": "Polygon", "coordinates": [ [ [ -106.560710181992903, 31.91288657468963 ], [ -106.56414109988529, 31.913032474799053 ], [ -106.564140990978245, 31.913062891269849 ], [ -106.565109154101535, 31.913102334982248 ], [ -106.566366031726233, 31.913153529556482 ], [ -106.56661941380402, 31.913163849501842 ], [ -106.566753846512981, 31.913157693827795 ], [ -106.568164746228689, 31.913092835054574 ], [ -106.570428562795101, 31.912988734612963 ], [ -106.570435953535252, 31.912988290457534 ], [ -106.570435747935676, 31.912969700677287 ], [ -106.570434746218069, 31.912879130566754 ], [ -106.570417772641051, 31.911345010324162 ], [ -106.568252256975086, 31.911352027731589 ], [ -106.568252207513737, 31.910644953738533 ], [ -106.565592853923292, 31.910663879889977 ], [ -106.5655894025804, 31.91161500969298 ], [ -106.560796355963348, 31.91165113843206 ], [ -106.560710181992903, 31.91288657468963 ] ] ] } },
{ "type": "Feature", "properties": { "district": 1, "zonelabel": "R-3A", "state_cd_clean": null, "use_desc": "Unknown", "targetlotarea": 78331, "existing_units": 0, "footprint_sqft": 0.0, "interior_sqft": 0.0, "coverage_pct": 0.0, "in_corridor": false, "in_historic": false, "context_type": "Suburban" }, "geometry": { "type": "Polygon", "coordinates": [ [ [ -106.571774125757017, 31.911597317762531 ], [ -106.571774067464332, 31.911614001705807 ], [ -106.571913053800898, 31.911614109648625 ], [ -106.572078877708094, 31.911614237431959 ], [ -106.572079365252918, 31.911598091136092 ], [ -106.572081720739618, 31.911520164560205 ], [ -106.572091633833068, 31.911426440480458 ], [ -106.57210857577077, 31.911333452850386 ], [ -106.572127716018713, 31.911259884515836 ], [ -106.572132477416247, 31.911241583437448 ], [ -106.572134016934413, 31.91123706031906 ], [ -106.572163238844169, 31.91115121277306 ], [ -106.572171456470457, 31.911131816734994 ], [ -106.572188201505782, 31.911092293546488 ], [ -106.572212584790947, 31.91104680623901 ], [ -106.57225686935854, 31.910960616675982 ], [ -106.572307545073613, 31.910877027664331 ], [ -106.572357390878338, 31.910793202880519 ], [ -106.572400060186183, 31.910706544139266 ], [ -106.572435334690994, 31.910617499074604 ], [ -106.572463032749752, 31.91052652530604 ], [ -106.57248301161151, 31.910434092138274 ], [ -106.572495167002018, 31.910340674258162 ], [ -106.57249943851977, 31.910246753282557 ], [ -106.571778911408217, 31.910244927638324 ], [ -106.571774125757017, 31.911597317762531 ] ] ] } },
{ "type": "Feature", "properties": { "district": 1, "zonelabel": "C-4", "state_cd_clean": null, "use_desc": "Unknown", "targetlotarea": 1933130, "existing_units": 0, "footprint_sqft": 0.0, "interior_sqft": 0.0, "coverage_pct": 0.0, "in_corridor": false, "in_historic": false, "context_type": "Suburban" }, "geometry": { "type": "Polygon", "coordinates": [ [ [ -106.575099900162215, 31.915001233258518 ], [ -106.576431838855726, 31.91500221613434 ], [ -106.577523076568127, 31.915003010530523 ], [ -106.57752544349249, 31.915003012703348 ], [ -106.577525362870659, 31.914996484281129 ], [ -106.577445409628538, 31.908487602565049 ], [ -106.576582709065107, 31.908464018063135 ], [ -106.576459121169137, 31.908551853899922 ], [ -106.57594506404358, 31.908514921058174 ], [ -106.575872864298518, 31.908426303585156 ], [ -106.575222621162169, 31.908360629132133 ], [ -106.575075274348322, 31.908413028537492 ], [ -106.574915543922259, 31.908395011270112 ], [ -106.574880277869781, 31.908355759360365 ], [ -106.5748771596773, 31.909397149522984 ], [ -106.574874638772712, 31.91011506283607 ], [ -106.574869407660202, 31.911605136974412 ], [ -106.574869266398011, 31.911645945245688 ], [ -106.574868241779441, 31.911942509745813 ], [ -106.574866486119276, 31.912450796996506 ], [ -106.574865591214561, 31.91271010887484 ], [ -106.574864918886036, 31.912904937182279 ], [ -106.574864023096197, 31.913164171372095 ], [ -106.574862387229828, 31.913637773351137 ], [ -106.574861798398885, 31.913808139462233 ], [ -106.574861325030085, 31.913945330098993 ], [ -106.574860851030863, 31.914082543338832 ], [ -106.574860377777895, 31.91421973575995 ], [ -106.574859903301643, 31.914356941780074 ], [ -106.57485909246958, 31.914591559170951 ], [ -106.574857856283884, 31.914949655339612 ], [ -106.574857715021423, 31.91498982043953 ], [ -106.574857674252598, 31.915001053357599 ], [ -106.575099900162215, 31.915001233258518 ] ] ] } },
{ "type": "Feature", "properties": { "district": 1, "zonelabel": "C-3", "state_cd_clean": null, "use_desc": "Unknown", "targetlotarea": 463413, "existing_units": 0, "footprint_sqft": 0.0, "interior_sqft": 0.0, "coverage_pct": 0.0, "in_corridor": false, "in_historic": false, "context_type": "Suburban" }, "geometry": { "type": "Polygon", "coordinates": [ [ [ -106.580432474955757, 31.917519417829592 ], [ -106.582223788464489, 31.917521360244248 ], [ -106.582226512365992, 31.915687795685962 ], [ -106.582227011428557, 31.915352093528533 ], [ -106.582227012321795, 31.915351962514521 ], [ -106.582225543301163, 31.91533767943648 ], [ -106.58222119064888, 31.915323829129225 ], [ -106.582214084959176, 31.915310834372246 ], [ -106.582204444951572, 31.915299089330272 ], [ -106.582192560805467, 31.91528894770709 ], [ -106.582178794978233, 31.915280719093559 ], [ -106.58216356418734, 31.915274652670089 ], [ -106.582147328616401, 31.915270934111312 ], [ -106.582130583695161, 31.915269673335182 ], [ -106.580445121513719, 31.91526850099623 ], [ -106.580433951931994, 31.915269326527977 ], [ -106.580423120319153, 31.915271793314496 ], [ -106.580412954226105, 31.91527582603517 ], [ -106.580403764394674, 31.915281303206523 ], [ -106.580395828923443, 31.915288057941613 ], [ -106.58038938846407, 31.915295885406103 ], [ -106.58038463801401, 31.915304546824775 ], [ -106.580381723405708, 31.915313780489068 ], [ -106.580380732043565, 31.915323305813974 ], [ -106.580378844680467, 31.916548204865983 ], [ -106.580381977057584, 31.916633263494337 ], [ -106.580391625093299, 31.916717964534719 ], [ -106.580449240083794, 31.917095090008459 ], [ -106.580458914637447, 31.917179966796979 ], [ -106.580462075629441, 31.917265201068989 ], [ -106.58045870862675, 31.917350429507138 ], [ -106.580448827817392, 31.91743528922747 ], [ -106.580432474955757, 31.917519417829592 ] ] ] } },
{ "type": "Feature", "properties": { "district": 1, "zonelabel": "C-3", "state_cd_clean": null, "use_desc": "Unknown", "targetlotarea": 477388, "existing_units": 0, "footprint_sqft": 0.0, "interior_sqft": 0.0, "coverage_pct": 0.0, "in_corridor": false, "in_historic": false, "context_type": "Suburban" }, "geometry": { "type": "Polygon", "coordinates": [ [ [ -106.580432474955757, 31.917519417829592 ], [ -106.580420289465238, 31.917566885196845 ], [ -106.580406042040266, 31.917613933868431 ], [ -106.58038850677093, 31.917663815605806 ], [ -106.580369987137772, 31.917709945477775 ], [ -106.580349462119642, 31.917755454322201 ], [ -106.580335242873915, 31.91778530559775 ], [ -106.580313154801686, 31.917834687536075 ], [ -106.580293570710182, 31.917884832783447 ], [ -106.580270680358254, 31.917955318719603 ], [ -106.580252717664067, 31.918026835634045 ], [ -106.580239745552348, 31.918099133022483 ], [ -106.580164917729704, 31.918619792937214 ], [ -106.580147019415463, 31.918767005163883 ], [ -106.580135578952337, 31.91891468453796 ], [ -106.58013061456937, 31.91906262515133 ], [ -106.58013212860152, 31.919210620953848 ], [ -106.580140123324355, 31.919358464994019 ], [ -106.580154585237551, 31.919505951979151 ], [ -106.580175495384026, 31.919652874167461 ], [ -106.58017742831629, 31.919661891638832 ], [ -106.580181095955311, 31.919670507994471 ], [ -106.580186392486112, 31.919678483527615 ], [ -106.580193171990459, 31.919685596712981 ], [ -106.580201246513099, 31.919691647008808 ], [ -106.580210387948554, 31.919696467412102 ], [ -106.580220342701836, 31.919699921949235 ], [ -106.580230833397053, 31.919701915529618 ], [ -106.580241566148345, 31.919702391790683 ], [ -106.580249987210493, 31.919702163257227 ], [ -106.580281150516015, 31.919701322117756 ], [ -106.581542311118667, 31.919667262437457 ], [ -106.581895640227927, 31.919657717717541 ], [ -106.582045832557, 31.919653660484496 ], [ -106.582062322274652, 31.919652147026536 ], [ -106.582078263947196, 31.919648248179637 ], [ -106.582093186521163, 31.919642079570679 ], [ -106.582106651898926, 31.919633822989766 ], [ -106.582118261035546, 31.919623722484772 ], [ -106.582127671350946, 31.919612075396746 ], [ -106.582134606990053, 31.919599227351796 ], [ -106.58213885986541, 31.919585555952473 ], [ -106.582140306191761, 31.919571464564939 ], [ -106.58214109435805, 31.919043262457247 ], [ -106.582141832630882, 31.918548742038173 ], [ -106.582223075861421, 31.918000056568186 ], [ -106.582223574887792, 31.917665092706613 ], [ -106.582223654539746, 31.917611351010994 ], [ -106.582223788464489, 31.917521360244248 ], [ -106.580432474955757, 31.917519417829592 ] ] ] } },
{ "type": "Feature", "properties": { "district": 1, "zonelabel": "C-4", "state_cd_clean": null, "use_desc": "Unknown", "targetlotarea": 28604, "existing_units": 0, "footprint_sqft": 0.0, "interior_sqft": 0.0, "coverage_pct": 0.0, "in_corridor": false, "in_historic": false, "context_type": "Suburban" }, "geometry": { "type": "Polygon", "coordinates": [ [ [ -106.577531913911585, 31.915057893720675 ], [ -106.58209879405274, 31.915061122101175 ], [ -106.582108858846027, 31.915060453288234 ], [ -106.582118678959176, 31.915058450368342 ], [ -106.582128008693672, 31.915055161256088 ], [ -106.582136621556288, 31.915050668171869 ], [ -106.58214430345042, 31.915045080742107 ], [ -106.582150867573361, 31.915038537091494 ], [ -106.582156148782417, 31.915031198693477 ], [ -106.582160020187899, 31.915023245058329 ], [ -106.582162384707999, 31.915014874138016 ], [ -106.582163030976261, 31.915007939603264 ], [ -106.582163184794311, 31.915006289214375 ], [ -106.581690729354705, 31.915005962442226 ], [ -106.581681641932562, 31.915005955686397 ], [ -106.581537741118325, 31.915005856055828 ], [ -106.58143125627403, 31.915005781907869 ], [ -106.581227037250102, 31.915005640030582 ], [ -106.58116667458485, 31.915005598357613 ], [ -106.580293292771941, 31.915004988130342 ], [ -106.579625776712518, 31.915004517295671 ], [ -106.579271946660882, 31.915004266025228 ], [ -106.578984945649452, 31.915004061746636 ], [ -106.577531968045733, 31.915003017031708 ], [ -106.577531913911585, 31.915057893720675 ] ] ] } },
{ "type": "Feature", "properties": { "district": 1, "zonelabel": "C-4", "state_cd_clean": null, "use_desc": "Unknown", "targetlotarea": 62709, "existing_units": 0, "footprint_sqft": 0.0, "interior_sqft": 0.0, "coverage_pct": 0.0, "in_corridor": false, "in_historic": false, "context_type": "Suburban" }, "geometry": { "type": "Polygon", "coordinates": [ [ [ -106.575099900162215, 31.915001233258518 ], [ -106.575099605925189, 31.915286911669643 ], [ -106.575100626419854, 31.915297889609295 ], [ -106.57510369559445, 31.915308587845004 ], [ -106.575108732608228, 31.915318727533485 ], [ -106.575115608131981, 31.915328049316386 ], [ -106.575124143233111, 31.915336312469979 ], [ -106.575134120524964, 31.915343303403887 ], [ -106.575145280299964, 31.915348841265619 ], [ -106.575157335782791, 31.915352784435861 ], [ -106.575169976297559, 31.915355030376883 ], [ -106.57530190736648, 31.915366124070456 ], [ -106.575434348593745, 31.915371118856854 ], [ -106.575566914386556, 31.915369997078418 ], [ -106.575699213304361, 31.915362764843763 ], [ -106.57583086118936, 31.915349442365788 ], [ -106.575961470847915, 31.915330068069423 ], [ -106.576090663781329, 31.915304699836039 ], [ -106.576218057162706, 31.915273410207583 ], [ -106.576522910121497, 31.915190857798862 ], [ -106.576663409134184, 31.915155696128977 ], [ -106.576805584711224, 31.915125844535641 ], [ -106.576949164320851, 31.915101361237799 ], [ -106.577093869323974, 31.915082292102873 ], [ -106.577239416385197, 31.915068675998452 ], [ -106.577385525502777, 31.91506053808493 ], [ -106.577531913911585, 31.915057893720675 ], [ -106.577531968045733, 31.915003017031708 ], [ -106.57752544349249, 31.915003012703348 ], [ -106.577523076568127, 31.915003010530523 ], [ -106.576431838855726, 31.91500221613434 ], [ -106.575099900162215, 31.915001233258518 ] ] ] } },
{ "type": "Feature", "properties": { "district": 1, "zonelabel": "C-3", "state_cd_clean": null, "use_desc": "Unknown", "targetlotarea": 99116, "existing_units": 0, "footprint_sqft": 0.0, "interior_sqft": 0.0, "coverage_pct": 0.0, "in_corridor": false, "in_historic": false, "context_type": "Suburban" }, "geometry": { "type": "Polygon", "coordinates": [ [ [ -106.575158113059757, 31.836096835659184 ], [ -106.575396716553371, 31.83639570660074 ], [ -106.57540469669253, 31.836405211192787 ], [ -106.576042342713833, 31.83603249359151 ], [ -106.576306854309408, 31.836361998040495 ], [ -106.576586379968674, 31.836713931072811 ], [ -106.57661957180423, 31.836694278085933 ], [ -106.57698414222321, 31.836482495080897 ], [ -106.576985492543713, 31.836481710400069 ], [ -106.576983269272617, 31.836478925649558 ], [ -106.576165810159665, 31.835455012698201 ], [ -106.576156320722419, 31.835460534291379 ], [ -106.576049915847904, 31.835522444497382 ], [ -106.575980828634655, 31.835584523229549 ], [ -106.575920480174801, 31.83561962376951 ], [ -106.575932685978742, 31.835634912599396 ], [ -106.575933699032419, 31.835645162278748 ], [ -106.575728388125185, 31.835764576795331 ], [ -106.575707107795921, 31.835776954219359 ], [ -106.575606253849969, 31.835835613396501 ], [ -106.575608066617406, 31.835837884921002 ], [ -106.575546588713649, 31.835873641918198 ], [ -106.575514655873619, 31.835892214467435 ], [ -106.575448129396491, 31.835930907990434 ], [ -106.575446629130255, 31.835929027952847 ], [ -106.575412369659688, 31.835948953148169 ], [ -106.575158113059757, 31.836096835659184 ] ] ] } },
{ "type": "Feature", "properties": { "district": 1, "zonelabel": "C-3", "state_cd_clean": null, "use_desc": "Unknown", "targetlotarea": 1178, "existing_units": 0, "footprint_sqft": 0.0, "interior_sqft": 0.0, "coverage_pct": 0.0, "in_corridor": false, "in_historic": false, "context_type": "Suburban" }, "geometry": { "type": "Polygon", "coordinates": [ [ [ -106.575141406041539, 31.836042852153653 ], [ -106.575123412370857, 31.836053370100799 ], [ -106.575128852760812, 31.836060184592583 ], [ -106.575811005595952, 31.835661452085223 ], [ -106.576049915847904, 31.835522444497382 ], [ -106.576156320722419, 31.835460534291379 ], [ -106.576155815606654, 31.835459900930672 ], [ -106.576150375177392, 31.835453086480065 ], [ -106.575141406041539, 31.836042852153653 ] ] ] } },
{ "type": "Feature", "properties": { "district": 1, "zonelabel": "C-3", "state_cd_clean": null, "use_desc": "Unknown", "targetlotarea": 5107, "existing_units": 0, "footprint_sqft": 0.0, "interior_sqft": 0.0, "coverage_pct": 0.0, "in_corridor": false, "in_historic": false, "context_type": "Suburban" }, "geometry": { "type": "Polygon", "coordinates": [ [ [ -106.576049915847904, 31.835522444497382 ], [ -106.575811005595952, 31.835661452085223 ], [ -106.575128852760812, 31.836060184592583 ], [ -106.575158113059757, 31.836096835659184 ], [ -106.575412369659688, 31.835948953148169 ], [ -106.575446629130255, 31.835929027952847 ], [ -106.575448129396491, 31.835930907990434 ], [ -106.575514655873619, 31.835892214467435 ], [ -106.575546588713649, 31.835873641918198 ], [ -106.575608066617406, 31.835837884921002 ], [ -106.575606253849969, 31.835835613396501 ], [ -106.575707107795921, 31.835776954219359 ], [ -106.575728388125185, 31.835764576795331 ], [ -106.575933699032419, 31.835645162278748 ], [ -106.575932685978742, 31.835634912599396 ], [ -106.575920480174801, 31.83561962376951 ], [ -106.575980828634655, 31.835584523229549 ], [ -106.576049915847904, 31.835522444497382 ] ] ] } },
{ "type": "Feature", "properties": { "district": 1, "zonelabel": "C-3", "state_cd_clean": null, "use_desc": "Unknown", "targetlotarea": 560, "existing_units": 0, "footprint_sqft": 0.0, "interior_sqft": 0.0, "coverage_pct": 0.0, "in_corridor": false, "in_historic": false, "context_type": "Urban" }, "geometry": { "type": "Polygon", "coordinates": [ [ [ -106.55108049801089, 31.815713674019467 ], [ -106.551043600507725, 31.815738535365739 ], [ -106.551207027452321, 31.815896947617254 ], [ -106.55108049801089, 31.815713674019467 ] ] ] } },
{ "type": "Feature", "properties": { "district": 1, "zonelabel": "C-3", "state_cd_clean": null, "use_desc": "Unknown", "targetlotarea": 42711, "existing_units": 0, "footprint_sqft": 0.0, "interior_sqft": 0.0, "coverage_pct": 0.0, "in_corridor": false, "in_historic": false, "context_type": "Suburban" }, "geometry": { "type": "Polygon", "coordinates": [ [ [ -106.571007547866415, 31.839298031250998 ], [ -106.571101454093863, 31.839362488229298 ], [ -106.571614961655783, 31.839458849741924 ], [ -106.571619344128834, 31.839454565957514 ], [ -106.571622487285524, 31.839450696550927 ], [ -106.571625155715822, 31.8394465752991 ], [ -106.571626260392975, 31.839443357288616 ], [ -106.571630378964329, 31.83943111837231 ], [ -106.571633311552986, 31.839422405766104 ], [ -106.571642421905651, 31.839394472613936 ], [ -106.571650726435962, 31.839368107320531 ], [ -106.571656913098352, 31.839347847582015 ], [ -106.571662786106288, 31.839328079802755 ], [ -106.571667626467303, 31.839311370315851 ], [ -106.571673919009996, 31.83928903610115 ], [ -106.571682122771435, 31.839258773489604 ], [ -106.571686215440764, 31.839239495694368 ], [ -106.571694713427547, 31.839216201288242 ], [ -106.571698660987778, 31.839193124049793 ], [ -106.571704585041275, 31.839167793265876 ], [ -106.571710242026327, 31.839142520443751 ], [ -106.571715150332921, 31.839117785720614 ], [ -106.57174629659518, 31.838992390981797 ], [ -106.570828492409206, 31.838802415530498 ], [ -106.571007547866415, 31.839298031250998 ] ] ] } },
{ "type": "Feature", "properties": { "district": 1, "zonelabel": "C-3", "state_cd_clean": null, "use_desc": "Unknown", "targetlotarea": 1555, "existing_units": 0, "footprint_sqft": 0.0, "interior_sqft": 0.0, "coverage_pct": 0.0, "in_corridor": false, "in_historic": false, "context_type": "Suburban" }, "geometry": { "type": "Polygon", "coordinates": [ [ [ -106.571007547866415, 31.839298031250998 ], [ -106.571011925111776, 31.839310145766859 ], [ -106.571032740824421, 31.839367761739826 ], [ -106.571320789911283, 31.839426001037719 ], [ -106.57155500530088, 31.839469062994596 ], [ -106.571574702266176, 31.839472685121613 ], [ -106.571583605014979, 31.83947226299771 ], [ -106.571592309322455, 31.839470609284792 ], [ -106.571600580987123, 31.839467766820992 ], [ -106.571608199601201, 31.839463811204553 ], [ -106.571614961655783, 31.839458849741924 ], [ -106.571101454093863, 31.839362488229298 ], [ -106.571007547866415, 31.839298031250998 ] ] ] } },
{ "type": "Feature", "properties": { "district": 1, "zonelabel": "R-2A", "state_cd_clean": null, "use_desc": "Unknown", "targetlotarea": 312451, "existing_units": 0, "footprint_sqft": 0.0, "interior_sqft": 0.0, "coverage_pct": 0.0, "in_corridor": false, "in_historic": false, "context_type": "Suburban" }, "geometry": { "type": "Polygon", "coordinates": [ [ [ -106.589445965561964, 31.859728178533238 ], [ -106.590973485884021, 31.859730933940142 ], [ -106.590973567846532, 31.859709735555658 ], [ -106.590973718970901, 31.85967003206423 ], [ -106.590973821484539, 31.859643370587243 ], [ -106.590973832827714, 31.859640222128519 ], [ -106.59097387211618, 31.859629829867188 ], [ -106.590973914152897, 31.85961896596422 ], [ -106.590974074095982, 31.859577038184224 ], [ -106.590974074765739, 31.859577000214475 ], [ -106.590974074380554, 31.859576962295456 ], [ -106.590974089012462, 31.859573157900837 ], [ -106.590974135999673, 31.859560732900292 ], [ -106.590974326816195, 31.859511028243315 ], [ -106.59097456931292, 31.859434645580336 ], [ -106.590974569923333, 31.859434606710192 ], [ -106.590974647486291, 31.85940305971106 ], [ -106.590974697902382, 31.859382842893378 ], [ -106.590974771371378, 31.859353030378738 ], [ -106.590974779416271, 31.859349864012625 ], [ -106.590974935090884, 31.859286794373915 ], [ -106.590974937375449, 31.859285930733019 ], [ -106.590974942933528, 31.859283929711346 ], [ -106.590974943603342, 31.859283891741587 ], [ -106.590974943812213, 31.859283862826757 ], [ -106.590975057383858, 31.859237815624674 ], [ -106.590975125802416, 31.859209915584582 ], [ -106.590975404328915, 31.859142997504854 ], [ -106.591173182965392, 31.85914009570644 ], [ -106.591371154075318, 31.85913719158237 ], [ -106.591371199559163, 31.859137191202752 ], [ -106.591362857911363, 31.858968684143679 ], [ -106.591349058614398, 31.858942578827982 ], [ -106.591340717254326, 31.85891483820091 ], [ -106.591338081907821, 31.858886286772716 ], [ -106.591341230869816, 31.858857774375615 ], [ -106.591350070693906, 31.858830146449947 ], [ -106.591364340220153, 31.858804224881705 ], [ -106.591383611958705, 31.858780780838234 ], [ -106.591407316860682, 31.858760509189079 ], [ -106.59143474758821, 31.858744013896992 ], [ -106.591465090848033, 31.858731784785455 ], [ -106.591497443499037, 31.858724185022226 ], [ -106.591539866116278, 31.858722725853358 ], [ -106.591582042161392, 31.85872688063823 ], [ -106.591622959651147, 31.858736549882586 ], [ -106.591661633737203, 31.858751500007649 ], [ -106.591654634503627, 31.858463341902389 ], [ -106.591604577396566, 31.858464211508583 ], [ -106.591429893569355, 31.85846724869177 ], [ -106.591408363027639, 31.858467622360397 ], [ -106.591166994511454, 31.85847181754767 ], [ -106.590960954220293, 31.858475400100851 ], [ -106.590920537545088, 31.858475307501525 ], [ -106.590679129991699, 31.858474756044188 ], [ -106.59055790435157, 31.858474478581243 ], [ -106.590437136073518, 31.858474203414268 ], [ -106.590196010045233, 31.858473651082146 ], [ -106.589953717614534, 31.858473096544465 ], [ -106.589711707761111, 31.858472541527288 ], [ -106.589470118168833, 31.858471987545887 ], [ -106.589232083070513, 31.858471442081491 ], [ -106.588990598225237, 31.858470886695017 ], [ -106.588725429480064, 31.858470276417759 ], [ -106.588727928276057, 31.85917428942571 ], [ -106.589100968989825, 31.859178849937791 ], [ -106.589446269948269, 31.859177079789895 ], [ -106.589445965561964, 31.859728178533238 ] ] ] } },
{ "type": "Feature", "properties": { "district": 1, "zonelabel": "C-4", "state_cd_clean": null, "use_desc": "Unknown", "targetlotarea": 1038839, "existing_units": 0, "footprint_sqft": 0.0, "interior_sqft": 0.0, "coverage_pct": 0.0, "in_corridor": false, "in_historic": false, "context_type": "Suburban" }, "geometry": { "type": "Polygon", "coordinates": [ [ [ -106.578189788714667, 31.906469863087196 ], [ -106.580842914633763, 31.906620369793359 ], [ -106.581109409068191, 31.903871810749845 ], [ -106.581187792432274, 31.902992246540535 ], [ -106.579065045301974, 31.903156027961273 ], [ -106.578879789336725, 31.903170785857903 ], [ -106.578694119765643, 31.903181098540195 ], [ -106.578508184206243, 31.903186956220562 ], [ -106.578189788714667, 31.906469863087196 ] ] ] } },
{ "type": "Feature", "properties": { "district": 1, "zonelabel": "C-4", "state_cd_clean": null, "use_desc": "Unknown", "targetlotarea": 565931, "existing_units": 0, "footprint_sqft": 0.0, "interior_sqft": 0.0, "coverage_pct": 0.0, "in_corridor": false, "in_historic": false, "context_type": "Suburban" }, "geometry": { "type": "Polygon", "coordinates": [ [ [ -106.584345634795767, 31.914876085665057 ], [ -106.588362072425397, 31.914888016072698 ], [ -106.588373127065211, 31.912676806167983 ], [ -106.587127728592378, 31.912672969542069 ], [ -106.587091737957181, 31.912837877960055 ], [ -106.587052419454764, 31.913002232527425 ], [ -106.587037243204634, 31.913084883334459 ], [ -106.587026838961293, 31.913168070122492 ], [ -106.587021964756161, 31.914152175397138 ], [ -106.584124168450458, 31.914142367079709 ], [ -106.584123152904027, 31.914343681774113 ], [ -106.584126186812114, 31.914399787055999 ], [ -106.584136852188621, 31.914455210947981 ], [ -106.584155002987657, 31.914509199918985 ], [ -106.584180395002448, 31.914561021404872 ], [ -106.584212681061288, 31.914609971265314 ], [ -106.584251425581385, 31.914655385731084 ], [ -106.584296099646465, 31.914696647059984 ], [ -106.584346097672324, 31.914733195383363 ], [ -106.584345634795767, 31.914876085665057 ] ] ] } },
{ "type": "Feature", "properties": { "district": 1, "zonelabel": "C-3", "state_cd_clean": null, "use_desc": "Unknown", "targetlotarea": 119670, "existing_units": 0, "footprint_sqft": 0.0, "interior_sqft": 0.0, "coverage_pct": 0.0, "in_corridor": false, "in_historic": false, "context_type": "Suburban" }, "geometry": { "type": "Polygon", "coordinates": [ [ [ -106.597857300772375, 31.897160783240416 ], [ -106.597200722421263, 31.897163608309576 ], [ -106.597212373176077, 31.897872120629973 ], [ -106.598833523263409, 31.897872068582053 ], [ -106.598779755727676, 31.89737586702768 ], [ -106.598494958660922, 31.897382310773949 ], [ -106.598468601945939, 31.897156741800348 ], [ -106.59843643275137, 31.897158289099394 ], [ -106.598137312468367, 31.89715957780745 ], [ -106.597895520458792, 31.897213337830621 ], [ -106.597857300772375, 31.897160783240416 ] ] ] } },
{ "type": "Feature", "properties": { "district": 1, "zonelabel": "R-4", "state_cd_clean": null, "use_desc": "Unknown", "targetlotarea": 833, "existing_units": 0, "footprint_sqft": 0.0, "interior_sqft": 0.0, "coverage_pct": 0.0, "in_corridor": false, "in_historic": false, "context_type": "Suburban" }, "geometry": { "type": "Polygon", "coordinates": [ [ [ -106.597857300772375, 31.897160783240416 ], [ -106.597895520458792, 31.897213337830621 ], [ -106.598137312468367, 31.89715957780745 ], [ -106.597857300772375, 31.897160783240416 ] ] ] } },
{ "type": "Feature", "properties": { "district": 1, "zonelabel": "C-1", "state_cd_clean": null, "use_desc": "Unknown", "targetlotarea": 63413, "existing_units": 0, "footprint_sqft": 0.0, "interior_sqft": 0.0, "coverage_pct": 0.0, "in_corridor": false, "in_historic": false, "context_type": "Suburban" }, "geometry": { "type": "Polygon", "coordinates": [ [ [ -106.568958193245535, 31.889687474234897 ], [ -106.568909113070887, 31.889691965591798 ], [ -106.568861630212098, 31.889703471901502 ], [ -106.56881710964295, 31.889721660454352 ], [ -106.56877683289926, 31.889746008337706 ], [ -106.56874196079805, 31.889775815059064 ], [ -106.568713496629485, 31.889810222373008 ], [ -106.568692259261553, 31.889848239955576 ], [ -106.568681923625832, 31.889876784388594 ], [ -106.568675681799832, 31.889906180609067 ], [ -106.568670868779421, 31.88994052870861 ], [ -106.568665823720579, 31.88999127744637 ], [ -106.568664871453308, 31.890042202387345 ], [ -106.568669909861484, 31.890109460392846 ], [ -106.568682082285832, 31.890176051695938 ], [ -106.568701288941668, 31.890241424668474 ], [ -106.568727370538767, 31.890305040465712 ], [ -106.569701825379369, 31.890220510818821 ], [ -106.569765140969452, 31.889769729959699 ], [ -106.568958193245535, 31.889687474234897 ] ] ] } },
{ "type": "Feature", "properties": { "district": 1, "zonelabel": "C-1", "state_cd_clean": null, "use_desc": "Unknown", "targetlotarea": 32492, "existing_units": 0, "footprint_sqft": 0.0, "interior_sqft": 0.0, "coverage_pct": 0.0, "in_corridor": false, "in_historic": false, "context_type": "Suburban" }, "geometry": { "type": "Polygon", "coordinates": [ [ [ -106.570268574057636, 31.89183937018387 ], [ -106.570267241009844, 31.891836278049581 ], [ -106.570268733542974, 31.891839283963925 ], [ -106.569772540989291, 31.890525922875238 ], [ -106.569603787149418, 31.890500066835113 ], [ -106.569603428491391, 31.890607280323863 ], [ -106.569610865339143, 31.890714306627238 ], [ -106.569626068482393, 31.890820733453534 ], [ -106.569648980274593, 31.890926150774835 ], [ -106.569679511525479, 31.891030151878613 ], [ -106.569717544963112, 31.891132337718474 ], [ -106.569762934996106, 31.891232313312454 ], [ -106.569815507132034, 31.891329694997172 ], [ -106.569875056684552, 31.891424106876823 ], [ -106.56994135645688, 31.89151518497146 ], [ -106.570014150527697, 31.891602579321553 ], [ -106.570093157357974, 31.891685952935827 ], [ -106.570178074189684, 31.891764984290855 ], [ -106.570268574057636, 31.89183937018387 ] ] ] } },
{ "type": "Feature", "properties": { "district": 1, "zonelabel": "R-3", "state_cd_clean": null, "use_desc": "Unknown", "targetlotarea": 591841, "existing_units": 0, "footprint_sqft": 0.0, "interior_sqft": 0.0, "coverage_pct": 0.0, "in_corridor": false, "in_historic": false, "context_type": "Suburban" }, "geometry": { "type": "Polygon", "coordinates": [ [ [ -106.576355764965086, 31.854066678665504 ], [ -106.576456316282389, 31.854719623981044 ], [ -106.577991761942855, 31.854263098933476 ], [ -106.577994823047405, 31.852944813562875 ], [ -106.577990911593304, 31.851651720857564 ], [ -106.575982824258787, 31.852207256709772 ], [ -106.575549439956006, 31.852341640019937 ], [ -106.575731034237236, 31.853572755180885 ], [ -106.576263926344026, 31.853470306338519 ], [ -106.576355764965086, 31.854066678665504 ] ] ] } },
{ "type": "Feature", "properties": { "district": 1, "zonelabel": "R-4", "state_cd_clean": null, "use_desc": "Unknown", "targetlotarea": 82982, "existing_units": 0, "footprint_sqft": 0.0, "interior_sqft": 0.0, "coverage_pct": 0.0, "in_corridor": false, "in_historic": false, "context_type": "Urban" }, "geometry": { "type": "Polygon", "coordinates": [ [ [ -106.55631960321567, 31.818266289678999 ], [ -106.55634097894297, 31.817415490095609 ], [ -106.556342847593172, 31.817108673828059 ], [ -106.556331046162299, 31.816834239626683 ], [ -106.556283346172847, 31.816871207147038 ], [ -106.556211951354641, 31.817042155015255 ], [ -106.5561331015262, 31.817259171318128 ], [ -106.556121230887953, 31.817294926891059 ], [ -106.556087776263013, 31.818996625725894 ], [ -106.55605965051825, 31.820427189390863 ], [ -106.556283611552999, 31.820353298792178 ], [ -106.556281913121666, 31.819896374858928 ], [ -106.556289664529061, 31.819502031278326 ], [ -106.556293053806442, 31.819436379129211 ], [ -106.55631533237424, 31.818665487444317 ], [ -106.556319573535674, 31.818267466258511 ], [ -106.55631960321567, 31.818266289678999 ] ] ] } },
{ "type": "Feature", "properties": { "district": 1, "zonelabel": "C-3", "state_cd_clean": null, "use_desc": "Unknown", "targetlotarea": 65354, "existing_units": 0, "footprint_sqft": 0.0, "interior_sqft": 0.0, "coverage_pct": 0.0, "in_corridor": false, "in_historic": false, "context_type": "Suburban" }, "geometry": { "type": "Polygon", "coordinates": [ [ [ -106.584059605133888, 31.928890078984391 ], [ -106.584176907954514, 31.928913874062978 ], [ -106.584295775914768, 31.92893111317029 ], [ -106.584415707534021, 31.928941724615008 ], [ -106.584536194547539, 31.928945662324125 ], [ -106.584656726426743, 31.928942910141817 ], [ -106.584776793368874, 31.928933478976788 ], [ -106.584895887531815, 31.928917409452584 ], [ -106.585013503971282, 31.928894770056168 ], [ -106.585012914507899, 31.928706288291227 ], [ -106.585012898721843, 31.928701425071409 ], [ -106.585012395826809, 31.92854069858452 ], [ -106.585012366706238, 31.928531314356537 ], [ -106.583392224624802, 31.928521758052373 ], [ -106.583389810882394, 31.928672925272739 ], [ -106.58332535656794, 31.928672177198397 ], [ -106.583324516382547, 31.928724799893089 ], [ -106.584059605133888, 31.928890078984391 ] ] ] } },
{ "type": "Feature", "properties": { "district": 1, "zonelabel": "C-3", "state_cd_clean": null, "use_desc": "Unknown", "targetlotarea": 46378, "existing_units": 0, "footprint_sqft": 0.0, "interior_sqft": 0.0, "coverage_pct": 0.0, "in_corridor": false, "in_historic": false, "context_type": "Suburban" }, "geometry": { "type": "Polygon", "coordinates": [ [ [ -106.584669406609805, 31.929193423846481 ], [ -106.584756413116907, 31.929190653247371 ], [ -106.584843090008192, 31.929183640505805 ], [ -106.584929154856837, 31.929172407301305 ], [ -106.585014324193807, 31.929156991622467 ], [ -106.585014283990475, 31.929143971462921 ], [ -106.585013657753549, 31.928943934457429 ], [ -106.585013503971282, 31.928894770056168 ], [ -106.584895887531815, 31.928917409452584 ], [ -106.584776793368874, 31.928933478976788 ], [ -106.584656726426743, 31.928942910141817 ], [ -106.584536194547539, 31.928945662324125 ], [ -106.584415707534021, 31.928941724615008 ], [ -106.584295775914768, 31.92893111317029 ], [ -106.584176907954514, 31.928913874062978 ], [ -106.584059605133888, 31.928890078984391 ], [ -106.583324516382547, 31.928724799893089 ], [ -106.583320659209519, 31.928966290343638 ], [ -106.584259725622559, 31.929164714650739 ], [ -106.584361314656064, 31.929178956482254 ], [ -106.584463657503818, 31.929188504940612 ], [ -106.584566453628412, 31.929193331989147 ], [ -106.584669406609805, 31.929193423846481 ] ] ] } },
{ "type": "Feature", "properties": { "district": 1, "zonelabel": "C-3", "state_cd_clean": null, "use_desc": "Unknown", "targetlotarea": 64324, "existing_units": 0, "footprint_sqft": 0.0, "interior_sqft": 0.0, "coverage_pct": 0.0, "in_corridor": false, "in_historic": false, "context_type": "Suburban" }, "geometry": { "type": "Polygon", "coordinates": [ [ [ -106.571443485855355, 31.840643684801517 ], [ -106.571649365293879, 31.841220650111357 ], [ -106.572326711520134, 31.84048637300641 ], [ -106.572675312590988, 31.840108467365049 ], [ -106.572368997416291, 31.840058452725373 ], [ -106.571793983570757, 31.840322346877684 ], [ -106.571443485855355, 31.840643684801517 ] ] ] } },
{ "type": "Feature", "properties": { "district": 1, "zonelabel": "P-R 2", "state_cd_clean": null, "use_desc": "Unknown", "targetlotarea": 195832, "existing_units": 0, "footprint_sqft": 0.0, "interior_sqft": 0.0, "coverage_pct": 0.0, "in_corridor": false, "in_historic": false, "context_type": "Suburban" }, "geometry": { "type": "Polygon", "coordinates": [ [ [ -106.59379281997812, 31.870176907502145 ], [ -106.593808991152926, 31.870179935523591 ], [ -106.593856825662158, 31.870196114005005 ], [ -106.593900992541421, 31.870218640861939 ], [ -106.59394034493701, 31.870246930816855 ], [ -106.594394358015421, 31.870132680820117 ], [ -106.594394354641011, 31.870132517489964 ], [ -106.595472934199506, 31.869861091625843 ], [ -106.595243494273618, 31.869256284386097 ], [ -106.594824068027108, 31.868150653218372 ], [ -106.594817814722177, 31.868152448833406 ], [ -106.594451135332676, 31.868256832680807 ], [ -106.594353264782868, 31.868284424811979 ], [ -106.594141844252889, 31.86834402730452 ], [ -106.593949413617082, 31.868397864940956 ], [ -106.594543732624032, 31.869955679645049 ], [ -106.593816564319383, 31.870154007011799 ], [ -106.59379281997812, 31.870176907502145 ] ] ] } },
{ "type": "Feature", "properties": { "district": 1, "zonelabel": "P-R 2", "state_cd_clean": null, "use_desc": "Unknown", "targetlotarea": 181181, "existing_units": 0, "footprint_sqft": 0.0, "interior_sqft": 0.0, "coverage_pct": 0.0, "in_corridor": false, "in_historic": false, "context_type": "Suburban" }, "geometry": { "type": "Polygon", "coordinates": [ [ [ -106.593949413617082, 31.868397864940956 ], [ -106.593905611061388, 31.86841012010558 ], [ -106.593679878315854, 31.86847632275844 ], [ -106.5934576275761, 31.868534572296117 ], [ -106.593456842723526, 31.868535542205763 ], [ -106.593455307450469, 31.868537442432292 ], [ -106.59324917562337, 31.868595306889496 ], [ -106.593048501270857, 31.868654026002648 ], [ -106.593048457669624, 31.86865403893788 ], [ -106.593035332675555, 31.868658029155572 ], [ -106.593007955679838, 31.868666350101591 ], [ -106.593007912138034, 31.868666363937312 ], [ -106.593606459122341, 31.870184602485462 ], [ -106.593656173507085, 31.87017309208133 ], [ -106.593707355204344, 31.870168127584005 ], [ -106.593758732905613, 31.870170525248575 ], [ -106.593780451286207, 31.870174591809516 ], [ -106.593788221235542, 31.870176046476221 ], [ -106.59379281997812, 31.870176907502145 ], [ -106.593816564319383, 31.870154007011799 ], [ -106.594543732624032, 31.869955679645049 ], [ -106.593949413617082, 31.868397864940956 ] ] ] } },
{ "type": "Feature", "properties": { "district": 1, "zonelabel": "C-3", "state_cd_clean": null, "use_desc": "Unknown", "targetlotarea": 11550, "existing_units": 0, "footprint_sqft": 0.0, "interior_sqft": 0.0, "coverage_pct": 0.0, "in_corridor": false, "in_historic": false, "context_type": "Suburban" }, "geometry": { "type": "Polygon", "coordinates": [ [ [ -106.573164855352047, 31.840825245541662 ], [ -106.573771430603045, 31.840936590773207 ], [ -106.573806242684512, 31.840815722246624 ], [ -106.573239371953491, 31.840712509373638 ], [ -106.573394675468549, 31.840139735347837 ], [ -106.57335309370869, 31.840131007638547 ], [ -106.573164855352047, 31.840825245541662 ] ] ] } },
{ "type": "Feature", "properties": { "district": 1, "zonelabel": "C-3", "state_cd_clean": null, "use_desc": "Unknown", "targetlotarea": 38287, "existing_units": 0, "footprint_sqft": 0.0, "interior_sqft": 0.0, "coverage_pct": 0.0, "in_corridor": false, "in_historic": false, "context_type": "Suburban" }, "geometry": { "type": "Polygon", "coordinates": [ [ [ -106.573239371953491, 31.840712509373638 ], [ -106.573806242684512, 31.840815722246624 ], [ -106.573966375487117, 31.84025972455683 ], [ -106.573394675468549, 31.840139735347837 ], [ -106.573239371953491, 31.840712509373638 ] ] ] } },
{ "type": "Feature", "properties": { "district": 1, "zonelabel": "R-4", "state_cd_clean": null, "use_desc": "Unknown", "targetlotarea": 5424, "existing_units": 0, "footprint_sqft": 0.0, "interior_sqft": 0.0, "coverage_pct": 0.0, "in_corridor": false, "in_historic": false, "context_type": "Suburban" }, "geometry": { "type": "Polygon", "coordinates": [ [ [ -106.583944058847266, 31.854462052382541 ], [ -106.584047826132874, 31.854725757434668 ], [ -106.584051662563454, 31.854735506547936 ], [ -106.584209010737482, 31.854691010025803 ], [ -106.584207904309324, 31.854688160024967 ], [ -106.584102715623089, 31.854417185122379 ], [ -106.584075915442725, 31.854424764025239 ], [ -106.584073040717172, 31.85442557678828 ], [ -106.583944058847266, 31.854462052382541 ] ] ] } },
{ "type": "Feature", "properties": { "district": 1, "zonelabel": "R-4", "state_cd_clean": null, "use_desc": "Unknown", "targetlotarea": 5648, "existing_units": 0, "footprint_sqft": 0.0, "interior_sqft": 0.0, "coverage_pct": 0.0, "in_corridor": false, "in_historic": false, "context_type": "Suburban" }, "geometry": { "type": "Polygon", "coordinates": [ [ [ -106.58377647021058, 31.854509444743577 ], [ -106.583887819523611, 31.854775539076652 ], [ -106.583890177195343, 31.854781172514148 ], [ -106.584051662563454, 31.854735506547936 ], [ -106.584047826132874, 31.854725757434668 ], [ -106.583944058847266, 31.854462052382541 ], [ -106.58377647021058, 31.854509444743577 ] ] ] } },
{ "type": "Feature", "properties": { "district": 1, "zonelabel": "R-4", "state_cd_clean": null, "use_desc": "Unknown", "targetlotarea": 5796, "existing_units": 0, "footprint_sqft": 0.0, "interior_sqft": 0.0, "coverage_pct": 0.0, "in_corridor": false, "in_historic": false, "context_type": "Suburban" }, "geometry": { "type": "Polygon", "coordinates": [ [ [ -106.583609470427689, 31.854556669506941 ], [ -106.58371726186428, 31.854823912105029 ], [ -106.583719491963365, 31.854829440566924 ], [ -106.583890177195343, 31.854781172514148 ], [ -106.583887819523611, 31.854775539076652 ], [ -106.58377647021058, 31.854509444743577 ], [ -106.583609470427689, 31.854556669506941 ] ] ] } },
{ "type": "Feature", "properties": { "district": 1, "zonelabel": "R-4", "state_cd_clean": null, "use_desc": "Unknown", "targetlotarea": 14959, "existing_units": 0, "footprint_sqft": 0.0, "interior_sqft": 0.0, "coverage_pct": 0.0, "in_corridor": false, "in_historic": false, "context_type": "Suburban" }, "geometry": { "type": "Polygon", "coordinates": [ [ [ -106.583172723467044, 31.854640061806304 ], [ -106.583266355491148, 31.854909547076364 ], [ -106.583275616274975, 31.854936201622788 ], [ -106.583282679120288, 31.854952965153178 ], [ -106.583719491963365, 31.854829440566924 ], [ -106.58371726186428, 31.854823912105029 ], [ -106.583609470427689, 31.854556669506941 ], [ -106.583222757079199, 31.854666026401663 ], [ -106.583212657951648, 31.854640010964484 ], [ -106.58320873969032, 31.854629917998338 ], [ -106.583203566456035, 31.854631374913321 ], [ -106.583172723467044, 31.854640061806304 ] ] ] } },
{ "type": "Feature", "properties": { "district": 1, "zonelabel": "C-4", "state_cd_clean": null, "use_desc": "Unknown", "targetlotarea": 13443, "existing_units": 0, "footprint_sqft": 0.0, "interior_sqft": 0.0, "coverage_pct": 0.0, "in_corridor": false, "in_historic": false, "context_type": "Suburban" }, "geometry": { "type": "Polygon", "coordinates": [ [ [ -106.583929585889081, 31.853825109003964 ], [ -106.584424990508737, 31.853685021774204 ], [ -106.584424981818572, 31.853685002319427 ], [ -106.584414878943463, 31.853658548142583 ], [ -106.584338571391342, 31.853462226990597 ], [ -106.583850021509306, 31.853613832206079 ], [ -106.583919513442893, 31.853801266507048 ], [ -106.583919880082789, 31.853801161287155 ], [ -106.583929585889081, 31.853825109003964 ] ] ] } },
{ "type": "Feature", "properties": { "district": 1, "zonelabel": "C-4", "state_cd_clean": null, "use_desc": "Unknown", "targetlotarea": 68375, "existing_units": 0, "footprint_sqft": 0.0, "interior_sqft": 0.0, "coverage_pct": 0.0, "in_corridor": false, "in_historic": false, "context_type": "Urban" }, "geometry": { "type": "Polygon", "coordinates": [ [ [ -106.550879345026388, 31.812809040772294 ], [ -106.551591148195854, 31.813147030208125 ], [ -106.552000207153768, 31.812518869979819 ], [ -106.551665075923324, 31.812359738152971 ], [ -106.551587374763628, 31.812328533048266 ], [ -106.551507245537024, 31.812302179786297 ], [ -106.551425105537859, 31.812280815593059 ], [ -106.551341378842878, 31.812264552079771 ], [ -106.551256498184372, 31.812253471540103 ], [ -106.551170905363733, 31.812247633253687 ], [ -106.551070958180631, 31.812238243484003 ], [ -106.551029878717827, 31.812231451663138 ], [ -106.55106555764587, 31.812495162430455 ], [ -106.550879345026388, 31.812809040772294 ] ] ] } },
{ "type": "Feature", "properties": { "district": 1, "zonelabel": "C-1", "state_cd_clean": null, "use_desc": "Unknown", "targetlotarea": 85138, "existing_units": 0, "footprint_sqft": 0.0, "interior_sqft": 0.0, "coverage_pct": 0.0, "in_corridor": false, "in_historic": false, "context_type": "Suburban" }, "geometry": { "type": "Polygon", "coordinates": [ [ [ -106.562308475505702, 31.817894005191988 ], [ -106.562303680219372, 31.817887930731118 ], [ -106.561811550244258, 31.817288864132593 ], [ -106.561538453129202, 31.817477074890089 ], [ -106.560857509894745, 31.818001242044016 ], [ -106.561128869228199, 31.818368839110345 ], [ -106.561456165132086, 31.818238721504748 ], [ -106.562243676591024, 31.81791556597576 ], [ -106.562308475505702, 31.817894005191988 ] ] ] } },
{ "type": "Feature", "properties": { "district": 1, "zonelabel": "C-3", "state_cd_clean": null, "use_desc": "Unknown", "targetlotarea": 7547, "existing_units": 0, "footprint_sqft": 0.0, "interior_sqft": 0.0, "coverage_pct": 0.0, "in_corridor": false, "in_historic": false, "context_type": "Suburban" }, "geometry": { "type": "Polygon", "coordinates": [ [ [ -106.576032813937047, 31.868112122524316 ], [ -106.576047269233513, 31.868098056675333 ], [ -106.575946348566859, 31.86811761454808 ], [ -106.57571733657629, 31.8681569008018 ], [ -106.575600005092369, 31.868166720276907 ], [ -106.575367148189102, 31.868182313321348 ], [ -106.575192649364823, 31.868182951523504 ], [ -106.574908316587383, 31.868183979275994 ], [ -106.57497242295932, 31.868212763693784 ], [ -106.575011588992808, 31.868230349872636 ], [ -106.575043340658851, 31.868244607023847 ], [ -106.575161736489918, 31.868256713465311 ], [ -106.575361114921606, 31.868256618751445 ], [ -106.575610945965721, 31.868239623089043 ], [ -106.575726266392607, 31.86821962357293 ], [ -106.575880797931248, 31.868179624669757 ], [ -106.576032813937047, 31.868112122524316 ] ] ] } },
{ "type": "Feature", "properties": { "district": 1, "zonelabel": "C-4", "state_cd_clean": null, "use_desc": "Unknown", "targetlotarea": 18882, "existing_units": 0, "footprint_sqft": 0.0, "interior_sqft": 0.0, "coverage_pct": 0.0, "in_corridor": false, "in_historic": false, "context_type": "Suburban" }, "geometry": { "type": "Polygon", "coordinates": [ [ [ -106.584102715623089, 31.854417185122379 ], [ -106.584207904309324, 31.854688160024967 ], [ -106.584209010737482, 31.854691010025803 ], [ -106.584261297995724, 31.854676223228495 ], [ -106.584502504190326, 31.854608012365144 ], [ -106.58475192168244, 31.854537478274736 ], [ -106.584758984292733, 31.854535480746378 ], [ -106.584652653288657, 31.854261566698494 ], [ -106.584102715623089, 31.854417185122379 ] ] ] } },
{ "type": "Feature", "properties": { "district": 1, "zonelabel": "C-4", "state_cd_clean": null, "use_desc": "Unknown", "targetlotarea": 39420, "existing_units": 0, "footprint_sqft": 0.0, "interior_sqft": 0.0, "coverage_pct": 0.0, "in_corridor": false, "in_historic": false, "context_type": "Suburban" }, "geometry": { "type": "Polygon", "coordinates": [ [ [ -106.584424981818572, 31.853685002319427 ], [ -106.583929585889081, 31.853825109003964 ], [ -106.583642359902925, 31.853906330464952 ], [ -106.583017267801509, 31.854083086650995 ], [ -106.582998531788093, 31.854088384970595 ], [ -106.583064015184405, 31.854257084853725 ], [ -106.583088014288705, 31.854318907243933 ], [ -106.583527388162821, 31.854192773490773 ], [ -106.583733547490269, 31.85413359009533 ], [ -106.583728585145934, 31.854121224045258 ], [ -106.583765588151778, 31.854110400403631 ], [ -106.584509501556909, 31.853892797238558 ], [ -106.584428455726382, 31.853684016254302 ], [ -106.584424981818572, 31.853685002319427 ] ] ] } },
{ "type": "Feature", "properties": { "district": 1, "zonelabel": "R-3", "state_cd_clean": null, "use_desc": "Unknown", "targetlotarea": 25062, "existing_units": 0, "footprint_sqft": 0.0, "interior_sqft": 0.0, "coverage_pct": 0.0, "in_corridor": false, "in_historic": false, "context_type": "Suburban" }, "geometry": { "type": "Polygon", "coordinates": [ [ [ -106.592039988366608, 31.873683269863644 ], [ -106.591281154497935, 31.873899831603794 ], [ -106.591285000365517, 31.873909652306601 ], [ -106.591357534853771, 31.874094874988646 ], [ -106.59138321101014, 31.87416044059076 ], [ -106.592135245230693, 31.873947189581546 ], [ -106.592147720217127, 31.873943651665243 ], [ -106.592045327466593, 31.873681745968607 ], [ -106.592039988366608, 31.873683269863644 ] ] ] } },
{ "type": "Feature", "properties": { "district": 1, "zonelabel": "C-3", "state_cd_clean": null, "use_desc": "Unknown", "targetlotarea": 31840, "existing_units": 0, "footprint_sqft": 0.0, "interior_sqft": 0.0, "coverage_pct": 0.0, "in_corridor": false, "in_historic": false, "context_type": "Suburban" }, "geometry": { "type": "Polygon", "coordinates": [ [ [ -106.567493138719243, 31.878155902335102 ], [ -106.567349026145806, 31.879082373584286 ], [ -106.567631990630119, 31.879117595803674 ], [ -106.567783644891094, 31.87819608507721 ], [ -106.567739324503719, 31.878171450519567 ], [ -106.567589243392561, 31.87809108696614 ], [ -106.567589025055767, 31.878090970058885 ], [ -106.567493138719243, 31.878155902335102 ] ] ] } },
{ "type": "Feature", "properties": { "district": 1, "zonelabel": "C-3", "state_cd_clean": null, "use_desc": "Unknown", "targetlotarea": 53901, "existing_units": 0, "footprint_sqft": 0.0, "interior_sqft": 0.0, "coverage_pct": 0.0, "in_corridor": false, "in_historic": false, "context_type": "Suburban" }, "geometry": { "type": "Polygon", "coordinates": [ [ [ -106.566800068003843, 31.87948277121345 ], [ -106.566756236155143, 31.879952096612449 ], [ -106.566803549740897, 31.879946974988712 ], [ -106.567534657439083, 31.87976912258538 ], [ -106.567569404345136, 31.879497886781376 ], [ -106.567603027904724, 31.879293580038581 ], [ -106.566826914048107, 31.879195325534688 ], [ -106.566800068003843, 31.87948277121345 ] ] ] } },
{ "type": "Feature", "properties": { "district": 1, "zonelabel": "A-2", "state_cd_clean": null, "use_desc": "Unknown", "targetlotarea": 65343, "existing_units": 0, "footprint_sqft": 0.0, "interior_sqft": 0.0, "coverage_pct": 0.0, "in_corridor": false, "in_historic": false, "context_type": "Suburban" }, "geometry": { "type": "Polygon", "coordinates": [ [ [ -106.566134286573501, 31.879155615962599 ], [ -106.566113065158007, 31.87946927026444 ], [ -106.566109874619514, 31.879502186771525 ], [ -106.566099754588265, 31.879606571756174 ], [ -106.566086442984002, 31.879743874189408 ], [ -106.566073134447734, 31.87988117556138 ], [ -106.56605894274756, 31.880027571619923 ], [ -106.566756236155143, 31.879952096612449 ], [ -106.566800068003843, 31.87948277121345 ], [ -106.566826914048107, 31.879195325534688 ], [ -106.566137505667172, 31.879108044555402 ], [ -106.566134286573501, 31.879155615962599 ] ] ] } },
{ "type": "Feature", "properties": { "district": 1, "zonelabel": "C-4", "state_cd_clean": null, "use_desc": "Unknown", "targetlotarea": 559567, "existing_units": 0, "footprint_sqft": 0.0, "interior_sqft": 0.0, "coverage_pct": 0.0, "in_corridor": false, "in_historic": false, "context_type": "Suburban" }, "geometry": { "type": "Polygon", "coordinates": [ [ [ -106.571840090711007, 31.884671929145405 ], [ -106.573229288709612, 31.88463230619146 ], [ -106.573230361363912, 31.88463184381709 ], [ -106.573977759116417, 31.884309703732796 ], [ -106.574124036142564, 31.88424802838426 ], [ -106.574273616101308, 31.88419241984041 ], [ -106.574426153839354, 31.884143005732081 ], [ -106.574581296926112, 31.884099899588264 ], [ -106.574738687823228, 31.884063201635563 ], [ -106.574897962651178, 31.884032996147376 ], [ -106.575058753477336, 31.884009354044235 ], [ -106.575122636263799, 31.884002111216756 ], [ -106.572750077857762, 31.882556707591014 ], [ -106.572743057850388, 31.882509018585594 ], [ -106.571480253638256, 31.882678184419042 ], [ -106.571506467164411, 31.882771757292396 ], [ -106.571319420663855, 31.882813345768053 ], [ -106.571840090711007, 31.884671929145405 ] ] ] } },
{ "type": "Feature", "properties": { "district": 1, "zonelabel": "C-3", "state_cd_clean": null, "use_desc": "Unknown", "targetlotarea": 186707, "existing_units": 0, "footprint_sqft": 0.0, "interior_sqft": 0.0, "coverage_pct": 0.0, "in_corridor": false, "in_historic": false, "context_type": "Suburban" }, "geometry": { "type": "Polygon", "coordinates": [ [ [ -106.572065088637743, 31.887008685046304 ], [ -106.570849206659943, 31.887260145812974 ], [ -106.570839485415163, 31.887262870420283 ], [ -106.570830391384305, 31.887266873805533 ], [ -106.570822157265326, 31.887272056305655 ], [ -106.57081498823672, 31.887278286155052 ], [ -106.570809066652998, 31.8872854064868 ], [ -106.570790544279546, 31.887308446784804 ], [ -106.570787315301018, 31.887312564908317 ], [ -106.570784847188349, 31.887317048541661 ], [ -106.570783193697665, 31.887321797558847 ], [ -106.570782393277526, 31.887326704437665 ], [ -106.570782464088353, 31.88733165901462 ], [ -106.57078340394321, 31.887336547584162 ], [ -106.571003548567603, 31.888111459811618 ], [ -106.571005164860821, 31.888119984101447 ], [ -106.57100519512764, 31.888128618673473 ], [ -106.571003640162175, 31.888137150321423 ], [ -106.571000536995257, 31.888145369523198 ], [ -106.570995963234381, 31.888153072039131 ], [ -106.570983438376473, 31.888170597978455 ], [ -106.570978870115624, 31.88817828758458 ], [ -106.570975769222613, 31.88818649312768 ], [ -106.570974210139781, 31.8881950105201 ], [ -106.570974232127952, 31.88820363193938 ], [ -106.570975833871401, 31.888212144280423 ], [ -106.571037215013817, 31.888428205090836 ], [ -106.571040799602741, 31.888437280037003 ], [ -106.571046176993889, 31.888445686521841 ], [ -106.571053184253344, 31.888453168598012 ], [ -106.571061606283365, 31.88845949810754 ], [ -106.571071190193479, 31.888464483929539 ], [ -106.571081642312194, 31.888467974832665 ], [ -106.571092646423949, 31.888469863118591 ], [ -106.57110386752754, 31.888470093474169 ], [ -106.571114965200366, 31.888468656912028 ], [ -106.57116679817652, 31.888457936777986 ], [ -106.57117159991563, 31.888456595802559 ], [ -106.571176095937517, 31.888454630867429 ], [ -106.571180177160613, 31.888452089650034 ], [ -106.571183740787163, 31.888449034882058 ], [ -106.571186701793451, 31.888445541992823 ], [ -106.57119779106209, 31.888430026789859 ], [ -106.57120223151442, 31.888424787505965 ], [ -106.571207579091862, 31.888420205702133 ], [ -106.571213700365689, 31.888416393449535 ], [ -106.571220444892305, 31.8884134455691 ], [ -106.571227646968765, 31.888411434128063 ], [ -106.571531010794203, 31.888348695952878 ], [ -106.571540987631138, 31.888347328392644 ], [ -106.571551091325205, 31.888347309638412 ], [ -106.571561075213253, 31.888348639762246 ], [ -106.571570691554854, 31.888351286370604 ], [ -106.571579705192079, 31.888355183046784 ], [ -106.571600247684515, 31.888365870089292 ], [ -106.571609261324326, 31.888369766763418 ], [ -106.571618877669422, 31.888372413368163 ], [ -106.571628861561109, 31.888373743486767 ], [ -106.571638965257932, 31.888373724725813 ], [ -106.571648942095933, 31.888372357157298 ], [ -106.572345331106106, 31.888228333336077 ], [ -106.572355945729043, 31.888225284009316 ], [ -106.572365781496003, 31.888220711165264 ], [ -106.572374538425649, 31.888214753823348 ], [ -106.57238195408847, 31.888207590753986 ], [ -106.572387802551518, 31.88819944052895 ], [ -106.572391906272003, 31.888190549209511 ], [ -106.572394143188433, 31.888181185490474 ], [ -106.572394444076494, 31.888171632697151 ], [ -106.572392800399385, 31.888162179377161 ], [ -106.572392748090934, 31.888161995812212 ], [ -106.572065088637743, 31.887008685046304 ] ] ] } },
{ "type": "Feature", "properties": { "district": 1, "zonelabel": "C-4", "state_cd_clean": null, "use_desc": "Unknown", "targetlotarea": 39027, "existing_units": 0, "footprint_sqft": 0.0, "interior_sqft": 0.0, "coverage_pct": 0.0, "in_corridor": false, "in_historic": false, "context_type": "Suburban" }, "geometry": { "type": "Polygon", "coordinates": [ [ [ -106.571958405436845, 31.885094253693193 ], [ -106.572002739074932, 31.885110591710518 ], [ -106.572065729246646, 31.885133804938441 ], [ -106.572597383531786, 31.88490466107783 ], [ -106.573218215242704, 31.884637079335366 ], [ -106.573229288709612, 31.88463230619146 ], [ -106.571840090711007, 31.884671929145405 ], [ -106.571943280120664, 31.885040263442143 ], [ -106.571958405436845, 31.885094253693193 ] ] ] } },
{ "type": "Feature", "properties": { "district": 1, "zonelabel": "C-3", "state_cd_clean": null, "use_desc": "Unknown", "targetlotarea": 437651, "existing_units": 0, "footprint_sqft": 0.0, "interior_sqft": 0.0, "coverage_pct": 0.0, "in_corridor": false, "in_historic": false, "context_type": "Suburban" }, "geometry": { "type": "Polygon", "coordinates": [ [ [ -106.571824578805362, 31.888494321309132 ], [ -106.571126811566316, 31.888638627699688 ], [ -106.571090745031015, 31.888643295124911 ], [ -106.571054275734568, 31.88864254875115 ], [ -106.571018513540736, 31.888636410394668 ], [ -106.57098454315333, 31.888625066566988 ], [ -106.570953398313407, 31.888608862484471 ], [ -106.570926023973101, 31.888588290330588 ], [ -106.570903253066888, 31.888563974109704 ], [ -106.570885775895434, 31.888536654854047 ], [ -106.570874125447958, 31.888507160615937 ], [ -106.570566750806037, 31.887425196533997 ], [ -106.570563710485089, 31.887417216449872 ], [ -106.570559282634235, 31.88740972463366 ], [ -106.570553568684645, 31.887402895072309 ], [ -106.570546702012493, 31.887396888480556 ], [ -106.570538843125306, 31.887391843499032 ], [ -106.570530176554982, 31.887387877746136 ], [ -106.570520902237931, 31.887385085521352 ], [ -106.570486176955114, 31.887374794798529 ], [ -106.570476371423709, 31.887371973814528 ], [ -106.57046616307845, 31.887370528809232 ], [ -106.570455815901369, 31.887370497723069 ], [ -106.57044559566738, 31.88737188137716 ], [ -106.569405491409853, 31.887586975446315 ], [ -106.569259950907337, 31.887619213339441 ], [ -106.569115711492742, 31.887655460642041 ], [ -106.568972926328655, 31.887695680217142 ], [ -106.568852624527665, 31.887731421562332 ], [ -106.568863046283298, 31.88775705375458 ], [ -106.568886592651026, 31.887822887389859 ], [ -106.568904254495564, 31.887890048718354 ], [ -106.568915930416509, 31.887958155100485 ], [ -106.568921554657109, 31.888026818576286 ], [ -106.568921094116135, 31.888095648718387 ], [ -106.568914552629025, 31.888164253330174 ], [ -106.568913375238211, 31.888182231163498 ], [ -106.568913783279854, 31.888187936452344 ], [ -106.568915264386959, 31.88820028347952 ], [ -106.568917983202283, 31.888212262336943 ], [ -106.568924338344743, 31.88822827897414 ], [ -106.568927250765043, 31.888233334152336 ], [ -106.568933197245272, 31.888243410684026 ], [ -106.56893757403661, 31.88824898467492 ], [ -106.56894516471317, 31.888258322209147 ], [ -106.568965326782845, 31.888284027302348 ], [ -106.568976893679206, 31.888305484013419 ], [ -106.568979692830112, 31.888312519126846 ], [ -106.568985382622543, 31.888328962337962 ], [ -106.568986916329678, 31.888334833224011 ], [ -106.568990735468176, 31.888357457540938 ], [ -106.570798634503632, 31.889504552029759 ], [ -106.570832387603133, 31.889623929227145 ], [ -106.571140375481605, 31.8896571095447 ], [ -106.571449296376969, 31.889683227072393 ], [ -106.571758927579012, 31.889702260853884 ], [ -106.571940582405077, 31.889704040411264 ], [ -106.572122200158958, 31.889700397445623 ], [ -106.572166600114144, 31.889698178542432 ], [ -106.571824578805362, 31.888494321309132 ] ] ] } },
{ "type": "Feature", "properties": { "district": 1, "zonelabel": "C-3", "state_cd_clean": null, "use_desc": "Unknown", "targetlotarea": 51366, "existing_units": 0, "footprint_sqft": 0.0, "interior_sqft": 0.0, "coverage_pct": 0.0, "in_corridor": false, "in_historic": false, "context_type": "Suburban" }, "geometry": { "type": "Polygon", "coordinates": [ [ [ -106.572645954849065, 31.889053227496156 ], [ -106.57246555686261, 31.888418281649095 ], [ -106.57246241342223, 31.888410088858588 ], [ -106.572457807244376, 31.888402415959447 ], [ -106.572451850388774, 31.888395453589922 ], [ -106.572444690548096, 31.888389370809666 ], [ -106.572436502842294, 31.888384319106009 ], [ -106.57242749028174, 31.888380423338916 ], [ -106.572417873972555, 31.888377777694238 ], [ -106.572407891183985, 31.888376448485896 ], [ -106.572397787487006, 31.888376467306518 ], [ -106.572387811773979, 31.888377835782158 ], [ -106.571824578805362, 31.888494321309132 ], [ -106.572019778005497, 31.889181393856891 ], [ -106.572645954849065, 31.889053227496156 ] ] ] } },
{ "type": "Feature", "properties": { "district": 1, "zonelabel": "C-3", "state_cd_clean": null, "use_desc": "Unknown", "targetlotarea": 40525, "existing_units": 0, "footprint_sqft": 0.0, "interior_sqft": 0.0, "coverage_pct": 0.0, "in_corridor": false, "in_historic": false, "context_type": "Suburban" }, "geometry": { "type": "Polygon", "coordinates": [ [ [ -106.572019778005497, 31.889181393856891 ], [ -106.572166600114144, 31.889698178542432 ], [ -106.572303556601085, 31.889691335470996 ], [ -106.572484430195502, 31.889676866905653 ], [ -106.57266460075806, 31.889657008620613 ], [ -106.57277733039875, 31.889515645830517 ], [ -106.572777319041165, 31.889515585856426 ], [ -106.572645954849065, 31.889053227496156 ], [ -106.572019778005497, 31.889181393856891 ] ] ] } },
{ "type": "Feature", "properties": { "district": 1, "zonelabel": "C-3", "state_cd_clean": null, "use_desc": "Unknown", "targetlotarea": 118288, "existing_units": 0, "footprint_sqft": 0.0, "interior_sqft": 0.0, "coverage_pct": 0.0, "in_corridor": false, "in_historic": false, "context_type": "Suburban" }, "geometry": { "type": "Polygon", "coordinates": [ [ [ -106.569584595414298, 31.886335862508428 ], [ -106.569380757158697, 31.8863607855486 ], [ -106.569175970049088, 31.886379186128675 ], [ -106.568970519407131, 31.886391039746837 ], [ -106.568764692084201, 31.886396329055696 ], [ -106.568753913983699, 31.886397051913296 ], [ -106.568743346812354, 31.886399002130442 ], [ -106.568733181975361, 31.88640214434918 ], [ -106.568726665287215, 31.886404901450987 ], [ -106.568720465402535, 31.886408145594842 ], [ -106.568710528244623, 31.886414926963536 ], [ -106.568701971416601, 31.886422961902444 ], [ -106.568695009376299, 31.886432050461067 ], [ -106.568689818628442, 31.886441962891976 ], [ -106.568686528937533, 31.88645245091065 ], [ -106.568685222449986, 31.886463250447203 ], [ -106.568667422095572, 31.887134627300824 ], [ -106.568669109626953, 31.887200225747915 ], [ -106.568677634869502, 31.887265436320636 ], [ -106.568692929780752, 31.887329739291634 ], [ -106.568714872032771, 31.887392626564068 ], [ -106.568738136278824, 31.88744984313907 ], [ -106.568739821188231, 31.887450785860668 ], [ -106.568744421729434, 31.887459521374542 ], [ -106.568750730253342, 31.887467441675547 ], [ -106.568758555291225, 31.887474307535161 ], [ -106.568767659720123, 31.887479909911367 ], [ -106.568777764520945, 31.887484078801613 ], [ -106.568788564845192, 31.887486686086188 ], [ -106.568799731662708, 31.887487654482317 ], [ -106.568810925243966, 31.887486953285432 ], [ -106.568821807183454, 31.887484604116569 ], [ -106.568879753986096, 31.887467387714754 ], [ -106.569031264602046, 31.887424710921838 ], [ -106.569184318431212, 31.887386248710929 ], [ -106.569338752934087, 31.887352040473868 ], [ -106.569843609389949, 31.887247637185169 ], [ -106.569584595414298, 31.886335862508428 ] ] ] } },
{ "type": "Feature", "properties": { "district": 1, "zonelabel": "C-3", "state_cd_clean": null, "use_desc": "Unknown", "targetlotarea": 62992, "existing_units": 0, "footprint_sqft": 0.0, "interior_sqft": 0.0, "coverage_pct": 0.0, "in_corridor": false, "in_historic": false, "context_type": "Suburban" }, "geometry": { "type": "Polygon", "coordinates": [ [ [ -106.569584595414298, 31.886335862508428 ], [ -106.569843609389949, 31.887247637185169 ], [ -106.570344457217317, 31.887144060642999 ], [ -106.570351625101111, 31.887142061722052 ], [ -106.57035834020347, 31.887139134258977 ], [ -106.570364440107085, 31.887135351969356 ], [ -106.570369775069352, 31.887130804220401 ], [ -106.570374214946824, 31.887125604731818 ], [ -106.570377652527895, 31.887119877867541 ], [ -106.570401904826525, 31.887070274894512 ], [ -106.570403803214248, 31.887065321761341 ], [ -106.570404763612686, 31.887060175087445 ], [ -106.570404760662655, 31.887054964349492 ], [ -106.570403795447177, 31.887049818661147 ], [ -106.570315877367761, 31.886740333762166 ], [ -106.570284650387194, 31.886636512293386 ], [ -106.570250172089388, 31.886533442661396 ], [ -106.570223659874983, 31.886458034011454 ], [ -106.570221435768332, 31.886449023058301 ], [ -106.570221007329792, 31.886439822241172 ], [ -106.570222386162811, 31.886430688432238 ], [ -106.570225533156332, 31.886421880028841 ], [ -106.570230359766512, 31.88641364424662 ], [ -106.570238757858576, 31.886401894487246 ], [ -106.570243585521936, 31.886393658653919 ], [ -106.570246732512274, 31.886384850249843 ], [ -106.570248111401241, 31.886375717340833 ], [ -106.570247682901226, 31.886366515623124 ], [ -106.570245458794446, 31.886357504670041 ], [ -106.570215090540998, 31.886271128176585 ], [ -106.570211419951718, 31.886263060842115 ], [ -106.570206311553605, 31.886255586248307 ], [ -106.570199889648393, 31.886248888126225 ], [ -106.570192315522007, 31.886243133080423 ], [ -106.570183776476725, 31.886238464791571 ], [ -106.570174483306275, 31.886234997814441 ], [ -106.570164668303377, 31.886232819479932 ], [ -106.570154573118472, 31.886231982347137 ], [ -106.570144450111073, 31.886232508655009 ], [ -106.569959270592221, 31.886272478857677 ], [ -106.569772578133012, 31.886306944536994 ], [ -106.569584595414298, 31.886335862508428 ] ] ] } },
{ "type": "Feature", "properties": { "district": 1, "zonelabel": "C-3", "state_cd_clean": null, "use_desc": "Unknown", "targetlotarea": 819, "existing_units": 0, "footprint_sqft": 0.0, "interior_sqft": 0.0, "coverage_pct": 0.0, "in_corridor": false, "in_historic": false, "context_type": "Suburban" }, "geometry": { "type": "Polygon", "coordinates": [ [ [ -106.571545744885256, 31.885734083808796 ], [ -106.57172113683869, 31.885802687210965 ], [ -106.571709138115594, 31.885761012125865 ], [ -106.57170168320711, 31.885749169829069 ], [ -106.571692070880019, 31.885738519293692 ], [ -106.57168055689597, 31.88572934363339 ], [ -106.571667447411912, 31.885721887417734 ], [ -106.571653092055541, 31.885716347971336 ], [ -106.571637872198778, 31.885712874129016 ], [ -106.571622194033637, 31.885711557535029 ], [ -106.571606471687119, 31.885712433451786 ], [ -106.571591127043973, 31.885715478058721 ], [ -106.571576565592977, 31.885720611415618 ], [ -106.571545744885256, 31.885734083808796 ] ] ] } },
{ "type": "Feature", "properties": { "district": 1, "zonelabel": "C-3", "state_cd_clean": null, "use_desc": "Unknown", "targetlotarea": 150503, "existing_units": 0, "footprint_sqft": 0.0, "interior_sqft": 0.0, "coverage_pct": 0.0, "in_corridor": false, "in_historic": false, "context_type": "Suburban" }, "geometry": { "type": "Polygon", "coordinates": [ [ [ -106.570685405026126, 31.886991579862496 ], [ -106.570687555503739, 31.886997024669345 ], [ -106.570690781647656, 31.887002068402172 ], [ -106.57069498550031, 31.887006557682383 ], [ -106.570700039506647, 31.88701035590422 ], [ -106.570705788920989, 31.887013347635794 ], [ -106.570712060486613, 31.887015441816281 ], [ -106.570718662613416, 31.887016574457324 ], [ -106.570725395171948, 31.887016712690183 ], [ -106.570732053477883, 31.887015850961969 ], [ -106.571695149833005, 31.886816671699879 ], [ -106.571705126506529, 31.886815304126191 ], [ -106.571715230037412, 31.886815285359265 ], [ -106.571725212711343, 31.886816615521916 ], [ -106.57173482995762, 31.886819262069341 ], [ -106.571743842400721, 31.886823158787305 ], [ -106.571764384580121, 31.886833845810941 ], [ -106.571773398081191, 31.886837742476285 ], [ -106.571783014275567, 31.886840389070624 ], [ -106.571792998008405, 31.88684171917755 ], [ -106.571803101542102, 31.886841700403849 ], [ -106.571813078216707, 31.88684033282189 ], [ -106.571943349258078, 31.886813391147072 ], [ -106.57195396777928, 31.88681033894775 ], [ -106.571963806347895, 31.886805762377961 ], [ -106.571972564986652, 31.886799800456224 ], [ -106.571979980273014, 31.886792632903269 ], [ -106.571985826158013, 31.886784476489513 ], [ -106.571989927388884, 31.886775579875941 ], [ -106.571992158620276, 31.88676621010795 ], [ -106.571992451860865, 31.886756653161552 ], [ -106.571990799628026, 31.886747197533946 ], [ -106.571990758429763, 31.88674705408312 ], [ -106.57191482156756, 31.886479758931266 ], [ -106.571821188616084, 31.88615017646573 ], [ -106.571803941274808, 31.886090274886357 ], [ -106.57174394429471, 31.885881900558019 ], [ -106.571727181308049, 31.885823679307382 ], [ -106.57172113683869, 31.885802687210965 ], [ -106.571545744885256, 31.885734083808796 ], [ -106.571212005686974, 31.885879965995347 ], [ -106.571020482293051, 31.885959706663147 ], [ -106.571019436447742, 31.885960142442713 ], [ -106.57095488948012, 31.885984410647456 ], [ -106.570825463858625, 31.886033072134644 ], [ -106.570823356339517, 31.886033864058799 ], [ -106.57074642936675, 31.886059786383427 ], [ -106.570627294311095, 31.886099931211941 ], [ -106.570624061930644, 31.886101019978639 ], [ -106.570541309614256, 31.886125774139163 ], [ -106.570426198422581, 31.88616020808437 ], [ -106.570421855602248, 31.886161507190071 ], [ -106.570413062640426, 31.88616582130647 ], [ -106.570405173688115, 31.88617126094298 ], [ -106.570398383013668, 31.886177689437432 ], [ -106.570392859073351, 31.886184947879293 ], [ -106.570388740408518, 31.886192857112185 ], [ -106.570386128317793, 31.886201218988688 ], [ -106.57038508762696, 31.886209828075163 ], [ -106.570385644400474, 31.88621846905194 ], [ -106.570387784601081, 31.886226928519658 ], [ -106.570396054283293, 31.886250450701596 ], [ -106.570399411602125, 31.886257955853502 ], [ -106.570404016068537, 31.886264963202123 ], [ -106.570409768907695, 31.886271323020818 ], [ -106.570416546846488, 31.88627689940181 ], [ -106.570424205397856, 31.886281571905137 ], [ -106.570452014850389, 31.886296040787901 ], [ -106.57045967340504, 31.886300713289138 ], [ -106.570466451348878, 31.886306289667459 ], [ -106.570472204194715, 31.886312649483269 ], [ -106.570476808669099, 31.886319656829151 ], [ -106.570480165996813, 31.886327161978759 ], [ -106.570527715846481, 31.886462406396543 ], [ -106.57056432674203, 31.886571851989952 ], [ -106.570597485086338, 31.886682096096642 ], [ -106.570685405026126, 31.886991579862496 ] ] ] } },
{ "type": "Feature", "properties": { "district": 1, "zonelabel": "R-3", "state_cd_clean": null, "use_desc": "Unknown", "targetlotarea": 68760, "existing_units": 0, "footprint_sqft": 0.0, "interior_sqft": 0.0, "coverage_pct": 0.0, "in_corridor": false, "in_historic": false, "context_type": "Urban" }, "geometry": { "type": "Polygon", "coordinates": [ [ [ -106.555932052948492, 31.809912079246015 ], [ -106.553157948978381, 31.809133297435867 ], [ -106.554160877638267, 31.809593408045533 ], [ -106.555324831134598, 31.810144543310674 ], [ -106.555532868239084, 31.810259451866099 ], [ -106.555619676267582, 31.810184745300148 ], [ -106.555614867413539, 31.8101821615255 ], [ -106.555932052948492, 31.809912079246015 ] ] ] } },
{ "type": "Feature", "properties": { "district": 1, "zonelabel": "C-4", "state_cd_clean": null, "use_desc": "Unknown", "targetlotarea": 197267, "existing_units": 0, "footprint_sqft": 0.0, "interior_sqft": 0.0, "coverage_pct": 0.0, "in_corridor": false, "in_historic": false, "context_type": "Urban" }, "geometry": { "type": "Polygon", "coordinates": [ [ [ -106.553311007874939, 31.812628146254102 ], [ -106.553728459996336, 31.812836950396193 ], [ -106.554766277197757, 31.813356043191551 ], [ -106.554852944846587, 31.813226757339795 ], [ -106.555022135482076, 31.812964257395187 ], [ -106.555300338729253, 31.812532620431067 ], [ -106.55413999035774, 31.811757516989221 ], [ -106.554120646127032, 31.81178658957948 ], [ -106.553929476820073, 31.811668607952509 ], [ -106.553311007874939, 31.812628146254102 ] ] ] } },
{ "type": "Feature", "properties": { "district": 1, "zonelabel": "C-3", "state_cd_clean": null, "use_desc": "Unknown", "targetlotarea": 201714, "existing_units": 0, "footprint_sqft": 0.0, "interior_sqft": 0.0, "coverage_pct": 0.0, "in_corridor": false, "in_historic": false, "context_type": "Urban" }, "geometry": { "type": "Polygon", "coordinates": [ [ [ -106.556728421866111, 31.81099006575224 ], [ -106.556776682249037, 31.811037608776331 ], [ -106.558010621848666, 31.812271220488984 ], [ -106.55821430114608, 31.812127153294899 ], [ -106.558252222698059, 31.812104985801479 ], [ -106.558000045816613, 31.811845017973585 ], [ -106.558808975507958, 31.811272836459061 ], [ -106.558224307963542, 31.810655625803662 ], [ -106.558193226335405, 31.81062717161026 ], [ -106.558157770623382, 31.810602730345366 ], [ -106.558118644325731, 31.810582786836235 ], [ -106.558076624353532, 31.810567735684124 ], [ -106.557755110872534, 31.810474720113127 ], [ -106.557245777511085, 31.810834984812494 ], [ -106.557008015489188, 31.810792303887567 ], [ -106.556728421866111, 31.81099006575224 ] ] ] } },
{ "type": "Feature", "properties": { "district": 1, "zonelabel": "C-3", "state_cd_clean": null, "use_desc": "Unknown", "targetlotarea": 19765, "existing_units": 0, "footprint_sqft": 0.0, "interior_sqft": 0.0, "coverage_pct": 0.0, "in_corridor": false, "in_historic": false, "context_type": "Urban" }, "geometry": { "type": "Polygon", "coordinates": [ [ [ -106.557575969358837, 31.810259588075304 ], [ -106.557548669670169, 31.810253937665696 ], [ -106.557520637419074, 31.810252406912287 ], [ -106.55749271652131, 31.810255041262106 ], [ -106.55746575117783, 31.810261761496857 ], [ -106.557440555236752, 31.810272364294978 ], [ -106.557417887417671, 31.810286531546069 ], [ -106.557398431454331, 31.810303834010412 ], [ -106.557382776127227, 31.810323749435891 ], [ -106.557371393069388, 31.81034567897516 ], [ -106.557364624880051, 31.810368959496401 ], [ -106.557362676174122, 31.81039288839996 ], [ -106.557365606504476, 31.810416744731771 ], [ -106.557373326329071, 31.810439808345414 ], [ -106.557385602763958, 31.810461383111917 ], [ -106.557402067327317, 31.810480818228335 ], [ -106.557422220342545, 31.810497526975958 ], [ -106.557445456549672, 31.810511006271273 ], [ -106.557471073313579, 31.810520848919076 ], [ -106.557498297990136, 31.810526757659947 ], [ -106.55752630966569, 31.810528554066405 ], [ -106.557554261715509, 31.810526183787232 ], [ -106.557581312678877, 31.81051971958707 ], [ -106.557606646000011, 31.810509355886023 ], [ -106.557629496212925, 31.810495404796818 ], [ -106.557647605840771, 31.810484330664611 ], [ -106.557667671958754, 31.810476072408861 ], [ -106.557689100368435, 31.810470876139561 ], [ -106.55771125382266, 31.810468896085332 ], [ -106.557733477096605, 31.810470189780904 ], [ -106.557755110872534, 31.810474720113127 ], [ -106.558076624353532, 31.810567735684124 ], [ -106.558118644325731, 31.810582786836235 ], [ -106.558157770623382, 31.810602730345366 ], [ -106.558193226335405, 31.81062717161026 ], [ -106.558224307963542, 31.810655625803662 ], [ -106.559107666402554, 31.811588148901148 ], [ -106.55910771466155, 31.811588336280842 ], [ -106.559109264339696, 31.811581290640294 ], [ -106.559109728740339, 31.81157413252367 ], [ -106.559109622865606, 31.811574002097082 ], [ -106.559108598409154, 31.811564820506106 ], [ -106.559105799994754, 31.811555912568103 ], [ -106.559101304211367, 31.811547526633461 ], [ -106.559095237436338, 31.811539896024843 ], [ -106.557998132139517, 31.810381724095102 ], [ -106.557967279123474, 31.810372797730036 ], [ -106.557576262614077, 31.810259672506252 ], [ -106.557575969358837, 31.810259588075304 ] ] ] } },
{ "type": "Feature", "properties": { "district": 1, "zonelabel": "C-3", "state_cd_clean": null, "use_desc": "Unknown", "targetlotarea": 44796, "existing_units": 0, "footprint_sqft": 0.0, "interior_sqft": 0.0, "coverage_pct": 0.0, "in_corridor": false, "in_historic": false, "context_type": "Urban" }, "geometry": { "type": "Polygon", "coordinates": [ [ [ -106.558808975507958, 31.811272836459061 ], [ -106.558000045816613, 31.811845017973585 ], [ -106.558252222698059, 31.812104985801479 ], [ -106.559081485821864, 31.81162021674216 ], [ -106.559084152972503, 31.811618578862468 ], [ -106.559092208098861, 31.811612403485046 ], [ -106.559098938929068, 31.811605165074329 ], [ -106.559104156698126, 31.81159706596285 ], [ -106.55910771466155, 31.811588336280842 ], [ -106.559107666402554, 31.811588148901148 ], [ -106.558808975507958, 31.811272836459061 ] ] ] } },
{ "type": "Feature", "properties": { "district": 1, "zonelabel": "R-3", "state_cd_clean": null, "use_desc": "Unknown", "targetlotarea": 134648, "existing_units": 0, "footprint_sqft": 0.0, "interior_sqft": 0.0, "coverage_pct": 0.0, "in_corridor": false, "in_historic": false, "context_type": "Urban" }, "geometry": { "type": "Polygon", "coordinates": [ [ [ -106.557755110872534, 31.810474720113127 ], [ -106.557733477096605, 31.810470189780904 ], [ -106.55771125382266, 31.810468896085332 ], [ -106.557689100368435, 31.810470876139561 ], [ -106.557667671958754, 31.810476072408861 ], [ -106.557647605840771, 31.810484330664611 ], [ -106.557629496212925, 31.810495404796818 ], [ -106.557606646000011, 31.810509355886023 ], [ -106.557581312678877, 31.81051971958707 ], [ -106.557554261715509, 31.810526183787232 ], [ -106.55752630966569, 31.810528554066405 ], [ -106.557498297990136, 31.810526757659947 ], [ -106.557471073313579, 31.810520848919076 ], [ -106.557445456549672, 31.810511006271273 ], [ -106.557422220342545, 31.810497526975958 ], [ -106.557402067327317, 31.810480818228335 ], [ -106.557385602763958, 31.810461383111917 ], [ -106.557373326329071, 31.810439808345414 ], [ -106.557365606504476, 31.810416744731771 ], [ -106.557362676174122, 31.81039288839996 ], [ -106.557364624880051, 31.810368959496401 ], [ -106.557371393069388, 31.81034567897516 ], [ -106.557382776127227, 31.810323749435891 ], [ -106.557398431454331, 31.810303834010412 ], [ -106.557417887417671, 31.810286531546069 ], [ -106.557440555236752, 31.810272364294978 ], [ -106.55746575117783, 31.810261761496857 ], [ -106.55749271652131, 31.810255041262106 ], [ -106.557520637419074, 31.810252406912287 ], [ -106.557548669670169, 31.810253937665696 ], [ -106.557575969358837, 31.810259588075304 ], [ -106.55753743717267, 31.810248440109476 ], [ -106.55735221632726, 31.81019485357697 ], [ -106.556044346097892, 31.809816461367266 ], [ -106.555932052948492, 31.809912079246015 ], [ -106.555614867413539, 31.8101821615255 ], [ -106.55561968030834, 31.810184742397144 ], [ -106.555772553638676, 31.810269972567095 ], [ -106.555921723761728, 31.810359861706587 ], [ -106.556066994783848, 31.810454293639946 ], [ -106.556208176545411, 31.810553142885144 ], [ -106.556345086206264, 31.810656282707132 ], [ -106.556477544551029, 31.810763577164806 ], [ -106.556605378452304, 31.810874886413249 ], [ -106.556728421866111, 31.81099006575224 ], [ -106.557008015489188, 31.810792303887567 ], [ -106.557245777511085, 31.810834984812494 ], [ -106.557755110872534, 31.810474720113127 ] ] ] } },
{ "type": "Feature", "properties": { "district": 1, "zonelabel": "R-3A", "state_cd_clean": null, "use_desc": "Unknown", "targetlotarea": 242061, "existing_units": 0, "footprint_sqft": 0.0, "interior_sqft": 0.0, "coverage_pct": 0.0, "in_corridor": false, "in_historic": false, "context_type": "Suburban" }, "geometry": { "type": "Polygon", "coordinates": [ [ [ -106.583446752842548, 31.889105847166906 ], [ -106.58342811954185, 31.889667073399409 ], [ -106.583391764639714, 31.890762075869134 ], [ -106.58339156426058, 31.891150170073189 ], [ -106.583538622356528, 31.891079227503159 ], [ -106.583682732566103, 31.891004009278785 ], [ -106.583823723974703, 31.890924604904487 ], [ -106.583961428136263, 31.890841109186031 ], [ -106.584095684172496, 31.89075361927663 ], [ -106.584176814968458, 31.890696755766882 ], [ -106.584262297842272, 31.890644739781557 ], [ -106.584351735993863, 31.89059781526818 ], [ -106.584444714955595, 31.890556199022342 ], [ -106.584540800718514, 31.890520084390396 ], [ -106.584639547060533, 31.890489640014668 ], [ -106.584740495308267, 31.890465006232006 ], [ -106.584715962695995, 31.890463889435367 ], [ -106.584539719632716, 31.890457300070238 ], [ -106.584368106981515, 31.890450882057802 ], [ -106.584381410601438, 31.890050048652284 ], [ -106.584393348106929, 31.889690397158219 ], [ -106.584402864055932, 31.889403689025048 ], [ -106.584403115336073, 31.88932970352764 ], [ -106.584403754492755, 31.88914163835366 ], [ -106.584404339625323, 31.888969950973134 ], [ -106.584405320198385, 31.888681601097158 ], [ -106.583460915862503, 31.888679258541064 ], [ -106.583446752842548, 31.889105847166906 ] ] ] } },
{ "type": "Feature", "properties": { "district": 1, "zonelabel": "R-3A", "state_cd_clean": null, "use_desc": "Unknown", "targetlotarea": 81350, "existing_units": 0, "footprint_sqft": 0.0, "interior_sqft": 0.0, "coverage_pct": 0.0, "in_corridor": false, "in_historic": false, "context_type": "Suburban" }, "geometry": { "type": "Polygon", "coordinates": [ [ [ -106.549189869167705, 31.883092975536439 ], [ -106.549214548226047, 31.883118587981276 ], [ -106.55006334518049, 31.882586310288133 ], [ -106.550081697076834, 31.882574802146618 ], [ -106.549963901784849, 31.882497849164675 ], [ -106.549850147673141, 31.882416590700561 ], [ -106.549740650215298, 31.882331180870779 ], [ -106.549635616912198, 31.88224178139858 ], [ -106.54953524846556, 31.882148563364211 ], [ -106.549439735257948, 31.882051701953539 ], [ -106.54943261416885, 31.882044128488129 ], [ -106.549372713988461, 31.881978272021836 ], [ -106.549349524423278, 31.881951687976795 ], [ -106.549298768093323, 31.881891721398361 ], [ -106.549290376431344, 31.8818833197728 ], [ -106.549280518288057, 31.881876172297304 ], [ -106.549269445961045, 31.881870462031173 ], [ -106.54925744649843, 31.881866336955163 ], [ -106.54924482850393, 31.881863902471757 ], [ -106.549231915805805, 31.881863221707619 ], [ -106.549219041943957, 31.881864312163579 ], [ -106.549206538562231, 31.881867146268771 ], [ -106.549194726848242, 31.881871649982557 ], [ -106.549183912611142, 31.881877708448943 ], [ -106.549050963018985, 31.881970244345876 ], [ -106.548923136268328, 31.882067892760372 ], [ -106.548800700545684, 31.882170449419277 ], [ -106.548683915710072, 31.882277695995079 ], [ -106.548573027433576, 31.882389407612148 ], [ -106.548557762527977, 31.882405522908286 ], [ -106.548542736181545, 31.882421385650723 ], [ -106.548933378641181, 31.882826793665334 ], [ -106.548953314117611, 31.882847482230002 ], [ -106.549189869167705, 31.883092975536439 ] ], [ [ -106.549176338183386, 31.882851561041459 ], [ -106.549182292458255, 31.882858661809365 ], [ -106.549167039300556, 31.882867495539085 ], [ -106.549155423098483, 31.882854540078572 ], [ -106.549161489672542, 31.882850467739939 ], [ -106.549143789754837, 31.882828436866461 ], [ -106.549137092119963, 31.882832539322919 ], [ -106.549125207073999, 31.882818696153613 ], [ -106.549130630839244, 31.882814474749352 ], [ -106.549023069146088, 31.882687214836956 ], [ -106.549282809120811, 31.882524232429581 ], [ -106.549434827158848, 31.882699737161516 ], [ -106.549434705010938, 31.882699811638336 ], [ -106.549427037625421, 31.882705220426388 ], [ -106.549420895837841, 31.882698489014267 ], [ -106.549397004630265, 31.882714039726256 ], [ -106.5494018714936, 31.882720652244078 ], [ -106.549388687258897, 31.882728846209499 ], [ -106.549382791829359, 31.882722643179193 ], [ -106.549218101267343, 31.882825250580268 ], [ -106.549224289098035, 31.882832700595095 ], [ -106.549208474429236, 31.882842641413244 ], [ -106.549201865539715, 31.88283521149383 ], [ -106.549176338183386, 31.882851561041459 ] ], [ [ -106.548964211486989, 31.882668898724944 ], [ -106.548856136346913, 31.882543327874572 ], [ -106.548849777658958, 31.882547320203177 ], [ -106.548837499738738, 31.882533150719155 ], [ -106.548843820709607, 31.882528583016178 ], [ -106.548825754713789, 31.882506504540117 ], [ -106.548818491316439, 31.882511116315943 ], [ -106.548806901727417, 31.882497144306928 ], [ -106.548820075479298, 31.882487869713831 ], [ -106.548826849520268, 31.88249434787604 ], [ -106.548853256728677, 31.882478792808726 ], [ -106.548847259816981, 31.882471816000152 ], [ -106.548861024523632, 31.882463320702147 ], [ -106.548866878804475, 31.882470188701607 ], [ -106.548973327749707, 31.882404009127942 ], [ -106.548967488516794, 31.882397370742808 ], [ -106.548980602479816, 31.882389251528597 ], [ -106.548986561737706, 31.882395653856854 ], [ -106.549010828003446, 31.882380431260941 ], [ -106.549005654483764, 31.882373645489853 ], [ -106.549022792499855, 31.882363029131497 ], [ -106.54917308620746, 31.882538966901006 ], [ -106.549172950458953, 31.88253904383323 ], [ -106.548964211486989, 31.882668898724944 ] ], [ [ -106.549040672003684, 31.882351935694235 ], [ -106.549048598400077, 31.882347054708021 ], [ -106.549028912847845, 31.882323508097333 ], [ -106.549020676676108, 31.882328685680037 ], [ -106.54901062332857, 31.882316219244863 ], [ -106.549026073205454, 31.882305349252238 ], [ -106.549031410212692, 31.882311286296755 ], [ -106.549055152558168, 31.882296081469548 ], [ -106.549050436157813, 31.882289551180229 ], [ -106.549065979103247, 31.882280084903083 ], [ -106.549071351829795, 31.88228658296439 ], [ -106.549282656699532, 31.882153786331465 ], [ -106.54933622823242, 31.882216244290071 ], [ -106.549344465432469, 31.882211066636785 ], [ -106.549358392801096, 31.882227289014391 ], [ -106.549350503205758, 31.882232730987663 ], [ -106.549370883033788, 31.882256807139694 ], [ -106.549378790988087, 31.882251645198991 ], [ -106.549393047615965, 31.88226785185795 ], [ -106.549385176436502, 31.8822735747674 ], [ -106.549437027568487, 31.882334105978558 ], [ -106.549436012687622, 31.88233456268614 ], [ -106.549177839952094, 31.882497089478701 ], [ -106.549060369490391, 31.882360565507916 ], [ -106.549052095488435, 31.882365182174947 ], [ -106.549040672003684, 31.882351935694235 ] ], [ [ -106.549497905960735, 31.882388091315534 ], [ -106.549494888906608, 31.882382325370862 ], [ -106.549514814185557, 31.882369271725292 ], [ -106.549529417405537, 31.882385742737561 ], [ -106.549524979848869, 31.882388488151854 ], [ -106.549544354648319, 31.882412330435788 ], [ -106.549550747223918, 31.882409210797313 ], [ -106.549564382185352, 31.882426009834447 ], [ -106.549559013074216, 31.882429643346438 ], [ -106.549613571634012, 31.882492054088786 ], [ -106.549618686107323, 31.882489558175156 ], [ -106.549634312889239, 31.882506543947667 ], [ -106.549629217829676, 31.882509319845202 ], [ -106.549649707122555, 31.882535079804995 ], [ -106.549655387066508, 31.882531149639988 ], [ -106.549668318570582, 31.882547132287922 ], [ -106.549647764522774, 31.882560784109589 ], [ -106.549643889454018, 31.882557028201532 ], [ -106.549620384473414, 31.882570815449753 ], [ -106.549624753260517, 31.882577080498852 ], [ -106.549605686891439, 31.882588122276559 ], [ -106.549601756687622, 31.882583525365789 ], [ -106.549516138368375, 31.882636021494307 ], [ -106.54952003179389, 31.882640057439819 ], [ -106.549503558392885, 31.882650412715769 ], [ -106.549500030992547, 31.882646922022623 ], [ -106.549470499398637, 31.882664374131835 ], [ -106.549475141180096, 31.882669781619246 ], [ -106.549455745526132, 31.882680839089428 ], [ -106.549306892230604, 31.882508379924534 ], [ -106.549456393893408, 31.882413996087255 ], [ -106.549452500479816, 31.882409960139523 ], [ -106.549471146610017, 31.882397530277654 ], [ -106.549475058441331, 31.882401847159031 ], [ -106.549497905960735, 31.882388091315534 ] ] ] } },
{ "type": "Feature", "properties": { "district": 1, "zonelabel": "C-3", "state_cd_clean": null, "use_desc": "Unknown", "targetlotarea": 64040, "existing_units": 0, "footprint_sqft": 0.0, "interior_sqft": 0.0, "coverage_pct": 0.0, "in_corridor": false, "in_historic": false, "context_type": "Suburban" }, "geometry": { "type": "Polygon", "coordinates": [ [ [ -106.570676862862982, 31.884780625531924 ], [ -106.570937430002644, 31.885613327596186 ], [ -106.570983066641162, 31.885595016978957 ], [ -106.571260588449135, 31.885477675494069 ], [ -106.571496594069757, 31.885372685875041 ], [ -106.571553810988007, 31.885206219248637 ], [ -106.571399172940303, 31.884660263116555 ], [ -106.571391525309608, 31.884633260742351 ], [ -106.570676862862982, 31.884780625531924 ] ] ] } },
{ "type": "Feature", "properties": { "district": 1, "zonelabel": "R-3A", "state_cd_clean": null, "use_desc": "Unknown", "targetlotarea": 441356, "existing_units": 0, "footprint_sqft": 0.0, "interior_sqft": 0.0, "coverage_pct": 0.0, "in_corridor": false, "in_historic": false, "context_type": "Suburban" }, "geometry": { "type": "Polygon", "coordinates": [ [ [ -106.570543375772331, 31.885144673449457 ], [ -106.570453321341603, 31.884826718864975 ], [ -106.571391525309608, 31.884633260742351 ], [ -106.571076353840255, 31.883520538189902 ], [ -106.570966045651289, 31.883548888761979 ], [ -106.570296649692011, 31.883855258241017 ], [ -106.570193952889497, 31.883665161406931 ], [ -106.570134321728347, 31.883688920196672 ], [ -106.568735971284056, 31.884246066434887 ], [ -106.568860393260778, 31.884664218596935 ], [ -106.568861882539764, 31.884669221782588 ], [ -106.568862389326682, 31.884670923639884 ], [ -106.568903525748951, 31.884809173678846 ], [ -106.568942608863225, 31.884940522685376 ], [ -106.56898270831168, 31.885075283388623 ], [ -106.569022072744943, 31.88520757454193 ], [ -106.56906172144663, 31.885340822166793 ], [ -106.569122933654469, 31.885546538823355 ], [ -106.569143552231978, 31.885615828486635 ], [ -106.569207008227465, 31.885829081010542 ], [ -106.569244582235669, 31.885955354514312 ], [ -106.569266169878503, 31.886027899153166 ], [ -106.569450898770839, 31.886007574717077 ], [ -106.569634638059313, 31.885981524696138 ], [ -106.569817144537723, 31.885949786029624 ], [ -106.569998175178625, 31.885912398359494 ], [ -106.570177489836382, 31.885869412933307 ], [ -106.570354852943368, 31.885820886200168 ], [ -106.570530026300688, 31.885766882865799 ], [ -106.570369208281903, 31.885189231227155 ], [ -106.570543375772331, 31.885144673449457 ] ] ] } },
{ "type": "Feature", "properties": { "district": 1, "zonelabel": "C-3", "state_cd_clean": null, "use_desc": "Unknown", "targetlotarea": 96014, "existing_units": 0, "footprint_sqft": 0.0, "interior_sqft": 0.0, "coverage_pct": 0.0, "in_corridor": false, "in_historic": false, "context_type": "Suburban" }, "geometry": { "type": "Polygon", "coordinates": [ [ [ -106.581064001807562, 31.876475835544436 ], [ -106.580952925488759, 31.876495451408775 ], [ -106.581176242650827, 31.877342779666275 ], [ -106.581261650023791, 31.877312830696891 ], [ -106.581354495683257, 31.877290768887033 ], [ -106.581448993451502, 31.877274599221469 ], [ -106.581544629391558, 31.87726440958431 ], [ -106.581640884265909, 31.877260255597911 ], [ -106.581737236583038, 31.877262158670241 ], [ -106.581833163889371, 31.877270109545879 ], [ -106.581928144701266, 31.877284065503808 ], [ -106.582075400484086, 31.87730213039632 ], [ -106.582125813660156, 31.877302580166951 ], [ -106.582074023294851, 31.877089036037354 ], [ -106.58203434370661, 31.876925429441322 ], [ -106.582001702998866, 31.876790841176639 ], [ -106.581969061269092, 31.876656252046235 ], [ -106.58193642074643, 31.876521663749813 ], [ -106.581899726514678, 31.87637035902981 ], [ -106.581897556754171, 31.87636141513909 ], [ -106.581893195934924, 31.876343429020295 ], [ -106.581889934500794, 31.876329982347311 ], [ -106.581883979689692, 31.876331034041094 ], [ -106.581881025917156, 31.876318256376869 ], [ -106.581064001807562, 31.876475835544436 ] ] ] } },
{ "type": "Feature", "properties": { "district": 1, "zonelabel": "C-3", "state_cd_clean": null, "use_desc": "Unknown", "targetlotarea": 5206, "existing_units": 0, "footprint_sqft": 0.0, "interior_sqft": 0.0, "coverage_pct": 0.0, "in_corridor": false, "in_historic": false, "context_type": "Suburban" }, "geometry": { "type": "Polygon", "coordinates": [ [ [ -106.58202218024185, 31.876136065788302 ], [ -106.581819353889415, 31.875944438568968 ], [ -106.581769204109051, 31.875990962096154 ], [ -106.581854391917972, 31.876323393079463 ], [ -106.581881025917156, 31.876318256376869 ], [ -106.581877733375634, 31.876304016323292 ], [ -106.582012377200272, 31.876146796355123 ], [ -106.58202218024185, 31.876136065788302 ] ] ] } },
{ "type": "Feature", "properties": { "district": 1, "zonelabel": "C-3", "state_cd_clean": null, "use_desc": "Unknown", "targetlotarea": 15064, "existing_units": 0, "footprint_sqft": 0.0, "interior_sqft": 0.0, "coverage_pct": 0.0, "in_corridor": false, "in_historic": false, "context_type": "Suburban" }, "geometry": { "type": "Polygon", "coordinates": [ [ [ -106.581893195934924, 31.876343429020295 ], [ -106.581897556754171, 31.87636141513909 ], [ -106.58189910318977, 31.876367791149598 ], [ -106.5822133465945, 31.876307501519001 ], [ -106.582209141643304, 31.876290162795222 ], [ -106.582205292707499, 31.876274291051942 ], [ -106.582204834882177, 31.876272403518918 ], [ -106.582202217148463, 31.876261609563024 ], [ -106.582199448613792, 31.876250197783971 ], [ -106.582073673924327, 31.875726106894803 ], [ -106.582068129457909, 31.875702077825288 ], [ -106.582062154897685, 31.875703086217168 ], [ -106.581827185613847, 31.875937172684189 ], [ -106.581819353889415, 31.875944438568968 ], [ -106.58202218024185, 31.876136065788302 ], [ -106.582012377200272, 31.876146796355123 ], [ -106.581877733375634, 31.876304016323292 ], [ -106.581881025917156, 31.876318256376869 ], [ -106.581883979689692, 31.876331034041094 ], [ -106.581889934500794, 31.876329982347311 ], [ -106.581893195934924, 31.876343429020295 ] ] ] } },
{ "type": "Feature", "properties": { "district": 1, "zonelabel": "R-3", "state_cd_clean": null, "use_desc": "Unknown", "targetlotarea": 134663, "existing_units": 0, "footprint_sqft": 0.0, "interior_sqft": 0.0, "coverage_pct": 0.0, "in_corridor": false, "in_historic": false, "context_type": "Suburban" }, "geometry": { "type": "Polygon", "coordinates": [ [ [ -106.580873411472382, 31.875649786746742 ], [ -106.581560391946226, 31.875523995015321 ], [ -106.581574592968167, 31.875578210462713 ], [ -106.581751973557431, 31.875546104487903 ], [ -106.581761209301405, 31.875589205930154 ], [ -106.58158061907028, 31.875621278033829 ], [ -106.581635101923808, 31.875825174610746 ], [ -106.581647910859374, 31.875847643860489 ], [ -106.581690509011423, 31.875891383739056 ], [ -106.581819353889415, 31.875944438568968 ], [ -106.581827185613847, 31.875937172684189 ], [ -106.582062154897685, 31.875703086217168 ], [ -106.582171944061358, 31.875416874640766 ], [ -106.582289685850682, 31.875360351958165 ], [ -106.582323228829949, 31.875338289731516 ], [ -106.582464159705879, 31.875245598398735 ], [ -106.582524927937456, 31.875205629436433 ], [ -106.582611851102442, 31.87514845816024 ], [ -106.5826131568449, 31.875147599722862 ], [ -106.582613305059411, 31.875136790460054 ], [ -106.582615177283287, 31.875000710400279 ], [ -106.582557696455765, 31.875097337953328 ], [ -106.582351111610635, 31.875233212639532 ], [ -106.582358864696687, 31.874669925662602 ], [ -106.582620856754787, 31.874587962573191 ], [ -106.582621268333085, 31.874558116993107 ], [ -106.582518697083472, 31.874588391184272 ], [ -106.580756816623875, 31.875144438873473 ], [ -106.580873411472382, 31.875649786746742 ] ] ] } },
{ "type": "Feature", "properties": { "district": 1, "zonelabel": "C-3", "state_cd_clean": null, "use_desc": "Unknown", "targetlotarea": 27778, "existing_units": 0, "footprint_sqft": 0.0, "interior_sqft": 0.0, "coverage_pct": 0.0, "in_corridor": false, "in_historic": false, "context_type": "Suburban" }, "geometry": { "type": "Polygon", "coordinates": [ [ [ -106.57076441880838, 31.885088123433942 ], [ -106.570543375772331, 31.885144673449457 ], [ -106.570369208281903, 31.885189231227155 ], [ -106.570530026300688, 31.885766882865799 ], [ -106.57070278056824, 31.885707473535692 ], [ -106.570937270102846, 31.885613391256189 ], [ -106.570937430002644, 31.885613327596186 ], [ -106.57077244154739, 31.885086070893799 ], [ -106.57076441880838, 31.885088123433942 ] ] ] } },
{ "type": "Feature", "properties": { "district": 1, "zonelabel": "R-4", "state_cd_clean": null, "use_desc": "Unknown", "targetlotarea": 11213, "existing_units": 0, "footprint_sqft": 0.0, "interior_sqft": 0.0, "coverage_pct": 0.0, "in_corridor": false, "in_historic": false, "context_type": "Suburban" }, "geometry": { "type": "Polygon", "coordinates": [ [ [ -106.581219752902754, 31.849162228658102 ], [ -106.58145165426599, 31.84975248310699 ], [ -106.581465699523633, 31.849788232671802 ], [ -106.581567258595896, 31.849759606001864 ], [ -106.5816121824802, 31.84974663592396 ], [ -106.581377636238585, 31.849151298558798 ], [ -106.581219752902754, 31.849162228658102 ] ] ] } },
{ "type": "Feature", "properties": { "district": 1, "zonelabel": "R-4", "state_cd_clean": null, "use_desc": "Unknown", "targetlotarea": 31342, "existing_units": 0, "footprint_sqft": 0.0, "interior_sqft": 0.0, "coverage_pct": 0.0, "in_corridor": false, "in_historic": false, "context_type": "Suburban" }, "geometry": { "type": "Polygon", "coordinates": [ [ [ -106.581178317544982, 31.849796318691922 ], [ -106.581290883816024, 31.849767714091378 ], [ -106.581323320813354, 31.849759471344946 ], [ -106.581347869078257, 31.849821954195647 ], [ -106.581349402265531, 31.849825855022058 ], [ -106.581376319642246, 31.84981888340895 ], [ -106.581468374565887, 31.849795041436096 ], [ -106.581465699523633, 31.849788232671802 ], [ -106.58145165426599, 31.84975248310699 ], [ -106.581219752902754, 31.849162228658102 ], [ -106.58121514539927, 31.849150501262983 ], [ -106.581187588118226, 31.849151129154546 ], [ -106.580792104610737, 31.849153672295387 ], [ -106.580790136586828, 31.849153692668729 ], [ -106.581047928570229, 31.849824058666094 ], [ -106.581049808030428, 31.849828975320253 ], [ -106.581156955863804, 31.849801747316103 ], [ -106.581178317544982, 31.849796318691922 ] ] ] } },
{ "type": "Feature", "properties": { "district": 1, "zonelabel": "R-4", "state_cd_clean": null, "use_desc": "Unknown", "targetlotarea": 16190, "existing_units": 0, "footprint_sqft": 0.0, "interior_sqft": 0.0, "coverage_pct": 0.0, "in_corridor": false, "in_historic": false, "context_type": "Suburban" }, "geometry": { "type": "Polygon", "coordinates": [ [ [ -106.581376319642246, 31.84981888340895 ], [ -106.581625321196015, 31.850468167790375 ], [ -106.581829425960052, 31.850409277084484 ], [ -106.581567258595896, 31.849759606001864 ], [ -106.581465699523633, 31.849788232671802 ], [ -106.581468374565887, 31.849795041436096 ], [ -106.581376319642246, 31.84981888340895 ] ] ] } },
{ "type": "Feature", "properties": { "district": 1, "zonelabel": "R-4", "state_cd_clean": null, "use_desc": "Unknown", "targetlotarea": 14531, "existing_units": 0, "footprint_sqft": 0.0, "interior_sqft": 0.0, "coverage_pct": 0.0, "in_corridor": false, "in_historic": false, "context_type": "Suburban" }, "geometry": { "type": "Polygon", "coordinates": [ [ [ -106.581202610318371, 31.849859261850192 ], [ -106.581342524422425, 31.850201438664094 ], [ -106.581468928289027, 31.850513291352538 ], [ -106.581578765972367, 31.850481600037821 ], [ -106.581625321196015, 31.850468167790375 ], [ -106.581376319642246, 31.84981888340895 ], [ -106.581349402265531, 31.849825855022058 ], [ -106.581347869078257, 31.849821954195647 ], [ -106.581323320813354, 31.849759471344946 ], [ -106.581290883816024, 31.849767714091378 ], [ -106.581178317544982, 31.849796318691922 ], [ -106.581202610318371, 31.849859261850192 ] ] ] } },
{ "type": "Feature", "properties": { "district": 1, "zonelabel": "C-3", "state_cd_clean": null, "use_desc": "Unknown", "targetlotarea": 27287, "existing_units": 0, "footprint_sqft": 0.0, "interior_sqft": 0.0, "coverage_pct": 0.0, "in_corridor": false, "in_historic": false, "context_type": "Suburban" }, "geometry": { "type": "Polygon", "coordinates": [ [ [ -106.582656083073616, 31.850409113304956 ], [ -106.582846684935873, 31.850913300376003 ], [ -106.583285168139199, 31.850793333477963 ], [ -106.583178858493156, 31.850536332810275 ], [ -106.58308096116204, 31.850286138162623 ], [ -106.582656083073616, 31.850409113304956 ] ] ] } },
{ "type": "Feature", "properties": { "district": 1, "zonelabel": "C-3", "state_cd_clean": null, "use_desc": "Unknown", "targetlotarea": 15297, "existing_units": 0, "footprint_sqft": 0.0, "interior_sqft": 0.0, "coverage_pct": 0.0, "in_corridor": false, "in_historic": false, "context_type": "Suburban" }, "geometry": { "type": "Polygon", "coordinates": [ [ [ -106.58299793346184, 31.863509282229419 ], [ -106.583812164256472, 31.863545363298623 ], [ -106.583447729131635, 31.863171105164337 ], [ -106.583290060459916, 31.863335695134825 ], [ -106.58299793346184, 31.863509282229419 ] ] ] } },
{ "type": "Feature", "properties": { "district": 1, "zonelabel": "R-3", "state_cd_clean": null, "use_desc": "Unknown", "targetlotarea": 67628, "existing_units": 0, "footprint_sqft": 0.0, "interior_sqft": 0.0, "coverage_pct": 0.0, "in_corridor": false, "in_historic": false, "context_type": "Suburban" }, "geometry": { "type": "Polygon", "coordinates": [ [ [ -106.582273320788303, 31.863746702964775 ], [ -106.582285404632501, 31.86475415897824 ], [ -106.582874732556007, 31.864543062233398 ], [ -106.582900280239244, 31.86357574755192 ], [ -106.582839456917526, 31.863592472438409 ], [ -106.582306146405799, 31.863739114532198 ], [ -106.582273320788303, 31.863746702964775 ] ] ] } },
{ "type": "Feature", "properties": { "district": 1, "zonelabel": "C-3", "state_cd_clean": null, "use_desc": "Unknown", "targetlotarea": 174782, "existing_units": 0, "footprint_sqft": 0.0, "interior_sqft": 0.0, "coverage_pct": 0.0, "in_corridor": false, "in_historic": false, "context_type": "Suburban" }, "geometry": { "type": "Polygon", "coordinates": [ [ [ -106.581002870227636, 31.863782063078091 ], [ -106.581003260150709, 31.863828805697768 ], [ -106.581014523724789, 31.865180743873104 ], [ -106.581014977123957, 31.865235213591049 ], [ -106.581435515042287, 31.865069249157219 ], [ -106.581859025275918, 31.864908884535769 ], [ -106.582285404632501, 31.86475415897824 ], [ -106.582273320788303, 31.863746702964775 ], [ -106.581876910030189, 31.863812385232325 ], [ -106.581726167266837, 31.863791293487285 ], [ -106.581722081594762, 31.863791241149954 ], [ -106.581586898376415, 31.8637895075464 ], [ -106.581575621580086, 31.863786107717232 ], [ -106.581479573749178, 31.863757147584796 ], [ -106.581477367605373, 31.86375648205642 ], [ -106.581457243054274, 31.8637536666618 ], [ -106.581417963871488, 31.863748170878686 ], [ -106.581358946090674, 31.863749910798489 ], [ -106.581155957401606, 31.863755894323258 ], [ -106.581002870227636, 31.863782063078091 ] ] ] } },
{ "type": "Feature", "properties": { "district": 1, "zonelabel": "R-3", "state_cd_clean": null, "use_desc": "Unknown", "targetlotarea": 14297, "existing_units": 0, "footprint_sqft": 0.0, "interior_sqft": 0.0, "coverage_pct": 0.0, "in_corridor": false, "in_historic": false, "context_type": "Suburban" }, "geometry": { "type": "Polygon", "coordinates": [ [ [ -106.58930069952541, 31.869046073162313 ], [ -106.589302097730965, 31.869049666944374 ], [ -106.589318301093002, 31.869045037839115 ], [ -106.58970090593499, 31.868935738742007 ], [ -106.590152744482566, 31.868806658739032 ], [ -106.590163455244991, 31.868803598669722 ], [ -106.590162765793565, 31.868801827965221 ], [ -106.590146018770128, 31.868758783356586 ], [ -106.590134772937873, 31.86875997407174 ], [ -106.590061884565145, 31.868767689175577 ], [ -106.589969408821005, 31.868793362107429 ], [ -106.589798918493372, 31.868796235331804 ], [ -106.589480804353215, 31.868802955504137 ], [ -106.589407950658313, 31.868796211721797 ], [ -106.589209793403512, 31.868812401614619 ], [ -106.58930069952541, 31.869046073162313 ] ] ] } },
{ "type": "Feature", "properties": { "district": 1, "zonelabel": "C-3", "state_cd_clean": null, "use_desc": "Unknown", "targetlotarea": 40529, "existing_units": 0, "footprint_sqft": 0.0, "interior_sqft": 0.0, "coverage_pct": 0.0, "in_corridor": false, "in_historic": false, "context_type": "Suburban" }, "geometry": { "type": "Polygon", "coordinates": [ [ [ -106.58970090593499, 31.868935738742007 ], [ -106.58975834186495, 31.869084701565662 ], [ -106.589844713537971, 31.869122908749894 ], [ -106.59006610653779, 31.869697089472279 ], [ -106.590466430437331, 31.869586660461827 ], [ -106.590164391283849, 31.868803331488401 ], [ -106.590163455244991, 31.868803598669722 ], [ -106.590152744482566, 31.868806658739032 ], [ -106.58970090593499, 31.868935738742007 ] ] ] } },
{ "type": "Feature", "properties": { "district": 1, "zonelabel": "P-R 2", "state_cd_clean": null, "use_desc": "Unknown", "targetlotarea": 542613, "existing_units": 0, "footprint_sqft": 0.0, "interior_sqft": 0.0, "coverage_pct": 0.0, "in_corridor": false, "in_historic": false, "context_type": "Suburban" }, "geometry": { "type": "Polygon", "coordinates": [ [ [ -106.58070581916661, 31.867790939262559 ], [ -106.580599031564034, 31.867808697542827 ], [ -106.580494099583376, 31.867833223409288 ], [ -106.580391610927151, 31.867864376664812 ], [ -106.579017646635393, 31.868206324748321 ], [ -106.579005814982906, 31.86821019187877 ], [ -106.578994888280221, 31.86821566587043 ], [ -106.578985163613225, 31.868222596984001 ], [ -106.578976904801223, 31.868230796428954 ], [ -106.578970337536774, 31.868240042919361 ], [ -106.578965637897909, 31.868250085031466 ], [ -106.578962935987803, 31.868260648255049 ], [ -106.578962304044566, 31.868271447306402 ], [ -106.578963759783989, 31.868282188677629 ], [ -106.579043866110425, 31.868760401557797 ], [ -106.579507758283412, 31.870717608161595 ], [ -106.579535113220373, 31.870833018717519 ], [ -106.579672378196449, 31.870832590199925 ], [ -106.580863565531956, 31.87082879348937 ], [ -106.58086571740489, 31.870717453917493 ], [ -106.580922560741755, 31.867776078180455 ], [ -106.580813864398152, 31.867780045000913 ], [ -106.58070581916661, 31.867790939262559 ] ] ] } },
{ "type": "Feature", "properties": { "district": 1, "zonelabel": "R-3", "state_cd_clean": null, "use_desc": "Unknown", "targetlotarea": 57116, "existing_units": 0, "footprint_sqft": 0.0, "interior_sqft": 0.0, "coverage_pct": 0.0, "in_corridor": false, "in_historic": false, "context_type": "Suburban" }, "geometry": { "type": "Polygon", "coordinates": [ [ [ -106.590599241640859, 31.873052402311902 ], [ -106.590601078573144, 31.873057269383381 ], [ -106.59062040221643, 31.873105804817094 ], [ -106.590762533176374, 31.873465868004363 ], [ -106.591835890234094, 31.873164907128928 ], [ -106.591855138567027, 31.873159509951321 ], [ -106.591694802381454, 31.872739983303237 ], [ -106.590599241640859, 31.873052402311902 ] ] ] } },
{ "type": "Feature", "properties": { "district": 1, "zonelabel": "R-3", "state_cd_clean": null, "use_desc": "Unknown", "targetlotarea": 12645, "existing_units": 0, "footprint_sqft": 0.0, "interior_sqft": 0.0, "coverage_pct": 0.0, "in_corridor": false, "in_historic": false, "context_type": "Suburban" }, "geometry": { "type": "Polygon", "coordinates": [ [ [ -106.591456330444743, 31.873271333769804 ], [ -106.591457465319436, 31.873274239246598 ], [ -106.591559218762399, 31.873535070472482 ], [ -106.59194300665979, 31.873429582114809 ], [ -106.59183718530339, 31.873168106596314 ], [ -106.591835890234094, 31.873164907128928 ], [ -106.591456330444743, 31.873271333769804 ] ] ] } },
{ "type": "Feature", "properties": { "district": 1, "zonelabel": "R-3A", "state_cd_clean": null, "use_desc": "Unknown", "targetlotarea": 147602, "existing_units": 0, "footprint_sqft": 0.0, "interior_sqft": 0.0, "coverage_pct": 0.0, "in_corridor": false, "in_historic": false, "context_type": "Suburban" }, "geometry": { "type": "Polygon", "coordinates": [ [ [ -106.552633903596231, 31.880154734333946 ], [ -106.552558816065797, 31.880173671763458 ], [ -106.552656044262534, 31.880427190951753 ], [ -106.553266308537104, 31.880971058884331 ], [ -106.553306017620429, 31.880966701935066 ], [ -106.553469567577196, 31.880948755330557 ], [ -106.553495877454495, 31.88094028628656 ], [ -106.553669691218104, 31.880884338145535 ], [ -106.553843330682625, 31.880828446862409 ], [ -106.554011986560212, 31.880774158191365 ], [ -106.554178221630735, 31.880720648814727 ], [ -106.554344456572863, 31.880667140125379 ], [ -106.554510691268561, 31.880613630322358 ], [ -106.554543081057091, 31.880603204125997 ], [ -106.554462657341489, 31.880148486404543 ], [ -106.554428459498936, 31.879955131681733 ], [ -106.554272262987126, 31.87999563386013 ], [ -106.554113850853952, 31.88002929568087 ], [ -106.553953635584975, 31.880056030594702 ], [ -106.553792032782525, 31.880075767260553 ], [ -106.553629461578538, 31.880088455849055 ], [ -106.553466343283489, 31.880094063590295 ], [ -106.553303102441234, 31.880092574723975 ], [ -106.553168003159172, 31.880091388259356 ], [ -106.553033060443823, 31.88009704261875 ], [ -106.552898747256222, 31.880109518826959 ], [ -106.552765539066328, 31.880128771596535 ], [ -106.552633903596231, 31.880154734333946 ] ] ] } },
{ "type": "Feature", "properties": { "district": 1, "zonelabel": "C-4", "state_cd_clean": null, "use_desc": "Unknown", "targetlotarea": 572989, "existing_units": 0, "footprint_sqft": 0.0, "interior_sqft": 0.0, "coverage_pct": 0.0, "in_corridor": false, "in_historic": false, "context_type": "Suburban" }, "geometry": { "type": "Polygon", "coordinates": [ [ [ -106.571797147666373, 31.89790958564371 ], [ -106.571750569019386, 31.901679271293169 ], [ -106.571914701216855, 31.901541509805149 ], [ -106.572397377488556, 31.901049525885021 ], [ -106.572822140545398, 31.900520100238317 ], [ -106.573185022568055, 31.899958172793912 ], [ -106.573482641758801, 31.899368992297457 ], [ -106.574029622718683, 31.897988888343644 ], [ -106.571797147666373, 31.89790958564371 ] ] ] } },
{ "type": "Feature", "properties": { "district": 1, "zonelabel": "R-3", "state_cd_clean": null, "use_desc": "Unknown", "targetlotarea": 2921905, "existing_units": 0, "footprint_sqft": 0.0, "interior_sqft": 0.0, "coverage_pct": 0.0, "in_corridor": false, "in_historic": false, "context_type": "Suburban" }, "geometry": { "type": "Polygon", "coordinates": [ [ [ -106.583385189562478, 31.903566824511763 ], [ -106.583529101248686, 31.903566643451278 ], [ -106.588622865768954, 31.903560163275205 ], [ -106.588609683373349, 31.903471189571814 ], [ -106.58791250196623, 31.898765360506975 ], [ -106.587827928004202, 31.898194472892786 ], [ -106.587814881756543, 31.898194489627464 ], [ -106.586045919681482, 31.898196751463285 ], [ -106.585563972600085, 31.89836302010902 ], [ -106.585559581154854, 31.898363025854376 ], [ -106.585385970384522, 31.898363245813503 ], [ -106.585385682022178, 31.898197589550168 ], [ -106.583896462012561, 31.898199468696063 ], [ -106.583959249123097, 31.898275013834866 ], [ -106.584008777864298, 31.898334606860871 ], [ -106.583965873102713, 31.898360559583786 ], [ -106.583876772717957, 31.89841445470341 ], [ -106.583698300448816, 31.898199716480732 ], [ -106.583382364893509, 31.898200112442947 ], [ -106.58338240266464, 31.89827128365204 ], [ -106.583382419602501, 31.898302551781892 ], [ -106.583385189562478, 31.903566824511763 ] ] ] } },
{ "type": "Feature", "properties": { "district": 1, "zonelabel": "C-3", "state_cd_clean": null, "use_desc": "Unknown", "targetlotarea": 1280794, "existing_units": 0, "footprint_sqft": 0.0, "interior_sqft": 0.0, "coverage_pct": 0.0, "in_corridor": false, "in_historic": false, "context_type": "Suburban" }, "geometry": { "type": "Polygon", "coordinates": [ [ [ -106.554902062459504, 31.904018163155161 ], [ -106.557489618552324, 31.904243938592234 ], [ -106.557678932783986, 31.904286516968401 ], [ -106.556774353085999, 31.899180022528114 ], [ -106.554935584350787, 31.899221556604992 ], [ -106.554902062459504, 31.904018163155161 ] ] ] } },
{ "type": "Feature", "properties": { "district": 1, "zonelabel": "C-3", "state_cd_clean": null, "use_desc": "Unknown", "targetlotarea": 68820, "existing_units": 0, "footprint_sqft": 0.0, "interior_sqft": 0.0, "coverage_pct": 0.0, "in_corridor": false, "in_historic": false, "context_type": "Suburban" }, "geometry": { "type": "Polygon", "coordinates": [ [ [ -106.589356104831779, 31.908127238444319 ], [ -106.589986945450093, 31.908195311124821 ], [ -106.589982610680295, 31.907674779578482 ], [ -106.589880691867705, 31.907648808436488 ], [ -106.588930101440255, 31.907518725439193 ], [ -106.588869157944757, 31.907746244638716 ], [ -106.588900975782934, 31.90775059875935 ], [ -106.588888350045352, 31.907800394535052 ], [ -106.588856532191045, 31.907796040411426 ], [ -106.588790105416805, 31.908044034075736 ], [ -106.588932359301836, 31.908064946642018 ], [ -106.589356104831779, 31.908127238444319 ] ] ] } },
{ "type": "Feature", "properties": { "district": 1, "zonelabel": "A-O", "state_cd_clean": null, "use_desc": "Unknown", "targetlotarea": 74854, "existing_units": 0, "footprint_sqft": 0.0, "interior_sqft": 0.0, "coverage_pct": 0.0, "in_corridor": false, "in_historic": false, "context_type": "Suburban" }, "geometry": { "type": "Polygon", "coordinates": [ [ [ -106.560613145839994, 31.860854371379034 ], [ -106.560375365417954, 31.861290879252824 ], [ -106.56071549244264, 31.861393850885747 ], [ -106.56061907031507, 31.861642437628007 ], [ -106.560659757917975, 31.861642712800496 ], [ -106.561142842222552, 31.861645981006049 ], [ -106.561157365486551, 31.860091986358775 ], [ -106.561034199231244, 31.86029658683297 ], [ -106.560613145839994, 31.860854371379034 ] ] ] } },
{ "type": "Feature", "properties": { "district": 1, "zonelabel": "C-3", "state_cd_clean": null, "use_desc": "Unknown", "targetlotarea": 61983, "existing_units": 0, "footprint_sqft": 0.0, "interior_sqft": 0.0, "coverage_pct": 0.0, "in_corridor": false, "in_historic": false, "context_type": "Suburban" }, "geometry": { "type": "Polygon", "coordinates": [ [ [ -106.583447729131635, 31.863171105164337 ], [ -106.583812164256472, 31.863545363298623 ], [ -106.58383905208602, 31.863574677181859 ], [ -106.583942483040843, 31.863576164099186 ], [ -106.584046542787803, 31.863536896802636 ], [ -106.584536773838522, 31.863351900580675 ], [ -106.584515864957211, 31.863318287457464 ], [ -106.584034285320897, 31.862631530125949 ], [ -106.583925222385105, 31.862733824902218 ], [ -106.583811376484149, 31.862832251035329 ], [ -106.583692936991952, 31.862926646770038 ], [ -106.583655735998263, 31.862953966182229 ], [ -106.583447729131635, 31.863171105164337 ] ] ] } },
{ "type": "Feature", "properties": { "district": 1, "zonelabel": "C-3", "state_cd_clean": null, "use_desc": "Unknown", "targetlotarea": 74667, "existing_units": 0, "footprint_sqft": 0.0, "interior_sqft": 0.0, "coverage_pct": 0.0, "in_corridor": false, "in_historic": false, "context_type": "Suburban" }, "geometry": { "type": "Polygon", "coordinates": [ [ [ -106.567603027904724, 31.879293580038581 ], [ -106.567569404345136, 31.879497886781376 ], [ -106.567801523739533, 31.879502446420364 ], [ -106.568197516806293, 31.879510223344798 ], [ -106.568225922099799, 31.879499129028442 ], [ -106.568412421538625, 31.879394682495448 ], [ -106.568352262712537, 31.879329406528544 ], [ -106.568360624915172, 31.879156213059129 ], [ -106.568108071418962, 31.879147637721641 ], [ -106.568109634215745, 31.879115284103868 ], [ -106.567799849272532, 31.879104765622799 ], [ -106.567812076826925, 31.878851485047363 ], [ -106.56812186214637, 31.878861957376877 ], [ -106.568374412094229, 31.878870570758984 ], [ -106.568380742580501, 31.878739454317881 ], [ -106.568493472020947, 31.878626620948584 ], [ -106.568261180692531, 31.878477972398592 ], [ -106.568024520553067, 31.878334429173918 ], [ -106.567783644891094, 31.87819608507721 ], [ -106.567631990630119, 31.879117595803674 ], [ -106.567603027904724, 31.879293580038581 ] ] ] } },
{ "type": "Feature", "properties": { "district": 1, "zonelabel": "R-3", "state_cd_clean": null, "use_desc": "Unknown", "targetlotarea": 306393, "existing_units": 0, "footprint_sqft": 0.0, "interior_sqft": 0.0, "coverage_pct": 0.0, "in_corridor": false, "in_historic": false, "context_type": "Suburban" }, "geometry": { "type": "Polygon", "coordinates": [ [ [ -106.586783992493295, 31.864319321777486 ], [ -106.586730101957855, 31.864204059210227 ], [ -106.586292651189524, 31.864341644534221 ], [ -106.586213577547255, 31.8643625868127 ], [ -106.585983228844654, 31.863889062421681 ], [ -106.585983211699258, 31.863889027114144 ], [ -106.585850019045367, 31.863615221064773 ], [ -106.585850000844985, 31.86361518580788 ], [ -106.583703289995768, 31.86438837445511 ], [ -106.583698422270501, 31.865091101818287 ], [ -106.583698344953589, 31.865091101013309 ], [ -106.583698325430603, 31.865093856019705 ], [ -106.583699670059232, 31.865093862832943 ], [ -106.584054370524399, 31.865095645654137 ], [ -106.584274960019357, 31.865096754343668 ], [ -106.584419695673873, 31.865097481085115 ], [ -106.58456443133062, 31.865098207665842 ], [ -106.584709166989583, 31.865098934085864 ], [ -106.584853902650764, 31.865099660345173 ], [ -106.584998638373563, 31.865100387344174 ], [ -106.585143374039191, 31.865101113282027 ], [ -106.585301385535374, 31.865101906178896 ], [ -106.585757956864029, 31.865104196415523 ], [ -106.585948183486579, 31.86510515331727 ], [ -106.58598183153606, 31.865105074918922 ], [ -106.585985379161187, 31.86459127316855 ], [ -106.586783992493295, 31.864319321777486 ] ] ] } },
{ "type": "Feature", "properties": { "district": 1, "zonelabel": "C-3", "state_cd_clean": null, "use_desc": "Unknown", "targetlotarea": 612297, "existing_units": 0, "footprint_sqft": 0.0, "interior_sqft": 0.0, "coverage_pct": 0.0, "in_corridor": false, "in_historic": false, "context_type": "Suburban" }, "geometry": { "type": "Polygon", "coordinates": [ [ [ -106.57859614568342, 31.863902210137276 ], [ -106.578692476615089, 31.864379277129924 ], [ -106.578689145238712, 31.864400949138293 ], [ -106.578686557169917, 31.864417788239912 ], [ -106.578686389003266, 31.864418882936818 ], [ -106.578680150864599, 31.864428350308689 ], [ -106.578672210863658, 31.864436837968526 ], [ -106.578662774697491, 31.864444126491925 ], [ -106.578652089176174, 31.864450026096886 ], [ -106.578640430972811, 31.864454382603217 ], [ -106.578628103814282, 31.864457082986714 ], [ -106.578063829505936, 31.864585519990559 ], [ -106.578609034367318, 31.866580820926018 ], [ -106.578829229245855, 31.866421688562408 ], [ -106.579054418111227, 31.866267731326634 ], [ -106.579284434880435, 31.866119062843314 ], [ -106.579519107902314, 31.86597579248857 ], [ -106.579758264415148, 31.865838028789575 ], [ -106.580001726847343, 31.865705871472322 ], [ -106.580249314465661, 31.86557942041561 ], [ -106.580500842841289, 31.865458767547313 ], [ -106.580756127489522, 31.865344003895849 ], [ -106.581014977123957, 31.865235213591049 ], [ -106.581014523724789, 31.865180743873104 ], [ -106.581003260150709, 31.863828805697768 ], [ -106.581002870227636, 31.863782063078091 ], [ -106.581002755419817, 31.863768319027017 ], [ -106.579119698494821, 31.863835653911 ], [ -106.57859614568342, 31.863902210137276 ] ] ] } },
{ "type": "Feature", "properties": { "district": 1, "zonelabel": "C-3", "state_cd_clean": null, "use_desc": "Unknown", "targetlotarea": 58261, "existing_units": 0, "footprint_sqft": 0.0, "interior_sqft": 0.0, "coverage_pct": 0.0, "in_corridor": false, "in_historic": false, "context_type": "Suburban" }, "geometry": { "type": "Polygon", "coordinates": [ [ [ -106.57811434712535, 31.86377133886166 ], [ -106.577877233316187, 31.863902611218297 ], [ -106.578063829505936, 31.864585519990559 ], [ -106.578628103814282, 31.864457082986714 ], [ -106.578640430972811, 31.864454382603217 ], [ -106.578652089176174, 31.864450026096886 ], [ -106.578662774697491, 31.864444126491925 ], [ -106.578672210863658, 31.864436837968526 ], [ -106.578680150805312, 31.864428349408275 ], [ -106.578686388943964, 31.864418882036375 ], [ -106.578686557169917, 31.864417788239912 ], [ -106.578689145238712, 31.864400949138293 ], [ -106.578691933499329, 31.864382810568205 ], [ -106.578692476615089, 31.864379277129924 ], [ -106.578557075138647, 31.863708716296927 ], [ -106.57811434712535, 31.86377133886166 ] ] ] } },
{ "type": "Feature", "properties": { "district": 1, "zonelabel": "C-4", "state_cd_clean": null, "use_desc": "Unknown", "targetlotarea": 4120497, "existing_units": 0, "footprint_sqft": 0.0, "interior_sqft": 0.0, "coverage_pct": 0.0, "in_corridor": false, "in_historic": false, "context_type": "Suburban" }, "geometry": { "type": "Polygon", "coordinates": [ [ [ -106.566176088408895, 31.907391792303386 ], [ -106.565572960153631, 31.907324030210273 ], [ -106.564682267587685, 31.907168983984114 ], [ -106.564273406111937, 31.90709253664334 ], [ -106.56329304545055, 31.906865056536656 ], [ -106.56317110194361, 31.906840301648785 ], [ -106.55889911614274, 31.905903777280468 ], [ -106.558263235506772, 31.905769228722516 ], [ -106.558307442067687, 31.906015391433765 ], [ -106.558921366341721, 31.909275399631998 ], [ -106.560095059918595, 31.91286040700929 ], [ -106.560393185406951, 31.912873089549258 ], [ -106.560710181992903, 31.91288657468963 ], [ -106.560796355963348, 31.91165113843206 ], [ -106.5655894025804, 31.91161500969298 ], [ -106.565592853923292, 31.910663879889977 ], [ -106.566164330330039, 31.91065981733567 ], [ -106.566176088408895, 31.907391792303386 ] ] ] } },
{ "type": "Feature", "properties": { "district": 1, "zonelabel": "C-4", "state_cd_clean": null, "use_desc": "Unknown", "targetlotarea": 1465837, "existing_units": 0, "footprint_sqft": 0.0, "interior_sqft": 0.0, "coverage_pct": 0.0, "in_corridor": false, "in_historic": false, "context_type": "Suburban" }, "geometry": { "type": "Polygon", "coordinates": [ [ [ -106.581950825379948, 31.911531523852602 ], [ -106.581320325855884, 31.911562478234384 ], [ -106.579388206201116, 31.911625428270447 ], [ -106.579127049543715, 31.908769117221809 ], [ -106.579108859594939, 31.908532923930444 ], [ -106.579107248531287, 31.908533012913509 ], [ -106.578297676258785, 31.908510891215847 ], [ -106.578180806046703, 31.908576413481985 ], [ -106.578019753452736, 31.908572370701989 ], [ -106.577941034519952, 31.908501149955235 ], [ -106.577445409628538, 31.908487602565049 ], [ -106.577525362870659, 31.914996484281129 ], [ -106.57752544349249, 31.915003012703348 ], [ -106.577529781171535, 31.915003015261941 ], [ -106.581950825379948, 31.911531523852602 ] ] ] } },
{ "type": "Feature", "properties": { "district": 1, "zonelabel": "C-3", "state_cd_clean": null, "use_desc": "Unknown", "targetlotarea": 118850, "existing_units": 0, "footprint_sqft": 0.0, "interior_sqft": 0.0, "coverage_pct": 0.0, "in_corridor": false, "in_historic": false, "context_type": "Suburban" }, "geometry": { "type": "Polygon", "coordinates": [ [ [ -106.572925665847137, 31.890049353866011 ], [ -106.57271839108715, 31.889905828515925 ], [ -106.572520643319763, 31.889927786185503 ], [ -106.572322093139476, 31.889943616369042 ], [ -106.572123001719604, 31.889953297522155 ], [ -106.571923628715737, 31.889956817207164 ], [ -106.571753920256867, 31.8899545656679 ], [ -106.571758662098986, 31.890925590049132 ], [ -106.573093814127404, 31.890644558150335 ], [ -106.572925665847137, 31.890049353866011 ] ] ] } },
{ "type": "Feature", "properties": { "district": 1, "zonelabel": "C-3", "state_cd_clean": null, "use_desc": "Unknown", "targetlotarea": 82159, "existing_units": 0, "footprint_sqft": 0.0, "interior_sqft": 0.0, "coverage_pct": 0.0, "in_corridor": false, "in_historic": false, "context_type": "Suburban" }, "geometry": { "type": "Polygon", "coordinates": [ [ [ -106.57123178548035, 31.891036486526829 ], [ -106.571730415693935, 31.890931535100144 ], [ -106.571758662098986, 31.890925590049132 ], [ -106.571753920256867, 31.8899545656679 ], [ -106.571724237542256, 31.889954171840419 ], [ -106.57158003852274, 31.889947937902861 ], [ -106.571436091886895, 31.889938346967348 ], [ -106.571292506125545, 31.889925406484814 ], [ -106.571154623378845, 31.889911353590708 ], [ -106.570906505487713, 31.889886064732217 ], [ -106.57123178548035, 31.891036486526829 ] ] ] } },
{ "type": "Feature", "properties": { "district": 1, "zonelabel": "C-3", "state_cd_clean": null, "use_desc": "Unknown", "targetlotarea": 155575, "existing_units": 0, "footprint_sqft": 0.0, "interior_sqft": 0.0, "coverage_pct": 0.0, "in_corridor": false, "in_historic": false, "context_type": "Suburban" }, "geometry": { "type": "Polygon", "coordinates": [ [ [ -106.571762491104266, 31.891763644573025 ], [ -106.571765651989679, 31.892455683708828 ], [ -106.572715426620348, 31.892453691504564 ], [ -106.573445144466547, 31.892303806199333 ], [ -106.57351400973991, 31.892289660637775 ], [ -106.573564538403687, 31.892279282152977 ], [ -106.573428818032056, 31.891823047075537 ], [ -106.57338770143258, 31.89168482817869 ], [ -106.573373551089347, 31.891647787088534 ], [ -106.573352784701257, 31.891613090769258 ], [ -106.573325910579698, 31.891581593732646 ], [ -106.573293592708779, 31.891554070771488 ], [ -106.573256626341589, 31.891531200064094 ], [ -106.573215921920976, 31.891513544073192 ], [ -106.573172481091476, 31.891501538953879 ], [ -106.573127374466608, 31.891495478456498 ], [ -106.573081710905456, 31.891495513593032 ], [ -106.573036616750315, 31.891501642792448 ], [ -106.571762491104266, 31.891763644573025 ] ] ] } },
{ "type": "Feature", "properties": { "district": 1, "zonelabel": "C-3", "state_cd_clean": null, "use_desc": "Unknown", "targetlotarea": 289065, "existing_units": 0, "footprint_sqft": 0.0, "interior_sqft": 0.0, "coverage_pct": 0.0, "in_corridor": false, "in_historic": false, "context_type": "Suburban" }, "geometry": { "type": "Polygon", "coordinates": [ [ [ -106.571389556514134, 31.891583171540049 ], [ -106.57123178548035, 31.891036486526829 ], [ -106.570906505487713, 31.889886064732217 ], [ -106.570384969640756, 31.889832908004752 ], [ -106.569765140969452, 31.889769729959699 ], [ -106.569701825379369, 31.890220510818821 ], [ -106.568727370538767, 31.890305040465712 ], [ -106.568751745412968, 31.890352041330335 ], [ -106.568779875973433, 31.890397488542707 ], [ -106.569603787149418, 31.890500066835113 ], [ -106.569772540989291, 31.890525922875238 ], [ -106.570268733542974, 31.891839283963925 ], [ -106.570267241009844, 31.891836278049581 ], [ -106.570268574057636, 31.89183937018387 ], [ -106.570268927684936, 31.89183964409812 ], [ -106.570282862130426, 31.891865423202873 ], [ -106.570283276617957, 31.891865254318425 ], [ -106.570421425626407, 31.891812199133202 ], [ -106.570562817498356, 31.89176577735488 ], [ -106.570707013773358, 31.891726131007385 ], [ -106.570853570528129, 31.891693383409965 ], [ -106.571389556514134, 31.891583171540049 ] ] ] } },
{ "type": "Feature", "properties": { "district": 1, "zonelabel": "C-4", "state_cd_clean": null, "use_desc": "Unknown", "targetlotarea": 1136902, "existing_units": 0, "footprint_sqft": 0.0, "interior_sqft": 0.0, "coverage_pct": 0.0, "in_corridor": false, "in_historic": false, "context_type": "Suburban" }, "geometry": { "type": "Polygon", "coordinates": [ [ [ -106.571720301623287, 31.89918302424865 ], [ -106.571781413556124, 31.899183024895081 ], [ -106.571797147666373, 31.89790958564371 ], [ -106.571790997435841, 31.896767138356353 ], [ -106.571745135425317, 31.89678987480865 ], [ -106.569941773051298, 31.897740969794928 ], [ -106.569899919968265, 31.898803903850951 ], [ -106.56951025411766, 31.899021485282486 ], [ -106.566834302091522, 31.899021374717588 ], [ -106.561180886322433, 31.898151532902862 ], [ -106.558818004484493, 31.898682127873908 ], [ -106.557683508676533, 31.898806614576856 ], [ -106.557074124175102, 31.898720407673693 ], [ -106.55710440801181, 31.899182003607905 ], [ -106.571720301623287, 31.89918302424865 ] ] ] } },
{ "type": "Feature", "properties": { "district": 1, "zonelabel": "R-3", "state_cd_clean": null, "use_desc": "Unknown", "targetlotarea": 86091, "existing_units": 0, "footprint_sqft": 0.0, "interior_sqft": 0.0, "coverage_pct": 0.0, "in_corridor": false, "in_historic": false, "context_type": "Suburban" }, "geometry": { "type": "Polygon", "coordinates": [ [ [ -106.590857641338005, 31.874239578397248 ], [ -106.590882139776227, 31.874302524284136 ], [ -106.59138321101014, 31.87416044059076 ], [ -106.591357534853771, 31.874094874988646 ], [ -106.591285000365517, 31.873909652306601 ], [ -106.591281154497935, 31.873899831603794 ], [ -106.592039988366608, 31.873683269863644 ], [ -106.592036521159301, 31.873674199662709 ], [ -106.59194300665979, 31.873429582114809 ], [ -106.591559218762399, 31.873535070472482 ], [ -106.591457464264295, 31.873274239297309 ], [ -106.591456330444743, 31.873271333769804 ], [ -106.590762533176374, 31.873465868004363 ], [ -106.590763458370915, 31.873468210888699 ], [ -106.590578006668977, 31.873521077909093 ], [ -106.590857641338005, 31.874239578397248 ] ] ] } },
{ "type": "Feature", "properties": { "district": 1, "zonelabel": "R-4", "state_cd_clean": null, "use_desc": "Unknown", "targetlotarea": 34381, "existing_units": 0, "footprint_sqft": 0.0, "interior_sqft": 0.0, "coverage_pct": 0.0, "in_corridor": false, "in_historic": false, "context_type": "Suburban" }, "geometry": { "type": "Polygon", "coordinates": [ [ [ -106.58320873969032, 31.854629917998338 ], [ -106.583212657951648, 31.854640010964484 ], [ -106.583222757079199, 31.854666026401663 ], [ -106.583609470427689, 31.854556669506941 ], [ -106.58377647021058, 31.854509444743577 ], [ -106.583944058847266, 31.854462052382541 ], [ -106.584073040717172, 31.85442557678828 ], [ -106.584075915442725, 31.854424764025239 ], [ -106.584102715623089, 31.854417185122379 ], [ -106.584652653288657, 31.854261566698494 ], [ -106.584624591766058, 31.854189280064812 ], [ -106.584218457936444, 31.854301910203365 ], [ -106.584187816471726, 31.854221126512805 ], [ -106.58360437606315, 31.854383970590323 ], [ -106.583533196252887, 31.85420719815373 ], [ -106.583527388162821, 31.854192773490773 ], [ -106.583088013233748, 31.854318907294555 ], [ -106.583092093512178, 31.854329419735375 ], [ -106.58320873969032, 31.854629917998338 ] ] ] } },
{ "type": "Feature", "properties": { "district": 1, "zonelabel": "C-4", "state_cd_clean": null, "use_desc": "Unknown", "targetlotarea": 29739, "existing_units": 0, "footprint_sqft": 0.0, "interior_sqft": 0.0, "coverage_pct": 0.0, "in_corridor": false, "in_historic": false, "context_type": "Suburban" }, "geometry": { "type": "Polygon", "coordinates": [ [ [ -106.583533196252887, 31.85420719815373 ], [ -106.58360437606315, 31.854383970590323 ], [ -106.584187816471726, 31.854221126512805 ], [ -106.584218457936444, 31.854301910203365 ], [ -106.584624591766058, 31.854189280064812 ], [ -106.584509501556909, 31.853892797238558 ], [ -106.583765588151778, 31.854110400403631 ], [ -106.583728585145934, 31.854121224045258 ], [ -106.583733547490269, 31.85413359009533 ], [ -106.583527388162821, 31.854192773490773 ], [ -106.583533196252887, 31.85420719815373 ] ] ] } },
{ "type": "Feature", "properties": { "district": 1, "zonelabel": "C-4", "state_cd_clean": null, "use_desc": "Unknown", "targetlotarea": 74282, "existing_units": 0, "footprint_sqft": 0.0, "interior_sqft": 0.0, "coverage_pct": 0.0, "in_corridor": false, "in_historic": false, "context_type": "Suburban" }, "geometry": { "type": "Polygon", "coordinates": [ [ [ -106.585838438668489, 31.90734407801358 ], [ -106.585843904015434, 31.908085521984571 ], [ -106.585992968819028, 31.908044629032446 ], [ -106.586245580655174, 31.907949856360851 ], [ -106.58646759267269, 31.907839455195493 ], [ -106.586685987536967, 31.907723925150798 ], [ -106.586900602503107, 31.907603351735467 ], [ -106.586955988459849, 31.907570350819661 ], [ -106.586387201193389, 31.907079258237328 ], [ -106.585838438668489, 31.90734407801358 ] ] ] } },
{ "type": "Feature", "properties": { "district": 1, "zonelabel": "C-3", "state_cd_clean": null, "use_desc": "Unknown", "targetlotarea": 71204, "existing_units": 0, "footprint_sqft": 0.0, "interior_sqft": 0.0, "coverage_pct": 0.0, "in_corridor": false, "in_historic": false, "context_type": "Suburban" }, "geometry": { "type": "Polygon", "coordinates": [ [ [ -106.561034199231244, 31.86029658683297 ], [ -106.560711589962722, 31.860306535918113 ], [ -106.560695261350759, 31.859607877526397 ], [ -106.560490010964116, 31.859604219224998 ], [ -106.560305384271373, 31.860005042722499 ], [ -106.560057230373417, 31.860850607329319 ], [ -106.560613145839994, 31.860854371379034 ], [ -106.561034199231244, 31.86029658683297 ] ] ] } },
{ "type": "Feature", "properties": { "district": 1, "zonelabel": "P-R 2", "state_cd_clean": null, "use_desc": "Unknown", "targetlotarea": 466297, "existing_units": 0, "footprint_sqft": 0.0, "interior_sqft": 0.0, "coverage_pct": 0.0, "in_corridor": false, "in_historic": false, "context_type": "Suburban" }, "geometry": { "type": "Polygon", "coordinates": [ [ [ -106.580714720692242, 31.870829268474385 ], [ -106.579672378196449, 31.870832590199925 ], [ -106.580684721689124, 31.874894870581365 ], [ -106.580715312821923, 31.875017619945478 ], [ -106.581642862836574, 31.874712237372769 ], [ -106.581215003406101, 31.872995453633365 ], [ -106.581185777862274, 31.872719457564827 ], [ -106.580714720692242, 31.870829268474385 ] ] ] } },
{ "type": "Feature", "properties": { "district": 1, "zonelabel": "C-3", "state_cd_clean": null, "use_desc": "Unknown", "targetlotarea": 511, "existing_units": 0, "footprint_sqft": 0.0, "interior_sqft": 0.0, "coverage_pct": 0.0, "in_corridor": false, "in_historic": false, "context_type": "Suburban" }, "geometry": { "type": "Polygon", "coordinates": [ [ [ -106.581358946090674, 31.863749910798489 ], [ -106.58114911737168, 31.863731094489367 ], [ -106.581002870227636, 31.863782063078091 ], [ -106.581155957401606, 31.863755894323258 ], [ -106.581358946090674, 31.863749910798489 ] ] ] } },
{ "type": "Feature", "properties": { "district": 1, "zonelabel": "C-4", "state_cd_clean": null, "use_desc": "Unknown", "targetlotarea": 325, "existing_units": 0, "footprint_sqft": 0.0, "interior_sqft": 0.0, "coverage_pct": 0.0, "in_corridor": false, "in_historic": false, "context_type": "Suburban" }, "geometry": { "type": "Polygon", "coordinates": [ [ [ -106.581479573749178, 31.863757147584796 ], [ -106.581575621580086, 31.863786107717232 ], [ -106.581586898376415, 31.8637895075464 ], [ -106.581722081594762, 31.863791241149954 ], [ -106.581726167266837, 31.863791293487285 ], [ -106.58172656221096, 31.863782332169176 ], [ -106.581538162606108, 31.863766279165702 ], [ -106.581479573749178, 31.863757147584796 ] ] ] } },
{ "type": "Feature", "properties": { "district": 1, "zonelabel": "C-4", "state_cd_clean": null, "use_desc": "Unknown", "targetlotarea": 74016, "existing_units": 0, "footprint_sqft": 0.0, "interior_sqft": 0.0, "coverage_pct": 0.0, "in_corridor": false, "in_historic": false, "context_type": "Suburban" }, "geometry": { "type": "Polygon", "coordinates": [ [ [ -106.58598183153606, 31.865105074918922 ], [ -106.587105293656322, 31.865102464565943 ], [ -106.587090754336529, 31.865037461625601 ], [ -106.587071675151989, 31.864973319853345 ], [ -106.587048124183696, 31.864910269021902 ], [ -106.586945634614622, 31.864673718941347 ], [ -106.586839621755857, 31.86443830268697 ], [ -106.586783992493295, 31.864319321777486 ], [ -106.585985379161187, 31.86459127316855 ], [ -106.58598183153606, 31.865105074918922 ] ] ] } },
{ "type": "Feature", "properties": { "district": 1, "zonelabel": "C-4", "state_cd_clean": null, "use_desc": "Unknown", "targetlotarea": 968897, "existing_units": 0, "footprint_sqft": 0.0, "interior_sqft": 0.0, "coverage_pct": 0.0, "in_corridor": false, "in_historic": false, "context_type": "Suburban" }, "geometry": { "type": "Polygon", "coordinates": [ [ [ -106.577529781171535, 31.915003015261941 ], [ -106.577531968045733, 31.915003017031708 ], [ -106.578984945649452, 31.915004061746636 ], [ -106.579271946660882, 31.915004266025228 ], [ -106.579625776712518, 31.915004517295671 ], [ -106.580293292771941, 31.915004988130342 ], [ -106.58116667458485, 31.915005598357613 ], [ -106.581227037250102, 31.915005640030582 ], [ -106.58143125627403, 31.915005781907869 ], [ -106.581537741118325, 31.915005856055828 ], [ -106.581681641932562, 31.915005955686397 ], [ -106.581690729354705, 31.915005962442226 ], [ -106.582163184794311, 31.915006289214375 ], [ -106.582205173399331, 31.91500633105959 ], [ -106.58222752534904, 31.915006352795412 ], [ -106.582227523229875, 31.91500811965345 ], [ -106.582229792799382, 31.915008122797463 ], [ -106.582230234205596, 31.914978018894487 ], [ -106.582316260728817, 31.914977431570868 ], [ -106.582315003678389, 31.914360606532444 ], [ -106.582294571274034, 31.913125045163241 ], [ -106.582212746669384, 31.912878099349381 ], [ -106.581978162351987, 31.9118211389236 ], [ -106.581950825379948, 31.911531523852602 ], [ -106.577529781171535, 31.915003015261941 ] ] ] } },
{ "type": "Feature", "properties": { "district": 1, "zonelabel": "C-3", "state_cd_clean": null, "use_desc": "Unknown", "targetlotarea": 5514, "existing_units": 0, "footprint_sqft": 0.0, "interior_sqft": 0.0, "coverage_pct": 0.0, "in_corridor": false, "in_historic": false, "context_type": "Suburban" }, "geometry": { "type": "Polygon", "coordinates": [ [ [ -106.557405501913479, 31.905367317933443 ], [ -106.557794998472787, 31.905456389553152 ], [ -106.557886122996265, 31.905477227774199 ], [ -106.557861217992837, 31.905315475579293 ], [ -106.557771715593589, 31.905311937319141 ], [ -106.55753675808964, 31.905302647492142 ], [ -106.557405501913479, 31.905367317933443 ] ] ] } },
{ "type": "Feature", "properties": { "district": 1, "zonelabel": "C-3", "state_cd_clean": null, "use_desc": "Unknown", "targetlotarea": 9471, "existing_units": 0, "footprint_sqft": 0.0, "interior_sqft": 0.0, "coverage_pct": 0.0, "in_corridor": false, "in_historic": false, "context_type": "Suburban" }, "geometry": { "type": "Polygon", "coordinates": [ [ [ -106.554893988214744, 31.905118606400283 ], [ -106.557257754879103, 31.905333529691401 ], [ -106.555124439923659, 31.905085831823307 ], [ -106.555055409305169, 31.905008434129154 ], [ -106.554895273630379, 31.904989444752946 ], [ -106.554894687524552, 31.905073360363801 ], [ -106.554894526454177, 31.905096315800613 ], [ -106.554893988214744, 31.905118606400283 ] ] ] } },
{ "type": "Feature", "properties": { "district": 1, "zonelabel": "C-3", "state_cd_clean": null, "use_desc": "Unknown", "targetlotarea": 347012, "existing_units": 0, "footprint_sqft": 0.0, "interior_sqft": 0.0, "coverage_pct": 0.0, "in_corridor": false, "in_historic": false, "context_type": "Suburban" }, "geometry": { "type": "Polygon", "coordinates": [ [ [ -106.554902062459504, 31.904018163155161 ], [ -106.554895273630379, 31.904989444752946 ], [ -106.555055409305169, 31.905008434129154 ], [ -106.555124439923659, 31.905085831823307 ], [ -106.557257754879103, 31.905333529691401 ], [ -106.557405501913479, 31.905367317933443 ], [ -106.55753675808964, 31.905302647492142 ], [ -106.557771715593589, 31.905311937319141 ], [ -106.557861217992837, 31.905315475579293 ], [ -106.557678932783986, 31.904286516968401 ], [ -106.557489618552324, 31.904243938592234 ], [ -106.554902062459504, 31.904018163155161 ] ] ] } },
{ "type": "Feature", "properties": { "district": 1, "zonelabel": "C-4", "state_cd_clean": null, "use_desc": "Unknown", "targetlotarea": 16, "existing_units": 0, "footprint_sqft": 0.0, "interior_sqft": 0.0, "coverage_pct": 0.0, "in_corridor": false, "in_historic": false, "context_type": "Suburban" }, "geometry": { "type": "Polygon", "coordinates": [ [ [ -106.571736848437652, 31.901669963729081 ], [ -106.571736986105392, 31.901690671371242 ], [ -106.571750569019386, 31.901679271293169 ], [ -106.571736848437652, 31.901669963729081 ] ] ] } },
{ "type": "Feature", "properties": { "district": 1, "zonelabel": "C-3", "state_cd_clean": null, "use_desc": "Unknown", "targetlotarea": 29459, "existing_units": 0, "footprint_sqft": 0.0, "interior_sqft": 0.0, "coverage_pct": 0.0, "in_corridor": false, "in_historic": false, "context_type": "Suburban" }, "geometry": { "type": "Polygon", "coordinates": [ [ [ -106.571761317067825, 31.891506726836699 ], [ -106.571758662098986, 31.890925590049132 ], [ -106.571730415693935, 31.890931535100144 ], [ -106.57123178548035, 31.891036486526829 ], [ -106.571389556514134, 31.891583171540049 ], [ -106.571761317067825, 31.891506726836699 ] ] ] } },
{ "type": "Feature", "properties": { "district": 1, "zonelabel": "R-3A", "state_cd_clean": null, "use_desc": "Unknown", "targetlotarea": 913052, "existing_units": 0, "footprint_sqft": 0.0, "interior_sqft": 0.0, "coverage_pct": 0.0, "in_corridor": false, "in_historic": false, "context_type": "Suburban" }, "geometry": { "type": "Polygon", "coordinates": [ [ [ -106.568252207513737, 31.910644953738533 ], [ -106.568252256975086, 31.911352027731589 ], [ -106.570417772641051, 31.911345010324162 ], [ -106.570434746218069, 31.912879130566754 ], [ -106.570435747935676, 31.912969700677287 ], [ -106.570435953535252, 31.912988290457534 ], [ -106.570699481935463, 31.912972446492425 ], [ -106.570814040821944, 31.912965558970786 ], [ -106.571422089376654, 31.912929000037465 ], [ -106.571762189001362, 31.912950946439498 ], [ -106.571762199735957, 31.9129409731894 ], [ -106.571762207325321, 31.912933783893241 ], [ -106.571762363688563, 31.912786302567145 ], [ -106.571762512720014, 31.912646818921399 ], [ -106.571762660636168, 31.912507334417317 ], [ -106.571762809666723, 31.912367850754606 ], [ -106.571762957522736, 31.912228365333224 ], [ -106.571763106493179, 31.912088880753195 ], [ -106.571763164780492, 31.912034000343532 ], [ -106.57176331468817, 31.911893999050008 ], [ -106.571763462365737, 31.911753996048205 ], [ -106.571763612213317, 31.911613993837275 ], [ -106.571774067464332, 31.911614001705807 ], [ -106.571774125757017, 31.911597317762531 ], [ -106.571778911408217, 31.910244927638324 ], [ -106.571786757519419, 31.908027752873934 ], [ -106.571724223351083, 31.908021818887132 ], [ -106.57080678621594, 31.907954423232862 ], [ -106.570495762415533, 31.907933245442997 ], [ -106.570486186258776, 31.910629013415043 ], [ -106.568252207513737, 31.910644953738533 ] ] ] } },
{ "type": "Feature", "properties": { "district": 1, "zonelabel": "C-4", "state_cd_clean": null, "use_desc": "Unknown", "targetlotarea": 1390458, "existing_units": 0, "footprint_sqft": 0.0, "interior_sqft": 0.0, "coverage_pct": 0.0, "in_corridor": false, "in_historic": false, "context_type": "Suburban" }, "geometry": { "type": "Polygon", "coordinates": [ [ [ -106.566164330330039, 31.91065981733567 ], [ -106.568252207513737, 31.910644953738533 ], [ -106.570486186258776, 31.910629013415043 ], [ -106.570495762415533, 31.907933245442997 ], [ -106.568119510437342, 31.907771420797069 ], [ -106.567275617158003, 31.907704594996726 ], [ -106.566695185509047, 31.907647695473504 ], [ -106.566393360802223, 31.907811886160772 ], [ -106.566180022786156, 31.907781355307115 ], [ -106.5661801889879, 31.907392252770141 ], [ -106.566176088408895, 31.907391792303386 ], [ -106.566164330330039, 31.91065981733567 ] ] ] } },
{ "type": "Feature", "properties": { "district": 1, "zonelabel": "C-4", "state_cd_clean": null, "use_desc": "Unknown", "targetlotarea": 83154, "existing_units": 0, "footprint_sqft": 0.0, "interior_sqft": 0.0, "coverage_pct": 0.0, "in_corridor": false, "in_historic": false, "context_type": "Suburban" }, "geometry": { "type": "Polygon", "coordinates": [ [ [ -106.593270592112049, 31.87859819745599 ], [ -106.592893942696222, 31.878711721451669 ], [ -106.592953123923778, 31.878843755637206 ], [ -106.593015860065506, 31.87897458829444 ], [ -106.593036851705932, 31.879001370163298 ], [ -106.593062665430921, 31.879024885264087 ], [ -106.593092614223124, 31.879044508134054 ], [ -106.593125902463669, 31.879059716083962 ], [ -106.593161644063727, 31.879070107295142 ], [ -106.593198890079421, 31.879075402202449 ], [ -106.593236649073617, 31.879075463290768 ], [ -106.593273918297584, 31.879070286370528 ], [ -106.593309705509725, 31.879060010367613 ], [ -106.593820847799194, 31.878843565178123 ], [ -106.593890612484017, 31.878665917471075 ], [ -106.593585075078479, 31.877881721584693 ], [ -106.593052703004744, 31.878030774834095 ], [ -106.592530264186891, 31.878173673158472 ], [ -106.59252231501344, 31.878175847306228 ], [ -106.592521969794603, 31.87817594157962 ], [ -106.592538720297611, 31.878214795412397 ], [ -106.592539657135802, 31.87821453902 ], [ -106.59254760736728, 31.878212364820524 ], [ -106.593067796302634, 31.878070082221235 ], [ -106.593270592112049, 31.87859819745599 ] ] ] } },
{ "type": "Feature", "properties": { "district": 1, "zonelabel": "C-4", "state_cd_clean": null, "use_desc": "Unknown", "targetlotarea": 22447, "existing_units": 0, "footprint_sqft": 0.0, "interior_sqft": 0.0, "coverage_pct": 0.0, "in_corridor": false, "in_historic": false, "context_type": "Suburban" }, "geometry": { "type": "Polygon", "coordinates": [ [ [ -106.584072236322825, 31.891413297800643 ], [ -106.584142631533652, 31.891413312979999 ], [ -106.584142656370716, 31.891332212607498 ], [ -106.584142699168567, 31.891191505252653 ], [ -106.584142734117179, 31.891076435492131 ], [ -106.584142777592987, 31.89093418080499 ], [ -106.58399743174634, 31.891024950671792 ], [ -106.583848566757013, 31.891111468688774 ], [ -106.583696352944685, 31.891193636345431 ], [ -106.583540963975324, 31.891271357681287 ], [ -106.583382578272705, 31.891344544637406 ], [ -106.583382461231409, 31.891413142872587 ], [ -106.583391072866263, 31.891413145134891 ], [ -106.58339142754096, 31.891413145277461 ], [ -106.584072236322825, 31.891413297800643 ] ] ] } },
{ "type": "Feature", "properties": { "district": 1, "zonelabel": "C-4", "state_cd_clean": null, "use_desc": "Unknown", "targetlotarea": 565, "existing_units": 0, "footprint_sqft": 0.0, "interior_sqft": 0.0, "coverage_pct": 0.0, "in_corridor": false, "in_historic": false, "context_type": "Suburban" }, "geometry": { "type": "Polygon", "coordinates": [ [ [ -106.559334408768251, 31.815974287105384 ], [ -106.559562309055281, 31.816192758612122 ], [ -106.559581689527235, 31.81617827503047 ], [ -106.559471614665512, 31.816072755193531 ], [ -106.55944559735002, 31.816070586410945 ], [ -106.559340440047393, 31.815969780263725 ], [ -106.559334408768251, 31.815974287105384 ] ] ] } },
{ "type": "Feature", "properties": { "district": 1, "zonelabel": "C-4", "state_cd_clean": null, "use_desc": "Unknown", "targetlotarea": 78869, "existing_units": 0, "footprint_sqft": 0.0, "interior_sqft": 0.0, "coverage_pct": 0.0, "in_corridor": false, "in_historic": false, "context_type": "Suburban" }, "geometry": { "type": "Polygon", "coordinates": [ [ [ -106.57458416130487, 31.836355544472386 ], [ -106.574176285579654, 31.836593949619044 ], [ -106.574616377941936, 31.837675558615405 ], [ -106.574027148568675, 31.837871387223423 ], [ -106.574025067355024, 31.837957872654105 ], [ -106.574893053068124, 31.837694057281517 ], [ -106.574900876325657, 31.837691656117887 ], [ -106.574901573968759, 31.837676898365302 ], [ -106.574901826989986, 31.837671545162486 ], [ -106.574936482342551, 31.836938448413079 ], [ -106.574936846266297, 31.836886905375323 ], [ -106.574933071174968, 31.836835462343146 ], [ -106.574925175061992, 31.836784360531848 ], [ -106.574629448271409, 31.836412491618525 ], [ -106.574589458229298, 31.836362205080359 ], [ -106.57458416130487, 31.836355544472386 ] ] ] } },
{ "type": "Feature", "properties": { "district": 1, "zonelabel": "C-4", "state_cd_clean": null, "use_desc": "Unknown", "targetlotarea": 160320, "existing_units": 0, "footprint_sqft": 0.0, "interior_sqft": 0.0, "coverage_pct": 0.0, "in_corridor": false, "in_historic": false, "context_type": "Suburban" }, "geometry": { "type": "Polygon", "coordinates": [ [ [ -106.574900876325657, 31.837691656117887 ], [ -106.574893053068124, 31.837694057281517 ], [ -106.574025067355024, 31.837957872654105 ], [ -106.573755845704, 31.838042198649795 ], [ -106.573988855398682, 31.838600895356887 ], [ -106.574131949849445, 31.838557083956488 ], [ -106.574169203886669, 31.838550041742689 ], [ -106.574204494876028, 31.83853765591493 ], [ -106.574236778157598, 31.83852029180203 ], [ -106.574265099307382, 31.83849846396426 ], [ -106.57428862137283, 31.83847281591855 ], [ -106.574300970382268, 31.838449701592143 ], [ -106.574317453485605, 31.83842855059746 ], [ -106.574337654992661, 31.838409895923231 ], [ -106.574361063183446, 31.838394210126477 ], [ -106.57438708828731, 31.838381889114832 ], [ -106.574415070387985, 31.838373243638504 ], [ -106.574444305437311, 31.838368492623598 ], [ -106.574474051168778, 31.838367756565205 ], [ -106.574503558622155, 31.838371054210228 ], [ -106.574532081576677, 31.838378301201423 ], [ -106.574558898060928, 31.838389315368861 ], [ -106.574581456451639, 31.838402657290423 ], [ -106.574601462295632, 31.838418695025098 ], [ -106.574618475602648, 31.838437077520378 ], [ -106.574632125962097, 31.8384574016108 ], [ -106.574642114308801, 31.838479222772481 ], [ -106.575643730856115, 31.838672921568314 ], [ -106.575641328375127, 31.838278792933384 ], [ -106.575641327818374, 31.838278752312682 ], [ -106.575636521921282, 31.837490415409999 ], [ -106.57562570386817, 31.837482422611625 ], [ -106.575614849232068, 31.83747440446842 ], [ -106.574900794348366, 31.83769338530568 ], [ -106.574900876325657, 31.837691656117887 ] ] ] } },
{ "type": "Feature", "properties": { "district": 1, "zonelabel": "C-3", "state_cd_clean": null, "use_desc": "Unknown", "targetlotarea": 27477, "existing_units": 0, "footprint_sqft": 0.0, "interior_sqft": 0.0, "coverage_pct": 0.0, "in_corridor": false, "in_historic": false, "context_type": "Suburban" }, "geometry": { "type": "Polygon", "coordinates": [ [ [ -106.575802078549813, 31.837167994067681 ], [ -106.575895804737513, 31.837315316605711 ], [ -106.575896420521261, 31.83731493028052 ], [ -106.577098515007066, 31.836623274080949 ], [ -106.576985492543713, 31.836481710400069 ], [ -106.57661956055739, 31.836694284045013 ], [ -106.576586379968674, 31.836713931072811 ], [ -106.575808302249911, 31.837164295670576 ], [ -106.575802078549813, 31.837167994067681 ] ] ] } },
{ "type": "Feature", "properties": { "district": 1, "zonelabel": "C-4", "state_cd_clean": null, "use_desc": "Unknown", "targetlotarea": 451824, "existing_units": 0, "footprint_sqft": 0.0, "interior_sqft": 0.0, "coverage_pct": 0.0, "in_corridor": false, "in_historic": false, "context_type": "Suburban" }, "geometry": { "type": "Polygon", "coordinates": [ [ [ -106.575896420521261, 31.83731493028052 ], [ -106.575895804737513, 31.837315316605711 ], [ -106.57589578911734, 31.837315352582589 ], [ -106.575895245946896, 31.837315668582992 ], [ -106.575895218416179, 31.837315684355698 ], [ -106.575655065645648, 31.83745538591802 ], [ -106.575630759378441, 31.837469525275147 ], [ -106.575614849232068, 31.83747440446842 ], [ -106.57562570386817, 31.837482422611625 ], [ -106.575636521921282, 31.837490415409999 ], [ -106.575641327818374, 31.838278752312682 ], [ -106.575641328375127, 31.838278792933384 ], [ -106.575643730856115, 31.838672921568314 ], [ -106.575837127300659, 31.838713607483506 ], [ -106.576733070757541, 31.838819853918352 ], [ -106.576842472168266, 31.838832827617818 ], [ -106.57841954098879, 31.838534031204457 ], [ -106.5782952826913, 31.838332037300781 ], [ -106.578167015958442, 31.838131878648216 ], [ -106.578034776303952, 31.837933612245482 ], [ -106.57788910836581, 31.837704604625088 ], [ -106.577736868395505, 31.837478733957852 ], [ -106.577578149056635, 31.837256137592703 ], [ -106.577413047109957, 31.83703695087473 ], [ -106.577313392831016, 31.8368978977376 ], [ -106.577312521311882, 31.836896681277111 ], [ -106.577267585107478, 31.836836652437981 ], [ -106.5772482335436, 31.836810800315529 ], [ -106.577098515007066, 31.836623274080949 ], [ -106.575896420521261, 31.83731493028052 ] ] ] } },
{ "type": "Feature", "properties": { "district": 1, "zonelabel": "C-4", "state_cd_clean": null, "use_desc": "Unknown", "targetlotarea": 64214, "existing_units": 0, "footprint_sqft": 0.0, "interior_sqft": 0.0, "coverage_pct": 0.0, "in_corridor": false, "in_historic": false, "context_type": "Suburban" }, "geometry": { "type": "Polygon", "coordinates": [ [ [ -106.574598500675492, 31.836373576438934 ], [ -106.574925175061992, 31.836784360531848 ], [ -106.574933071174968, 31.836835462343146 ], [ -106.574936846266297, 31.836886905375323 ], [ -106.574936482342551, 31.836938448413079 ], [ -106.574901826989986, 31.837671545162486 ], [ -106.574901573968759, 31.837676898365302 ], [ -106.574900876325657, 31.837691656117887 ], [ -106.574900794348366, 31.83769338530568 ], [ -106.575614849232068, 31.83747440446842 ], [ -106.575630759378441, 31.837469525275147 ], [ -106.575655065645648, 31.83745538591802 ], [ -106.575895245946896, 31.837315668582992 ], [ -106.575895804737513, 31.837315316605711 ], [ -106.575802078549813, 31.837167994067681 ], [ -106.57567418779287, 31.836966978728281 ], [ -106.575381591584488, 31.837137158381825 ], [ -106.574833974946387, 31.836499961479412 ], [ -106.574807429696762, 31.836515400375909 ], [ -106.574664973968694, 31.836334901293945 ], [ -106.574598500675492, 31.836373576438934 ] ] ] } },
{ "type": "Feature", "properties": { "district": 1, "zonelabel": "C-3", "state_cd_clean": null, "use_desc": "Unknown", "targetlotarea": 88468, "existing_units": 0, "footprint_sqft": 0.0, "interior_sqft": 0.0, "coverage_pct": 0.0, "in_corridor": false, "in_historic": false, "context_type": "Suburban" }, "geometry": { "type": "Polygon", "coordinates": [ [ [ -106.575043705112535, 31.83609995958799 ], [ -106.575432428322401, 31.836586957474726 ], [ -106.575802078549813, 31.837167994067681 ], [ -106.575808302249911, 31.837164295670576 ], [ -106.576586379968674, 31.836713931072811 ], [ -106.576306854309408, 31.836361998040495 ], [ -106.576042342713833, 31.83603249359151 ], [ -106.57540469669253, 31.836405211192787 ], [ -106.575396716553371, 31.83639570660074 ], [ -106.575128852760812, 31.836060184592583 ], [ -106.575123412370857, 31.836053370100799 ], [ -106.575113938646197, 31.83605890711646 ], [ -106.57506169985561, 31.836089441601541 ], [ -106.575043705112535, 31.83609995958799 ] ] ] } },
{ "type": "Feature", "properties": { "district": 1, "zonelabel": "C-3", "state_cd_clean": null, "use_desc": "Unknown", "targetlotarea": 0, "existing_units": 0, "footprint_sqft": 0.0, "interior_sqft": 0.0, "coverage_pct": 0.0, "in_corridor": false, "in_historic": false, "context_type": "Suburban" }, "geometry": { "type": "Polygon", "coordinates": [ [ [ -106.575895804737513, 31.837315316605711 ], [ -106.575895218416179, 31.837315684355698 ], [ -106.57589578911734, 31.837315352582589 ], [ -106.575895804737513, 31.837315316605711 ] ] ] } },
{ "type": "Feature", "properties": { "district": 1, "zonelabel": "C-4", "state_cd_clean": null, "use_desc": "Unknown", "targetlotarea": 47859, "existing_units": 0, "footprint_sqft": 0.0, "interior_sqft": 0.0, "coverage_pct": 0.0, "in_corridor": false, "in_historic": false, "context_type": "Suburban" }, "geometry": { "type": "Polygon", "coordinates": [ [ [ -106.574664973968694, 31.836334901293945 ], [ -106.574807429696762, 31.836515400375909 ], [ -106.574833974946387, 31.836499961479412 ], [ -106.575381591584488, 31.837137158381825 ], [ -106.57567418779287, 31.836966978728281 ], [ -106.575432428322401, 31.836586957474726 ], [ -106.57505165592508, 31.836109919954321 ], [ -106.574664973968694, 31.836334901293945 ] ] ] } },
{ "type": "Feature", "properties": { "district": 1, "zonelabel": "C-4", "state_cd_clean": null, "use_desc": "Unknown", "targetlotarea": 852, "existing_units": 0, "footprint_sqft": 0.0, "interior_sqft": 0.0, "coverage_pct": 0.0, "in_corridor": false, "in_historic": false, "context_type": "Suburban" }, "geometry": { "type": "Polygon", "coordinates": [ [ [ -106.57467333219266, 31.83631340541989 ], [ -106.574655977323502, 31.836323502451847 ], [ -106.574589458229298, 31.836362205080359 ], [ -106.574598500675492, 31.836373576438934 ], [ -106.574664973968694, 31.836334901293945 ], [ -106.57505165592508, 31.836109919954321 ], [ -106.575048581677862, 31.836106068561346 ], [ -106.575043705112535, 31.83609995958799 ], [ -106.575042590019805, 31.836098562395311 ], [ -106.57467333219266, 31.83631340541989 ] ] ] } },
{ "type": "Feature", "properties": { "district": 1, "zonelabel": "R-3A", "state_cd_clean": null, "use_desc": "Unknown", "targetlotarea": 16396, "existing_units": 0, "footprint_sqft": 0.0, "interior_sqft": 0.0, "coverage_pct": 0.0, "in_corridor": false, "in_historic": false, "context_type": "Suburban" }, "geometry": { "type": "Polygon", "coordinates": [ [ [ -106.594266008012099, 31.892340128811909 ], [ -106.594266128794331, 31.892445795864294 ], [ -106.594266243395296, 31.892545437535155 ], [ -106.594298913576608, 31.892545279812783 ], [ -106.594488934640793, 31.892544361592126 ], [ -106.594489046413614, 31.891894271558776 ], [ -106.594288856001228, 31.891894025705021 ], [ -106.594288852522268, 31.891893876833652 ], [ -106.594265496446269, 31.891893847885097 ], [ -106.594266008012099, 31.892340128811909 ] ] ] } },
{ "type": "Feature", "properties": { "district": 1, "zonelabel": "R-3", "state_cd_clean": null, "use_desc": "Unknown", "targetlotarea": 351076, "existing_units": 0, "footprint_sqft": 0.0, "interior_sqft": 0.0, "coverage_pct": 0.0, "in_corridor": false, "in_historic": false, "context_type": "Suburban" }, "geometry": { "type": "Polygon", "coordinates": [ [ [ -106.594266617638482, 31.892872702768678 ], [ -106.594299401333174, 31.892872546821234 ], [ -106.597636409808828, 31.892856620258787 ], [ -106.597595034909787, 31.892652372997429 ], [ -106.597541924531484, 31.892254935148603 ], [ -106.597496897523115, 31.891856770647291 ], [ -106.594489046413614, 31.891894271558776 ], [ -106.594488934640793, 31.892544361592126 ], [ -106.594298913576608, 31.892545279812783 ], [ -106.594266243395296, 31.892545437535155 ], [ -106.594266617638482, 31.892872702768678 ] ] ] } },
{ "type": "Feature", "properties": { "district": 1, "zonelabel": "R-3", "state_cd_clean": null, "use_desc": "Unknown", "targetlotarea": 809196, "existing_units": 0, "footprint_sqft": 0.0, "interior_sqft": 0.0, "coverage_pct": 0.0, "in_corridor": false, "in_historic": false, "context_type": "Suburban" }, "geometry": { "type": "Polygon", "coordinates": [ [ [ -106.594268226848854, 31.894278162239416 ], [ -106.59426899464323, 31.894948438734762 ], [ -106.594318655472776, 31.894948202309731 ], [ -106.598231162183851, 31.894929522472566 ], [ -106.597961439207353, 31.894029063341193 ], [ -106.597877109449954, 31.893756693978965 ], [ -106.597816229399896, 31.893563995602396 ], [ -106.597760028782901, 31.8933702655182 ], [ -106.597708530986935, 31.893175585706299 ], [ -106.597661757407721, 31.892980040048744 ], [ -106.594299638318091, 31.892996084759659 ], [ -106.594266759359044, 31.892996241671245 ], [ -106.594268226848854, 31.894278162239416 ] ] ] } },
{ "type": "Feature", "properties": { "district": 1, "zonelabel": "R-3", "state_cd_clean": null, "use_desc": "Unknown", "targetlotarea": 315674, "existing_units": 0, "footprint_sqft": 0.0, "interior_sqft": 0.0, "coverage_pct": 0.0, "in_corridor": false, "in_historic": false, "context_type": "Suburban" }, "geometry": { "type": "Polygon", "coordinates": [ [ [ -106.594269888252342, 31.895728433736235 ], [ -106.594329336718758, 31.8957281504909 ], [ -106.59595628738893, 31.895720397192321 ], [ -106.598437138797593, 31.895708534800143 ], [ -106.598259278988806, 31.895023931530005 ], [ -106.594319946072574, 31.895042740817775 ], [ -106.594269102923988, 31.895042982586276 ], [ -106.594269888252342, 31.895728433736235 ] ] ] } },
{ "type": "Feature", "properties": { "district": 1, "zonelabel": "C-3", "state_cd_clean": null, "use_desc": "Unknown", "targetlotarea": 16894, "existing_units": 0, "footprint_sqft": 0.0, "interior_sqft": 0.0, "coverage_pct": 0.0, "in_corridor": false, "in_historic": false, "context_type": "Suburban" }, "geometry": { "type": "Polygon", "coordinates": [ [ [ -106.579329361620822, 31.840544384545058 ], [ -106.579329383050407, 31.840544436810195 ], [ -106.579003490200549, 31.84065803627033 ], [ -106.579113952966125, 31.840688055372745 ], [ -106.579048861436775, 31.840940142256205 ], [ -106.579380241345916, 31.841015637892738 ], [ -106.579402303779844, 31.841018727147961 ], [ -106.57942466137041, 31.841018553150725 ], [ -106.579446654315589, 31.841015123171072 ], [ -106.579467638354245, 31.841008535867779 ], [ -106.579486995729539, 31.84099898708568 ], [ -106.579504158560283, 31.840986755184748 ], [ -106.579515721205851, 31.840966978648229 ], [ -106.57950949711821, 31.840935511759351 ], [ -106.579454088522553, 31.840815206415094 ], [ -106.579347701020865, 31.840541489382712 ], [ -106.579346498325663, 31.840538329617509 ], [ -106.579329361620822, 31.840544384545058 ] ] ] } },
{ "type": "Feature", "properties": { "district": 1, "zonelabel": "C-4", "state_cd_clean": null, "use_desc": "Unknown", "targetlotarea": 275070, "existing_units": 0, "footprint_sqft": 0.0, "interior_sqft": 0.0, "coverage_pct": 0.0, "in_corridor": false, "in_historic": false, "context_type": "Suburban" }, "geometry": { "type": "Polygon", "coordinates": [ [ [ -106.573991536876889, 31.907521585366446 ], [ -106.575368104991099, 31.907649597152464 ], [ -106.575811985673539, 31.907356773655692 ], [ -106.575896953096859, 31.906883862967902 ], [ -106.57590740513902, 31.90682568868797 ], [ -106.575954587313248, 31.906436503348804 ], [ -106.575954607131791, 31.906436338007587 ], [ -106.575954814106126, 31.906427566562314 ], [ -106.575953383246215, 31.906418879022862 ], [ -106.575950350250125, 31.906410495878113 ], [ -106.575945792740853, 31.906402631091456 ], [ -106.57593982662506, 31.906395485049536 ], [ -106.575932603626427, 31.906389239260683 ], [ -106.575924307941094, 31.906384053805802 ], [ -106.575915150426198, 31.90638005948724 ], [ -106.575905365492716, 31.906377358881283 ], [ -106.575833435153456, 31.906360563960792 ], [ -106.575763014821206, 31.906339621178525 ], [ -106.575694434968611, 31.906314628510778 ], [ -106.575628013531102, 31.90628570260025 ], [ -106.575567449275241, 31.906259727822381 ], [ -106.575504628668753, 31.906237998924823 ], [ -106.57543996218692, 31.906220655207434 ], [ -106.575373867147334, 31.906207811254962 ], [ -106.575306774624451, 31.906199549380158 ], [ -106.574253116107812, 31.90610658890456 ], [ -106.574253033902437, 31.906107350669195 ], [ -106.574213035193381, 31.906105015321749 ], [ -106.574144475958761, 31.906670440679189 ], [ -106.573991536876889, 31.907521585366446 ] ] ] } },
{ "type": "Feature", "properties": { "district": 1, "zonelabel": "C-3", "state_cd_clean": null, "use_desc": "Unknown", "targetlotarea": 255365, "existing_units": 0, "footprint_sqft": 0.0, "interior_sqft": 0.0, "coverage_pct": 0.0, "in_corridor": false, "in_historic": false, "context_type": "Suburban" }, "geometry": { "type": "Polygon", "coordinates": [ [ [ -106.577977083360736, 31.840707705261355 ], [ -106.578303455625246, 31.840771181808009 ], [ -106.578459334324691, 31.840806775517361 ], [ -106.578935265043057, 31.840914378826586 ], [ -106.579003490200549, 31.84065803627033 ], [ -106.579329383050407, 31.840544436810195 ], [ -106.579329361620822, 31.840544384545058 ], [ -106.579346498325663, 31.840538329617509 ], [ -106.579274861828083, 31.84035366482761 ], [ -106.579200782149229, 31.840169703449721 ], [ -106.579176911683916, 31.840177013632566 ], [ -106.579024931786975, 31.840223559308068 ], [ -106.578757773584741, 31.840338945959452 ], [ -106.57861284741108, 31.840094415943643 ], [ -106.578640143378365, 31.840082626568876 ], [ -106.578420147642319, 31.839711434545382 ], [ -106.578901300338302, 31.839503623037366 ], [ -106.578905659630081, 31.839501740111885 ], [ -106.578876618043708, 31.83944074232971 ], [ -106.578863950072972, 31.839408468122414 ], [ -106.578582048978319, 31.839532387883359 ], [ -106.577852399773079, 31.83985312598838 ], [ -106.577543500302227, 31.839988910417336 ], [ -106.577245679126534, 31.839495173506716 ], [ -106.577097790253632, 31.839538488426594 ], [ -106.576952733845928, 31.839588298266637 ], [ -106.576884464882667, 31.839620676232339 ], [ -106.576820026091326, 31.839658340694847 ], [ -106.576759974702995, 31.839700964142533 ], [ -106.576704835572954, 31.839748177259832 ], [ -106.576655085240731, 31.839799567885375 ], [ -106.576611158910524, 31.839854690612729 ], [ -106.576573436679467, 31.839913066547314 ], [ -106.576542245884326, 31.839974186807034 ], [ -106.576517859583817, 31.840037521627103 ], [ -106.576500488060603, 31.840102519864406 ], [ -106.576468168841572, 31.840211594927872 ], [ -106.576437907262175, 31.840321098805013 ], [ -106.576433200406186, 31.840331609239101 ], [ -106.576430535382315, 31.840342628749532 ], [ -106.576429981132023, 31.840353870401604 ], [ -106.576431553323516, 31.840365041685789 ], [ -106.576435209551704, 31.840375851974514 ], [ -106.576440855086247, 31.840386019472479 ], [ -106.576448342409194, 31.840395280271569 ], [ -106.576457477721434, 31.840403390748801 ], [ -106.576468021891046, 31.840410141973258 ], [ -106.576479701937373, 31.840415357348668 ], [ -106.576492211623744, 31.840418901618015 ], [ -106.577977083360736, 31.840707705261355 ] ] ] } },
{ "type": "Feature", "properties": { "district": 1, "zonelabel": "C-4", "state_cd_clean": null, "use_desc": "Unknown", "targetlotarea": 28674, "existing_units": 0, "footprint_sqft": 0.0, "interior_sqft": 0.0, "coverage_pct": 0.0, "in_corridor": false, "in_historic": false, "context_type": "Suburban" }, "geometry": { "type": "Polygon", "coordinates": [ [ [ -106.584296229130345, 31.909108479946124 ], [ -106.584922719403096, 31.909109976854349 ], [ -106.584924373434831, 31.908717866572584 ], [ -106.58492448766026, 31.908690907106347 ], [ -106.584924498293063, 31.908688499425811 ], [ -106.58438754111512, 31.908688425888048 ], [ -106.584252979163665, 31.909106918730778 ], [ -106.584252682072233, 31.909108290575382 ], [ -106.584296229130345, 31.909108479946124 ] ] ] } },
{ "type": "Feature", "properties": { "district": 1, "zonelabel": "C-4", "state_cd_clean": null, "use_desc": "Unknown", "targetlotarea": 749, "existing_units": 0, "footprint_sqft": 0.0, "interior_sqft": 0.0, "coverage_pct": 0.0, "in_corridor": false, "in_historic": false, "context_type": "Suburban" }, "geometry": { "type": "Polygon", "coordinates": [ [ [ -106.584924498293063, 31.908688499425811 ], [ -106.58492448766026, 31.908690907106347 ], [ -106.584924373434831, 31.908717866572584 ], [ -106.585153519063439, 31.908716942167946 ], [ -106.58515381691754, 31.908716015587803 ], [ -106.585154349659007, 31.908688531114816 ], [ -106.584924498293063, 31.908688499425811 ] ] ] } },
{ "type": "Feature", "properties": { "district": 1, "zonelabel": "C-3", "state_cd_clean": null, "use_desc": "Unknown", "targetlotarea": 36517, "existing_units": 0, "footprint_sqft": 0.0, "interior_sqft": 0.0, "coverage_pct": 0.0, "in_corridor": false, "in_historic": false, "context_type": "Suburban" }, "geometry": { "type": "Polygon", "coordinates": [ [ [ -106.578862408239445, 31.839520421095806 ], [ -106.578420147642319, 31.839711434545382 ], [ -106.578640143378365, 31.840082626568876 ], [ -106.57861284741108, 31.840094415943643 ], [ -106.578757773584741, 31.840338945959452 ], [ -106.579024931786975, 31.840223559308068 ], [ -106.579155316903595, 31.840183627492806 ], [ -106.579061672565231, 31.839961284207124 ], [ -106.578964028118222, 31.839740197739697 ], [ -106.578862408239445, 31.839520421095806 ] ] ] } },
{ "type": "Feature", "properties": { "district": 1, "zonelabel": "C-3", "state_cd_clean": null, "use_desc": "Unknown", "targetlotarea": 3881, "existing_units": 0, "footprint_sqft": 0.0, "interior_sqft": 0.0, "coverage_pct": 0.0, "in_corridor": false, "in_historic": false, "context_type": "Suburban" }, "geometry": { "type": "Polygon", "coordinates": [ [ [ -106.578862408239445, 31.839520421095806 ], [ -106.578964028118222, 31.839740197739697 ], [ -106.579061672565231, 31.839961284207124 ], [ -106.579155316903595, 31.840183627492806 ], [ -106.579176911683916, 31.840177013632566 ], [ -106.579200782149229, 31.840169703449721 ], [ -106.579106446115603, 31.839945759350321 ], [ -106.579008064400213, 31.839723086902158 ], [ -106.578905659630081, 31.839501740111885 ], [ -106.578901300338302, 31.839503623037366 ], [ -106.578862408239445, 31.839520421095806 ] ] ] } },
{ "type": "Feature", "properties": { "district": 1, "zonelabel": "C-4", "state_cd_clean": null, "use_desc": "Unknown", "targetlotarea": 170722, "existing_units": 0, "footprint_sqft": 0.0, "interior_sqft": 0.0, "coverage_pct": 0.0, "in_corridor": false, "in_historic": false, "context_type": "Urban" }, "geometry": { "type": "Polygon", "coordinates": [ [ [ -106.549613822176084, 31.811812928946921 ], [ -106.549219244927059, 31.812477325304165 ], [ -106.549454175969601, 31.812567414951729 ], [ -106.549738989684627, 31.812625941140098 ], [ -106.549733126235921, 31.812691723927454 ], [ -106.550159566599135, 31.813103949778593 ], [ -106.550448105439898, 31.813054198148311 ], [ -106.550366927422772, 31.812940090640225 ], [ -106.550557261900124, 31.81284135676087 ], [ -106.550652982784641, 31.812759159955423 ], [ -106.550696179880447, 31.812722066325112 ], [ -106.550879345026388, 31.812809040772294 ], [ -106.55106555764587, 31.812495162430455 ], [ -106.551029878717827, 31.812231451663138 ], [ -106.550972240904059, 31.812221922764085 ], [ -106.550875411395225, 31.812198782384367 ], [ -106.550781115346396, 31.812168973962155 ], [ -106.550689980484464, 31.812132697848511 ], [ -106.55060261393011, 31.812090195124142 ], [ -106.550519599093064, 31.812041748651222 ], [ -106.550381024702517, 31.811944159053493 ], [ -106.549814218828416, 31.811527211860959 ], [ -106.549787292472018, 31.811546423588652 ], [ -106.549613822176084, 31.811812928946921 ] ] ] } },
{ "type": "Feature", "properties": { "district": 1, "zonelabel": "C-4", "state_cd_clean": null, "use_desc": "Unknown", "targetlotarea": 135346, "existing_units": 0, "footprint_sqft": 0.0, "interior_sqft": 0.0, "coverage_pct": 0.0, "in_corridor": false, "in_historic": false, "context_type": "Urban" }, "geometry": { "type": "Polygon", "coordinates": [ [ [ -106.549732249320073, 31.811525048430852 ], [ -106.548075794742545, 31.812706886759386 ], [ -106.548584138749973, 31.813197852850038 ], [ -106.548716465580185, 31.813323898616009 ], [ -106.548912085116328, 31.813510230829873 ], [ -106.548944465446453, 31.813485806196461 ], [ -106.549059268818496, 31.813399211730356 ], [ -106.54935146208777, 31.813681665515652 ], [ -106.549960118075191, 31.813222558651368 ], [ -106.549552176487339, 31.812828215874799 ], [ -106.549733126235921, 31.812691723927454 ], [ -106.549738989684627, 31.812625941140098 ], [ -106.549454175969601, 31.812567414951729 ], [ -106.549219244927059, 31.812477325304165 ], [ -106.54902944454696, 31.812902225397938 ], [ -106.548507949836875, 31.812398560314563 ], [ -106.549732249320073, 31.811525048430852 ] ] ] } },
{ "type": "Feature", "properties": { "district": 1, "zonelabel": "C-4", "state_cd_clean": null, "use_desc": "Unknown", "targetlotarea": 61717, "existing_units": 0, "footprint_sqft": 0.0, "interior_sqft": 0.0, "coverage_pct": 0.0, "in_corridor": false, "in_historic": false, "context_type": "Urban" }, "geometry": { "type": "Polygon", "coordinates": [ [ [ -106.549733581216486, 31.811524097792649 ], [ -106.549732249320073, 31.811525048430852 ], [ -106.548507949836875, 31.812398560314563 ], [ -106.54902944454696, 31.812902225397938 ], [ -106.549219244927059, 31.812477325304165 ], [ -106.549613822176084, 31.811812928946921 ], [ -106.549787292472018, 31.811546423588652 ], [ -106.549814218828416, 31.811527211860959 ], [ -106.549772366499369, 31.811496424970709 ], [ -106.549733581216486, 31.811524097792649 ] ] ] } },
{ "type": "Feature", "properties": { "district": 1, "zonelabel": "C-4", "state_cd_clean": null, "use_desc": "Unknown", "targetlotarea": 1942565, "existing_units": 0, "footprint_sqft": 0.0, "interior_sqft": 0.0, "coverage_pct": 0.0, "in_corridor": false, "in_historic": false, "context_type": "Suburban" }, "geometry": { "type": "Polygon", "coordinates": [ [ [ -106.568121077810602, 31.903842411592745 ], [ -106.568217711166895, 31.903763061720113 ], [ -106.568270451900062, 31.903721870262569 ], [ -106.568310273195266, 31.903691520108858 ], [ -106.568309839512494, 31.90369110821074 ], [ -106.568301712671683, 31.90368339234681 ], [ -106.567891498008336, 31.903293910772309 ], [ -106.564775404609534, 31.90261390565658 ], [ -106.562274474549355, 31.903354673539805 ], [ -106.561969089085878, 31.904372911826272 ], [ -106.561473681369762, 31.906024681451573 ], [ -106.561473353012147, 31.906025775623277 ], [ -106.561505692486563, 31.906031512335279 ], [ -106.56257526673474, 31.906221217259333 ], [ -106.562669472735351, 31.906168520788743 ], [ -106.56352547105152, 31.906330013137197 ], [ -106.563526608747793, 31.906331534888327 ], [ -106.563586812268426, 31.906412055809902 ], [ -106.563743090979926, 31.906441836806415 ], [ -106.564253108687097, 31.906536797118559 ], [ -106.564764676174491, 31.906625484183753 ], [ -106.565277687425564, 31.906707881373571 ], [ -106.565792036363135, 31.906783971160834 ], [ -106.566081860613593, 31.906606975164586 ], [ -106.566270678450195, 31.906639220310865 ], [ -106.566286011084543, 31.906586437167011 ], [ -106.566307506608979, 31.906512434555101 ], [ -106.566339265781565, 31.906411219228694 ], [ -106.566362768971445, 31.906339457234569 ], [ -106.56639974384467, 31.906235357555499 ], [ -106.566424231919925, 31.906168301296546 ], [ -106.566469309046354, 31.90605487809627 ], [ -106.566491854930049, 31.905999011122677 ], [ -106.566565556147481, 31.905831743267772 ], [ -106.566355496273047, 31.9057609988729 ], [ -106.566417226482073, 31.905632464212577 ], [ -106.566482206860911, 31.905505099957907 ], [ -106.566688111389553, 31.905584234507874 ], [ -106.56678480538713, 31.905409422498948 ], [ -106.566888182715743, 31.905237415812369 ], [ -106.566873988419246, 31.905242674492701 ], [ -106.566858992573614, 31.905245936512355 ], [ -106.566843579350547, 31.90524711845416 ], [ -106.56682814169271, 31.905246189773067 ], [ -106.566813076036169, 31.90524317304849 ], [ -106.56679876559943, 31.905238147493883 ], [ -106.566430649579189, 31.905078400243454 ], [ -106.566583258116339, 31.904822497564417 ], [ -106.566532517931762, 31.904812748784344 ], [ -106.566481189319276, 31.904805580715145 ], [ -106.566470325610879, 31.904803503696421 ], [ -106.566460042065216, 31.904799863397706 ], [ -106.566450647499138, 31.904794766981052 ], [ -106.566442421964794, 31.904788367243892 ], [ -106.566435608827959, 31.904780854869095 ], [ -106.566430414531268, 31.904772454822787 ], [ -106.566426991113914, 31.904763418159028 ], [ -106.566425443008129, 31.9047540126614 ], [ -106.566419957405756, 31.904698685734996 ], [ -106.56641041639682, 31.90464376059866 ], [ -106.566396857537242, 31.904589454040437 ], [ -106.56642333681296, 31.904583476619489 ], [ -106.566417781898267, 31.90456366595194 ], [ -106.566416264261136, 31.904543338744475 ], [ -106.56641882813345, 31.904523087216905 ], [ -106.566425397062744, 31.904503503943832 ], [ -106.566435781113313, 31.904485162541768 ], [ -106.56644967550514, 31.904468596959983 ], [ -106.566466674798846, 31.904454291769103 ], [ -106.566486281389501, 31.904442666399977 ], [ -106.566507922502808, 31.904434059878344 ], [ -106.566899276244655, 31.904318021118659 ], [ -106.566918935518245, 31.904364569484922 ], [ -106.567114831866093, 31.904304360486417 ], [ -106.567095230633868, 31.904251434249606 ], [ -106.566784751114142, 31.903431986618511 ], [ -106.566781488512589, 31.903420725695558 ], [ -106.566780108111843, 31.903409185023833 ], [ -106.566780637675222, 31.90339759360289 ], [ -106.566783066849467, 31.903386180449697 ], [ -106.566812965357215, 31.903286239796625 ], [ -106.567489693681807, 31.903433651064194 ], [ -106.567561088652695, 31.90345196189514 ], [ -106.567630428164193, 31.903475323565296 ], [ -106.567697221764249, 31.903503571675394 ], [ -106.567760998855249, 31.9035365056498 ], [ -106.567821306878827, 31.903573893339885 ], [ -106.567877720815005, 31.903615470568827 ], [ -106.567929841189738, 31.903660943033845 ], [ -106.568106781842644, 31.90382884618975 ], [ -106.568121077810602, 31.903842411592745 ] ] ] } },
{ "type": "Feature", "properties": { "district": 1, "zonelabel": "C-4", "state_cd_clean": null, "use_desc": "Unknown", "targetlotarea": 64191, "existing_units": 0, "footprint_sqft": 0.0, "interior_sqft": 0.0, "coverage_pct": 0.0, "in_corridor": false, "in_historic": false, "context_type": "Suburban" }, "geometry": { "type": "Polygon", "coordinates": [ [ [ -106.566507922502808, 31.904434059878344 ], [ -106.566486281389501, 31.904442666399977 ], [ -106.566466674798846, 31.904454291769103 ], [ -106.56644967550514, 31.904468596959983 ], [ -106.566435781113313, 31.904485162541768 ], [ -106.566425397062744, 31.904503503943832 ], [ -106.56641882813345, 31.904523087216905 ], [ -106.566416264261136, 31.904543338744475 ], [ -106.566417781898267, 31.90456366595194 ], [ -106.56642333681296, 31.904583476619489 ], [ -106.566396857537242, 31.904589454040437 ], [ -106.56641041639682, 31.90464376059866 ], [ -106.566419957405756, 31.904698685734996 ], [ -106.566425443008129, 31.9047540126614 ], [ -106.566426991113914, 31.904763418159028 ], [ -106.566430414531268, 31.904772454822787 ], [ -106.566435608827959, 31.904780854869095 ], [ -106.566442421964794, 31.904788367243892 ], [ -106.566450647499138, 31.904794766981052 ], [ -106.566460042065216, 31.904799863397706 ], [ -106.566470325610879, 31.904803503696421 ], [ -106.566481189319276, 31.904805580715145 ], [ -106.566532517931762, 31.904812748784344 ], [ -106.566583258116339, 31.904822497564417 ], [ -106.566430649579189, 31.905078400243454 ], [ -106.56679876559943, 31.905238147493883 ], [ -106.566813076036169, 31.90524317304849 ], [ -106.56682814169271, 31.905246189773067 ], [ -106.566843579350547, 31.90524711845416 ], [ -106.566858992573614, 31.905245936512355 ], [ -106.566873988419246, 31.905242674492701 ], [ -106.566888182715743, 31.905237415812369 ], [ -106.566984411314124, 31.905089351126183 ], [ -106.567085766447647, 31.904943796829041 ], [ -106.56715350380432, 31.904851727351694 ], [ -106.567268613570249, 31.904703689195617 ], [ -106.567374400326102, 31.904576459872313 ], [ -106.567385814009583, 31.904562732577272 ], [ -106.567382693869149, 31.904562285751311 ], [ -106.567278426543112, 31.904549322575299 ], [ -106.56720489771628, 31.904517606521171 ], [ -106.567114831866093, 31.904304360486417 ], [ -106.566918935518245, 31.904364569484922 ], [ -106.566899276244655, 31.904318021118659 ], [ -106.566507922502808, 31.904434059878344 ] ] ] } },
{ "type": "Feature", "properties": { "district": 1, "zonelabel": "C-4", "state_cd_clean": null, "use_desc": "Unknown", "targetlotarea": 28213, "existing_units": 0, "footprint_sqft": 0.0, "interior_sqft": 0.0, "coverage_pct": 0.0, "in_corridor": false, "in_historic": false, "context_type": "Suburban" }, "geometry": { "type": "Polygon", "coordinates": [ [ [ -106.57336541526557, 31.881165739075659 ], [ -106.57427735031132, 31.881936472031754 ], [ -106.573914816751028, 31.881082151681433 ], [ -106.57336541526557, 31.881165739075659 ] ] ] } },
{ "type": "Feature", "properties": { "district": 1, "zonelabel": "C-4", "state_cd_clean": null, "use_desc": "Unknown", "targetlotarea": 189740, "existing_units": 0, "footprint_sqft": 0.0, "interior_sqft": 0.0, "coverage_pct": 0.0, "in_corridor": false, "in_historic": false, "context_type": "Suburban" }, "geometry": { "type": "Polygon", "coordinates": [ [ [ -106.573914816751028, 31.881082151681433 ], [ -106.57427735031132, 31.881936472031754 ], [ -106.574652169545061, 31.882253249528965 ], [ -106.575615791908149, 31.882124137532244 ], [ -106.575399554467836, 31.88085624766255 ], [ -106.573914816751028, 31.881082151681433 ] ] ] } },
{ "type": "Feature", "properties": { "district": 1, "zonelabel": "C-4", "state_cd_clean": null, "use_desc": "Unknown", "targetlotarea": 51083, "existing_units": 0, "footprint_sqft": 0.0, "interior_sqft": 0.0, "coverage_pct": 0.0, "in_corridor": false, "in_historic": false, "context_type": "Suburban" }, "geometry": { "type": "Polygon", "coordinates": [ [ [ -106.571812853907772, 31.879490496184875 ], [ -106.571323578170137, 31.879501270308783 ], [ -106.571330913677869, 31.879514717119793 ], [ -106.571982723668171, 31.880709487067058 ], [ -106.57224532786654, 31.880789926431124 ], [ -106.571812853907772, 31.879490496184875 ] ] ] } },
{ "type": "Feature", "properties": { "district": 1, "zonelabel": "C-4", "state_cd_clean": null, "use_desc": "Unknown", "targetlotarea": 616595, "existing_units": 0, "footprint_sqft": 0.0, "interior_sqft": 0.0, "coverage_pct": 0.0, "in_corridor": false, "in_historic": false, "context_type": "Suburban" }, "geometry": { "type": "Polygon", "coordinates": [ [ [ -106.57224532786654, 31.880789926431124 ], [ -106.573304691145822, 31.881114416046408 ], [ -106.57336541526557, 31.881165739075659 ], [ -106.573914816751028, 31.881082151681433 ], [ -106.575399554467836, 31.88085624766255 ], [ -106.575250863393208, 31.87998438949392 ], [ -106.575100591771388, 31.879520770180623 ], [ -106.575076648521701, 31.879470619784694 ], [ -106.57505745068157, 31.879419003576285 ], [ -106.574848475555569, 31.87891391245001 ], [ -106.573769141582957, 31.879254236575708 ], [ -106.573208062472617, 31.879416621064891 ], [ -106.573226200077116, 31.879459364094714 ], [ -106.571812853907772, 31.879490496184875 ], [ -106.57224532786654, 31.880789926431124 ] ] ] } },
{ "type": "Feature", "properties": { "district": 1, "zonelabel": "C-4", "state_cd_clean": null, "use_desc": "Unknown", "targetlotarea": 771375, "existing_units": 0, "footprint_sqft": 0.0, "interior_sqft": 0.0, "coverage_pct": 0.0, "in_corridor": false, "in_historic": false, "context_type": "Suburban" }, "geometry": { "type": "Polygon", "coordinates": [ [ [ -106.576683875544688, 31.886418658551637 ], [ -106.577859842012117, 31.886280646237221 ], [ -106.578397906580989, 31.886340726206203 ], [ -106.579640479772877, 31.886194011109961 ], [ -106.579645101377267, 31.886191337108393 ], [ -106.579649188891466, 31.886188092570087 ], [ -106.579652647802817, 31.88618435338546 ], [ -106.579655397033349, 31.886180206543017 ], [ -106.579657369995402, 31.886175750078497 ], [ -106.579498433790377, 31.88520476636327 ], [ -106.579142713457912, 31.884499470845846 ], [ -106.579022165317511, 31.883764713083245 ], [ -106.577844012713612, 31.883976465323187 ], [ -106.577843861938703, 31.883976490617613 ], [ -106.577516213902229, 31.884027899525375 ], [ -106.577187359214491, 31.884073351539545 ], [ -106.576857445900927, 31.884112826912439 ], [ -106.576482372080847, 31.884154236857359 ], [ -106.576391732676171, 31.884167347898583 ], [ -106.57637615370038, 31.884170654525747 ], [ -106.576361421302778, 31.884176094714146 ], [ -106.576347932234953, 31.884183520279546 ], [ -106.576336051317355, 31.88419273217934 ], [ -106.576326100886618, 31.88420348101857 ], [ -106.576318349721092, 31.88421547570989 ], [ -106.576313006187164, 31.884228391931529 ], [ -106.576310214551739, 31.884241880433159 ], [ -106.576310052468344, 31.884255577092315 ], [ -106.576339098340256, 31.884475643085498 ], [ -106.576375345701322, 31.884694930287065 ], [ -106.576432885160514, 31.885051243653876 ], [ -106.576469556338324, 31.885278327280769 ], [ -106.576476375925651, 31.885332683655424 ], [ -106.576527033881902, 31.885660506520715 ], [ -106.576571319577695, 31.885914395989499 ], [ -106.576623612957093, 31.886167174443091 ], [ -106.576683875544688, 31.886418658551637 ] ] ] } },
{ "type": "Feature", "properties": { "district": 1, "zonelabel": "C-4", "state_cd_clean": null, "use_desc": "Unknown", "targetlotarea": 1246071, "existing_units": 0, "footprint_sqft": 0.0, "interior_sqft": 0.0, "coverage_pct": 0.0, "in_corridor": false, "in_historic": false, "context_type": "Suburban" }, "geometry": { "type": "Polygon", "coordinates": [ [ [ -106.580095623526034, 31.888754934690212 ], [ -106.581381400236282, 31.888605245404811 ], [ -106.581256826484633, 31.887826532595508 ], [ -106.581120458929206, 31.886974089411339 ], [ -106.58104711283022, 31.886539261123794 ], [ -106.581043315065358, 31.886525085079391 ], [ -106.581037496995137, 31.886511416933043 ], [ -106.580955289348353, 31.886298710758357 ], [ -106.580936285045567, 31.88617990968886 ], [ -106.580935417813251, 31.886166989504012 ], [ -106.580936931123802, 31.886154112292175 ], [ -106.580940786644973, 31.886141596033184 ], [ -106.580946889223497, 31.886129747883491 ], [ -106.580955089813699, 31.886118860422833 ], [ -106.580965185939405, 31.886109202599187 ], [ -106.580976928488255, 31.886101010370755 ], [ -106.580990028102363, 31.886094487302351 ], [ -106.581004162849837, 31.886089792455127 ], [ -106.581018984734456, 31.886087042784329 ], [ -106.581413442715359, 31.886040785372781 ], [ -106.581413600299129, 31.886040766973789 ], [ -106.581431822566486, 31.886038644479658 ], [ -106.581429812270713, 31.885955911921073 ], [ -106.581414009467309, 31.885957752145465 ], [ -106.581413406452057, 31.885957822624274 ], [ -106.581000576392654, 31.886005899858439 ], [ -106.580984258858635, 31.886006612161399 ], [ -106.580968033826153, 31.88600496883814 ], [ -106.58095236492251, 31.886001017199575 ], [ -106.580937699936825, 31.885994869448151 ], [ -106.580924458096334, 31.885986702384663 ], [ -106.580913018920484, 31.885976748910483 ], [ -106.58090370709003, 31.885965293333786 ], [ -106.580896790799102, 31.885952662415637 ], [ -106.580892466505816, 31.885939218875727 ], [ -106.580848730729301, 31.885632527335769 ], [ -106.5808191226823, 31.885447682646358 ], [ -106.580814830163149, 31.88542898511821 ], [ -106.580808038268415, 31.885410834725221 ], [ -106.580617519387545, 31.884987767057972 ], [ -106.580613072026992, 31.884974816268038 ], [ -106.58061116034574, 31.884961419576126 ], [ -106.580611834515366, 31.884947936783053 ], [ -106.580615076990611, 31.884934728228281 ], [ -106.580620800979588, 31.884922147636544 ], [ -106.58062885407206, 31.884910532911803 ], [ -106.580639018463771, 31.884900193480533 ], [ -106.580651023442627, 31.884891406983215 ], [ -106.580664547901478, 31.884884409217957 ], [ -106.580679228365611, 31.884879387432761 ], [ -106.580694672414396, 31.884876475165207 ], [ -106.581405836177609, 31.884793541116551 ], [ -106.581417004664331, 31.884792239352159 ], [ -106.581422511029473, 31.884779442440777 ], [ -106.581417919701835, 31.884757448806081 ], [ -106.581403911811918, 31.884690359981327 ], [ -106.581402489723146, 31.884691816517222 ], [ -106.581390193643415, 31.884701373083889 ], [ -106.58137615844052, 31.88470898887374 ], [ -106.581360801204582, 31.884714438836518 ], [ -106.581344576012214, 31.884717561182686 ], [ -106.580644056020446, 31.884799142522684 ], [ -106.58062720003926, 31.884799825520634 ], [ -106.580610460606977, 31.884798003603368 ], [ -106.580594345205213, 31.884793731011854 ], [ -106.58057934308259, 31.884787138735742 ], [ -106.580565907717016, 31.884778425418851 ], [ -106.58055444825473, 31.88476785596292 ], [ -106.580545311854323, 31.884755750632412 ], [ -106.580538774651217, 31.884742476454978 ], [ -106.580535034654488, 31.884728435819838 ], [ -106.580473201058325, 31.884341885960119 ], [ -106.580602571654893, 31.884326824780665 ], [ -106.580594753738112, 31.884285500752341 ], [ -106.580583585643367, 31.884290197787831 ], [ -106.580571802778792, 31.884293629938711 ], [ -106.580559600512998, 31.884295741767087 ], [ -106.580197113269037, 31.884337977709425 ], [ -106.579790291507521, 31.88438535228094 ], [ -106.579360870695837, 31.884435357571341 ], [ -106.579345728136161, 31.884436096431916 ], [ -106.579330636034527, 31.884434805051509 ], [ -106.579315967005201, 31.884431515239587 ], [ -106.579302082031944, 31.884426307236325 ], [ -106.57928932202563, 31.884419310117483 ], [ -106.579278003187824, 31.884410695693827 ], [ -106.579268403114057, 31.88440067646798 ], [ -106.579260758267992, 31.884389499432416 ], [ -106.579255257175205, 31.884377439169832 ], [ -106.579252034790855, 31.884364792703838 ], [ -106.579211826751404, 31.884113297761427 ], [ -106.579208878071668, 31.884078064787932 ], [ -106.57920816396981, 31.883990600202196 ], [ -106.579206415664444, 31.883963850890272 ], [ -106.579201622670752, 31.883937373147283 ], [ -106.579165750013061, 31.883787894941651 ], [ -106.579163906510487, 31.883775192280044 ], [ -106.579164375438225, 31.883762399495151 ], [ -106.579167146121407, 31.883749820594428 ], [ -106.579172152535975, 31.883737755013346 ], [ -106.579022165317511, 31.883764713083245 ], [ -106.579142713457912, 31.884499470845846 ], [ -106.579498433790377, 31.88520476636327 ], [ -106.579657369995402, 31.886175750078497 ], [ -106.579655397033349, 31.886180206543017 ], [ -106.579652647802817, 31.88618435338546 ], [ -106.579649188891466, 31.886188092570087 ], [ -106.579645101377267, 31.886191337108393 ], [ -106.579640479772877, 31.886194011109961 ], [ -106.578397906580989, 31.886340726206203 ], [ -106.577859842012117, 31.886280646237221 ], [ -106.576683875544688, 31.886418658551637 ], [ -106.57673806290326, 31.886619742094688 ], [ -106.576797345435992, 31.886819775652274 ], [ -106.576861694785663, 31.887018665736431 ], [ -106.576931082653559, 31.887216319759155 ], [ -106.576955857002048, 31.887277936552795 ], [ -106.577012020520996, 31.887448373424942 ], [ -106.577104693529691, 31.88770551427735 ], [ -106.577539463838278, 31.888984496099823 ], [ -106.577547229073019, 31.888997996952344 ], [ -106.57755752508335, 31.889010204044755 ], [ -106.577570061563407, 31.889020776314094 ], [ -106.577584488610171, 31.889029416201378 ], [ -106.577600401893875, 31.889035883855659 ], [ -106.577617356377189, 31.889039996476413 ], [ -106.577634877699268, 31.889041640413584 ], [ -106.577656778458106, 31.889038827266962 ], [ -106.579026842191936, 31.888879351462631 ], [ -106.578848998344498, 31.88777133100033 ], [ -106.578843338773154, 31.887713570726412 ], [ -106.578844839234478, 31.887655622467388 ], [ -106.578853481851525, 31.887598131103054 ], [ -106.578869170060727, 31.887541736253002 ], [ -106.578894449514621, 31.887457487430364 ], [ -106.578912727733623, 31.887371932207429 ], [ -106.578923916053213, 31.887285492145338 ], [ -106.57892795794389, 31.887198594489259 ], [ -106.578924834168703, 31.887111670114617 ], [ -106.578914559201777, 31.887025147375727 ], [ -106.578882640672148, 31.886826342341898 ], [ -106.579546548414797, 31.88674874742356 ], [ -106.579733695084329, 31.887914350536967 ], [ -106.579793062824834, 31.887907410601329 ], [ -106.579853650500723, 31.88828476152327 ], [ -106.580017715753641, 31.88826558579359 ], [ -106.580096174775903, 31.888754238936293 ], [ -106.580095623526034, 31.888754934690212 ] ], [ [ -106.580757364914092, 31.88612308273537 ], [ -106.580772820151353, 31.886125864085809 ], [ -106.580787537994823, 31.886130757401723 ], [ -106.580801125460908, 31.886137630689667 ], [ -106.580813220013198, 31.886146299913637 ], [ -106.580823497305119, 31.886156534042456 ], [ -106.580831683204011, 31.88616806079613 ], [ -106.580837559364141, 31.886180570894748 ], [ -106.580840969333806, 31.886193730411033 ], [ -106.580854157253782, 31.886276172452476 ], [ -106.580862920612091, 31.886316947072178 ], [ -106.580876010535974, 31.886356868317947 ], [ -106.58094673686729, 31.88653986607012 ], [ -106.580947948671152, 31.886544118297913 ], [ -106.580948353628003, 31.8865484805875 ], [ -106.580947943384771, 31.886552842238522 ], [ -106.58094672553645, 31.886557093592184 ], [ -106.580944733124312, 31.886561125575394 ], [ -106.580942016668075, 31.886564837309514 ], [ -106.580938644046839, 31.886568134308977 ], [ -106.580934700736989, 31.886570932083387 ], [ -106.58093028694249, 31.886573160791155 ], [ -106.580925514310366, 31.886574763590765 ], [ -106.580920504057616, 31.886575700343595 ], [ -106.58010304379664, 31.886670894936941 ], [ -106.580097435541887, 31.88667112689259 ], [ -106.58009186440313, 31.886670524262293 ], [ -106.580086500950827, 31.886669105059571 ], [ -106.580081507978235, 31.886666913865373 ], [ -106.580077036979091, 31.886664016577804 ], [ -106.580073222811919, 31.886660499764407 ], [ -106.580070181707995, 31.886656472564475 ], [ -106.580068007334162, 31.886652055135361 ], [ -106.580066763702476, 31.886647383508905 ], [ -106.580043765365858, 31.886503664223333 ], [ -106.580042903950016, 31.886490605562244 ], [ -106.580044473218265, 31.886477595615347 ], [ -106.580048433258497, 31.886464960566954 ], [ -106.580054685404832, 31.886453018580408 ], [ -106.580063071644432, 31.886442070793457 ], [ -106.580073380296795, 31.88643239111045 ], [ -106.580093871205023, 31.886413282587402 ], [ -106.580110731888155, 31.886391745886563 ], [ -106.580133939480518, 31.886361441217812 ], [ -106.58016161385703, 31.886334002416497 ], [ -106.580193273849574, 31.886309903285245 ], [ -106.580255582143778, 31.886268427710078 ], [ -106.5802981054253, 31.886244482232829 ], [ -106.580344520938141, 31.886226556348529 ], [ -106.58050842967701, 31.886176155290627 ], [ -106.580616060559876, 31.88614676532362 ], [ -106.580725900677209, 31.886124089809456 ], [ -106.580741584626693, 31.886122485703208 ], [ -106.580757364914092, 31.88612308273537 ] ] ] } },
{ "type": "Feature", "properties": { "district": 1, "zonelabel": "C-4", "state_cd_clean": null, "use_desc": "Unknown", "targetlotarea": 34275, "existing_units": 0, "footprint_sqft": 0.0, "interior_sqft": 0.0, "coverage_pct": 0.0, "in_corridor": false, "in_historic": false, "context_type": "Suburban" }, "geometry": { "type": "Polygon", "coordinates": [ [ [ -106.580075756255226, 31.883603083150867 ], [ -106.579667089946867, 31.88365964361579 ], [ -106.579667586763534, 31.883661094812549 ], [ -106.579712347256688, 31.883898053784286 ], [ -106.579790291507521, 31.88438535228094 ], [ -106.580197113269037, 31.884337977709425 ], [ -106.580100450932079, 31.883733675415847 ], [ -106.580075756255226, 31.883603083150867 ] ] ] } },
{ "type": "Feature", "properties": { "district": 1, "zonelabel": "C-4", "state_cd_clean": null, "use_desc": "Unknown", "targetlotarea": 33047, "existing_units": 0, "footprint_sqft": 0.0, "interior_sqft": 0.0, "coverage_pct": 0.0, "in_corridor": false, "in_historic": false, "context_type": "Suburban" }, "geometry": { "type": "Polygon", "coordinates": [ [ [ -106.580075756255226, 31.883603083150867 ], [ -106.580100450932079, 31.883733675415847 ], [ -106.580197113269037, 31.884337977709425 ], [ -106.580559600512998, 31.884295741767087 ], [ -106.580571802778792, 31.884293629938711 ], [ -106.580583585643367, 31.884290197787831 ], [ -106.580594753738112, 31.884285500752341 ], [ -106.580456293209195, 31.883552620024709 ], [ -106.580454161221795, 31.8835507089217 ], [ -106.580075756255226, 31.883603083150867 ] ] ] } },
{ "type": "Feature", "properties": { "district": 1, "zonelabel": "C-4", "state_cd_clean": null, "use_desc": "Unknown", "targetlotarea": 50054, "existing_units": 0, "footprint_sqft": 0.0, "interior_sqft": 0.0, "coverage_pct": 0.0, "in_corridor": false, "in_historic": false, "context_type": "Suburban" }, "geometry": { "type": "Polygon", "coordinates": [ [ [ -106.580594753738112, 31.884285500752341 ], [ -106.580602571654893, 31.884326824780665 ], [ -106.580709103429939, 31.884314397282264 ], [ -106.58068878686403, 31.884187397832971 ], [ -106.581049610762008, 31.88414537757216 ], [ -106.581046910098976, 31.88412849059041 ], [ -106.581279925975551, 31.884101354290099 ], [ -106.581280837778891, 31.884100909499622 ], [ -106.581225489055626, 31.883835818235209 ], [ -106.581224885911524, 31.88383293053905 ], [ -106.581222660297485, 31.883822273143231 ], [ -106.581207664040448, 31.883773966243627 ], [ -106.58118583218635, 31.883728340262245 ], [ -106.581157363839054, 31.883685460615382 ], [ -106.581122723245997, 31.88364602673385 ], [ -106.581082474568376, 31.883610679962466 ], [ -106.581037275192941, 31.883579998461492 ], [ -106.580987862060354, 31.883554482507716 ], [ -106.580935040578467, 31.883534546897138 ], [ -106.580879671722087, 31.883520517951162 ], [ -106.580822659772878, 31.883512624169235 ], [ -106.580764934143318, 31.883510993487743 ], [ -106.58070743460334, 31.883515653989235 ], [ -106.580454161221795, 31.8835507089217 ], [ -106.580456293209195, 31.883552620024709 ], [ -106.580594753738112, 31.884285500752341 ] ] ] } },
{ "type": "Feature", "properties": { "district": 1, "zonelabel": "C-4", "state_cd_clean": null, "use_desc": "Unknown", "targetlotarea": 54689, "existing_units": 0, "footprint_sqft": 0.0, "interior_sqft": 0.0, "coverage_pct": 0.0, "in_corridor": false, "in_historic": false, "context_type": "Suburban" }, "geometry": { "type": "Polygon", "coordinates": [ [ [ -106.580602571654893, 31.884326824780665 ], [ -106.580473201058325, 31.884341885960119 ], [ -106.580535034654488, 31.884728435819838 ], [ -106.580538774651217, 31.884742476454978 ], [ -106.580545311854323, 31.884755750632412 ], [ -106.58055444825473, 31.88476785596292 ], [ -106.580565907717016, 31.884778425418851 ], [ -106.58057934308259, 31.884787138735742 ], [ -106.580594345205213, 31.884793731011854 ], [ -106.580610460606977, 31.884798003603368 ], [ -106.58062720003926, 31.884799825520634 ], [ -106.580644056020446, 31.884799142522684 ], [ -106.581344576012214, 31.884717561182686 ], [ -106.581360801204582, 31.884714438836518 ], [ -106.58137615844052, 31.88470898887374 ], [ -106.581390193643415, 31.884701373083889 ], [ -106.581402489723146, 31.884691816517222 ], [ -106.581403911811918, 31.884690359981327 ], [ -106.581280837778891, 31.884100909499622 ], [ -106.581279925975551, 31.884101354290099 ], [ -106.581046910098976, 31.88412849059041 ], [ -106.581049610762008, 31.88414537757216 ], [ -106.58068878686403, 31.884187397832971 ], [ -106.580709103429939, 31.884314397282264 ], [ -106.580602571654893, 31.884326824780665 ] ] ] } },
{ "type": "Feature", "properties": { "district": 1, "zonelabel": "C-4", "state_cd_clean": null, "use_desc": "Unknown", "targetlotarea": 66758, "existing_units": 0, "footprint_sqft": 0.0, "interior_sqft": 0.0, "coverage_pct": 0.0, "in_corridor": false, "in_historic": false, "context_type": "Suburban" }, "geometry": { "type": "Polygon", "coordinates": [ [ [ -106.581405836177609, 31.884793541116551 ], [ -106.580694672414396, 31.884876475165207 ], [ -106.580679228365611, 31.884879387432761 ], [ -106.580664547901478, 31.884884409217957 ], [ -106.580651023442627, 31.884891406983215 ], [ -106.580639018463771, 31.884900193480533 ], [ -106.58062885407206, 31.884910532911803 ], [ -106.580620800979588, 31.884922147636544 ], [ -106.580615076990611, 31.884934728228281 ], [ -106.580611834515366, 31.884947936783053 ], [ -106.58061116034574, 31.884961419576126 ], [ -106.580613072026992, 31.884974816268038 ], [ -106.580617519387545, 31.884987767057972 ], [ -106.580808038268415, 31.885410834725221 ], [ -106.580814830163149, 31.88542898511821 ], [ -106.5808191226823, 31.885447682646358 ], [ -106.580848730729301, 31.885632527335769 ], [ -106.581401151202556, 31.88556819560316 ], [ -106.581401681755608, 31.885568134020122 ], [ -106.581572740131719, 31.885548209601197 ], [ -106.581477923667777, 31.885063928934965 ], [ -106.581469852633944, 31.885006175936784 ], [ -106.581424988862366, 31.884791308036728 ], [ -106.581405836177609, 31.884793541116551 ] ] ] } },
{ "type": "Feature", "properties": { "district": 1, "zonelabel": "C-4", "state_cd_clean": null, "use_desc": "Unknown", "targetlotarea": 69081, "existing_units": 0, "footprint_sqft": 0.0, "interior_sqft": 0.0, "coverage_pct": 0.0, "in_corridor": false, "in_historic": false, "context_type": "Suburban" }, "geometry": { "type": "Polygon", "coordinates": [ [ [ -106.58195883323873, 31.887755401669576 ], [ -106.581820641580464, 31.886892546910143 ], [ -106.581120458929206, 31.886974089411339 ], [ -106.581256826484633, 31.887826532595508 ], [ -106.58195883323873, 31.887755401669576 ] ] ] } },
{ "type": "Feature", "properties": { "district": 1, "zonelabel": "C-4", "state_cd_clean": null, "use_desc": "Unknown", "targetlotarea": 62128, "existing_units": 0, "footprint_sqft": 0.0, "interior_sqft": 0.0, "coverage_pct": 0.0, "in_corridor": false, "in_historic": false, "context_type": "Suburban" }, "geometry": { "type": "Polygon", "coordinates": [ [ [ -106.581256826484633, 31.887826532595508 ], [ -106.581381400236282, 31.888605245404811 ], [ -106.581984796282626, 31.8885349936496 ], [ -106.582000015074073, 31.888532574406391 ], [ -106.582014570620714, 31.888528075160167 ], [ -106.58202807493312, 31.888521616593863 ], [ -106.582040167677249, 31.888513369549848 ], [ -106.582050527783437, 31.888503554472379 ], [ -106.582058878188803, 31.88849243305112 ], [ -106.582064998026354, 31.888480300409899 ], [ -106.582068724439353, 31.888467480503476 ], [ -106.582069957085764, 31.888454314158935 ], [ -106.582068662940799, 31.888441151619237 ], [ -106.58195883323873, 31.887755401669576 ], [ -106.581256826484633, 31.887826532595508 ] ] ] } },
{ "type": "Feature", "properties": { "district": 1, "zonelabel": "C-4", "state_cd_clean": null, "use_desc": "Unknown", "targetlotarea": 38603, "existing_units": 0, "footprint_sqft": 0.0, "interior_sqft": 0.0, "coverage_pct": 0.0, "in_corridor": false, "in_historic": false, "context_type": "Suburban" }, "geometry": { "type": "Polygon", "coordinates": [ [ [ -106.580840969333806, 31.886193730411033 ], [ -106.580837559364141, 31.886180570894748 ], [ -106.580831683204011, 31.88616806079613 ], [ -106.580823497305119, 31.886156534042456 ], [ -106.580813220013198, 31.886146299913637 ], [ -106.580801125460908, 31.886137630689667 ], [ -106.580787537994823, 31.886130757401723 ], [ -106.580772820151353, 31.886125864085809 ], [ -106.580757364914092, 31.88612308273537 ], [ -106.580741584626693, 31.886122485703208 ], [ -106.580725900677209, 31.886124089809456 ], [ -106.580616060559876, 31.88614676532362 ], [ -106.58050842967701, 31.886176155290627 ], [ -106.580344520938141, 31.886226556348529 ], [ -106.5802981054253, 31.886244482232829 ], [ -106.580255582143778, 31.886268427710078 ], [ -106.580193273849574, 31.886309903285245 ], [ -106.58016161385703, 31.886334002416497 ], [ -106.580133939480518, 31.886361441217812 ], [ -106.580110731888155, 31.886391745886563 ], [ -106.580093871205023, 31.886413282587402 ], [ -106.580073380296795, 31.88643239111045 ], [ -106.580063071644432, 31.886442070793457 ], [ -106.580054685404832, 31.886453018580408 ], [ -106.580048433258497, 31.886464960566954 ], [ -106.580044473218265, 31.886477595615347 ], [ -106.580042903950016, 31.886490605562244 ], [ -106.580043765365858, 31.886503664223333 ], [ -106.580066763702476, 31.886647383508905 ], [ -106.580068007334162, 31.886652055135361 ], [ -106.580070181707995, 31.886656472564475 ], [ -106.580073222811919, 31.886660499764407 ], [ -106.580077036979091, 31.886664016577804 ], [ -106.580081507978235, 31.886666913865373 ], [ -106.580086500950827, 31.886669105059571 ], [ -106.58009186440313, 31.886670524262293 ], [ -106.580097435541887, 31.88667112689259 ], [ -106.58010304379664, 31.886670894936941 ], [ -106.580920504057616, 31.886575700343595 ], [ -106.580925514310366, 31.886574763590765 ], [ -106.58093028694249, 31.886573160791155 ], [ -106.580934700736989, 31.886570932083387 ], [ -106.580938644046839, 31.886568134308977 ], [ -106.580942016668075, 31.886564837309514 ], [ -106.580944733124312, 31.886561125575394 ], [ -106.58094672553645, 31.886557093592184 ], [ -106.580947943384771, 31.886552842238522 ], [ -106.580948353628003, 31.8865484805875 ], [ -106.580947948671152, 31.886544118297913 ], [ -106.58094673686729, 31.88653986607012 ], [ -106.580876010535974, 31.886356868317947 ], [ -106.580862920612091, 31.886316947072178 ], [ -106.580854157253782, 31.886276172452476 ], [ -106.580840969333806, 31.886193730411033 ] ] ] } },
{ "type": "Feature", "properties": { "district": 1, "zonelabel": "C-4", "state_cd_clean": null, "use_desc": "Unknown", "targetlotarea": 42658, "existing_units": 0, "footprint_sqft": 0.0, "interior_sqft": 0.0, "coverage_pct": 0.0, "in_corridor": false, "in_historic": false, "context_type": "Suburban" }, "geometry": { "type": "Polygon", "coordinates": [ [ [ -106.579667089946867, 31.88365964361579 ], [ -106.579404648154096, 31.883695965392523 ], [ -106.579178068902678, 31.883736690861948 ], [ -106.579172152535975, 31.883737755013346 ], [ -106.579167146121407, 31.883749820594428 ], [ -106.579164375438225, 31.883762399495151 ], [ -106.579163906510487, 31.883775192280044 ], [ -106.579165750013061, 31.883787894941651 ], [ -106.579201622670752, 31.883937373147283 ], [ -106.579206415664444, 31.883963850890272 ], [ -106.57920816396981, 31.883990600202196 ], [ -106.579208878071668, 31.884078064787932 ], [ -106.579211826751404, 31.884113297761427 ], [ -106.579252034790855, 31.884364792703838 ], [ -106.579255257175205, 31.884377439169832 ], [ -106.579260758267992, 31.884389499432416 ], [ -106.579268403114057, 31.88440067646798 ], [ -106.579278003187824, 31.884410695693827 ], [ -106.57928932202563, 31.884419310117483 ], [ -106.579302082031944, 31.884426307236325 ], [ -106.579315967005201, 31.884431515239587 ], [ -106.579330636034527, 31.884434805051509 ], [ -106.579345728136161, 31.884436096431916 ], [ -106.579360870695837, 31.884435357571341 ], [ -106.579790291507521, 31.88438535228094 ], [ -106.579712347256688, 31.883898053784286 ], [ -106.579667586763534, 31.883661094812549 ], [ -106.579667089946867, 31.88365964361579 ] ] ] } },
{ "type": "Feature", "properties": { "district": 1, "zonelabel": "C-4", "state_cd_clean": null, "use_desc": "Unknown", "targetlotarea": 32176, "existing_units": 0, "footprint_sqft": 0.0, "interior_sqft": 0.0, "coverage_pct": 0.0, "in_corridor": false, "in_historic": false, "context_type": "Suburban" }, "geometry": { "type": "Polygon", "coordinates": [ [ [ -106.581401681755608, 31.885568134020122 ], [ -106.581401151202556, 31.88556819560316 ], [ -106.580848730729301, 31.885632527335769 ], [ -106.580892466505816, 31.885939218875727 ], [ -106.580896790799102, 31.885952662415637 ], [ -106.58090370709003, 31.885965293333786 ], [ -106.580913018920484, 31.885976748910483 ], [ -106.580924458096334, 31.885986702384663 ], [ -106.580937699936825, 31.885994869448151 ], [ -106.58095236492251, 31.886001017199575 ], [ -106.580968033826153, 31.88600496883814 ], [ -106.580984258858635, 31.886006612161399 ], [ -106.581000576392654, 31.886005899858439 ], [ -106.581413406452057, 31.885957822624274 ], [ -106.581414009467309, 31.885957752145465 ], [ -106.581589862533804, 31.885937272548421 ], [ -106.581605000778026, 31.885934488663029 ], [ -106.581619392303693, 31.885929610710992 ], [ -106.581632643630371, 31.885922772283905 ], [ -106.581644389228941, 31.885914161634787 ], [ -106.581572740131719, 31.885548209601197 ], [ -106.581401681755608, 31.885568134020122 ] ] ] } },
{ "type": "Feature", "properties": { "district": 1, "zonelabel": "C-4", "state_cd_clean": null, "use_desc": "Unknown", "targetlotarea": 72689, "existing_units": 0, "footprint_sqft": 0.0, "interior_sqft": 0.0, "coverage_pct": 0.0, "in_corridor": false, "in_historic": false, "context_type": "Suburban" }, "geometry": { "type": "Polygon", "coordinates": [ [ [ -106.581413600299129, 31.886040766973789 ], [ -106.581413442715359, 31.886040785372781 ], [ -106.581018984734456, 31.886087042784329 ], [ -106.581004162849837, 31.886089792455127 ], [ -106.580990028102363, 31.886094487302351 ], [ -106.580976928488255, 31.886101010370755 ], [ -106.580965185939405, 31.886109202599187 ], [ -106.580955089813699, 31.886118860422833 ], [ -106.580946889223497, 31.886129747883491 ], [ -106.580940786644973, 31.886141596033184 ], [ -106.580936931123802, 31.886154112292175 ], [ -106.580935417813251, 31.886166989504012 ], [ -106.580936285045567, 31.88617990968886 ], [ -106.580955289348353, 31.886298710758357 ], [ -106.581037496995137, 31.886511416933043 ], [ -106.581043315065358, 31.886525085079391 ], [ -106.58104711283022, 31.886539261123794 ], [ -106.581120458929206, 31.886974089411339 ], [ -106.581820641580464, 31.886892546910143 ], [ -106.581751854107566, 31.886463037133748 ], [ -106.581663479348691, 31.886011665972251 ], [ -106.581413600299129, 31.886040766973789 ] ] ] } },
{ "type": "Feature", "properties": { "district": 1, "zonelabel": "C-4", "state_cd_clean": null, "use_desc": "Unknown", "targetlotarea": 5, "existing_units": 0, "footprint_sqft": 0.0, "interior_sqft": 0.0, "coverage_pct": 0.0, "in_corridor": false, "in_historic": false, "context_type": "Suburban" }, "geometry": { "type": "Polygon", "coordinates": [ [ [ -106.581422511029473, 31.884779442440777 ], [ -106.581417004664331, 31.884792239352159 ], [ -106.581424988862366, 31.884791308036728 ], [ -106.581422511029473, 31.884779442440777 ] ] ] } },
{ "type": "Feature", "properties": { "district": 1, "zonelabel": "C-4", "state_cd_clean": null, "use_desc": "Unknown", "targetlotarea": 2141, "existing_units": 0, "footprint_sqft": 0.0, "interior_sqft": 0.0, "coverage_pct": 0.0, "in_corridor": false, "in_historic": false, "context_type": "Suburban" }, "geometry": { "type": "Polygon", "coordinates": [ [ [ -106.581429812270713, 31.885955911921073 ], [ -106.581431822566486, 31.886038644479658 ], [ -106.581663479348691, 31.886011665972251 ], [ -106.581644389228941, 31.885914161634787 ], [ -106.581632643630371, 31.885922772283905 ], [ -106.581619392303693, 31.885929610710992 ], [ -106.581605000778026, 31.885934488663029 ], [ -106.581589862533804, 31.885937272548421 ], [ -106.581429812270713, 31.885955911921073 ] ] ] } },
{ "type": "Feature", "properties": { "district": 1, "zonelabel": "C-4", "state_cd_clean": null, "use_desc": "Unknown", "targetlotarea": 200139, "existing_units": 0, "footprint_sqft": 0.0, "interior_sqft": 0.0, "coverage_pct": 0.0, "in_corridor": false, "in_historic": false, "context_type": "Suburban" }, "geometry": { "type": "Polygon", "coordinates": [ [ [ -106.580095623526034, 31.888754934690212 ], [ -106.580096174775903, 31.888754238936293 ], [ -106.580017715753641, 31.88826558579359 ], [ -106.579853650500723, 31.88828476152327 ], [ -106.579793062824834, 31.887907410601329 ], [ -106.579733695084329, 31.887914350536967 ], [ -106.579546548414797, 31.88674874742356 ], [ -106.578882640672148, 31.886826342341898 ], [ -106.578914559201777, 31.887025147375727 ], [ -106.578924834168703, 31.887111670114617 ], [ -106.57892795794389, 31.887198594489259 ], [ -106.578923916053213, 31.887285492145338 ], [ -106.578912727733623, 31.887371932207429 ], [ -106.578894449514621, 31.887457487430364 ], [ -106.578869170060727, 31.887541736253002 ], [ -106.578853481851525, 31.887598131103054 ], [ -106.578844839234478, 31.887655622467388 ], [ -106.578843338773154, 31.887713570726412 ], [ -106.578848998344498, 31.88777133100033 ], [ -106.579026842191936, 31.888879351462631 ], [ -106.580095623526034, 31.888754934690212 ] ] ] } },
{ "type": "Feature", "properties": { "district": 1, "zonelabel": "C-4", "state_cd_clean": null, "use_desc": "Unknown", "targetlotarea": 59738, "existing_units": 0, "footprint_sqft": 0.0, "interior_sqft": 0.0, "coverage_pct": 0.0, "in_corridor": false, "in_historic": false, "context_type": "Suburban" }, "geometry": { "type": "Polygon", "coordinates": [ [ [ -106.572742129531676, 31.885209452495065 ], [ -106.572281794033188, 31.885411266723793 ], [ -106.57211828585713, 31.885609549093413 ], [ -106.572164096807015, 31.885769964296681 ], [ -106.572165103794475, 31.885773491148655 ], [ -106.572190955067541, 31.88586401282474 ], [ -106.572233052449903, 31.886042107383972 ], [ -106.572248081139861, 31.88610569299907 ], [ -106.573087180182995, 31.885881655069547 ], [ -106.572742129531676, 31.885209452495065 ] ] ] } },
{ "type": "Feature", "properties": { "district": 1, "zonelabel": "C-4", "state_cd_clean": null, "use_desc": "Unknown", "targetlotarea": 156835, "existing_units": 0, "footprint_sqft": 0.0, "interior_sqft": 0.0, "coverage_pct": 0.0, "in_corridor": false, "in_historic": false, "context_type": "Suburban" }, "geometry": { "type": "Polygon", "coordinates": [ [ [ -106.575335633680652, 31.884299242029126 ], [ -106.575223996191951, 31.884312962100804 ], [ -106.575052733164142, 31.884337555187301 ], [ -106.57488302794431, 31.884369041121932 ], [ -106.574715260070604, 31.884407348428088 ], [ -106.574549806024052, 31.884452391325393 ], [ -106.574387038055349, 31.884504067979279 ], [ -106.574227320200976, 31.884562264305174 ], [ -106.57407101109375, 31.884626848413831 ], [ -106.573617919825864, 31.884825494261488 ], [ -106.573617768549326, 31.884825560221536 ], [ -106.573608296081957, 31.884830676702094 ], [ -106.57360000633615, 31.884837115787171 ], [ -106.57359315016916, 31.8848446839026 ], [ -106.57358793367834, 31.884853150778905 ], [ -106.573584516801787, 31.884862260357067 ], [ -106.57358300007354, 31.884871738649689 ], [ -106.573583432247446, 31.88488129698813 ], [ -106.573585798522686, 31.884890646136043 ], [ -106.573590028523071, 31.884899504939092 ], [ -106.573787156537364, 31.8852274091251 ], [ -106.573856839069862, 31.885349286118196 ], [ -106.573920730288165, 31.885473451225128 ], [ -106.57392576035015, 31.885481726114495 ], [ -106.573932356762754, 31.885489158181212 ], [ -106.573940329588922, 31.885495531615007 ], [ -106.573949449868181, 31.885500664992886 ], [ -106.573959454833769, 31.885504410125545 ], [ -106.573970057943924, 31.885506659706426 ], [ -106.57399600761039, 31.885511974837559 ], [ -106.574020699197376, 31.885520612812822 ], [ -106.574043552947884, 31.885532370179369 ], [ -106.574052169980519, 31.885536789703199 ], [ -106.574061487442634, 31.885540013171465 ], [ -106.574071278789575, 31.885541960210528 ], [ -106.574081305950642, 31.885542584419461 ], [ -106.574091324427613, 31.885541870416144 ], [ -106.57410109191504, 31.885539836134093 ], [ -106.574110369177987, 31.885536530070468 ], [ -106.574822907687434, 31.885224877054267 ], [ -106.574976549627436, 31.885161210256619 ], [ -106.575133267128649, 31.885103258916313 ], [ -106.575292769839933, 31.885051130878139 ], [ -106.575454760428784, 31.8850049243872 ], [ -106.575335633680652, 31.884299242029126 ] ] ] } },
{ "type": "Feature", "properties": { "district": 1, "zonelabel": "C-4", "state_cd_clean": null, "use_desc": "Unknown", "targetlotarea": 64312, "existing_units": 0, "footprint_sqft": 0.0, "interior_sqft": 0.0, "coverage_pct": 0.0, "in_corridor": false, "in_historic": false, "context_type": "Suburban" }, "geometry": { "type": "Polygon", "coordinates": [ [ [ -106.573087180182995, 31.885881655069547 ], [ -106.572248081139861, 31.88610569299907 ], [ -106.572254715504684, 31.886133765444868 ], [ -106.572353256828876, 31.886478825590775 ], [ -106.572397500729124, 31.886633754409957 ], [ -106.572402902541313, 31.886647374174689 ], [ -106.572410993812696, 31.886659988041743 ], [ -106.57242152896788, 31.886671210341841 ], [ -106.572434188177439, 31.886680701415969 ], [ -106.572448587211568, 31.886688172562575 ], [ -106.572464287708115, 31.886693397288312 ], [ -106.572480813357728, 31.886696215952274 ], [ -106.572497661049866, 31.886696544264648 ], [ -106.572514319750368, 31.886694370575935 ], [ -106.573275022155613, 31.8865362295249 ], [ -106.573087180182995, 31.885881655069547 ] ] ] } },
{ "type": "Feature", "properties": { "district": 1, "zonelabel": "C-4", "state_cd_clean": null, "use_desc": "Unknown", "targetlotarea": 51084, "existing_units": 0, "footprint_sqft": 0.0, "interior_sqft": 0.0, "coverage_pct": 0.0, "in_corridor": false, "in_historic": false, "context_type": "Suburban" }, "geometry": { "type": "Polygon", "coordinates": [ [ [ -106.572613044246623, 31.887388504947783 ], [ -106.572760170581162, 31.887903679659214 ], [ -106.573614808789799, 31.887726000512526 ], [ -106.573502011953551, 31.887331042772406 ], [ -106.573479548282521, 31.887334145053924 ], [ -106.573456791617261, 31.887334211072172 ], [ -106.573434302881552, 31.88733123834043 ], [ -106.573412637483116, 31.88732530141332 ], [ -106.573392325843301, 31.887316545593627 ], [ -106.573373870171665, 31.887305186183628 ], [ -106.57335772505516, 31.887291503092158 ], [ -106.573344286430768, 31.887275834136663 ], [ -106.573333886652975, 31.88725856444038 ], [ -106.573326781296799, 31.887240118935338 ], [ -106.572613044246623, 31.887388504947783 ] ] ] } },
{ "type": "Feature", "properties": { "district": 1, "zonelabel": "C-4", "state_cd_clean": null, "use_desc": "Unknown", "targetlotarea": 61144, "existing_units": 0, "footprint_sqft": 0.0, "interior_sqft": 0.0, "coverage_pct": 0.0, "in_corridor": false, "in_historic": false, "context_type": "Suburban" }, "geometry": { "type": "Polygon", "coordinates": [ [ [ -106.573087180182995, 31.885881655069547 ], [ -106.573275022155613, 31.8865362295249 ], [ -106.573948024792543, 31.886396316439988 ], [ -106.573962447211287, 31.886392271582274 ], [ -106.573975949976031, 31.886386349561473 ], [ -106.573988198702921, 31.886378697372336 ], [ -106.573998893512595, 31.886369503712977 ], [ -106.574007768733722, 31.886358994482457 ], [ -106.574014607499862, 31.886347429371597 ], [ -106.574019239105041, 31.88633509386025 ], [ -106.574021550197685, 31.886322292358187 ], [ -106.574021485183579, 31.886309338249902 ], [ -106.574019043060048, 31.886296554046339 ], [ -106.573934528636698, 31.886002055488223 ], [ -106.573904211805967, 31.885903224917449 ], [ -106.57387023959275, 31.885805263190051 ], [ -106.573866155505513, 31.885796724383905 ], [ -106.573860456653762, 31.885788888003997 ], [ -106.57385330260847, 31.885781974928324 ], [ -106.573844895603855, 31.885776178699381 ], [ -106.573822188524744, 31.885760522134326 ], [ -106.573802867388039, 31.885741848131506 ], [ -106.57378747793841, 31.885720679723494 ], [ -106.57377645228776, 31.885697614938042 ], [ -106.573087180182995, 31.885881655069547 ] ] ] } },
{ "type": "Feature", "properties": { "district": 1, "zonelabel": "C-4", "state_cd_clean": null, "use_desc": "Unknown", "targetlotarea": 902, "existing_units": 0, "footprint_sqft": 0.0, "interior_sqft": 0.0, "coverage_pct": 0.0, "in_corridor": false, "in_historic": false, "context_type": "Suburban" }, "geometry": { "type": "Polygon", "coordinates": [ [ [ -106.572069383185323, 31.885504388749577 ], [ -106.57214737456701, 31.885777492787238 ], [ -106.572174474193204, 31.885867438907194 ], [ -106.572190955067541, 31.88586401282474 ], [ -106.572165103794475, 31.885773491148655 ], [ -106.572164096807015, 31.885769964296681 ], [ -106.572104192854411, 31.885560197315915 ], [ -106.572095987601941, 31.885531465760913 ], [ -106.57214602336235, 31.885470789010895 ], [ -106.572074358141748, 31.885502207534653 ], [ -106.572069383185323, 31.885504388749577 ] ] ] } },
{ "type": "Feature", "properties": { "district": 1, "zonelabel": "C-4", "state_cd_clean": null, "use_desc": "Unknown", "targetlotarea": 47817, "existing_units": 0, "footprint_sqft": 0.0, "interior_sqft": 0.0, "coverage_pct": 0.0, "in_corridor": false, "in_historic": false, "context_type": "Suburban" }, "geometry": { "type": "Polygon", "coordinates": [ [ [ -106.574322600148719, 31.887033082859293 ], [ -106.57417546938639, 31.88651791862242 ], [ -106.574163804923842, 31.886477077667983 ], [ -106.574141009159959, 31.886495943372907 ], [ -106.574115132406774, 31.886511651687851 ], [ -106.574086770214322, 31.886523841675459 ], [ -106.574056574300812, 31.886532233710412 ], [ -106.573468037264561, 31.886654587693403 ], [ -106.573458428471881, 31.88665728182427 ], [ -106.573449433360338, 31.886661225563262 ], [ -106.573441271023043, 31.886666321700641 ], [ -106.573434143823206, 31.886672444020988 ], [ -106.573428226082086, 31.886679442361014 ], [ -106.573423665252633, 31.886687144360184 ], [ -106.573420572718049, 31.886695360417725 ], [ -106.573419024088025, 31.886703888194688 ], [ -106.57341905843974, 31.886712517166647 ], [ -106.573420674570514, 31.886721036029101 ], [ -106.573521909055771, 31.88707551111662 ], [ -106.573524843615274, 31.88708324781599 ], [ -106.573529083274963, 31.887090530874858 ], [ -106.573534535989722, 31.887097200310414 ], [ -106.573541081054387, 31.887103111062025 ], [ -106.573548576549896, 31.887108133537417 ], [ -106.573565440391945, 31.887119434606259 ], [ -106.57358016707488, 31.88713273400576 ], [ -106.57359243462767, 31.887147740055806 ], [ -106.573601973821795, 31.887164126032268 ], [ -106.5736085768512, 31.887181533363293 ], [ -106.574322600148719, 31.887033082859293 ] ] ] } },
{ "type": "Feature", "properties": { "district": 1, "zonelabel": "C-4", "state_cd_clean": null, "use_desc": "Unknown", "targetlotarea": 49484, "existing_units": 0, "footprint_sqft": 0.0, "interior_sqft": 0.0, "coverage_pct": 0.0, "in_corridor": false, "in_historic": false, "context_type": "Suburban" }, "geometry": { "type": "Polygon", "coordinates": [ [ [ -106.575335633680652, 31.884299242029126 ], [ -106.575454760428784, 31.8850049243872 ], [ -106.575594803086958, 31.884970225756913 ], [ -106.575736249623077, 31.884939952489834 ], [ -106.575878906959957, 31.88491414635417 ], [ -106.576022581547093, 31.884892841915718 ], [ -106.576033419802556, 31.884890575506667 ], [ -106.576043637619009, 31.884886748197697 ], [ -106.576052929209197, 31.884881474907939 ], [ -106.576061014848065, 31.884874912663662 ], [ -106.576067652422097, 31.884867259141597 ], [ -106.576072644163773, 31.884858742410245 ], [ -106.576075838703375, 31.884849619927934 ], [ -106.576077141728163, 31.884840163580119 ], [ -106.576076512638963, 31.884830657129623 ], [ -106.575989644392152, 31.884316094851908 ], [ -106.575986050524889, 31.884302188924028 ], [ -106.575980083028355, 31.884288890853021 ], [ -106.5759775661909, 31.884284606298511 ], [ -106.57597652768554, 31.884282982338263 ], [ -106.575975453193621, 31.884281374555027 ], [ -106.575964482613841, 31.884268043509945 ], [ -106.575951032839001, 31.884256482455054 ], [ -106.575935491941323, 31.884247022349534 ], [ -106.575918302298447, 31.884239934644306 ], [ -106.575899958886183, 31.884235421428226 ], [ -106.575880984828885, 31.884233613890178 ], [ -106.575861926467553, 31.884234561716511 ], [ -106.575335633680652, 31.884299242029126 ] ] ] } },
{ "type": "Feature", "properties": { "district": 1, "zonelabel": "C-4", "state_cd_clean": null, "use_desc": "Unknown", "targetlotarea": 1267, "existing_units": 0, "footprint_sqft": 0.0, "interior_sqft": 0.0, "coverage_pct": 0.0, "in_corridor": false, "in_historic": false, "context_type": "Suburban" }, "geometry": { "type": "Polygon", "coordinates": [ [ [ -106.572281794033188, 31.885411266723793 ], [ -106.57214602336235, 31.885470789010895 ], [ -106.572095987601941, 31.885531465760913 ], [ -106.572104192854411, 31.885560197315915 ], [ -106.57211828585713, 31.885609549093413 ], [ -106.572281794033188, 31.885411266723793 ] ] ] } },
{ "type": "Feature", "properties": { "district": 1, "zonelabel": "C-4", "state_cd_clean": null, "use_desc": "Unknown", "targetlotarea": 130688, "existing_units": 0, "footprint_sqft": 0.0, "interior_sqft": 0.0, "coverage_pct": 0.0, "in_corridor": false, "in_historic": false, "context_type": "Suburban" }, "geometry": { "type": "Polygon", "coordinates": [ [ [ -106.574529684036847, 31.885526160393738 ], [ -106.574917748886634, 31.886212293213806 ], [ -106.576219287302891, 31.88567638470197 ], [ -106.57621930668968, 31.885676357578227 ], [ -106.57620134611139, 31.885570083920857 ], [ -106.57612062195372, 31.885091941164834 ], [ -106.576118377303217, 31.885083462382486 ], [ -106.576114594859021, 31.885075391517258 ], [ -106.576109369396292, 31.885067929969168 ], [ -106.576102830680867, 31.885061263911894 ], [ -106.576095143232124, 31.885055560691608 ], [ -106.576086497406394, 31.88505096202789 ], [ -106.576077111448143, 31.885047583012309 ], [ -106.576067218530099, 31.885045508213619 ], [ -106.57605706657543, 31.885044788975943 ], [ -106.576046907704665, 31.885045443925279 ], [ -106.575877405411021, 31.885071360914043 ], [ -106.575709464861163, 31.885103843578683 ], [ -106.575543433001869, 31.885142823808753 ], [ -106.575379655952005, 31.885188220889859 ], [ -106.575218474662762, 31.885239939904686 ], [ -106.575060223981495, 31.885297873584385 ], [ -106.57490523153723, 31.885361901458847 ], [ -106.574529684036847, 31.885526160393738 ] ] ] } },
{ "type": "Feature", "properties": { "district": 1, "zonelabel": "C-4", "state_cd_clean": null, "use_desc": "Unknown", "targetlotarea": 55157, "existing_units": 0, "footprint_sqft": 0.0, "interior_sqft": 0.0, "coverage_pct": 0.0, "in_corridor": false, "in_historic": false, "context_type": "Suburban" }, "geometry": { "type": "Polygon", "coordinates": [ [ [ -106.574163804923842, 31.886477077667983 ], [ -106.57417546938639, 31.88651791862242 ], [ -106.574917748886634, 31.886212293213806 ], [ -106.574529684036847, 31.885526160393738 ], [ -106.574120196461124, 31.885705262773577 ], [ -106.574112243333118, 31.885709386063574 ], [ -106.574105068357326, 31.885714443067641 ], [ -106.574098821377405, 31.885720329957234 ], [ -106.574093633929863, 31.88572692210295 ], [ -106.57408376641105, 31.885740014337109 ], [ -106.574072346688752, 31.885752153943997 ], [ -106.574065786906147, 31.885759609422976 ], [ -106.574060798238577, 31.885767902811487 ], [ -106.574057522754842, 31.885776796068299 ], [ -106.574056054786766, 31.885786033567882 ], [ -106.574056436185657, 31.885795350457027 ], [ -106.574058656678034, 31.885804478057413 ], [ -106.574085401986935, 31.885884686568282 ], [ -106.574109816819259, 31.885965434887424 ], [ -106.574210445415247, 31.886316081763653 ], [ -106.574215797324072, 31.886344427853729 ], [ -106.574215760415356, 31.886373138749182 ], [ -106.574210335743913, 31.886401474631523 ], [ -106.574199663558915, 31.886428703463881 ], [ -106.574184018454602, 31.886454123805017 ], [ -106.574163804923842, 31.886477077667983 ] ] ] } },
{ "type": "Feature", "properties": { "district": 1, "zonelabel": "C-4", "state_cd_clean": null, "use_desc": "Unknown", "targetlotarea": 67597, "existing_units": 0, "footprint_sqft": 0.0, "interior_sqft": 0.0, "coverage_pct": 0.0, "in_corridor": false, "in_historic": false, "context_type": "Suburban" }, "geometry": { "type": "Polygon", "coordinates": [ [ [ -106.572742129531676, 31.885209452495065 ], [ -106.573087180182995, 31.885881655069547 ], [ -106.57377645228776, 31.885697614938042 ], [ -106.573770582436651, 31.885676114142832 ], [ -106.573768512690862, 31.88565410880279 ], [ -106.573770290938626, 31.88563208528555 ], [ -106.573775876126106, 31.885610529703829 ], [ -106.573778108745458, 31.885601505771849 ], [ -106.573778542872176, 31.885592290714701 ], [ -106.573777164852274, 31.885583143518119 ], [ -106.57377401596662, 31.885574321438948 ], [ -106.573704122149692, 31.885434517650211 ], [ -106.573626579370682, 31.8852976807961 ], [ -106.573429555072423, 31.884969946659378 ], [ -106.573423587949023, 31.884961844912048 ], [ -106.573416064092541, 31.884954748106694 ], [ -106.573407213598543, 31.884948871032936 ], [ -106.57339730230116, 31.884944392444275 ], [ -106.573386631299144, 31.88494144785486 ], [ -106.573375522940665, 31.884940125694623 ], [ -106.573364315487723, 31.884940466661835 ], [ -106.573353345994363, 31.884942460930233 ], [ -106.573342948077723, 31.884946046449404 ], [ -106.573342751552886, 31.884946132642213 ], [ -106.572742129531676, 31.885209452495065 ] ] ] } },
{ "type": "Feature", "properties": { "district": 1, "zonelabel": "C-4", "state_cd_clean": null, "use_desc": "Unknown", "targetlotarea": 47460, "existing_units": 0, "footprint_sqft": 0.0, "interior_sqft": 0.0, "coverage_pct": 0.0, "in_corridor": false, "in_historic": false, "context_type": "Suburban" }, "geometry": { "type": "Polygon", "coordinates": [ [ [ -106.573326781296799, 31.887240118935338 ], [ -106.573323259220487, 31.887222071707445 ], [ -106.573322894780091, 31.887203778353008 ], [ -106.573325695230039, 31.887185638666999 ], [ -106.573331600983892, 31.887168050227114 ], [ -106.573340481678301, 31.887151396839844 ], [ -106.573344428176995, 31.887143995256565 ], [ -106.573347053664193, 31.887136178238023 ], [ -106.573348298455997, 31.887128116649528 ], [ -106.573348135998273, 31.887119986091879 ], [ -106.573346570637639, 31.887111965201619 ], [ -106.573245335476017, 31.886757486432394 ], [ -106.573241734495198, 31.886748405995831 ], [ -106.573236339942881, 31.886739997703174 ], [ -106.573229316748822, 31.88673251559683 ], [ -106.573220877960935, 31.886726188832426 ], [ -106.57321127852066, 31.886721207524843 ], [ -106.573200811160305, 31.886717724751598 ], [ -106.573189795079259, 31.886715845352651 ], [ -106.57317856328055, 31.886715626537619 ], [ -106.573167457116483, 31.886717075436945 ], [ -106.572557044732591, 31.88684397244154 ], [ -106.572542632560754, 31.88684801393611 ], [ -106.572529137668667, 31.886853929100013 ], [ -106.572516894561474, 31.886861572743403 ], [ -106.572506203181547, 31.886870757072817 ], [ -106.572497328031346, 31.88688125444282 ], [ -106.572490486160987, 31.88689280786717 ], [ -106.572485847227711, 31.8869051319192 ], [ -106.572483524649527, 31.88691792309136 ], [ -106.572483576079236, 31.886930866998647 ], [ -106.572485999597859, 31.886943644883605 ], [ -106.572613044246623, 31.887388504947783 ], [ -106.573326781296799, 31.887240118935338 ] ] ] } },
{ "type": "Feature", "properties": { "district": 1, "zonelabel": "C-3", "state_cd_clean": null, "use_desc": "Unknown", "targetlotarea": 1054, "existing_units": 0, "footprint_sqft": 0.0, "interior_sqft": 0.0, "coverage_pct": 0.0, "in_corridor": false, "in_historic": false, "context_type": "Suburban" }, "geometry": { "type": "Polygon", "coordinates": [ [ [ -106.588759738145896, 31.881051116499115 ], [ -106.588759811673953, 31.881057462023225 ], [ -106.588760141209974, 31.881085787968132 ], [ -106.588761236087606, 31.881179934264217 ], [ -106.58876730246044, 31.881177248322466 ], [ -106.588786157657196, 31.881168897938245 ], [ -106.588859462716428, 31.881136433518943 ], [ -106.588860456303763, 31.881135993776166 ], [ -106.588890308628578, 31.881122773146512 ], [ -106.588905344758714, 31.881116112835105 ], [ -106.588759738145896, 31.881051116499115 ] ] ] } },
{ "type": "Feature", "properties": { "district": 1, "zonelabel": "C-4", "state_cd_clean": null, "use_desc": "Unknown", "targetlotarea": 105689, "existing_units": 0, "footprint_sqft": 0.0, "interior_sqft": 0.0, "coverage_pct": 0.0, "in_corridor": false, "in_historic": false, "context_type": "Suburban" }, "geometry": { "type": "Polygon", "coordinates": [ [ [ -106.567114831866093, 31.904304360486417 ], [ -106.56720489771628, 31.904517606521171 ], [ -106.567278426543112, 31.904549322575299 ], [ -106.567382693869149, 31.904562285751311 ], [ -106.567385814009583, 31.904562732577272 ], [ -106.567389090338438, 31.904558792083883 ], [ -106.567514816316546, 31.904417177125776 ], [ -106.567645668259487, 31.904278982981957 ], [ -106.567781519521418, 31.904144344862697 ], [ -106.567922235774333, 31.904013393829814 ], [ -106.568067680404212, 31.903886258344997 ], [ -106.568121077810602, 31.903842411592745 ], [ -106.568106781842644, 31.90382884618975 ], [ -106.567929841189738, 31.903660943033845 ], [ -106.567877720815005, 31.903615470568827 ], [ -106.567821306878827, 31.903573893339885 ], [ -106.567760998855249, 31.9035365056498 ], [ -106.567697221764249, 31.903503571675394 ], [ -106.567630428164193, 31.903475323565296 ], [ -106.567561088652695, 31.90345196189514 ], [ -106.567489693681807, 31.903433651064194 ], [ -106.566812965357215, 31.903286239796625 ], [ -106.566783066849467, 31.903386180449697 ], [ -106.566780637675222, 31.90339759360289 ], [ -106.566780108111843, 31.903409185023833 ], [ -106.566781488512589, 31.903420725695558 ], [ -106.566784751114142, 31.903431986618511 ], [ -106.567095230633868, 31.904251434249606 ], [ -106.567114831866093, 31.904304360486417 ] ] ] } },
{ "type": "Feature", "properties": { "district": 1, "zonelabel": "A-O", "state_cd_clean": null, "use_desc": "Unknown", "targetlotarea": 3, "existing_units": 0, "footprint_sqft": 0.0, "interior_sqft": 0.0, "coverage_pct": 0.0, "in_corridor": false, "in_historic": false, "context_type": "Suburban" }, "geometry": { "type": "Polygon", "coordinates": [ [ [ -106.525664059031286, 31.835583472689716 ], [ -106.525693558044722, 31.835587291105924 ], [ -106.525693868995234, 31.835585619745139 ], [ -106.525664059031286, 31.835583472689716 ] ] ] } },
{ "type": "Feature", "properties": { "district": 1, "zonelabel": "C-3", "state_cd_clean": null, "use_desc": "Unknown", "targetlotarea": 13100, "existing_units": 0, "footprint_sqft": 0.0, "interior_sqft": 0.0, "coverage_pct": 0.0, "in_corridor": false, "in_historic": false, "context_type": "Suburban" }, "geometry": { "type": "Polygon", "coordinates": [ [ [ -106.584755203314288, 31.919960993175359 ], [ -106.584755225948797, 31.91996327911551 ], [ -106.584759012948567, 31.920348091862333 ], [ -106.585094641323394, 31.920244483523515 ], [ -106.585091880635076, 31.919964051501076 ], [ -106.585091664188681, 31.919942130096935 ], [ -106.584755203314288, 31.919960993175359 ] ] ] } },
{ "type": "Feature", "properties": { "district": 1, "zonelabel": "C-3", "state_cd_clean": null, "use_desc": "Unknown", "targetlotarea": 637, "existing_units": 0, "footprint_sqft": 0.0, "interior_sqft": 0.0, "coverage_pct": 0.0, "in_corridor": false, "in_historic": false, "context_type": "Suburban" }, "geometry": { "type": "Polygon", "coordinates": [ [ [ -106.571553810988007, 31.885206219248637 ], [ -106.571496594069757, 31.885372685875041 ], [ -106.571535228557977, 31.885355498980765 ], [ -106.571547395355225, 31.885346423799795 ], [ -106.571557616659618, 31.885335743680979 ], [ -106.571565606268578, 31.885323758665493 ], [ -106.571571140679524, 31.885310804631505 ], [ -106.571574064769976, 31.885297243085976 ], [ -106.571574295722485, 31.885283456460307 ], [ -106.571571828171571, 31.88526982979873 ], [ -106.571553810988007, 31.885206219248637 ] ] ] } },
{ "type": "Feature", "properties": { "district": 1, "zonelabel": "C-3", "state_cd_clean": null, "use_desc": "Unknown", "targetlotarea": 1579, "existing_units": 0, "footprint_sqft": 0.0, "interior_sqft": 0.0, "coverage_pct": 0.0, "in_corridor": false, "in_historic": false, "context_type": "Suburban" }, "geometry": { "type": "Polygon", "coordinates": [ [ [ -106.573228325147625, 31.891120688871009 ], [ -106.573228214761926, 31.891120298533682 ], [ -106.573182828342922, 31.890959644935563 ], [ -106.5731899115749, 31.890998066974074 ], [ -106.57318987124755, 31.891036961256937 ], [ -106.57318271008684, 31.891075372009336 ], [ -106.573168603210874, 31.891112356874864 ], [ -106.573147897382796, 31.891147007725809 ], [ -106.573121099769722, 31.891178472880647 ], [ -106.573088870981834, 31.891205980018864 ], [ -106.573051999696176, 31.891228852752729 ], [ -106.573011393406389, 31.891246530942222 ], [ -106.572968048291031, 31.891258579365186 ], [ -106.573156938823999, 31.891219735508159 ], [ -106.573172855166732, 31.891215182037712 ], [ -106.573187607158445, 31.891208347626115 ], [ -106.573200748798968, 31.891199437001255 ], [ -106.573211884910208, 31.891188719297311 ], [ -106.573220677990207, 31.891176519596826 ], [ -106.573226863154673, 31.891163204666285 ], [ -106.573230252003114, 31.891149177351103 ], [ -106.573230745389793, 31.891134861511663 ], [ -106.573228325147625, 31.891120688871009 ] ] ] } },
{ "type": "Feature", "properties": { "district": 1, "zonelabel": "C-3", "state_cd_clean": null, "use_desc": "Unknown", "targetlotarea": 91534, "existing_units": 0, "footprint_sqft": 0.0, "interior_sqft": 0.0, "coverage_pct": 0.0, "in_corridor": false, "in_historic": false, "context_type": "Suburban" }, "geometry": { "type": "Polygon", "coordinates": [ [ [ -106.573182828342922, 31.890959644935563 ], [ -106.57318268615812, 31.890959141408214 ], [ -106.573175459195852, 31.890933559701253 ], [ -106.573093814127404, 31.890644558150335 ], [ -106.571758662098986, 31.890925590049132 ], [ -106.571761317067825, 31.891506726836699 ], [ -106.572968048291031, 31.891258579365186 ], [ -106.573011393406389, 31.891246530942222 ], [ -106.573051999696176, 31.891228852752729 ], [ -106.573088870981834, 31.891205980018864 ], [ -106.573121099769722, 31.891178472880647 ], [ -106.573147897382796, 31.891147007725809 ], [ -106.573168603210874, 31.891112356874864 ], [ -106.57318271008684, 31.891075372009336 ], [ -106.57318987124755, 31.891036961256937 ], [ -106.5731899115749, 31.890998066974074 ], [ -106.573182828342922, 31.890959644935563 ] ] ] } },
{ "type": "Feature", "properties": { "district": 1, "zonelabel": "C-3", "state_cd_clean": null, "use_desc": "Unknown", "targetlotarea": 1584, "existing_units": 0, "footprint_sqft": 0.0, "interior_sqft": 0.0, "coverage_pct": 0.0, "in_corridor": false, "in_historic": false, "context_type": "Suburban" }, "geometry": { "type": "Polygon", "coordinates": [ [ [ -106.573036616750315, 31.891501642792448 ], [ -106.573081710905456, 31.891495513593032 ], [ -106.573127374466608, 31.891495478456498 ], [ -106.573172481091476, 31.891501538953879 ], [ -106.573215921920976, 31.891513544073192 ], [ -106.573256626341589, 31.891531200064094 ], [ -106.573293592708779, 31.891554070771488 ], [ -106.573325910579698, 31.891581593732646 ], [ -106.573352784701257, 31.891613090769258 ], [ -106.573373551089347, 31.891647787088534 ], [ -106.57338770143258, 31.89168482817869 ], [ -106.573346413718255, 31.891538683274199 ], [ -106.573338923221968, 31.891512171205886 ], [ -106.57333188158168, 31.891500537724426 ], [ -106.573322814194995, 31.89148997500163 ], [ -106.573311938946389, 31.89148073725227 ], [ -106.573299518259944, 31.891473047653175 ], [ -106.573285852292898, 31.891467091443225 ], [ -106.573271269141188, 31.891463011876365 ], [ -106.573256122610104, 31.89146090852212 ], [ -106.573240776965207, 31.891460830770029 ], [ -106.573225601833357, 31.891462780783399 ], [ -106.573036616750315, 31.891501642792448 ] ] ] } },
{ "type": "Feature", "properties": { "district": 1, "zonelabel": "C-1", "state_cd_clean": null, "use_desc": "Unknown", "targetlotarea": 1530, "existing_units": 0, "footprint_sqft": 0.0, "interior_sqft": 0.0, "coverage_pct": 0.0, "in_corridor": false, "in_historic": false, "context_type": "Suburban" }, "geometry": { "type": "Polygon", "coordinates": [ [ [ -106.568782373322122, 31.889669551860003 ], [ -106.568766745380671, 31.889672388360079 ], [ -106.568751881066348, 31.889677386819038 ], [ -106.568738186318825, 31.889684409476903 ], [ -106.568726039133651, 31.889693263909873 ], [ -106.568715769688126, 31.889703706691666 ], [ -106.568707660992658, 31.889715453297882 ], [ -106.56870193628589, 31.889728179612693 ], [ -106.56869875054295, 31.889741537690714 ], [ -106.568675681799832, 31.889906180609067 ], [ -106.568681923625832, 31.889876784388594 ], [ -106.568692259261553, 31.889848239955576 ], [ -106.568713496629485, 31.889810222373008 ], [ -106.56874196079805, 31.889775815059064 ], [ -106.56877683289926, 31.889746008337706 ], [ -106.56881710964295, 31.889721660454352 ], [ -106.568861630212098, 31.889703471901502 ], [ -106.568909113070887, 31.889691965591798 ], [ -106.568958193245535, 31.889687474234897 ], [ -106.568813365239237, 31.889672710858147 ], [ -106.568782373322122, 31.889669551860003 ] ] ] } },
{ "type": "Feature", "properties": { "district": 1, "zonelabel": "C-3", "state_cd_clean": null, "use_desc": "Unknown", "targetlotarea": 8514, "existing_units": 0, "footprint_sqft": 0.0, "interior_sqft": 0.0, "coverage_pct": 0.0, "in_corridor": false, "in_historic": false, "context_type": "Suburban" }, "geometry": { "type": "Polygon", "coordinates": [ [ [ -106.570664096472029, 31.88478325751818 ], [ -106.570453321341603, 31.884826718864975 ], [ -106.570543375772331, 31.885144673449457 ], [ -106.57076441880838, 31.885088123433942 ], [ -106.57077244154739, 31.885086070893799 ], [ -106.570676862862982, 31.884780625531924 ], [ -106.570664096472029, 31.88478325751818 ] ] ] } },
{ "type": "Feature", "properties": { "district": 1, "zonelabel": "C-1", "state_cd_clean": null, "use_desc": "Unknown", "targetlotarea": 68112, "existing_units": 0, "footprint_sqft": 0.0, "interior_sqft": 0.0, "coverage_pct": 0.0, "in_corridor": false, "in_historic": false, "context_type": "Suburban" }, "geometry": { "type": "Polygon", "coordinates": [ [ [ -106.568779875973433, 31.890397488542707 ], [ -106.568813201068508, 31.890443170305399 ], [ -106.569859683330023, 31.891767772087952 ], [ -106.569892723174959, 31.891803179200981 ], [ -106.569931902284011, 31.891833691173758 ], [ -106.569976236448269, 31.89185854129623 ], [ -106.570024613377441, 31.891877108092761 ], [ -106.570075819795349, 31.891888924863984 ], [ -106.57012857094287, 31.891893693630578 ], [ -106.570181543129209, 31.891891297122989 ], [ -106.570233407327578, 31.891881794463867 ], [ -106.570282862130426, 31.891865423202873 ], [ -106.570268927684936, 31.89183964409812 ], [ -106.570268574057636, 31.89183937018387 ], [ -106.570178074189684, 31.891764984290855 ], [ -106.570093157357974, 31.891685952935827 ], [ -106.570014150527697, 31.891602579321553 ], [ -106.56994135645688, 31.89151518497146 ], [ -106.569875056684552, 31.891424106876823 ], [ -106.569815507132034, 31.891329694997172 ], [ -106.569762934996106, 31.891232313312454 ], [ -106.569717544963112, 31.891132337718474 ], [ -106.569679511525479, 31.891030151878613 ], [ -106.569648980274593, 31.890926150774835 ], [ -106.569626068482393, 31.890820733453534 ], [ -106.569610865339143, 31.890714306627238 ], [ -106.569603428491391, 31.890607280323863 ], [ -106.569603787149418, 31.890500066835113 ], [ -106.568779875973433, 31.890397488542707 ] ] ] } },
{ "type": "Feature", "properties": { "district": 1, "zonelabel": "C-4", "state_cd_clean": null, "use_desc": "Unknown", "targetlotarea": 301, "existing_units": 0, "footprint_sqft": 0.0, "interior_sqft": 0.0, "coverage_pct": 0.0, "in_corridor": false, "in_historic": false, "context_type": "Suburban" }, "geometry": { "type": "Polygon", "coordinates": [ [ [ -106.593452468451687, 31.877191375540129 ], [ -106.594099781575224, 31.878857161692267 ], [ -106.593831550546724, 31.87815865986645 ], [ -106.593452468451687, 31.877191375540129 ] ] ] } },
{ "type": "Feature", "properties": { "district": 1, "zonelabel": "C-3", "state_cd_clean": null, "use_desc": "Unknown", "targetlotarea": 27841, "existing_units": 0, "footprint_sqft": 0.0, "interior_sqft": 0.0, "coverage_pct": 0.0, "in_corridor": false, "in_historic": false, "context_type": "Urban" }, "geometry": { "type": "Polygon", "coordinates": [ [ [ -106.551574003409897, 31.814298319030744 ], [ -106.551588157447839, 31.814311350815089 ], [ -106.551426327311361, 31.814334326861239 ], [ -106.551479591113704, 31.814552656739387 ], [ -106.552230218315614, 31.814551611266076 ], [ -106.55233022582027, 31.814537412886949 ], [ -106.552310888688737, 31.814439731020585 ], [ -106.552266334537293, 31.814257108923584 ], [ -106.552259461775677, 31.81424790780698 ], [ -106.552250971310031, 31.814239751401569 ], [ -106.55224107549526, 31.81423284544185 ], [ -106.552230023755726, 31.814227364082981 ], [ -106.552218095963525, 31.814223445700552 ], [ -106.552205592593097, 31.814221187941765 ], [ -106.552192827399224, 31.814220648978473 ], [ -106.552180123840174, 31.814221841355245 ], [ -106.552118076985124, 31.814217982085001 ], [ -106.551801094447953, 31.814262986652317 ], [ -106.551642301712803, 31.814286451031819 ], [ -106.551574003409897, 31.814298319030744 ] ] ] } },
{ "type": "Feature", "properties": { "district": 1, "zonelabel": "C-3", "state_cd_clean": null, "use_desc": "Unknown", "targetlotarea": 6217, "existing_units": 0, "footprint_sqft": 0.0, "interior_sqft": 0.0, "coverage_pct": 0.0, "in_corridor": false, "in_historic": false, "context_type": "Suburban" }, "geometry": { "type": "Polygon", "coordinates": [ [ [ -106.548964211486989, 31.882668898724944 ], [ -106.549172950458953, 31.88253904383323 ], [ -106.54917308620746, 31.882538966901006 ], [ -106.549022792499855, 31.882363029131497 ], [ -106.549005654483764, 31.882373645489853 ], [ -106.549010828003446, 31.882380431260941 ], [ -106.548986561737706, 31.882395653856854 ], [ -106.548980602479816, 31.882389251528597 ], [ -106.548967488516794, 31.882397370742808 ], [ -106.548973327749707, 31.882404009127942 ], [ -106.548866878804475, 31.882470188701607 ], [ -106.548861024523632, 31.882463320702147 ], [ -106.548847259816981, 31.882471816000152 ], [ -106.548853256728677, 31.882478792808726 ], [ -106.548826849520268, 31.88249434787604 ], [ -106.548820075479298, 31.882487869713831 ], [ -106.548806901727417, 31.882497144306928 ], [ -106.548818491316439, 31.882511116315943 ], [ -106.548825754713789, 31.882506504540117 ], [ -106.548843820709607, 31.882528583016178 ], [ -106.548837499738738, 31.882533150719155 ], [ -106.548849777658958, 31.882547320203177 ], [ -106.548856136346913, 31.882543327874572 ], [ -106.548964211486989, 31.882668898724944 ] ] ] } },
{ "type": "Feature", "properties": { "district": 1, "zonelabel": "C-3", "state_cd_clean": null, "use_desc": "Unknown", "targetlotarea": 6246, "existing_units": 0, "footprint_sqft": 0.0, "interior_sqft": 0.0, "coverage_pct": 0.0, "in_corridor": false, "in_historic": false, "context_type": "Suburban" }, "geometry": { "type": "Polygon", "coordinates": [ [ [ -106.549455745526132, 31.882680839089428 ], [ -106.549475141180096, 31.882669781619246 ], [ -106.549470499398637, 31.882664374131835 ], [ -106.549500030992547, 31.882646922022623 ], [ -106.549503558392885, 31.882650412715769 ], [ -106.54952003179389, 31.882640057439819 ], [ -106.549516138368375, 31.882636021494307 ], [ -106.549601756687622, 31.882583525365789 ], [ -106.549605686891439, 31.882588122276559 ], [ -106.549624753260517, 31.882577080498852 ], [ -106.549620384473414, 31.882570815449753 ], [ -106.549643889454018, 31.882557028201532 ], [ -106.549647764522774, 31.882560784109589 ], [ -106.549668318570582, 31.882547132287922 ], [ -106.549655387066508, 31.882531149639988 ], [ -106.549649707122555, 31.882535079804995 ], [ -106.549629217829676, 31.882509319845202 ], [ -106.549634312889239, 31.882506543947667 ], [ -106.549618686107323, 31.882489558175156 ], [ -106.549613571634012, 31.882492054088786 ], [ -106.549559013074216, 31.882429643346438 ], [ -106.549564382185352, 31.882426009834447 ], [ -106.549550747223918, 31.882409210797313 ], [ -106.549544354648319, 31.882412330435788 ], [ -106.549524979848869, 31.882388488151854 ], [ -106.549529417405537, 31.882385742737561 ], [ -106.549514814185557, 31.882369271725292 ], [ -106.549494888906608, 31.882382325370862 ], [ -106.549497905960735, 31.882388091315534 ], [ -106.549475058441331, 31.882401847159031 ], [ -106.549471146610017, 31.882397530277654 ], [ -106.549452500479816, 31.882409960139523 ], [ -106.549456393893408, 31.882413996087255 ], [ -106.549306892230604, 31.882508379924534 ], [ -106.549455745526132, 31.882680839089428 ] ] ] } },
{ "type": "Feature", "properties": { "district": 1, "zonelabel": "C-3", "state_cd_clean": null, "use_desc": "Unknown", "targetlotarea": 8237, "existing_units": 0, "footprint_sqft": 0.0, "interior_sqft": 0.0, "coverage_pct": 0.0, "in_corridor": false, "in_historic": false, "context_type": "Suburban" }, "geometry": { "type": "Polygon", "coordinates": [ [ [ -106.549177839952094, 31.882497089478701 ], [ -106.549436012687622, 31.88233456268614 ], [ -106.549437027568487, 31.882334105978558 ], [ -106.549385176436502, 31.8822735747674 ], [ -106.549393047615965, 31.88226785185795 ], [ -106.549378790988087, 31.882251645198991 ], [ -106.549370883033788, 31.882256807139694 ], [ -106.549350503205758, 31.882232730987663 ], [ -106.549358392801096, 31.882227289014391 ], [ -106.549344465432469, 31.882211066636785 ], [ -106.54933622823242, 31.882216244290071 ], [ -106.549282656699532, 31.882153786331465 ], [ -106.549071351829795, 31.88228658296439 ], [ -106.549065979103247, 31.882280084903083 ], [ -106.549050436157813, 31.882289551180229 ], [ -106.549055152558168, 31.882296081469548 ], [ -106.549031410212692, 31.882311286296755 ], [ -106.549026073205454, 31.882305349252238 ], [ -106.54901062332857, 31.882316219244863 ], [ -106.549020676676108, 31.882328685680037 ], [ -106.549028912847845, 31.882323508097333 ], [ -106.549048598400077, 31.882347054708021 ], [ -106.549040672003684, 31.882351935694235 ], [ -106.549052095488435, 31.882365182174947 ], [ -106.549060369490391, 31.882360565507916 ], [ -106.549177839952094, 31.882497089478701 ] ] ] } },
{ "type": "Feature", "properties": { "district": 1, "zonelabel": "C-3", "state_cd_clean": null, "use_desc": "Unknown", "targetlotarea": 7765, "existing_units": 0, "footprint_sqft": 0.0, "interior_sqft": 0.0, "coverage_pct": 0.0, "in_corridor": false, "in_historic": false, "context_type": "Suburban" }, "geometry": { "type": "Polygon", "coordinates": [ [ [ -106.549161489672542, 31.882850467739939 ], [ -106.549155423098483, 31.882854540078572 ], [ -106.549167039300556, 31.882867495539085 ], [ -106.549182292458255, 31.882858661809365 ], [ -106.549176338183386, 31.882851561041459 ], [ -106.549201865539715, 31.88283521149383 ], [ -106.549208474429236, 31.882842641413244 ], [ -106.549224289098035, 31.882832700595095 ], [ -106.549218101267343, 31.882825250580268 ], [ -106.549382791829359, 31.882722643179193 ], [ -106.549388687258897, 31.882728846209499 ], [ -106.5494018714936, 31.882720652244078 ], [ -106.549397004630265, 31.882714039726256 ], [ -106.549420895837841, 31.882698489014267 ], [ -106.549427037625421, 31.882705220426388 ], [ -106.549434705010938, 31.882699811638336 ], [ -106.549434827158848, 31.882699737161516 ], [ -106.549282809120811, 31.882524232429581 ], [ -106.549023069146088, 31.882687214836956 ], [ -106.549130630839244, 31.882814474749352 ], [ -106.549125207073999, 31.882818696153613 ], [ -106.549137092119963, 31.882832539322919 ], [ -106.549143789754837, 31.882828436866461 ], [ -106.549161489672542, 31.882850467739939 ] ] ] } },
{ "type": "Feature", "properties": { "district": 1, "zonelabel": "C-3", "state_cd_clean": null, "use_desc": "Unknown", "targetlotarea": 250680, "existing_units": 0, "footprint_sqft": 0.0, "interior_sqft": 0.0, "coverage_pct": 0.0, "in_corridor": false, "in_historic": false, "context_type": "Suburban" }, "geometry": { "type": "Polygon", "coordinates": [ [ [ -106.584808215203267, 31.919190832392573 ], [ -106.585084189360245, 31.919182974518655 ], [ -106.585078378103091, 31.918592731450726 ], [ -106.585069422444874, 31.918530555148759 ], [ -106.584969842985743, 31.917983063060426 ], [ -106.584966395350591, 31.917815194221745 ], [ -106.584647195529939, 31.917812851829058 ], [ -106.584645855254294, 31.917812842071264 ], [ -106.584605917008588, 31.917812549020763 ], [ -106.583291774399839, 31.917802896923359 ], [ -106.583316481907687, 31.919006812735109 ], [ -106.583316173361823, 31.919064991326575 ], [ -106.584746417018991, 31.919068284790068 ], [ -106.584747629837423, 31.919191534566778 ], [ -106.584759949418128, 31.919190732994188 ], [ -106.584808215203267, 31.919190832392573 ] ] ] } },
{ "type": "Feature", "properties": { "district": 1, "zonelabel": "C-3", "state_cd_clean": null, "use_desc": "Unknown", "targetlotarea": 30133, "existing_units": 0, "footprint_sqft": 0.0, "interior_sqft": 0.0, "coverage_pct": 0.0, "in_corridor": false, "in_historic": false, "context_type": "Urban" }, "geometry": { "type": "Polygon", "coordinates": [ [ [ -106.551432914600682, 31.813558400515479 ], [ -106.551187744632628, 31.813939937644665 ], [ -106.551275836203658, 31.814024953213423 ], [ -106.55143356423882, 31.81399754766236 ], [ -106.551988054908975, 31.813901202411618 ], [ -106.551923766734745, 31.813631429549346 ], [ -106.55167471090148, 31.81351638776561 ], [ -106.551432914600682, 31.813558400515479 ] ] ] } },
{ "type": "Feature", "properties": { "district": 1, "zonelabel": "C-3", "state_cd_clean": null, "use_desc": "Unknown", "targetlotarea": 72216, "existing_units": 0, "footprint_sqft": 0.0, "interior_sqft": 0.0, "coverage_pct": 0.0, "in_corridor": false, "in_historic": false, "context_type": "Urban" }, "geometry": { "type": "Polygon", "coordinates": [ [ [ -106.552897816598744, 31.815092054604317 ], [ -106.553397232080684, 31.815586052148539 ], [ -106.554112978787998, 31.815084998981042 ], [ -106.554133234734522, 31.815060109305264 ], [ -106.554148245263022, 31.815032644014281 ], [ -106.554157576061115, 31.815003400687008 ], [ -106.554160954893575, 31.814973228770498 ], [ -106.554158284830436, 31.814943005462311 ], [ -106.554149641420452, 31.814913608747414 ], [ -106.554135277364566, 31.814885891882877 ], [ -106.554091472923616, 31.814833796498089 ], [ -106.554052898658483, 31.814778767466095 ], [ -106.554019821965142, 31.814721188547242 ], [ -106.55319754415207, 31.814800736272879 ], [ -106.553205980425389, 31.814855170867652 ], [ -106.552897816598744, 31.815092054604317 ] ] ] } },
{ "type": "Feature", "properties": { "district": 1, "zonelabel": "C-1", "state_cd_clean": null, "use_desc": "Unknown", "targetlotarea": 11986, "existing_units": 0, "footprint_sqft": 0.0, "interior_sqft": 0.0, "coverage_pct": 0.0, "in_corridor": false, "in_historic": false, "context_type": "Suburban" }, "geometry": { "type": "Polygon", "coordinates": [ [ [ -106.560880495642053, 31.816956498574964 ], [ -106.560827507524749, 31.81699819842995 ], [ -106.560770717025093, 31.81703607236696 ], [ -106.560710501250227, 31.817069870194469 ], [ -106.560647261227928, 31.817099367674999 ], [ -106.560581416633269, 31.817124366777936 ], [ -106.560513405148157, 31.817144702032813 ], [ -106.560715820029102, 31.817336437409541 ], [ -106.560740668427442, 31.817317775413908 ], [ -106.560806997887497, 31.817267958079924 ], [ -106.560815995846866, 31.817261200965536 ], [ -106.560816055287816, 31.817261155667186 ], [ -106.56103958607855, 31.817093029808316 ], [ -106.561097577858789, 31.817049412135624 ], [ -106.560952264894723, 31.816902596364411 ], [ -106.560880495642053, 31.816956498574964 ] ] ] } },
{ "type": "Feature", "properties": { "district": 1, "zonelabel": "C-1", "state_cd_clean": null, "use_desc": "Unknown", "targetlotarea": 44618, "existing_units": 0, "footprint_sqft": 0.0, "interior_sqft": 0.0, "coverage_pct": 0.0, "in_corridor": true, "in_historic": false, "context_type": "Suburban" }, "geometry": { "type": "Polygon", "coordinates": [ [ [ -106.526794737650135, 31.829156858222021 ], [ -106.526924641668401, 31.829032995156091 ], [ -106.527060349686565, 31.828913755022977 ], [ -106.527201637618887, 31.828799335442874 ], [ -106.52734827042525, 31.828689928234883 ], [ -106.526991349937049, 31.828332557564288 ], [ -106.52645662286892, 31.828772433908529 ], [ -106.526279792481361, 31.828601120964834 ], [ -106.526147389901695, 31.828485335366764 ], [ -106.526071384162009, 31.828408959110202 ], [ -106.526027109443007, 31.828445383947823 ], [ -106.526107889335748, 31.82851988915618 ], [ -106.526275304511842, 31.828674299617543 ], [ -106.526794737650135, 31.829156858222021 ] ] ] } },
{ "type": "Feature", "properties": { "district": 1, "zonelabel": "C-1", "state_cd_clean": null, "use_desc": "Unknown", "targetlotarea": 16341, "existing_units": 0, "footprint_sqft": 0.0, "interior_sqft": 0.0, "coverage_pct": 0.0, "in_corridor": true, "in_historic": false, "context_type": "Suburban" }, "geometry": { "type": "Polygon", "coordinates": [ [ [ -106.52576236901578, 31.828663183975276 ], [ -106.525848722586417, 31.828738471945762 ], [ -106.52609090070473, 31.828949614495215 ], [ -106.526117725813052, 31.828927508207002 ], [ -106.526345662715016, 31.828739663693483 ], [ -106.526107822197645, 31.828519946545885 ], [ -106.526107889335748, 31.82851988915618 ], [ -106.526027109443007, 31.828445383947823 ], [ -106.52576236901578, 31.828663183975276 ] ] ] } },
{ "type": "Feature", "properties": { "district": 1, "zonelabel": "C-1", "state_cd_clean": null, "use_desc": "Unknown", "targetlotarea": 22670, "existing_units": 0, "footprint_sqft": 0.0, "interior_sqft": 0.0, "coverage_pct": 0.0, "in_corridor": true, "in_historic": false, "context_type": "Suburban" }, "geometry": { "type": "Polygon", "coordinates": [ [ [ -106.526117725813052, 31.828927508207002 ], [ -106.52609090070473, 31.828949614495215 ], [ -106.526345566861238, 31.829171642851087 ], [ -106.526587667425872, 31.829382713264454 ], [ -106.526604777299156, 31.829361890203447 ], [ -106.526697615418129, 31.829257927543534 ], [ -106.526794737650135, 31.829156858222021 ], [ -106.526412894442245, 31.828802122579912 ], [ -106.526345662715016, 31.828739663693483 ], [ -106.526117725813052, 31.828927508207002 ] ] ] } },
{ "type": "Feature", "properties": { "district": 1, "zonelabel": "C-1", "state_cd_clean": null, "use_desc": "Unknown", "targetlotarea": 56619, "existing_units": 0, "footprint_sqft": 0.0, "interior_sqft": 0.0, "coverage_pct": 0.0, "in_corridor": true, "in_historic": false, "context_type": "Suburban" }, "geometry": { "type": "Polygon", "coordinates": [ [ [ -106.525299653993073, 31.829043853063173 ], [ -106.525287668193428, 31.829053920084927 ], [ -106.525899808730401, 31.829597775608601 ], [ -106.525914408922418, 31.829585830026254 ], [ -106.526381908279262, 31.829203327026296 ], [ -106.526345566861238, 31.829171642851087 ], [ -106.52609090070473, 31.828949614495215 ], [ -106.525848722586417, 31.828738471945762 ], [ -106.52576236901578, 31.828663183975276 ], [ -106.525299653993073, 31.829043853063173 ] ] ] } },
{ "type": "Feature", "properties": { "district": 1, "zonelabel": "C-1", "state_cd_clean": null, "use_desc": "Unknown", "targetlotarea": 24987, "existing_units": 0, "footprint_sqft": 0.0, "interior_sqft": 0.0, "coverage_pct": 0.0, "in_corridor": true, "in_historic": false, "context_type": "Suburban" }, "geometry": { "type": "Polygon", "coordinates": [ [ [ -106.526243269660426, 31.829902805361488 ], [ -106.526321400803738, 31.829769039786687 ], [ -106.526404912036739, 31.829637663803894 ], [ -106.526493703764203, 31.829508837501418 ], [ -106.526587667425872, 31.829382713264454 ], [ -106.526381908279262, 31.829203327026296 ], [ -106.525914408922418, 31.829585830026254 ], [ -106.525899808730401, 31.829597775608601 ], [ -106.526101765858144, 31.829777201654846 ], [ -106.526236744360986, 31.829897121812202 ], [ -106.526236789641629, 31.829897053720089 ], [ -106.526243269660426, 31.829902805361488 ] ] ] } },
{ "type": "Feature", "properties": { "district": 1, "zonelabel": "A-O", "state_cd_clean": null, "use_desc": "Unknown", "targetlotarea": 125884, "existing_units": 0, "footprint_sqft": 0.0, "interior_sqft": 0.0, "coverage_pct": 0.0, "in_corridor": true, "in_historic": false, "context_type": "Suburban" }, "geometry": { "type": "Polygon", "coordinates": [ [ [ -106.525287668193428, 31.829053920084927 ], [ -106.524604586838763, 31.829627644522212 ], [ -106.525040857322367, 31.830210971900627 ], [ -106.525236645741145, 31.830197534952759 ], [ -106.525289499008736, 31.830192272082648 ], [ -106.525339839284626, 31.830191025384231 ], [ -106.525460007662303, 31.830180600100675 ], [ -106.525580714107477, 31.830176830494608 ], [ -106.525701453845642, 31.830179730644236 ], [ -106.525821721511406, 31.830189289366103 ], [ -106.525941013022347, 31.830205466513743 ], [ -106.525953426971597, 31.830210872629344 ], [ -106.5259667110615, 31.830214470576312 ], [ -106.525980505493521, 31.830216161855247 ], [ -106.525994438115973, 31.83021590184692 ], [ -106.52600813274455, 31.830213697609626 ], [ -106.526021219709079, 31.83020960737748 ], [ -106.526033345581553, 31.830203743710729 ], [ -106.526044183076777, 31.830196263088762 ], [ -106.526146142869422, 31.83003193044874 ], [ -106.526236744360986, 31.829897121812202 ], [ -106.526101765858144, 31.829777201654846 ], [ -106.525899808730401, 31.829597775608601 ], [ -106.525287668193428, 31.829053920084927 ] ] ] } },
{ "type": "Feature", "properties": { "district": 1, "zonelabel": "C-4", "state_cd_clean": null, "use_desc": "Unknown", "targetlotarea": 53194, "existing_units": 0, "footprint_sqft": 0.0, "interior_sqft": 0.0, "coverage_pct": 0.0, "in_corridor": false, "in_historic": false, "context_type": "Suburban" }, "geometry": { "type": "Polygon", "coordinates": [ [ [ -106.567908429479004, 31.829610005259099 ], [ -106.567669328263904, 31.829743261808918 ], [ -106.567408791777055, 31.82994792052467 ], [ -106.567962554302284, 31.830502794612229 ], [ -106.567978435524338, 31.830518707475751 ], [ -106.568092407303283, 31.830435090537346 ], [ -106.568421360616682, 31.830199175985705 ], [ -106.568390186254987, 31.830160715628939 ], [ -106.567937875527065, 31.829593594112129 ], [ -106.567908429479004, 31.829610005259099 ] ] ] } },
{ "type": "Feature", "properties": { "district": 1, "zonelabel": "C-4", "state_cd_clean": null, "use_desc": "Unknown", "targetlotarea": 47129, "existing_units": 0, "footprint_sqft": 0.0, "interior_sqft": 0.0, "coverage_pct": 0.0, "in_corridor": false, "in_historic": false, "context_type": "Suburban" }, "geometry": { "type": "Polygon", "coordinates": [ [ [ -106.567122942179964, 31.830172462570744 ], [ -106.567100283815179, 31.830193652842148 ], [ -106.567082268260933, 31.830217874350165 ], [ -106.567069443103492, 31.830244395413615 ], [ -106.567062194570639, 31.83027241168735 ], [ -106.56706074321454, 31.830301077080303 ], [ -106.567065132556479, 31.830329524170935 ], [ -106.567075229747033, 31.83035689037073 ], [ -106.567090728690857, 31.830382349389176 ], [ -106.567111160780698, 31.830405129688671 ], [ -106.567330944663183, 31.830618804493547 ], [ -106.56754668103423, 31.830835465741977 ], [ -106.567978435524338, 31.830518707475751 ], [ -106.567962554302284, 31.830502794612229 ], [ -106.567408791777055, 31.82994792052467 ], [ -106.567122942179964, 31.830172462570744 ] ] ] } },
{ "type": "Feature", "properties": { "district": 1, "zonelabel": "C-4", "state_cd_clean": null, "use_desc": "Unknown", "targetlotarea": 53865, "existing_units": 0, "footprint_sqft": 0.0, "interior_sqft": 0.0, "coverage_pct": 0.0, "in_corridor": false, "in_historic": false, "context_type": "Suburban" }, "geometry": { "type": "Polygon", "coordinates": [ [ [ -106.574648858903345, 31.838541770983607 ], [ -106.574642964813833, 31.838569346053713 ], [ -106.574632239120874, 31.838595839418005 ], [ -106.574616932430999, 31.838620637478009 ], [ -106.574558364779392, 31.838841337265556 ], [ -106.574550815957807, 31.83886978383546 ], [ -106.574545837355274, 31.838888549617693 ], [ -106.574537653229598, 31.838919386001084 ], [ -106.574534096344934, 31.838932790424032 ], [ -106.575616339026695, 31.839142080506296 ], [ -106.575619896821223, 31.839128676004382 ], [ -106.575628078622472, 31.839097841457775 ], [ -106.575633060186433, 31.839079075484079 ], [ -106.575723181829176, 31.838739453262125 ], [ -106.57572775706592, 31.838722215236341 ], [ -106.574649787709916, 31.838513752007461 ], [ -106.574648858903345, 31.838541770983607 ] ] ] } },
{ "type": "Feature", "properties": { "district": 1, "zonelabel": "C-3", "state_cd_clean": null, "use_desc": "Unknown", "targetlotarea": 223041, "existing_units": 0, "footprint_sqft": 0.0, "interior_sqft": 0.0, "coverage_pct": 0.0, "in_corridor": false, "in_historic": false, "context_type": "Suburban" }, "geometry": { "type": "Polygon", "coordinates": [ [ [ -106.57328381170548, 31.843444852062891 ], [ -106.573392042366407, 31.843479624962431 ], [ -106.573497145201557, 31.843520800164242 ], [ -106.573598602084289, 31.843568173985204 ], [ -106.573695910802783, 31.843621511268811 ], [ -106.573757631839356, 31.843655360048416 ], [ -106.573823083964328, 31.843683642820405 ], [ -106.573891581058575, 31.843706063678535 ], [ -106.574117366141508, 31.84277289547628 ], [ -106.5742356279804, 31.842793744246837 ], [ -106.574372415589366, 31.842228385060476 ], [ -106.573265960748742, 31.842000714267588 ], [ -106.573304011323401, 31.841839012717223 ], [ -106.573315109232112, 31.841791850144492 ], [ -106.573244754025694, 31.841708664556329 ], [ -106.573126615132296, 31.84156897979366 ], [ -106.572972721764344, 31.841556006440101 ], [ -106.573012190001307, 31.841388279919048 ], [ -106.572505354530193, 31.841640659212946 ], [ -106.572376338645114, 31.841704902360064 ], [ -106.572548578111153, 31.842206061801097 ], [ -106.572651561804619, 31.842505701513712 ], [ -106.573470285949853, 31.842674172378192 ], [ -106.57328381170548, 31.843444852062891 ] ] ] } },
{ "type": "Feature", "properties": { "district": 1, "zonelabel": "C-4", "state_cd_clean": null, "use_desc": "Unknown", "targetlotarea": 164588, "existing_units": 0, "footprint_sqft": 0.0, "interior_sqft": 0.0, "coverage_pct": 0.0, "in_corridor": false, "in_historic": false, "context_type": "Suburban" }, "geometry": { "type": "Polygon", "coordinates": [ [ [ -106.580182667059191, 31.842880440936103 ], [ -106.578576649219315, 31.843340064673392 ], [ -106.578580802383286, 31.844166407559133 ], [ -106.578988262914621, 31.8440513101325 ], [ -106.580482257290797, 31.843629279517916 ], [ -106.580182667059191, 31.842880440936103 ] ] ] } },
{ "type": "Feature", "properties": { "district": 1, "zonelabel": "C-4", "state_cd_clean": null, "use_desc": "Unknown", "targetlotarea": 108640, "existing_units": 0, "footprint_sqft": 0.0, "interior_sqft": 0.0, "coverage_pct": 0.0, "in_corridor": false, "in_historic": false, "context_type": "Suburban" }, "geometry": { "type": "Polygon", "coordinates": [ [ [ -106.578988262914621, 31.8440513101325 ], [ -106.578976589805009, 31.844054710973342 ], [ -106.578580802383286, 31.844166407559133 ], [ -106.578582662800557, 31.844536475948107 ], [ -106.578655190128785, 31.844529450275278 ], [ -106.579132314869469, 31.844443792052626 ], [ -106.579246989034033, 31.844413942393579 ], [ -106.57992792044422, 31.844310750728113 ], [ -106.580657940998748, 31.84410506066174 ], [ -106.580667859142849, 31.844099387240689 ], [ -106.580676622045758, 31.844092464927961 ], [ -106.580684016578047, 31.844084463831638 ], [ -106.580689862916131, 31.84407557775339 ], [ -106.580694018761434, 31.844066023985668 ], [ -106.580696381912375, 31.844056034155678 ], [ -106.580528114869693, 31.843616325361342 ], [ -106.578988262914621, 31.8440513101325 ] ] ] } },
{ "type": "Feature", "properties": { "district": 1, "zonelabel": "A-2", "state_cd_clean": null, "use_desc": "Unknown", "targetlotarea": 21772, "existing_units": 0, "footprint_sqft": 0.0, "interior_sqft": 0.0, "coverage_pct": 0.0, "in_corridor": false, "in_historic": false, "context_type": "Suburban" }, "geometry": { "type": "Polygon", "coordinates": [ [ [ -106.57959350905972, 31.852231324312925 ], [ -106.579810342862004, 31.852785996658827 ], [ -106.580125997962568, 31.85269512478763 ], [ -106.579907221596912, 31.852146461604935 ], [ -106.57959350905972, 31.852231324312925 ] ] ] } },
{ "type": "Feature", "properties": { "district": 1, "zonelabel": "C-3", "state_cd_clean": null, "use_desc": "Unknown", "targetlotarea": 189914, "existing_units": 0, "footprint_sqft": 0.0, "interior_sqft": 0.0, "coverage_pct": 0.0, "in_corridor": false, "in_historic": false, "context_type": "Suburban" }, "geometry": { "type": "Polygon", "coordinates": [ [ [ -106.578149117404919, 31.870810987963313 ], [ -106.578202574981447, 31.870810724030658 ], [ -106.577881106802977, 31.869537691310953 ], [ -106.577878477531797, 31.869513981129057 ], [ -106.576506148923542, 31.869766775951604 ], [ -106.576540024261917, 31.869900933260677 ], [ -106.576570512166114, 31.870021675094989 ], [ -106.576601000147861, 31.870142416915954 ], [ -106.576639653774947, 31.870295498819683 ], [ -106.576692032265669, 31.870502931467843 ], [ -106.576771532107784, 31.870817773404376 ], [ -106.577514397145592, 31.870814116019829 ], [ -106.577725909194115, 31.870813073911133 ], [ -106.577917077703347, 31.870812131764019 ], [ -106.577943604954925, 31.8708120013833 ], [ -106.578149117404919, 31.870810987963313 ] ] ] } },
{ "type": "Feature", "properties": { "district": 1, "zonelabel": "P-R 2", "state_cd_clean": null, "use_desc": "Unknown", "targetlotarea": 393452, "existing_units": 0, "footprint_sqft": 0.0, "interior_sqft": 0.0, "coverage_pct": 0.0, "in_corridor": false, "in_historic": false, "context_type": "Suburban" }, "geometry": { "type": "Polygon", "coordinates": [ [ [ -106.592964260890952, 31.868679680070159 ], [ -106.592749370721762, 31.86873972340225 ], [ -106.59255079802908, 31.868793232684723 ], [ -106.592548472356469, 31.868796099456382 ], [ -106.592329256412469, 31.868855558733685 ], [ -106.592326931786729, 31.8688584254506 ], [ -106.592099319244539, 31.868919606698231 ], [ -106.592096994610273, 31.868922473410986 ], [ -106.59189071214503, 31.868978671817935 ], [ -106.591888384337693, 31.868981538679034 ], [ -106.591629650725366, 31.86905310033109 ], [ -106.591316488086875, 31.869143145920983 ], [ -106.591067417293232, 31.869212748920692 ], [ -106.591372138116881, 31.869989215128715 ], [ -106.591372153214579, 31.869989251437264 ], [ -106.591602684319582, 31.870576671664267 ], [ -106.59169436178766, 31.870810270337746 ], [ -106.593403207806105, 31.870387202504197 ], [ -106.593405635901632, 31.870376988097057 ], [ -106.593404235601113, 31.870374054745373 ], [ -106.593421752124826, 31.870332347720272 ], [ -106.593446733932637, 31.870293509193722 ], [ -106.593478559992377, 31.870258505710442 ], [ -106.593516438776945, 31.870228206328417 ], [ -106.593559428356897, 31.870203366298075 ], [ -106.593606459122341, 31.870184602485462 ], [ -106.593007912138034, 31.868666363937312 ], [ -106.592964260890952, 31.868679680070159 ] ] ] } },
{ "type": "Feature", "properties": { "district": 1, "zonelabel": "C-4", "state_cd_clean": null, "use_desc": "Unknown", "targetlotarea": 308210, "existing_units": 0, "footprint_sqft": 0.0, "interior_sqft": 0.0, "coverage_pct": 0.0, "in_corridor": false, "in_historic": false, "context_type": "Suburban" }, "geometry": { "type": "Polygon", "coordinates": [ [ [ -106.590041952892292, 31.882491456714025 ], [ -106.590897595593603, 31.882503398813505 ], [ -106.590900766321667, 31.881406921185079 ], [ -106.591794056791869, 31.881429090356438 ], [ -106.591987633205065, 31.881433894058603 ], [ -106.592967023786244, 31.881488683149303 ], [ -106.593029011284514, 31.881492151240213 ], [ -106.592739222881818, 31.880818781516268 ], [ -106.592505463140299, 31.880275597156363 ], [ -106.592456860547088, 31.880297633353475 ], [ -106.591222466860131, 31.88085728756943 ], [ -106.590047916889617, 31.881335289416661 ], [ -106.590029188208547, 31.882491119716036 ], [ -106.590041952892292, 31.882491456714025 ] ] ] } },
{ "type": "Feature", "properties": { "district": 1, "zonelabel": "C-4", "state_cd_clean": null, "use_desc": "Unknown", "targetlotarea": 168297, "existing_units": 0, "footprint_sqft": 0.0, "interior_sqft": 0.0, "coverage_pct": 0.0, "in_corridor": false, "in_historic": false, "context_type": "Suburban" }, "geometry": { "type": "Polygon", "coordinates": [ [ [ -106.588733546343391, 31.882754418598648 ], [ -106.590007846052572, 31.882759794441132 ], [ -106.590004787390072, 31.882678115436939 ], [ -106.590000936617514, 31.882490373261177 ], [ -106.590029188208547, 31.882491119716036 ], [ -106.590047916889617, 31.881335289416661 ], [ -106.589981917025241, 31.88136214925801 ], [ -106.589916043861678, 31.881389261311099 ], [ -106.588763034661767, 31.881863830472803 ], [ -106.588735321432722, 31.881875236623685 ], [ -106.588733546343391, 31.882754418598648 ] ] ] } },
{ "type": "Feature", "properties": { "district": 1, "zonelabel": "C-3", "state_cd_clean": null, "use_desc": "Unknown", "targetlotarea": 131599, "existing_units": 0, "footprint_sqft": 0.0, "interior_sqft": 0.0, "coverage_pct": 0.0, "in_corridor": false, "in_historic": false, "context_type": "Suburban" }, "geometry": { "type": "Polygon", "coordinates": [ [ [ -106.55571793213312, 31.884434948450817 ], [ -106.556566426235094, 31.884425386208271 ], [ -106.556674187336185, 31.88439024006097 ], [ -106.556688644132095, 31.884217557808309 ], [ -106.556700112924105, 31.884080559404165 ], [ -106.556711582738302, 31.883943560940608 ], [ -106.556723051464047, 31.883806562518433 ], [ -106.556734520215841, 31.883669564987709 ], [ -106.556745988647492, 31.883532579203898 ], [ -106.556565032875042, 31.883521454814648 ], [ -106.556543346709773, 31.883520120928761 ], [ -106.556384037803753, 31.883510327537731 ], [ -106.556203041660567, 31.883499199159445 ], [ -106.556186074797083, 31.883498156381108 ], [ -106.556075110312506, 31.883491333976437 ], [ -106.556067528726174, 31.883491754935008 ], [ -106.556021899908501, 31.883494287332908 ], [ -106.555859196092428, 31.883503316656014 ], [ -106.555754459667298, 31.883509129145324 ], [ -106.555699661375002, 31.883531020801421 ], [ -106.555552188076973, 31.883589936572079 ], [ -106.555466098449074, 31.883624329188319 ], [ -106.555413674314565, 31.883664060281681 ], [ -106.555413639177871, 31.883664024927061 ], [ -106.555279218260821, 31.883765742323298 ], [ -106.555275678320996, 31.88376842066641 ], [ -106.555181497109245, 31.883839685504203 ], [ -106.555280689764416, 31.883940761528823 ], [ -106.555376127826051, 31.884044435758867 ], [ -106.55571793213312, 31.884434948450817 ] ] ] } },
{ "type": "Feature", "properties": { "district": 1, "zonelabel": "C-3", "state_cd_clean": null, "use_desc": "Unknown", "targetlotarea": 110000, "existing_units": 0, "footprint_sqft": 0.0, "interior_sqft": 0.0, "coverage_pct": 0.0, "in_corridor": false, "in_historic": false, "context_type": "Suburban" }, "geometry": { "type": "Polygon", "coordinates": [ [ [ -106.554827194271184, 31.886052926749386 ], [ -106.554827444036192, 31.886077158007701 ], [ -106.555974395660556, 31.885238863326112 ], [ -106.555944156794354, 31.885204304564141 ], [ -106.555508523878274, 31.884706421222653 ], [ -106.555482886934314, 31.884706671417113 ], [ -106.554813434113825, 31.884714964002406 ], [ -106.554827194271184, 31.886052926749386 ] ] ] } },
{ "type": "Feature", "properties": { "district": 1, "zonelabel": "R-3", "state_cd_clean": null, "use_desc": "Unknown", "targetlotarea": 100262, "existing_units": 0, "footprint_sqft": 0.0, "interior_sqft": 0.0, "coverage_pct": 0.0, "in_corridor": false, "in_historic": false, "context_type": "Suburban" }, "geometry": { "type": "Polygon", "coordinates": [ [ [ -106.588741826865046, 31.88534657398505 ], [ -106.589371895547217, 31.885349257546441 ], [ -106.589371896172565, 31.8853492349348 ], [ -106.589373248005785, 31.884904740333493 ], [ -106.5893726332461, 31.884612720889379 ], [ -106.589374718897005, 31.883966599311286 ], [ -106.589348028947072, 31.883966487646074 ], [ -106.589225191314725, 31.88396596867323 ], [ -106.589101182565898, 31.883965445319134 ], [ -106.5889795489459, 31.88396493151026 ], [ -106.588745977222558, 31.883963945501534 ], [ -106.58873110258223, 31.883963882234355 ], [ -106.58873092724339, 31.885346527536921 ], [ -106.588741826865046, 31.88534657398505 ] ] ] } },
{ "type": "Feature", "properties": { "district": 1, "zonelabel": "C-3", "state_cd_clean": null, "use_desc": "Unknown", "targetlotarea": 62614, "existing_units": 0, "footprint_sqft": 0.0, "interior_sqft": 0.0, "coverage_pct": 0.0, "in_corridor": false, "in_historic": false, "context_type": "Suburban" }, "geometry": { "type": "Polygon", "coordinates": [ [ [ -106.554827444036192, 31.886077158007701 ], [ -106.554830358401674, 31.886491333414213 ], [ -106.556221072365716, 31.88552078691858 ], [ -106.556189608636387, 31.885484827082106 ], [ -106.556125797820641, 31.885411899115478 ], [ -106.556101971225658, 31.885384668276647 ], [ -106.555974395660556, 31.885238863326112 ], [ -106.554827444036192, 31.886077158007701 ] ] ] } },
{ "type": "Feature", "properties": { "district": 1, "zonelabel": "C-3", "state_cd_clean": null, "use_desc": "Unknown", "targetlotarea": 113499, "existing_units": 0, "footprint_sqft": 0.0, "interior_sqft": 0.0, "coverage_pct": 0.0, "in_corridor": false, "in_historic": false, "context_type": "Suburban" }, "geometry": { "type": "Polygon", "coordinates": [ [ [ -106.554830358401674, 31.886491333414213 ], [ -106.554832959923814, 31.886805537731796 ], [ -106.556647264365679, 31.886189000500352 ], [ -106.5567490322521, 31.886124175488611 ], [ -106.556221072365716, 31.88552078691858 ], [ -106.554830358401674, 31.886491333414213 ] ] ] } },
{ "type": "Feature", "properties": { "district": 1, "zonelabel": "C-4", "state_cd_clean": null, "use_desc": "Unknown", "targetlotarea": 297750, "existing_units": 0, "footprint_sqft": 0.0, "interior_sqft": 0.0, "coverage_pct": 0.0, "in_corridor": false, "in_historic": false, "context_type": "Suburban" }, "geometry": { "type": "Polygon", "coordinates": [ [ [ -106.58336915741404, 31.885075313154957 ], [ -106.583445451868414, 31.885353175065742 ], [ -106.583462974148404, 31.885416670806357 ], [ -106.583461363518239, 31.885584036692361 ], [ -106.584859285088427, 31.88575018123159 ], [ -106.584916287938853, 31.88576902039415 ], [ -106.585861427309595, 31.886081369683836 ], [ -106.585764691093246, 31.885615036321528 ], [ -106.585746174456318, 31.885542843165993 ], [ -106.585721188813039, 31.885472083320217 ], [ -106.58568988373942, 31.885403178650527 ], [ -106.585652446028277, 31.885336537493139 ], [ -106.585609097756858, 31.885272557457231 ], [ -106.585560096926031, 31.885211619071207 ], [ -106.585505736404698, 31.885154085833889 ], [ -106.585446338356476, 31.885100299965504 ], [ -106.585382257345842, 31.885050581355888 ], [ -106.585021099704591, 31.884791366144221 ], [ -106.584946781779266, 31.884733436693377 ], [ -106.584877999743739, 31.884670726065107 ], [ -106.584815175926693, 31.884603618657529 ], [ -106.584758693158918, 31.884532526055761 ], [ -106.584708898697954, 31.884457882327251 ], [ -106.584666097955846, 31.884380145225588 ], [ -106.584630550918163, 31.884299790039449 ], [ -106.584617654632694, 31.884233024745654 ], [ -106.5846002054369, 31.884167017232809 ], [ -106.584535415338436, 31.884209466881849 ], [ -106.584295559890236, 31.884366618718584 ], [ -106.58432907958408, 31.884403862819525 ], [ -106.583335719972894, 31.884579873506148 ], [ -106.583199333173283, 31.884457466119898 ], [ -106.583207694721423, 31.884490076382139 ], [ -106.583213195822822, 31.884511524103463 ], [ -106.58336915741404, 31.885075313154957 ] ] ] } },
{ "type": "Feature", "properties": { "district": 1, "zonelabel": "R-5", "state_cd_clean": null, "use_desc": "Unknown", "targetlotarea": 105346, "existing_units": 0, "footprint_sqft": 0.0, "interior_sqft": 0.0, "coverage_pct": 0.0, "in_corridor": false, "in_historic": false, "context_type": "Suburban" }, "geometry": { "type": "Polygon", "coordinates": [ [ [ -106.589370641005573, 31.885761613760398 ], [ -106.589490725526389, 31.885762135788731 ], [ -106.589488132330956, 31.885331503457508 ], [ -106.59001936049323, 31.885326905689496 ], [ -106.590019760211618, 31.885279123649628 ], [ -106.590021320511596, 31.885102426990276 ], [ -106.59001948862516, 31.884937950059925 ], [ -106.590021425487109, 31.884771772774197 ], [ -106.590020792933089, 31.88458643871904 ], [ -106.590021476066568, 31.884373989554021 ], [ -106.590022691929846, 31.884216105419064 ], [ -106.590022904296262, 31.884188617887965 ], [ -106.590019897568283, 31.884006176288207 ], [ -106.590019721360378, 31.883969318882173 ], [ -106.589894531927925, 31.883968791581289 ], [ -106.589470834744148, 31.883967005322727 ], [ -106.589374718897005, 31.883966599311286 ], [ -106.5893726332461, 31.884612720889379 ], [ -106.589373248005785, 31.884904740333493 ], [ -106.589371896172565, 31.8853492349348 ], [ -106.589371895872503, 31.885349294564694 ], [ -106.589370641005573, 31.885761613760398 ] ] ] } },
{ "type": "Feature", "properties": { "district": 1, "zonelabel": "C-3", "state_cd_clean": null, "use_desc": "Unknown", "targetlotarea": 22492, "existing_units": 0, "footprint_sqft": 0.0, "interior_sqft": 0.0, "coverage_pct": 0.0, "in_corridor": false, "in_historic": false, "context_type": "Suburban" }, "geometry": { "type": "Polygon", "coordinates": [ [ [ -106.595397995371229, 31.889279961715236 ], [ -106.595418818218405, 31.889279650657834 ], [ -106.595847944450497, 31.889273236944597 ], [ -106.595817016827056, 31.888838460992481 ], [ -106.595815180608071, 31.888812649030648 ], [ -106.59544285318006, 31.888821925787951 ], [ -106.595397355043559, 31.888823059219984 ], [ -106.595397995371229, 31.889279961715236 ] ] ] } },
{ "type": "Feature", "properties": { "district": 1, "zonelabel": "C-4", "state_cd_clean": null, "use_desc": "Unknown", "targetlotarea": 85973, "existing_units": 0, "footprint_sqft": 0.0, "interior_sqft": 0.0, "coverage_pct": 0.0, "in_corridor": false, "in_historic": false, "context_type": "Suburban" }, "geometry": { "type": "Polygon", "coordinates": [ [ [ -106.583380844689316, 31.892358579700026 ], [ -106.583390935457388, 31.892358582347189 ], [ -106.583409722613411, 31.892358586804896 ], [ -106.583620191553464, 31.892358634374315 ], [ -106.584092057388276, 31.892358738585088 ], [ -106.584186186836533, 31.89235875917641 ], [ -106.584186250165942, 31.892321679143727 ], [ -106.58418648325987, 31.892184260513282 ], [ -106.584186564516898, 31.892136340503264 ], [ -106.58418671746783, 31.892046842724483 ], [ -106.584186997648445, 31.89188194104765 ], [ -106.584187230799515, 31.89174452329172 ], [ -106.584187464945956, 31.891607104576547 ], [ -106.584187698095718, 31.891469686804449 ], [ -106.584187794360119, 31.891413323290109 ], [ -106.584142631533652, 31.891413312979999 ], [ -106.584072236322825, 31.891413297800643 ], [ -106.58339142754096, 31.891413145277461 ], [ -106.583391072866263, 31.891413145134891 ], [ -106.583382461231409, 31.891413142872587 ], [ -106.583380844689316, 31.892358579700026 ] ] ] } },
{ "type": "Feature", "properties": { "district": 1, "zonelabel": "C-4", "state_cd_clean": null, "use_desc": "Unknown", "targetlotarea": 8755, "existing_units": 0, "footprint_sqft": 0.0, "interior_sqft": 0.0, "coverage_pct": 0.0, "in_corridor": false, "in_historic": false, "context_type": "Suburban" }, "geometry": { "type": "Polygon", "coordinates": [ [ [ -106.583380680533978, 31.89245477653597 ], [ -106.584186835100795, 31.892455013712009 ], [ -106.584186186836533, 31.89235875917641 ], [ -106.584092057388276, 31.892358738585088 ], [ -106.583620191553464, 31.892358634374315 ], [ -106.583409722613411, 31.892358586804896 ], [ -106.583390935457388, 31.892358582347189 ], [ -106.583380844689316, 31.892358579700026 ], [ -106.583380680533978, 31.89245477653597 ] ] ] } },
{ "type": "Feature", "properties": { "district": 1, "zonelabel": "A-O", "state_cd_clean": null, "use_desc": "Unknown", "targetlotarea": 502731, "existing_units": 0, "footprint_sqft": 0.0, "interior_sqft": 0.0, "coverage_pct": 0.0, "in_corridor": false, "in_historic": false, "context_type": "Suburban" }, "geometry": { "type": "Polygon", "coordinates": [ [ [ -106.584342884673276, 31.894930899659087 ], [ -106.584391745695299, 31.894930916762021 ], [ -106.585276918045381, 31.894931223732947 ], [ -106.589281533952544, 31.894932541820999 ], [ -106.589295703406961, 31.894932545941554 ], [ -106.589296383618645, 31.894931911699658 ], [ -106.589293674847582, 31.894038159418791 ], [ -106.589293669262545, 31.894038074780514 ], [ -106.589281746668419, 31.894038072044353 ], [ -106.587536181499445, 31.894036754622615 ], [ -106.587194263157912, 31.894036494077497 ], [ -106.587161967410694, 31.894030312808482 ], [ -106.587145463007772, 31.894029272527835 ], [ -106.584442023544824, 31.894028519416104 ], [ -106.584344412093216, 31.894031240325713 ], [ -106.584342884673276, 31.894930899659087 ] ] ] } },
{ "type": "Feature", "properties": { "district": 1, "zonelabel": "R-3A", "state_cd_clean": null, "use_desc": "Unknown", "targetlotarea": 8095, "existing_units": 0, "footprint_sqft": 0.0, "interior_sqft": 0.0, "coverage_pct": 0.0, "in_corridor": false, "in_historic": false, "context_type": "Suburban" }, "geometry": { "type": "Polygon", "coordinates": [ [ [ -106.589346255447936, 31.894038089027745 ], [ -106.58931400050075, 31.894038080115177 ], [ -106.589293669262545, 31.894038074780514 ], [ -106.589293674847582, 31.894038159418791 ], [ -106.589296383618645, 31.894931911699658 ], [ -106.589295703406961, 31.894932545941554 ], [ -106.589435536854538, 31.894932589738847 ], [ -106.589447128210779, 31.894932593020481 ], [ -106.589447126517967, 31.894931588675743 ], [ -106.589567599929737, 31.894931330157618 ], [ -106.589583861005252, 31.894931295204636 ], [ -106.589514481427756, 31.89487652083443 ], [ -106.589435734825599, 31.894852288470254 ], [ -106.589360459486187, 31.894829124996072 ], [ -106.589358061193821, 31.894038037755024 ], [ -106.589346255447936, 31.894038089027745 ] ] ] } },
{ "type": "Feature", "properties": { "district": 1, "zonelabel": "R-4", "state_cd_clean": null, "use_desc": "Unknown", "targetlotarea": 9125, "existing_units": 0, "footprint_sqft": 0.0, "interior_sqft": 0.0, "coverage_pct": 0.0, "in_corridor": false, "in_historic": false, "context_type": "Suburban" }, "geometry": { "type": "Polygon", "coordinates": [ [ [ -106.594274707341881, 31.896982785823333 ], [ -106.594315645126201, 31.896920397050973 ], [ -106.594592164926127, 31.896475599595554 ], [ -106.594312048295237, 31.896476974174487 ], [ -106.594274372727455, 31.896477159258854 ], [ -106.594274707341881, 31.896982785823333 ] ] ] } },
{ "type": "Feature", "properties": { "district": 1, "zonelabel": "R-3", "state_cd_clean": null, "use_desc": "Unknown", "targetlotarea": 464277, "existing_units": 0, "footprint_sqft": 0.0, "interior_sqft": 0.0, "coverage_pct": 0.0, "in_corridor": false, "in_historic": false, "context_type": "Suburban" }, "geometry": { "type": "Polygon", "coordinates": [ [ [ -106.594273993661758, 31.895902868694307 ], [ -106.59219132661805, 31.895907528720478 ], [ -106.592135658939483, 31.895907651896831 ], [ -106.592136938628371, 31.897911964261642 ], [ -106.592136984597857, 31.897983256435264 ], [ -106.59352003988954, 31.897979706650357 ], [ -106.593620706608519, 31.897979448967885 ], [ -106.593684560505338, 31.897882140968619 ], [ -106.594274707341881, 31.896982785823333 ], [ -106.594273993661758, 31.895902868694307 ] ] ] } },
{ "type": "Feature", "properties": { "district": 1, "zonelabel": "C-3", "state_cd_clean": null, "use_desc": "Unknown", "targetlotarea": 216291, "existing_units": 0, "footprint_sqft": 0.0, "interior_sqft": 0.0, "coverage_pct": 0.0, "in_corridor": false, "in_historic": false, "context_type": "Suburban" }, "geometry": { "type": "Polygon", "coordinates": [ [ [ -106.584046542787803, 31.863536896802636 ], [ -106.585476310816006, 31.863585520057462 ], [ -106.585679333512701, 31.863587247495733 ], [ -106.58593509068028, 31.863589440269294 ], [ -106.586146730391846, 31.863530625124667 ], [ -106.586356592318765, 31.863467339799499 ], [ -106.586601516220995, 31.863398433803955 ], [ -106.586618124531768, 31.863441275945167 ], [ -106.586615859550804, 31.863432896678429 ], [ -106.58661525857363, 31.863424311942389 ], [ -106.586616335341787, 31.863415762250494 ], [ -106.586619063089131, 31.863407483738932 ], [ -106.586623363813558, 31.863399705971457 ], [ -106.586629118530539, 31.863392646931111 ], [ -106.586636166560709, 31.863386502214929 ], [ -106.586644313792263, 31.863381441927398 ], [ -106.586653333498546, 31.863377607028156 ], [ -106.586662973426343, 31.863375104475299 ], [ -106.586650848884545, 31.863354339746834 ], [ -106.587275355125726, 31.863125616066355 ], [ -106.587271783601466, 31.863028714766809 ], [ -106.587271781125381, 31.863028420419003 ], [ -106.587271779627201, 31.863028381650267 ], [ -106.58727177924348, 31.863028343731283 ], [ -106.587271777745329, 31.863028304962548 ], [ -106.587271777361622, 31.863028267043521 ], [ -106.587271776918513, 31.863028228224113 ], [ -106.587271775420348, 31.863028189455417 ], [ -106.587271775036584, 31.863028151536398 ], [ -106.587271774593489, 31.863028112716965 ], [ -106.587271773154697, 31.863028074848614 ], [ -106.587271772711588, 31.863028036029249 ], [ -106.587271771272796, 31.863027998160916 ], [ -106.587271768719603, 31.863027959442856 ], [ -106.587271767280853, 31.86302792157451 ], [ -106.587271765782688, 31.863027882805813 ], [ -106.587271763288868, 31.863027844988132 ], [ -106.587271761790674, 31.863027806219385 ], [ -106.587271760351896, 31.863027768351092 ], [ -106.58727175885376, 31.863027729582367 ], [ -106.587271756359939, 31.863027691764689 ], [ -106.587271754861774, 31.863027652995953 ], [ -106.587271753422982, 31.863027615127614 ], [ -106.587271752386116, 31.863027567303988 ], [ -106.587271752121154, 31.86302753118586 ], [ -106.587236194124557, 31.862294905851694 ], [ -106.586170620355659, 31.862684740135638 ], [ -106.586025618090488, 31.862737787431243 ], [ -106.584874672489505, 31.863180327843313 ], [ -106.584714219021066, 31.863242021772326 ], [ -106.584600544929771, 31.863285729225378 ], [ -106.584553765344126, 31.863303715502255 ], [ -106.584515864957211, 31.863318287457464 ], [ -106.584536773838522, 31.863351900580675 ], [ -106.584046542787803, 31.863536896802636 ] ] ] } },
{ "type": "Feature", "properties": { "district": 1, "zonelabel": "C-4", "state_cd_clean": null, "use_desc": "Unknown", "targetlotarea": 1028301, "existing_units": 0, "footprint_sqft": 0.0, "interior_sqft": 0.0, "coverage_pct": 0.0, "in_corridor": false, "in_historic": false, "context_type": "Suburban" }, "geometry": { "type": "Polygon", "coordinates": [ [ [ -106.568931112256507, 31.903718089022288 ], [ -106.568757330001503, 31.903836655287272 ], [ -106.568588618008718, 31.903960436026697 ], [ -106.568425190326124, 31.904089272881215 ], [ -106.568267256428413, 31.904223002291456 ], [ -106.568115015820766, 31.904361453949786 ], [ -106.567968663375638, 31.90450445144803 ], [ -106.567828385110914, 31.904651812479226 ], [ -106.567694361415292, 31.904803349586665 ], [ -106.567566759659925, 31.904958870517039 ], [ -106.567445745690492, 31.905118175864153 ], [ -106.567439569329423, 31.905126095746784 ], [ -106.567435067696763, 31.90513479898717 ], [ -106.56743237433399, 31.905144029898764 ], [ -106.567431566711321, 31.90515351741319 ], [ -106.567432668871334, 31.905162983083127 ], [ -106.567435648795296, 31.905172149337627 ], [ -106.567440418936116, 31.905180747585749 ], [ -106.567446838802979, 31.90518852531866 ], [ -106.567454720771821, 31.905195253961345 ], [ -106.567463833784913, 31.905200736824195 ], [ -106.567595236622381, 31.905265650369749 ], [ -106.56770046419534, 31.905314083039883 ], [ -106.567808920190643, 31.905357023835126 ], [ -106.567920209889323, 31.905394315505056 ], [ -106.56803392943624, 31.905425822915269 ], [ -106.568149666895593, 31.9054514329973 ], [ -106.56826700312925, 31.905471051996741 ], [ -106.568385509863802, 31.905484608275611 ], [ -106.569434348747123, 31.905577249254311 ], [ -106.569694118213619, 31.905596659344013 ], [ -106.569954478008057, 31.905609058553843 ], [ -106.570215165639254, 31.905614433250722 ], [ -106.570475923489553, 31.905612779506061 ], [ -106.57073035824375, 31.905611163344528 ], [ -106.570984726298263, 31.905616401921161 ], [ -106.571238773196356, 31.905628489358655 ], [ -106.571492246295705, 31.905647415178336 ], [ -106.571492416013925, 31.905647339307453 ], [ -106.5717426746629, 31.903583795596195 ], [ -106.571751376643434, 31.903512043833789 ], [ -106.571752066906825, 31.903511784964714 ], [ -106.571823362101171, 31.903485026134167 ], [ -106.572042636103419, 31.903402726381788 ], [ -106.572075937432061, 31.902716962271807 ], [ -106.572083172624275, 31.902567968822645 ], [ -106.572064837451919, 31.902566350366257 ], [ -106.572095550234749, 31.902313092178808 ], [ -106.572144690272893, 31.901907874674162 ], [ -106.57201621522313, 31.902006842152133 ], [ -106.571884771037901, 31.90210293031231 ], [ -106.571750446692448, 31.90219607527067 ], [ -106.571751002481975, 31.902206049436767 ], [ -106.571593784661786, 31.902308824502033 ], [ -106.571433051320639, 31.902407562178066 ], [ -106.571268942793751, 31.902502174440208 ], [ -106.571101606047662, 31.902592577462979 ], [ -106.570931188346961, 31.902678691923516 ], [ -106.570757841298885, 31.902760440098064 ], [ -106.570352784007824, 31.902963638682746 ], [ -106.56992701998908, 31.903173263019521 ], [ -106.570055875062764, 31.903363720280979 ], [ -106.569569357243026, 31.90360691998066 ], [ -106.569539806120929, 31.903566598285654 ], [ -106.569432702788149, 31.903420459495987 ], [ -106.569269537992213, 31.903510527472736 ], [ -106.569109742867099, 31.903604888742066 ], [ -106.568931112256507, 31.903718089022288 ] ] ] } },
{ "type": "Feature", "properties": { "district": 1, "zonelabel": "C-4", "state_cd_clean": null, "use_desc": "Unknown", "targetlotarea": 200932, "existing_units": 0, "footprint_sqft": 0.0, "interior_sqft": 0.0, "coverage_pct": 0.0, "in_corridor": false, "in_historic": false, "context_type": "Suburban" }, "geometry": { "type": "Polygon", "coordinates": [ [ [ -106.584959206342958, 31.904973220016302 ], [ -106.584944899878835, 31.904928645396435 ], [ -106.584893843968956, 31.904769563816544 ], [ -106.584835638669702, 31.904588209616243 ], [ -106.584835583759229, 31.904579525648327 ], [ -106.584834355377481, 31.904386612295117 ], [ -106.584833304511449, 31.904221678669995 ], [ -106.58483225470458, 31.904056744982501 ], [ -106.584831116993016, 31.90387806705392 ], [ -106.583348836255823, 31.903888079688134 ], [ -106.583354386218147, 31.904761543124771 ], [ -106.583491225630397, 31.905187931814218 ], [ -106.583719909282138, 31.90513062345725 ], [ -106.584959206342958, 31.904973220016302 ] ] ] } },
{ "type": "Feature", "properties": { "district": 1, "zonelabel": "C-2", "state_cd_clean": null, "use_desc": "Unknown", "targetlotarea": 136514, "existing_units": 0, "footprint_sqft": 0.0, "interior_sqft": 0.0, "coverage_pct": 0.0, "in_corridor": false, "in_historic": false, "context_type": "Suburban" }, "geometry": { "type": "Polygon", "coordinates": [ [ [ -106.582499196424877, 31.853903635814106 ], [ -106.582222257418977, 31.853982505890329 ], [ -106.582395551598367, 31.854445942535239 ], [ -106.582909535032144, 31.854302043920431 ], [ -106.583029934764227, 31.854264740224362 ], [ -106.583060219186265, 31.854257937301682 ], [ -106.583064015184405, 31.854257084853725 ], [ -106.582998531788093, 31.854088384970595 ], [ -106.583017267801509, 31.854083086650995 ], [ -106.583642359902925, 31.853906330464952 ], [ -106.583929585889081, 31.853825109003964 ], [ -106.583919880082789, 31.853801161287155 ], [ -106.583919513442893, 31.853801266507048 ], [ -106.583850021509306, 31.853613832206079 ], [ -106.584338571391342, 31.853462226990597 ], [ -106.584316929638391, 31.853401996075018 ], [ -106.583616259994386, 31.853595317145416 ], [ -106.583504642153144, 31.853325130966351 ], [ -106.584210043024143, 31.853127849998909 ], [ -106.584188575258253, 31.853074463850842 ], [ -106.584166960255246, 31.853015984880859 ], [ -106.583517615763256, 31.853194312027259 ], [ -106.583269510494091, 31.853263711450705 ], [ -106.58319396168045, 31.853284967350586 ], [ -106.582933382013579, 31.853355249465679 ], [ -106.582955382450635, 31.853412473515625 ], [ -106.582863087889805, 31.8534377703836 ], [ -106.58244051069056, 31.853539329819984 ], [ -106.582368571610729, 31.853560638679184 ], [ -106.582499196424877, 31.853903635814106 ] ] ] } },
{ "type": "Feature", "properties": { "district": 1, "zonelabel": "R-3A", "state_cd_clean": null, "use_desc": "Unknown", "targetlotarea": 2067806, "existing_units": 0, "footprint_sqft": 0.0, "interior_sqft": 0.0, "coverage_pct": 0.0, "in_corridor": false, "in_historic": false, "context_type": "Suburban" }, "geometry": { "type": "Polygon", "coordinates": [ [ [ -106.583726059095312, 31.898006410762292 ], [ -106.585596619991861, 31.898004051108035 ], [ -106.587781840011971, 31.898001261300966 ], [ -106.587797120904938, 31.898090627641601 ], [ -106.589453151309982, 31.898086350240316 ], [ -106.589453010175831, 31.897963640164448 ], [ -106.589452952008116, 31.897963641151708 ], [ -106.589451618210433, 31.897269368504457 ], [ -106.589452345310804, 31.8972174295562 ], [ -106.5894516495582, 31.896468183431352 ], [ -106.589451647938603, 31.896465912712916 ], [ -106.589447128210779, 31.894932593020481 ], [ -106.589435536854538, 31.894932589738847 ], [ -106.589281533952544, 31.894932541820999 ], [ -106.585276918045381, 31.894931223732947 ], [ -106.584391745695299, 31.894930916762021 ], [ -106.584342884673276, 31.894930899659087 ], [ -106.583550678306068, 31.894930618185626 ], [ -106.583508713294023, 31.897916715700593 ], [ -106.583546003762834, 31.897894158686665 ], [ -106.583603740136098, 31.897859235028093 ], [ -106.583726059095312, 31.898006410762292 ] ] ] } },
{ "type": "Feature", "properties": { "district": 1, "zonelabel": "R-3", "state_cd_clean": null, "use_desc": "Unknown", "targetlotarea": 1564497, "existing_units": 0, "footprint_sqft": 0.0, "interior_sqft": 0.0, "coverage_pct": 0.0, "in_corridor": false, "in_historic": false, "context_type": "Suburban" }, "geometry": { "type": "Polygon", "coordinates": [ [ [ -106.587797120904938, 31.898090627641601 ], [ -106.587797311956578, 31.898091742122027 ], [ -106.587814881756543, 31.898194489627464 ], [ -106.587827928004202, 31.898194472892786 ], [ -106.58791250196623, 31.898765360506975 ], [ -106.58826516413049, 31.901145813055649 ], [ -106.588319654024232, 31.901146264898994 ], [ -106.591155389413288, 31.901169723766291 ], [ -106.591412886570183, 31.901171850523379 ], [ -106.591436050213304, 31.9011720419883 ], [ -106.591525180167153, 31.901172778424367 ], [ -106.59355753529988, 31.898075727822455 ], [ -106.593457187471898, 31.898075989997157 ], [ -106.589453151309982, 31.898086350240316 ], [ -106.587797120904938, 31.898090627641601 ] ] ] } },
{ "type": "Feature", "properties": { "district": 1, "zonelabel": "C-4", "state_cd_clean": null, "use_desc": "Unknown", "targetlotarea": 138693, "existing_units": 0, "footprint_sqft": 0.0, "interior_sqft": 0.0, "coverage_pct": 0.0, "in_corridor": false, "in_historic": false, "context_type": "Suburban" }, "geometry": { "type": "Polygon", "coordinates": [ [ [ -106.584106588811352, 31.907266468527354 ], [ -106.584138204134504, 31.907370752324422 ], [ -106.585838438668489, 31.90734407801358 ], [ -106.586387201193389, 31.907079258237328 ], [ -106.586955988459849, 31.907570350819661 ], [ -106.58709119295176, 31.90748979157372 ], [ -106.586539386048202, 31.907013360831979 ], [ -106.587249779921919, 31.906414640069919 ], [ -106.587773081523011, 31.906816051820488 ], [ -106.588281343243068, 31.90604096061033 ], [ -106.586206179516537, 31.906407129855097 ], [ -106.586370731592581, 31.906931647651028 ], [ -106.586239771215446, 31.907004098984114 ], [ -106.58561424375992, 31.90727204336671 ], [ -106.585410272146476, 31.90726574218948 ], [ -106.584106588811352, 31.907266468527354 ] ] ] } },
{ "type": "Feature", "properties": { "district": 1, "zonelabel": "C-4", "state_cd_clean": null, "use_desc": "Unknown", "targetlotarea": 1142760, "existing_units": 0, "footprint_sqft": 0.0, "interior_sqft": 0.0, "coverage_pct": 0.0, "in_corridor": false, "in_historic": false, "context_type": "Suburban" }, "geometry": { "type": "Polygon", "coordinates": [ [ [ -106.57647431645367, 31.907692940855068 ], [ -106.577577426959664, 31.907832377052316 ], [ -106.577612318220588, 31.90781186642943 ], [ -106.577867326999296, 31.907844098162926 ], [ -106.577892573982197, 31.907873127875778 ], [ -106.57836411607542, 31.90793272760666 ], [ -106.579083307746458, 31.907960877310551 ], [ -106.579291697697784, 31.908067925742138 ], [ -106.57970858060628, 31.908078763517121 ], [ -106.579804362308849, 31.908081577521756 ], [ -106.579900186957275, 31.908080206440037 ], [ -106.580070209575908, 31.908067052389026 ], [ -106.580240701877415, 31.908059515493779 ], [ -106.580276623721531, 31.908057927515458 ], [ -106.580276559723501, 31.908050304431693 ], [ -106.58027183831382, 31.907484663557064 ], [ -106.580269737848127, 31.907232953938404 ], [ -106.581460210480202, 31.907228582066153 ], [ -106.581509325727481, 31.907227863047719 ], [ -106.582271900494163, 31.904905831563379 ], [ -106.582291192012562, 31.903858549742981 ], [ -106.581109409068191, 31.903871810749845 ], [ -106.580842914633763, 31.906620369793359 ], [ -106.578189788714667, 31.906469863087196 ], [ -106.577935141679319, 31.906455413359055 ], [ -106.577879857185451, 31.90644948258204 ], [ -106.577825766976702, 31.906438068704542 ], [ -106.577773616236314, 31.9064213284007 ], [ -106.577724123284469, 31.906399492796602 ], [ -106.577677969722131, 31.906372862523142 ], [ -106.577560946651957, 31.906275139956069 ], [ -106.57744809154164, 31.906173913418932 ], [ -106.577411126798339, 31.906144627843027 ], [ -106.577370200479265, 31.906119467607557 ], [ -106.577325939465112, 31.906098819060272 ], [ -106.577279024240482, 31.906082998236041 ], [ -106.577230175053472, 31.906072249714338 ], [ -106.577180142878845, 31.906066738019856 ], [ -106.576311783962865, 31.906001596241062 ], [ -106.57619936795173, 31.906977697639199 ], [ -106.576170547374289, 31.907388957378174 ], [ -106.57647431645367, 31.907692940855068 ] ] ] } },
{ "type": "Feature", "properties": { "district": 1, "zonelabel": "R-3", "state_cd_clean": null, "use_desc": "Unknown", "targetlotarea": 112085, "existing_units": 0, "footprint_sqft": 0.0, "interior_sqft": 0.0, "coverage_pct": 0.0, "in_corridor": false, "in_historic": false, "context_type": "Suburban" }, "geometry": { "type": "Polygon", "coordinates": [ [ [ -106.594270005698363, 31.895830843630424 ], [ -106.594273993661758, 31.895902868694307 ], [ -106.594274319448516, 31.896397107474527 ], [ -106.594311400177105, 31.89639692568965 ], [ -106.595559787293766, 31.896390791788235 ], [ -106.59595628738893, 31.895720397192321 ], [ -106.594329336718758, 31.8957281504909 ], [ -106.594269888252342, 31.895728433736235 ], [ -106.594270005698363, 31.895830843630424 ] ] ] } },
{ "type": "Feature", "properties": { "district": 1, "zonelabel": "C-3", "state_cd_clean": null, "use_desc": "Unknown", "targetlotarea": 73030, "existing_units": 0, "footprint_sqft": 0.0, "interior_sqft": 0.0, "coverage_pct": 0.0, "in_corridor": false, "in_historic": false, "context_type": "Suburban" }, "geometry": { "type": "Polygon", "coordinates": [ [ [ -106.580873411472382, 31.875649786746742 ], [ -106.580894930264932, 31.875743051568637 ], [ -106.581056203922145, 31.876442038269481 ], [ -106.581064001807562, 31.876475835544436 ], [ -106.581854391917972, 31.876323393079463 ], [ -106.581769204109051, 31.875990962096154 ], [ -106.581819353889415, 31.875944438568968 ], [ -106.581690509011423, 31.875891383739056 ], [ -106.581647910859374, 31.875847643860489 ], [ -106.581635101923808, 31.875825174610746 ], [ -106.58158061907028, 31.875621278033829 ], [ -106.581761209301405, 31.875589205930154 ], [ -106.581751973557431, 31.875546104487903 ], [ -106.581574592968167, 31.875578210462713 ], [ -106.581560391946226, 31.875523995015321 ], [ -106.580873411472382, 31.875649786746742 ] ] ] } },
{ "type": "Feature", "properties": { "district": 1, "zonelabel": "C-4", "state_cd_clean": null, "use_desc": "Unknown", "targetlotarea": 25044, "existing_units": 0, "footprint_sqft": 0.0, "interior_sqft": 0.0, "coverage_pct": 0.0, "in_corridor": false, "in_historic": false, "context_type": "Suburban" }, "geometry": { "type": "Polygon", "coordinates": [ [ [ -106.56754668103423, 31.830835465741977 ], [ -106.567749467283761, 31.83104034316224 ], [ -106.567781660972358, 31.831072869095664 ], [ -106.568302132850476, 31.830711614975513 ], [ -106.568274868874795, 31.830675667169899 ], [ -106.568092407303283, 31.830435090537346 ], [ -106.56754668103423, 31.830835465741977 ] ] ] } },
{ "type": "Feature", "properties": { "district": 1, "zonelabel": "C-4", "state_cd_clean": null, "use_desc": "Unknown", "targetlotarea": 7500, "existing_units": 0, "footprint_sqft": 0.0, "interior_sqft": 0.0, "coverage_pct": 0.0, "in_corridor": false, "in_historic": false, "context_type": "Suburban" }, "geometry": { "type": "Polygon", "coordinates": [ [ [ -106.583668337833245, 31.905739802851588 ], [ -106.58371938950593, 31.905898875941634 ], [ -106.584107884555607, 31.905808147233614 ], [ -106.584056832280496, 31.905649074289382 ], [ -106.583668337833245, 31.905739802851588 ] ] ] } },
{ "type": "Feature", "properties": { "district": 1, "zonelabel": "C-4", "state_cd_clean": null, "use_desc": "Unknown", "targetlotarea": 107496, "existing_units": 0, "footprint_sqft": 0.0, "interior_sqft": 0.0, "coverage_pct": 0.0, "in_corridor": false, "in_historic": false, "context_type": "Suburban" }, "geometry": { "type": "Polygon", "coordinates": [ [ [ -106.583491225630397, 31.905187931814218 ], [ -106.583668337833245, 31.905739802851588 ], [ -106.584056832280496, 31.905649074289382 ], [ -106.584107884555607, 31.905808147233614 ], [ -106.585071487771415, 31.90558310336964 ], [ -106.585149126226369, 31.905564970455391 ], [ -106.585098069691142, 31.905405889899683 ], [ -106.585047013208325, 31.905246807512249 ], [ -106.584995956956035, 31.90508772599425 ], [ -106.584959206342958, 31.904973220016302 ], [ -106.583719909282138, 31.90513062345725 ], [ -106.583491225630397, 31.905187931814218 ] ] ] } },
{ "type": "Feature", "properties": { "district": 1, "zonelabel": "C-4", "state_cd_clean": null, "use_desc": "Unknown", "targetlotarea": 29235, "existing_units": 0, "footprint_sqft": 0.0, "interior_sqft": 0.0, "coverage_pct": 0.0, "in_corridor": false, "in_historic": false, "context_type": "Suburban" }, "geometry": { "type": "Polygon", "coordinates": [ [ [ -106.586650848884545, 31.863354339746834 ], [ -106.586662973426343, 31.863375104475299 ], [ -106.586653333498546, 31.863377607028156 ], [ -106.586644313792263, 31.863381441927398 ], [ -106.586636166560709, 31.863386502214929 ], [ -106.586629118530539, 31.863392646931111 ], [ -106.586623363813558, 31.863399705971457 ], [ -106.586619063089131, 31.863407483738932 ], [ -106.586616335341787, 31.863415762250494 ], [ -106.58661525857363, 31.863424311942389 ], [ -106.586615859550804, 31.863432896678429 ], [ -106.586618124531768, 31.863441275945167 ], [ -106.586674090363815, 31.863585645284456 ], [ -106.586735342007486, 31.86372542413493 ], [ -106.587291470812019, 31.863562792530516 ], [ -106.587275355125726, 31.863125616066355 ], [ -106.586650848884545, 31.863354339746834 ] ] ] } },
{ "type": "Feature", "properties": { "district": 1, "zonelabel": "C-4", "state_cd_clean": null, "use_desc": "Unknown", "targetlotarea": 77396, "existing_units": 0, "footprint_sqft": 0.0, "interior_sqft": 0.0, "coverage_pct": 0.0, "in_corridor": false, "in_historic": false, "context_type": "Suburban" }, "geometry": { "type": "Polygon", "coordinates": [ [ [ -106.585192651943274, 31.906585956441202 ], [ -106.585410272146476, 31.90726574218948 ], [ -106.58561424375992, 31.90727204336671 ], [ -106.586239771215446, 31.907004098984114 ], [ -106.586370731592581, 31.906931647651028 ], [ -106.586206179516537, 31.906407129855097 ], [ -106.586205684408796, 31.906407216847924 ], [ -106.585192651943274, 31.906585956441202 ] ] ] } },
{ "type": "Feature", "properties": { "district": 1, "zonelabel": "C-4", "state_cd_clean": null, "use_desc": "Unknown", "targetlotarea": 83891, "existing_units": 0, "footprint_sqft": 0.0, "interior_sqft": 0.0, "coverage_pct": 0.0, "in_corridor": false, "in_historic": false, "context_type": "Suburban" }, "geometry": { "type": "Polygon", "coordinates": [ [ [ -106.584106588811352, 31.907266468527354 ], [ -106.585410272146476, 31.90726574218948 ], [ -106.585192651943274, 31.906585956441202 ], [ -106.583965896832567, 31.906802393824755 ], [ -106.584106588811352, 31.907266468527354 ] ] ] } },
{ "type": "Feature", "properties": { "district": 1, "zonelabel": "C-4", "state_cd_clean": null, "use_desc": "Unknown", "targetlotarea": 25632, "existing_units": 0, "footprint_sqft": 0.0, "interior_sqft": 0.0, "coverage_pct": 0.0, "in_corridor": false, "in_historic": false, "context_type": "Suburban" }, "geometry": { "type": "Polygon", "coordinates": [ [ [ -106.58027183831382, 31.907484663557064 ], [ -106.580276559723501, 31.908050304431693 ], [ -106.580360323502177, 31.908049975638285 ], [ -106.580396259184909, 31.908049834875396 ], [ -106.580394097731528, 31.907639295930725 ], [ -106.580393281549021, 31.907484217836089 ], [ -106.580393102053847, 31.907450163011262 ], [ -106.580398318217362, 31.907431269755328 ], [ -106.580406935304353, 31.907413305440699 ], [ -106.580418741072833, 31.907396712902244 ], [ -106.58043344467157, 31.907381899001319 ], [ -106.580450683731954, 31.907369229769614 ], [ -106.580470033037457, 31.907359017347719 ], [ -106.580491017830141, 31.907351513024711 ], [ -106.580513120783991, 31.90734690058073 ], [ -106.580535796723041, 31.907345294678311 ], [ -106.581425165678453, 31.907342027739983 ], [ -106.581471887999541, 31.907341856166983 ], [ -106.581509325727481, 31.907227863047719 ], [ -106.581460210480202, 31.907228582066153 ], [ -106.580269737848127, 31.907232953938404 ], [ -106.58027183831382, 31.907484663557064 ] ] ] } },
{ "type": "Feature", "properties": { "district": 1, "zonelabel": "C-4", "state_cd_clean": null, "use_desc": "Unknown", "targetlotarea": 46625, "existing_units": 0, "footprint_sqft": 0.0, "interior_sqft": 0.0, "coverage_pct": 0.0, "in_corridor": false, "in_historic": false, "context_type": "Suburban" }, "geometry": { "type": "Polygon", "coordinates": [ [ [ -106.580394097731528, 31.907639295930725 ], [ -106.580396259184909, 31.908049834875396 ], [ -106.580670872767129, 31.908047100994327 ], [ -106.580707190986914, 31.90804673947224 ], [ -106.580706371449608, 31.907963788907267 ], [ -106.58070546374698, 31.907871965408798 ], [ -106.580702977589453, 31.90762039802588 ], [ -106.581105761617522, 31.90761736412362 ], [ -106.581339683710226, 31.907615600294573 ], [ -106.581383853635543, 31.907617812920094 ], [ -106.581391335220573, 31.907593869269803 ], [ -106.581426380155762, 31.907480423617418 ], [ -106.581471887999541, 31.907341856166983 ], [ -106.581425165678453, 31.907342027739983 ], [ -106.580535796723041, 31.907345294678311 ], [ -106.580513120783991, 31.90734690058073 ], [ -106.580491017830141, 31.907351513024711 ], [ -106.580470033037457, 31.907359017347719 ], [ -106.580450683731954, 31.907369229769614 ], [ -106.58043344467157, 31.907381899001319 ], [ -106.580418741072833, 31.907396712902244 ], [ -106.580406935304353, 31.907413305440699 ], [ -106.580398318217362, 31.907431269755328 ], [ -106.580393102053847, 31.907450163011262 ], [ -106.580393281549021, 31.907484217836089 ], [ -106.580394097731528, 31.907639295930725 ] ] ] } },
{ "type": "Feature", "properties": { "district": 1, "zonelabel": "C-4", "state_cd_clean": null, "use_desc": "Unknown", "targetlotarea": 12532, "existing_units": 0, "footprint_sqft": 0.0, "interior_sqft": 0.0, "coverage_pct": 0.0, "in_corridor": false, "in_historic": false, "context_type": "Suburban" }, "geometry": { "type": "Polygon", "coordinates": [ [ [ -106.58070546374698, 31.907871965408798 ], [ -106.580706371449608, 31.907963788907267 ], [ -106.580758535211771, 31.907962389268967 ], [ -106.580810000267078, 31.907954999331562 ], [ -106.580859825712807, 31.907941754544137 ], [ -106.580907100990927, 31.907922897292032 ], [ -106.580950961366057, 31.907898770735269 ], [ -106.580990605870355, 31.907869817947052 ], [ -106.581026724222284, 31.90783500053335 ], [ -106.581056732277958, 31.907796191126337 ], [ -106.581080032888252, 31.907754161745732 ], [ -106.581096160498447, 31.907709753069376 ], [ -106.581104794263709, 31.907663848513206 ], [ -106.581105761617522, 31.90761736412362 ], [ -106.580702977589453, 31.90762039802588 ], [ -106.58070546374698, 31.907871965408798 ] ] ] } },
{ "type": "Feature", "properties": { "district": 1, "zonelabel": "A-2", "state_cd_clean": null, "use_desc": "Unknown", "targetlotarea": 0, "existing_units": 0, "footprint_sqft": 0.0, "interior_sqft": 0.0, "coverage_pct": 0.0, "in_corridor": false, "in_historic": false, "context_type": "Suburban" }, "geometry": { "type": "Polygon", "coordinates": [ [ [ -106.529758671937586, 31.843647888497433 ], [ -106.529758736401774, 31.84364788723558 ], [ -106.529759290434257, 31.843549294258143 ], [ -106.529758671937586, 31.843647888497433 ] ] ] } },
{ "type": "Feature", "properties": { "district": 1, "zonelabel": "A-2", "state_cd_clean": null, "use_desc": "Unknown", "targetlotarea": 0, "existing_units": 0, "footprint_sqft": 0.0, "interior_sqft": 0.0, "coverage_pct": 0.0, "in_corridor": false, "in_historic": false, "context_type": "Suburban" }, "geometry": { "type": "Polygon", "coordinates": [ [ [ -106.529758601221857, 31.843659246659598 ], [ -106.529758665686032, 31.843659245397689 ], [ -106.529758736401774, 31.84364788723558 ], [ -106.529758671937586, 31.843647888497433 ], [ -106.529758601221857, 31.843659246659598 ] ] ] } },
{ "type": "Feature", "properties": { "district": 1, "zonelabel": "A-2", "state_cd_clean": null, "use_desc": "Unknown", "targetlotarea": 0, "existing_units": 0, "footprint_sqft": 0.0, "interior_sqft": 0.0, "coverage_pct": 0.0, "in_corridor": false, "in_historic": false, "context_type": "Suburban" }, "geometry": { "type": "Polygon", "coordinates": [ [ [ -106.529758601221857, 31.843659246659598 ], [ -106.529758044258671, 31.843757843384967 ], [ -106.529758665686032, 31.843659245397689 ], [ -106.529758601221857, 31.843659246659598 ] ] ] } },
{ "type": "Feature", "properties": { "district": 1, "zonelabel": "C-4", "state_cd_clean": null, "use_desc": "Unknown", "targetlotarea": 2, "existing_units": 0, "footprint_sqft": 0.0, "interior_sqft": 0.0, "coverage_pct": 0.0, "in_corridor": false, "in_historic": false, "context_type": "Suburban" }, "geometry": { "type": "Polygon", "coordinates": [ [ [ -106.578988262914621, 31.8440513101325 ], [ -106.578580802383286, 31.844166407559133 ], [ -106.578976589805009, 31.844054710973342 ], [ -106.578988262914621, 31.8440513101325 ] ] ] } },
{ "type": "Feature", "properties": { "district": 1, "zonelabel": "C-4", "state_cd_clean": null, "use_desc": "Unknown", "targetlotarea": 4336, "existing_units": 0, "footprint_sqft": 0.0, "interior_sqft": 0.0, "coverage_pct": 0.0, "in_corridor": false, "in_historic": false, "context_type": "Suburban" }, "geometry": { "type": "Polygon", "coordinates": [ [ [ -106.580182667059191, 31.842880440936103 ], [ -106.580482257290797, 31.843629279517916 ], [ -106.580528114869693, 31.843616325361342 ], [ -106.580523407414475, 31.843604022825001 ], [ -106.580228655605168, 31.842867279150258 ], [ -106.580182667059191, 31.842880440936103 ] ] ] } },
{ "type": "Feature", "properties": { "district": 1, "zonelabel": "C-3", "state_cd_clean": null, "use_desc": "Unknown", "targetlotarea": 17084, "existing_units": 0, "footprint_sqft": 0.0, "interior_sqft": 0.0, "coverage_pct": 0.0, "in_corridor": false, "in_historic": false, "context_type": "Urban" }, "geometry": { "type": "Polygon", "coordinates": [ [ [ -106.552897816598744, 31.815092054604317 ], [ -106.553030809097748, 31.815794714718805 ], [ -106.553037440340375, 31.815829745623432 ], [ -106.553038805159701, 31.815836962591622 ], [ -106.553397232080684, 31.815586052148539 ], [ -106.552897816598744, 31.815092054604317 ] ] ] } },
{ "type": "Feature", "properties": { "district": 1, "zonelabel": "C-1", "state_cd_clean": null, "use_desc": "Unknown", "targetlotarea": 6, "existing_units": 0, "footprint_sqft": 0.0, "interior_sqft": 0.0, "coverage_pct": 0.0, "in_corridor": true, "in_historic": false, "context_type": "Suburban" }, "geometry": { "type": "Polygon", "coordinates": [ [ [ -106.526107822197645, 31.828519946545885 ], [ -106.526345662715016, 31.828739663693483 ], [ -106.526275304511842, 31.828674299617543 ], [ -106.526107889335748, 31.82851988915618 ], [ -106.526107822197645, 31.828519946545885 ] ] ] } },
{ "type": "Feature", "properties": { "district": 1, "zonelabel": "C-3", "state_cd_clean": null, "use_desc": "Unknown", "targetlotarea": 29031, "existing_units": 0, "footprint_sqft": 0.0, "interior_sqft": 0.0, "coverage_pct": 0.0, "in_corridor": false, "in_historic": false, "context_type": "Suburban" }, "geometry": { "type": "Polygon", "coordinates": [ [ [ -106.584747629837423, 31.919191534566778 ], [ -106.584755203314288, 31.919960993175359 ], [ -106.584767523906223, 31.91996030175498 ], [ -106.584807442272862, 31.919958063946272 ], [ -106.584815761920282, 31.919957597913946 ], [ -106.584855756234276, 31.919955355542974 ], [ -106.585091664188681, 31.919942130096935 ], [ -106.585084189360245, 31.919182974518655 ], [ -106.584808215203267, 31.919190832392573 ], [ -106.584759949418128, 31.919190732994188 ], [ -106.584747629837423, 31.919191534566778 ] ] ] } },
{ "type": "Feature", "properties": { "district": 1, "zonelabel": "C-3", "state_cd_clean": null, "use_desc": "Unknown", "targetlotarea": 56000, "existing_units": 0, "footprint_sqft": 0.0, "interior_sqft": 0.0, "coverage_pct": 0.0, "in_corridor": false, "in_historic": false, "context_type": "Suburban" }, "geometry": { "type": "Polygon", "coordinates": [ [ [ -106.55571793213312, 31.884434948450817 ], [ -106.55595090473021, 31.884701118818203 ], [ -106.556251369082077, 31.885044396333711 ], [ -106.556261848867763, 31.885054517818752 ], [ -106.556274125119899, 31.885063042330323 ], [ -106.556287868455883, 31.885069741728639 ], [ -106.556302710235087, 31.885074434912266 ], [ -106.556318250596519, 31.885076997369922 ], [ -106.556334073114598, 31.885077358673588 ], [ -106.556349752777805, 31.885075511129969 ], [ -106.556364867124216, 31.88507150202231 ], [ -106.556804835367103, 31.884920081355016 ], [ -106.556931786388475, 31.884878676217028 ], [ -106.556863194390388, 31.884748617978342 ], [ -106.55669560144419, 31.884430843984561 ], [ -106.556674187336185, 31.88439024006097 ], [ -106.556566426235094, 31.884425386208271 ], [ -106.55571793213312, 31.884434948450817 ] ] ] } },
{ "type": "Feature", "properties": { "district": 1, "zonelabel": "C-4", "state_cd_clean": null, "use_desc": "Unknown", "targetlotarea": 12039, "existing_units": 0, "footprint_sqft": 0.0, "interior_sqft": 0.0, "coverage_pct": 0.0, "in_corridor": false, "in_historic": false, "context_type": "Suburban" }, "geometry": { "type": "Polygon", "coordinates": [ [ [ -106.586627319761334, 31.911190626040586 ], [ -106.587007772631083, 31.911191800696169 ], [ -106.587008961371808, 31.910911427963342 ], [ -106.586628708728469, 31.91091025368981 ], [ -106.586627319761334, 31.911190626040586 ] ] ] } },
{ "type": "Feature", "properties": { "district": 1, "zonelabel": "C-3", "state_cd_clean": null, "use_desc": "Unknown", "targetlotarea": 392086, "existing_units": 0, "footprint_sqft": 0.0, "interior_sqft": 0.0, "coverage_pct": 0.0, "in_corridor": false, "in_historic": false, "context_type": "Suburban" }, "geometry": { "type": "Polygon", "coordinates": [ [ [ -106.584153479524261, 31.925583638046316 ], [ -106.584821230839253, 31.925576247744058 ], [ -106.584824081188515, 31.924319358474229 ], [ -106.584827168271502, 31.922959962017618 ], [ -106.583303988309567, 31.922972429733218 ], [ -106.583297256851097, 31.924786676990966 ], [ -106.583300858117781, 31.924988360821271 ], [ -106.584154856438857, 31.924978914388728 ], [ -106.584153479524261, 31.925583638046316 ] ] ] } },
{ "type": "Feature", "properties": { "district": 1, "zonelabel": "C-3", "state_cd_clean": null, "use_desc": "Unknown", "targetlotarea": 52061, "existing_units": 0, "footprint_sqft": 0.0, "interior_sqft": 0.0, "coverage_pct": 0.0, "in_corridor": false, "in_historic": false, "context_type": "Suburban" }, "geometry": { "type": "Polygon", "coordinates": [ [ [ -106.58332535656794, 31.928672177198397 ], [ -106.583389810882394, 31.928672925272739 ], [ -106.583392224624802, 31.928521758052373 ], [ -106.585012366706238, 31.928531314356537 ], [ -106.585484589413056, 31.928534095805695 ], [ -106.585486397404964, 31.92846217481523 ], [ -106.585058709947234, 31.928462188350654 ], [ -106.585058853143238, 31.928366679508091 ], [ -106.583396093320971, 31.928356872098259 ], [ -106.583387740695187, 31.927150945452734 ], [ -106.583378806285765, 31.92586092227657 ], [ -106.583345100352375, 31.925921073918737 ], [ -106.583317955897954, 31.925983593453381 ], [ -106.583335106182034, 31.927150634879215 ], [ -106.583340762091652, 31.927967348898555 ], [ -106.58332535656794, 31.928672177198397 ] ] ] } },
{ "type": "Feature", "properties": { "district": 1, "zonelabel": "I-MU", "state_cd_clean": null, "use_desc": "Unknown", "targetlotarea": 64678, "existing_units": 0, "footprint_sqft": 0.0, "interior_sqft": 0.0, "coverage_pct": 0.0, "in_corridor": false, "in_historic": false, "context_type": "Suburban" }, "geometry": { "type": "Polygon", "coordinates": [ [ [ -106.583299016098238, 31.931628451860217 ], [ -106.584382428838452, 31.931603697214406 ], [ -106.584751901849089, 31.931346379399567 ], [ -106.585020529238903, 31.931140032900498 ], [ -106.585662091968729, 31.930647210192152 ], [ -106.585871457660247, 31.930384147033376 ], [ -106.58588848649093, 31.929974265445676 ], [ -106.585822856965549, 31.9298891793153 ], [ -106.585761950493477, 31.929801576796446 ], [ -106.585705899261242, 31.929711647556584 ], [ -106.585701803990389, 31.929813544982164 ], [ -106.58569228276572, 31.930039263108764 ], [ -106.585680170048917, 31.93035535059316 ], [ -106.585525744720712, 31.93054938156935 ], [ -106.585019869059082, 31.930928917595921 ], [ -106.584328251163541, 31.931447800379431 ], [ -106.583299672364845, 31.931471302057158 ], [ -106.583299016098238, 31.931628451860217 ] ] ] } },
{ "type": "Feature", "properties": { "district": 1, "zonelabel": "A-2", "state_cd_clean": null, "use_desc": "Unknown", "targetlotarea": 195911, "existing_units": 0, "footprint_sqft": 0.0, "interior_sqft": 0.0, "coverage_pct": 0.0, "in_corridor": false, "in_historic": false, "context_type": "Suburban" }, "geometry": { "type": "Polygon", "coordinates": [ [ [ -106.52441232515622, 31.835028025981597 ], [ -106.524391282389772, 31.835174390178246 ], [ -106.52434440348533, 31.835412655386101 ], [ -106.524456059678485, 31.835427108977356 ], [ -106.524533655292061, 31.835437153256848 ], [ -106.524931010971713, 31.835488588104813 ], [ -106.525664059031286, 31.835583472689716 ], [ -106.525693868995234, 31.835585619745139 ], [ -106.525740487728157, 31.835328425041684 ], [ -106.525846818320048, 31.834713126926193 ], [ -106.525903771608, 31.834305844209091 ], [ -106.525904022447207, 31.834295406907103 ], [ -106.525902296141126, 31.834285071793861 ], [ -106.525898637923561, 31.834275110403667 ], [ -106.525893142072874, 31.834265783808267 ], [ -106.525885954782467, 31.83425733796383 ], [ -106.525877263962315, 31.834249993357485 ], [ -106.525867298066885, 31.834243943256187 ], [ -106.52585631824148, 31.834239346854663 ], [ -106.525844613809312, 31.834236324973656 ], [ -106.525832490375365, 31.83423495610969 ], [ -106.525126724495038, 31.834240663192272 ], [ -106.524680212824762, 31.834236980147704 ], [ -106.524544859594457, 31.834242086622016 ], [ -106.52449128280135, 31.834604552805438 ], [ -106.52441232515622, 31.835028025981597 ] ] ] } },
{ "type": "Feature", "properties": { "district": 1, "zonelabel": "C-3", "state_cd_clean": null, "use_desc": "Unknown", "targetlotarea": 19861, "existing_units": 0, "footprint_sqft": 0.0, "interior_sqft": 0.0, "coverage_pct": 0.0, "in_corridor": false, "in_historic": false, "context_type": "Suburban" }, "geometry": { "type": "Polygon", "coordinates": [ [ [ -106.576363872331854, 31.841574630860261 ], [ -106.576696438931592, 31.841572326068352 ], [ -106.576698207986894, 31.841437692939724 ], [ -106.577015291999516, 31.84143496283335 ], [ -106.577020991174649, 31.841314776040569 ], [ -106.577021521965605, 31.841303596935322 ], [ -106.576702298214045, 31.841238954122893 ], [ -106.576365877271755, 31.841172707291985 ], [ -106.576364500988788, 31.841315871975599 ], [ -106.576363872331854, 31.841574630860261 ] ] ] } },
{ "type": "Feature", "properties": { "district": 1, "zonelabel": "C-4", "state_cd_clean": null, "use_desc": "Unknown", "targetlotarea": 2579, "existing_units": 0, "footprint_sqft": 0.0, "interior_sqft": 0.0, "coverage_pct": 0.0, "in_corridor": false, "in_historic": false, "context_type": "Suburban" }, "geometry": { "type": "Polygon", "coordinates": [ [ [ -106.58309085609794, 31.853021527062474 ], [ -106.58319396168045, 31.853284967350586 ], [ -106.583269510494091, 31.853263711450705 ], [ -106.583171303410779, 31.852998680247264 ], [ -106.58309085609794, 31.853021527062474 ] ] ] } },
{ "type": "Feature", "properties": { "district": 1, "zonelabel": "C-2", "state_cd_clean": null, "use_desc": "Unknown", "targetlotarea": 8512, "existing_units": 0, "footprint_sqft": 0.0, "interior_sqft": 0.0, "coverage_pct": 0.0, "in_corridor": false, "in_historic": false, "context_type": "Suburban" }, "geometry": { "type": "Polygon", "coordinates": [ [ [ -106.582127075663507, 31.853946352897058 ], [ -106.58232131905109, 31.854466986549657 ], [ -106.582395551598367, 31.854445942535239 ], [ -106.582222257418977, 31.853982505890329 ], [ -106.582499196424877, 31.853903635814106 ], [ -106.582368571610729, 31.853560638679184 ], [ -106.582320499779442, 31.85357487826192 ], [ -106.582372966803149, 31.853708063239111 ], [ -106.582431475635474, 31.853856586633729 ], [ -106.582127075663507, 31.853946352897058 ] ] ] } },
{ "type": "Feature", "properties": { "district": 1, "zonelabel": "M-2", "state_cd_clean": null, "use_desc": "Unknown", "targetlotarea": 5293, "existing_units": 0, "footprint_sqft": 0.0, "interior_sqft": 0.0, "coverage_pct": 0.0, "in_corridor": false, "in_historic": false, "context_type": "Suburban" }, "geometry": { "type": "Polygon", "coordinates": [ [ [ -106.583122532474491, 31.857180540576135 ], [ -106.583153533581068, 31.857225570087184 ], [ -106.584055299951515, 31.856973847361569 ], [ -106.583996744649809, 31.856938252278969 ], [ -106.583122532474491, 31.857180540576135 ] ] ] } },
{ "type": "Feature", "properties": { "district": 1, "zonelabel": "C-3", "state_cd_clean": null, "use_desc": "Unknown", "targetlotarea": 33648, "existing_units": 0, "footprint_sqft": 0.0, "interior_sqft": 0.0, "coverage_pct": 0.0, "in_corridor": false, "in_historic": false, "context_type": "Suburban" }, "geometry": { "type": "Polygon", "coordinates": [ [ [ -106.560711589962722, 31.860306535918113 ], [ -106.561034199231244, 31.86029658683297 ], [ -106.561157365486551, 31.860091986358775 ], [ -106.561161647667078, 31.859633857826456 ], [ -106.560998376626671, 31.859620892219418 ], [ -106.560813628737961, 31.85961137436583 ], [ -106.560695261350759, 31.859607877526397 ], [ -106.560711589962722, 31.860306535918113 ] ] ] } },
{ "type": "Feature", "properties": { "district": 1, "zonelabel": "A-2", "state_cd_clean": null, "use_desc": "Unknown", "targetlotarea": 4221, "existing_units": 0, "footprint_sqft": 0.0, "interior_sqft": 0.0, "coverage_pct": 0.0, "in_corridor": false, "in_historic": false, "context_type": "Suburban" }, "geometry": { "type": "Polygon", "coordinates": [ [ [ -106.592131168982107, 31.859745895756085 ], [ -106.592143294067284, 31.859744990435065 ], [ -106.592155107478021, 31.859742489554804 ], [ -106.592166323291096, 31.859738454733332 ], [ -106.59217666950596, 31.859732982147179 ], [ -106.592185894612456, 31.859726205828935 ], [ -106.592198007441155, 31.859708564298451 ], [ -106.592206541562405, 31.859689457157977 ], [ -106.592211260707131, 31.859669409729701 ], [ -106.592212035072933, 31.859648972928969 ], [ -106.592208845528916, 31.859628706803242 ], [ -106.591883815531446, 31.859624418949281 ], [ -106.591881830246038, 31.859742606804886 ], [ -106.592131168982107, 31.859745895756085 ] ] ] } },
{ "type": "Feature", "properties": { "district": 1, "zonelabel": "C-1", "state_cd_clean": null, "use_desc": "Unknown", "targetlotarea": 22439, "existing_units": 0, "footprint_sqft": 0.0, "interior_sqft": 0.0, "coverage_pct": 0.0, "in_corridor": false, "in_historic": false, "context_type": "Suburban" }, "geometry": { "type": "Polygon", "coordinates": [ [ [ -106.558095674112934, 31.86313572271478 ], [ -106.558100142697128, 31.863137546840743 ], [ -106.558743306684676, 31.863106747461767 ], [ -106.558722880214077, 31.862810771322824 ], [ -106.558092687828676, 31.862813340663767 ], [ -106.558092626496119, 31.862827805673454 ], [ -106.558092501201855, 31.862856969762309 ], [ -106.558092124151187, 31.86294523436873 ], [ -106.558095674112934, 31.86313572271478 ] ] ] } },
{ "type": "Feature", "properties": { "district": 1, "zonelabel": "R-4", "state_cd_clean": null, "use_desc": "Unknown", "targetlotarea": 243466, "existing_units": 0, "footprint_sqft": 0.0, "interior_sqft": 0.0, "coverage_pct": 0.0, "in_corridor": false, "in_historic": false, "context_type": "Suburban" }, "geometry": { "type": "Polygon", "coordinates": [ [ [ -106.578182347441526, 31.860790369876852 ], [ -106.578182285166804, 31.860166584394555 ], [ -106.578182284940198, 31.860166516660239 ], [ -106.576880707170332, 31.860213896426913 ], [ -106.577061050083302, 31.86088222912565 ], [ -106.577393707287101, 31.862114999760607 ], [ -106.577440429803005, 31.86228813946914 ], [ -106.577445424738414, 31.862306649065914 ], [ -106.578182657295855, 31.862279812253227 ], [ -106.578182493710003, 31.862261126059934 ], [ -106.578182894074587, 31.862078457886604 ], [ -106.578184095789013, 31.861907397104318 ], [ -106.578186148122597, 31.861731718651541 ], [ -106.578184598698982, 31.861554286259612 ], [ -106.578182404715676, 31.861362098262564 ], [ -106.578182306235405, 31.861353482190648 ], [ -106.578182040185311, 31.861165547336221 ], [ -106.578182380463602, 31.861119409215434 ], [ -106.578182347441526, 31.860790369876852 ] ] ] } },
{ "type": "Feature", "properties": { "district": 1, "zonelabel": "C-1", "state_cd_clean": null, "use_desc": "Unknown", "targetlotarea": 27048, "existing_units": 0, "footprint_sqft": 0.0, "interior_sqft": 0.0, "coverage_pct": 0.0, "in_corridor": false, "in_historic": false, "context_type": "Suburban" }, "geometry": { "type": "Polygon", "coordinates": [ [ [ -106.558102227536438, 31.863487474362206 ], [ -106.558769395338146, 31.863484755095399 ], [ -106.558743306684676, 31.863106747461767 ], [ -106.558100142697128, 31.863137546840743 ], [ -106.558095674112934, 31.86313572271478 ], [ -106.558102227536438, 31.863487474362206 ] ] ] } },
{ "type": "Feature", "properties": { "district": 1, "zonelabel": "C-4", "state_cd_clean": null, "use_desc": "Unknown", "targetlotarea": 88148, "existing_units": 0, "footprint_sqft": 0.0, "interior_sqft": 0.0, "coverage_pct": 0.0, "in_corridor": false, "in_historic": false, "context_type": "Suburban" }, "geometry": { "type": "Polygon", "coordinates": [ [ [ -106.587318396460475, 31.863562553391059 ], [ -106.587316261499154, 31.864397895056758 ], [ -106.588193437391865, 31.864243078741755 ], [ -106.588308880774534, 31.8642227031944 ], [ -106.588480070961396, 31.86419248746548 ], [ -106.588474849650382, 31.864178587631912 ], [ -106.588476537657215, 31.8641782003318 ], [ -106.588236693834844, 31.863554395620142 ], [ -106.588236649700804, 31.863554400450081 ], [ -106.58775863068152, 31.863558644981204 ], [ -106.587318396460475, 31.863562553391059 ] ] ] } },
{ "type": "Feature", "properties": { "district": 1, "zonelabel": "R-3", "state_cd_clean": null, "use_desc": "Unknown", "targetlotarea": 17473, "existing_units": 0, "footprint_sqft": 0.0, "interior_sqft": 0.0, "coverage_pct": 0.0, "in_corridor": false, "in_historic": false, "context_type": "Suburban" }, "geometry": { "type": "Polygon", "coordinates": [ [ [ -106.587298172210197, 31.864158702294763 ], [ -106.587298128372709, 31.864158711626523 ], [ -106.587251025246545, 31.864168790006339 ], [ -106.586962642121065, 31.864230494234203 ], [ -106.587231286066299, 31.864820998641228 ], [ -106.58731744838029, 31.865112903860549 ], [ -106.58731472773465, 31.864997963184717 ], [ -106.587316143132696, 31.864444121148484 ], [ -106.587316261499154, 31.864397895056758 ], [ -106.587316883164078, 31.864154698152049 ], [ -106.587298172210197, 31.864158702294763 ] ] ] } },
{ "type": "Feature", "properties": { "district": 1, "zonelabel": "R-3", "state_cd_clean": null, "use_desc": "Unknown", "targetlotarea": 368905, "existing_units": 0, "footprint_sqft": 0.0, "interior_sqft": 0.0, "coverage_pct": 0.0, "in_corridor": false, "in_historic": false, "context_type": "Suburban" }, "geometry": { "type": "Polygon", "coordinates": [ [ [ -106.588193437391865, 31.864243078741755 ], [ -106.587316261499154, 31.864397895056758 ], [ -106.587316143132696, 31.864444121148484 ], [ -106.58731472773465, 31.864997963184717 ], [ -106.58731744838029, 31.865112903860549 ], [ -106.587311263781913, 31.865774360186339 ], [ -106.587310918140645, 31.866488342900492 ], [ -106.588000334858407, 31.866489624588226 ], [ -106.588796152585971, 31.866278877794461 ], [ -106.588820170534959, 31.866272157089401 ], [ -106.589190712530893, 31.866173866635989 ], [ -106.588448654624031, 31.864198540143111 ], [ -106.58844734617729, 31.864198263369481 ], [ -106.588193437391865, 31.864243078741755 ] ] ] } },
{ "type": "Feature", "properties": { "district": 1, "zonelabel": "R-3A", "state_cd_clean": null, "use_desc": "Unknown", "targetlotarea": 27617, "existing_units": 0, "footprint_sqft": 0.0, "interior_sqft": 0.0, "coverage_pct": 0.0, "in_corridor": false, "in_historic": false, "context_type": "Suburban" }, "geometry": { "type": "Polygon", "coordinates": [ [ [ -106.54768213347225, 31.880506574507343 ], [ -106.547233261236471, 31.880614028618609 ], [ -106.547221872939602, 31.880616754237451 ], [ -106.547218395074353, 31.880617586774207 ], [ -106.547094262303673, 31.880647302829626 ], [ -106.547172252197342, 31.8807909094545 ], [ -106.547253520320638, 31.880940551378089 ], [ -106.547304157222342, 31.881033791880263 ], [ -106.547819368457965, 31.880894113736471 ], [ -106.547837829461955, 31.880889972998027 ], [ -106.547695923965435, 31.880503272661915 ], [ -106.54768213347225, 31.880506574507343 ] ] ] } },
{ "type": "Feature", "properties": { "district": 1, "zonelabel": "R-3A", "state_cd_clean": null, "use_desc": "Unknown", "targetlotarea": 139789, "existing_units": 0, "footprint_sqft": 0.0, "interior_sqft": 0.0, "coverage_pct": 0.0, "in_corridor": false, "in_historic": false, "context_type": "Suburban" }, "geometry": { "type": "Polygon", "coordinates": [ [ [ -106.547359662624345, 31.881135997831869 ], [ -106.547416056398916, 31.881239836896047 ], [ -106.547493857224026, 31.881383095577512 ], [ -106.547527029019648, 31.881444173732664 ], [ -106.547600656960483, 31.881512772163635 ], [ -106.547728810189938, 31.881632170568668 ], [ -106.547859356238291, 31.881753799506672 ], [ -106.547989903617491, 31.881875427356835 ], [ -106.54812045027596, 31.88199705512034 ], [ -106.548250998324249, 31.8821186826965 ], [ -106.548353354189004, 31.882214044160026 ], [ -106.548464514157629, 31.88209793359032 ], [ -106.548581666116149, 31.881986194093869 ], [ -106.548704572833302, 31.88187905014291 ], [ -106.548832986993716, 31.88177671765887 ], [ -106.548966651080505, 31.881679402211354 ], [ -106.548978803770112, 31.881671073248995 ], [ -106.548989116878062, 31.881661100556382 ], [ -106.548997287662957, 31.881649774976434 ], [ -106.549003079474474, 31.881637426650492 ], [ -106.549006322336311, 31.881624417764257 ], [ -106.549006920443816, 31.881611127738072 ], [ -106.549004857964363, 31.881597944820928 ], [ -106.54900019398977, 31.881585253685689 ], [ -106.548892281809586, 31.881463055038822 ], [ -106.548790874675646, 31.881336865122581 ], [ -106.548696173308073, 31.881206936313422 ], [ -106.548608367287443, 31.881073528744839 ], [ -106.548527632767431, 31.88093690770679 ], [ -106.548454130541572, 31.880797346447082 ], [ -106.548434224007806, 31.88075452957559 ], [ -106.547906165326282, 31.880987836092636 ], [ -106.547359662624345, 31.881135997831869 ] ] ] } },
{ "type": "Feature", "properties": { "district": 1, "zonelabel": "R-2", "state_cd_clean": null, "use_desc": "Unknown", "targetlotarea": 294741, "existing_units": 0, "footprint_sqft": 0.0, "interior_sqft": 0.0, "coverage_pct": 0.0, "in_corridor": false, "in_historic": false, "context_type": "Suburban" }, "geometry": { "type": "Polygon", "coordinates": [ [ [ -106.599620006140228, 31.880207881471581 ], [ -106.599833427305384, 31.880207410859562 ], [ -106.599833636721058, 31.880210291250851 ], [ -106.600310118469736, 31.879571800415196 ], [ -106.600711831972234, 31.879185436464113 ], [ -106.600892227439104, 31.878876706630304 ], [ -106.600856942464631, 31.878870114559671 ], [ -106.600497844164579, 31.878869985790235 ], [ -106.600020799081364, 31.878884388323243 ], [ -106.599853838879852, 31.878887541140905 ], [ -106.599427351246959, 31.878887336212362 ], [ -106.599349564257963, 31.878892494407847 ], [ -106.598918031653, 31.878899355670754 ], [ -106.598836248351034, 31.878676302825784 ], [ -106.598460708292322, 31.878648984303101 ], [ -106.59847913752057, 31.880015052010616 ], [ -106.598301644316862, 31.880144033744475 ], [ -106.59849487258289, 31.880139924627148 ], [ -106.598499521331206, 31.880210344880947 ], [ -106.599620006140228, 31.880207881471581 ] ] ] } },
{ "type": "Feature", "properties": { "district": 1, "zonelabel": "C-3", "state_cd_clean": null, "use_desc": "Unknown", "targetlotarea": 3292, "existing_units": 0, "footprint_sqft": 0.0, "interior_sqft": 0.0, "coverage_pct": 0.0, "in_corridor": false, "in_historic": false, "context_type": "Suburban" }, "geometry": { "type": "Polygon", "coordinates": [ [ [ -106.596002832507551, 31.884323798931081 ], [ -106.596236138487683, 31.88432358703059 ], [ -106.596195520614984, 31.884204886247161 ], [ -106.595951723455656, 31.884196500340909 ], [ -106.596002832507551, 31.884323798931081 ] ] ] } },
{ "type": "Feature", "properties": { "district": 1, "zonelabel": "C-3", "state_cd_clean": null, "use_desc": "Unknown", "targetlotarea": 83874, "existing_units": 0, "footprint_sqft": 0.0, "interior_sqft": 0.0, "coverage_pct": 0.0, "in_corridor": false, "in_historic": false, "context_type": "Suburban" }, "geometry": { "type": "Polygon", "coordinates": [ [ [ -106.557032489053228, 31.885943615207939 ], [ -106.557122631017052, 31.886053021352456 ], [ -106.557207879982741, 31.886165246362541 ], [ -106.55728811437433, 31.886280131665362 ], [ -106.557304883682818, 31.886269303323083 ], [ -106.557540498692262, 31.886117146543686 ], [ -106.557549531224069, 31.886111313447064 ], [ -106.557573967645681, 31.885760471445082 ], [ -106.557590388885458, 31.885524703496195 ], [ -106.557611998388751, 31.885044044083809 ], [ -106.557474631210781, 31.885067300074098 ], [ -106.557338518693072, 31.885095414153774 ], [ -106.557159054637523, 31.885142719950416 ], [ -106.556981484927206, 31.885194970585022 ], [ -106.556805995364542, 31.885252110216292 ], [ -106.556632771517116, 31.885314079402182 ], [ -106.556618461194901, 31.885320226048631 ], [ -106.556605539825298, 31.88532830882939 ], [ -106.556594365343443, 31.885338103797416 ], [ -106.556585244067378, 31.885349342503279 ], [ -106.556578428705635, 31.88536171389671 ], [ -106.556574106520941, 31.88537487753754 ], [ -106.556572397573944, 31.885388469099151 ], [ -106.556573348281745, 31.885402115128198 ], [ -106.556576932827383, 31.885415438396709 ], [ -106.556583051994863, 31.885428072409894 ], [ -106.556591537803826, 31.885439667507082 ], [ -106.557032489053228, 31.885943615207939 ] ], [ [ -106.557556084025094, 31.885554550530426 ], [ -106.557541751867987, 31.885760347255278 ], [ -106.557412886765661, 31.885759852318181 ], [ -106.557427220257395, 31.885554055557041 ], [ -106.557556084025094, 31.885554550530426 ] ] ] } },
{ "type": "Feature", "properties": { "district": 1, "zonelabel": "M-1", "state_cd_clean": null, "use_desc": "Unknown", "targetlotarea": 847243, "existing_units": 0, "footprint_sqft": 0.0, "interior_sqft": 0.0, "coverage_pct": 0.0, "in_corridor": false, "in_historic": false, "context_type": "Suburban" }, "geometry": { "type": "Polygon", "coordinates": [ [ [ -106.598709492408588, 31.884530466154352 ], [ -106.599202893593315, 31.882236258325172 ], [ -106.599101685094794, 31.882212818281722 ], [ -106.598945771933273, 31.882176705031743 ], [ -106.598945707487616, 31.882176690970134 ], [ -106.596079522818798, 31.882227354817918 ], [ -106.596935055898612, 31.884592888998412 ], [ -106.597434866288978, 31.885842706922286 ], [ -106.598226274880147, 31.885838706957028 ], [ -106.598240773449447, 31.885618975068986 ], [ -106.59840076877525, 31.88559361435739 ], [ -106.598483665861991, 31.885580474692109 ], [ -106.598691475517228, 31.884614237644438 ], [ -106.598628854121984, 31.884616993643089 ], [ -106.598444458577418, 31.884625109953028 ], [ -106.598439965544998, 31.884550544455312 ], [ -106.59864314734304, 31.884535409265915 ], [ -106.598709492408588, 31.884530466154352 ] ] ] } },
{ "type": "Feature", "properties": { "district": 1, "zonelabel": "M-1", "state_cd_clean": null, "use_desc": "Unknown", "targetlotarea": 5976, "existing_units": 0, "footprint_sqft": 0.0, "interior_sqft": 0.0, "coverage_pct": 0.0, "in_corridor": false, "in_historic": false, "context_type": "Suburban" }, "geometry": { "type": "Polygon", "coordinates": [ [ [ -106.59840076877525, 31.88559361435739 ], [ -106.598240773449447, 31.885618975068986 ], [ -106.598226274880147, 31.885838706957028 ], [ -106.598359207614521, 31.88584291047264 ], [ -106.598427921553011, 31.885839661942949 ], [ -106.598483665861991, 31.885580474692109 ], [ -106.59840076877525, 31.88559361435739 ] ] ] } },
{ "type": "Feature", "properties": { "district": 1, "zonelabel": "C-4", "state_cd_clean": null, "use_desc": "Unknown", "targetlotarea": 466239, "existing_units": 0, "footprint_sqft": 0.0, "interior_sqft": 0.0, "coverage_pct": 0.0, "in_corridor": false, "in_historic": false, "context_type": "Suburban" }, "geometry": { "type": "Polygon", "coordinates": [ [ [ -106.575017674448688, 31.889360525337722 ], [ -106.575030440037025, 31.889407741003641 ], [ -106.577230927578313, 31.889136184442656 ], [ -106.577246336934181, 31.889133167705896 ], [ -106.577260964104497, 31.889128047744922 ], [ -106.577274416941378, 31.889120962589498 ], [ -106.577286336226706, 31.889112100176654 ], [ -106.577296403119007, 31.889101698896646 ], [ -106.577304346884787, 31.889090036383418 ], [ -106.577309956269815, 31.889077425356316 ], [ -106.577313081953562, 31.88906420266305 ], [ -106.577313638185473, 31.889050721975561 ], [ -106.576965564667233, 31.888177864875608 ], [ -106.576533503680054, 31.886967200267378 ], [ -106.576466666052809, 31.886746169435401 ], [ -106.576405672135877, 31.886523911831972 ], [ -106.576350552577608, 31.886300539804548 ], [ -106.576301335974165, 31.886076166701415 ], [ -106.576267063084387, 31.885891358062636 ], [ -106.576228607979075, 31.885707149116463 ], [ -106.576224769599307, 31.88570869612148 ], [ -106.57621930668968, 31.885676357578227 ], [ -106.576219287302891, 31.88567638470197 ], [ -106.57417546938639, 31.88651791862242 ], [ -106.574471175705398, 31.887553268415299 ], [ -106.574526011281279, 31.887541856546534 ], [ -106.574769009509779, 31.888440720072722 ], [ -106.575017674448688, 31.889360525337722 ] ], [ [ -106.576243175052355, 31.888165348296585 ], [ -106.576489113872313, 31.889045024009445 ], [ -106.57514367247154, 31.889333522542881 ], [ -106.575125567807177, 31.889266557426691 ], [ -106.575370677590442, 31.889214026842193 ], [ -106.575145759201405, 31.888390925702854 ], [ -106.574926161696496, 31.88758727273035 ], [ -106.574848756883213, 31.887603464272178 ], [ -106.574809327267715, 31.887469181502532 ], [ -106.574891959479174, 31.887451604976803 ], [ -106.574676413078578, 31.886713511747551 ], [ -106.574526674892653, 31.886744049161123 ], [ -106.574508422211565, 31.886673502381647 ], [ -106.574672124884827, 31.886637786726318 ], [ -106.574679858265512, 31.886668728449447 ], [ -106.575760041786467, 31.886437221665744 ], [ -106.576243175052355, 31.888165348296585 ] ] ] } },
{ "type": "Feature", "properties": { "district": 1, "zonelabel": "R-3", "state_cd_clean": null, "use_desc": "Unknown", "targetlotarea": 742510, "existing_units": 0, "footprint_sqft": 0.0, "interior_sqft": 0.0, "coverage_pct": 0.0, "in_corridor": false, "in_historic": false, "context_type": "Suburban" }, "geometry": { "type": "Polygon", "coordinates": [ [ [ -106.594489046413614, 31.891894271558776 ], [ -106.597496897523115, 31.891856770647291 ], [ -106.597476836859073, 31.891651554203087 ], [ -106.597455220357261, 31.89145493217206 ], [ -106.597227674186257, 31.889540102317216 ], [ -106.597219810034872, 31.889521815431955 ], [ -106.597208555567079, 31.889504868553789 ], [ -106.597194209653892, 31.889489715200366 ], [ -106.597177159068934, 31.889476761304891 ], [ -106.597157859833857, 31.889466355274163 ], [ -106.597136829993971, 31.889458774787261 ], [ -106.597114631380435, 31.889454223156346 ], [ -106.596696579266052, 31.889462082093303 ], [ -106.596712317218802, 31.889748435660088 ], [ -106.596086938915732, 31.890097057488344 ], [ -106.596071360853145, 31.889488289069838 ], [ -106.594489402309989, 31.889518008694722 ], [ -106.594488978219104, 31.891890385380851 ], [ -106.594489046413614, 31.891894271558776 ] ] ] } },
{ "type": "Feature", "properties": { "district": 1, "zonelabel": "R-4", "state_cd_clean": null, "use_desc": "Unknown", "targetlotarea": 431166, "existing_units": 0, "footprint_sqft": 0.0, "interior_sqft": 0.0, "coverage_pct": 0.0, "in_corridor": false, "in_historic": false, "context_type": "Suburban" }, "geometry": { "type": "Polygon", "coordinates": [ [ [ -106.597142825670716, 31.898644059742043 ], [ -106.597217353366759, 31.898644003080463 ], [ -106.597202622444598, 31.897954158716779 ], [ -106.597212373176077, 31.897872120629973 ], [ -106.597200722421263, 31.897163608309576 ], [ -106.596948615305706, 31.897164692898425 ], [ -106.596797973322396, 31.897165339327646 ], [ -106.596636874793646, 31.897166032236228 ], [ -106.596475775147638, 31.897166724096174 ], [ -106.596314677669625, 31.897167416555867 ], [ -106.596308071692675, 31.897167444239027 ], [ -106.596153576963474, 31.89716810806847 ], [ -106.595992479421298, 31.897168799229764 ], [ -106.595983135217978, 31.897168839319193 ], [ -106.595831380821295, 31.897169490242767 ], [ -106.595718503110746, 31.897169974542681 ], [ -106.595712711131583, 31.89716999919095 ], [ -106.595670281223065, 31.897170182007908 ], [ -106.595492311484563, 31.897170943045111 ], [ -106.595348087118154, 31.897171561986095 ], [ -106.595119894091496, 31.897172541152575 ], [ -106.5950973685988, 31.897172635852382 ], [ -106.595026513365752, 31.897278817067143 ], [ -106.594917870818875, 31.897441624689037 ], [ -106.594631155632442, 31.89787128714034 ], [ -106.594575829072824, 31.897954199645479 ], [ -106.594356069345167, 31.898283517768348 ], [ -106.594291211879209, 31.898380709943812 ], [ -106.594286083112962, 31.898513404434045 ], [ -106.5942866606443, 31.898646170586542 ], [ -106.594472614257498, 31.8986460356052 ], [ -106.594714271238672, 31.898645859373417 ], [ -106.59503716832981, 31.898645622553261 ], [ -106.595198272259168, 31.898645504151318 ], [ -106.595356958014335, 31.898645387087821 ], [ -106.595518061942883, 31.89864526829081 ], [ -106.595679284436969, 31.898645149014047 ], [ -106.595840388424122, 31.898645030719155 ], [ -106.595999075233195, 31.898644912823489 ], [ -106.596160178045224, 31.89864479238344 ], [ -106.596318870249618, 31.89864467564567 ], [ -106.596479973060823, 31.898644554810534 ], [ -106.596641078041998, 31.898644434575235 ], [ -106.596802181967334, 31.898644314191685 ], [ -106.596961995268984, 31.898644194248796 ], [ -106.597142825670716, 31.898644059742043 ] ] ] } },
{ "type": "Feature", "properties": { "district": 1, "zonelabel": "C-4", "state_cd_clean": null, "use_desc": "Unknown", "targetlotarea": 177635, "existing_units": 0, "footprint_sqft": 0.0, "interior_sqft": 0.0, "coverage_pct": 0.0, "in_corridor": false, "in_historic": false, "context_type": "Suburban" }, "geometry": { "type": "Polygon", "coordinates": [ [ [ -106.571778911408217, 31.910244927638324 ], [ -106.57249943851977, 31.910246753282557 ], [ -106.572506923803147, 31.908096086648598 ], [ -106.571786757519419, 31.908027752873934 ], [ -106.571778911408217, 31.910244927638324 ] ] ] } },
{ "type": "Feature", "properties": { "district": 1, "zonelabel": "C-4", "state_cd_clean": null, "use_desc": "Unknown", "targetlotarea": 46097, "existing_units": 0, "footprint_sqft": 0.0, "interior_sqft": 0.0, "coverage_pct": 0.0, "in_corridor": false, "in_historic": false, "context_type": "Suburban" }, "geometry": { "type": "Polygon", "coordinates": [ [ [ -106.583567697795644, 31.911395014562494 ], [ -106.584178891420194, 31.911397258681969 ], [ -106.584237255299456, 31.911377028229584 ], [ -106.584292550646495, 31.911351277981641 ], [ -106.584344062421565, 31.911320341227643 ], [ -106.584480628249295, 31.911227990228376 ], [ -106.584136056021677, 31.910777887372809 ], [ -106.584020385403107, 31.910842317665669 ], [ -106.583925881184712, 31.910771149531936 ], [ -106.583804576036599, 31.910651454670269 ], [ -106.583567697795644, 31.911395014562494 ] ] ] } },
{ "type": "Feature", "properties": { "district": 1, "zonelabel": "C-3", "state_cd_clean": null, "use_desc": "Unknown", "targetlotarea": 1257178, "existing_units": 0, "footprint_sqft": 0.0, "interior_sqft": 0.0, "coverage_pct": 0.0, "in_corridor": false, "in_historic": false, "context_type": "Suburban" }, "geometry": { "type": "Polygon", "coordinates": [ [ [ -106.580900696478665, 31.882205723512609 ], [ -106.580361225278935, 31.879711526689434 ], [ -106.579965321438067, 31.879789978866516 ], [ -106.579922050010879, 31.87979314102742 ], [ -106.579879950156467, 31.879802244641077 ], [ -106.579840136640897, 31.879817050166707 ], [ -106.579690265683539, 31.879915353363732 ], [ -106.579543304404339, 31.88001680559189 ], [ -106.579938427862658, 31.880234605301663 ], [ -106.580316991744752, 31.880454509748997 ], [ -106.580331017910865, 31.880519358680939 ], [ -106.579637815614504, 31.881473733068528 ], [ -106.577774296326282, 31.880488220561695 ], [ -106.577221478227798, 31.881248221701551 ], [ -106.576660417344911, 31.879446755983924 ], [ -106.576631750875364, 31.879446812405984 ], [ -106.57539393177727, 31.879457685173172 ], [ -106.57545027595873, 31.879604962804397 ], [ -106.575499292797375, 31.879754136195125 ], [ -106.575540894951388, 31.879904940366629 ], [ -106.575575008617577, 31.88005710698032 ], [ -106.575601571539593, 31.880210366239567 ], [ -106.575708545389105, 31.880823586234495 ], [ -106.575784448955844, 31.881291207597169 ], [ -106.575913031788289, 31.882069520807843 ], [ -106.57594774493829, 31.882279265700255 ], [ -106.576582587566236, 31.882171420052348 ], [ -106.576655105610016, 31.882155809238984 ], [ -106.576725403846041, 31.882134026240465 ], [ -106.5767927645295, 31.882106296056318 ], [ -106.576856496987745, 31.882072901101324 ], [ -106.577270940411921, 31.882329165656468 ], [ -106.578280454819705, 31.882862661342113 ], [ -106.578263220159144, 31.882890731901778 ], [ -106.578251761231741, 31.882920875790592 ], [ -106.578246404720687, 31.882952234603618 ], [ -106.578247303509471, 31.882983914912618 ], [ -106.578254431073304, 31.883015015632427 ], [ -106.578267585071529, 31.883044650430616 ], [ -106.578286391414153, 31.883071977339807 ], [ -106.578508632464548, 31.883340196681011 ], [ -106.578516256469115, 31.883385052817598 ], [ -106.578518365140823, 31.883430343241059 ], [ -106.578514934414102, 31.883475574118627 ], [ -106.578506002899843, 31.883520254934112 ], [ -106.580169072956579, 31.883227363320589 ], [ -106.579918672693751, 31.882430341586442 ], [ -106.580900696478665, 31.882205723512609 ] ] ] } },
{ "type": "Feature", "properties": { "district": 1, "zonelabel": "C-4", "state_cd_clean": null, "use_desc": "Unknown", "targetlotarea": 78107, "existing_units": 0, "footprint_sqft": 0.0, "interior_sqft": 0.0, "coverage_pct": 0.0, "in_corridor": false, "in_historic": false, "context_type": "Suburban" }, "geometry": { "type": "Polygon", "coordinates": [ [ [ -106.569478175721528, 31.907121407563398 ], [ -106.5705139575701, 31.90720919298197 ], [ -106.570530778942029, 31.907209275490011 ], [ -106.570547404274379, 31.907207086682313 ], [ -106.570563413657979, 31.907202681890311 ], [ -106.570578403464424, 31.907196170764255 ], [ -106.570591997020131, 31.907187718568576 ], [ -106.570603851462138, 31.907177537724465 ], [ -106.570613668174857, 31.907165885503442 ], [ -106.570621200642265, 31.907153054618917 ], [ -106.570626256262599, 31.907139368623135 ], [ -106.570628710592572, 31.907125173095675 ], [ -106.570630789312006, 31.907104850759431 ], [ -106.570638306746261, 31.907012439969606 ], [ -106.570638057609173, 31.906919807602428 ], [ -106.570630043472676, 31.906827427788532 ], [ -106.570614303907931, 31.906735772838054 ], [ -106.570590921762445, 31.906645312987596 ], [ -106.57056001541541, 31.906556511351891 ], [ -106.570521742939889, 31.90646982282108 ], [ -106.570511942454772, 31.906449261741933 ], [ -106.570396044560752, 31.90648619500142 ], [ -106.570277819085533, 31.906517300738091 ], [ -106.570157668914447, 31.906542473849623 ], [ -106.570036002400613, 31.906561627941631 ], [ -106.569913233483192, 31.906574697128391 ], [ -106.569789780750156, 31.906581637884443 ], [ -106.569666063096847, 31.906582427445699 ], [ -106.569542501659228, 31.90657706100755 ], [ -106.569478175721528, 31.907121407563398 ] ] ] } },
{ "type": "Feature", "properties": { "district": 1, "zonelabel": "C-2", "state_cd_clean": null, "use_desc": "Unknown", "targetlotarea": 149597, "existing_units": 0, "footprint_sqft": 0.0, "interior_sqft": 0.0, "coverage_pct": 0.0, "in_corridor": false, "in_historic": false, "context_type": "Suburban" }, "geometry": { "type": "Polygon", "coordinates": [ [ [ -106.588202836346156, 31.866898692701273 ], [ -106.588508106325975, 31.867681633017934 ], [ -106.589656314036674, 31.867368834958175 ], [ -106.589651912092961, 31.867356675250573 ], [ -106.589348728471791, 31.866519123513548 ], [ -106.58934097305989, 31.866497699271541 ], [ -106.589338947404926, 31.866492102368891 ], [ -106.58804337364046, 31.866489704309668 ], [ -106.588047536786618, 31.866500381524364 ], [ -106.588202836346156, 31.866898692701273 ] ] ] } },
{ "type": "Feature", "properties": { "district": 1, "zonelabel": "C-4", "state_cd_clean": null, "use_desc": "Unknown", "targetlotarea": 6825423, "existing_units": 0, "footprint_sqft": 0.0, "interior_sqft": 0.0, "coverage_pct": 0.0, "in_corridor": false, "in_historic": false, "context_type": "Suburban" }, "geometry": { "type": "Polygon", "coordinates": [ [ [ -106.559766232850663, 31.905722568934134 ], [ -106.559845992673203, 31.905736736613981 ], [ -106.559866897214278, 31.905667043984252 ], [ -106.560393360669551, 31.903911822471606 ], [ -106.56206972478509, 31.903415318441617 ], [ -106.562122356522039, 31.903239827665828 ], [ -106.562297451692729, 31.903278061730838 ], [ -106.562274474549355, 31.903354673539805 ], [ -106.564775404609534, 31.90261390565658 ], [ -106.567891498008336, 31.903293910772309 ], [ -106.568301712671683, 31.90368339234681 ], [ -106.568309839512494, 31.90369110821074 ], [ -106.568310273195266, 31.903691520108858 ], [ -106.568421249264219, 31.903612429272634 ], [ -106.568536595304849, 31.90353802837738 ], [ -106.568304600192732, 31.903300009688003 ], [ -106.568320897605062, 31.903297803405412 ], [ -106.568969649098833, 31.902898470475964 ], [ -106.569163854571173, 31.903183701553072 ], [ -106.571308330048367, 31.902098381934021 ], [ -106.571222791490811, 31.901981915053955 ], [ -106.571703506828683, 31.901718768850458 ], [ -106.571736986105392, 31.901690671371242 ], [ -106.571736848437652, 31.901669963729081 ], [ -106.571750569019386, 31.901679271293169 ], [ -106.571781413556124, 31.899183024895081 ], [ -106.571720301623287, 31.89918302424865 ], [ -106.55710440801181, 31.899182003607905 ], [ -106.558162072302437, 31.905327370551454 ], [ -106.55832154802134, 31.905333675272026 ], [ -106.558455130275803, 31.905338956350022 ], [ -106.55864614089208, 31.905523606503714 ], [ -106.559451259640412, 31.905666621097044 ], [ -106.559456820917362, 31.905663512794135 ], [ -106.559546094824768, 31.905613606011116 ], [ -106.559704085404391, 31.905641669626515 ], [ -106.559732922694707, 31.905679207538871 ], [ -106.559732878560936, 31.905680518447536 ], [ -106.559733614002269, 31.905680108450181 ], [ -106.559766232850663, 31.905722568934134 ] ] ] } },
{ "type": "Feature", "properties": { "district": 1, "zonelabel": "C-4", "state_cd_clean": null, "use_desc": "Unknown", "targetlotarea": 478558, "existing_units": 0, "footprint_sqft": 0.0, "interior_sqft": 0.0, "coverage_pct": 0.0, "in_corridor": false, "in_historic": false, "context_type": "Suburban" }, "geometry": { "type": "Polygon", "coordinates": [ [ [ -106.572141790267807, 31.896593228067115 ], [ -106.571790997435841, 31.896767138356353 ], [ -106.571797147666373, 31.89790958564371 ], [ -106.574029622718683, 31.897988888343644 ], [ -106.574112266633023, 31.897759513068188 ], [ -106.574076337957067, 31.897747379455868 ], [ -106.574184737969659, 31.897283587222766 ], [ -106.574225365706127, 31.897111510246091 ], [ -106.574258906052719, 31.896938324898784 ], [ -106.574285319031119, 31.89676424356146 ], [ -106.574304570059809, 31.896589480161456 ], [ -106.57431663728228, 31.896414248918656 ], [ -106.574321505234565, 31.896238764648892 ], [ -106.574319168010859, 31.896063242612151 ], [ -106.574309629204208, 31.895887897612088 ], [ -106.574292899914099, 31.895712945898161 ], [ -106.574269000560491, 31.895538600562254 ], [ -106.574209624447377, 31.895568038161027 ], [ -106.573720386678758, 31.895810597467175 ], [ -106.573613300131584, 31.895930917031503 ], [ -106.573354299659513, 31.896064376319206 ], [ -106.573015084608954, 31.896346927015635 ], [ -106.572763075957084, 31.896331350304372 ], [ -106.57272913312454, 31.896329366817476 ], [ -106.572593657361068, 31.896396531303179 ], [ -106.57246675329678, 31.896571100887286 ], [ -106.572380867009088, 31.896602357475444 ], [ -106.572141790267807, 31.896593228067115 ] ] ] } },
{ "type": "Feature", "properties": { "district": 1, "zonelabel": "C-4", "state_cd_clean": null, "use_desc": "Unknown", "targetlotarea": 41741, "existing_units": 0, "footprint_sqft": 0.0, "interior_sqft": 0.0, "coverage_pct": 0.0, "in_corridor": false, "in_historic": false, "context_type": "Suburban" }, "geometry": { "type": "Polygon", "coordinates": [ [ [ -106.586861265541401, 31.906742081581882 ], [ -106.587421946317363, 31.907226172743837 ], [ -106.587438809174259, 31.907210960777263 ], [ -106.587536909251881, 31.907112918621561 ], [ -106.587629033451009, 31.907010745460411 ], [ -106.587714946259425, 31.906904707331606 ], [ -106.587773081523011, 31.906816051820488 ], [ -106.587249779921919, 31.906414640069919 ], [ -106.586861265541401, 31.906742081581882 ] ] ] } },
{ "type": "Feature", "properties": { "district": 1, "zonelabel": "C-3", "state_cd_clean": null, "use_desc": "Unknown", "targetlotarea": 158593, "existing_units": 0, "footprint_sqft": 0.0, "interior_sqft": 0.0, "coverage_pct": 0.0, "in_corridor": false, "in_historic": false, "context_type": "Suburban" }, "geometry": { "type": "Polygon", "coordinates": [ [ [ -106.594300646460837, 31.889555885807287 ], [ -106.594294454617312, 31.889729436023874 ], [ -106.594291642520247, 31.889808260944886 ], [ -106.5942893883376, 31.889979364596098 ], [ -106.594286942941466, 31.890200990708685 ], [ -106.594284592961614, 31.890354387718585 ], [ -106.594284288459022, 31.890367251298208 ], [ -106.594282990941565, 31.890422150876656 ], [ -106.594282501463169, 31.89044287452522 ], [ -106.594281277491163, 31.890494671464978 ], [ -106.594280756382673, 31.890634737776757 ], [ -106.594278341139983, 31.890941725397592 ], [ -106.594274185109512, 31.891179034830522 ], [ -106.594281210506153, 31.891544669157675 ], [ -106.594265104287402, 31.891550968644999 ], [ -106.594265496446269, 31.891893847885097 ], [ -106.594288852522268, 31.891893876833652 ], [ -106.594288856001228, 31.891894025705021 ], [ -106.594489046413614, 31.891894271558776 ], [ -106.594488978219104, 31.891890385380851 ], [ -106.594489402309989, 31.889518008694722 ], [ -106.596071360853145, 31.889488289069838 ], [ -106.596086938915732, 31.890097057488344 ], [ -106.596712317218802, 31.889748435660088 ], [ -106.596696579266052, 31.889462082093303 ], [ -106.597114631380435, 31.889454223156346 ], [ -106.597136829993971, 31.889458774787261 ], [ -106.597157859833857, 31.889466355274163 ], [ -106.597177159068934, 31.889476761304891 ], [ -106.597194209653892, 31.889489715200366 ], [ -106.597208555567079, 31.889504868553789 ], [ -106.597219810034872, 31.889521815431955 ], [ -106.597227674186257, 31.889540102317216 ], [ -106.597193571189294, 31.889253114462438 ], [ -106.595876548333393, 31.889272809109833 ], [ -106.595418818218405, 31.889279650657834 ], [ -106.594963337668787, 31.889286457416517 ], [ -106.594305876112742, 31.889296279878941 ], [ -106.594305730559057, 31.889318700499441 ], [ -106.594300646460837, 31.889555885807287 ] ] ] } },
{ "type": "Feature", "properties": { "district": 1, "zonelabel": "C-3", "state_cd_clean": null, "use_desc": "Unknown", "targetlotarea": 58519, "existing_units": 0, "footprint_sqft": 0.0, "interior_sqft": 0.0, "coverage_pct": 0.0, "in_corridor": false, "in_historic": false, "context_type": "Suburban" }, "geometry": { "type": "Polygon", "coordinates": [ [ [ -106.588746957947606, 31.879952158361398 ], [ -106.588759738145896, 31.881051116499115 ], [ -106.588905344758714, 31.881116112835105 ], [ -106.588911525285567, 31.881113376239647 ], [ -106.589069781356741, 31.88104329016836 ], [ -106.589070900656509, 31.879454002516745 ], [ -106.588927247888989, 31.879455730826464 ], [ -106.588747307510147, 31.879457895877973 ], [ -106.588747004910871, 31.879886423609516 ], [ -106.588746193230577, 31.879886427369762 ], [ -106.588746957947606, 31.879952158361398 ] ] ] } },
{ "type": "Feature", "properties": { "district": 1, "zonelabel": "C-4", "state_cd_clean": null, "use_desc": "Unknown", "targetlotarea": 30838, "existing_units": 0, "footprint_sqft": 0.0, "interior_sqft": 0.0, "coverage_pct": 0.0, "in_corridor": false, "in_historic": false, "context_type": "Suburban" }, "geometry": { "type": "Polygon", "coordinates": [ [ [ -106.586735342007486, 31.86372542413493 ], [ -106.586784012935397, 31.863836491487685 ], [ -106.586962642121065, 31.864230494234203 ], [ -106.587251025246545, 31.864168790006339 ], [ -106.587298128372709, 31.864158711626523 ], [ -106.587298172210197, 31.864158702294763 ], [ -106.587316883164078, 31.864154698152049 ], [ -106.587318396460475, 31.863562553391059 ], [ -106.587291470812019, 31.863562792530516 ], [ -106.586735342007486, 31.86372542413493 ] ] ] } },
{ "type": "Feature", "properties": { "district": 1, "zonelabel": "C-2", "state_cd_clean": null, "use_desc": "Unknown", "targetlotarea": 11404, "existing_units": 0, "footprint_sqft": 0.0, "interior_sqft": 0.0, "coverage_pct": 0.0, "in_corridor": false, "in_historic": false, "context_type": "Suburban" }, "geometry": { "type": "Polygon", "coordinates": [ [ [ -106.594274372727455, 31.896477159258854 ], [ -106.594312048295237, 31.896476974174487 ], [ -106.594592164926127, 31.896475599595554 ], [ -106.595512302859035, 31.896471080480467 ], [ -106.595559787293766, 31.896390791788235 ], [ -106.594311400177105, 31.89639692568965 ], [ -106.594274319448516, 31.896397107474527 ], [ -106.594274372727455, 31.896477159258854 ] ] ] } },
{ "type": "Feature", "properties": { "district": 1, "zonelabel": "R-3", "state_cd_clean": null, "use_desc": "Unknown", "targetlotarea": 609361, "existing_units": 0, "footprint_sqft": 0.0, "interior_sqft": 0.0, "coverage_pct": 0.0, "in_corridor": false, "in_historic": false, "context_type": "Suburban" }, "geometry": { "type": "Polygon", "coordinates": [ [ [ -106.588609683373349, 31.903471189571814 ], [ -106.588919874517259, 31.903469437202205 ], [ -106.589939949031702, 31.903463670641987 ], [ -106.590022047373253, 31.903463206784249 ], [ -106.591525180167153, 31.901172778424367 ], [ -106.591436050213304, 31.9011720419883 ], [ -106.591412886570183, 31.901171850523379 ], [ -106.591155389413288, 31.901169723766291 ], [ -106.588319654024232, 31.901146264898994 ], [ -106.58826516413049, 31.901145813055649 ], [ -106.588609683373349, 31.903471189571814 ] ] ] } },
{ "type": "Feature", "properties": { "district": 1, "zonelabel": "A-2", "state_cd_clean": null, "use_desc": "Unknown", "targetlotarea": 222732, "existing_units": 0, "footprint_sqft": 0.0, "interior_sqft": 0.0, "coverage_pct": 0.0, "in_corridor": false, "in_historic": false, "context_type": "Suburban" }, "geometry": { "type": "Polygon", "coordinates": [ [ [ -106.53164834618228, 31.843501529526456 ], [ -106.531654011214286, 31.842739099259685 ], [ -106.52978056571898, 31.842739973654382 ], [ -106.529779149073448, 31.842813114297719 ], [ -106.529773731932153, 31.842961811022533 ], [ -106.529761255686822, 31.84330427454951 ], [ -106.529760043031388, 31.843427968682029 ], [ -106.529759354291286, 31.843537928292651 ], [ -106.529758736401774, 31.84364788723558 ], [ -106.529758047658547, 31.84375784683612 ], [ -106.52975703018889, 31.843920215276086 ], [ -106.529874078725854, 31.843929315482811 ], [ -106.529991468236631, 31.84393425613267 ], [ -106.530108998218765, 31.843935029606204 ], [ -106.530226463307272, 31.843931634839034 ], [ -106.530332030701487, 31.843911639092017 ], [ -106.530438735510202, 31.843896679848882 ], [ -106.53054624951892, 31.843886802539497 ], [ -106.530654240407642, 31.843882038338027 ], [ -106.530762374739282, 31.843882401311209 ], [ -106.530837082530837, 31.84388987800817 ], [ -106.530910503021431, 31.843903839887197 ], [ -106.530969967029989, 31.843920755906243 ], [ -106.530971391432175, 31.843913178443195 ], [ -106.531009072466134, 31.843670932075206 ], [ -106.531112250157193, 31.843569425100533 ], [ -106.53164834618228, 31.843501529526456 ] ] ] } },
{ "type": "Feature", "properties": { "district": 1, "zonelabel": "C-4", "state_cd_clean": null, "use_desc": "Unknown", "targetlotarea": 238419, "existing_units": 0, "footprint_sqft": 0.0, "interior_sqft": 0.0, "coverage_pct": 0.0, "in_corridor": false, "in_historic": false, "context_type": "Suburban" }, "geometry": { "type": "Polygon", "coordinates": [ [ [ -106.572543958366495, 31.907386953129652 ], [ -106.572557053177505, 31.907388171301243 ], [ -106.573991536876889, 31.907521585366446 ], [ -106.574144475958761, 31.906670440679189 ], [ -106.574213035193381, 31.906105015321749 ], [ -106.574213270500564, 31.906103072901232 ], [ -106.572897631849386, 31.905987449830427 ], [ -106.572886513480555, 31.90598775023744 ], [ -106.572875609956228, 31.905989625554952 ], [ -106.572865223716803, 31.90599302155394 ], [ -106.572855644099022, 31.905997845793472 ], [ -106.572847139532286, 31.906003961671537 ], [ -106.572839946639291, 31.90601119978626 ], [ -106.572834267069183, 31.906019358087402 ], [ -106.572830256301913, 31.906028208735375 ], [ -106.572828029399531, 31.90603750505187 ], [ -106.572810662260167, 31.906174005770307 ], [ -106.572797038824277, 31.906262336652784 ], [ -106.572776956228836, 31.906349765643462 ], [ -106.572750493563348, 31.906435950232126 ], [ -106.572717752440127, 31.906520552248825 ], [ -106.572678864383775, 31.906603237509501 ], [ -106.572633979635071, 31.906683682675435 ], [ -106.57259368513779, 31.90675578054012 ], [ -106.572558821805984, 31.906829909805783 ], [ -106.572529529953897, 31.906905772910861 ], [ -106.572505927197398, 31.906983065251175 ], [ -106.572488106520439, 31.907061477982257 ], [ -106.572476141374921, 31.907140695065216 ], [ -106.572457988773252, 31.907287168083776 ], [ -106.572457158338125, 31.907302334554842 ], [ -106.572459350784911, 31.907317401411948 ], [ -106.572464500487072, 31.907331934625898 ], [ -106.572472461192703, 31.907345513964568 ], [ -106.57248300175408, 31.907357748552538 ], [ -106.572495817216279, 31.907368284469346 ], [ -106.572510539146904, 31.907376816900388 ], [ -106.572526742621207, 31.907383099738041 ], [ -106.572543958366495, 31.907386953129652 ] ] ] } },
{ "type": "Feature", "properties": { "district": 1, "zonelabel": "C-4", "state_cd_clean": null, "use_desc": "Unknown", "targetlotarea": 281242, "existing_units": 0, "footprint_sqft": 0.0, "interior_sqft": 0.0, "coverage_pct": 0.0, "in_corridor": false, "in_historic": false, "context_type": "Suburban" }, "geometry": { "type": "Polygon", "coordinates": [ [ [ -106.570880301166085, 31.907240239953946 ], [ -106.571737254712943, 31.907312860707378 ], [ -106.571851108690709, 31.907322508927368 ], [ -106.572182803789985, 31.90735336169816 ], [ -106.572201133141547, 31.907350276341599 ], [ -106.572218562368164, 31.907344535185377 ], [ -106.572234564910275, 31.907336310677159 ], [ -106.572248660412512, 31.907325849827934 ], [ -106.57226042386813, 31.907313468354893 ], [ -106.572269501796455, 31.907299539067296 ], [ -106.572275619976168, 31.907284480657204 ], [ -106.57227859434532, 31.907268746338271 ], [ -106.572296372551975, 31.907123643449847 ], [ -106.572310157382503, 31.907035149592566 ], [ -106.572330355791678, 31.906947557112264 ], [ -106.572356890409367, 31.906861203009328 ], [ -106.572389658237228, 31.906776420994586 ], [ -106.572428532463846, 31.906693536886291 ], [ -106.57247336481305, 31.90661287211044 ], [ -106.572520235478976, 31.906525950436794 ], [ -106.57255960854549, 31.906436362854684 ], [ -106.572591274589513, 31.906344579155352 ], [ -106.572615070526922, 31.906251081361702 ], [ -106.572630869756281, 31.90615635878056 ], [ -106.572647534226846, 31.90602048789626 ], [ -106.572647865638814, 31.906011527149722 ], [ -106.572646466559817, 31.906002642060074 ], [ -106.572643374043153, 31.905994073826538 ], [ -106.572638673341018, 31.905986055920245 ], [ -106.572632490978592, 31.905978805383565 ], [ -106.572624995690731, 31.905972520978622 ], [ -106.57261639137792, 31.905967372685794 ], [ -106.572606912824654, 31.905963501005619 ], [ -106.572596816840488, 31.905961011060374 ], [ -106.5722404122386, 31.905929685491856 ], [ -106.571739754299784, 31.905885679294798 ], [ -106.57145544134093, 31.905860688618215 ], [ -106.571212631671628, 31.905842152626075 ], [ -106.570969243858841, 31.905830373068166 ], [ -106.570725534888936, 31.905825362021776 ], [ -106.570592641790597, 31.905826323573638 ], [ -106.570581824030043, 31.90582766799826 ], [ -106.570571439984889, 31.905830583178794 ], [ -106.570561799403961, 31.905834981121462 ], [ -106.570553192245029, 31.905840730521128 ], [ -106.570545875011589, 31.905847658318628 ], [ -106.570540067123815, 31.905855558906822 ], [ -106.570535941477488, 31.905864195486103 ], [ -106.570533622925609, 31.905873309169245 ], [ -106.570533180308189, 31.905882626589325 ], [ -106.570541314397218, 31.90597425732232 ], [ -106.57055702177648, 31.906065168664 ], [ -106.570580222701253, 31.906154904677656 ], [ -106.570610800896659, 31.906243017497239 ], [ -106.570648605608895, 31.90632906632581 ], [ -106.570688684128868, 31.906410099830858 ], [ -106.570726281408767, 31.906494876860553 ], [ -106.570757674788155, 31.90658147109318 ], [ -106.570782743050231, 31.906669553231314 ], [ -106.570801393120831, 31.906758787209725 ], [ -106.570813551742987, 31.906848832400463 ], [ -106.570819174099299, 31.906939345909681 ], [ -106.570818237479045, 31.907029982880893 ], [ -106.570810746674837, 31.907120398042931 ], [ -106.57080900340253, 31.907139976304741 ], [ -106.570808218923403, 31.907155764697336 ], [ -106.57081053812631, 31.907171442419312 ], [ -106.570815897148051, 31.907186569937057 ], [ -106.570824142996358, 31.907200721016853 ], [ -106.570835045052974, 31.907213496626067 ], [ -106.570848296021566, 31.907224539339808 ], [ -106.570863523894275, 31.907233538187509 ], [ -106.570880301166085, 31.907240239953946 ] ] ] } },
{ "type": "Feature", "properties": { "district": 1, "zonelabel": "C-4", "state_cd_clean": null, "use_desc": "Unknown", "targetlotarea": 236041, "existing_units": 0, "footprint_sqft": 0.0, "interior_sqft": 0.0, "coverage_pct": 0.0, "in_corridor": false, "in_historic": false, "context_type": "Suburban" }, "geometry": { "type": "Polygon", "coordinates": [ [ [ -106.568014501680082, 31.906997342414765 ], [ -106.568031373619235, 31.906997421919989 ], [ -106.568048042514235, 31.906995187087759 ], [ -106.568064072799885, 31.906990696700475 ], [ -106.568079048534486, 31.906984066409443 ], [ -106.568092579733502, 31.906975468431479 ], [ -106.568104315913843, 31.906965128191164 ], [ -106.568113950601756, 31.906953312362489 ], [ -106.568121234058665, 31.906940329163415 ], [ -106.568125976733398, 31.906926516447967 ], [ -106.568128055062303, 31.906912233299643 ], [ -106.568132335762229, 31.906881592631496 ], [ -106.568145857280172, 31.906804057532597 ], [ -106.568167176079825, 31.906727807605666 ], [ -106.568196133704802, 31.906653412249366 ], [ -106.568232514750392, 31.906581428231839 ], [ -106.568276045393787, 31.906512393438302 ], [ -106.568326402598544, 31.906446821914695 ], [ -106.568494958298643, 31.906245109992135 ], [ -106.568536517480212, 31.906190892370869 ], [ -106.568572478092449, 31.906133836437689 ], [ -106.568602575525858, 31.906074362227077 ], [ -106.568626588637983, 31.906012906660845 ], [ -106.568644340749913, 31.905949922596943 ], [ -106.568655702397422, 31.905885872374956 ], [ -106.568668023571291, 31.905779601807193 ], [ -106.568668278000033, 31.905770446961469 ], [ -106.568666713166522, 31.905761386420913 ], [ -106.568663375979582, 31.905752682591576 ], [ -106.568658361251011, 31.905744585650854 ], [ -106.568651813451083, 31.90573732804398 ], [ -106.568643922130974, 31.905731119283768 ], [ -106.568634913004772, 31.905726139151266 ], [ -106.56862504636085, 31.905722529642851 ], [ -106.56861460650677, 31.905720395475459 ], [ -106.568359622714468, 31.905697872817186 ], [ -106.568243774374395, 31.905685022964633 ], [ -106.568128871061361, 31.905667028951697 ], [ -106.56801522533155, 31.90564394175977 ], [ -106.567903148280521, 31.905615822376681 ], [ -106.567792946850204, 31.905582749151701 ], [ -106.567684919192118, 31.905544811694629 ], [ -106.567663375168763, 31.905536075932346 ], [ -106.567662985234662, 31.905536409826766 ], [ -106.567365285323916, 31.905514487052191 ], [ -106.567379993553104, 31.905489913086466 ], [ -106.567237910054274, 31.905425113913228 ], [ -106.567089857142079, 31.905677517835045 ], [ -106.567017783415224, 31.905813967984855 ], [ -106.566942805330527, 31.905967989708575 ], [ -106.566873525648347, 31.906123941709826 ], [ -106.566810010444058, 31.906281669091374 ], [ -106.566752323742676, 31.906441017956723 ], [ -106.56670052083031, 31.906601830310954 ], [ -106.566667516659251, 31.906718486678184 ], [ -106.566857181144769, 31.906751023780089 ], [ -106.567060215903012, 31.906916444958377 ], [ -106.568011833268329, 31.906997116050899 ], [ -106.568014501680082, 31.906997342414765 ] ] ] } },
{ "type": "Feature", "properties": { "district": 1, "zonelabel": "C-4", "state_cd_clean": null, "use_desc": "Unknown", "targetlotarea": 135492, "existing_units": 0, "footprint_sqft": 0.0, "interior_sqft": 0.0, "coverage_pct": 0.0, "in_corridor": false, "in_historic": false, "context_type": "Suburban" }, "geometry": { "type": "Polygon", "coordinates": [ [ [ -106.568641675824864, 31.906335542412524 ], [ -106.568755379383688, 31.906388339541696 ], [ -106.56887264639586, 31.906435120192832 ], [ -106.568993040838734, 31.906475711028932 ], [ -106.569116114386006, 31.9065099609812 ], [ -106.569241408578932, 31.906537742048133 ], [ -106.569368454885691, 31.906558950196647 ], [ -106.569496783323885, 31.906573507658628 ], [ -106.569625912664947, 31.906581358884011 ], [ -106.569755363515952, 31.906582476237489 ], [ -106.569884652627493, 31.906576853947804 ], [ -106.570013298527627, 31.906564513258221 ], [ -106.570140822459024, 31.906545500574641 ], [ -106.570266749435547, 31.906519887415101 ], [ -106.570390610175664, 31.906487767607786 ], [ -106.570511942454772, 31.906449261741933 ], [ -106.570482708453611, 31.906387934491722 ], [ -106.570446282959381, 31.906306784741155 ], [ -106.570415611874623, 31.9062239205956 ], [ -106.570390806982516, 31.906139641100793 ], [ -106.570371956784044, 31.906054245513186 ], [ -106.570359127090541, 31.905968042304078 ], [ -106.570352365590992, 31.905881338101942 ], [ -106.570351283572649, 31.90587271421116 ], [ -106.570348594336153, 31.905864349726851 ], [ -106.570344369217324, 31.905856459819361 ], [ -106.570338717077263, 31.905849250636713 ], [ -106.570331783472554, 31.905842906698211 ], [ -106.570323747607404, 31.905837592847334 ], [ -106.570314817518906, 31.905833445449797 ], [ -106.570305223743958, 31.905830572696487 ], [ -106.570295214682517, 31.905829048502977 ], [ -106.570291980981253, 31.905829081386351 ], [ -106.570283573064515, 31.90582900792516 ], [ -106.570102195816347, 31.905827423569029 ], [ -106.569912500098638, 31.905822151815865 ], [ -106.56966020614378, 31.905809528043537 ], [ -106.569408463929676, 31.905790513995548 ], [ -106.568912983458233, 31.905746750493762 ], [ -106.568902383375104, 31.905747122400545 ], [ -106.568892012115285, 31.905749025196467 ], [ -106.568882169832008, 31.905752402061502 ], [ -106.568873143457978, 31.90575715616259 ], [ -106.568865193861313, 31.905763148558297 ], [ -106.568858553152893, 31.90577020555401 ], [ -106.568853413312496, 31.905778122859061 ], [ -106.568849924255346, 31.905786668389226 ], [ -106.56884818733171, 31.905795596126321 ], [ -106.56883513514623, 31.905902050746569 ], [ -106.568821658563465, 31.905979357114418 ], [ -106.568800407163877, 31.906055381781364 ], [ -106.56877154053754, 31.906129557090733 ], [ -106.56873527317525, 31.906201329015566 ], [ -106.568691876935134, 31.90627016246 ], [ -106.568641675824864, 31.906335542412524 ] ] ] } },
{ "type": "Feature", "properties": { "district": 1, "zonelabel": "C-4", "state_cd_clean": null, "use_desc": "Unknown", "targetlotarea": 77083, "existing_units": 0, "footprint_sqft": 0.0, "interior_sqft": 0.0, "coverage_pct": 0.0, "in_corridor": false, "in_historic": false, "context_type": "Suburban" }, "geometry": { "type": "Polygon", "coordinates": [ [ [ -106.569542501659228, 31.90657706100755 ], [ -106.569424180475721, 31.906566108118358 ], [ -106.569306766048626, 31.906549510681671 ], [ -106.56919062817596, 31.906527320548992 ], [ -106.569076131624612, 31.90649960968538 ], [ -106.568963637767382, 31.906466462864884 ], [ -106.568853500893312, 31.906427985976428 ], [ -106.568746067852175, 31.906384300621177 ], [ -106.568641675824864, 31.906335542412524 ], [ -106.568641429304535, 31.906335835121887 ], [ -106.568472278621215, 31.906536693238806 ], [ -106.568430996466233, 31.906591197441053 ], [ -106.568395228669871, 31.906648468088079 ], [ -106.568365229135708, 31.906708099216612 ], [ -106.568341208422254, 31.906769669775805 ], [ -106.56832333696876, 31.906832744376143 ], [ -106.56831174110927, 31.906896877093061 ], [ -106.568307951024181, 31.906927892619681 ], [ -106.568307680012168, 31.906944394355811 ], [ -106.568310748771808, 31.906960688372521 ], [ -106.568317064861489, 31.906976286824758 ], [ -106.568326439854218, 31.906990723622929 ], [ -106.568338592159535, 31.907003565136787 ], [ -106.568353156592764, 31.907014426899504 ], [ -106.568369699863482, 31.907022983705129 ], [ -106.568387724393432, 31.907028979361719 ], [ -106.569478175721528, 31.907121407563398 ], [ -106.569542501659228, 31.90657706100755 ] ] ] } },
{ "type": "Feature", "properties": { "district": 1, "zonelabel": "C-3", "state_cd_clean": null, "use_desc": "Unknown", "targetlotarea": 30658, "existing_units": 0, "footprint_sqft": 0.0, "interior_sqft": 0.0, "coverage_pct": 0.0, "in_corridor": false, "in_historic": false, "context_type": "Suburban" }, "geometry": { "type": "Polygon", "coordinates": [ [ [ -106.547893823641431, 31.8809911817279 ], [ -106.547906165326282, 31.880987836092636 ], [ -106.548434224007806, 31.88075452957559 ], [ -106.548388006862638, 31.880655122519887 ], [ -106.548329393678799, 31.880510521386732 ], [ -106.548312582984479, 31.880462156239705 ], [ -106.548304872797431, 31.880445430220913 ], [ -106.548293904970549, 31.880430086272007 ], [ -106.548280007895741, 31.880416580216135 ], [ -106.548263594363689, 31.880405315073467 ], [ -106.548245154347001, 31.880396627856705 ], [ -106.548225238286392, 31.880390776820274 ], [ -106.548204438796873, 31.880387936914133 ], [ -106.548183377415043, 31.880388191383403 ], [ -106.548162681501609, 31.880391534677571 ], [ -106.547724623317592, 31.880496402434886 ], [ -106.547714831763443, 31.880498746608456 ], [ -106.547849092534051, 31.880868118910868 ], [ -106.547846553208402, 31.880886647359311 ], [ -106.547869711671495, 31.880950335824711 ], [ -106.547877985658488, 31.880947609724142 ], [ -106.547893823641431, 31.8809911817279 ] ] ] } },
{ "type": "Feature", "properties": { "district": 1, "zonelabel": "R-3A", "state_cd_clean": null, "use_desc": "Unknown", "targetlotarea": 7974, "existing_units": 0, "footprint_sqft": 0.0, "interior_sqft": 0.0, "coverage_pct": 0.0, "in_corridor": false, "in_historic": false, "context_type": "Suburban" }, "geometry": { "type": "Polygon", "coordinates": [ [ [ -106.547304155990062, 31.881033789229303 ], [ -106.547334788759287, 31.881090194141983 ], [ -106.547359662624345, 31.881135997831869 ], [ -106.547876675735111, 31.880995830666965 ], [ -106.547893823641431, 31.8809911817279 ], [ -106.547877985658488, 31.880947609724142 ], [ -106.547869711671495, 31.880950335824711 ], [ -106.547846553208402, 31.880886647359311 ], [ -106.547849092534051, 31.880868118910868 ], [ -106.547714831763443, 31.880498746608456 ], [ -106.547695923965435, 31.880503272661915 ], [ -106.547837829461955, 31.880889972998027 ], [ -106.547819368457965, 31.880894113736471 ], [ -106.547304155990062, 31.881033789229303 ] ] ] } },
{ "type": "Feature", "properties": { "district": 1, "zonelabel": "C-3", "state_cd_clean": null, "use_desc": "Unknown", "targetlotarea": 2995, "existing_units": 0, "footprint_sqft": 0.0, "interior_sqft": 0.0, "coverage_pct": 0.0, "in_corridor": false, "in_historic": false, "context_type": "Suburban" }, "geometry": { "type": "Polygon", "coordinates": [ [ [ -106.557412886765661, 31.885759852318181 ], [ -106.557541751867987, 31.885760347255278 ], [ -106.557556084025094, 31.885554550530426 ], [ -106.557427220257395, 31.885554055557041 ], [ -106.557412886765661, 31.885759852318181 ] ] ] } },
{ "type": "Feature", "properties": { "district": 1, "zonelabel": "C-3", "state_cd_clean": null, "use_desc": "Unknown", "targetlotarea": 57775, "existing_units": 0, "footprint_sqft": 0.0, "interior_sqft": 0.0, "coverage_pct": 0.0, "in_corridor": false, "in_historic": false, "context_type": "Suburban" }, "geometry": { "type": "Polygon", "coordinates": [ [ [ -106.583300858117781, 31.924988360821271 ], [ -106.583310420139711, 31.925523896539715 ], [ -106.583310595834917, 31.925534654804697 ], [ -106.583312689242817, 31.925545264177551 ], [ -106.58331665136626, 31.92555547951908 ], [ -106.583322390100648, 31.925565060467452 ], [ -106.583329771184026, 31.925573785844669 ], [ -106.583338623297337, 31.925581450702218 ], [ -106.583348740948097, 31.925587877924759 ], [ -106.58338182724583, 31.925592173691221 ], [ -106.584153479524261, 31.925583638046316 ], [ -106.584154856438857, 31.924978914388728 ], [ -106.583300858117781, 31.924988360821271 ] ] ] } },
{ "type": "Feature", "properties": { "district": 1, "zonelabel": "C-4", "state_cd_clean": null, "use_desc": "Unknown", "targetlotarea": 34760, "existing_units": 0, "footprint_sqft": 0.0, "interior_sqft": 0.0, "coverage_pct": 0.0, "in_corridor": false, "in_historic": false, "context_type": "Suburban" }, "geometry": { "type": "Polygon", "coordinates": [ [ [ -106.586861265541401, 31.906742081581882 ], [ -106.586539384055882, 31.907013362734084 ], [ -106.58709119295176, 31.90748979157372 ], [ -106.587111278233223, 31.907477823908572 ], [ -106.587225717567009, 31.90739365024411 ], [ -106.587334989680187, 31.907304618433088 ], [ -106.587421946317363, 31.907226172743837 ], [ -106.586861265541401, 31.906742081581882 ] ] ] } },
{ "type": "Feature", "properties": { "district": 1, "zonelabel": "R-3A", "state_cd_clean": null, "use_desc": "Unknown", "targetlotarea": 8142, "existing_units": 0, "footprint_sqft": 0.0, "interior_sqft": 0.0, "coverage_pct": 0.0, "in_corridor": false, "in_historic": false, "context_type": "Suburban" }, "geometry": { "type": "Polygon", "coordinates": [ [ [ -106.573571510742397, 31.892322674664548 ], [ -106.573570084682899, 31.892303823415993 ], [ -106.573564865194726, 31.892280402790725 ], [ -106.573564549894357, 31.892279279795936 ], [ -106.57351400973991, 31.892289660637775 ], [ -106.573445144466547, 31.892303806199333 ], [ -106.572715426620348, 31.892453691504564 ], [ -106.573416696174363, 31.89244938183537 ], [ -106.573542468694555, 31.892448610415105 ], [ -106.573555159780071, 31.892428525511658 ], [ -106.573564789371147, 31.892407238723109 ], [ -106.573571202852875, 31.892385087145783 ], [ -106.573571510742397, 31.892322674664548 ] ] ] } },
{ "type": "Feature", "properties": { "district": 1, "zonelabel": "A-O", "state_cd_clean": null, "use_desc": "Unknown", "targetlotarea": 130059, "existing_units": 0, "footprint_sqft": 0.0, "interior_sqft": 0.0, "coverage_pct": 0.0, "in_corridor": true, "in_historic": false, "context_type": "Suburban" }, "geometry": { "type": "Polygon", "coordinates": [ [ [ -106.525896893288575, 31.832804028176728 ], [ -106.525911374554013, 31.831882629945369 ], [ -106.525302503171474, 31.831857464189454 ], [ -106.524999712813099, 31.831809928646877 ], [ -106.524914141369209, 31.831787558964749 ], [ -106.524762746206434, 31.831754004516469 ], [ -106.524719960605935, 31.831737227546878 ], [ -106.524713379100689, 31.832810962722373 ], [ -106.525896893288575, 31.832804028176728 ] ] ] } }
]
}
